"date","active_coins","sample_market_cap_usd","hhi","nhhi","top1_share","top2_share","effective_number","top1_coin","nhhi_roll31","top2_roll31"
2020-01-01,8,5257206968.65407,0.677252438297321,0.631145643768367,0.815250706371993,0.914548239547405,1.47655430006882,"USDT",0.631955057077927,0.914723568998428
2020-01-02,8,5254564789.3695,0.677960674943186,0.631955057077927,0.815722454120706,0.914723568998428,1.47501180667124,"USDT",0.631955057077927,0.914723568998428
2020-01-03,8,5252044087.74375,0.679354622130306,0.633548139577493,0.816615112816425,0.915608098588348,1.47198527458932,"USDT",0.631145643768367,0.914548239547405
2020-01-04,8,5278808420.92163,0.671182995755664,0.624209138006473,0.811361710193058,0.909649110467618,1.48990663697332,"USDT",0.625194177192716,0.910178156873309
2020-01-05,8,5280475333.8258,0.672044905043627,0.625194177192716,0.811900552474782,0.910178156873309,1.48799580577891,"USDT",0.627324274902178,0.910105680104257
2020-01-06,8,5273415031.2103,0.672002609741029,0.625145839704034,0.81188218186808,0.910105680104257,1.48808945903554,"USDT",0.631145643768367,0.909649110467618
2020-01-07,8,5281431010.96893,0.671138336676355,0.624158099058691,0.81139829717778,0.908713746310558,1.49000577876724,"USDT",0.631955057077927,0.908713746310558
2020-01-08,8,5260401071.96192,0.673908740539406,0.627324274902178,0.813494875846804,0.906703983370573,1.48388044232753,"USDT",0.6322549747135,0.908411975330692
2020-01-09,8,5227927883.86287,0.679872323405227,0.634139798177402,0.817529349289001,0.907389863989172,1.47086440435077,"USDT",0.633548139577493,0.907395285374869
2020-01-10,8,5227445934.00138,0.683675323774834,0.638486084314096,0.820083483661607,0.908411975330692,1.46268259980281,"USDT",0.6338313411189,0.907389863989172
2020-01-11,8,5249354775.74613,0.678223102874313,0.6322549747135,0.816927284679984,0.904275289263305,1.47444107368504,"USDT",0.634139798177402,0.907389863989172
2020-01-12,8,5222044704.58121,0.680271572978329,0.634596083403805,0.818323009824062,0.90428409506426,1.47000115795204,"USDT",0.634596083403805,0.907044895473242
2020-01-13,8,5234437402.83724,0.679602423479038,0.6338313411189,0.817919390396294,0.903735203396902,1.47144854911019,"USDT",0.638089625771771,0.906903198824812
2020-01-14,8,5220246176.38612,0.6833284225503,0.638089625771771,0.820336854851475,0.905997893507624,1.46342515106839,"USDT",0.638089625771771,0.906703983370573
2020-01-15,8,5203128926.70251,0.686146246762673,0.641309996300198,0.822298852942457,0.905329831089504,1.45741524451694,"USDT",0.638227241567934,0.906703983370573
2020-01-16,8,5223851175.65683,0.68363513447559,0.638440153686389,0.820493021179001,0.907044895473242,1.46276858746748,"USDT",0.638089625771771,0.907395285374869
2020-01-17,8,5221058776.46497,0.6817721431139,0.6363110207016,0.81933970502349,0.905233547754913,1.46676570772258,"USDT",0.638227241567934,0.907389863989172
2020-01-18,8,5212002677.30223,0.684527849265795,0.639460399160909,0.821154760400593,0.906488044088308,1.46086094389377,"USDT",0.638440153686389,0.907044895473242
2020-01-19,8,5209045438.59061,0.684630077438329,0.639577231358091,0.821228705325875,0.906519758670992,1.46064280982467,"USDT",0.638486084314096,0.906903198824812
2020-01-20,8,5214188280.79379,0.684793771989032,0.639764310844608,0.821337248942205,0.906611996491626,1.46029365468005,"USDT",0.638617397042609,0.906703983370573
2020-01-21,8,5208338615.57238,0.685862766641579,0.640986019018947,0.822014098783721,0.907395285374869,1.45801762194591,"USDT",0.639225970097362,0.906611996491626
2020-01-22,8,5208235966.49776,0.686574187972994,0.641799071969136,0.822442273249198,0.908358482144526,1.45650683861616,"USDT",0.639460399160909,0.906519758670992
2020-01-23,8,5215166387.93121,0.684869310688325,0.639850640786658,0.821236770938835,0.909104337068413,1.46013258937673,"USDT",0.639462592503201,0.906488044088308
2020-01-24,8,5203125690.56072,0.686699278307544,0.641942032351479,0.822502325464695,0.908828585233901,1.4562415187979,"USDT",0.639525695797438,0.905997893507624
2020-01-25,8,5214268160.73085,0.686985923296887,0.642269626625013,0.822694588829824,0.908919587568737,1.45563390178497,"USDT",0.639577231358091,0.905987930626652
2020-01-26,8,5208466780.62292,0.686583084761803,0.641809239727775,0.822439341748945,0.908736692420891,1.45648796510466,"USDT",0.639764310844608,0.905440456889482
2020-01-27,8,5210194133.81204,0.686772591848149,0.642025819255027,0.822565951270913,0.908769872950742,1.45608606381471,"USDT",0.639850640786658,0.905440456889482
2020-01-28,8,5199499967.34256,0.686859810515217,0.642125497731677,0.822660790540587,0.908433952858855,1.45590116744477,"USDT",0.639888644311441,0.905440456889482
2020-01-29,8,5228828428.19696,0.684902563772511,0.639888644311441,0.82143816312714,0.906903198824812,1.46006169766967,"USDT",0.640049820569899,0.905440456889482
2020-01-30,8,5214821142.03272,0.682849987740045,0.63754284313148,0.820107569806471,0.905987930626652,1.46445049125591,"USDT",0.640049820569899,0.905329831089504
2020-01-31,8,5215809567.998,0.682896099437128,0.637595542213861,0.820179419358817,0.905011297291044,1.46435160608509,"USDT",0.640049820569899,0.905233547754913
2020-02-01,8,5212686828.58959,0.683448836371942,0.638227241567934,0.820551559788153,0.905115031302516,1.46316731667648,"USDT",0.640348158981976,0.905130614637131
2020-02-02,8,5213555164.69478,0.683790222412283,0.638617397042609,0.820802246693905,0.904921163890189,1.46243682232277,"USDT",0.640348158981976,0.905115031302516
2020-02-03,8,5219094471.87679,0.684322723835192,0.639225970097362,0.821144684191617,0.905130614637131,1.46129883630875,"USDT",0.640348158981976,0.905035253519243
2020-02-04,8,5225441651.15796,0.684529768440301,0.639462592503201,0.821299340711972,0.905035253519243,1.46085684816673,"USDT",0.640402597015518,0.905024484432496
2020-02-05,8,5210533295.2976,0.684584983822758,0.639525695797438,0.821353137473781,0.904997096168779,1.46073902237228,"USDT",0.640402597015518,0.905011297291044
2020-02-06,8,5202064083.66383,0.687011400916652,0.642298743904745,0.822997690360064,0.905024484432496,1.45557992002133,"USDT",0.640402597015518,0.904997096168779
2020-02-07,8,5208622156.14788,0.685043592998661,0.640049820569899,0.821746112053298,0.903662473261975,1.45976111625637,"USDT",0.640348158981976,0.904977305782895
2020-02-08,8,5198943534.60322,0.688370470752854,0.64385196657469,0.823904722227179,0.905440456889482,1.45270612626123,"USDT",0.640348158981976,0.904921163890189
2020-02-09,8,5202348763.59059,0.687488155026307,0.642843605744351,0.823367590067801,0.904383003259224,1.45457051541744,"USDT",0.640049820569899,0.904912295137854
2020-02-10,8,5231709879.74079,0.686519541114305,0.641736618416349,0.822722776756462,0.904242010921295,1.45662277635518,"USDT",0.640049820569899,0.904912295137854
2020-02-11,8,5211934164.53744,0.688275189906995,0.643743074179423,0.823870282481755,0.904866066831643,1.45290723051506,"USDT",0.640049820569899,0.904912295137854
2020-02-12,8,5208657621.51188,0.687384260470907,0.642724869109608,0.823324283752239,0.904041743138442,1.4547903661846,"USDT",0.640049820569899,0.904912295137854
2020-02-13,8,5201841264.50664,0.685796414163184,0.640910187615068,0.822205496119105,0.904977305782895,1.45815868871261,"USDT",0.640049820569899,0.904912295137854
2020-02-14,8,5212231852.18021,0.683839538994581,0.63867375885095,0.821001834526246,0.903347912590187,1.46233135549643,"USDT",0.640195550521019,0.904912295137854
2020-02-15,8,5210166167.43881,0.685646806403617,0.64073920731842,0.822154702885613,0.9045971748227,1.45847685814398,"USDT",0.640348158981976,0.904912295137854
2020-02-16,8,5209730392.97772,0.685304639109229,0.640348158981976,0.821947846305838,0.904344992777468,1.45920506433433,"USDT",0.640402597015518,0.904912295137854
2020-02-17,8,5221014299.01526,0.684036115189903,0.638898417359889,0.821142080354927,0.903664549542989,1.46191111520826,"USDT",0.64041142563376,0.904912295137854
2020-02-18,8,5229022197.36351,0.684870890711923,0.639852446527912,0.821674292091978,0.903968510449317,1.46012922079445,"USDT",0.64041142563376,0.904912295137854
2020-02-19,8,5213728019.0232,0.685352272388578,0.640402597015518,0.821931285114626,0.904912295137854,1.45910364682212,"USDT",0.64041142563376,0.904912295137854
2020-02-20,8,5213493988.52648,0.684728825087214,0.639690085813959,0.821498329098751,0.904823771483629,1.46043216432816,"USDT",0.640603579101569,0.904912295137854
2020-02-21,8,5212277263.6436,0.686327128488912,0.641516718273042,0.822607781219246,0.90418071319711,1.45703114228007,"USDT",0.640603579101569,0.904912295137854
2020-02-22,8,5217558252.76867,0.684558640622773,0.63949558928317,0.821493446225792,0.902835543020536,1.46079523456202,"USDT",0.64041142563376,0.904912295137854
2020-02-23,8,5217070181.68215,0.68439207192957,0.639305225062366,0.821367273180636,0.903009742982537,1.46115076578928,"USDT",0.64041142563376,0.904977305782895
2020-02-24,8,5227085971.17262,0.684676451415854,0.639630230189547,0.821577481390836,0.902793524110432,1.46054387869202,"USDT",0.640402597015518,0.904977305782895
2020-02-25,8,5206426909.94224,0.688260634250292,0.643726439143191,0.823833373570945,0.905874500951086,1.4529379572744,"USDT",0.640402597015518,0.905663723131151
2020-02-26,8,5203277553.32047,0.687551948038685,0.642916512044211,0.823378634508244,0.905663723131151,1.45443555625521,"USDT",0.640348158981976,0.905874500951086
2020-02-27,8,5197776891.38426,0.687491311697224,0.642847213368256,0.823305413070843,0.906086998550628,1.45456383664148,"USDT",0.64021787884448,0.906086998550628
2020-02-28,8,5221484320.40784,0.685171106705892,0.640195550521019,0.821701495903684,0.906482574195005,1.45948944754503,"USDT",0.640195550521019,0.906482574195005
2020-02-29,8,5213729983.0179,0.68535999742954,0.64041142563376,0.821788535216554,0.907089706700859,1.45908720052312,"USDT",0.639852446527912,0.907089706700859
2020-03-01,8,5209042496.35718,0.685667521008477,0.640762881152545,0.821975954499434,0.907315806886471,1.45843279630513,"USDT",0.639852446527912,0.907315806886471
2020-03-02,8,5215877840.38278,0.68575857786168,0.640866946127634,0.82202578155731,0.907470200612238,1.45823914170812,"USDT",0.639836311695814,0.907470200612238
2020-03-03,8,5216681189.22488,0.685798770126733,0.640912880144838,0.821904295727158,0.909554817890015,1.45815367941707,"USDT",0.639690085813959,0.90854093631576
2020-03-04,8,5230155689.00541,0.68366735078445,0.638476972325086,0.820405577275093,0.910071809137609,1.46269965773937,"USDT",0.639690085813959,0.909396471691762
2020-03-05,8,5230716536.48884,0.684521832438917,0.639453522787333,0.820950254019508,0.910599024909661,1.46087378460531,"USDT",0.639630230189547,0.909404016993332
2020-03-06,8,5213215806.83671,0.685528131713873,0.640603579101569,0.821652650530614,0.910383236398012,1.45872934127433,"USDT",0.639497242820983,0.909476707380933
2020-03-07,8,5227617605.36853,0.68456008746836,0.639497242820983,0.82106152625483,0.909574846584036,1.46079214711188,"USDT",0.63949558928317,0.909554817890015
2020-03-08,8,5225792057.16073,0.683818446211148,0.638649652812741,0.820561258400091,0.909476707380933,1.46237646196988,"USDT",0.639453522787333,0.909574846584036
2020-03-09,8,5190704412.36068,0.684856772733837,0.639836311695814,0.821236594615833,0.909858369586816,1.46015932062431,"USDT",0.639305225062366,0.909609054111996
2020-03-10,8,5234269222.41571,0.68519064398892,0.64021787884448,0.821478599993414,0.909404016993332,1.45944783218051,"USDT",0.638649652812741,0.909609054111996
2020-03-11,8,5232827171.55503,0.6859246343788,0.641056725004343,0.821951590669067,0.909396471691762,1.45788611442078,"USDT",0.638476972325086,0.909609054111996
2020-03-12,8,5260491878.33753,0.682360832476962,0.636983808545099,0.819591921969028,0.90854093631576,1.4655002931074,"USDT",0.636983808545099,0.909609054111996
2020-03-13,8,5277175545.75664,0.678580231976271,0.632663122258595,0.816418103740486,0.914727470783235,1.47366509202256,"USDT",0.632663122258595,0.909609054111996
2020-03-14,8,5367146249.73331,0.667633276947113,0.620152316510986,0.808774838279214,0.913825404400051,1.49782827568557,"USDT",0.620152316510986,0.909609054111996
2020-03-15,8,5311008868.19292,0.660758629425844,0.612295576486678,0.804193623366468,0.910500978548901,1.51341194116365,"USDT",0.612295576486678,0.909717155239372
2020-03-16,8,5378072902.91593,0.652782720042271,0.603180251476881,0.798396122849018,0.910817550725256,1.53190329538019,"USDT",0.606301994320702,0.909724290552126
2020-03-17,8,5395728699.53007,0.655514245030614,0.606301994320702,0.800188382431497,0.912549692518172,1.52551986105702,"USDT",0.603180251476881,0.909858369586816
2020-03-18,8,5406167190.40841,0.650670237726556,0.600765985973207,0.796605615998006,0.912507898564019,1.53687681104641,"USDT",0.600765985973207,0.909858369586816
2020-03-19,8,5342803655.2364,0.643963402086966,0.593101030956533,0.792041444796019,0.909609054111996,1.55288327994912,"USDT",0.600765985973207,0.909899379164968
2020-03-20,8,5423989157.8117,0.64418421912502,0.593353393285738,0.791833069011101,0.911986798697592,1.55235097400907,"USDT",0.600765985973207,0.909899379164968
2020-03-21,8,5466899250.14508,0.647523834188757,0.597170096215722,0.79424660174332,0.912526511006945,1.54434469775593,"USDT",0.600765985973207,0.909899379164968
2020-03-22,8,5417811443.76407,0.640485523191232,0.589126312218551,0.789019600917053,0.91235138234731,1.56131553921388,"USDT",0.600765985973207,0.909899379164968
2020-03-23,8,5443386907.2354,0.641535068699443,0.590325792799363,0.78974342322401,0.912765867186948,1.55876124126349,"USDT",0.600765985973207,0.910500978548901
2020-03-24,8,5462462730.99573,0.637257003463004,0.58543657538629,0.786923979945409,0.909717155239372,1.56922559432971,"USDT",0.600765985973207,0.910817550725256
2020-03-25,8,5481369582.67028,0.630685491369698,0.577926275851084,0.78211668996791,0.907872459876224,1.58557635094513,"USDT",0.600765985973207,0.91122535869771
2020-03-26,8,5506705857.87204,0.629883108660846,0.577009267040967,0.781657139805562,0.906777032770778,1.58759615276243,"USDT",0.600765985973207,0.911986798697592
2020-03-27,8,5493962831.37791,0.631376487420992,0.578715985623991,0.782712996236344,0.90759759505933,1.58384105192884,"USDT",0.600765985973207,0.91235138234731
2020-03-28,8,5466590178.38851,0.633243073062279,0.58084922635689,0.783899835549371,0.909275629394146,1.57917242610193,"USDT",0.600765985973207,0.912507898564019
2020-03-29,8,5481656447.02562,0.631799019554109,0.579198879490411,0.782911392945662,0.908627768557655,1.58278181676469,"USDT",0.600765985973207,0.912507898564019
2020-03-30,8,5488228022.70533,0.63250303806435,0.580003472073543,0.783294238210203,0.909724290552126,1.58102007392771,"USDT",0.600765985973207,0.912507898564019
2020-03-31,8,5481415911.82083,0.635151739482596,0.583030559408681,0.785119635404405,0.91122535869771,1.57442692483943,"USDT",0.600765985973207,0.912526511006945
2020-04-01,8,5468380387.78057,0.63228205904298,0.579750924620548,0.783130458256462,0.909899379164968,1.58157263154611,"USDT",0.600765985973207,0.912549692518172
2020-04-02,8,5492446164.90315,0.631505412360502,0.578863328412002,0.782613874121597,0.909333322245663,1.58351770297915,"USDT",0.600765985973207,0.912526511006945
2020-04-03,8,7502241617.5953,0.71732800235442,0.676946288405051,0.840935061237929,0.933417550248957,1.39406240481034,"USDT",0.641062052707334,0.912526511006945
2020-04-04,9,7546717930.58763,0.71723546067411,0.681889893258374,0.84084056256096,0.933993038314736,1.39424227444099,"USDT",0.641062052707334,0.912526511006945
2020-04-05,9,7542434277.59226,0.717050481635315,0.681681791839729,0.84073328645544,0.933831049907275,1.39460195008779,"USDT",0.641062052707334,0.912526511006945
2020-04-06,9,7557684910.62267,0.717828006565918,0.682556507386658,0.841244329502298,0.933911832082208,1.39309136847974,"USDT",0.641062052707334,0.91235138234731
2020-04-07,9,7531656437.94083,0.720452525070051,0.685509090703808,0.84297483154477,0.934086278839603,1.38801651073784,"USDT",0.641062052707334,0.91122535869771
2020-04-08,9,7533741984.04787,0.717790319619643,0.682514109572099,0.841220857869492,0.933755116323119,1.39316451151069,"USDT",0.641279174645661,0.91122535869771
2020-04-09,9,7554233341.71082,0.715455413890635,0.679887340626964,0.839633737239635,0.934021265370759,1.39771113696941,"USDT",0.668306535077521,0.91686289636855
2020-04-10,9,7565358286.7733,0.715337025894904,0.679754154131767,0.839583401508961,0.93366350323799,1.39794245761147,"USDT",0.668306535077521,0.918058307812478
2020-04-11,9,7571726783.16892,0.715992910440079,0.68049202424509,0.840004721212247,0.933848307612052,1.39666187390788,"USDT",0.668306535077521,0.918058307812478
2020-04-12,9,7571892102.35793,0.715496726701683,0.679933817539393,0.839702526098469,0.933550287896598,1.39763043306966,"USDT",0.668306535077521,0.918058307812478
2020-04-13,9,7582759746.80121,0.714209529391931,0.678485720565923,0.838838695497737,0.933450716385145,1.40014933832007,"USDT",0.668306535077521,0.918058307812478
2020-04-14,9,7574973270.26111,0.711890373803959,0.675876670529454,0.837314154499349,0.933113921470193,1.40471066444759,"USDT",0.668306535077521,0.918058307812478
2020-04-15,9,7599289998.75241,0.70992232052179,0.673662610587013,0.836013244108111,0.932759530465892,1.40860481646077,"USDT",0.668677401286741,0.918858414938667
2020-04-16,9,7580877771.07643,0.71010051119569,0.673863075095152,0.836099570245834,0.93318443555457,1.40825134503307,"USDT",0.673662610587013,0.921856581181141
2020-04-17,10,7802195012.93322,0.676955847436601,0.641062052707334,0.81609353852544,0.909894092252573,1.47720121450558,"USDT",0.673863075095152,0.923546015930826
2020-04-18,10,7785325673.73541,0.677151257181095,0.641279174645661,0.816272037243839,0.909514974887622,1.47677492937529,"USDT",0.675876670529454,0.924199718432303
2020-04-19,10,7785529250.93387,0.67580247272249,0.639780525247212,0.815394883048639,0.909004828078582,1.47972231585876,"USDT",0.675876670529454,0.923546015930826
2020-04-20,10,7807303800.95887,0.676567481381715,0.640630534868572,0.815925265763006,0.909023644020324,1.47804916363665,"USDT",0.675876670529454,0.92353229256466
2020-04-21,10,7814973884.58154,0.67526927429032,0.6391880825448,0.814999721338515,0.909177854507749,1.48089071733785,"USDT",0.675876670529454,0.92263772725627
2020-04-22,10,7795401982.91585,0.675647871069281,0.639608745632535,0.815332662429359,0.908343382785247,1.48006090571617,"USDT",0.675876670529454,0.92263772725627
2020-04-23,10,8572131484.3538,0.701475881569769,0.668306535077521,0.832142428138455,0.91686289636855,1.42556576252086,"USDT",0.675876670529454,0.92263772725627
2020-04-24,10,8533165898.38997,0.701809661158067,0.668677401286741,0.832278361638176,0.918058307812478,1.42488776565128,"USDT",0.675876670529454,0.92263772725627
2020-04-25,10,8557634895.79781,0.699657808174388,0.666286453527097,0.830769961913048,0.918858414938667,1.42927012078847,"USDT",0.675876670529454,0.92263772725627
2020-04-26,10,8589507044.2494,0.697659192211661,0.664065769124068,0.82953705175532,0.917558724073838,1.43336461579454,"USDT",0.675876670529454,0.92263772725627
2020-04-27,10,8609235048.09418,0.697278072785392,0.66364230309488,0.829325467017108,0.917034986752904,1.43414806664626,"USDT",0.675876670529454,0.92263772725627
2020-04-28,10,8616240066.86887,0.697921443855017,0.664357159838908,0.8297497140192,0.917059474214897,1.43282601330664,"USDT",0.675876670529454,0.92263772725627
2020-04-29,10,8584351962.2267,0.699821292928087,0.66646810325343,0.831096310047873,0.916293944168822,1.42893623001374,"USDT",0.675876670529454,0.92263772725627
2020-04-30,10,9131648237.90134,0.717459060351799,0.68606562261311,0.842352709725861,0.921856581181141,1.39380775191502,"USDT",0.68606562261311,0.92263772725627
2020-05-01,10,9123449204.72135,0.720067597734329,0.688963997482588,0.843933598959427,0.923546015930826,1.38875850426609,"USDT",0.688963997482588,0.92263772725627
2020-05-02,10,9190169222.74893,0.726456242077697,0.696062491197442,0.847941934919125,0.925481736428203,1.37654540229423,"USDT",0.691376303199966,0.92263772725627
2020-05-03,10,9211442847.7637,0.724776684662738,0.694196316291931,0.846963058143933,0.924199718432303,1.37973533249808,"USDT",0.691500055383332,0.922665203116732
2020-05-04,10,9237589207.7492,0.724194303378331,0.693549225975923,0.846634900548208,0.92353229256466,1.38084488559914,"USDT",0.693506346049091,0.923158685018626
2020-05-05,10,9214612538.82657,0.722350049844999,0.691500055383332,0.845500130976744,0.92263772725627,1.38437036200742,"USDT",0.693549225975923,0.92353229256466
2020-05-06,10,9298218376.50418,0.722238672879969,0.691376303199966,0.845452937866217,0.922256801698999,1.38458384679463,"USDT",0.694196316291931,0.923546015930826
2020-05-07,10,9367118102.64028,0.724155711444182,0.693506346049091,0.846678266509588,0.922665203116732,1.38091847401949,"USDT",0.694854998034866,0.923635939212603
2020-05-08,10,9533656365.40026,0.72536949823138,0.694854998034866,0.847424505015436,0.923158685018626,1.37860773362849,"USDT",0.696062491197442,0.924199718432303
2020-05-09,10,9611032140.15218,0.727221041257642,0.696912268064046,0.848590789480832,0.923635939212603,1.37509772581748,"USDT",0.696912268064046,0.924965512613418
2020-05-10,10,9768679080.47025,0.731143720844155,0.70127080093795,0.851028322770753,0.924965512613418,1.36772015062296,"USDT",0.70127080093795,0.925481736428203
2020-05-11,10,9935503856.77493,0.734261548049085,0.704735053387872,0.852821958605869,0.928005492857033,1.36191252647912,"USDT",0.704735053387872,0.928005492857033
2020-05-12,10,9946740859.74524,0.735714672245513,0.706349635828347,0.853715438171279,0.928616968089766,1.35922258685945,"USDT",0.7054731314909,0.928616968089766
2020-05-13,10,10100199053.9656,0.738521841964215,0.709468713293573,0.855445788371051,0.929537200264481,1.35405609310124,"USDT",0.706349635828347,0.929213653420581
2020-05-14,10,10120516276.44,0.73492581834181,0.7054731314909,0.853160395544405,0.929213653420581,1.36068154777345,"USDT",0.709468713293573,0.929537200264481
2020-05-15,10,10247655582.4986,0.744961172012614,0.71662352445846,0.859493274924155,0.93035884333451,1.34235184002727,"USDT",0.71662352445846,0.93012423670811
2020-05-16,10,10303961343.7967,0.746352901276897,0.718169890307664,0.860333942405951,0.930901992735517,1.33984874754175,"USDT",0.7166915953702,0.93035884333451
2020-05-17,10,10324351020.1671,0.74711789905946,0.719019887843845,0.860812395433447,0.931001932540131,1.33847683378874,"USDT",0.717591112699564,0.930571394638478
2020-05-18,10,10418283837.488,0.748297528641667,0.72033058737963,0.861542713587156,0.93125471914581,1.33636683501445,"USDT",0.71789810933935,0.930715854947248
2020-05-19,10,10389734778.4367,0.747525283903622,0.719472537670691,0.861080528704228,0.930860437059151,1.33774739334293,"USDT",0.718169890307664,0.930860437059151
2020-05-20,10,10359723400.9032,0.748293512110812,0.720326124567568,0.86152313180691,0.931610526566664,1.33637400808029,"USDT",0.718427215836855,0.930865929078713
2020-05-21,10,10390842617.7143,0.747983966859084,0.719982185398982,0.861312609301726,0.931901063274529,1.33692705232597,"USDT",0.718780078061154,0.930901992735517
2020-05-22,10,10369823388.5352,0.74884761448582,0.720941793873134,0.861830655392596,0.932308797164497,1.33538517136978,"USDT",0.718799048058871,0.931001932540131
2020-05-23,10,10346331121.3875,0.746902070255039,0.718780078061154,0.860675628697945,0.931232176210148,1.33886360719088,"USDT",0.719019887843845,0.931078152780935
2020-05-24,10,10353442245.5086,0.747224402048522,0.719138224498357,0.86086285433031,0.931455848236147,1.33828605872412,"USDT",0.719138224498357,0.931232176210148
2020-05-25,10,10425021005.5038,0.746919143252984,0.718799048058871,0.860724421701997,0.930571394638478,1.33883300358965,"USDT",0.719472537670691,0.93125471914581
2020-05-26,10,10468633310.1557,0.746108298405415,0.71789810933935,0.860202919825285,0.930715854947248,1.34028800126899,"USDT",0.719982185398982,0.931455848236147
2020-05-27,10,10460387038.0731,0.746584494253169,0.718427215836855,0.860483606508994,0.931078152780935,1.3394331220344,"USDT",0.720052864341024,0.931610526566664
2020-05-28,10,10488039140.7756,0.74502243583318,0.7166915953702,0.859557411705513,0.93012423670811,1.34224145730816,"USDT",0.720326124567568,0.931718193658344
2020-05-29,10,10505459468.1547,0.745832001429608,0.717591112699564,0.860017626116329,0.930865929078713,1.34078451726824,"USDT",0.72033058737963,0.9317791723379
2020-05-30,10,10503272058.1683,0.748047577906921,0.720052864341024,0.861326231574918,0.932353640341157,1.33681336526489,"USDT",0.720744266052288,0.9317791723379
2020-05-31,10,10569404499.403,0.748669839447059,0.720744266052288,0.861717992284608,0.932405455071127,1.33570226461716,"USDT",0.720941793873134,0.931901063274529
2020-06-01,10,10538759229.1605,0.749428761584156,0.721587512871285,0.862246047970467,0.931718193658344,1.33434964236785,"USDT",0.721587512871285,0.932209982223185
2020-06-02,10,10570562257.2309,0.752072970550815,0.724525522834239,0.863833560519931,0.932870367052134,1.32965821025,"USDT",0.724211099224601,0.932308797164497
2020-06-03,10,10655803656.3709,0.75328297635896,0.725869973732178,0.864514293585213,0.934068720191115,1.32752236726968,"USDT",0.724211099224601,0.932353640341157
2020-06-04,10,10679392519.1299,0.751789989302141,0.724211099224601,0.86367088481176,0.932734144188225,1.33015870685943,"USDT",0.724211099224601,0.932405455071127
2020-06-05,10,10722154587.5919,0.752496269685596,0.724995855206218,0.864091857456472,0.933054148241043,1.3289102421967,"USDT",0.724211099224601,0.932677322257691
2020-06-06,10,10722121270.2454,0.752975371879154,0.725528190976838,0.864379843821945,0.93324864124952,1.32806468491043,"USDT",0.724211099224601,0.932734144188225
2020-06-07,10,10739171403.1367,0.752769383216903,0.725299314685448,0.864251938330105,0.933229576640243,1.32842809802728,"USDT",0.724211099224601,0.932809208071162
2020-06-08,10,10764552843.3892,0.753005276224924,0.725561418027693,0.864408228593882,0.93312492402884,1.32801194304155,"USDT",0.724211099224601,0.932870367052134
2020-06-09,10,10801930966.1856,0.752044266001365,0.724493628890406,0.86382542770337,0.932809208071162,1.32970896157087,"USDT",0.724211099224601,0.933054148241043
2020-06-10,10,10805224933.826,0.754711081737457,0.727456757486063,0.865394748825257,0.934331112576494,1.32501035720564,"USDT",0.724211099224601,0.93312492402884
2020-06-11,10,10866040949.0652,0.755393556479171,0.728215062754635,0.865880474472968,0.933396649896538,1.32381325128178,"USDT",0.724211099224601,0.93312492402884
2020-06-12,10,10905113123.4164,0.754338198326707,0.72704244258523,0.865304721713411,0.932677322257691,1.32566533448555,"USDT",0.724211099224601,0.933229576640243
2020-06-13,10,10967827396.4684,0.753635470478632,0.726261633865147,0.864920549860822,0.9317791723379,1.32690145192463,"USDT",0.724211099224601,0.93324864124952
2020-06-14,10,10973316813.1837,0.752306848729954,0.724785387477726,0.864089061774037,0.931756739716699,1.3292448442922,"USDT",0.724211099224601,0.933276067500982
2020-06-15,10,10980236293.1159,0.753183693742891,0.725759659714324,0.864607361734236,0.932209982223185,1.32769735764004,"USDT",0.724211099224601,0.933391569590862
2020-06-16,10,10991147219.5106,0.755699939973954,0.728555488859949,0.866036704638973,0.93448926444226,1.32327653755598,"USDT",0.724211099224601,0.933396649896538
2020-06-17,10,11044983615.938,0.752666338444444,0.725184820493827,0.864160902397572,0.934035578922457,1.32860996821876,"USDT",0.724211099224601,0.933396649896538
2020-06-18,10,11075262890.8732,0.749741838590304,0.721935376211449,0.862268243530779,0.934767153978762,1.33379244498378,"USDT",0.721935376211449,0.933396649896538
2020-06-19,10,11127237750.0771,0.746993487712393,0.718881653013771,0.860496746827196,0.935145663921251,1.33869975635587,"USDT",0.718881653013771,0.933391569590862
2020-06-20,10,11219313490.6504,0.741498956219699,0.712776618021888,0.856950158134709,0.93559736837761,1.34861956529,"USDT",0.712776618021888,0.933391569590862
2020-06-21,10,11266888454.035,0.737623623596684,0.708470692885205,0.854465716820676,0.935458228394409,1.35570495305446,"USDT",0.708470692885205,0.933391569590862
2020-06-22,10,11289246314.4053,0.734276555638815,0.704751728487572,0.852335306886033,0.93500680199876,1.36188469088463,"USDT",0.704751728487572,0.933391569590862
2020-06-23,10,11336598496.273,0.729717747514458,0.699686386127175,0.849505250274389,0.933460087314744,1.37039287232107,"USDT",0.701037184774066,0.933391569590862
2020-06-24,10,11293134369.0603,0.73093346629666,0.701037184774066,0.850250445390154,0.933968730294998,1.36811357819829,"USDT",0.700941276524822,0.933391569590862
2020-06-25,10,11308800286.3878,0.730847148872339,0.700941276524822,0.850259439347048,0.933391569590862,1.36827516060362,"USDT",0.700527474440334,0.933391569590862
2020-06-26,10,11294364507.8269,0.729363988404852,0.699293320449836,0.849350809741556,0.932715318481973,1.37105754588603,"USDT",0.699686386127175,0.933276067500982
2020-06-27,10,11329230982.811,0.730474726996301,0.700527474440334,0.84995405769851,0.934123987692255,1.36897275572008,"USDT",0.699293320449836,0.932715318481973
2020-06-28,10,11371312408.4914,0.72694342443637,0.6966038049293,0.847633053694363,0.934219725631787,1.37562287020526,"USDT",0.697119757099588,0.932715318481973
2020-06-29,10,11378502915.9256,0.725423503200518,0.694915003556131,0.846718144387636,0.933276067500982,1.37850510162418,"USDT",0.6966038049293,0.932715318481973
2020-06-30,10,11355603158.927,0.727407781389629,0.697119757099588,0.84792220372595,0.934397055525238,1.3747447107173,"USDT",0.695347955460078,0.932715318481973
2020-07-01,10,11379519062.8024,0.72581315991407,0.695347955460078,0.846946307626969,0.933624880613208,1.37776504371785,"USDT",0.694915003556131,0.932715318481973
2020-07-02,10,11422250489.0033,0.720863375858496,0.689848195398329,0.843888416774639,0.931584536605557,1.38722542091845,"USDT",0.69062833237705,0.931685418768707
2020-07-03,10,11426557072.2913,0.721565499139345,0.69062833237705,0.844342652594403,0.931685418768707,1.38587557358654,"USDT",0.689848195398329,0.931584536605557
2020-07-04,10,11478676640.3168,0.71503467166983,0.683371857410922,0.840110584995322,0.930655358428261,1.39853358112648,"USDT",0.684203546060879,0.930910288954417
2020-07-05,10,11544192663.28,0.715783191454791,0.684203546060879,0.840618438255367,0.930569857281553,1.39707108512503,"USDT",0.683371857410922,0.930655358428261
2020-07-06,10,11560371882.2893,0.714479326680123,0.682754807422359,0.839835539196356,0.929713037397219,1.39962062254001,"USDT",0.682754807422359,0.930569857281553
2020-07-07,10,11579244203.1658,0.712878692351267,0.680976324834741,0.838820559065716,0.929198107201385,1.40276320603963,"USDT",0.680976324834741,0.93043409813996
2020-07-08,10,11609181234.6869,0.712368222193836,0.680409135770929,0.83853979869141,0.928575585607382,1.40376840073012,"USDT",0.680409135770929,0.930332613664457
2020-07-09,10,11650561380.9176,0.708040646476513,0.675600718307237,0.83575094750118,0.927572981395331,1.41234829522343,"USDT",0.678919522254098,0.930296969206358
2020-07-10,10,11682039838.5424,0.711027570028688,0.678919522254098,0.837513773968742,0.929968908721294,1.40641522516441,"USDT",0.678594660328332,0.930176128827456
2020-07-11,10,11720651089.2035,0.709487990705894,0.677208878562104,0.836443932359373,0.930296969206358,1.4094671271392,"USDT",0.677482311463709,0.929968908721294
2020-07-12,10,11766724737.0029,0.707071435637305,0.674523817374784,0.83493257663724,0.929165162904831,1.41428425700533,"USDT",0.677208878562104,0.929773787009791
2020-07-13,10,11759468979.1997,0.707752516853988,0.675280574282209,0.835347714993903,0.929598769366229,1.41292326934431,"USDT",0.67720591656175,0.929713037397219
2020-07-14,10,11775888647.8566,0.709308149799995,0.677009055333328,0.836315641255207,0.930332613664457,1.40982448923218,"USDT",0.677009055333328,0.929598769366229
2020-07-15,10,11767975901.9132,0.709734080317338,0.677482311463709,0.836621005075874,0.930176128827456,1.40897841562417,"USDT",0.676732399634106,0.929198107201385
2020-07-16,10,11786701268.375,0.709485324905575,0.67720591656175,0.836430346727488,0.93043409813996,1.40947242303157,"USDT",0.675600718307237,0.929165162904831
2020-07-17,10,11801278327.6044,0.710735194295499,0.678594660328332,0.837219513355006,0.930910288954417,1.40699378337558,"USDT",0.675280574282209,0.928575585607382
2020-07-18,10,11815705208.8822,0.709059159670696,0.676732399634106,0.836209746473163,0.929773787009791,1.41031955706548,"USDT",0.674523817374784,0.928407519038183
2020-07-19,10,11856802394.3352,0.705040295390304,0.672266994878116,0.833645013615792,0.928407519038183,1.41835864777971,"USDT",0.672266994878116,0.927572981395331
2020-07-20,10,11936068645.5725,0.699948702057921,0.666609668953246,0.830588743646433,0.924775751559671,1.42867612592165,"USDT",0.672266994878116,0.925768288135239
2020-07-21,10,11906763192.2403,0.703069595470519,0.670077328300577,0.83260020837324,0.925768288135239,1.42233429868456,"USDT",0.672266994878116,0.924775751559671
2020-07-22,10,11946459573.6817,0.699715137026976,0.666350152252196,0.830510393375592,0.924065865232931,1.42915301825384,"USDT",0.672266994878116,0.924065865232931
2020-07-23,10,12069228409.4766,0.698546102723856,0.665051225248729,0.829896716049495,0.922480296241624,1.43154474142892,"USDT",0.672266994878116,0.922480296241624
2020-07-24,10,12173461038.0675,0.693074633889542,0.658971815432824,0.826625420649629,0.917944288961137,1.44284605308376,"USDT",0.672266994878116,0.92241068919743
2020-07-25,10,12313683029.2509,0.690788193207369,0.656431325785966,0.825306533669017,0.915374049729122,1.44762173099245,"USDT",0.670407382699424,0.921042173851264
2020-07-26,10,12332458411.8443,0.695318753893014,0.661465282103349,0.828154498730557,0.917875811442061,1.4381893115943,"USDT",0.670407382699424,0.920705513595959
2020-07-27,10,12407381577.5487,0.688335832015824,0.653706480017582,0.823434965711854,0.917416003077197,1.45277922997478,"USDT",0.670407382699424,0.920055684368645
2020-07-28,10,12307214806.9349,0.692325975431039,0.658139972701154,0.825796374646562,0.920705513595959,1.44440629918212,"USDT",0.670407382699424,0.917944288961137
2020-07-29,10,12619232146.1518,0.698576673786504,0.665085193096116,0.829860070384486,0.92241068919743,1.43148209426989,"USDT",0.670407382699424,0.917875811442061
2020-07-30,10,12793553001.5383,0.698522480800901,0.665024978667668,0.829937976749573,0.921042173851264,1.4315931519533,"USDT",0.670407382699424,0.917416003077197
2020-07-31,10,12883132803.967,0.700204031928266,0.666893368809184,0.831153765112965,0.920055684368645,1.42815515821315,"USDT",0.670344644554545,0.915878697382202
2020-08-01,11,12989689988.1382,0.697062221135786,0.666768443249365,0.829772610157055,0.912893406928801,1.43459216362437,"USDT",0.670077328300577,0.915374049729122
2020-08-02,11,13165185954.3912,0.699108023433917,0.669018825777308,0.831074438025064,0.913649349578845,1.43039411146813,"USDT",0.669018825777308,0.914942730694993
2020-08-03,11,13298427736.8307,0.700370347908567,0.670407382699424,0.83185391842951,0.914378696447481,1.42781601617799,"USDT",0.667975463146378,0.914902911781464
2020-08-04,11,13344113925.6157,0.702471558093269,0.672718713902596,0.833223901818653,0.914530838263863,1.42354517913055,"USDT",0.666893368809184,0.914742571733814
2020-08-05,11,13412086600.1253,0.703229913281921,0.673552904610113,0.833741196873134,0.914460973976716,1.42201004410218,"USDT",0.666893368809184,0.914693760835024
2020-08-06,11,13502213193.6804,0.702582043596944,0.672840247956638,0.833413708907452,0.913449737786751,1.42332131757936,"USDT",0.666768443249365,0.914530838263863
2020-08-07,11,13595355818.7362,0.703058855210885,0.673364740731974,0.833683865656349,0.91410626812298,1.4223560269361,"USDT",0.666768443249365,0.914460973976716
2020-08-08,11,13778076907.7926,0.70407850665476,0.674486357320236,0.83430657100616,0.914742571733814,1.42029616093698,"USDT",0.666768443249365,0.914378696447481
2020-08-09,11,13918972141.3343,0.700313313231404,0.670344644554545,0.831851350184461,0.914287530668435,1.42793229988128,"USDT",0.666768443249365,0.914287530668435
2020-08-10,11,13989824754.0353,0.701747720788629,0.671922492867492,0.832770824993957,0.914693760835024,1.42501353460214,"USDT",0.666768443249365,0.91410626812298
2020-08-11,11,14030968049.1947,0.703234397742807,0.673557837517088,0.833783550820389,0.91382387710699,1.4220009760753,"USDT",0.666768443249365,0.91382387710699
2020-08-12,11,14185937252.216,0.706781320974862,0.677459453072348,0.835950897499137,0.915878697382202,1.41486478253373,"USDT",0.666768443249365,0.913649349578845
2020-08-13,11,14272442274.4087,0.703013358825988,0.673314694708587,0.833556888819406,0.914902911781464,1.42244807647748,"USDT",0.666768443249365,0.913449737786751
2020-08-14,11,14403236992.3638,0.702485916357786,0.672734507993564,0.833190638723527,0.914942730694993,1.4235160829768,"USDT",0.666768443249365,0.912893406928801
2020-08-15,11,14735321768.0944,0.698159511951253,0.667975463146378,0.830575550044326,0.912400112918421,1.43233742845549,"USDT",0.666768443249365,0.912400112918421
2020-08-16,11,14721758040.0437,0.696759527930968,0.666435480724065,0.829728286855411,0.911313560503469,1.43521539342204,"USDT",0.666435480724065,0.911313560503469
2020-08-17,11,14794898815.5548,0.693758496615711,0.663134346277282,0.827907587828362,0.909204554275411,1.44142378778522,"USDT",0.664706968159908,0.910808737904114
2020-08-18,11,14953143749.0932,0.695188152872644,0.664706968159908,0.828760993548708,0.910277897255064,1.43845949599086,"USDT",0.663731176315863,0.910808737904114
2020-08-19,11,15217554824.1131,0.694301069378058,0.663731176315863,0.828191835949688,0.910108967749856,1.44029736393145,"USDT",0.663134346277282,0.910770320986302
2020-08-20,11,15240747047.9236,0.692726568034999,0.661999224838499,0.827081454081054,0.910808737904114,1.4435710223106,"USDT",0.661999224838499,0.910277897255064
2020-08-21,11,15358887927.4082,0.688430272201377,0.657273299421515,0.824286056156911,0.909490110637535,1.45257993493273,"USDT",0.657719695563863,0.910277897255064
2020-08-22,11,15478583516.6868,0.688836086876239,0.657719695563863,0.824530044355085,0.909680014899468,1.4517241751007,"USDT",0.657273299421515,0.910277897255064
2020-08-23,11,15597879051.3987,0.683914568241672,0.652306025065839,0.821408742809988,0.907148229589201,1.46217092958113,"USDT",0.653134704365382,0.910277897255064
2020-08-24,11,15659939688.8377,0.680639003483753,0.648702903832128,0.819290702406481,0.905856887229361,1.46920760473855,"USDT",0.652306025065839,0.910277897255064
2020-08-25,11,15691285643.5204,0.684667913059438,0.653134704365382,0.821799020735227,0.908648771656108,1.46056209284221,"USDT",0.650247346370858,0.910277897255064
2020-08-26,11,15724344166.0839,0.679056182945491,0.64696180124004,0.818190396858943,0.906139680838707,1.47263219909489,"USDT",0.648702903832128,0.910277897255064
2020-08-27,11,15747167080.2233,0.67656963632993,0.644226599962923,0.816556525590918,0.905464960574348,1.47804445588857,"USDT",0.6482920633999,0.910108967749856
2020-08-28,11,15925921095.503,0.679041355040287,0.646945490544316,0.818071883689898,0.907552595343104,1.47266435626836,"USDT",0.648123440399959,0.910088820016347
2020-08-29,11,16040639727.0932,0.679661768017098,0.647627944818808,0.818505299040986,0.907465030322715,1.47132006985987,"USDT",0.647627944818808,0.909680014899468
2020-08-30,11,16248032263.4878,0.680112218545417,0.648123440399959,0.818689738681381,0.908657642172914,1.47034558817182,"USDT",0.647336571598343,0.909490110637535
2020-08-31,11,16293507002.394,0.678686821335359,0.646555503468895,0.817749628700768,0.908275078343832,1.47343364945917,"USDT",0.64696180124004,0.909204554275411
2020-09-01,11,16253684114.723,0.682043042155325,0.650247346370858,0.819832399382256,0.910770320986302,1.46618312656617,"USDT",0.646945490544316,0.909198271630876
2020-09-02,11,16433530991.3505,0.679396883271221,0.647336571598343,0.818005227886469,0.910878940146556,1.47189371135339,"USDT",0.646555503468895,0.908657642172914
2020-09-03,11,16643461954.4702,0.680265512181727,0.6482920633999,0.818663785963689,0.910088820016347,1.47001425486474,"USDT",0.644835479728121,0.908648771656108
2020-09-04,11,16793582344.9952,0.674535113286901,0.641988624615592,0.814773036794569,0.909198271630876,1.48250251217785,"USDT",0.644226599962923,0.908275078343832
2020-09-05,11,17084388131.7781,0.677123163389201,0.644835479728121,0.816200807569624,0.913069219697498,1.47683620066209,"USDT",0.643057983983669,0.907552595343104
2020-09-06,11,17355985988.1095,0.675507258166972,0.643057983983669,0.815101789589091,0.912899396900442,1.48036899368566,"USDT",0.641988624615592,0.907465030322715
2020-09-07,11,17421412670.8012,0.671857041736125,0.639042745909738,0.812608090712622,0.91239368359869,1.48841187615736,"USDT",0.639042745909738,0.907371987637622
2020-09-08,11,17472826976.8,0.66821386926876,0.635035256195636,0.810143224441787,0.911485282014441,1.49652685463461,"USDT",0.635472149684122,0.907371987637622
2020-09-09,11,17587106058.0567,0.668611045167384,0.635472149684122,0.810246705079047,0.913041584649059,1.49563787081868,"USDT",0.635035256195636,0.907371987637622
2020-09-10,11,17752637412.6662,0.664465287957443,0.630911816753187,0.807551933819183,0.911079165715361,1.50496951176184,"USDT",0.630911816753187,0.906703233534212
2020-09-11,11,17952576293.6927,0.659162973105284,0.625079270415813,0.804212573024543,0.907371987637622,1.51707550454336,"USDT",0.625079270415813,0.906703233534212
2020-09-12,11,18199219932.0108,0.655003497795231,0.620503847574754,0.801321381249028,0.906703233534212,1.52670940440172,"USDT",0.620503847574754,0.906703233534212
2020-09-13,11,18390869177.4615,0.652050386851671,0.617255425536838,0.799291040118028,0.905893925655434,1.53362381215408,"USDT",0.617255425536838,0.905893925655434
2020-09-14,11,18489072675.6745,0.647995540429855,0.61279509447284,0.796502518025726,0.904605615872008,1.54322049706799,"USDT",0.61279509447284,0.904605615872008
2020-09-15,11,18637856041.8885,0.638381793490929,0.602219972840022,0.790223987794343,0.89860515549695,1.56646071394298,"USDT",0.602219972840022,0.89860515549695
2020-09-16,11,18987581526.05,0.632413496495341,0.595654846144875,0.78615741279488,0.895645055999296,1.58124392591512,"USDT",0.596327414942262,0.895867077591918
2020-09-17,11,19014945944.2003,0.633024922674783,0.596327414942262,0.786599291174136,0.895867077591918,1.57971663386427,"USDT",0.595654846144875,0.895645055999296
2020-09-18,11,19207258917.9911,0.629759796761039,0.592735776437143,0.784353389845265,0.894134656045782,1.58790701652149,"USDT",0.592735776437143,0.894134656045782
2020-09-19,11,19406943924.8809,0.623775603632274,0.586153163995501,0.78007725088356,0.892482762269555,1.60314060725837,"USDT",0.586153163995501,0.892482762269555
2020-09-20,11,19613915216.9391,0.617870672950649,0.579657740245714,0.775572289993747,0.892161645342214,1.6184616680777,"USDT",0.579657740245714,0.892161645342214
2020-09-21,11,19688054271.4298,0.613915385504582,0.575306924055041,0.772572984497278,0.891845453657257,1.62888897006237,"USDT",0.575306924055041,0.891845453657257
2020-09-22,11,19754542358.1539,0.610494040259416,0.571543444285358,0.76999680636591,0.891233693532825,1.63801762843593,"USDT",0.571543444285358,0.891233693532825
2020-09-23,11,19777372352.3734,0.60895941518449,0.569855356702939,0.768921555721113,0.890358105711963,1.64214556022102,"USDT",0.569855356702939,0.890358105711963
2020-09-24,11,19900114620.8417,0.604709968691569,0.565180965560725,0.765787673063263,0.888763199183519,1.65368532317027,"USDT",0.565180965560725,0.889033146744241
2020-09-25,11,19954302127.5163,0.601663793848838,0.561830173233721,0.763344486817417,0.889033146744241,1.6620577974337,"USDT",0.561830173233721,0.888763199183519
2020-09-26,11,19944919093.707,0.599704364190097,0.559674800609106,0.761999017239677,0.887867776327961,1.6674882820813,"USDT",0.561592281183147,0.888658191852963
2020-09-27,11,20115460586.2078,0.596483760981023,0.556132137079126,0.759661905781407,0.886503295428667,1.67649157515256,"USDT",0.561135538898591,0.888203771018602
2020-09-28,11,20243848267.0154,0.59513003414778,0.554643037562558,0.758496553363132,0.887077507353911,1.68030504700034,"USDT",0.560967901372405,0.887870463681437
2020-09-29,11,20171295874.1492,0.601447528348316,0.561592281183147,0.76323835351513,0.888658191852963,1.66265543188145,"USDT",0.560809927140659,0.887867776327961
2020-09-30,11,20270138827.4496,0.601032308089628,0.561135538898591,0.762995054119063,0.888203771018602,1.66380406933278,"USDT",0.559674800609106,0.887679973390822
2020-10-01,11,20340068504.8514,0.600736297400599,0.560809927140659,0.762898943587486,0.8874667050872,1.66462390291218,"USDT",0.55690876622235,0.8874667050872
2020-10-02,11,20323106329.4999,0.60087991033855,0.560967901372405,0.76297865486542,0.887870463681437,1.66422605048749,"USDT",0.556132137079126,0.887428204928901
2020-10-03,11,20466830296.3538,0.597189787474864,0.55690876622235,0.760211821392045,0.887087722017392,1.67450954616683,"USDT",0.555858734517361,0.88728993710973
2020-10-04,11,20535326940.1067,0.596235213197601,0.555858734517361,0.759357737961797,0.887679973390822,1.67719044072727,"USDT",0.554643037562558,0.887115315384444
2020-10-05,11,20552068014.108,0.594591130094089,0.554050243103498,0.758175462997227,0.886974760862806,1.68182798125791,"USDT",0.554050243103498,0.887087722017392
2020-10-06,11,20602517576.2052,0.594266158045815,0.553692773850396,0.757842828754929,0.887428204928901,1.68274768209652,"USDT",0.553692773850396,0.887077507353911
2020-10-07,11,20643354174.2851,0.592625717848957,0.551888289633853,0.756690513777124,0.886376182481215,1.68740567592929,"USDT",0.551888289633853,0.886974760862806
2020-10-08,11,20657163082.7443,0.591890787271532,0.551079865998686,0.755927126904283,0.88728993710973,1.68950086993202,"USDT",0.551079865998686,0.886503295428667
2020-10-09,11,20772554402.0975,0.586560049131262,0.545216054044388,0.751657967647793,0.887115315384444,1.70485528545811,"USDT",0.545216054044388,0.886376182481215
2020-10-10,11,20873911309.2984,0.5822280329867,0.54045083628537,0.748738146953295,0.883666489628917,1.71754011030734,"USDT",0.544085539019369,0.884183080373899
2020-10-11,11,20997638562.9523,0.581393650508421,0.539533015559263,0.747955128654048,0.884183080373899,1.72000502435056,"USDT",0.544025501023412,0.883666489628917
2020-10-12,11,21046722129.0298,0.580322717997575,0.538354989797332,0.74721889198596,0.883232286676771,1.72317913634423,"USDT",0.544025501023412,0.883232286676771
2020-10-13,11,21060716159.2867,0.578958190519108,0.536854009571018,0.746369748204227,0.881598301453224,1.72724044045974,"USDT",0.544025501023412,0.882887911880559
2020-10-14,11,21055477615.6292,0.580648258732514,0.538713084605766,0.747986010516996,0.880035583662352,1.72221303510473,"USDT",0.544025501023412,0.882887911880559
2020-10-15,11,21058293330.4448,0.580871210063219,0.53895833106954,0.748269396189653,0.879255433655696,1.72155201131618,"USDT",0.544025501023412,0.882887911880559
2020-10-16,11,21050058810.0645,0.581783827557679,0.539962210313447,0.748966438574135,0.879329533369013,1.71885149196736,"USDT",0.544025501023412,0.882887911880559
2020-10-17,11,21045375281.507,0.582986902330738,0.541285592563812,0.750044345332043,0.878754674120359,1.71530440221225,"USDT",0.544025501023412,0.882887911880559
2020-10-18,11,21081367583.0603,0.583423686779779,0.541766055457756,0.750356457317111,0.879023401767574,1.71402022691181,"USDT",0.544025501023412,0.882887911880559
2020-10-19,11,21143954430.6484,0.581800321214385,0.539980353335824,0.749142803547808,0.878535440909528,1.71880276365732,"USDT",0.544025501023412,0.882887911880559
2020-10-20,11,21117273660.0615,0.583024487421472,0.541326936163619,0.749918804209545,0.879831565830033,1.71519382388667,"USDT",0.544025501023412,0.882887911880559
2020-10-21,11,21186567124.7891,0.58269946425367,0.540969410679037,0.749795377319831,0.879017086759137,1.71615053959388,"USDT",0.544025501023412,0.882887911880559
2020-10-22,11,21364252382.1824,0.580954209837021,0.539049630820723,0.748382776623758,0.87913903193104,1.72130605660046,"USDT",0.544025501023412,0.882887911880559
2020-10-23,11,21377947018.8526,0.583421768659951,0.541763945525946,0.750185626421464,0.880623879402054,1.71402586210809,"USDT",0.544025501023412,0.882887911880559
2020-10-24,11,21476147763.3018,0.585532308199426,0.544085539019369,0.751883260271591,0.880472397419221,1.70784769003628,"USDT",0.544025501023412,0.882887911880559
2020-10-25,11,21607056682.5886,0.585477728203101,0.544025501023412,0.751761344932984,0.880961848565976,1.70800690073919,"USDT",0.544025501023412,0.882887911880559
2020-10-26,11,21676344479.3962,0.584586281534936,0.543044909688429,0.751064891743941,0.880796140977768,1.71061147273987,"USDT",0.544085539019369,0.882887911880559
2020-10-27,11,21671556756.613,0.588389664717353,0.547228631189088,0.753896704433721,0.882183335647131,1.69955398601431,"USDT",0.546138473873822,0.882887911880559
2020-10-28,11,21758239951.2541,0.588048761302528,0.546853637432781,0.753482860213055,0.882887911880559,1.70053925083525,"USDT",0.546853637432781,0.882887911880559
2020-10-29,11,21804002630.7438,0.589114035224713,0.548025438747184,0.754048098147726,0.884530668817915,1.69746422629119,"USDT",0.546945088880079,0.884530668817915
2020-10-30,11,21918753190.1744,0.588602485955077,0.547462734550585,0.753513025892098,0.885338425818185,1.69893947759562,"USDT",0.547228631189088,0.885338425818185
2020-10-31,11,21929556593.3988,0.589049538591024,0.547954492450126,0.753876793510664,0.885482102396708,1.69765008625921,"USDT",0.547462734550585,0.885469571784761
2020-11-01,11,22075183788.2204,0.58813189898189,0.546945088880079,0.753038488321953,0.88608581272017,1.70029886447426,"USDT",0.547540938768698,0.885482102396708
2020-11-02,11,22080138684.8273,0.587398612612566,0.546138473873822,0.752543772598643,0.885469571784761,1.70242145372511,"USDT",0.547954492450126,0.88608581272017
2020-11-03,11,22113669222.9105,0.588673580698816,0.547540938768698,0.753393980171348,0.886407292785792,1.69873429484112,"USDT",0.548025438747184,0.886330482367431
2020-11-04,11,22111489730.4481,0.589449672215035,0.548394639436538,0.754033631136826,0.886330482367431,1.6964976776426,"USDT",0.548394639436538,0.886407292785792
2020-11-05,11,22159341222.1834,0.592531555350514,0.551784710885565,0.756401424007562,0.887065301054393,1.68767383098854,"USDT",0.551784710885565,0.887065301054393
2020-11-06,11,22282532473.815,0.595469151699995,0.555016066869994,0.758651376222781,0.887658638988314,1.67934811928564,"USDT",0.555016066869994,0.887658638988314
2020-11-07,11,22343663429.7397,0.59829209689627,0.558121306585896,0.760715508546817,0.888766633131108,1.67142438482415,"USDT",0.558121306585896,0.888766633131108
2020-11-08,11,22553134164.2757,0.599204624088717,0.559125086497588,0.761303971988201,0.889651941211088,1.66887897689512,"USDT",0.559125086497588,0.888908519703958
2020-11-09,11,22579374282.7262,0.60007357722855,0.560080934951405,0.76197199228684,0.889785084533178,1.66646231053618,"USDT",0.560080934951405,0.888967492615405
2020-11-10,11,22594981916.3835,0.604082035705465,0.564490239276011,0.764906478233093,0.891134112753268,1.65540430089461,"USDT",0.563652745457376,0.889016953402178
2020-11-11,11,22623848055.2967,0.6033617872988,0.563697966028681,0.764529204988594,0.889930888031062,1.65738039937351,"USDT",0.563697966028681,0.889125689742972
2020-11-12,11,22809562767.154,0.603320677688524,0.563652745457376,0.764610160775874,0.889016953402178,1.65749333145891,"USDT",0.564490239276011,0.889210123002011
2020-11-13,11,22909259991.0097,0.605567988033672,0.566124786837039,0.766337992789629,0.889210123002011,1.65134224358041,"USDT",0.566124786837039,0.889651941211088
2020-11-14,11,23086428573.9279,0.606669874375009,0.56733686181251,0.767209488712634,0.889125689742972,1.64834293285158,"USDT",0.56733686181251,0.889785084533178
2020-11-15,11,23276519526.7536,0.60677620378113,0.567453824159243,0.767311679829777,0.888967492615405,1.6480540828208,"USDT",0.567453824159243,0.889797789010377
2020-11-16,11,23349570311.8206,0.607363921245013,0.568100313369514,0.767758825703745,0.888908519703958,1.64645933849699,"USDT",0.568100313369514,0.889930888031062
2020-11-17,11,23252423783.4602,0.607765147886099,0.568541662674709,0.767922088093594,0.889797789010377,1.64537239997745,"USDT",0.568541662674709,0.890470128989464
2020-11-18,11,23329277746.7033,0.611958064943681,0.573153871438049,0.771053763081461,0.890470128989464,1.63409889874077,"USDT",0.573022971772018,0.890811212305279
2020-11-19,11,23386422480.8605,0.611839065247289,0.573022971772018,0.7709211147638,0.890811212305279,1.63441672295937,"USDT",0.573153871438049,0.891134112753268
2020-11-20,11,23461232833.6685,0.614377369197749,0.575815106117524,0.772684311794164,0.892051687569714,1.62766412002739,"USDT",0.573264764866876,0.891454079898185
2020-11-21,11,23554060584.3058,0.613755088230767,0.575130597053844,0.772257776168526,0.891730735153438,1.6293143945782,"USDT",0.574835891838252,0.891730735153438
2020-11-22,11,23757710676.8455,0.613487174398411,0.574835891838252,0.772016485557923,0.891892870394818,1.63002592675325,"USDT",0.575130597053844,0.891892870394818
2020-11-23,11,23894972848.1146,0.612058877151706,0.573264764866876,0.771040104875129,0.891454079898185,1.63382974633687,"USDT",0.575468866900857,0.892051687569714
2020-11-24,11,23902138667.2241,0.614472055505457,0.575919261056003,0.77268681722764,0.892730344783724,1.62741330714773,"USDT",0.575815106117524,0.892244534906873
2020-11-25,11,24075884040.3629,0.61553929331853,0.577093222650383,0.773568005863439,0.892244534906873,1.62459165621864,"USDT",0.575845224433382,0.89260713937294
2020-11-26,11,24074101762.7945,0.615009430872454,0.5765103739597,0.773054708314442,0.892914076393031,1.62599132598893,"USDT",0.575919261056003,0.892642423533779
2020-11-27,11,24418124904.3723,0.62110696987185,0.583217666859035,0.777269390813763,0.896053816042945,1.61002862390407,"USDT",0.5765103739597,0.892730344783724
2020-11-28,11,24446347772.2693,0.622076353149965,0.584283988464962,0.777848010829552,0.897071526925454,1.60751971190734,"USDT",0.5765103739597,0.8929108196711
2020-11-29,11,24588459327.5553,0.616411290622643,0.578052419684907,0.773888151455914,0.894695072807995,1.62229345116292,"USDT",0.5765103739597,0.892914076393031
2020-11-30,11,24708476143.9989,0.616685577619917,0.578354135381909,0.774139366982089,0.894327055336197,1.62157189383198,"USDT",0.5765103739597,0.893260969938878
2020-12-01,11,24728926301.6331,0.614062606273507,0.575468866900857,0.772374837441101,0.892642423533779,1.62849844589722,"USDT",0.5765103739597,0.893433191598978
2020-12-02,11,24879366471.9149,0.616584097166923,0.578242506883615,0.774088991654195,0.89410911918099,1.62183878013525,"USDT",0.5765103739597,0.893474197828484
2020-12-03,11,25049169110.2655,0.616485541815762,0.578134095997338,0.774196733543679,0.8929108196711,1.62209805773329,"USDT",0.5765103739597,0.893822386046077
2020-12-04,11,25128639691.5115,0.616368949286677,0.578005844215344,0.774145852180556,0.89260713937294,1.62240489427201,"USDT",0.5765103739597,0.893822386046077
2020-12-05,11,25346110924.5508,0.61619655100602,0.577816206106622,0.77393906477106,0.893260969938878,1.62285880757913,"USDT",0.5765103739597,0.893822386046077
2020-12-06,11,25437566697.3317,0.615558893794338,0.577114783173771,0.773411664975086,0.893474197828484,1.62453992636829,"USDT",0.5765103739597,0.893822386046077
2020-12-07,11,25490689381.3562,0.614404749484893,0.575845224433382,0.772521354065697,0.893433191598978,1.62759158492571,"USDT",0.5765103739597,0.894055576544534
2020-12-08,11,25427459442.8431,0.61746164473502,0.579207809208522,0.774564300820815,0.895400432238202,1.61953379376162,"USDT",0.5765103739597,0.89410911918099
2020-12-09,11,25480414462.7801,0.618739578326642,0.580613536159306,0.775356817663466,0.896655427065222,1.6161888378055,"USDT",0.5765103739597,0.894327055336197
2020-12-10,11,25444313396.0105,0.618979904797397,0.580877895277136,0.775481479838564,0.896882917917406,1.61556133284701,"USDT",0.5765103739597,0.894695072807995
2020-12-11,11,25491927767.6649,0.619378728439696,0.581316601283665,0.775751471126639,0.89713152959515,1.61452105809178,"USDT",0.576391735592664,0.895033649568081
2020-12-12,11,25532473173.8314,0.617826881414504,0.579609569555954,0.774470933125755,0.897800568874523,1.61857638455374,"USDT",0.575845224433382,0.895400432238202
2020-12-13,11,25673687808.6922,0.613375555594844,0.574713111154328,0.771181892063956,0.896645139063631,1.6303225501548,"USDT",0.575468866900857,0.895400432238202
2020-12-14,11,25758775885.1307,0.611341830587681,0.572476013646449,0.769613015999228,0.89661998339622,1.63574607521737,"USDT",0.574713111154328,0.895400432238202
2020-12-15,11,25694301533.4286,0.614901577811513,0.576391735592664,0.771879555680977,0.899582914669443,1.62627652308047,"USDT",0.573726093905433,0.89547985866259
2020-12-16,11,25651072203.1683,0.612478267186757,0.573726093905433,0.77019710954579,0.898359901439538,1.63271099331118,"USDT",0.572476013646449,0.89547985866259
2020-12-17,11,25778456427.8218,0.606961501154068,0.567657651269474,0.766416127957524,0.895033649568081,1.64755095355902,"USDT",0.570667928310562,0.89547985866259
2020-12-18,11,26005288536.3486,0.607656424171442,0.568422066588586,0.767141498165646,0.893822386046077,1.64566679495495,"USDT",0.570143372037201,0.89547985866259
2020-12-19,11,26113443032.5474,0.606980188348428,0.56767820718327,0.766742871160557,0.893044422319861,1.64750023014913,"USDT",0.569007660619832,0.89547985866259
2020-12-20,11,26317119734.1695,0.602042451642291,0.56224669680652,0.763079511667695,0.891657560273899,1.66101243736573,"USDT",0.568422066588586,0.89547985866259
2020-12-21,11,26565520074.551,0.60676500585326,0.567441506438586,0.766534849557137,0.893289785960362,1.64808449787534,"USDT",0.567720272527085,0.89547985866259
2020-12-22,11,26516813065.5672,0.608188782381665,0.569007660619832,0.767534469279514,0.894055576544534,1.64422631421119,"USDT",0.56767820718327,0.89547985866259
2020-12-23,11,26640397936.8018,0.609698116645965,0.570667928310562,0.768522365916952,0.89547985866259,1.64015596029907,"USDT",0.567657651269474,0.89547985866259
2020-12-24,11,26772712427.041,0.609221247306546,0.570143372037201,0.767910024105329,0.897026821766515,1.64143979616788,"USDT",0.567441506438586,0.89547985866259
2020-12-25,11,26898253330.8913,0.606206699296487,0.566827369226136,0.765406761717784,0.897758555118213,1.64960235701868,"USDT",0.566827369226136,0.895033649568081
2020-12-26,11,27086709889.2585,0.607018429570077,0.567720272527085,0.76609187777127,0.89737892857655,1.64739644018428,"USDT",0.566526261944248,0.894794169715569
2020-12-27,11,27130173121.007,0.605932965403862,0.566526261944248,0.765320986052229,0.896812259678307,1.65034757488972,"USDT",0.56635821005906,0.894055576544534
2020-12-28,11,27194158004.9867,0.605780190962782,0.56635821005906,0.764983315654177,0.898193760755472,1.65076378349493,"USDT",0.565270558504838,0.893822386046077
2020-12-29,11,27297538661.7469,0.60479141682258,0.565270558504838,0.764026211473053,0.898900046470932,1.65346261898647,"USDT",0.563665747492356,0.893289785960362
2020-12-30,11,27363276563.4828,0.603332497720323,0.563665747492356,0.762824583940145,0.89921068919969,1.65746085910916,"USDT",0.56224669680652,0.893044422319861
2020-12-31,11,27521398511.6816,0.599055471034083,0.558961018137491,0.760162626914254,0.894794169715569,1.6692944950053,"USDT",0.558961018137491,0.892188595219903
2021-01-01,11,27896678858.8525,0.586208060238332,0.544828866262165,0.750412877782318,0.891140744532037,1.7058789665796,"USDT",0.544828866262165,0.891746221506373
2021-01-02,11,28442265079.7146,0.576116887413306,0.533728576154637,0.742685034267942,0.887670846427055,1.73575887436641,"USDT",0.538082248297949,0.891657560273899
2021-01-03,11,28592252889.2853,0.574368859650244,0.531805745615269,0.741563739278223,0.885942721414936,1.74104146350995,"USDT",0.537724662190005,0.891140744532037
2021-01-04,11,28943142232.7017,0.569275308010703,0.526202838811773,0.737671246529604,0.883747493953956,1.75661931218208,"USDT",0.537254747072624,0.890702250283892
2021-01-05,11,29361429573.9631,0.576243723920427,0.53386809631247,0.74275083985234,0.887645988645728,1.73537681798351,"USDT",0.53386809631247,0.889719040962704
2021-01-06,11,29701359892.6677,0.57085536367222,0.527940900039442,0.738644748536933,0.885859472388088,1.75175721143647,"USDT",0.533728576154637,0.887903054147602
2021-01-07,11,30151176071.8396,0.571728162874885,0.528900979162373,0.739609305818637,0.884984196322288,1.74908298197449,"USDT",0.532900523415775,0.887903054147602
2021-01-08,11,30879678796.4856,0.571076809338929,0.528184490272822,0.739173523270481,0.884484820854457,1.75107793495867,"USDT",0.531805745615269,0.887854510088837
2021-01-09,11,31687450402.2592,0.575364112196159,0.532900523415775,0.742349017215667,0.886551715096492,1.73802984719191,"USDT",0.531559216535465,0.887670846427055
2021-01-10,11,32240198470.5556,0.569806176165931,0.526786793782524,0.737884977920253,0.885416194529607,1.75498273242443,"USDT",0.530355422776394,0.887645988645728
2021-01-11,11,32834923443.1148,0.571874727208672,0.529062199929539,0.73945268570059,0.886340611083887,1.74863471390144,"USDT",0.529062199929539,0.886551715096492
2021-01-12,11,32845094461.0474,0.580074771179953,0.538082248297949,0.745221989195751,0.892188595219903,1.72391569101663,"USDT",0.528900979162373,0.886340611083887
2021-01-13,11,32608296999.4842,0.579749692900005,0.537724662190005,0.745045765540232,0.891746221506373,1.72488232809203,"USDT",0.528184490272822,0.885942721414936
2021-01-14,11,32670765647.8463,0.579322497338749,0.537254747072624,0.744926563159086,0.890702250283892,1.72615426570473,"USDT",0.527940900039442,0.885859472388088
2021-01-15,11,32711050950.6534,0.573050384342176,0.530355422776394,0.740229765697672,0.887854510088837,1.74504725469809,"USDT",0.526786793782524,0.885842571218887
2021-01-16,11,32756004334.0099,0.574144742304968,0.531559216535465,0.740834971256424,0.889719040962704,1.7417210788788,"USDT",0.526202838811773,0.885755838879013
2021-01-17,11,33064885132.0576,0.567342043861602,0.524076248247762,0.735399734403737,0.887903054147602,1.76260513533163,"USDT",0.524076248247762,0.885466432431575
2021-01-18,11,33190306246.2772,0.563868943398456,0.520255837738302,0.732902351664111,0.885755838879013,1.77346174444893,"USDT",0.520255837738302,0.885416194529607
2021-01-19,11,33307229973.0828,0.562089500017668,0.518298450019435,0.731426310617423,0.885466432431575,1.77907610793044,"USDT",0.519204002223332,0.884984196322288
2021-01-20,11,33301260717.0263,0.559671613575213,0.515638774932734,0.729663414219917,0.884144635201576,1.78676205071747,"USDT",0.518298450019435,0.884984196322288
2021-01-21,11,33944692337.0636,0.56026460928128,0.516291070209408,0.729834161315575,0.885842571218887,1.78487090462991,"USDT",0.516291070209408,0.884808129889291
2021-01-22,11,34188585453.839,0.562912729293938,0.519204002223332,0.731483739985664,0.888608626594593,1.77647430580279,"USDT",0.515638774932734,0.884484820854457
2021-01-23,11,34265998497.108,0.553201397334893,0.508521537068382,0.72378826564431,0.884808129889291,1.80765993147813,"USDT",0.508521537068382,0.884144635201576
2021-01-24,11,34332619689.8129,0.549582400677298,0.504540640745027,0.720808562741242,0.883766467022804,1.8195633607765,"USDT",0.505967594489288,0.883766467022804
2021-01-25,11,34529472491.5499,0.546423205696876,0.501065526266564,0.718607056362109,0.880921326288572,1.83008333023606,"USDT",0.504540640745027,0.881133355485303
2021-01-26,11,34594288345.4037,0.549225623988943,0.504148186387837,0.721028661543446,0.881133355485303,1.82074534821801,"USDT",0.504148186387837,0.880921326288572
2021-01-27,11,34665164593.5425,0.550879631353898,0.505967594489288,0.722903299691349,0.879355415680765,1.81527858915803,"USDT",0.501065526266564,0.879355415680765
2021-01-28,11,35122621955.6321,0.545641852506184,0.500206037756802,0.719057280675525,0.875665545280692,1.83270398963516,"USDT",0.500206037756802,0.878763271323428
2021-01-29,11,35471161094.6921,0.541402762165113,0.495543038381624,0.71548084129547,0.874734948285162,1.84705374608899,"USDT",0.498978271606943,0.878218236133165
2021-01-30,11,35616299465.7755,0.53295821540465,0.486254036945115,0.708354308967615,0.872289081182062,1.87631970217543,"USDT",0.498624947847342,0.877706438131061
2021-01-31,11,36671271820.0208,0.542252377778996,0.496477615556896,0.716108414967771,0.87524638899417,1.84415973258778,"USDT",0.498415417204405,0.877706438131061
2021-02-01,11,36926213832.6507,0.542965673735592,0.497262241109151,0.716568248321485,0.876087077174058,1.84173705332056,"USDT",0.497829237203074,0.877706438131061
2021-02-02,11,36972859695.779,0.544525701460857,0.498978271606943,0.717822899478025,0.876908879289478,1.83646060657411,"USDT",0.497591472138286,0.877706438131061
2021-02-03,11,37267938224.9148,0.544204498043038,0.498624947847342,0.717441497091798,0.877119860411774,1.83754453260861,"USDT",0.497591472138286,0.877706438131061
2021-02-04,11,37744094878.9428,0.543264974671169,0.497591472138286,0.716411257332826,0.877706438131061,1.84072238525093,"USDT",0.497591472138286,0.877706438131061
2021-02-05,11,38308504513.7698,0.544014015640368,0.498415417204405,0.716929214459222,0.878218236133165,1.83818793496135,"USDT",0.497485418046053,0.877480423251629
2021-02-06,11,38938097925.3283,0.540812529569505,0.494893782526455,0.714373006593423,0.876754631232645,1.84906958571395,"USDT",0.497359232809572,0.877387561410316
2021-02-07,11,39604473511.7463,0.541734341221532,0.495907775343686,0.715026111388783,0.877480423251629,1.84592322086347,"USDT",0.497262241109151,0.8772233290044
2021-02-08,11,39875475468.6814,0.543481124730067,0.497829237203074,0.716339646636745,0.878763271323428,1.83999030416498,"USDT",0.496605744967507,0.877119860411774
2021-02-09,11,40332812572.6569,0.542342593197483,0.496576852517231,0.715626995117654,0.8772233290044,1.84385296774187,"USDT",0.496576852517231,0.876908879289478
2021-02-10,11,41559168284.3835,0.542253461784059,0.496478807962465,0.716049037261319,0.875510758751455,1.8441560459751,"USDT",0.496478807962465,0.876754631232645
2021-02-11,11,42278979054.0045,0.541829675111962,0.496012642623159,0.715630311024727,0.875596184843403,1.84559843421895,"USDT",0.496477615556896,0.876565751571707
2021-02-12,11,42970679602.474,0.542134154530103,0.496347569983113,0.715620640108763,0.876513156197477,1.84456188868372,"USDT",0.496462259938773,0.876513156197477
2021-02-13,11,43415091985.5855,0.542238418126158,0.496462259938773,0.715524783517242,0.877387561410316,1.84420720954401,"USDT",0.496347569983113,0.876513156197477
2021-02-14,11,44183276764.8038,0.540154220670042,0.494169642737046,0.71383328980014,0.876565751571707,1.85132312538359,"USDT",0.496347569983113,0.876513156197477
2021-02-15,11,44820590948.1476,0.539670831466711,0.493637914613383,0.712843381615375,0.878699572456875,1.8529813762256,"USDT",0.496347569983113,0.876513156197477
2021-02-16,11,44898365759.28,0.543053848008701,0.497359232809572,0.715390687093289,0.880823744723278,1.84143801515605,"USDT",0.496012642623159,0.876513156197477
2021-02-17,11,45173416647.0139,0.543168561860049,0.497485418046053,0.715522165024424,0.880588732028136,1.84104911480068,"USDT",0.495907775343686,0.876513156197477
2021-02-18,11,45127037807.6305,0.545287132935401,0.499815846228941,0.717784025883974,0.878715120140828,1.83389619816771,"USDT",0.494893782526455,0.875927735148883
2021-02-19,11,46076820249.2254,0.547500393948172,0.50225043334299,0.719623162485739,0.879066850375401,1.8264827040374,"USDT",0.494169642737046,0.875596184843403
2021-02-20,11,47156336709.5061,0.54236885906137,0.496605744967507,0.715707339097286,0.875927735148883,1.8437636735461,"USDT",0.493637914613383,0.875510758751455
2021-02-21,11,48213812489.7885,0.538675550263653,0.492543105290018,0.712906755829304,0.873303532609934,1.85640502805548,"USDT",0.492543105290018,0.874702370367589
2021-02-22,11,48464204536.334,0.534572744124024,0.488030018536426,0.709525119718908,0.871833738548635,1.87065279887894,"USDT",0.488655234102425,0.87343638733829
2021-02-23,11,49071114157.2103,0.53323713685193,0.486560850537124,0.708293241975567,0.871986542485697,1.87533825176486,"USDT",0.488030018536426,0.873303532609934
2021-02-24,11,49184481245.8069,0.535141121911295,0.488655234102425,0.709493117256622,0.874702370367589,1.86866596315459,"USDT",0.486560850537124,0.873102520949465
2021-02-25,11,49803688932.3033,0.5285580858969,0.48141389448659,0.70387825162501,0.872635727173975,1.89193964993104,"USDT",0.48141389448659,0.87291388613299
2021-02-26,11,49749089917.2173,0.527187356778737,0.47990609245661,0.70259607404989,0.872414241151296,1.89685884371409,"USDT",0.47990609245661,0.872635727173975
2021-02-27,11,50586067245.8519,0.522359793277189,0.474595772604908,0.697778820995636,0.87343638733829,1.91438930191427,"USDT",0.474595772604908,0.872414241151296
2021-02-28,11,50396774418.1726,0.51921399793063,0.471135397723693,0.694866250867536,0.87291388613299,1.92598813588536,"USDT",0.471574524094799,0.871986542485697
2021-03-01,11,50592485798.2245,0.519613203722545,0.471574524094799,0.69514141109554,0.873102520949465,1.92450844750659,"USDT",0.471135397723693,0.871833738548635
2021-03-02,11,51108749359.8041,0.511149056373167,0.462263962010484,0.688829632269668,0.865975109128527,1.95637649631098,"USDT",0.469285353745886,0.865975109128527
2021-03-03,11,51843823437.21,0.508517587474551,0.459369346222007,0.687610073315485,0.860419774988814,1.96650032296089,"USDT",0.46862409215232,0.865465631736972
2021-03-04,11,51822667019.1602,0.513284762119943,0.464613238331937,0.691774085551233,0.862039600900775,1.9482362887023,"USDT",0.468608729519468,0.865222499145335
2021-03-05,11,52609001368.4095,0.514212141740695,0.465633355914765,0.692595715922366,0.861816418291707,1.94472265204558,"USDT",0.467677975594851,0.865222499145335
2021-03-06,11,52830134301.4209,0.510518537027947,0.461570390730742,0.689802480736943,0.858167586676928,1.95879273223189,"USDT",0.467584677456989,0.865222499145335
2021-03-07,11,53063615450.8049,0.508666827476345,0.459533510223979,0.687950310845577,0.858165498733032,1.96592336276638,"USDT",0.466781400976706,0.865222499145335
2021-03-08,11,53127463294.3384,0.508955567938623,0.459851124732485,0.687731909119906,0.860456263897259,1.9648080559374,"USDT",0.46634904753917,0.864765918238
2021-03-09,11,52839910183.0497,0.512632962223065,0.463896258445371,0.690499765075471,0.863571432429792,1.95071342206213,"USDT",0.466044501341919,0.86467371091593
2021-03-10,11,53474463283.9983,0.511479394696269,0.462627334165896,0.689898956123504,0.861012158812356,1.95511297301395,"USDT",0.465633355914765,0.86467371091593
2021-03-11,11,53960071789.1346,0.512960899746281,0.464256989720909,0.691142913876672,0.861676020701906,1.94946632481075,"USDT",0.465205248506786,0.86467371091593
2021-03-12,11,54294290672.245,0.514585910310836,0.466044501341919,0.692197464334716,0.863854467017801,1.94331010617051,"USDT",0.46505675794008,0.864523501018709
2021-03-13,11,55054148164.6293,0.51607088690441,0.467677975594851,0.693678505432306,0.863443333450613,1.93771829679907,"USDT",0.464613238331937,0.864447448683826
2021-03-14,11,55292973213.8838,0.515255819069732,0.466781400976706,0.692877168518471,0.863639830294332,1.94078351566305,"USDT",0.464256989720909,0.864257135485527
2021-03-15,11,55297489686.2154,0.51691702683588,0.468608729519468,0.694267151348704,0.864447448683826,1.93454645152847,"USDT",0.463896258445371,0.863854467017801
2021-03-16,11,55573491438.5865,0.515986070415444,0.467584677456989,0.693376623732127,0.86467371091593,1.93803681404588,"USDT",0.462864654623282,0.863679731474368
2021-03-17,11,55731690723.3695,0.517532139768987,0.469285353745886,0.694675368350042,0.865465631736972,1.93224714593836,"USDT",0.462627334165896,0.863639830294332
2021-03-18,11,56129480563.5125,0.516930992865745,0.46862409215232,0.694119354482898,0.865222499145335,1.93449418549318,"USDT",0.462627334165896,0.863571432429792
2021-03-19,11,56387212173.6277,0.514862770490154,0.46634904753917,0.692117988754844,0.864765918238,1.94226511862178,"USDT",0.462627334165896,0.863571432429792
2021-03-20,11,57039714697.7162,0.513822953187987,0.465205248506786,0.690784006539644,0.866027610060504,1.94619565707517,"USDT",0.461740037018277,0.863571432429792
2021-03-21,11,57458799226.7606,0.513687961763709,0.46505675794008,0.690776584241451,0.865640322013664,1.94670709542535,"USDT",0.461570390730742,0.863571432429792
2021-03-22,11,57688117284.5419,0.51169514056662,0.462864654623282,0.688762004816227,0.865966382792486,1.95428863931102,"USDT",0.460514023739383,0.863571432429792
2021-03-23,11,57900905157.3385,0.509558203399439,0.460514023739383,0.687021426416566,0.864257135485527,1.96248435081342,"USDT",0.460514023739383,0.863571432429792
2021-03-24,11,57865105233.7662,0.508074844937492,0.458882329431241,0.685725750782507,0.863679731474368,1.96821395501883,"USDT",0.460514023739383,0.863571432429792
2021-03-25,11,58094629606.3023,0.509043173138651,0.459947490452516,0.686379890118558,0.865034027218367,1.96446991683282,"USDT",0.459947490452516,0.863477383355248
2021-03-26,11,58656323707.7586,0.510672760925707,0.461740037018277,0.687485771445292,0.866932148191965,1.95820117404986,"USDT",0.458882329431241,0.863477383355248
2021-03-27,11,59141800203.9258,0.503716155006735,0.454087770507409,0.68123958338755,0.864523501018709,1.98524504338486,"USDT",0.457204618965472,0.863477383355248
2021-03-28,11,59544414027.9995,0.502618270940282,0.45288009803431,0.680425994020625,0.863477383355248,1.98958147329032,"USDT",0.455184782162763,0.863443333450613
2021-03-29,11,59899683995.8888,0.501442118044842,0.451586329849326,0.679419068441306,0.862891580372496,1.99424811760741,"USDT",0.454087770507409,0.862891580372496
2021-03-30,11,59567919899.5546,0.502057678882851,0.452263446771136,0.680365792123346,0.861835472404811,1.9918030179822,"USDT",0.453815361811661,0.861868846835733
2021-03-31,11,59992334888.5296,0.500365194514464,0.45040171396591,0.678924184720721,0.860672730788029,1.9985402880997,"USDT",0.452954135317059,0.861835472404811
2021-04-01,11,59931684518.8337,0.502685577560963,0.452954135317059,0.681057348740175,0.861681660948419,1.9893150801183,"USDT",0.45288009803431,0.861681660948419
2021-04-02,11,59997355108.6482,0.502308108981185,0.452538919879304,0.680616471803276,0.861868846835733,1.99080998717752,"USDT",0.452538919879304,0.860672730788029
2021-04-03,11,61372430742.624,0.50195590552116,0.452151496073276,0.680919532956886,0.858859872813265,1.99220686319397,"USDT",0.452263446771136,0.859084434657186
2021-04-04,11,62078697003.7584,0.504713438329784,0.455184782162763,0.683789942996687,0.857991745695339,1.9813223188771,"USDT",0.452151496073276,0.858859872813265
2021-04-05,11,62460820677.843,0.501127924479955,0.451240716927951,0.680329900680318,0.857599095553479,1.99549845688154,"USDT",0.451586329849326,0.857991745695339
2021-04-06,11,62509864447.5313,0.501344907328411,0.451479398061252,0.6806024197352,0.857212892316425,1.99463480207437,"USDT",0.451479398061252,0.857599095553479
2021-04-07,11,62929854499.6275,0.506549653604975,0.457204618965472,0.685287680382705,0.859084434657186,1.97414013193628,"USDT",0.451240716927951,0.857212892316425
2021-04-08,11,63246502398.5674,0.503468510737873,0.453815361811661,0.682698493410681,0.857018152597418,1.98622153853162,"USDT",0.450519589134495,0.857018152597418
2021-04-09,11,64432026301.1002,0.500472353758632,0.450519589134495,0.680244019612661,0.853733635219516,1.9981123682254,"USDT",0.45040171396591,0.853733635219516
2021-04-10,11,64811890106.734,0.496641071469413,0.446305178616355,0.67709744185065,0.850204040084407,2.0135265837787,"USDT",0.450300001027368,0.850726379305036
2021-04-11,11,65526230133.6593,0.499748550993712,0.449723406093083,0.680024275217285,0.850726379305036,2.00100630209247,"USDT",0.450214701651996,0.850204040084407
2021-04-12,11,65629522407.3845,0.496582190043398,0.446240409047738,0.677230218287692,0.849116679595188,2.01376533442048,"USDT",0.449723406093083,0.849288837697832
2021-04-13,11,65504835337.4521,0.500272728206698,0.450300001027368,0.680824138692623,0.848921990353442,1.99890968189421,"USDT",0.448937834141649,0.849116679595188
2021-04-14,11,66846565577.075,0.500195183319996,0.450214701651996,0.680932620647634,0.847879914185609,1.99921957137332,"USDT",0.448201512959076,0.848921990353442
2021-04-15,11,67604516414.2184,0.499034394674227,0.448937834141649,0.679372271715258,0.849288837697832,2.00386989488532,"USDT",0.446305178616355,0.84792936701605
2021-04-16,11,68642422138.511,0.498365011780978,0.448201512959076,0.678902862675035,0.84792936701605,2.00656140852737,"USDT",0.446240409047738,0.847879914185609
2021-04-17,11,70248701558.411,0.486220541373498,0.434842595510847,0.668574298123457,0.83897296953928,2.05667987036326,"USDT",0.434842595510847,0.839114343906164
2021-04-18,11,71855637875.3649,0.485380750335499,0.433918825369049,0.667733680666163,0.839114343906164,2.06023827543386,"USDT",0.433918825369049,0.83897296953928
2021-04-19,11,72845331818.0282,0.482595775332403,0.430855352865643,0.66497401916133,0.838627977363063,2.07212754672628,"USDT",0.430855352865643,0.838627977363063
2021-04-20,11,72840230513.5588,0.480173801859435,0.428191182045379,0.66235549382713,0.837580421891365,2.08257925802611,"USDT",0.428191182045379,0.837580421891365
2021-04-21,11,74043196050.2562,0.476616307961031,0.424277938757135,0.659358278748693,0.834973601392792,2.09812375971357,"USDT",0.426000731993308,0.837419506996201
2021-04-22,11,74813125825.6904,0.474358618218722,0.421794480040595,0.657321564518714,0.832214744564049,2.10810969083924,"USDT",0.425259448218752,0.837271646679221
2021-04-23,11,75213369142.5887,0.477508589289775,0.425259448218752,0.660188919229491,0.834440229020621,2.09420316708304,"USDT",0.424277938757135,0.836904534604791
2021-04-24,11,74922985220.5831,0.47818248363028,0.426000731993308,0.660378833401173,0.837419506996201,2.0912518426191,"USDT",0.423614757692467,0.836542552198417
2021-04-25,11,75344229903.9873,0.47477128304996,0.422248411354956,0.656999970880896,0.836542552198417,2.10627735017152,"USDT",0.423572978224224,0.83537559036749
2021-04-26,11,76434526745.8906,0.475975434749294,0.423572978224224,0.658089527728358,0.836904534604791,2.10094876120386,"USDT",0.422248411354956,0.834973601392792
2021-04-27,11,76597692276.6162,0.47262136004961,0.419883496054571,0.655084456298821,0.834925120981398,2.11585866515858,"USDT",0.421794480040595,0.834925120981398
2021-04-28,11,77071431594.764,0.469823361581476,0.416805697739624,0.652497723528667,0.832584274992958,2.12845950578935,"USDT",0.419883496054571,0.834440229020621
2021-04-29,11,77664832878.4301,0.476013416084061,0.423614757692467,0.658074486344195,0.837271646679221,2.10078112551224,"USDT",0.416805697739624,0.832584274992958
2021-04-30,11,78834819362.7879,0.467764413316876,0.414540854648563,0.650130631890114,0.83537559036749,2.13782829888467,"USDT",0.414540854648563,0.832214744564049
2021-05-01,11,79211978649.2339,0.463032201272172,0.409335421399389,0.64611984788965,0.831336529167082,2.15967701004923,"USDT",0.410720945840153,0.831336529167082
2021-05-02,11,79997259943.6159,0.462628128047249,0.408890940851974,0.646015064341891,0.829915123428903,2.16156333645556,"USDT",0.409733927898843,0.829915123428903
2021-05-03,11,80588438693.1418,0.461368976602652,0.407505874262918,0.645189332431888,0.827363074062955,2.16746259656127,"USDT",0.409335421399389,0.828924715297005
2021-05-04,11,80923536042.8058,0.462173940776953,0.408391334854648,0.646673897240601,0.827656193923856,2.1636875465521,"USDT",0.408890940851974,0.828875898672895
2021-05-05,11,81313429315.6674,0.458122654845505,0.403934920330056,0.642939147444802,0.825745388998326,2.18282154227285,"USDT",0.408391334854648,0.828875898672895
2021-05-06,11,82626285941.8307,0.456770045886031,0.402447050474634,0.641730757104504,0.824218805715829,2.18928541616652,"USDT",0.408105140801084,0.828875898672895
2021-05-07,11,83852182127.3844,0.455166974324239,0.400683671756663,0.640878357531637,0.820900427734284,2.19699595183645,"USDT",0.407769139653101,0.828875898672895
2021-05-08,11,85056011628.1072,0.460930344165122,0.407023378581634,0.646272233717019,0.824690927686491,2.16952520626796,"USDT",0.407505874262918,0.828875898672895
2021-05-09,11,85888348719.7724,0.460747855683963,0.406822641252359,0.645863777949274,0.825295285145058,2.17038449048349,"USDT",0.407195151158177,0.828875898672895
2021-05-10,11,86588051814.6426,0.459304171942841,0.405234589137125,0.644351845084064,0.825499555279759,2.17720643766425,"USDT",0.407023378581634,0.828875898672895
2021-05-11,11,87108735791.6852,0.458747037012267,0.404621740713493,0.644069113108156,0.824226440241318,2.17985059154346,"USDT",0.406822641252359,0.828875898672895
2021-05-12,11,87912013086.2684,0.459957026934637,0.405952729628101,0.645430649428106,0.824472526646124,2.17411614877254,"USDT",0.405952729628101,0.828875898672895
2021-05-13,11,88861107924.4279,0.463394479908039,0.409733927898843,0.648781708334634,0.825698085315294,2.15798858932987,"USDT",0.405234589137125,0.828875898672895
2021-05-14,11,89247725142.1971,0.464291768945594,0.410720945840153,0.649149144058145,0.828875898672895,2.15381806632282,"USDT",0.404621740713493,0.828875898672895
2021-05-15,11,89729948946.3427,0.461913764364622,0.408105140801084,0.646688503962584,0.828354567692235,2.16490625988497,"USDT",0.403934920330056,0.828875898672895
2021-05-16,11,90337832943.0647,0.461608308775546,0.407769139653101,0.646209452065878,0.828924715297005,2.16633882230713,"USDT",0.402447050474634,0.828875898672895
2021-05-17,11,90894392504.7547,0.461086501052889,0.407195151158177,0.645971101474325,0.828070202945548,2.16879044976703,"USDT",0.402445133685011,0.828875898672895
2021-05-18,11,91098832342.5643,0.456446424247749,0.402091066672524,0.64097024559843,0.827700076013688,2.19083762491526,"USDT",0.402091066672524,0.828875898672895
2021-05-19,11,91081900524.1824,0.455124876212155,0.40063736383337,0.63990800838117,0.82672619757607,2.19719916942939,"USDT",0.400683671756663,0.828924715297005
2021-05-20,11,90884262461.6652,0.45676830335001,0.402445133685011,0.640179373593443,0.8321618287257,2.18929376812236,"USDT",0.40063736383337,0.830427139981311
2021-05-21,11,92385428571.6802,0.450186947809317,0.395205642590249,0.632869222067523,0.831000189467428,2.22129940653802,"USDT",0.395205642590249,0.830695571322918
2021-05-22,11,94087849313.8203,0.441822954620329,0.386005250082362,0.623132305676312,0.830427139981311,2.26335003544424,"USDT",0.388092509998067,0.830695571322918
2021-05-23,11,95672771638.0434,0.443720463634606,0.388092509998067,0.62470660690926,0.832324480892911,2.2536711329669,"USDT",0.386005250082362,0.830695571322918
2021-05-24,11,96160576166.872,0.441002904942021,0.385103195436223,0.620813244167506,0.833784044955084,2.26755875934983,"USDT",0.385103195436223,0.830695571322918
2021-05-25,11,96751154238.6727,0.438463856681785,0.382310242349964,0.617979298541379,0.833194538264074,2.28068969599414,"USDT",0.382570188768536,0.830695571322918
2021-05-26,11,97533473594.3458,0.43870017160776,0.382570188768536,0.618325996072298,0.832553475316701,2.2794611552924,"USDT",0.382310242349964,0.830695571322918
2021-05-27,11,99005825141.1371,0.435887010243682,0.37947571126805,0.614579028196043,0.833041813639754,2.2941725183344,"USDT",0.381704547581801,0.831000189467428
2021-05-28,11,99432032005.929,0.436119535769271,0.379731489346198,0.614050564724646,0.83559798914574,2.29294933609452,"USDT",0.380158993169658,0.831000189467428
2021-05-29,11,100182511025.028,0.434520390169111,0.377972429186022,0.612348177393357,0.834322579610521,2.3013879730956,"USDT",0.379731489346198,0.831000189467428
2021-05-30,11,100068694957.3,0.435855695030904,0.379441264533994,0.613748158105717,0.83556962162872,2.2943373492667,"USDT",0.37947571126805,0.831000189467428
2021-05-31,11,100454170530.568,0.437913225074364,0.381704547581801,0.615202796482841,0.838450149643069,2.2835574327087,"USDT",0.379441264533994,0.831000189467428
2021-06-01,11,100790423763.412,0.43650817560878,0.380158993169658,0.613287874215796,0.838554169791945,2.29090783604532,"USDT",0.37938541931636,0.831000189467428
2021-06-02,11,101316707369.201,0.435804926651237,0.37938541931636,0.613029787930221,0.83722811697807,2.29460462433063,"USDT",0.377972429186022,0.831904707789884
2021-06-03,11,101467266859.418,0.432744881539884,0.376019369693872,0.610101510569982,0.834409808417633,2.31083033597437,"USDT",0.376019369693872,0.832140958270007
2021-06-04,11,101863084079.35,0.429730142834832,0.372703157118315,0.607035377013158,0.831904707789884,2.32704178813994,"USDT",0.373641752186755,0.8321618287257
2021-06-05,11,102415121354.847,0.429407486190325,0.372348234809357,0.606945003756118,0.830695571322918,2.32879032657752,"USDT",0.372703157118315,0.832324480892911
2021-06-06,11,102670555970.18,0.429303831101236,0.372234214211359,0.606986437823194,0.830406282243163,2.32935261126097,"USDT",0.372348234809357,0.832324480892911
2021-06-07,11,103176899396.406,0.429067101935482,0.37197381212903,0.606620389811408,0.830248578949976,2.33063778483387,"USDT",0.372234214211359,0.832350385184424
2021-06-08,11,103020341440.348,0.428560351560432,0.371416386716475,0.606147312066925,0.830200773670899,2.3333936430631,"USDT",0.37197381212903,0.832435556588608
2021-06-09,11,103498617811.635,0.42724591004333,0.369970501047663,0.604971164989829,0.829134697209647,2.34057243496745,"USDT",0.371416386716475,0.832435556588608
2021-06-10,11,103899621598.655,0.425276179534274,0.367803797487701,0.603152079894715,0.827971508127791,2.35141314779284,"USDT",0.371276921223395,0.832350385184424
2021-06-11,11,103628705320.075,0.430583411078869,0.373641752186755,0.60811396711216,0.832350385184424,2.32243039158058,"USDT",0.369970501047663,0.832140958270007
2021-06-12,11,104027345684.579,0.426691109786672,0.369360220765339,0.603814918939813,0.829580743594839,2.34361573762331,"USDT",0.369566995220572,0.832140958270007
2021-06-13,11,104410141650.213,0.426878881642929,0.369566769807222,0.603788747511262,0.830244482655244,2.34258484784091,"USDT",0.369566769807222,0.832067706473777
2021-06-14,11,104237197605.207,0.425311236448083,0.367842360092892,0.60187358999119,0.82984358563753,2.35121932905261,"USDT",0.369360220765339,0.831904707789884
2021-06-15,11,104403211298.477,0.425433551512763,0.36797690666404,0.601934968118947,0.830472967845984,2.35054333736534,"USDT",0.368600099391257,0.831846225021138
2021-06-16,11,104571641228.625,0.425588546583679,0.368147401242047,0.602032548220271,0.830621473828248,2.34968729310807,"USDT",0.368147401242047,0.831489287819398
2021-06-17,11,103928244499.714,0.426879086564157,0.369566995220572,0.603116447231254,0.832140958270007,2.34258372329446,"USDT",0.368101823761946,0.831238960236274
2021-06-18,11,104131792712.582,0.428433564748541,0.371276921223395,0.604195784974373,0.834079106211119,2.33408416678774,"USDT",0.36797690666404,0.830695571322918
2021-06-19,11,104527902843.007,0.42554711251086,0.368101823761946,0.60062303304834,0.833250616251942,2.34991607415614,"USDT",0.367842360092892,0.830621473828248
2021-06-20,11,104836731520.148,0.426000090355688,0.368600099391257,0.601150376423004,0.833375450515538,2.34741734248237,"USDT",0.367803797487701,0.830472967845984
2021-06-21,11,105056830067.41,0.423220869729905,0.365542956702895,0.598089196332394,0.831489287819398,2.36283243933171,"USDT",0.365542956702895,0.830406282243163
2021-06-22,11,105086822958.995,0.420846306928234,0.362930937621057,0.594111895365668,0.832435556588608,2.376164370549,"USDT",0.364436436008324,0.830394425092079
2021-06-23,11,105747832628.737,0.422214941825749,0.364436436008324,0.595359813864529,0.833823458459603,2.36846189212486,"USDT",0.362930937621057,0.830394425092079
2021-06-24,11,106340431866.436,0.420190148368517,0.362209163205368,0.592993080918362,0.833386565656751,2.37987493015419,"USDT",0.362209163205368,0.830394425092079
2021-06-25,11,106469609669.586,0.418434514818498,0.360277966300348,0.591392792048564,0.831238960236274,2.38986021608128,"USDT",0.361382659457652,0.830394425092079
2021-06-26,11,106504362471.292,0.417338346656088,0.359072181321697,0.589372063477843,0.832067706473777,2.39613734997628,"USDT",0.360761249987485,0.830394425092079
2021-06-27,11,107463769991.492,0.419438781325138,0.361382659457652,0.592108874991702,0.832616030217742,2.38413814965008,"USDT",0.360277966300348,0.830244482655244
2021-06-28,11,107236509671.652,0.417436963889833,0.359180660278817,0.589707204884731,0.831846225021138,2.39557127543672,"USDT",0.359180660278817,0.830244482655244
2021-06-29,11,106314757990.924,0.418873863624986,0.360761249987485,0.592182015240507,0.830394425092079,2.38735353728179,"USDT",0.359072181321697,0.82984358563753
2021-06-30,11,106089360429.895,0.416999019444135,0.358698921388548,0.590659436001882,0.828450423887882,2.39808717376126,"USDT",0.358698921388548,0.828450423887882
2021-07-01,11,106352480853.668,0.416196799886052,0.357816479874657,0.590285950502548,0.827116903742277,2.40270948809261,"USDT",0.357816479874657,0.827116903742277
2021-07-02,11,106748952415.328,0.413928672493672,0.35532153974304,0.587967825501266,0.824934260762098,2.41587516509934,"USDT",0.35532153974304,0.824934260762098
2021-07-03,11,107383255345.129,0.411203452668314,0.352323797935146,0.585066568743876,0.822572706634017,2.43188619529083,"USDT",0.352323797935146,0.824612584424389
2021-07-04,11,107431179716.489,0.410586516486108,0.351645168134719,0.584315954120664,0.822345421552908,2.4355402816396,"USDT",0.351645168134719,0.822852363865173
2021-07-05,11,106982513331.283,0.408391191714366,0.349230310885803,0.58189180209042,0.820793177083973,2.4486326352979,"USDT",0.350933553041142,0.822572706634017
2021-07-06,11,107558680032.444,0.409939593673765,0.350933553041142,0.583825171115089,0.821601014076729,2.4393837907636,"USDT",0.349230310885803,0.822345421552908
2021-07-07,11,107786484026.218,0.407728023069857,0.348500825376842,0.581457159557389,0.82023144581671,2.45261533036366,"USDT",0.348500825376842,0.821601014076729
2021-07-08,11,107726844682.173,0.4066093769718,0.34727031466898,0.580171829792319,0.819701053974504,2.45936285937979,"USDT",0.348406440604556,0.821211538866059
2021-07-09,11,108227924366.258,0.405753575420041,0.346328932962045,0.578880003209158,0.819550349550886,2.46455006333533,"USDT",0.34727031466898,0.820837712929646
2021-07-10,11,108054475515.591,0.406282797556017,0.346911077311619,0.5793123045113,0.820576104791228,2.46133975156091,"USDT",0.346970178691121,0.820793177083973
2021-07-11,11,108174786019.104,0.406164084132186,0.346780492545405,0.578930193054255,0.820837712929646,2.46205915064255,"USDT",0.346911077311619,0.820576104791228
2021-07-12,11,108025606079.941,0.405326535811524,0.345859189392676,0.578079041939516,0.820109366913844,2.46714663770496,"USDT",0.346780492545405,0.82023144581671
2021-07-13,11,108144832090.454,0.406336526082837,0.346970178691121,0.578338421689224,0.822852363865173,2.4610142967953,"USDT",0.346328932962045,0.820109366913844
2021-07-14,11,108066151916.253,0.407642218731415,0.348406440604556,0.579506888235734,0.824612584424389,2.45313157972696,"USDT",0.345859189392676,0.81990386025427
2021-07-15,11,108390217671.73,0.403542331514758,0.343896564666234,0.574878690571123,0.821211538866059,2.47805477122151,"USDT",0.343896564666234,0.819701053974504
2021-07-16,11,108552336358.475,0.40283426587337,0.343117692460707,0.57483102933022,0.817879305392816,2.48241047179027,"USDT",0.343560941359795,0.819550349550886
2021-07-17,11,108045277878.935,0.403237219417996,0.343560941359795,0.574895901634453,0.818842496406331,2.47992980767829,"USDT",0.343117692460707,0.819363775559739
2021-07-18,11,108603515186.379,0.402195813689311,0.342415395058242,0.573430850949827,0.818576971702248,2.48635109059708,"USDT",0.343084191560756,0.818842496406331
2021-07-19,11,109105356703.26,0.402152218230384,0.342367440053423,0.573252400768337,0.818803081531746,2.48662062440029,"USDT",0.342415395058242,0.818803081531746
2021-07-20,11,108618929536.332,0.402803810509778,0.343084191560756,0.573616679279555,0.81990386025427,2.48259816294793,"USDT",0.342367440053423,0.818704339948958
2021-07-21,11,108652248043.381,0.401846639584636,0.3420313035431,0.57228347775139,0.819363775559739,2.48851154020757,"USDT",0.3420313035431,0.818576971702248
2021-07-22,11,109031307406.487,0.400936494438683,0.341030143882551,0.571132023609399,0.818704339948958,2.49416058121627,"USDT",0.341030143882551,0.817879305392816
2021-07-23,11,109044196702.471,0.399769786862092,0.339746765548302,0.569865613050204,0.817555937911895,2.50143966068393,"USDT",0.339746765548302,0.817555937911895
2021-07-24,11,109259734346.259,0.398417694463144,0.338259463909459,0.568256486930862,0.816371723318854,2.50992868513902,"USDT",0.338259463909459,0.816371723318854
2021-07-25,11,109417530151.726,0.397988380279052,0.337787218306957,0.568010431492629,0.815462967885116,2.5126361711838,"USDT",0.337787218306957,0.815462967885116
2021-07-26,11,109703293373.916,0.395944965839221,0.335539462423143,0.565482555788048,0.814099468986232,2.52560352138955,"USDT",0.337036078734944,0.81462538361248
2021-07-27,11,109597130512.216,0.397305526122677,0.337036078734944,0.567412271736006,0.814211267044632,2.51695467153213,"USDT",0.335639504322055,0.814211267044632
2021-07-28,11,110063769590.189,0.395677845902462,0.335245630492708,0.565444814273231,0.812705752784056,2.52730854243103,"USDT",0.335539462423143,0.814211267044632
2021-07-29,11,109783658163.376,0.394157500794739,0.333573250874213,0.563169852967533,0.812110034097506,2.53705688204259,"USDT",0.335245630492708,0.814133973057081
2021-07-30,11,110007015514.732,0.395319065249156,0.334850971774072,0.56470825733828,0.812604224056767,2.5296022577857,"USDT",0.335093002884779,0.814099468986232
2021-07-31,11,110396441466.555,0.393738676882383,0.333112544570622,0.562652024682958,0.811649685253822,2.53975557574883,"USDT",0.335093002884779,0.81390702981015
2021-08-01,11,109961387344.561,0.394500744528268,0.333950818981095,0.56367518233506,0.812123092734595,2.53484946193389,"USDT",0.335093002884779,0.813703456897179
2021-08-02,11,110123976467.785,0.39603591302005,0.335639504322055,0.565523686755154,0.813539741598228,2.52502353227086,"USDT",0.335093002884779,0.813703456897179
2021-08-03,11,110263608470.602,0.39512964247192,0.334642606719112,0.564428732978324,0.812950096392086,2.53081493391391,"USDT",0.335093002884779,0.813703456897179
2021-08-04,11,110490570664.231,0.395539093531617,0.335093002884779,0.564918612699593,0.813608466353322,2.52819510474017,"USDT",0.335093002884779,0.813703456897179
2021-08-05,11,110001095111.955,0.395281747612224,0.334809922373447,0.563802459325794,0.81462538361248,2.52984107169302,"USDT",0.335093002884779,0.813697540889809
2021-08-06,11,110350263798.974,0.395255383250963,0.334780921576059,0.564083037154068,0.814133973057081,2.53000981738701,"USDT",0.335093002884779,0.813608466353322
2021-08-07,11,110622560247.767,0.394218981816697,0.333640879998367,0.563283860604017,0.81255011308682,2.53666121147098,"USDT",0.335093002884779,0.813539741598228
2021-08-08,11,110817292050.566,0.393407260033422,0.332747986036764,0.562375414864148,0.811976168310226,2.54189513410364,"USDT",0.335093002884779,0.813444554358928
2021-08-09,11,110919331435.37,0.394429444450969,0.333872388896065,0.563730335923825,0.812485320171437,2.53530768067268,"USDT",0.335093002884779,0.813354938932955
2021-08-10,11,111281920100.338,0.393523052253703,0.332875357479074,0.561915108891487,0.813062632075953,2.5411471939776,"USDT",0.335093002884779,0.813306990437928
2021-08-11,11,111489616554.109,0.394021291926073,0.333423421118681,0.562510830567113,0.813703456897179,2.53793391497133,"USDT",0.335093002884779,0.813306990437928
2021-08-12,11,111588935408.945,0.39493519784075,0.334428717624825,0.563833362768773,0.814309841664949,2.5320609696663,"USDT",0.335093002884779,0.813289275196067
2021-08-13,11,111956530822.895,0.395513493144667,0.335064842459134,0.565058741601372,0.81390702981015,2.52835874712934,"USDT",0.335093002884779,0.813289275196067
2021-08-14,11,111739956355.854,0.395500714978545,0.335050786476399,0.565336342109813,0.813354938932955,2.52844043544712,"USDT",0.335639504322055,0.813290164036495
2021-08-15,11,112147692324.056,0.396195559593566,0.335815115552923,0.566273959765016,0.813697540889809,2.52400607676129,"USDT",0.335815115552923,0.813290164036495
2021-08-16,11,112243545436.112,0.396744608336665,0.336419069170332,0.567369536411275,0.813306990437928,2.52051314368822,"USDT",0.336419069170332,0.813306990437928
2021-08-17,11,112250524119.675,0.398332648656616,0.338165913522278,0.56969289742494,0.814012815071415,2.51046456616729,"USDT",0.338156234135629,0.813354938932955
2021-08-18,11,112675217616.986,0.400015975746242,0.340017573320866,0.571501824882293,0.815389802519491,2.49990015557371,"USDT",0.338165913522278,0.813306990437928
2021-08-19,11,112876782065.164,0.399259983200209,0.33918598152023,0.570806830919569,0.814445516664657,2.50463367749668,"USDT",0.338739652621698,0.813306990437928
2021-08-20,11,113183976835.991,0.398323849214208,0.338156234135629,0.569850979746276,0.813444554358928,2.51052002528281,"USDT",0.33918598152023,0.813290164036495
2021-08-21,11,112899825021.799,0.4005542499499,0.34060967494489,0.573527662599767,0.812574611410168,2.49654073106221,"USDT",0.339581871614039,0.813289275196067
2021-08-22,11,113250357567.764,0.400905162319841,0.340995678551825,0.574223894071514,0.812138039224112,2.49435550845365,"USDT",0.340017573320866,0.813176268570367
2021-08-23,11,113662854872.476,0.401227650993608,0.341350416092969,0.574712624470749,0.812206137386123,2.49235065809543,"USDT",0.340206018197541,0.813176268570367
2021-08-24,11,113463744674.63,0.400715535683086,0.340787089251394,0.574321312752808,0.811482001950866,2.49553588756008,"USDT",0.340555142586505,0.813289275196067
2021-08-25,11,113644400427.609,0.402162169566125,0.342378386522738,0.5758777620464,0.81311238863669,2.48655909400642,"USDT",0.34060967494489,0.813290164036495
2021-08-26,11,114075037319.668,0.403431607876649,0.343774768664314,0.577076152938026,0.814350199219078,2.47873488461458,"USDT",0.340787089251394,0.813306990437928
2021-08-27,11,113980350352.172,0.402252038234409,0.34247724205785,0.575848051094897,0.813289275196067,2.48600356231696,"USDT",0.340995678551825,0.813306990437928
2021-08-28,11,114480406347.177,0.402247291773978,0.342472020951376,0.575927733675637,0.813176268570367,2.48603289680294,"USDT",0.341100415044713,0.813306990437928
2021-08-29,11,114482535005.363,0.402068629188237,0.342275492107061,0.575622161422104,0.813290164036495,2.48713758648359,"USDT",0.341350416092969,0.813306990437928
2021-08-30,11,114434052152.704,0.401607755690176,0.341768531259194,0.575094091821991,0.812915971650879,2.48999175397265,"USDT",0.341598118968413,0.813306990437928
2021-08-31,11,114677480569.553,0.40145283542583,0.341598118968413,0.574639408436415,0.813387682662058,2.49095263940352,"USDT",0.341768531259194,0.813306990437928
2021-09-01,11,114996607206.194,0.401780765371912,0.341958841909103,0.574975352756196,0.81366621524645,2.48891954564909,"USDT",0.341768531259194,0.813387682662058
2021-09-02,11,115338113465.431,0.39961988328549,0.339581871614039,0.572647379983098,0.811568982397076,2.50237798924934,"USDT",0.341768531259194,0.813387682662058
2021-09-03,11,115580125329.288,0.39885422965609,0.338739652621698,0.571851290626788,0.810839513199379,2.50718163591307,"USDT",0.341768531259194,0.813387682662058
2021-09-04,11,116374940346.604,0.400504675078641,0.340555142586505,0.574057127240811,0.811415897369836,2.49684975538337,"USDT",0.341768531259194,0.813387682662058
2021-09-05,11,116742402159.405,0.400187289270492,0.340206018197541,0.573675384735758,0.811190714255809,2.49882998988528,"USDT",0.341768531259194,0.813387682662058
2021-09-06,11,116966646887.072,0.401000377313375,0.341100415044713,0.574520041955705,0.812145596268322,2.4937632395755,"USDT",0.341958841909103,0.81366621524645
2021-09-07,11,117872090048.43,0.402223649542032,0.342446014496235,0.576094305115066,0.812704738096586,2.48617902288588,"USDT",0.341958841909103,0.813803785668916
2021-09-08,11,118292802320.841,0.402239896578113,0.342463886235924,0.575520051393022,0.813803785668916,2.48607860261272,"USDT",0.341958841909103,0.814083112181865
2021-09-09,11,120296697568.415,0.403999033754792,0.344398937130272,0.577242411377453,0.815300556057916,2.47525344480638,"USDT",0.341958841909103,0.814123073027013
2021-09-10,11,120490184412.134,0.403733311633636,0.344106642797,0.576333723383865,0.816527065885913,2.47688256377378,"USDT",0.341768531259194,0.814123073027013
2021-09-11,11,120194957075.119,0.403468722078292,0.343815594286121,0.57532629525975,0.817967605841915,2.47850687123636,"USDT",0.341598118968413,0.814083112181865
2021-09-12,11,120546266201.902,0.402604310506807,0.342864741557488,0.574550993717232,0.817067417105656,2.48382834933182,"USDT",0.341554187165891,0.814083112181865
2021-09-13,11,121430670780.805,0.404587100077099,0.345045810084809,0.57689268218496,0.818363575463205,2.47165567021153,"USDT",0.341193759855948,0.814083112181865
2021-09-14,11,120914289681.598,0.403013159841852,0.343314475826037,0.574629413062913,0.818208236935306,2.48130855179125,"USDT",0.341100415044713,0.814083112181865
2021-09-15,11,121144125757.093,0.401848283836139,0.342033112219753,0.57396924615055,0.815768830598878,2.48850135790991,"USDT",0.340555142586505,0.814123073027013
2021-09-16,11,121017474083.797,0.401412897423537,0.341554187165891,0.573441029487506,0.815540248321457,2.49120047317484,"USDT",0.340206018197541,0.814261227071996
2021-09-17,11,121228320537.252,0.40108523623268,0.341193759855948,0.573436800338802,0.814705315911716,2.4932356259054,"USDT",0.340152666146314,0.814638620399249
2021-09-18,11,121654771740.409,0.40013878740574,0.340152666146314,0.572299257909188,0.814123073027013,2.49913287957761,"USDT",0.340152666146314,0.814705315911716
2021-09-19,11,121515727334.166,0.399967286279292,0.339964014907221,0.571972908096382,0.814261227071996,2.50020447747747,"USDT",0.340152666146314,0.815300556057916
2021-09-20,11,121778903937.467,0.399595034970043,0.339554538467048,0.571495790211369,0.814083112181865,2.50253359648217,"USDT",0.339964014907221,0.815453108889468
2021-09-21,11,120973780517.759,0.402436998305053,0.342680698135559,0.574684192727434,0.815841591067378,2.48486099491773,"USDT",0.339963875330101,0.815540248321457
2021-09-22,11,120998729801.692,0.399967159391001,0.339963875330101,0.571119828881011,0.815453108889468,2.50020527065928,"USDT",0.339554538467048,0.815592366998103
2021-09-23,11,122085073372.367,0.39916741448284,0.339084155931124,0.569619518215359,0.816078875538246,2.50521451330288,"USDT",0.339084155931124,0.815768830598878
2021-09-24,11,122688004337.05,0.396787769047414,0.336466545952156,0.566678447342029,0.814638620399249,2.5202389741013,"USDT",0.336466545952156,0.815841591067378
2021-09-25,11,123807951189.492,0.39507640969988,0.334584050669868,0.564660812207177,0.812778561250513,2.53115593704937,"USDT",0.33540545854634,0.816078875538246
2021-09-26,11,123975745846.628,0.393200144010406,0.332520158411447,0.562133506523258,0.811867298513594,2.54323406344819,"USDT",0.334584050669868,0.816078875538246
2021-09-27,11,124247137951.911,0.392525407568335,0.331777948325169,0.560846180520491,0.812044648486072,2.54760578734234,"USDT",0.333710649327013,0.816078875538246
2021-09-28,11,123341649572.944,0.392554753603554,0.33181022896391,0.560826673848971,0.812579949991676,2.54741533714788,"USDT",0.333139289094979,0.816078875538246
2021-09-29,11,123508589832.704,0.393332034586101,0.332665238044711,0.561413136619395,0.813408174162783,2.54238127604402,"USDT",0.333051759267836,0.816078875538246
2021-09-30,11,123923797553.446,0.394282408479103,0.333710649327013,0.56143709013592,0.815592366998103,2.53625314874529,"USDT",0.332665238044711,0.816078875538246
2021-10-01,11,123623072088.972,0.395823144133036,0.33540545854634,0.56235474843624,0.818721791279796,2.52638082139002,"USDT",0.332520158411447,0.816434748153213
2021-10-02,11,123515281639.947,0.393762990086344,0.333139289094979,0.559180981091588,0.818142223996568,2.53959875655333,"USDT",0.332372666408616,0.816638826658749
2021-10-03,11,123574863467.394,0.393683417516214,0.333051759267836,0.558926183021831,0.818407727391383,2.5401120684968,"USDT",0.332201614159683,0.816845649438093
2021-10-04,11,123927458836.607,0.392910558326985,0.332201614159683,0.557696211840685,0.818397938434886,2.54510849557723,"USDT",0.331940829839735,0.816845649438093
2021-10-05,11,123932553564.937,0.393066060371469,0.332372666408616,0.557961275627803,0.818436822647766,2.54410161756257,"USDT",0.331819533810177,0.816845649438093
2021-10-06,11,123970853801.69,0.392388777346859,0.331627655081545,0.556900632736012,0.81849661552222,2.54849286659397,"USDT",0.33181022896391,0.816845649438093
2021-10-07,11,124113254193.427,0.390857091162376,0.329942800278614,0.555463079259636,0.816638826658749,2.5584798705483,"USDT",0.331777948325169,0.816845649438093
2021-10-08,11,124394548868.12,0.391870126718283,0.331057139390111,0.555922104933711,0.818504929965483,2.55186586529191,"USDT",0.331777948325169,0.816845649438093
2021-10-09,11,124841043126.608,0.39142057892226,0.330562636814486,0.554864027376125,0.818728091838391,2.55479669146013,"USDT",0.331627655081545,0.816845649438093
2021-10-10,11,124964421857.683,0.391036938855729,0.330140632741302,0.554338728690682,0.818568701838159,2.55730316150246,"USDT",0.331627655081545,0.81684651965849
2021-10-11,11,125206053429.562,0.390459279943473,0.32950520793782,0.553350963167926,0.818525256001433,2.561086523913,"USDT",0.331627655081545,0.81684651965849
2021-10-12,11,125861612704.185,0.391074303896702,0.330181734286372,0.554096934012239,0.819001388428848,2.55705882497496,"USDT",0.331627655081545,0.817084313298323
2021-10-13,11,125549987074.934,0.391360608456117,0.330496669301729,0.55520269820653,0.818238711789733,2.55518817784169,"USDT",0.331477091410081,0.817084313298323
2021-10-14,11,125371167956.102,0.392673481672486,0.331940829839735,0.556751439415335,0.819301635224725,2.54664510509029,"USDT",0.33118458815417,0.817084313298323
2021-10-15,11,125479832413.758,0.390915427923683,0.330006970716051,0.554974133055871,0.817084313298323,2.55809806563896,"USDT",0.33112508564615,0.817084313298323
2021-10-16,11,125573134057.832,0.390114077430271,0.329125485173299,0.554154085730015,0.816434748153213,2.56335276744464,"USDT",0.331057139390111,0.817084313298323
2021-10-17,11,125970785943.923,0.391832819672004,0.331016101639204,0.556856252240982,0.816845649438093,2.55210883263194,"USDT",0.331016101639204,0.81684651965849
2021-10-18,11,125707461876.889,0.391582786683483,0.330741065351831,0.556190302963216,0.817351527013511,2.55373840221506,"USDT",0.330741065351831,0.816845649438093
2021-10-19,11,125991607245.115,0.391356488817262,0.330492137698988,0.556184668178263,0.816701059299946,2.5552150751918,"USDT",0.330562636814486,0.816701059299946
2021-10-20,11,125233929659.306,0.392563212554707,0.331819533810177,0.558445068050642,0.816238205055197,2.54736044544837,"USDT",0.330496669301729,0.816638826658749
2021-10-21,11,125981735790.083,0.390651183310116,0.329716301641128,0.556465289690149,0.814337258104608,2.55982841655993,"USDT",0.330492137698988,0.816633160456064
2021-10-22,11,126127976924.144,0.391985989231063,0.33118458815417,0.558372166013384,0.815383959973111,2.55111158937503,"USDT",0.330193806230012,0.81649551812727
2021-10-23,11,126501079566.492,0.392587285610315,0.331846014171347,0.558887167573267,0.816232960272218,2.54720424388019,"USDT",0.330193806230012,0.816434748153213
2021-10-24,11,126830989738.043,0.392251901281892,0.331477091410081,0.558162675657633,0.81649551812727,2.54938216164655,"USDT",0.330181734286372,0.816238205055197
2021-10-25,11,126556574540.196,0.392585465811897,0.331844012393087,0.558479142245016,0.81684651965849,2.54721605124103,"USDT",0.330140632741302,0.816232960272218
2021-10-26,11,126672311532.572,0.392795979440381,0.332075577384419,0.559043400471451,0.816633160456064,2.54585090566534,"USDT",0.330006970716051,0.815383959973111
2021-10-27,11,126652931144.103,0.393486899561195,0.332835589517314,0.559762535018911,0.81743708760375,2.54138066887404,"USDT",0.330181734286372,0.815383959973111
2021-10-28,11,126946937748.065,0.391931896041955,0.33112508564615,0.558678836627634,0.8153152602535,2.55146368565255,"USDT",0.330193806230012,0.815383959973111
2021-10-29,11,127456808448.803,0.39108527839092,0.330193806230012,0.557553339863909,0.814453596943803,2.55698706971123,"USDT",0.330193806230012,0.815383959973111
2021-10-30,11,128082027070.123,0.390903864106221,0.329994250516843,0.556795409781985,0.814617112327458,2.55817373994612,"USDT",0.330193806230012,0.815383959973111
2021-10-31,11,128709375145.96,0.389282548601402,0.328210803461542,0.554911666548764,0.813080692951477,2.56882822924572,"USDT",0.330492137698988,0.815383959973111
2021-11-01,11,128518150039.96,0.387953719230955,0.326749091154051,0.553627698303022,0.811263490013803,2.57762704784042,"USDT",0.330741065351831,0.815383959973111
2021-11-02,11,128853699054.834,0.387441368152258,0.326185504967484,0.552876661193692,0.810867330149041,2.58103569262386,"USDT",0.330741065351831,0.815383959973111
2021-11-03,11,129712356967.301,0.385000591309918,0.32350065044091,0.550101556811157,0.80808259781454,2.59739860813621,"USDT",0.33112508564615,0.815383959973111
2021-11-04,11,130681248070.884,0.38567793218371,0.324245725402082,0.550843954646208,0.809033036004671,2.59283696720213,"USDT",0.33116874009565,0.815383959973111
2021-11-05,11,130877947712.009,0.387266754471099,0.325993429918209,0.552820180276929,0.810500410916613,2.58219944897084,"USDT",0.33112508564615,0.8153152602535
2021-11-06,11,132113515063.085,0.387192761773809,0.32591203795119,0.553021025548317,0.810588065754019,2.58269290835602,"USDT",0.33112508564615,0.8153152602535
2021-11-07,11,131940918939.387,0.388006017007507,0.326806618708257,0.553083773668357,0.813106388508353,2.57727961981748,"USDT",0.330193806230012,0.8153152602535
2021-11-08,11,132911057745.883,0.38923414618366,0.328157560802026,0.55487766877592,0.813515674834674,2.56914767063666,"USDT",0.329994250516843,0.8153152602535
2021-11-09,11,134153430219.256,0.39065555168842,0.329721106857262,0.55741279738681,0.813462789205421,2.5597997921135,"USDT",0.329721106857262,0.8153152602535
2021-11-10,11,134597706200.149,0.389462170388325,0.328408387427158,0.555583192178654,0.813538688032617,2.56764347357002,"USDT",0.328774013065755,0.8153152602535
2021-11-11,11,134188721377.896,0.392741305457136,0.33201543600285,0.559490172430364,0.816476393916445,2.54620531659138,"USDT",0.328408387427158,0.8153152602535
2021-11-12,11,133820095638.84,0.393746495044728,0.333121144549201,0.560111068872012,0.818018002012946,2.53970514680112,"USDT",0.328210803461542,0.8153152602535
2021-11-13,11,133801657929.316,0.394087446036803,0.333496190640484,0.560416847177323,0.81877553634932,2.53750788069156,"USDT",0.328157560802026,0.815360658962893
2021-11-14,11,133908239152.933,0.394045177174451,0.333449694891896,0.560414268905558,0.81866848466078,2.53778007681917,"USDT",0.327799976118255,0.81571555915639
2021-11-15,11,134022995407.827,0.394242999729157,0.333667299702072,0.5606467066692,0.818804684161922,2.53650667402337,"USDT",0.326806618708257,0.815931679275978
2021-11-16,11,133697431785.787,0.393596904189503,0.332956594608454,0.559792612876059,0.818258215848936,2.54067038982231,"USDT",0.326749091154051,0.816156456216173
2021-11-17,11,133546485614.937,0.39242666800448,0.331669334804928,0.558418099542777,0.817301994947534,2.54824679751016,"USDT",0.326185504967484,0.816476393916445
2021-11-18,11,134312069590.977,0.391971581905136,0.33116874009565,0.558372212239174,0.815931679275978,2.55120535815277,"USDT",0.325993429918209,0.816476393916445
2021-11-19,11,133870068602.157,0.392395180969593,0.331634699066552,0.559047215591708,0.816156456216173,2.548451276922,"USDT",0.325993429918209,0.816476393916445
2021-11-20,11,133565373563.878,0.389794557332504,0.328774013065755,0.555750555974828,0.814371223047692,2.56545398387124,"USDT",0.325993429918209,0.816517651527603
2021-11-21,11,133981771154.596,0.388909069198414,0.327799976118255,0.554710717470377,0.813588507608122,2.57129514120387,"USDT",0.32591203795119,0.816565798379958
2021-11-22,11,135628007234.915,0.385535222707553,0.324088744978308,0.547761608555893,0.815360658962893,2.5937967301072,"USDT",0.324088744978308,0.816757829800856
2021-11-23,11,135264682079.903,0.384996746619052,0.323496421280957,0.546546060976375,0.81571555915639,2.59742454652347,"USDT",0.323496421280957,0.816880347762595
2021-11-24,11,134968460141.335,0.384143063910825,0.322557370301907,0.544530943193843,0.816757829800856,2.60319681375828,"USDT",0.322557370301907,0.816956836966741
2021-11-25,11,135505469345.649,0.382938849743458,0.321232734717804,0.542224016157571,0.816956836966741,2.61138299409926,"USDT",0.321503420373249,0.817301994947534
2021-11-26,11,135561325724.838,0.382300690857002,0.320530759942703,0.541101990430963,0.816880347762595,2.6157420687844,"USDT",0.321232734717804,0.81753439066471
2021-11-27,11,136258452049.95,0.383184927612045,0.321503420373249,0.541240231958222,0.819022128053942,2.60970598773773,"USDT",0.320946833188495,0.817840307023966
2021-11-28,11,136873723776.954,0.382678939262268,0.320946833188495,0.54027409771101,0.81894480932803,2.61315661093816,"USDT",0.320617571730462,0.817840307023966
2021-11-29,11,137255162203.103,0.382096868127962,0.320306554940758,0.539105752036671,0.818995212527483,2.61713738953,"USDT",0.320530759942703,0.817840307023966
2021-11-30,11,137871221252.487,0.381310747762144,0.319441822538359,0.538554163388072,0.817840307023966,2.62253294948766,"USDT",0.320306554940758,0.817840307023966
2021-12-01,11,138270339094.363,0.380137118363748,0.318150830200123,0.537008774682849,0.816517651527603,2.63062971673057,"USDT",0.320145861315775,0.817840307023966
2021-12-02,11,139547395951.059,0.380552331726555,0.318607564899211,0.537760642015286,0.816565798379958,2.62775948701464,"USDT",0.320095720107242,0.817840307023966
2021-12-03,11,139552108731.116,0.379714429210624,0.317685872131686,0.536543721159927,0.81603914362214,2.63355807173003,"USDT",0.319441822538359,0.817840307023966
2021-12-04,11,140103497323.254,0.379712894656462,0.317684184122109,0.536520898093024,0.815838976861901,2.63356871487003,"USDT",0.319361291127995,0.817840307023966
2021-12-05,11,140852600618.325,0.37902265774504,0.316924923519544,0.533978184146724,0.81753439066471,2.63836469816714,"USDT",0.318805432557278,0.817840307023966
2021-12-06,11,143268837638.873,0.380732211415707,0.318805432557278,0.534704401302974,0.820650626366731,2.62651798302439,"USDT",0.318607564899211,0.817840307023966
2021-12-07,11,142747958592.109,0.381905200097492,0.320095720107242,0.535848526909213,0.822140694650321,2.618450860959,"USDT",0.318263055669279,0.817840307023966
2021-12-08,11,144095550101.424,0.382379610664056,0.320617571730462,0.537067472066844,0.821824642564595,2.6152022025007,"USDT",0.31817547343205,0.817840307023966
2021-12-09,11,144141023763.559,0.381950783014341,0.320145861315775,0.53655701124456,0.821243802772956,2.61813836879202,"USDT",0.318152891856448,0.817840307023966
2021-12-10,11,144026009117.563,0.381237537389086,0.319361291127995,0.535697364976319,0.820512982917478,2.62303656363044,"USDT",0.318150830200123,0.817840307023966
2021-12-11,11,143931812056.242,0.380159521301864,0.31817547343205,0.534019961741961,0.820070998865154,2.63047469276971,"USDT",0.317826803655735,0.817840307023966
2021-12-12,11,144758668202.606,0.379842548777941,0.317826803655735,0.533255737473,0.820224505517384,2.63266978177478,"USDT",0.317685872131686,0.817840307023966
2021-12-13,11,144916858884.401,0.380239141517526,0.318263055669279,0.533842802998662,0.820475640511855,2.62992388424038,"USDT",0.317684184122109,0.817657763642672
2021-12-14,11,144740820496.85,0.380138992596771,0.318152891856448,0.533823447614142,0.820314696218067,2.63061674670334,"USDT",0.317481234318113,0.81753439066471
2021-12-15,11,145410630422.592,0.379528394834649,0.317481234318113,0.53267523344505,0.820025451294073,2.63484896943133,"USDT",0.317412283643878,0.81753439066471
2021-12-16,11,145665518845.498,0.379465712403526,0.317412283643878,0.533235481614953,0.819239531240856,2.63528420964842,"USDT",0.316924923519544,0.81753439066471
2021-12-17,11,145127917501.887,0.378046911425565,0.315851602568121,0.530787095496265,0.818831627670125,2.64517436798818,"USDT",0.316924923519544,0.817657763642672
2021-12-18,11,145865644949.433,0.37702335235797,0.314725687593767,0.529975976764326,0.817292683303853,2.6523556001129,"USDT",0.316924923519544,0.817909391015337
2021-12-19,11,146116322979.694,0.37654640553475,0.314201046088225,0.529095697065274,0.817192823007865,2.65571516631491,"USDT",0.316924923519544,0.818831627670125
2021-12-20,11,145820211063.662,0.376851759204682,0.31453693512515,0.529497821713663,0.817464717433315,2.65356330592811,"USDT",0.316706286573405,0.818845899875325
2021-12-21,11,147187054244.807,0.37650032085961,0.31415035294557,0.528787007054395,0.817228491579632,2.65604023315795,"USDT",0.316706286573405,0.819239531240856
2021-12-22,11,146819366432.349,0.376316131591552,0.313947744750707,0.52817047682841,0.817334412413929,2.6573402414898,"USDT",0.316706286573405,0.819239531240856
2021-12-23,11,146970455944.529,0.375616530670927,0.31317818373802,0.526997402637432,0.816848869548822,2.66228964474433,"USDT",0.316706286573405,0.819239531240856
2021-12-24,11,146923909215.984,0.376137718168363,0.313751489985199,0.527240651233786,0.817657763642672,2.65860069782311,"USDT",0.316706286573405,0.818845899875325
2021-12-25,11,147531002296.21,0.37566505149798,0.313231556647778,0.527836750576456,0.815947837896688,2.66194578391697,"USDT",0.316641470165222,0.818845899875325
2021-12-26,11,147804527524.828,0.375987013489061,0.313585714837967,0.528282201256523,0.816246599412108,2.65966632921776,"USDT",0.316641470165222,0.818845899875325
2021-12-27,11,147798634388.305,0.376042675659043,0.313646943224947,0.528678417325037,0.815914560003939,2.65927264305155,"USDT",0.316638410233917,0.818845899875325
2021-12-28,11,147445673966.715,0.376045093374711,0.313649602712182,0.529251502833335,0.814964468670599,2.65925554572666,"USDT",0.316456610721226,0.818845899875325
2021-12-29,11,147594366867.717,0.376515808965846,0.31416738986243,0.529732389979293,0.815350997767597,2.65593097603695,"USDT",0.316453938809005,0.818845899875325
2021-12-30,11,146922925923.701,0.378377818113982,0.31621559992538,0.53138104274008,0.817909391015337,2.64286105613824,"USDT",0.31621559992538,0.818845899875325
2021-12-31,11,147610603122.969,0.378762191121743,0.316638410233917,0.531408774813526,0.818845899875325,2.64017904489991,"USDT",0.315851602568121,0.818845899875325
2022-01-01,11,147095483015.526,0.37989583303708,0.317885416340787,0.532966370605222,0.819947807896936,2.63230052302889,"USDT",0.314725687593767,0.818845899875325
2022-01-02,11,147898172402.441,0.379889951932231,0.317878947125454,0.532653120120123,0.820348127614735,2.63234127387078,"USDT",0.314565546667714,0.819947807896936
2022-01-03,11,147715698362.852,0.379062005387639,0.316968205926403,0.531299948890203,0.819971551308499,2.6380908289064,"USDT",0.31453693512515,0.819952592462002
2022-01-04,11,147662358679.125,0.378823896884914,0.316706286573405,0.530861229758666,0.819952592462002,2.63974899213869,"USDT",0.31453693512515,0.819971551308499
2022-01-05,11,147858176255.673,0.379020419786718,0.31692246176539,0.530930213726498,0.820297593386756,2.63838027661602,"USDT",0.31416738986243,0.820297593386756
2022-01-06,11,148299635506.448,0.379347310369057,0.317282041405963,0.531169298632896,0.820860498338091,2.63610673561156,"USDT",0.31416738986243,0.820348127614735
2022-01-07,11,148367223923.553,0.379060518437434,0.316966570281177,0.530033319858395,0.821373732498514,2.63810117741148,"USDT",0.314565546667714,0.820348127614735
2022-01-08,11,144689479542.075,0.383847375875888,0.322232113463477,0.542530655500271,0.817912933018962,2.60520212680401,"USDT",0.315630046508424,0.820704425643063
2022-01-09,11,148167107842.605,0.378764972877475,0.316641470165222,0.528434487959532,0.822579792065836,2.64015965468773,"USDT",0.315630046508424,0.820860498338091
2022-01-10,11,147750030678.337,0.379091249148665,0.317000374063532,0.528285791683838,0.82362198478892,2.63788732197255,"USDT",0.315630046508424,0.821194257377322
2022-01-11,11,148742483883.281,0.378594489826369,0.316453938809005,0.527634440931416,0.823364111028013,2.64134853219502,"USDT",0.315630046508424,0.821373732498514
2022-01-12,11,148988216153.683,0.378596918837478,0.316456610721226,0.527256901687002,0.823697056867493,2.64133158576833,"USDT",0.315630046508424,0.821531264536018
2022-01-13,11,149749409174.422,0.376877769697921,0.314565546667714,0.524089024472449,0.823083215989214,2.6533801683276,"USDT",0.315630046508424,0.821734961800159
2022-01-14,11,150036464553.625,0.375742979119905,0.313317277031895,0.522242934181795,0.822407149050673,2.66139370678936,"USDT",0.315630046508424,0.821749479856343
2022-01-15,11,150309029393.413,0.375613464055923,0.313174810461515,0.522020824222651,0.822316121503625,2.66231138043315,"USDT",0.314565546667714,0.822197894347989
2022-01-16,11,150404492817.378,0.374704584286719,0.312175042715391,0.520759969038112,0.821531264536018,2.66876905683869,"USDT",0.313317277031895,0.822316121503625
2022-01-17,11,150822130185.004,0.374186893807366,0.311605583188103,0.519972529474753,0.821194257377322,2.6724613195961,"USDT",0.313174810461515,0.822316121503625
2022-01-18,11,150999976372.658,0.374185093999893,0.311603603399883,0.519501310093269,0.821734961800159,2.672474173972,"USDT",0.312175042715391,0.822316121503625
2022-01-19,11,150957106621.506,0.374343002720355,0.311777302992391,0.519243307509195,0.822406194593414,2.67134684696385,"USDT",0.311777302992391,0.822316121503625
2022-01-20,11,151431418923.763,0.373376586059373,0.31071424466531,0.517598126633012,0.821749479856343,2.67826113724491,"USDT",0.311605583188103,0.822316121503625
2022-01-21,11,151679713628.066,0.372932672239371,0.310225939463308,0.516104605448395,0.822197894347989,2.68144915808862,"USDT",0.311603603399883,0.822316121503625
2022-01-22,11,147477638988.379,0.378082670635696,0.315890937699265,0.529875765059732,0.819633438661223,2.64492418633902,"USDT",0.311323848195439,0.822316121503625
2022-01-23,11,148467853504.937,0.37784549682584,0.315630046508424,0.528386011199537,0.820704425643063,2.64658440659127,"USDT",0.311010689497625,0.822316121503625
2022-01-24,11,152685881613.841,0.373930771086763,0.311323848195439,0.512884243562745,0.826997482002631,2.67429181367899,"USDT",0.31071424466531,0.822316121503625
2022-01-25,11,153512124902.69,0.373646081361477,0.311010689497625,0.512464524254744,0.826625033965449,2.67632941942343,"USDT",0.310225939463308,0.822197894347989
2022-01-26,11,153776511716.304,0.372005057189067,0.309205562907974,0.50898067453646,0.826007692223878,2.68813549889931,"USDT",0.309205562907974,0.821749479856343
2022-01-27,11,155142454182.772,0.370741797322267,0.307815977054494,0.507616234296111,0.824500398909091,2.69729501022716,"USDT",0.307815977054494,0.821734961800159
2022-01-28,11,155633434270.024,0.370154425102441,0.307169867612685,0.505796031779064,0.824450209670392,2.7015751594034,"USDT",0.307169867612685,0.821618330387447
2022-01-29,11,155173623777.019,0.369430860764891,0.30637394684138,0.504269664445451,0.824103163126318,2.70686644296457,"USDT",0.30637394684138,0.821531264536018
2022-01-30,11,155551069732.905,0.369236513762024,0.306160165138227,0.503801753117936,0.824098303139171,2.70829119745321,"USDT",0.306160165138227,0.821194257377322
2022-01-31,11,155397528175.176,0.368817020045513,0.305698722050064,0.503215097506793,0.823648198247203,2.7113716169514,"USDT",0.305698722050064,0.820704425643063
2022-02-01,11,155767455837.281,0.367132492566045,0.30384574182265,0.501149494742164,0.821618330387447,2.72381230277542,"USDT",0.30384574182265,0.820549941357004
2022-02-02,11,156324552231.876,0.36585951715276,0.302445468868036,0.499070269583935,0.820549941357004,2.73328956366184,"USDT",0.302445468868036,0.819633438661223
2022-02-03,11,156909898905.554,0.364737941975289,0.301211736172818,0.497343229763887,0.819379918307069,2.74169447407736,"USDT",0.301211736172818,0.819379918307069
2022-02-04,11,157766157079.565,0.362977076506215,0.299274784156837,0.494808338815314,0.817386751806232,2.7549949149003,"USDT",0.299274784156837,0.817386751806232
2022-02-05,11,158348970827.507,0.361675252333158,0.297842777566474,0.492982083618985,0.815857285117025,2.76491132182538,"USDT",0.297842777566474,0.815857285117025
2022-02-06,11,158502508036.957,0.361113232390491,0.29722455562954,0.49250233037124,0.81505736500079,2.76921450200043,"USDT",0.29722455562954,0.81505736500079
2022-02-07,11,158730682565.221,0.360958184544514,0.297054002998966,0.492428253445163,0.814807018339963,2.77040400472393,"USDT",0.297054002998966,0.814807018339963
2022-02-08,11,159197542905.658,0.359655984827448,0.295621583310193,0.490564064474349,0.813283277900815,2.78043475483876,"USDT",0.295621583310193,0.813283277900815
2022-02-09,11,159848949695.715,0.357849322569835,0.293634254826818,0.488212287744586,0.811125317126383,2.79447224552129,"USDT",0.293634254826818,0.811125317126383
2022-02-10,11,160361643279.834,0.356894516925785,0.292583968618364,0.486481116580178,0.810126616892644,2.8019483420866,"USDT",0.292583968618364,0.810126616892644
2022-02-11,11,161294868046.656,0.356692127192331,0.292361339911564,0.486781153751812,0.809511802530278,2.80353818816077,"USDT",0.292583968618364,0.810126616892644
2022-02-12,11,161866608692.182,0.355380740706097,0.290918814776707,0.485032913887464,0.807833265509812,2.81388349299156,"USDT",0.292583968618364,0.810126616892644
2022-02-13,11,161733602503.116,0.35613773184983,0.291751505034813,0.485558472710175,0.809146428569855,2.80790242248654,"USDT",0.292583968618364,0.810126616892644
2022-02-14,11,162007813530.052,0.356130231813217,0.291743254994538,0.485385686942937,0.80928008078669,2.80796155639064,"USDT",0.292465601912988,0.810126616892644
2022-02-15,11,161811963708.505,0.356570003293756,0.292227003623131,0.485495252291108,0.809994200032197,2.80449838955231,"USDT",0.292361339911564,0.809994200032197
2022-02-16,11,162429352490.608,0.354953437082646,0.29044878079091,0.484047479477579,0.807538549527159,2.81727093057325,"USDT",0.292361339911564,0.809994200032197
2022-02-17,11,162389987205.18,0.355712375410518,0.29128361295157,0.484837715546518,0.808647872489657,2.81126007731929,"USDT",0.292361339911564,0.809994200032197
2022-02-18,11,162502295999.022,0.3556689569963,0.29123585269593,0.484748657325539,0.808256058254178,2.81160326289146,"USDT",0.292361339911564,0.809994200032197
2022-02-19,11,162687672265.206,0.35481730605802,0.290299036663822,0.483918602935295,0.806967983847709,2.81835181916543,"USDT",0.292361339911564,0.809994200032197
2022-02-20,11,163258871732.394,0.355293496266114,0.290822845892725,0.484742030361646,0.807448893126915,2.81457445888906,"USDT",0.292361339911564,0.809994200032197
2022-02-21,11,163150850402.31,0.355743360676784,0.291317696744462,0.485214023828202,0.808119275861157,2.81101521641205,"USDT",0.292361339911564,0.809994200032197
2022-02-22,11,163322141167.447,0.356351858677374,0.291987044545111,0.486098500123312,0.808821578373542,2.80621519335292,"USDT",0.292361339911564,0.809994200032197
2022-02-23,11,163708054913.963,0.35553162221054,0.291084784431594,0.484872960297078,0.807581415024734,2.81268932924289,"USDT",0.292361339911564,0.809994200032197
2022-02-24,11,163833383781.707,0.356410918554789,0.292052010410268,0.486042245275778,0.808750000956339,2.80575018311701,"USDT",0.292361339911564,0.809994200032197
2022-02-25,11,164253591916.151,0.356320202695794,0.291952222965373,0.484808705309988,0.808997503667009,2.8064645014073,"USDT",0.292361339911564,0.809994200032197
2022-02-26,11,163432395863.909,0.357830021498885,0.293613023648773,0.486283048672998,0.811526144738254,2.79462297716436,"USDT",0.292361339911564,0.809994200032197
2022-02-27,11,163899664151.88,0.357862672861859,0.293648940148045,0.486147441593394,0.81167635642758,2.79436799597709,"USDT",0.292465601912988,0.809994200032197
2022-02-28,11,164391756918.281,0.357706698636353,0.293477368499988,0.485756850593077,0.811624530043217,2.79558645060938,"USDT",0.293477368499988,0.810024374886153
2022-03-01,11,164118100237.724,0.356786910829989,0.292465601912988,0.484638549584462,0.810370380485927,2.80279340313722,"USDT",0.293613023648773,0.810305222332769
2022-03-02,11,164152695743.806,0.356337787761008,0.291971566537109,0.483851885487676,0.809982439716002,2.80632600399565,"USDT",0.293648940148045,0.810364905702379
2022-03-03,11,164204736923.783,0.3580160825851,0.29381769084361,0.486312154040726,0.811885795372421,2.79317061060323,"USDT",0.29371932859308,0.810370380485927
2022-03-04,11,163838432884.764,0.357957703549063,0.293753473903969,0.485902379706227,0.811922922326993,2.79362614656773,"USDT",0.293752467275299,0.810380872737055
2022-03-05,11,163450174347.189,0.358648023503059,0.294512825853365,0.488490206762809,0.811802681111303,2.78824901984012,"USDT",0.293753473903969,0.810390986441548
2022-03-06,11,163527623264.051,0.358748335171143,0.294623168688257,0.488370213201956,0.812118807056704,2.78746938162917,"USDT",0.29381769084361,0.810448703989139
2022-03-07,11,163745843071.591,0.358700770786814,0.294570847865495,0.489118922897444,0.811610748323315,2.78783900521454,"USDT",0.29391061341888,0.810464668372222
2022-03-08,11,162985605502.986,0.358419699047233,0.294261668951956,0.490208447046156,0.810380872737055,2.79002522087442,"USDT",0.293910872528459,0.811184779305103
2022-03-09,11,163222209196.331,0.359056784710561,0.294962463181617,0.49056392181604,0.811553116634762,2.78507479201684,"USDT",0.294008936539995,0.811526144738254
2022-03-10,11,163428072577.566,0.35822465026733,0.294047115294064,0.489781326226588,0.810305222332769,2.79154435423061,"USDT",0.294047115294064,0.811553116634762
2022-03-11,11,163583845296.488,0.35810079320769,0.293910872528459,0.48930292006961,0.810464668372222,2.79250987143171,"USDT",0.294195512418736,0.811610748323315
2022-03-12,11,163613302907.616,0.358189942309086,0.294008936539995,0.489768928989587,0.810390986441548,2.79181484983486,"USDT",0.294261668951956,0.811624530043217
2022-03-13,11,163622239756.296,0.35795678843209,0.293752467275299,0.489642718660671,0.810024374886153,2.79363328847643,"USDT",0.294512825853365,0.81167635642758
2022-03-14,11,163657897070.935,0.357926662357345,0.29371932859308,0.489616021801369,0.809980577475837,2.79386842381031,"USDT",0.294570847865495,0.811737589898516
2022-03-15,11,163525013621.261,0.358100557653527,0.29391061341888,0.489663955668233,0.810364905702379,2.79251170831052,"USDT",0.294619305513615,0.811802681111303
2022-03-16,11,163325711502.964,0.358359556744305,0.294195512418736,0.490201068622864,0.810448703989139,2.79049346160877,"USDT",0.294623168688257,0.811885795372421
2022-03-17,11,163217070663.686,0.358832484493995,0.294715732943395,0.490652484724686,0.811184779305103,2.78681569593718,"USDT",0.294715732943395,0.811908575781368
2022-03-18,11,163753460977.422,0.358744823194196,0.294619305513615,0.489508332679091,0.811938716261041,2.78749666990645,"USDT",0.294747125219878,0.811922922326993
2022-03-19,11,164292835354.205,0.358861022927162,0.294747125219878,0.490175271955954,0.811737589898516,2.78659407433883,"USDT",0.294901144036319,0.811938716261041
2022-03-20,11,164540851198.975,0.359156128742528,0.295071741616781,0.49070029206178,0.811993905787143,2.78430442911049,"USDT",0.294962463181617,0.811993905787143
2022-03-21,11,164814184430.426,0.359001040033017,0.294901144036319,0.490415611714052,0.811908575781368,2.78550725064203,"USDT",0.294982753463478,0.812118807056704
2022-03-22,11,164669112766.908,0.359075230421344,0.294982753463478,0.490225062843793,0.812283114740985,2.78493172259915,"USDT",0.295071741616781,0.812283114740985
2022-03-23,11,164285642722.187,0.359895804489267,0.295885384938194,0.492102895146333,0.812572512974933,2.77858198824828,"USDT",0.295885384938194,0.812412449178179
2022-03-24,11,163788114938.866,0.360149301150834,0.296164231265917,0.493021830580256,0.812412449178179,2.77662624029691,"USDT",0.296164231265917,0.812572512974933
2022-03-25,11,163848747857.498,0.361501741099035,0.297651915208939,0.493916437170375,0.814335516174661,2.76623840582291,"USDT",0.297651915208939,0.814170366877943
2022-03-26,11,163409115791.471,0.363132115044374,0.299445326548812,0.497469330527592,0.814909655565683,2.7538186752714,"USDT",0.299445326548812,0.814170366877943
2022-03-27,11,163508913374.552,0.363148285676136,0.299463114243749,0.497250235468629,0.815081753531399,2.75369605046635,"USDT",0.29944581509587,0.814335516174661
2022-03-28,11,163367287867.473,0.363132559178064,0.29944581509587,0.497017407650442,0.815216192496844,2.75381530718,"USDT",0.299463114243749,0.814402327060057
2022-03-29,11,163497407600.179,0.363591279062581,0.299950406968839,0.497561134866494,0.815811498325969,2.7503409943666,"USDT",0.299907364883484,0.814684456434589
2022-03-30,11,163826677407.713,0.363951573428389,0.300346730771228,0.498483228447554,0.815870738060263,2.74761829047776,"USDT",0.299950406968839,0.814909655565683
2022-03-31,11,164226338191.942,0.36424353361683,0.300667886978513,0.498887414110453,0.816330115934042,2.7454159311225,"USDT",0.300346730771228,0.815081753531399
2022-04-01,11,163788989435.451,0.365116287907369,0.301627916698106,0.500918684235252,0.816629048691111,2.73885343689105,"USDT",0.300667886978513,0.815216192496844
2022-04-02,11,164549743283.155,0.363552149894076,0.299907364883484,0.49897301369191,0.814684456434589,2.7506370139507,"USDT",0.30088785904853,0.815220738835139
2022-04-03,11,164462351606.673,0.364443508225936,0.30088785904853,0.500252352884324,0.815540026339881,2.74390948783221,"USDT",0.300894196302122,0.815287861967618
2022-04-04,11,164376601503.471,0.364710788811993,0.301181867693192,0.501218991433443,0.815287861967618,2.74189859657674,"USDT",0.301181867693192,0.815420003061335
2022-04-05,11,164407071212.213,0.364806995275468,0.301287694803015,0.501493080607125,0.815420003061335,2.74117550636575,"USDT",0.301287694803015,0.815526187536805
2022-04-06,11,164229742873.958,0.364449269365566,0.300894196302122,0.501813423178185,0.814170366877943,2.74386611267133,"USDT",0.301627916698106,0.815540026339881
2022-04-07,11,163353421993.213,0.365977889933123,0.302575678926435,0.504567900074838,0.815220738835139,2.73240550182618,"USDT",0.301798659372452,0.815711946793088
2022-04-08,11,163560958555.836,0.366163137034233,0.302779450737657,0.504458162912177,0.815769850386777,2.73102313930227,"USDT",0.302042391700139,0.815769850386777
2022-04-09,11,163608478773.024,0.366143534837202,0.302757888320922,0.504754879457551,0.815526187536805,2.73116934986884,"USDT",0.302575678926435,0.815811498325969
2022-04-10,11,163925227387.2,0.365271508520411,0.301798659372452,0.50394104809587,0.814031292555071,2.73768957247899,"USDT",0.302757888320922,0.815870738060263
2022-04-11,11,164111975994.246,0.365493083363763,0.302042391700139,0.504013817008899,0.814402327060057,2.73602988816271,"USDT",0.302779450737657,0.816330115934042
2022-04-12,11,163368770000.423,0.366780007680899,0.303458008448989,0.505817994956292,0.815711946793088,2.72642995544623,"USDT",0.303458008448989,0.816629048691111
2022-04-13,11,163389334921.405,0.367789341460625,0.304568275606688,0.507265371457395,0.816692098426806,2.71894774337026,"USDT",0.304568275606688,0.816692098426806
2022-04-14,11,162744344967.975,0.368708684580525,0.305579553038577,0.508384375339232,0.817780785772763,2.7121682830381,"USDT",0.30553820146657,0.816790881481071
2022-04-15,11,162728543694.682,0.368671092242337,0.30553820146657,0.508797981235934,0.817455929328094,2.71244483509077,"USDT",0.305579553038577,0.817008814309907
2022-04-16,11,162594537258.382,0.368741695933219,0.30561586552654,0.509034786663152,0.817376524926846,2.71192547799397,"USDT",0.30561586552654,0.817084363107966
2022-04-17,11,162544372728.382,0.368859567350196,0.305745524085215,0.509386681749202,0.817327289512346,2.71105886498695,"USDT",0.305745524085215,0.817105588835141
2022-04-18,11,162502751384.837,0.369060242055013,0.305966266260514,0.509599361225312,0.817586227794529,2.70958473996486,"USDT",0.305966266260514,0.817105588835141
2022-04-19,11,162215230439.872,0.369433450032367,0.306376795035603,0.510389644920163,0.817760221830391,2.70684747120865,"USDT",0.306142685614507,0.817105588835141
2022-04-20,11,162375218911.194,0.369326393878954,0.30625903326685,0.509850136272231,0.817892677657834,2.70763210150571,"USDT",0.30625903326685,0.81720132025032
2022-04-21,11,162355697710.53,0.370135553229049,0.307149108551954,0.511358147217767,0.818483485090213,2.70171290295146,"USDT",0.306303765262358,0.817206432392566
2022-04-22,11,162563246582.653,0.369924432638644,0.306916875902508,0.511311134722279,0.818033595967639,2.7032548049532,"USDT",0.306303765262358,0.817227534878275
2022-04-23,11,162853213076.609,0.369367059329416,0.306303765262358,0.510783961680164,0.817105588835141,2.70733400486631,"USDT",0.306346050085678,0.817327289512346
2022-04-24,11,162870470623.268,0.36942653545268,0.306369188997948,0.510826181678256,0.817227534878275,2.70689813544293,"USDT",0.306369188997948,0.817376524926846
2022-04-25,11,162914291105.555,0.369405500077889,0.306346050085678,0.510829513182255,0.81720132025032,2.70705227666927,"USDT",0.306376795035603,0.817410105509883
2022-04-26,11,162824678153.63,0.369220623285916,0.306142685614507,0.510608645288077,0.816790881481071,2.70840775658846,"USDT",0.306916875902508,0.817455929328094
2022-04-27,11,162256241612.999,0.370241933730099,0.307266127103109,0.512858995542402,0.817084363107966,2.7009366279104,"USDT",0.307149108551954,0.817586227794529
2022-04-28,11,162034434283.296,0.370763459318485,0.307839805250333,0.51318728725736,0.818008117206325,2.69713741973964,"USDT",0.307266127103109,0.817649929879079
2022-04-29,11,161879536791.022,0.371238892514337,0.308362781765771,0.513589045510256,0.818649804019599,2.69368328632588,"USDT",0.307461068305102,0.817686197621391
2022-04-30,11,162195804125.221,0.370419153004638,0.307461068305102,0.513140581434088,0.817008814309907,2.69964442143055,"USDT",0.307461068305102,0.817686197621391
2022-05-01,11,162225289556.602,0.37106035410706,0.308166389517766,0.514252106889734,0.817410105509883,2.69497937176946,"USDT",0.307461068305102,0.817760221830391
2022-05-02,11,162202364529.553,0.370606614547998,0.307667276002798,0.513355957057299,0.817206432392566,2.69827887777887,"USDT",0.307461068305102,0.817892677657834
2022-05-03,11,161954281159.289,0.370570599332473,0.30762765926572,0.513401139959027,0.816826308547403,2.69854111956358,"USDT",0.307461068305102,0.818008117206325
2022-05-04,11,161914578673.429,0.370944495806916,0.308038945387608,0.514104562220246,0.816914739517147,2.69582110343678,"USDT",0.307461068305102,0.818033595967639
2022-05-05,11,161391940698.632,0.371931572058103,0.309124729263913,0.515425078936982,0.817649929879079,2.68866661269557,"USDT",0.307461068305102,0.818483485090213
2022-05-06,11,161563570591.571,0.371964980396506,0.309161478436156,0.515405487549401,0.817686197621391,2.68842512790861,"USDT",0.307461068305102,0.818483485090213
2022-05-07,10,160657929364.584,0.374245507034055,0.304717230037839,0.518396472644932,0.819951121800883,2.67204276659226,"USDT",0.307461068305102,0.818559983319231
2022-05-08,11,160751720696.104,0.374394617099433,0.311834078809376,0.51853767332617,0.82027391574912,2.67097857268182,"USDT",0.307461068305102,0.818649804019599
2022-05-09,11,160051010090.522,0.376926127882331,0.314618740670564,0.520332311562396,0.823988063007411,2.65303974977341,"USDT",0.307461068305102,0.818748401759342
2022-05-10,11,159695160294.498,0.378493054024225,0.316342359426647,0.521398832651953,0.826086179907731,2.6420564112545,"USDT",0.307461068305102,0.818882980338676
2022-05-11,11,159134420957.389,0.379977531265982,0.31797528439258,0.52313623131088,0.827607889110088,2.63173455722045,"USDT",0.307461068305102,0.819338943677834
2022-05-12,11,158397284085.595,0.381524871403554,0.319677358543909,0.52204743401257,0.83147789466071,2.62106110231084,"USDT",0.307461068305102,0.819776273732625
2022-05-13,11,155657433575.324,0.376801323552784,0.314481455908063,0.51033962000135,0.830563745528728,2.65391849097344,"USDT",0.307461068305102,0.819838929609094
2022-05-14,11,156704576288.477,0.373496968073274,0.310846664880601,0.503559521030693,0.828618451764463,2.67739790541972,"USDT",0.305146333574582,0.819838929609094
2022-05-15,11,154232079240.773,0.368314848704165,0.305146333574582,0.49268166016407,0.825372129405828,2.71506838108287,"USDT",0.304717230037839,0.819874580882646
2022-05-16,11,154252701377.562,0.367607925150864,0.30436871766595,0.492018452971739,0.824434108553102,2.72028955738537,"USDT",0.30436871766595,0.819951121800883
2022-05-17,11,155442976775.376,0.365847996108359,0.302432795719195,0.48799885511917,0.823637266035586,2.73337563861854,"USDT",0.302432795719195,0.819951121800883
2022-05-18,11,154317943713.743,0.362754743250611,0.299030217575672,0.481538000002409,0.820980712557662,2.75668345791731,"USDT",0.299030217575672,0.819951121800883
2022-05-19,11,154540009258.346,0.36223797563848,0.298461773202328,0.480681932654224,0.820254852421206,2.76061613428963,"USDT",0.298461773202328,0.819951121800883
2022-05-20,11,155278972376.306,0.360858142406775,0.296943956647453,0.478525863423856,0.818748401759342,2.77117205484242,"USDT",0.296943956647453,0.819951121800883
2022-05-21,11,154360295313.052,0.359743193448257,0.295717512793083,0.474906335135948,0.81841201053568,2.77976072435081,"USDT",0.29631357748999,0.819951121800883
2022-05-22,11,154570777198.375,0.359713119041815,0.295684430945997,0.474448133745104,0.818559983319231,2.77999313081421,"USDT",0.296254047931406,0.819951121800883
2022-05-23,11,154546266496.289,0.359801017678454,0.2957811194463,0.474244749356838,0.818882980338676,2.7793139843025,"USDT",0.296048129229222,0.819881784878258
2022-05-24,11,154490925636.615,0.360230952664914,0.296254047931406,0.474418384750557,0.819838929609094,2.77599687812001,"USDT",0.2957811194463,0.819874580882646
2022-05-25,11,154597397962.218,0.360043753844747,0.296048129229222,0.474012901461227,0.819776273732625,2.77744021197825,"USDT",0.295765952766011,0.819838929609094
2022-05-26,11,154690133698.988,0.359787229787283,0.295765952766011,0.473746905944981,0.819338943677834,2.77942049413825,"USDT",0.295717512793083,0.819776273732625
2022-05-27,11,154451853313.473,0.360285070445445,0.29631357748999,0.474854948270735,0.81995683274266,2.77557990055939,"USDT",0.295684430945997,0.819766533622223
2022-05-28,11,153953073789.465,0.359328986349306,0.295261884984236,0.471434203194298,0.819874580882646,2.78296502088449,"USDT",0.295622254293813,0.81972853130958
2022-05-29,11,154164579621.736,0.359064659349552,0.294971125284507,0.470729035078792,0.819697621315462,2.78501371260404,"USDT",0.295426517515881,0.81972853130958
2022-05-30,11,154144284340.938,0.359656594812557,0.295622254293813,0.471194164125678,0.820807445988726,2.78043003916325,"USDT",0.295426517515881,0.81972853130958
2022-05-31,11,153995386591.665,0.359478652287165,0.295426517515881,0.471094786468953,0.820630322337856,2.78180635661548,"USDT",0.295261884984236,0.81972853130958
2022-06-01,11,154432573279.725,0.358268738891865,0.294095612781052,0.469354308267725,0.819045138264768,2.79120082620947,"USDT",0.294971125284507,0.81972853130958
2022-06-02,11,154554410466.987,0.358148614880662,0.293963476368728,0.469137043190996,0.81899725528904,2.79213700249325,"USDT",0.294957733233084,0.81972853130958
2022-06-03,11,154565882086.408,0.358618252698465,0.294480077968311,0.469745995664861,0.819603286896481,2.78848048719044,"USDT",0.294889404592037,0.819697621315462
2022-06-04,11,154586985864.539,0.358724807044038,0.294597287748442,0.469471952217173,0.819881784878258,2.78765220682727,"USDT",0.294709193822829,0.819697621315462
2022-06-05,11,154505386637.27,0.358709328634953,0.294580261498449,0.46964955326537,0.819766533622223,2.78777249480921,"USDT",0.294597287748442,0.81972853130958
2022-06-06,11,154610424976.094,0.358579172973478,0.294437090270826,0.469249139800832,0.81972853130958,2.78878438953275,"USDT",0.294580261498449,0.819766533622223
2022-06-07,11,154343122268.047,0.357935999667368,0.293729599634105,0.469477312508491,0.818235410491229,2.79379554146357,"USDT",0.294480077968311,0.819766533622223
2022-06-08,11,154351615769.338,0.35835382834844,0.294189211183283,0.469848402203891,0.819094763873008,2.79053806850269,"USDT",0.294437090270826,0.819776273732625
2022-06-09,11,154098267173.251,0.358433104573901,0.294276415031291,0.470348587849225,0.819187603590121,2.78992087293048,"USDT",0.29436471222375,0.819776273732625
2022-06-10,11,154174657562.116,0.358513374748864,0.29436471222375,0.470139732722205,0.819416431546897,2.78929621719272,"USDT",0.294299398993907,0.819874259224142
2022-06-11,11,154454490574.033,0.357910014478728,0.293701015926601,0.469527874510576,0.81855070736939,2.79399837821368,"USDT",0.294276415031291,0.819874580882646
2022-06-12,11,154340477175.143,0.35845399908537,0.294299398993907,0.470234527810764,0.819299727781461,2.7897582466693,"USDT",0.294189211183283,0.819874580882646
2022-06-13,11,154515967728.345,0.358990367810943,0.294889404592037,0.469449412806053,0.82087768505693,2.78559005941529,"USDT",0.294095612781052,0.819881784878258
2022-06-14,11,154352483269.104,0.359907934341295,0.295898727775424,0.470185995893934,0.821929060908916,2.7784883426652,"USDT",0.293963476368728,0.819884509810452
2022-06-15,11,153175537802.837,0.359052484757349,0.294957733233084,0.467809039243875,0.821666008976279,2.78510814561222,"USDT",0.293729599634105,0.819881784878258
2022-06-16,11,152641410980.438,0.358826539838935,0.294709193822829,0.464933918199279,0.821918042621455,2.78686186492467,"USDT",0.293701015926601,0.819874259224142
2022-06-17,11,152263750337.175,0.35777047444044,0.293547521884484,0.461275435129346,0.821537587477293,2.79508811218706,"USDT",0.293547521884484,0.819874259224142
2022-06-18,11,150606179998.005,0.355258232814816,0.290784056096298,0.453354821491188,0.819575454560274,2.81485383766255,"USDT",0.292644394218525,0.819874259224142
2022-06-19,11,150662808593.836,0.355557290349809,0.29111301938479,0.452342982064066,0.820490676673755,2.81248627757335,"USDT",0.29111301938479,0.819874259224142
2022-06-20,11,150764414446.054,0.356949449289568,0.292644394218525,0.451086647825067,0.82338013380258,2.80151713916435,"USDT",0.291083399820596,0.819766533622223
2022-06-21,11,149783002706.963,0.355530363473269,0.291083399820596,0.448477621686156,0.821544533754923,2.81269928742721,"USDT",0.290784056096298,0.81972853130958
2022-06-22,11,150077274134.559,0.353871900430672,0.28925909047374,0.446734625020616,0.819138297264556,2.82588133949876,"USDT",0.290482572281956,0.819575454560274
2022-06-23,11,150012108415.589,0.354427530630458,0.289870283693503,0.447133768305259,0.819874259224142,2.82145125188552,"USDT",0.290462924429048,0.819575454560274
2022-06-24,11,149602792697.241,0.354650185551737,0.29011520410691,0.44764542297033,0.820224899002708,2.81967990075708,"USDT",0.290212886754411,0.819575454560274
2022-06-25,11,149726930145.965,0.354738987958556,0.290212886754411,0.447111189070164,0.820532293631493,2.81897404555044,"USDT",0.290157842188971,0.819575454560274
2022-06-26,11,149856323853.705,0.354688947444519,0.290157842188971,0.446690432098051,0.820561160829997,2.81937175433531,"USDT",0.29011520410691,0.819575454560274
2022-06-27,11,149756273959.999,0.354966294935498,0.290462924429048,0.446704491490264,0.82100144844919,2.81716888129255,"USDT",0.289874196577875,0.819575454560274
2022-06-28,11,149398580753.88,0.354431087798069,0.289874196577875,0.447423615104104,0.819884509810452,2.82142293502689,"USDT",0.289870283693503,0.819575454560274
2022-06-29,11,149250081584.621,0.35498415661996,0.290482572281956,0.4478388614394,0.820670343101937,2.81702713022931,"USDT",0.28925909047374,0.819138297264556
2022-06-30,11,149210577563.355,0.353624738753474,0.288987212628821,0.445785929189992,0.818716119288757,2.82785645462757,"USDT",0.288987212628821,0.818716119288757
2022-07-01,11,149658880850.93,0.353303453157315,0.288633798473047,0.443409226789536,0.818661182190774,2.83042803873964,"USDT",0.288633798473047,0.818661182190774
2022-07-02,11,149487057506.242,0.352278905015257,0.287506795516782,0.443535192534062,0.81685452647436,2.8386598963588,"USDT",0.287688597822218,0.81707081319318
2022-07-03,11,149454647593.406,0.35244417983838,0.287688597822218,0.443629645773992,0.81707081319318,2.83732873801057,"USDT",0.287506795516782,0.817030813861083
2022-07-04,11,149378522570.718,0.352166850854252,0.287383535939678,0.442604112013482,0.816867434882394,2.83956311496751,"USDT",0.287439568305547,0.816867434882394
2022-07-05,11,149362350627.119,0.352217789368679,0.287439568305547,0.442334398750055,0.817030813861083,2.83915245107982,"USDT",0.287383535939678,0.81685452647436
2022-07-06,11,149202959376.091,0.352110399256415,0.287321439182057,0.442160473744645,0.816835080092634,2.8400183638762,"USDT",0.287370769822928,0.816835080092634
2022-07-07,11,148957003213.647,0.35215524529357,0.287370769822928,0.442985865658531,0.816693564356203,2.83965669506459,"USDT",0.287321439182057,0.816693564356203
2022-07-08,11,148929839884.86,0.351766379453135,0.286943017398448,0.443555819200876,0.815929893939883,2.84279583954165,"USDT",0.287081723308403,0.816013352204769
2022-07-09,11,149056865617.492,0.351892475734912,0.287081723308403,0.443995894968715,0.816013352204769,2.84177715909254,"USDT",0.286943017398448,0.815929893939883
2022-07-10,11,149015507702.765,0.351561635935577,0.286717799529135,0.442919550149782,0.815723651934732,2.84445143548953,"USDT",0.286941952658139,0.815912840816006
2022-07-11,11,148858311927.782,0.351765411507399,0.286941952658139,0.443338849806609,0.815912840816006,2.8428036620052,"USDT",0.286879115020394,0.815723651934732
2022-07-12,11,149019434893.803,0.351285503844676,0.286414054229144,0.442679981458844,0.815135990173979,2.84668734990601,"USDT",0.286717799529135,0.815675262534455
2022-07-13,11,148627264867.664,0.351708286382176,0.286879115020394,0.443556097929894,0.815675262534455,2.84326539555389,"USDT",0.286550395428059,0.81531117375674
2022-07-14,11,149034358229.906,0.351409450389145,0.286550395428059,0.443104148624,0.81531117375674,2.84568328738063,"USDT",0.286414054229144,0.815135990173979
2022-07-15,11,148796886761.195,0.350623521451779,0.285685873596957,0.442365678588225,0.814008604097711,2.85206193771438,"USDT",0.286055542430324,0.814268884380316
2022-07-16,11,148010315168.104,0.350959584027567,0.286055542430324,0.444385271866073,0.814268884380316,2.84933093584204,"USDT",0.285854303829665,0.814031479095893
2022-07-17,11,148254474733.416,0.35077663984515,0.285854303829665,0.444163443171504,0.814031479095893,2.85081697698413,"USDT",0.285685873596957,0.814008604097711
2022-07-18,11,148421166004.935,0.350338677108645,0.285372544819509,0.443671077028932,0.813550954716534,2.85438081873526,"USDT",0.285372544819509,0.813550954716534
2022-07-19,11,148697594395.037,0.3493676668829,0.28430443357119,0.442844848231571,0.811876813458122,2.86231410285364,"USDT",0.284922396095527,0.813251361700902
2022-07-20,11,148656021199.207,0.34957665943479,0.284534325378269,0.443429526935159,0.812272840736799,2.86060288354732,"USDT",0.28488842146676,0.813140264463614
2022-07-21,11,148608156427.052,0.349436652934417,0.284380318227859,0.443398256746329,0.812108698968409,2.86174902261235,"USDT",0.28488478241219,0.813101401809331
2022-07-22,11,148778169345.801,0.349929450995934,0.284922396095527,0.443289660877889,0.813101401809331,2.85771888348894,"USDT",0.28483027505986,0.81308245147519
2022-07-23,11,148649654451.878,0.349512455230189,0.284463700753208,0.44301482876709,0.812382081497079,2.861128366202,"USDT",0.284696250770622,0.812923733989557
2022-07-24,11,148995914019.575,0.349583647275759,0.284542012003335,0.442574935781137,0.812718226561692,2.86054570284627,"USDT",0.284542012003335,0.812718226561692
2022-07-25,11,149078818714.548,0.349723864336929,0.284696250770622,0.442779625941896,0.812923733989557,2.85939880567197,"USDT",0.284534325378269,0.812382081497079
2022-07-26,11,149203736583.005,0.349895256738354,0.28488478241219,0.443079170610128,0.81308245147519,2.8579981601402,"USDT",0.284534325378269,0.812272840736799
2022-07-27,11,148948473456.408,0.349845704599873,0.28483027505986,0.442768014867646,0.813140264463614,2.85840296694145,"USDT",0.284505006063025,0.812242906537855
2022-07-28,11,148836252568.14,0.349898564969782,0.28488842146676,0.443030175730623,0.813251361700902,2.85797113825363,"USDT",0.284463700753208,0.812108698968409
2022-07-29,11,148605650571.755,0.349371938079418,0.28430913188736,0.443429902549897,0.812242906537855,2.86227911004313,"USDT",0.284463700753208,0.812108698968409
2022-07-30,11,148852443250.391,0.349152722395904,0.284067994635494,0.443823736302466,0.811815249362615,2.86407619318546,"USDT",0.284463700753208,0.812108698968409
2022-07-31,11,148485796465.32,0.349059978861029,0.283965976747132,0.44447858862699,0.811422923235309,2.86483716426892,"USDT",0.284463700753208,0.812108698968409
2022-08-01,11,148317756234.347,0.3490268876472,0.28392957641192,0.444121244770852,0.811411689099938,2.86510877927207,"USDT",0.284463700753208,0.811876813458122
2022-08-02,11,148296605349.236,0.348799527051114,0.283679479756226,0.444361297578092,0.810945359677127,2.86697636448761,"USDT",0.284463700753208,0.811876813458122
2022-08-03,11,148313341185.98,0.349146604505714,0.284061264956285,0.444643705690314,0.811440570732713,2.86412637870472,"USDT",0.284463700753208,0.811830428906231
2022-08-04,11,148489390942.216,0.348969487503361,0.283866436253697,0.444805551746504,0.811113681639936,2.86558004584962,"USDT",0.284505006063025,0.811815249362615
2022-08-05,11,148092883096.244,0.348682637512598,0.283550901263858,0.444883312171478,0.810622762294548,2.86793746638408,"USDT",0.284463700753208,0.811658927231739
2022-08-06,11,148273467144.478,0.348599610117765,0.283459571129541,0.444495664688974,0.810635140715804,2.86862053477965,"USDT",0.284463700753208,0.811619367378116
2022-08-07,11,148370161834.956,0.348405625709811,0.283246188280792,0.444399995695023,0.810368193286814,2.8702177181057,"USDT",0.284463700753208,0.811440570732713
2022-08-08,11,148264305614.177,0.348545397780464,0.28339993755851,0.444480087927251,0.810511311995773,2.86906671661137,"USDT",0.284325227372781,0.811422923235309
2022-08-09,11,148838896631.403,0.349550005511841,0.284505006063025,0.447385055662346,0.811619367378116,2.86082101053243,"USDT",0.28430913188736,0.811411689099938
2022-08-10,11,148807670968.542,0.349682516845594,0.284650768530153,0.447851795899993,0.811830428906231,2.85973690941363,"USDT",0.284250841663881,0.811113681639936
2022-08-11,11,148967459744.637,0.349048719972556,0.283953591969811,0.448582254462011,0.810684757865565,2.86492957223457,"USDT",0.284160174877675,0.811021451515309
2022-08-12,11,148752292219.647,0.349386570338892,0.284325227372781,0.449089113140283,0.811021451515309,2.86215923820437,"USDT",0.284110877975596,0.810945359677127
2022-08-13,11,148769935089.678,0.350776103838435,0.285853714222279,0.450586178871043,0.813043630474742,2.85082133320174,"USDT",0.284067994635494,0.810684757865565
2022-08-14,11,149027405157.378,0.351268608151931,0.286395468967124,0.451836750161395,0.813565811373926,2.84682427291505,"USDT",0.284061264956285,0.810635140715804
2022-08-15,11,148812696019.013,0.351289492337511,0.286418441571262,0.452859506355976,0.813164360602223,2.84665502900731,"USDT",0.283969715814582,0.810622762294548
2022-08-16,11,149372288949.41,0.350626614111293,0.285689275522422,0.452915237778875,0.811658927231739,2.85203678144805,"USDT",0.283969715814582,0.810511311995773
2022-08-17,11,149259611377.797,0.350798116781871,0.285877928460058,0.45309234632516,0.811952149086894,2.85064244122441,"USDT",0.283969715814582,0.810368193286814
2022-08-18,11,149158610017.046,0.35018287618996,0.285201163808956,0.453619874731765,0.810238411928196,2.85565076990669,"USDT",0.283969715814582,0.810238411928196
2022-08-19,11,148969604603.92,0.349647228382148,0.284611951220363,0.453779799699858,0.808752674994305,2.86002553095329,"USDT",0.283953591969811,0.808752674994305
2022-08-20,11,148900091785.191,0.348796698527907,0.283676368380697,0.454088307009849,0.806828655947179,2.8669996138739,"USDT",0.283953591969811,0.808312898420707
2022-08-21,11,148742540345.584,0.349191707250542,0.284110877975596,0.45472246483177,0.807263560524483,2.86375643875904,"USDT",0.283953591969811,0.807263560524483
2022-08-22,11,148914323205.525,0.349887912092976,0.284876703302274,0.454690767406055,0.808312898420707,2.85805815359025,"USDT",0.283953591969811,0.806952016612485
2022-08-23,11,148525890677.739,0.349063378013256,0.283969715814582,0.45419677532876,0.806593663873737,2.86480926670578,"USDT",0.283953591969811,0.806828655947179
2022-08-24,11,148610112983.732,0.349318946967164,0.284250841663881,0.454852328593557,0.806952016612485,2.86271331309721,"USDT",0.283953591969811,0.806650803362524
2022-08-25,11,148650658878.74,0.349236522616068,0.284160174877675,0.455176498340378,0.806650803362524,2.86338895058621,"USDT",0.283889839020693,0.806593663873737
2022-08-26,11,148720773255.059,0.34845040620996,0.283295446830956,0.454595564623127,0.80532993841197,2.86984885704925,"USDT",0.283676368380697,0.806250982551672
2022-08-27,11,148843792854.965,0.348225761996902,0.283048338196592,0.454191715059822,0.805040983094777,2.87170022764972,"USDT",0.283295446830956,0.805342467010435
2022-08-28,11,148641014543.107,0.348217436955043,0.283039180650547,0.454056934106255,0.80496834786687,2.87176888309906,"USDT",0.283190207675745,0.80532993841197
2022-08-29,11,148912952621.666,0.348990762746085,0.283889839020693,0.455020582336592,0.806250982551672,2.86540535380178,"USDT",0.283184108734293,0.805289362941762
2022-08-30,11,148854623007.123,0.348354734250677,0.283190207675745,0.453903521825827,0.805342467010435,2.87063703081582,"USDT",0.283167993825532,0.805266398169397
2022-08-31,11,148826259488.98,0.348349189758448,0.283184108734293,0.453681147576304,0.805289362941762,2.87068272124709,"USDT",0.28314254881756,0.805040983094777
2022-09-01,11,148907976882.015,0.348334539841393,0.283167993825532,0.453840378600955,0.805266398169397,2.87080345364353,"USDT",0.283048338196592,0.80496834786687
2022-09-02,11,148775410022.224,0.347776768341594,0.282554445175754,0.454152245833029,0.804036156322712,2.8754077069857,"USDT",0.283039180650547,0.80448353715062
2022-09-03,11,148673947323.083,0.3476055574887,0.28236611323757,0.45461736787882,0.803298577708239,2.87682397032017,"USDT",0.282951654774545,0.804203511659505
2022-09-04,11,148805054960.379,0.347581476494162,0.282339624143578,0.454432415345525,0.80332507428677,2.87702328123575,"USDT",0.282554445175754,0.804036156322712
2022-09-05,11,148481571682.843,0.348137867976859,0.282951654774545,0.454954178955526,0.804203511659505,2.87242524293987,"USDT",0.28251962152927,0.80332507428677
2022-09-06,11,148293576468.217,0.348311408015963,0.28314254881756,0.454927320015083,0.80448353715062,2.87099410753199,"USDT",0.28236611323757,0.803298577708239
2022-09-07,11,148417200293.615,0.347515702561291,0.28226727281742,0.455156346047752,0.802526962733668,2.87756781241743,"USDT",0.282339624143578,0.803142324892842
2022-09-08,11,148496702234.938,0.347745110481154,0.28251962152927,0.454896638621445,0.803142324892842,2.87566947703839,"USDT",0.28226727281742,0.802526962733668
2022-09-09,11,148716485615.921,0.347070500696618,0.28177755076628,0.454313158066723,0.801848271104566,2.88125898914734,"USDT",0.28177755076628,0.801848271104566
2022-09-10,11,148840049586.535,0.34674903255684,0.281423935812523,0.453908016721696,0.801319325539586,2.88393018035625,"USDT",0.281689010177921,0.801319325539586
2022-09-11,11,148853533464.517,0.346800002221568,0.281480002443725,0.454251455743729,0.801308268803583,2.88350632524249,"USDT",0.281581686611638,0.801308268803583
2022-09-12,11,148836537362.324,0.346579738479256,0.281237712327181,0.454336927853303,0.80085053742696,2.88533889600085,"USDT",0.281480002443725,0.80085053742696
2022-09-13,11,148732852416.833,0.346892442374216,0.281581686611638,0.454982874066443,0.800835399962417,2.88273792636056,"USDT",0.281423935812523,0.800835399962417
2022-09-14,11,149042331309.125,0.346990009252656,0.281689010177921,0.45582419633156,0.800577462961602,2.88192735621925,"USDT",0.281237712327181,0.800577462961602
2022-09-15,11,148574169998.93,0.346192076341558,0.280811283975714,0.456843564098123,0.798085186144903,2.88856986724729,"USDT",0.281237712327181,0.798085186144903
2022-09-16,11,148393161351.16,0.345878736506579,0.280466610157237,0.457510016633868,0.796898717900603,2.89118669190286,"USDT",0.281237712327181,0.796907943685955
2022-09-17,11,148457211005.68,0.345968791075506,0.280565670183057,0.457942786657444,0.796907943685955,2.89043412526118,"USDT",0.281237712327181,0.796898717900603
2022-09-18,11,148342094713.602,0.345923794952133,0.280516174447346,0.45792587579187,0.796843383295301,2.89081009919648,"USDT",0.281237712327181,0.796843383295301
2022-09-19,11,148459779709.556,0.345963482089019,0.280559830297921,0.4583573710461,0.796809309796144,2.89047848045041,"USDT",0.281237712327181,0.796809309796144
2022-09-20,11,148409397089.897,0.345004768614893,0.279505245476383,0.457787384476975,0.794591044351736,2.89851066121418,"USDT",0.281237712327181,0.794591044351736
2022-09-21,11,148745819046.577,0.344793514100006,0.279272865510006,0.457216072799857,0.794505130949057,2.90028657473515,"USDT",0.281191020483046,0.794505130949057
2022-09-22,11,148547699307.635,0.344793350855978,0.279272685941576,0.457825126987569,0.794160483950811,2.90028794788942,"USDT",0.280923048241851,0.794339798653459
2022-09-23,11,148423989638.217,0.344444566581601,0.278889023239761,0.457513910748777,0.793662751078099,2.90322477699207,"USDT",0.280811283975714,0.794171165945618
2022-09-24,11,148479634821.972,0.3447653106692,0.27924184173612,0.458158261021137,0.794025100888802,2.90052383187557,"USDT",0.280732411739805,0.794160483950811
2022-09-25,11,148359897395.701,0.344681053917305,0.279149159309036,0.45818919542853,0.793712541342158,2.90123286045167,"USDT",0.280732411739805,0.794025100888802
2022-09-26,11,148331654842.486,0.344802862037952,0.279283148241747,0.458755323251827,0.793656376273028,2.90020794517051,"USDT",0.280732411739805,0.793712541342158
2022-09-27,11,147655356127.385,0.34514438645539,0.279658825100929,0.460063351195992,0.793463370291133,2.89733815540196,"USDT",0.280732411739805,0.793662751078099
2022-09-28,11,147668196223.03,0.345283967384611,0.279812364123072,0.460371475280699,0.793533012820827,2.89616690741422,"USDT",0.280732411739805,0.793656376273028
2022-09-29,11,147222676778.53,0.346293680219864,0.280923048241851,0.462018049825459,0.794339798653459,2.88772234989993,"USDT",0.280732411739805,0.793533012820827
2022-09-30,11,146738330571.721,0.346589610198307,0.281248571218138,0.463538985874045,0.794171165945618,2.88525671449826,"USDT",0.280732411739805,0.793463370291133
2022-10-01,11,145533921582.997,0.346949725707215,0.281644698277936,0.467468084175657,0.792598926724124,2.88226197026564,"USDT",0.280732411739805,0.793165600654724
2022-10-02,11,145364716688.643,0.346973251155848,0.281670576271433,0.467687159351758,0.792504828093726,2.88206654740321,"USDT",0.280923048241851,0.792598926724124
2022-10-03,11,145489751837.862,0.346614671568094,0.281276138724904,0.466375603377237,0.792372486096904,2.88504810103961,"USDT",0.281031856059347,0.792504828093726
2022-10-04,11,145093616289.014,0.347478136301954,0.282225949932149,0.468356152253121,0.793165600654724,2.87787890956976,"USDT",0.281191020483046,0.792372486096904
2022-10-05,11,145338429430.017,0.346688568678399,0.281357425546239,0.468881308046945,0.790664493853823,2.88443314935958,"USDT",0.281248571218138,0.790672350869369
2022-10-06,11,145258200140.526,0.346537291348223,0.281191020483046,0.469849633406704,0.78936663985805,2.8856923193156,"USDT",0.281276138724904,0.790664493853823
2022-10-07,11,145260679940.101,0.345969626899353,0.280566589589288,0.469777414777862,0.787750547355355,2.89042714229626,"USDT",0.281357425546239,0.790344385129815
2022-10-08,11,145462860197.504,0.346027672674734,0.280630439942208,0.469948296843746,0.78763033319756,2.88994227620633,"USDT",0.281644698277936,0.790149144081167
2022-10-09,11,145361665958.648,0.346120374308913,0.280732411739805,0.470444938562802,0.787275109689693,2.88916826117696,"USDT",0.281670576271433,0.789851887917185
2022-10-10,11,145077361492.537,0.346392596417588,0.281031856059347,0.470840530534577,0.787737915630555,2.88689772917221,"USDT",0.28185265595986,0.789721557128252
2022-10-11,11,145062265431.901,0.347138778145327,0.28185265595986,0.471973394388595,0.788855727786187,2.88069228492058,"USDT",0.281896998459548,0.789595899238712
2022-10-12,11,144991617286.493,0.34717908950868,0.281896998459548,0.471948399239146,0.788853604560732,2.88035780442647,"USDT",0.282225949932149,0.78936663985805
2022-10-13,11,144563512785.09,0.348227999976963,0.283050799974659,0.473379376961286,0.790672350869369,2.87168177190276,"USDT",0.283050799974659,0.78936663985805
2022-10-14,11,144194950554.446,0.348763802910874,0.283640183201961,0.474732866711578,0.790344385129815,2.86727003104605,"USDT",0.283640183201961,0.78936663985805
2022-10-15,11,143521327238.998,0.349195803294343,0.284115383623777,0.476511883672412,0.789721557128252,2.8637228470844,"USDT",0.283842219145413,0.78936663985805
2022-10-16,11,143622420283.859,0.349058006796657,0.283963807476323,0.476171760396782,0.789595899238712,2.86485334966846,"USDT",0.283963807476323,0.78936663985805
2022-10-17,11,143583491216.924,0.349367957960684,0.284304753756752,0.476692257048639,0.790149144081167,2.86231171810133,"USDT",0.284104191312083,0.78936663985805
2022-10-18,11,143283852098.579,0.349518191050989,0.284470010156088,0.477490217408915,0.789851887917185,2.86108141322498,"USDT",0.284115383623777,0.788938745939306
2022-10-19,11,143415146826.826,0.348947471950375,0.283842219145413,0.477446870534649,0.788104430128845,2.86576083904747,"USDT",0.284304753756752,0.788855727786187
2022-10-20,11,143244357156.367,0.34918562846553,0.284104191312083,0.47787450784375,0.787829224497536,2.86380629235638,"USDT",0.284312437786827,0.788853604560732
2022-10-21,11,142836004232.989,0.34937494344257,0.284312437786827,0.479197178641687,0.786650498253798,2.86225448839144,"USDT",0.284312437786827,0.788198852822938
2022-10-22,11,142691668860.521,0.349860151891947,0.284846167081142,0.479813223496087,0.787470569596818,2.85828493068524,"USDT",0.284312437786827,0.788104430128845
2022-10-23,11,142708607643.823,0.349796100897586,0.284775710987345,0.479707456486478,0.7874217312936,2.85880830985243,"USDT",0.284312437786827,0.788104430128845
2022-10-24,11,142717508553.67,0.349590039888846,0.284549043877731,0.479439276374613,0.787201961755918,2.86049339482886,"USDT",0.284312437786827,0.788104430128845
2022-10-25,11,142506961440.766,0.349794044320544,0.284773448752598,0.479989116832492,0.787163469194074,2.85882511791316,"USDT",0.284312437786827,0.788104430128845
2022-10-26,11,142446684561.011,0.350396994609661,0.285436694070627,0.480993711303536,0.788198852822938,2.85390575656618,"USDT",0.284312437786827,0.788104430128845
2022-10-27,11,142421971846.131,0.350701138456459,0.285771252302105,0.481239387591967,0.788938745939306,2.85143072075928,"USDT",0.284312437786827,0.787875413816079
2022-10-28,11,142731932862.64,0.351710669302171,0.286881736232388,0.48264701774214,0.790716405378194,2.84324613178241,"USDT",0.284312437786827,0.787829224497536
2022-10-29,11,142711689559.37,0.351595650224495,0.286755215246944,0.483246433141244,0.789707921727176,2.84417625576851,"USDT",0.284312437786827,0.787470569596818
2022-10-30,11,142850232047.756,0.351643180324663,0.286807498357129,0.483689837269345,0.789516457730829,2.84379182066527,"USDT",0.284312437786827,0.7874217312936
2022-10-31,11,142800747851.394,0.351714792441969,0.286886271686166,0.483851524013072,0.789528846156472,2.84321280051078,"USDT",0.284312437786827,0.787201961755918
2022-11-01,11,142568948893.963,0.353195169897042,0.288514686886746,0.486645840679602,0.791094729894722,2.83129579685788,"USDT",0.284312437786827,0.787163469194074
2022-11-02,11,142697658948.266,0.352241506360191,0.28746565699621,0.486522972162256,0.787875413816079,2.83896128634378,"USDT",0.284312437786827,0.786650498253798
2022-11-03,11,142689582687.329,0.351241963618143,0.286366159979957,0.486590795965736,0.785023560909679,2.84704022748023,"USDT",0.284220061891703,0.785023560909679
2022-11-04,11,142723339389.74,0.34975301754371,0.28472831929808,0.485906106370018,0.781123604219268,2.85916046421251,"USDT",0.284220061891703,0.781346618780625
2022-11-05,11,142815358533.736,0.349290965356093,0.284220061891703,0.485628887039462,0.780388251655276,2.86294264433815,"USDT",0.284220061891703,0.781123604219268
2022-11-06,11,142893658983.391,0.34880612379271,0.283686736171981,0.485329619574779,0.779624249622042,2.86692214324277,"USDT",0.283686736171981,0.78047970228285
2022-11-07,11,143124359598.379,0.348736427021726,0.283610069723898,0.484515713170166,0.780254865021471,2.86749511239817,"USDT",0.283610069723898,0.780388251655276
2022-11-08,11,144417533421.524,0.347848908512468,0.282633799363715,0.481320740677867,0.781346618780625,2.87481137795249,"USDT",0.283420324705463,0.780254865021471
2022-11-09,11,144217093186.872,0.347212240671557,0.281933464738713,0.482006886732529,0.778033629551714,2.88008279335389,"USDT",0.282633799363715,0.78025271462739
2022-11-10,11,143867287513.521,0.348563931550421,0.283420324705463,0.482851402192691,0.78025271462739,2.86891416318371,"USDT",0.281933464738713,0.779914584861008
2022-11-11,11,143618923600.892,0.346495321596272,0.281144853755899,0.476546148931285,0.78047970228285,2.88604185301288,"USDT",0.281144853755899,0.779914584861008
2022-11-12,11,143970521099.412,0.345974304818398,0.280571735300238,0.475093078070415,0.779914584861008,2.89038806082694,"USDT",0.280571735300238,0.779914584861008
2022-11-13,11,143495057571.39,0.342952263640573,0.27724749000463,0.469678699586387,0.776748799451419,2.91585770388161,"USDT",0.278387363142519,0.779914584861008
2022-11-14,11,142562887903.414,0.341273777431397,0.275401155174537,0.466050036296274,0.775342977747177,2.93019876161162,"USDT",0.278387363142519,0.779914584861008
2022-11-15,11,142894695849.287,0.340822854737275,0.274905140211003,0.465092304762643,0.774760469046622,2.93407553542985,"USDT",0.278387363142519,0.779914584861008
2022-11-16,11,142667048052.804,0.34080140325608,0.274881543581688,0.463493941353146,0.776289607936797,2.93426021854903,"USDT",0.278387363142519,0.779914584861008
2022-11-17,11,141960165017.675,0.341939460046934,0.276133406051627,0.465058440200851,0.777687051925358,2.92449429458285,"USDT",0.278387363142519,0.779914584861008
2022-11-18,11,141631422225.632,0.342068977399645,0.27627587513961,0.465801081125728,0.777639189798321,2.92338699522489,"USDT",0.278387363142519,0.779914584861008
2022-11-19,11,141835626086.666,0.342175550991231,0.276393106090354,0.465233585329833,0.778255879793277,2.92247648057598,"USDT",0.278387363142519,0.779914584861008
2022-11-20,11,141828619542.674,0.342218195929631,0.276440015522595,0.465104875205402,0.778544425734952,2.92211230114025,"USDT",0.278387363142519,0.779914584861008
2022-11-21,11,141971817242.516,0.34211942872499,0.27633137159749,0.464627559484336,0.778577176290008,2.92295589211872,"USDT",0.278387363142519,0.779914584861008
2022-11-22,11,141521372671.65,0.342744191663198,0.277018610829517,0.46593469530831,0.779120294920718,2.91762785285261,"USDT",0.278387363142519,0.78025271462739
2022-11-23,11,140973597857.667,0.342305693286076,0.276536262614683,0.465320364965122,0.778412351325204,2.92136537490853,"USDT",0.278387363142519,0.78025271462739
2022-11-24,11,140368807080.314,0.34318773340432,0.277506506744752,0.46693930030114,0.778440475091433,2.91385706033341,"USDT",0.278387363142519,0.78025271462739
2022-11-25,11,140474783352.364,0.342886786554396,0.277175465209835,0.465333329864802,0.778892775242204,2.91641451118257,"USDT",0.278387363142519,0.78047970228285
2022-11-26,11,140046759000.782,0.343580155059798,0.277938170565778,0.466599173257209,0.780503424029112,2.91052898508052,"USDT",0.278387363142519,0.780503424029112
2022-11-27,11,140197093576.511,0.343540835571998,0.277894919129198,0.466047587581434,0.780825473656076,2.91086210562128,"USDT",0.278387363142519,0.780825473656076
2022-11-28,11,140314722220.693,0.343988511947745,0.278387363142519,0.466327799805693,0.781818444153523,2.9070738273722,"USDT",0.278387363142519,0.781362562722735
2022-11-29,11,139439334241.142,0.344928646653301,0.279421511318631,0.468745726269974,0.781707162987903,2.89915033066283,"USDT",0.279421511318631,0.781585309807606
2022-11-30,11,139059086217.498,0.345234436354003,0.279757879989403,0.47006209331466,0.781362562722735,2.89658242254432,"USDT",0.279757879989403,0.781707162987903
2022-12-01,11,139138771487.914,0.345676424803596,0.280244067283956,0.470833046032869,0.781585309807606,2.892878797182,"USDT",0.280101594223814,0.781818444153523
2022-12-02,11,138902736682.436,0.346289988325839,0.280918987158423,0.472569524763145,0.782412879035342,2.88775313671228,"USDT",0.280244067283956,0.782006885627427
2022-12-03,11,138892274427.388,0.345546903839831,0.280101594223814,0.470785198192874,0.782006885627427,2.8939631317418,"USDT",0.28050013832004,0.782412879035342
2022-12-04,11,139562761729.257,0.345909216654582,0.28050013832004,0.471254346678055,0.782496078359369,2.89093193200047,"USDT",0.280507465434927,0.782496078359369
2022-12-05,11,139235351833.332,0.345915877668116,0.280507465434927,0.47084271982842,0.782930047218532,2.89087626373553,"USDT",0.280738468925546,0.78263825100279
2022-12-06,11,138916624549.606,0.346125880841406,0.280738468925546,0.471841920583752,0.78263825100279,2.88912229726675,"USDT",0.280918987158423,0.782778040197718
2022-12-07,11,138622432706.922,0.346721081462539,0.281393189608793,0.472929240672198,0.783229251759518,2.88416266983767,"USDT",0.281393189608793,0.782907292724982
2022-12-08,11,138685355900.574,0.346883428699794,0.281571771569774,0.473863064025928,0.782778040197718,2.88281283354541,"USDT",0.281571771569774,0.782911715126056
2022-12-09,11,138555978604.539,0.346961702160724,0.281657872376796,0.474040492281334,0.782907292724982,2.8821624801021,"USDT",0.281657872376796,0.782930047218532
2022-12-10,11,138584203608.034,0.347264161104419,0.28199057721486,0.474591969237684,0.782959342942843,2.87965218414609,"USDT",0.281926743622156,0.782959342942843
2022-12-11,11,138505221341.325,0.347228842997807,0.281951727297587,0.474561490087166,0.782911715126056,2.87994508568609,"USDT",0.281951727297587,0.783062627846865
2022-12-12,11,138648769675.591,0.347206130565596,0.281926743622156,0.474335929629534,0.783062627846865,2.88013347682257,"USDT",0.28199057721486,0.783066819564507
2022-12-13,11,138132611013.868,0.34756433426228,0.282320767688508,0.475546408395905,0.783066819564507,2.87716517899497,"USDT",0.282320767688508,0.783229251759518
2022-12-14,11,137743245271.01,0.35539702988051,0.290936732868561,0.477810750324519,0.804846064953636,2.81375452219231,"USDT",0.290936732868561,0.804846064953636
2022-12-15,11,137773233479.028,0.356740918023054,0.29241500982536,0.478894140610606,0.807110889442546,2.80315475315163,"USDT",0.292321880156046,0.806672878276355
2022-12-16,11,137766716963.688,0.356656254687315,0.292321880156046,0.479049059670545,0.806672878276355,2.80382016818046,"USDT",0.29241500982536,0.807110889442546
2022-12-17,11,136915025679.699,0.357339953184146,0.293073948502561,0.480376159298822,0.807465296904218,2.79845561933198,"USDT",0.293073948502561,0.807465296904218
2022-12-18,11,137488578396.023,0.357413532731104,0.293154886004215,0.480548073361512,0.807575710567086,2.79787951048943,"USDT",0.293154886004215,0.807575710567086
2022-12-19,11,137539279133.176,0.357734999817881,0.293508499799669,0.481049027568019,0.807942705185635,2.79536528578162,"USDT",0.293508499799669,0.807595095881422
2022-12-20,11,137153536157.498,0.357867848898193,0.293654633788013,0.482484344279025,0.807595095881422,2.79432757952079,"USDT",0.293654633788013,0.807942705185635
2022-12-21,11,136818393858.472,0.358666783539295,0.294533461893225,0.483929798669069,0.808760859650696,2.78810318070739,"USDT",0.294533461893225,0.808760859650696
2022-12-22,11,136639153024.862,0.35889534211557,0.294784876327127,0.484651793623488,0.80880567272835,2.78632760766782,"USDT",0.294784876327127,0.80880567272835
2022-12-23,11,136498892674.548,0.359312080129597,0.295243288142557,0.485375615747557,0.809154620676484,2.78309596393007,"USDT",0.295243288142557,0.809154620676484
2022-12-24,11,136057402231.17,0.36091739193925,0.297009131133175,0.487224703330172,0.811805777416922,2.77071712899976,"USDT",0.297009131133175,0.811805777416922
2022-12-25,11,136026574274.463,0.361212497513706,0.297333747265076,0.487260170583455,0.8124450197353,2.76845349173461,"USDT",0.297333747265076,0.8124450197353
2022-12-26,11,136055135643.237,0.361430929967057,0.297574022963762,0.48700906455266,0.813143530530958,2.76678036406886,"USDT",0.297574022963762,0.813143530530958
2022-12-27,11,136148079930.653,0.361687262411946,0.297855988653141,0.486896177053917,0.813847632828769,2.76481951100905,"USDT",0.297855988653141,0.813847632828769
2022-12-28,11,135603539490.402,0.36234589164183,0.298580480806013,0.488492858446407,0.814281205405661,2.75979395121299,"USDT",0.298247703060926,0.814281205405661
2022-12-29,11,135634044851.619,0.362886813312846,0.299175494644131,0.488314200539688,0.815667873095248,2.75568018267419,"USDT",0.298580480806013,0.815008637583421
2022-12-30,11,135526312163.312,0.363394816615496,0.299734298277046,0.488877876469405,0.816540963873487,2.75182791354475,"USDT",0.299175494644131,0.815667873095248
2022-12-31,11,135485717535.001,0.364039543011824,0.300443497313006,0.489195796990131,0.81781565884082,2.74695433283609,"USDT",0.299734298277046,0.816130043767939
2023-01-01,11,135269198467.413,0.36457921154086,0.301037132694946,0.48959003605197,0.818775524882831,2.74288815254603,"USDT",0.300375410317337,0.816540963873487
2023-01-02,11,135465357043.238,0.364426834551468,0.300869518006615,0.489437742053755,0.818686524526083,2.74403503032587,"USDT",0.300443497313006,0.817482368735678
2023-01-03,11,135341128909.637,0.364693788289498,0.301163167118448,0.489306186543393,0.819538537610797,2.74202641259738,"USDT",0.300823741237308,0.817731651223985
2023-01-04,11,135063104730.887,0.364445788751265,0.300890367626391,0.49068958591935,0.817959747442129,2.74389231777488,"USDT",0.300869518006615,0.81781565884082
2023-01-05,11,134969580011.105,0.364385219306644,0.300823741237308,0.490818343324767,0.81782110848546,2.74434841759721,"USDT",0.300890367626391,0.81781565884082
2023-01-06,11,134834000050.36,0.363977645743033,0.300375410317337,0.491557386321419,0.816130043767939,2.74742147408139,"USDT",0.301037132694946,0.81781565884082
2023-01-07,11,134360666864.963,0.365457338750215,0.302003072625237,0.493175092524267,0.818514849224191,2.73629749349071,"USDT",0.301163167118448,0.81781565884082
2023-01-08,11,134580571528.722,0.364914262355593,0.301405688591152,0.492436990414634,0.818007121126781,2.74036973382406,"USDT",0.301217843834538,0.81782110848546
2023-01-09,11,134594464948.799,0.365565616355148,0.302122177990663,0.492556360387928,0.819270813701598,2.73548702410923,"USDT",0.301405688591152,0.817959747442129
2023-01-10,11,134678650971.753,0.365476167194709,0.30202378391418,0.492394648665587,0.819192162061078,2.73615652608955,"USDT",0.301439070946309,0.818007121126781
2023-01-11,11,134303323879.276,0.365806535188503,0.302387188707353,0.493716960530234,0.818988971562323,2.73368544245579,"USDT",0.301524080009298,0.818123015731816
2023-01-12,11,134231837330.41,0.362043366419023,0.298247703060926,0.487741401440109,0.815008637583421,2.76210004865167,"USDT",0.301578830668658,0.818392498491057
2023-01-13,11,134518419642.865,0.365442741804259,0.301987015984685,0.492705795114795,0.819301856356434,2.73640678991957,"USDT",0.301633011322067,0.818514849224191
2023-01-14,11,134249527162.476,0.365249444150764,0.30177438856584,0.493986807789871,0.817731651223985,2.73785495368812,"USDT",0.30177438856584,0.818686524526083
2023-01-15,11,134540035842.167,0.364743494395035,0.301217843834538,0.492833540751102,0.817482368735678,2.74165273779209,"USDT",0.301945105931343,0.818775524882831
2023-01-16,11,134702578910.792,0.36494460995119,0.301439070946309,0.492717118838681,0.818123015731816,2.74014185367403,"USDT",0.301987015984685,0.818776737630914
2023-01-17,11,134503436995.048,0.365404641755766,0.301945105931343,0.493038568323042,0.818909836239234,2.73669210986212,"USDT",0.302003072625237,0.8188057284622
2023-01-18,11,134003471571.604,0.367237096811734,0.303960806492907,0.496049016041099,0.82097844577486,2.72303644888211,"USDT",0.30202378391418,0.818909836239234
2023-01-19,11,133990778864.43,0.366241166387678,0.302865283026446,0.496670595477372,0.818392498491057,2.73044128234746,"USDT",0.302122177990663,0.818909836239234
2023-01-20,11,134293570181.495,0.365021890917544,0.301524080009298,0.495501531650642,0.816494164080881,2.73956172186367,"USDT",0.302387188707353,0.818909836239234
2023-01-21,11,134363642182.537,0.365071664244234,0.301578830668658,0.49524307720996,0.816830699657966,2.73918821410088,"USDT",0.302577751129406,0.818909836239234
2023-01-22,11,134192627117.93,0.365120919383697,0.301633011322067,0.494636009274168,0.8175104141814,2.73881869515431,"USDT",0.302865283026446,0.818909836239234
2023-01-23,11,134655466722.008,0.365979773754005,0.302577751129406,0.49563324696652,0.818776737630914,2.73239143721684,"USDT",0.303647966173109,0.818909836239234
2023-01-24,11,134248911388.178,0.366952696521008,0.303647966173109,0.496779909080149,0.820289822037635,2.72514689081389,"USDT",0.303960806492907,0.818909836239234
2023-01-25,11,134394615135.826,0.368389978168168,0.305228975984985,0.497682754145786,0.822989025137146,2.71451466994986,"USDT",0.305086008121658,0.8188057284622
2023-01-26,11,134666525059.78,0.368260007383325,0.305086008121658,0.498564347778846,0.821923051781139,2.71547270936507,"USDT",0.305228975984985,0.818776737630914
2023-01-27,11,134595863797.692,0.368460402842548,0.305306443126803,0.499576169427718,0.821475197731317,2.71399583859035,"USDT",0.305306443126803,0.818402363824159
2023-01-28,11,134377926638.723,0.36928450072269,0.306212950794958,0.501373819237431,0.821963051055511,2.70793926645446,"USDT",0.305741367885845,0.818645088846021
2023-01-29,11,134825544400.637,0.368984316132142,0.305882747745356,0.501164201518895,0.821337060258922,2.7101422913647,"USDT",0.305882747745356,0.818472206618935
2023-01-30,11,134784042532.483,0.369661569282403,0.306627726210643,0.502189443073083,0.8220572992724,2.7051770676114,"USDT",0.305994587657316,0.818645088846021
2023-01-31,11,134568907059.506,0.369798713103686,0.306778584414055,0.503680965699678,0.821223344936124,2.70417382366502,"USDT",0.306174901612824,0.818776737630914
2023-02-01,11,134682319113.121,0.368855788987132,0.305741367885845,0.503666446495262,0.8188057284622,2.71108663563604,"USDT",0.306212950794958,0.8188057284622
2023-02-02,11,134521994760.709,0.369312943241054,0.306244237565159,0.504349838262809,0.819092461343755,2.70773071537677,"USDT",0.306244237565159,0.8188057284622
2023-02-03,11,134806931507.678,0.369085988779378,0.305994587657316,0.503631006616138,0.819195270986611,2.70939572457667,"USDT",0.306345778656192,0.8188057284622
2023-02-04,11,134527327516.116,0.369405253323811,0.306345778656192,0.505786853449681,0.817839804773266,2.70705408491694,"USDT",0.30642220100479,0.819092461343755
2023-02-05,11,134453623554.001,0.369249910557112,0.306174901612824,0.505339400145864,0.81793265703173,2.70819293765361,"USDT",0.306627726210643,0.819195270986611
2023-02-06,11,134681477825.385,0.369474728186172,0.30642220100479,0.505742684938576,0.818013695203123,2.70654505900635,"USDT",0.306778584414055,0.81996909201666
2023-02-07,11,134241921631.479,0.369974538003264,0.306971991803591,0.506870536544919,0.81825393352696,2.70288870525241,"USDT",0.306971991803591,0.820289822037635
2023-02-08,11,134514738051.868,0.370269239928213,0.307296163921035,0.507492405862402,0.818402363824159,2.70073744228356,"USDT",0.307282398035601,0.821223344936124
2023-02-09,11,134090829436.012,0.37025672548691,0.307282398035601,0.508315888822,0.817731057216603,2.70082872548754,"USDT",0.307296163921035,0.821337060258922
2023-02-10,11,134057856243.836,0.370513249009413,0.307564573910354,0.50868588315263,0.817913978925341,2.69895881638121,"USDT",0.307564573910354,0.821337060258922
2023-02-11,11,134146344164.765,0.371101577369838,0.308211735106822,0.509641597433118,0.818230293676403,2.69468000402328,"USDT",0.308211735106822,0.821337060258922
2023-02-12,11,134129130376.819,0.371564866154075,0.308721352769482,0.510382424222974,0.818645088846021,2.6913201195544,"USDT",0.308721352769482,0.821337060258922
2023-02-13,11,134079691409.972,0.371678501484186,0.308846351632605,0.510823068625939,0.818472206618935,2.6904972873244,"USDT",0.308846351632605,0.821337060258922
2023-02-14,11,133409667044.067,0.373098142941501,0.310407957235651,0.51291333921501,0.81996909201666,2.68025992334353,"USDT",0.310407957235651,0.8220572992724
2023-02-15,11,134149051175.252,0.37744100584903,0.315185106433933,0.518387355834233,0.824751005782687,2.64942066310618,"USDT",0.315185106433933,0.824751005782687
2023-02-16,11,133270035472.691,0.381714528832118,0.31988598171533,0.521517237422412,0.832300339624106,2.61975881049005,"USDT",0.31988598171533,0.832300339624106
2023-02-17,11,133340012342.39,0.384452608074784,0.322897868882263,0.52367278936189,0.836853296962,2.60110083530888,"USDT",0.322897868882263,0.836853296962
2023-02-18,11,133464462021.385,0.387255535250898,0.325981088775988,0.526677449665628,0.840247482256363,2.5822742581384,"USDT",0.325981088775988,0.840247482256363
2023-02-19,11,133360321619.095,0.387643844362887,0.326408228799176,0.527035089934116,0.840827572278635,2.57968755222607,"USDT",0.326408228799176,0.840827572278635
2023-02-20,11,133604310803.61,0.387869731811356,0.326656704992492,0.527311373035642,0.841039618952502,2.57818519462704,"USDT",0.326656704992492,0.841039618952502
2023-02-21,11,133120190622.176,0.389846651383116,0.328831316521427,0.528983913043903,0.84395942711305,2.56511116987193,"USDT",0.328831316521427,0.84395942711305
2023-02-22,11,133019326075.556,0.39128445813832,0.330412903952153,0.529671835169076,0.84654381194616,2.55568545900818,"USDT",0.330412903952153,0.84654381194616
2023-02-23,11,132818501314.328,0.394130461310776,0.333543507441854,0.5328033030044,0.849834478481165,2.53723093788351,"USDT",0.333543507441854,0.849834478481165
2023-02-24,11,132417234938.068,0.395614760396467,0.335176236436114,0.533768421920447,0.852251774754736,2.52771155201046,"USDT",0.335176236436114,0.852251774754736
2023-02-25,11,132467911312.189,0.3977174882961,0.33748923712571,0.534553078467503,0.856041804461787,2.514347569387,"USDT",0.33748923712571,0.856041804461787
2023-02-26,11,132464801426.806,0.397809238453502,0.337590162298852,0.534730569433236,0.856068793939581,2.51376766383691,"USDT",0.337590162298852,0.856068793939581
2023-02-27,11,132347190516.388,0.398361771300972,0.338197948431069,0.534934416359243,0.857084056313753,2.51028103608987,"USDT",0.338197948431069,0.857084056313753
2023-02-28,11,132206424904.248,0.399411875137222,0.339353062650944,0.536422623475659,0.858306844319831,2.50368119289503,"USDT",0.339353062650944,0.858306844319831
2023-03-01,11,131906050049.343,0.400214582888334,0.340236041177167,0.537701571277362,0.858892731850228,2.49865957602803,"USDT",0.340236041177167,0.858320698274863
2023-03-02,11,131979024898.403,0.401779436528374,0.341957380181211,0.538679453580835,0.861303476350193,2.48892777749062,"USDT",0.341957380181211,0.858597873815576
2023-03-03,11,132071533742.573,0.403349391737288,0.343684330911017,0.538262419248292,0.864855535159357,2.47924013395148,"USDT",0.343684330911017,0.858892731850228
2023-03-04,11,132124437590.866,0.40553151906165,0.346084670967815,0.538846933718242,0.86865241615844,2.46589957375909,"USDT",0.345644066631372,0.859359826156687
2023-03-05,11,132537166209.06,0.406961604002965,0.347657764403261,0.539625173346207,0.870760989668089,2.45723427017138,"USDT",0.346084670967815,0.861303476350193
2023-03-06,11,132376000846.411,0.407940624559036,0.34873468701494,0.539849226599293,0.872433630994029,2.4513371304487,"USDT",0.347657764403261,0.861438551492642
2023-03-07,11,132069223284.766,0.409326973555237,0.350259670910761,0.542186141856633,0.873366619097851,2.44303469989879,"USDT",0.34873468701494,0.862931660016916
2023-03-08,11,131898903299.894,0.410128702832627,0.35114157311589,0.543507669271303,0.873773237048227,2.43825899795192,"USDT",0.348760334702298,0.864564470239873
2023-03-09,11,131965266670.13,0.410884758646341,0.351973234510975,0.544540689409024,0.874262461697576,2.4337724360828,"USDT",0.350259670910761,0.864670269483655
2023-03-10,11,131818286977.264,0.411028202326804,0.352131022559484,0.544801342792819,0.874340674131136,2.43292308006863,"USDT",0.35114157311589,0.864855535159357
2023-03-11,11,131046141273.926,0.411994136531367,0.353193550184504,0.550067600390408,0.872065080417495,2.4272190095207,"USDT",0.351973234510975,0.8654683051589
2023-03-12,11,128833950626.14,0.414312513246856,0.355743764571541,0.560923163893992,0.866856818458539,2.41363697215725,"USDT",0.352131022559484,0.865515076721769
2023-03-13,11,131240492433.134,0.405130969664884,0.345644066631372,0.551559103437136,0.858597873815576,2.46833758679861,"USDT",0.353193550184504,0.866025574487683
2023-03-14,11,131348404802.872,0.407963940638453,0.348760334702298,0.557480169553745,0.858320698274863,2.45119703088225,"USDT",0.353553806094459,0.866856818458539
2023-03-15,11,130433452878.03,0.412321641904053,0.353553806094459,0.564753765816215,0.859359826156687,2.42529107951287,"USDT",0.355743764571541,0.86710991327814
2023-03-16,11,130467161549.411,0.417872752468872,0.359660027715759,0.572946480967764,0.861438551492642,2.39307299672403,"USDT",0.359660027715759,0.867257488098607
2023-03-17,11,129689001424.592,0.421004110048723,0.363104521053595,0.577117604800343,0.862931660016916,2.37527372329992,"USDT",0.363104521053595,0.868197093093673
2023-03-18,11,130163101902.439,0.426634123170588,0.369297535487647,0.585273530927721,0.864564470239873,2.34392878039939,"USDT",0.369297535487647,0.868198361019454
2023-03-19,11,130214840752.12,0.426724906486221,0.369397397134844,0.585346746893029,0.864670269483655,2.34343012277932,"USDT",0.369397397134844,0.868218309783391
2023-03-20,11,130645382021.998,0.428589239424696,0.371448163367166,0.587734238392591,0.865515076721769,2.333236367162,"USDT",0.371448163367166,0.868218309783391
2023-03-21,11,129906797175.624,0.430995235387325,0.374094758926057,0.591598717486018,0.8654683051589,2.3202112642877,"USDT",0.374094758926057,0.868218309783391
2023-03-22,11,130174241395.914,0.432908854719524,0.376199740191477,0.594191940324036,0.866025574487683,2.3099550612054,"USDT",0.376199740191477,0.868218309783391
2023-03-23,11,130170201537.38,0.436604072857885,0.380264480143673,0.599129596136705,0.86710991327814,2.29040465301729,"USDT",0.380264480143673,0.868218309783391
2023-03-24,11,130182330453.337,0.438600748431647,0.382460823274812,0.602023964455594,0.867257488098607,2.27997786956773,"USDT",0.382460823274812,0.868218309783391
2023-03-25,11,130936971636.08,0.442949139854343,0.387244053839777,0.607786004698542,0.868218309783391,2.25759553417089,"USDT",0.38714555269246,0.868218309783391
2023-03-26,11,131030124861.148,0.442859593356782,0.38714555269246,0.607670484523714,0.868197093093673,2.25805202145495,"USDT",0.387244053839777,0.868218309783391
2023-03-27,11,130243319709.941,0.443018585519157,0.387320444071073,0.607899449276072,0.868198361019454,2.25724164332324,"USDT",0.387320444071073,0.868218309783391
2023-03-28,11,129900119379.047,0.446998427636257,0.391698270399883,0.612437103192662,0.870126778607161,2.237144334686,"USDT",0.391698270399883,0.870126778607161
2023-03-29,11,129685448066.46,0.44829065645121,0.393119722096331,0.613772877158847,0.870989904739791,2.23069561145055,"USDT",0.393119722096331,0.870989904739791
2023-03-30,11,129596273061.211,0.448991402369198,0.393890542606118,0.614495836794395,0.871444760747612,2.22721413978817,"USDT",0.393890542606118,0.871444760747612
2023-03-31,11,129191405454.637,0.450763421287098,0.395839763415807,0.616977536668358,0.871446069110116,2.21845862546838,"USDT",0.395839763415807,0.871446069110116
2023-04-01,11,128894220715.902,0.452452489084135,0.397697737992548,0.61917894914168,0.871672837856427,2.210176812209,"USDT",0.397465395967127,0.871561576070245
2023-04-02,11,128855455531.888,0.452370594289139,0.397607653718053,0.61908171687276,0.871656095378821,2.21057693100369,"USDT",0.397607653718053,0.871656095378821
2023-04-03,11,128914898181.139,0.452241269061024,0.397465395967127,0.618956083758932,0.871561576070245,2.2112090788978,"USDT",0.397697737992548,0.871672837856427
2023-04-04,11,128967196549.562,0.452978348635041,0.398276183498545,0.619341982512318,0.87272709937916,2.20761103265377,"USDT",0.398276183498545,0.87272709937916
2023-04-05,11,129077396405.477,0.454180767234514,0.399598843957965,0.620411239033933,0.87379763038932,2.20176650387236,"USDT",0.399598843957965,0.87379763038932
2023-04-06,11,128928081652.169,0.455422856623823,0.400965142286205,0.621588918819317,0.874760745969005,2.19576155534503,"USDT",0.400965142286205,0.874760745969005
2023-04-07,11,129044962883.433,0.455455367755299,0.401000904530829,0.621401048771125,0.875255332202813,2.19560481837875,"USDT",0.401000904530829,0.874927391731537
2023-04-08,11,129022957367.676,0.455824485207092,0.401406933727801,0.622124155710627,0.874927391731537,2.19382686198982,"USDT",0.401406933727801,0.874972717340176
2023-04-09,11,129066049403.685,0.455909483108663,0.401500431419529,0.622215199839615,0.874972717340176,2.19341785387179,"USDT",0.401500431419529,0.875011674375412
2023-04-10,11,129059786194.034,0.455971907998771,0.401569098798649,0.622276052873558,0.875011674375412,2.19311756373091,"USDT",0.401569098798649,0.875255332202813
2023-04-11,11,128789485821.328,0.457583042832524,0.403341347115776,0.624203168718899,0.875542863554892,2.18539566896932,"USDT",0.403341347115776,0.875542863554892
2023-04-12,11,128971600165.304,0.457732423618759,0.403505665980635,0.624371995014559,0.875691574186503,2.1846824660009,"USDT",0.403505665980635,0.875691574186503
2023-04-13,11,128601935344.715,0.460174448184876,0.406191893003364,0.627265765559573,0.87639462644643,2.17308893169629,"USDT",0.406191893003364,0.87639462644643
2023-04-14,11,128747039692.796,0.46098747990407,0.407086227894477,0.628259648333668,0.876644702133554,2.16925631083972,"USDT",0.407086227894477,0.876529914575761
2023-04-15,11,128604046319.932,0.461347554952289,0.407482310447518,0.628823635089181,0.87653946401337,2.16756323787912,"USDT",0.407482310447518,0.87653946401337
2023-04-16,11,128689552962.302,0.461758629023917,0.407934491926309,0.629367371276546,0.876529914575761,2.16563359544322,"USDT",0.407860066997645,0.876634467537205
2023-04-17,11,128705174900.297,0.461690969997859,0.407860066997645,0.629220987601198,0.876634467537205,2.16595096067103,"USDT",0.407934491926309,0.876644702133554
2023-04-18,11,128360831170.018,0.463629044296143,0.409991948725757,0.631209059108191,0.87763762858406,2.15689679562278,"USDT",0.409991948725757,0.877381461942581
2023-04-19,11,128228688092.825,0.46461531726713,0.411076848993843,0.632652838148005,0.877386838773748,2.15231819278367,"USDT",0.411076848993843,0.877386838773748
2023-04-20,11,128621913330.829,0.465816783628274,0.412398461991101,0.634234552998674,0.877381461942581,2.146766787171,"USDT",0.412398461991101,0.877389426471619
2023-04-21,11,128142247406.726,0.466786832059731,0.413465515265704,0.635483028552664,0.877389426471619,2.14230550503627,"USDT",0.413465515265704,0.87763762858406
2023-04-22,11,127772944319.44,0.469027518458135,0.415930270303949,0.637711224515077,0.878616912518562,2.13207106330854,"USDT",0.415930270303949,0.878616912518562
2023-04-23,11,127898131877.132,0.469363105949339,0.416299416544273,0.638017602586689,0.87884064097235,2.13054666488409,"USDT",0.416030272962174,0.87884064097235
2023-04-24,11,127805533821.373,0.469118429965612,0.416030272962174,0.637672095473358,0.878913737094957,2.13165788449902,"USDT",0.416299416544273,0.878913737094957
2023-04-25,11,127738835009.592,0.469816774587578,0.416798452046336,0.638505532269714,0.87902832285305,2.1284893475288,"USDT",0.416798452046336,0.87902832285305
2023-04-26,11,127804082029.549,0.470209962429423,0.417230958672365,0.638873678987282,0.879323795544119,2.12670951256184,"USDT",0.417230958672365,0.879323795544119
2023-04-27,11,127742145042.042,0.470416654950711,0.417458320445783,0.638929886853035,0.879737858441299,2.12577507508695,"USDT",0.417458320445783,0.879737858441299
2023-04-28,11,127611397468.366,0.471558255729255,0.41871408130218,0.640337537860205,0.879802052248212,2.12062876187698,"USDT",0.41871408130218,0.879802052248212
2023-04-29,11,127425459923.227,0.472639603616567,0.419903563978223,0.641268554998707,0.880668702848104,2.11577699445445,"USDT",0.419903563978223,0.880623158650994
2023-04-30,11,127543107968.597,0.472797663707608,0.420077430078369,0.641443197839746,0.880715025441042,2.11506967305665,"USDT",0.420067538460072,0.880668702848104
2023-05-01,11,127571278240.59,0.472788671327338,0.420067538460072,0.641484200688778,0.880623158650994,2.11510990141226,"USDT",0.420077430078369,0.880715025441042
2023-05-02,11,127457067693.027,0.473587857986665,0.420946643785331,0.642357862422474,0.880882025900429,2.1115406215253,"USDT",0.420946643785331,0.880882025900429
2023-05-03,11,127183076846.423,0.47491929563451,0.422411225197961,0.643819099488625,0.881301242052267,2.10562091115705,"USDT",0.422411225197961,0.881301242052267
2023-05-04,11,127088316604.478,0.476288188995401,0.423917007894941,0.645136670440889,0.882102198690495,2.09956917493424,"USDT",0.42313381189626,0.882102198690495
2023-05-05,11,127302571592.247,0.476582489134061,0.424240738047467,0.645439880615518,0.882233015475228,2.09827264492444,"USDT",0.423346263762071,0.882233015475228
2023-05-06,11,127509867728.357,0.475769330692792,0.423346263762071,0.644278807949218,0.882567876374851,2.10185889566242,"USDT",0.423616786102159,0.882476961569976
2023-05-07,11,127588548905.751,0.476015260092872,0.423616786102159,0.644566869521937,0.882594929224522,2.10077298741409,"USDT",0.423917007894941,0.882567876374851
2023-05-08,11,127280809114.13,0.475576192632964,0.42313381189626,0.644086153596595,0.882476961569976,2.10271248958791,"USDT",0.424240738047467,0.882594929224522
2023-05-09,11,127596219768.144,0.477553321956441,0.425308654152085,0.646136701322102,0.883280588169768,2.09400700198922,"USDT",0.425308654152085,0.883280588169768
2023-05-10,11,127481261609.289,0.478537630823869,0.426391393906256,0.647166149830268,0.883673088559788,2.08969981791894,"USDT",0.426391393906256,0.883673088559788
2023-05-11,11,127462104071.898,0.479018543912639,0.426920398303903,0.647764708160028,0.883688555311398,2.08760185322257,"USDT",0.426920398303903,0.883688555311398
2023-05-12,11,127473813604.018,0.479771934883722,0.427749128372095,0.648502130105663,0.884065767188597,2.08432366983358,"USDT",0.427749128372095,0.884065767188597
2023-05-13,11,127461630158.549,0.480929447753918,0.42902239252931,0.649605242288971,0.884735230979496,2.07930706815791,"USDT",0.42902239252931,0.884735230979496
2023-05-14,11,127836096387.203,0.481360701445252,0.429496771589777,0.649964033660791,0.885067768908701,2.07744420555639,"USDT",0.429306774077032,0.884902694814146
2023-05-15,11,127409823860.615,0.481187976433665,0.429306774077032,0.649835971617662,0.884902694814146,2.07818991532482,"USDT",0.429496771589777,0.885020747467026
2023-05-16,11,127202685958.651,0.482217829011674,0.430439611912841,0.650959305704311,0.885168483380725,2.0737516114855,"USDT",0.430439611912841,0.885040073972593
2023-05-17,11,127139078695.074,0.482724046163234,0.430996450779558,0.651628292974338,0.885040073972593,2.07157693499662,"USDT",0.430996450779558,0.885067768908701
2023-05-18,11,126954465355.963,0.483557852003249,0.431913637203574,0.652630027667105,0.885020747467026,2.06800488474599,"USDT",0.431618725512387,0.885168483380725
2023-05-19,11,127073293408.62,0.483289750465806,0.431618725512387,0.652205511418175,0.885224533984026,2.06915209568623,"USDT",0.431913637203574,0.885224533984026
2023-05-20,11,126988781422.152,0.484063634584887,0.432469998043375,0.652913771250162,0.885672542847,2.06584409270397,"USDT",0.432469998043375,0.885672542847
2023-05-21,11,126994751588.64,0.484261825291113,0.432688007820225,0.653065742773296,0.88585435443358,2.06499861804893,"USDT",0.432688007820225,0.885792497140388
2023-05-22,11,127006203094.396,0.484289690305047,0.432718659335551,0.653126764355334,0.885792497140388,2.06487980235573,"USDT",0.432718659335551,0.88585435443358
2023-05-23,11,126885589840.292,0.485140375882487,0.433654413470736,0.654029126318193,0.886034157480142,2.06125906997735,"USDT",0.433654413470736,0.886034157480142
2023-05-24,11,126643901043.994,0.486508649587258,0.435159514545984,0.655462626919988,0.886454607676128,2.05546191388041,"USDT",0.435159514545984,0.886454607676128
2023-05-25,11,126552281029.3,0.487618081558192,0.436379889714011,0.656546404578333,0.886950250792402,2.0507853129738,"USDT",0.436379889714011,0.886950250792402
2023-05-26,11,126371982577.517,0.488223218036192,0.437045539839811,0.657190202464744,0.887103626287404,2.04824343262976,"USDT",0.437045539839811,0.887103626287404
2023-05-27,11,126441361056.627,0.488550025533395,0.437405028086735,0.657420085414829,0.887438590427406,2.04687329390313,"USDT",0.437405028086735,0.887341540132224
2023-05-28,11,126369115754.137,0.488781732920628,0.437659906212691,0.657718141697587,0.887385298529753,2.04590297191484,"USDT",0.437596112083305,0.887385298529753
2023-05-29,11,126563855837.587,0.488736645913591,0.43761031050495,0.657683510488647,0.887341540132224,2.04609171086549,"USDT",0.43761031050495,0.887438590427406
2023-05-30,11,126485808727.4,0.48872373825755,0.437596112083305,0.657619680269512,0.887445031876854,2.04614575008226,"USDT",0.437659906212691,0.887445031876854
2023-05-31,11,126355264666.868,0.489313337771607,0.438244671548768,0.658291784499948,0.887491213294269,2.04368024087413,"USDT",0.438244671548768,0.887491213294269
2023-06-01,11,126324537980.22,0.490108587966628,0.439119446763291,0.659091466578583,0.887796356513832,2.0403641653145,"USDT",0.439050501969854,0.887796356513832
2023-06-02,11,126354598494.273,0.490045910881686,0.439050501969854,0.658823080857089,0.888230297543527,2.04062512877785,"USDT",0.439119446763291,0.888230297543527
2023-06-03,11,126151965331.21,0.490660445943695,0.439726490538064,0.659406238075805,0.888508047403672,2.03806931711539,"USDT",0.439487733975914,0.888230297543527
2023-06-04,11,126143989724.241,0.490685867701428,0.439754454471571,0.659414577157378,0.888552303355614,2.0379637275563,"USDT",0.439726490538064,0.888230297543527
2023-06-05,11,126237487495.622,0.490443394523558,0.439487733975914,0.659097985202757,0.888625305908968,2.03897128836132,"USDT",0.439754454471571,0.888230297543527
2023-06-06,11,126009127760.805,0.491668274956142,0.440835102451756,0.660386106529409,0.888933445695492,2.03389165202738,"USDT",0.440587969100378,0.888230297543527
2023-06-07,11,125743803564.115,0.49312454551041,0.44243700006145,0.661783896228163,0.889600587490169,2.02788526570899,"USDT",0.440835102451756,0.888230297543527
2023-06-08,11,125577661530.602,0.494725020057577,0.444197522063335,0.663292287502912,0.890353161766528,2.02132489657309,"USDT",0.441128947697122,0.888230297543527
2023-06-09,11,125459175033.06,0.495534485444403,0.445087933988844,0.664075317211958,0.890688678487072,2.01802302235975,"USDT",0.44131914859639,0.888230297543527
2023-06-10,11,125287245689.785,0.496737875170374,0.446411662687412,0.665192240141538,0.891289045573287,2.01313419005348,"USDT",0.441410931159893,0.888230297543527
2023-06-11,11,125365442549.43,0.49678078517815,0.446458863695965,0.665192710161766,0.891394266435153,2.01296030328828,"USDT",0.441591345822276,0.888230297543527
2023-06-12,11,125420796736.538,0.496750847732653,0.446425932505918,0.665136897972646,0.891445005339611,2.01308161740308,"USDT",0.441629371411013,0.888258078149493
2023-06-13,11,125156000387.002,0.498359599627479,0.448195559590227,0.666471251567815,0.892615847523192,2.00658319965642,"USDT",0.441642930354994,0.88843500704864
2023-06-14,11,125022725864.574,0.499622849554273,0.4495851345097,0.667698230780843,0.893085756668407,2.00150974058157,"USDT",0.441799536564657,0.888508047403672
2023-06-15,11,124905699417.206,0.500670266060658,0.450737292666723,0.668666810265474,0.893598345482757,1.99732252499861,"USDT",0.442225886179597,0.888552303355614
2023-06-16,11,124782266688.324,0.502086184617909,0.452294803079699,0.669420198025225,0.895570062342013,1.99168993419129,"USDT",0.44243700006145,0.888606839205096
2023-06-17,11,125923129671.137,0.493583134463425,0.442941447909768,0.66319916825766,0.888258078149493,2.02600115396386,"USDT",0.442910289055342,0.888625305908968
2023-06-18,11,125924457599.841,0.493554808232129,0.442910289055342,0.663180388882707,0.888218336931514,2.02611743077109,"USDT",0.442941447909768,0.888933445695492
2023-06-19,11,125565053797.813,0.492402663959085,0.441642930354994,0.662052165013009,0.887797745276662,2.03085822477007,"USDT",0.443556172435838,0.8894841073105
2023-06-20,11,125739115773.445,0.491935406997384,0.441128947697122,0.661498762533917,0.887838816992201,2.03278720290471,"USDT",0.444197522063335,0.889487305448052
2023-06-21,11,125777158116.328,0.491443608273071,0.440587969100378,0.660971540677604,0.887746478399002,2.03482145899504,"USDT",0.445087933988844,0.889520609335848
2023-06-22,11,125696507549.179,0.492191755599903,0.441410931159893,0.661673806981512,0.88809429120529,2.03172846481583,"USDT",0.445231510148993,0.889535114292469
2023-06-23,11,125721528917.327,0.492108316905809,0.44131914859639,0.661563073210469,0.888121913732653,2.03207295151527,"USDT",0.446411662687412,0.889535114292469
2023-06-24,11,125896221085.821,0.492545033240597,0.441799536564657,0.662047115537254,0.888163758365181,2.03027120874757,"USDT",0.446425932505918,0.889535114292469
2023-06-25,11,125867371180.584,0.492390337646375,0.441629371411013,0.661890712126656,0.888117481469806,2.03090906450358,"USDT",0.446458863695965,0.889535114292469
2023-06-26,11,125771662394.057,0.492355768929341,0.441591345822276,0.661848263654977,0.888122452540369,2.03105165635525,"USDT",0.446642052983725,0.889535114292469
2023-06-27,11,125503106670.718,0.492932623799634,0.442225886179597,0.662372462075097,0.88843500704864,2.028674816229,"USDT",0.448195559590227,0.889535114292469
2023-06-28,11,125487960117.535,0.49414197494167,0.443556172435838,0.663680257941813,0.888606839205096,2.02370988645124,"USDT",0.448624271366128,0.889535114292469
2023-06-29,11,125287068982.259,0.495665009226357,0.445231510148993,0.665014586789298,0.889487305448052,2.0174916150745,"USDT",0.448836833660095,0.889535114292469
2023-06-30,11,125150462315.941,0.496947320894295,0.446642052983725,0.666365547186994,0.889726178383006,2.0122857251759,"USDT",0.448836833660095,0.889535114292469
2023-07-01,11,124400023067.659,0.499636604996111,0.449600265495722,0.669490402803346,0.8894841073105,2.00145463723136,"USDT",0.448836833660095,0.889535114292469
2023-07-02,11,124477553353.308,0.499650320966275,0.449615353062903,0.669483059850064,0.889535114292469,2.00139969502291,"USDT",0.448836833660095,0.889535114292469
2023-07-03,11,124409555417.363,0.499537187317826,0.449490906049609,0.669365089227148,0.889520609335848,2.00185296588091,"USDT",0.449490906049609,0.889726178383006
2023-07-04,11,124701773071.433,0.498942576054632,0.448836833660095,0.668318963367097,0.890362374085631,2.00423865990243,"USDT",0.449583593737415,0.890362374085631
2023-07-05,11,124808059920.315,0.498749337605571,0.448624271366128,0.668065687468981,0.890444949992913,2.00501519420731,"USDT",0.449600265495722,0.890444949992913
2023-07-06,11,124571034491.079,0.499621448852195,0.449583593737415,0.668841828204348,0.890905213684994,2.0015153518676,"USDT",0.449615353062903,0.890905213684994
2023-07-07,11,124516039377.087,0.501526157730722,0.451678773503794,0.670478450641282,0.891956424863223,1.99391394563495,"USDT",0.451678773503794,0.891956424863223
2023-07-08,11,124156903405.108,0.502738000845191,0.45301180092971,0.671421227929026,0.892841717645042,1.98910764318357,"USDT",0.45301180092971,0.892841717645042
2023-07-09,11,124220135614.575,0.502745998050898,0.453020597855988,0.671389501852999,0.892936663355278,1.98907600234892,"USDT",0.453020597855988,0.892936663355278
2023-07-10,11,124194509410.774,0.502890366166822,0.453179402783504,0.671542907229832,0.892952971057869,1.98850498493796,"USDT",0.453179402783504,0.892952971057869
2023-07-11,11,123949768586.814,0.503957305362945,0.45435303589924,0.672506904205367,0.89342871961544,1.98429507690103,"USDT",0.45435303589924,0.89342871961544
2023-07-12,11,123857082176.194,0.505120220625132,0.455632242687645,0.673367069860053,0.894370189552895,1.97972672478328,"USDT",0.455632242687645,0.894370189552895
2023-07-13,11,123662925764.119,0.506349547160194,0.456984501876213,0.674440438774747,0.89499564333528,1.97492030082458,"USDT",0.456830711762277,0.89499564333528
2023-07-14,11,123620547498.405,0.506209737965706,0.456830711762277,0.674041515861746,0.895524915669602,1.97546575065639,"USDT",0.456984501876213,0.895524915669602
2023-07-15,11,123784365696.091,0.507862043417119,0.458648247758831,0.675707460286897,0.895876889791273,1.96903866505077,"USDT",0.458457461398103,0.895838081578939
2023-07-16,11,123848621515.8,0.507688601271003,0.458457461398103,0.675533838297089,0.895838081578939,1.96971134962749,"USDT",0.458540997166005,0.895838578968365
2023-07-17,11,123605025144.883,0.507764542878186,0.458540997166005,0.675618160577224,0.895838578968365,1.96941675827078,"USDT",0.458648247758831,0.895876889791273
2023-07-18,11,123616760095.366,0.509535231933894,0.460488755127284,0.677444389949145,0.896110600775591,1.96257282583697,"USDT",0.460488755127284,0.896110600775591
2023-07-19,11,123547694170.057,0.510491955180794,0.461541150698873,0.678205557924495,0.896785803525679,1.95889472860712,"USDT",0.461541150698873,0.896785803525679
2023-07-20,11,123401225219.458,0.510987142944542,0.462085857238996,0.678551489226948,0.897201208056781,1.95699640158761,"USDT",0.462085857238996,0.897201208056781
2023-07-21,11,123374651377.673,0.512149376522554,0.46336431417481,0.679550796535447,0.897776408502244,1.95255533998675,"USDT",0.46336431417481,0.897776408502244
2023-07-22,11,123157803500.553,0.513076065578462,0.464383672136309,0.680300638161142,0.89834405638002,1.94902874464152,"USDT",0.464269644994706,0.89821300653435
2023-07-23,11,123177881395.672,0.513115536921486,0.464427090613635,0.680354894532534,0.898313553208037,1.94887881586991,"USDT",0.464383672136309,0.898259648563858
2023-07-24,11,123129501267.611,0.512972404540641,0.464269644994706,0.680224373178033,0.898259648563858,1.94942260275284,"USDT",0.464427090613635,0.898297781116566
2023-07-25,11,122952515715.579,0.514301998360184,0.465732198196202,0.681505336139877,0.898648911834245,1.94438287851968,"USDT",0.465732198196202,0.898313553208037
2023-07-26,11,122900642950.216,0.514630754018104,0.466093829419914,0.68177282693432,0.898868625684687,1.94314077072203,"USDT",0.466093829419914,0.89834405638002
2023-07-27,11,122912582130.931,0.515406036707112,0.466946640377824,0.682558859779848,0.898997142002036,1.94021786471288,"USDT",0.466277222967076,0.898648911834245
2023-07-28,11,122666037443.503,0.516101292526726,0.467711421779399,0.683006919031356,0.899678218666027,1.93760413794781,"USDT",0.46633290914168,0.898652542429697
2023-07-29,11,122626081061.677,0.51681184528906,0.468493029817966,0.683605528648705,0.90009292638451,1.93494017042254,"USDT",0.466946640377824,0.898868625684687
2023-07-30,11,122862988207.928,0.514848099219709,0.46633290914168,0.682243419271101,0.898297781116566,1.94232046600847,"USDT",0.467053357193074,0.898997142002036
2023-07-31,11,122868838863.853,0.514797475424615,0.466277222967076,0.682221343880046,0.89821300653435,1.94251146856379,"USDT",0.467711421779399,0.899649144432629
2023-08-01,11,122717618036.68,0.515503051993704,0.467053357193074,0.68279836408239,0.898652542429697,1.93985272469777,"USDT",0.468493029817966,0.899678218666027
2023-08-02,11,122421704609.005,0.517610377659058,0.469371415424963,0.684652396740483,0.899649144432629,1.93195508274505,"USDT",0.469371415424963,0.90009292638451
2023-08-03,11,122229672834.673,0.51954481702233,0.471499298724563,0.686318845175365,0.900619150754041,1.9247617669084,"USDT",0.471402204517713,0.900619150754041
2023-08-04,11,121989329164.689,0.520673878164253,0.472741265980678,0.687281924681569,0.901192701345509,1.92058799555244,"USDT",0.471464629662015,0.901192701345509
2023-08-05,11,121702322240.099,0.521492559425175,0.473641815367692,0.687905471265921,0.901807966753499,1.91757290094852,"USDT",0.471499298724563,0.901649889775804
2023-08-06,11,121808981722.735,0.521705878234421,0.473876466057863,0.688101797221951,0.901882095672201,1.91678883010527,"USDT",0.472260188752479,0.901733912458751
2023-08-07,11,121740801574.932,0.521560264433304,0.473716290876634,0.687950885073556,0.901873761372072,1.91732397614021,"USDT",0.472366614947708,0.90174806395773
2023-08-08,11,121554589671.877,0.520236535229527,0.472260188752479,0.686642642909266,0.901649889775804,1.92220256033883,"USDT",0.472473505154196,0.901807966753499
2023-08-09,11,121810854504.779,0.519456549561558,0.471402204517713,0.685773621226253,0.90174806395773,1.92508882762965,"USDT",0.472741265980678,0.901873761372072
2023-08-10,11,121744568013.878,0.519513299692741,0.471464629662015,0.685837124770173,0.901733912458751,1.92487853649067,"USDT",0.47278212979522,0.901882095672201
2023-08-11,11,121477593422.912,0.520711027086564,0.47278212979522,0.686922007542773,0.902209456833476,1.9204509756498,"USDT",0.472965264616994,0.902156343648394
2023-08-12,11,121266673168.455,0.520877513288176,0.472965264616994,0.68702972907621,0.90239391626885,1.9198371488284,"USDT",0.473641815367692,0.902209456833476
2023-08-13,11,121395106147.789,0.520430459231087,0.472473505154196,0.686645641779255,0.902156343648394,1.92148630477443,"USDT",0.473716290876634,0.902257905482689
2023-08-14,11,121344318773.158,0.520333286316099,0.472366614947708,0.686503400975364,0.902257905482689,1.92184514482994,"USDT",0.473876466057863,0.90239391626885
2023-08-15,11,120958125545.491,0.52316800561977,0.475484806181747,0.688862218144212,0.903848684364141,1.9114318713266,"USDT",0.474601165595409,0.903848684364141
2023-08-16,11,120657079684.394,0.523161628523594,0.475477791375953,0.688638760681433,0.904397703334072,1.91145517078935,"USDT",0.47480084402921,0.904397703334072
2023-08-17,11,120645398676.145,0.523115911266794,0.475427502393473,0.688473456322433,0.904690288361787,1.91162222073951,"USDT",0.47521633565034,0.9044954837514
2023-08-18,11,119833124056.398,0.522364695995826,0.474601165595409,0.687662813853557,0.904729035091725,1.91437133417606,"USDT",0.47521633565034,0.9044954837514
2023-08-19,11,120295964097.447,0.523339518114284,0.475673469925713,0.688687680629088,0.904746421155031,1.91080544347814,"USDT",0.47521633565034,0.9044954837514
2023-08-20,11,120263125512.704,0.523385876252709,0.47572446387798,0.688718060524916,0.904794723925296,1.91063619668095,"USDT",0.47521633565034,0.9044954837514
2023-08-21,11,120236745935.11,0.522923941500309,0.47521633565034,0.688344863981038,0.9044954837514,1.91232399329609,"USDT",0.47521633565034,0.9044954837514
2023-08-22,11,120231426794.417,0.523429433502568,0.475772376852825,0.688753762502818,0.904810862234871,1.91047720283597,"USDT",0.475427502393473,0.904533370360238
2023-08-23,11,120274740834.372,0.523818338064406,0.476200171870847,0.689144658594061,0.904863193839412,1.90905878495045,"USDT",0.475477791375953,0.904690288361787
2023-08-24,11,120200269444.172,0.524333862794311,0.476767249073743,0.689389542621088,0.905570390176167,1.90718179953273,"USDT",0.475484806181747,0.90469312508899
2023-08-25,11,120156703653.152,0.523599218711678,0.475959140582845,0.689037228636706,0.904533370360238,1.90985770082032,"USDT",0.475668379679181,0.904729035091725
2023-08-26,11,120234201686.903,0.523458372457472,0.475804209703219,0.68882292394312,0.90469312508899,1.91037158371413,"USDT",0.475673469925713,0.904746421155031
2023-08-27,11,120215000483.569,0.523428272405176,0.475771099645694,0.68865828668479,0.905036276941782,1.91048144076161,"USDT",0.47572446387798,0.904794723925296
2023-08-28,11,120267838234.33,0.523334890617437,0.475668379679181,0.688549357199728,0.905062995157638,1.91082233943964,"USDT",0.475745725974553,0.904810862234871
2023-08-29,11,120255710844.297,0.523768425743788,0.476145268318167,0.688857273934776,0.905437170362645,1.90924070800933,"USDT",0.475771099645694,0.904863193839412
2023-08-30,11,120482013478.713,0.522546221844736,0.47480084402921,0.687594741960882,0.905353419858436,1.91370630615167,"USDT",0.475772376852825,0.905036276941782
2023-08-31,11,120326836880.736,0.523405205431412,0.475745725974553,0.688380576111013,0.905662832727874,1.91056563752697,"USDT",0.475804209703219,0.905062995157638
2023-09-01,11,120285367426.669,0.524179986761039,0.476597985437143,0.688855665432492,0.906511327531665,1.90774166365851,"USDT",0.475959140582845,0.905353419858436
2023-09-02,11,120696658079.658,0.520893565908568,0.472982922499425,0.68662388303488,0.903384844805541,1.91977798431,"USDT",0.476145268318167,0.905437170362645
2023-09-03,11,120678658629.092,0.521200917049557,0.473321008754513,0.686870765551077,0.903576542995297,1.91864589506261,"USDT",0.476200171870847,0.905570390176167
2023-09-04,11,120654880930.635,0.520989401502925,0.473088341653218,0.686587058844101,0.903716919583546,1.91942484264603,"USDT",0.476597985437143,0.905662832727874
2023-09-05,11,120453459936.913,0.521448811766969,0.473593692943665,0.687092963161701,0.903680547383723,1.91773377833852,"USDT",0.476697019615096,0.905775435436203
2023-09-06,11,120184721279.681,0.524270017831906,0.476697019615096,0.68924371709175,0.905775435436203,1.90741405380276,"USDT",0.476767249073743,0.906372864017959
2023-09-07,11,120206083267.542,0.524665698569828,0.477132268426811,0.689416787503517,0.906372864017959,1.9059755625837,"USDT",0.477132268426811,0.906511327531665
2023-09-08,11,119986731662.985,0.525869020011113,0.478455922012224,0.690479181945922,0.906889163225756,1.90161420799968,"USDT",0.478455922012224,0.906879260363548
2023-09-09,11,120167613490.717,0.526418120315183,0.479059932346701,0.690655846447724,0.907882363453194,1.89963065747294,"USDT",0.478553852045023,0.906889163225756
2023-09-10,11,120183731410.828,0.52617740761482,0.478795148376302,0.690437628335269,0.907811922670343,1.90049968989173,"USDT",0.478795148376302,0.906918457384757
2023-09-11,11,120243004527.142,0.525958047313657,0.478553852045023,0.69018011855158,0.907872337108442,1.90129232760583,"USDT",0.479059932346701,0.906996532764097
2023-09-12,11,120050194562.718,0.526923629900369,0.479615992890406,0.691071012027491,0.908191887717587,1.89780822733093,"USDT",0.479312452064911,0.907069986312939
2023-09-13,11,120300138775.054,0.526647683695374,0.479312452064911,0.690630374241935,0.908549191131142,1.89880261692829,"USDT",0.479409712505707,0.90739326942587
2023-09-14,11,120261674130.055,0.526736102277915,0.479409712505707,0.690658870186377,0.908698692222124,1.89848388154033,"USDT",0.479615992890406,0.907811922670343
2023-09-15,11,120142762742.764,0.527389855746594,0.480128841321253,0.691281619106115,0.908852007052053,1.89613051730842,"USDT",0.480128841321253,0.907872337108442
2023-09-16,11,119952673993.312,0.528317679578225,0.481149447536047,0.692001795503145,0.909483831525072,1.89280056044753,"USDT",0.480339618952169,0.907882363453194
2023-09-17,11,120092145266.717,0.527883199515275,0.480671519466802,0.691592714757973,0.909358686895094,1.89435845072971,"USDT",0.480408252289482,0.908112078895688
2023-09-18,11,120155242434.745,0.527581471774699,0.480339618952169,0.691339445073692,0.909192568638276,1.89544184831996,"USDT",0.48059534452697,0.908151856351524
2023-09-19,11,120109275315.632,0.528086210075252,0.480894831082777,0.691826118580801,0.909299646175309,1.89363020832811,"USDT",0.480671519466802,0.908188951314517
2023-09-20,11,120056901665.267,0.529067305999042,0.481974036598946,0.692811388260486,0.909414666911545,1.89011868369317,"USDT",0.480673732451541,0.908191887717587
2023-09-21,11,120153168254.776,0.528403407903464,0.48124374869381,0.69245614494041,0.908558091980591,1.89249347192457,"USDT",0.480894831082777,0.908313153679263
2023-09-22,11,120162118607.781,0.527643865717711,0.480408252289482,0.692311920818812,0.906879260363548,1.89521771212062,"USDT",0.480923493672787,0.908430733500881
2023-09-23,11,120123451640.627,0.528112266975261,0.480923493672787,0.692722317687893,0.907069986312939,1.89353677718462,"USDT",0.481149447536047,0.908527345919511
2023-09-24,11,120164087626.378,0.527813949569973,0.48059534452697,0.692469912327713,0.906918457384757,1.89460699326862,"USDT",0.48124374869381,0.908549191131142
2023-09-25,11,120159518565.857,0.527885211319583,0.480673732451541,0.69251482843292,0.906996532764097,1.89435123120848,"USDT",0.481749802590396,0.908558091980591
2023-09-26,11,119949201589.116,0.52886345690036,0.481749802590396,0.693375524182145,0.90739326942587,1.89084722521943,"USDT",0.481974036598946,0.908698692222124
2023-09-27,11,119773649757.615,0.530042839615377,0.483047123576915,0.694321075534883,0.908112078895688,1.88663995673566,"USDT",0.483047123576915,0.908735521596429
2023-09-28,11,119631001603.066,0.531222307183834,0.484344537902217,0.695419011983347,0.908430733500881,1.88245106893439,"USDT",0.483969434792462,0.908852007052053
2023-09-29,11,119805412280.036,0.530881304356784,0.483969434792462,0.695022216919899,0.908527345919511,1.88366023024977,"USDT",0.484344537902217,0.909010357532838
2023-09-30,11,119278051173.798,0.533726571887964,0.48709922907676,0.698099694576205,0.908151856351524,1.87361853928815,"USDT",0.485906960233645,0.909192568638276
2023-10-01,11,119322447883.826,0.533402862373887,0.486743148611275,0.697756401759077,0.908188951314517,1.87475559382929,"USDT",0.48626851197336,0.909274182350925
2023-10-02,11,119365024854.553,0.533154028896597,0.486469431786257,0.697452844661881,0.908313153679263,1.87563057915848,"USDT",0.486469431786257,0.909274182350925
2023-10-03,11,119518694605.255,0.532642691121495,0.485906960233645,0.696739009493892,0.908735521596429,1.87743118730207,"USDT",0.486491839245777,0.909274182350925
2023-10-04,11,119529624875.026,0.533325676317903,0.486658243949693,0.697336497734172,0.909010357532838,1.87502691958136,"USDT",0.486494680613466,0.909299646175309
2023-10-05,11,119413331807.318,0.534125565132273,0.4875381216455,0.698047062362183,0.909274182350925,1.87221894116294,"USDT",0.486494680613466,0.909274182350925
2023-10-06,11,119392764373.788,0.5343017373676,0.48773191110436,0.698192155155825,0.909362468946804,1.87160162519179,"USDT",0.486658243949693,0.909274182350925
2023-10-07,11,119701477859.029,0.533176982375878,0.486494680613466,0.69684657700535,0.909847332651167,1.87554983252263,"USDT",0.486743148611275,0.909362468946804
2023-10-08,11,119865109671.993,0.533174399314343,0.486491839245777,0.696828801302906,0.909885647167951,1.87555891896908,"USDT",0.486797933873165,0.909847332651167
2023-10-09,11,119887462133.993,0.532971374521237,0.48626851197336,0.69661997191073,0.909886837395947,1.87627337565416,"USDT",0.48709922907676,0.909885647167951
2023-10-10,11,119819293367.348,0.533452667157423,0.486797933873165,0.697083618648072,0.909971600824326,1.87458056087458,"USDT",0.4875381216455,0.909886837395947
2023-10-11,11,119589376167.088,0.534557800631894,0.488013580695084,0.698087935426034,0.910302366762817,1.87070509272882,"USDT",0.48773191110436,0.909971600824326
2023-10-12,11,119418278448.391,0.535760047657147,0.489336052422862,0.699220204078739,0.910580590652417,1.86650722533894,"USDT",0.488013580695084,0.910302366762817
2023-10-13,11,119217047682.744,0.536853133362946,0.49053844669924,0.700267266266903,0.910772776549924,1.86270683331178,"USDT",0.489336052422862,0.910580590652417
2023-10-14,11,119224580681.83,0.536949199808833,0.490644119789717,0.700348004947499,0.910824787616703,1.86237357343306,"USDT",0.489646755644909,0.910772776549924
2023-10-15,11,119293421679.309,0.536869683292641,0.490556651621905,0.700230478824391,0.910925506539754,1.86264941217571,"USDT",0.48985220549411,0.910824787616703
2023-10-16,11,119361459526,0.536698736260725,0.490368609886798,0.700053386034936,0.910927406679821,1.86324269545924,"USDT",0.490059465074464,0.910925506539754
2023-10-17,11,119448327128.239,0.53641769552224,0.490059465074464,0.699697492780712,0.911096928890514,1.86421888827965,"USDT",0.490082320371442,0.910927406679821
2023-10-18,11,119530103575.907,0.536229277721918,0.48985220549411,0.699491308793597,0.91113260105304,1.86487392901845,"USDT",0.490282220771094,0.911096928890514
2023-10-19,11,119687903955.77,0.536042505131735,0.489646755644909,0.699274270196689,0.911200156365908,1.86552370460668,"USDT",0.490368609886798,0.91113260105304
2023-10-20,11,120427604693.75,0.532322707168025,0.485554977884828,0.696539777446603,0.908271696852296,1.8785597280267,"USDT",0.490460607470095,0.911200156365908
2023-10-21,11,120064900978.032,0.536438473064947,0.490082320371442,0.699346921589743,0.912027818105776,1.86414668263163,"USDT",0.49053844669924,0.912027818105776
2023-10-22,11,120357132771.524,0.536620200700994,0.490282220771094,0.699493547604827,0.912120078541125,1.86351538517127,"USDT",0.490556651621905,0.912050792964814
2023-10-23,11,120362476604.439,0.536782370427359,0.490460607470095,0.69968615756723,0.912050792964814,1.86295239019093,"USDT",0.490644119789717,0.912120078541125
2023-10-24,11,120345342483.455,0.537561769649923,0.491317946614915,0.700435023491807,0.912167072898994,1.8602513356767,"USDT",0.490644119789717,0.912120078541125
2023-10-25,11,119945301571.763,0.540367341362759,0.494404075499035,0.703197220445241,0.912427452605885,1.85059296418264,"USDT",0.491317946614915,0.912120078541125
2023-10-26,11,119931430609.061,0.539740355247245,0.493714390771969,0.702566925885888,0.912418806512935,1.85274269429404,"USDT",0.492000383630602,0.912120078541125
2023-10-27,11,119964271299.994,0.540867489334794,0.494954238268273,0.703599457606447,0.912701469624799,1.84888169416484,"USDT",0.493714390771969,0.912120078541125
2023-10-28,11,119948389405.495,0.541487917243637,0.495636708968001,0.704279270553667,0.912560404358907,1.84676327606782,"USDT",0.493757171856977,0.912120078541125
2023-10-29,11,120041728386.413,0.541684218142169,0.495852639956386,0.704451540234289,0.912626858595686,1.84609402767858,"USDT",0.494404075499035,0.912120078541125
2023-10-30,11,120103829434.618,0.541291581937869,0.495420740131655,0.703967843666593,0.912872246533184,1.84743312729882,"USDT",0.494497371848991,0.912120078541125
2023-10-31,11,119938103324.832,0.542377961139294,0.496615757253223,0.705036340438785,0.91291962163691,1.84373273187474,"USDT",0.494954238268273,0.912120078541125
2023-11-01,11,119791953671.267,0.544588522666358,0.499047374932994,0.707005793184396,0.913546444162035,1.83624876099831,"USDT",0.495014173513615,0.912120078541125
2023-11-02,11,119961917092.611,0.545084954103847,0.499593449514231,0.707410475528809,0.913799303720835,1.83457641321996,"USDT",0.495420740131655,0.912120078541125
2023-11-03,11,119709692034.942,0.54708928183816,0.501798210021976,0.709326351807949,0.91401035464062,1.82785522070568,"USDT",0.49543841974029,0.912120078541125
2023-11-04,11,120011372703.431,0.548458290173163,0.503304119190479,0.710406369781373,0.914773387466878,1.82329270596725,"USDT",0.495636708968001,0.912120078541125
2023-11-05,11,120260487097.56,0.548647220403117,0.503511942443429,0.710527912376634,0.914954614834286,1.82266484329448,"USDT",0.495852639956386,0.912120078541125
2023-11-06,11,120215341714.07,0.548390143977629,0.503229158375391,0.710284994877532,0.914919176613024,1.82351927907879,"USDT",0.496615757253223,0.912120078541125
2023-11-07,11,120025437393.008,0.549362989925243,0.504299288917767,0.711275941973382,0.914831981479567,1.82029007839804,"USDT",0.496897493715907,0.912050792964814
2023-11-08,11,122000142827.725,0.536804051063327,0.49048445616966,0.702716475723835,0.902811137923761,1.86287714859668,"USDT",0.497872572822452,0.906912989399673
2023-11-09,11,121952496087.617,0.538182166936911,0.492000383630602,0.703965529500701,0.903178693366157,1.858106904009,"USDT",0.498013194725012,0.906912989399673
2023-11-10,11,122207098050.232,0.539779247142707,0.493757171856977,0.705530196531576,0.903224384893582,1.85260920143456,"USDT",0.498076393336079,0.906912989399673
2023-11-11,11,122541115681.508,0.540921975921468,0.495014173513615,0.706512599969838,0.903660926298447,1.84869545796598,"USDT",0.498334101308406,0.906912989399673
2023-11-12,11,122751905570.318,0.540452156226355,0.494497371848991,0.706060967957252,0.903607742442401,1.85030254478469,"USDT",0.498353151561143,0.906912989399673
2023-11-13,11,122935485083.584,0.541307654309355,0.49543841974029,0.706820703487791,0.903861209048341,1.84737827377646,"USDT",0.498438309696891,0.906912989399673
2023-11-14,11,122664313959.955,0.542634085196279,0.496897493715907,0.708053331716452,0.904052911797291,1.8428624874132,"USDT",0.499047374932994,0.906912989399673
2023-11-15,11,122655073918.681,0.544626642636951,0.499089306900646,0.70987079218369,0.904438317877811,1.83612023671527,"USDT",0.499089306900646,0.906912989399673
2023-11-16,11,123152547658.341,0.544034826997174,0.498438309696891,0.709122912334551,0.904979245952411,1.83811761743186,"USDT",0.49926400843247,0.906912989399673
2023-11-17,11,123325113112.358,0.54395741051013,0.498353151561143,0.70896921644538,0.905207716831021,1.8383792199139,"USDT",0.499593449514231,0.906912989399673
2023-11-18,11,123601213652.312,0.543705812123708,0.498076393336079,0.708532750019458,0.905770465876964,1.83922992490003,"USDT",0.500376713073133,0.906912989399673
2023-11-19,11,123811248143.631,0.543940092098551,0.498334101308406,0.708704017961501,0.905942289904796,1.83843775174201,"USDT",0.500376713073133,0.906912989399673
2023-11-20,11,123820007651.088,0.54364835884092,0.498013194725012,0.708446664697211,0.905838641918736,1.83942429649202,"USDT",0.500376713073133,0.906912989399673
2023-11-21,11,123879906510.931,0.543520520747683,0.497872572822452,0.708256492810376,0.906032079986854,1.83985693608103,"USDT",0.500376713073133,0.906912989399673
2023-11-22,11,123946011110.946,0.544785462211336,0.49926400843247,0.709366923730462,0.906403349562602,1.83558495841813,"USDT",0.500376713073133,0.906912989399673
2023-11-23,11,124383400081.364,0.546296545013369,0.500926199514706,0.710665657977269,0.906912989399673,1.83050764118512,"USDT",0.500376713073133,0.906912989399673
2023-11-24,11,124475918555.126,0.547003690126712,0.501704059139383,0.711156979987273,0.907493624936155,1.82814123204242,"USDT",0.500712138794246,0.907493624936155
2023-11-25,11,124794142158.653,0.545797011884666,0.500376713073133,0.709857766991551,0.907847014069392,1.83218298786017,"USDT",0.500926199514706,0.907847014069392
2023-11-26,11,125018633448.914,0.546101944358405,0.500712138794246,0.710132611641949,0.907911314498163,1.8311599332884,"USDT",0.50115771431071,0.907911314498163
2023-11-27,11,124902716532.214,0.546507013009737,0.50115771431071,0.710524277233306,0.907921935044491,1.82980268540888,"USDT",0.501704059139383,0.907921935044491
2023-11-28,11,124685967061.359,0.548250189585108,0.503075208543619,0.712141752655407,0.908137964648239,1.82398477738194,"USDT",0.503075208543619,0.908137964648239
2023-11-29,11,124794280259.566,0.548760771773451,0.503636848950796,0.712388435755649,0.908879580731307,1.82228769153499,"USDT",0.503636848950796,0.908879580731307
2023-11-30,11,124748848257.73,0.550912299949582,0.50600352994454,0.714114418665468,0.909951067514066,1.81517094479742,"USDT",0.50600352994454,0.909951067514066
2023-12-01,11,125026017130.227,0.551043138208112,0.506147452028924,0.714158075810322,0.910176281766499,1.81473995529971,"USDT",0.506147452028924,0.910176281766499
2023-12-02,11,125154013474.914,0.551163693738076,0.506280063111884,0.714194032639185,0.910434334665026,1.81434301889126,"USDT",0.506280063111884,0.910422936609695
2023-12-03,11,125316696991.252,0.551794396792509,0.50697383647176,0.714727582375378,0.910669282758967,1.81226921805085,"USDT",0.50697383647176,0.910434334665026
2023-12-04,11,125422378400.262,0.551957082392144,0.507152790631359,0.714962826209411,0.910422936609695,1.81173506401271,"USDT",0.507152790631359,0.910669282758967
2023-12-05,11,125189778805.457,0.554060385734101,0.509466424307511,0.716609829293067,0.911517007651998,1.8048574230317,"USDT",0.509466424307511,0.911517007651998
2023-12-06,11,125285208117.278,0.555637092428919,0.511200801671811,0.717998981945314,0.911870101781587,1.79973585929727,"USDT",0.511135505680939,0.911815629066915
2023-12-07,11,125284396088.316,0.555577732437217,0.511135505680939,0.71794846224335,0.911815629066915,1.79992814977156,"USDT",0.511200801671811,0.911870101781587
2023-12-08,11,125237749135.765,0.557934493930498,0.513727943323548,0.719579924692036,0.913649315516177,1.79232510425242,"USDT",0.513516135740271,0.913649315516177
2023-12-09,11,125579241144.797,0.557741941582064,0.513516135740271,0.719178518532758,0.914275063767335,1.79294387860351,"USDT",0.513595355525326,0.914220158251231
2023-12-10,11,126062315464.112,0.558084088911231,0.513892497802354,0.719463066746257,0.914389421754286,1.79184466977173,"USDT",0.513727943323548,0.914275063767335
2023-12-11,11,125989769709.518,0.557813959568478,0.513595355525326,0.71925827960807,0.914220158251231,1.7927123960354,"USDT",0.513892497802354,0.914389421754286
2023-12-12,11,125314726244.142,0.561724719304832,0.517897191235315,0.722601856333404,0.915320860123343,1.78023142944031,"USDT",0.517897191235315,0.915320860123343
2023-12-13,11,125139653650.565,0.563701435394508,0.520071578933959,0.724139005446937,0.916350588879157,1.77398874157584,"USDT",0.520071578933959,0.916350588879157
2023-12-14,11,125185811617.467,0.56485289781297,0.521338187594267,0.724487130344074,0.918529120245758,1.77037243479118,"USDT",0.521276380402156,0.918529120245758
2023-12-15,11,125384394493.696,0.56519115976419,0.521710275740609,0.724392584696898,0.91978243089055,1.76931288241879,"USDT",0.521338187594267,0.91978243089055
2023-12-16,11,125294312291.324,0.565244650161303,0.521769115177433,0.724188827152205,0.920522362496586,1.76914544828444,"USDT",0.521392472561696,0.920370975597148
2023-12-17,11,125524964149.371,0.564796709456506,0.521276380402156,0.723800117512919,0.920370975597148,1.77054855890057,"USDT",0.521466579292614,0.920453373004671
2023-12-18,11,125456599872.05,0.565385542756317,0.521924097031949,0.724333568519616,0.920453373004671,1.7687045818768,"USDT",0.521472374693,0.920522362496586
2023-12-19,11,125614363365.346,0.564988408554406,0.521487249409847,0.723891007621754,0.920641536021651,1.76994781637844,"USDT",0.521487249409847,0.920641536021651
2023-12-20,11,125527285922.768,0.566217762213738,0.522839538435111,0.724627577040808,0.92182443668898,1.76610496302749,"USDT",0.521710275740609,0.92182443668898
2023-12-21,11,125659606951.569,0.565406857790999,0.521947543570099,0.72380794571603,0.921972310929843,1.76863790422869,"USDT",0.521766487748809,0.921946898731329
2023-12-22,11,125652273193.374,0.566358180230175,0.522993998253192,0.72471876966669,0.921951779990924,1.765667090027,"USDT",0.521769115177433,0.921951779990924
2023-12-23,11,126076486598.171,0.56496961753874,0.521466579292614,0.723345927717346,0.922116555224314,1.77000668523813,"USDT",0.521924097031949,0.921972310929843
2023-12-24,11,126205932764.471,0.56490224778336,0.521392472561696,0.723330666004149,0.921946898731329,1.77021777471047,"USDT",0.521947543570099,0.922090877141517
2023-12-25,11,126247154514.716,0.564974886084545,0.521472374693,0.723353100627137,0.922090877141517,1.76999017944022,"USDT",0.522839538435111,0.922116555224314
2023-12-26,11,126218383408.988,0.565242261589826,0.521766487748809,0.723578707221815,0.92218941041114,1.76915292424766,"USDT",0.522993998253192,0.92218941041114
2023-12-27,11,125921647442.053,0.567510899981875,0.524261989980062,0.725721535171543,0.922235479982512,1.76208069313195,"USDT",0.523785515945529,0.922235479982512
2023-12-28,11,126095912730.84,0.567077741768663,0.523785515945529,0.72525015530193,0.922423587036672,1.76342664566783,"USDT",0.524261989980062,0.922423587036672
2023-12-29,11,126149927275.458,0.567802683090296,0.524582951399325,0.725830966859123,0.922761409401196,1.76117519303968,"USDT",0.524582951399325,0.922761409401196
2023-12-30,11,125989378115.851,0.569132039580131,0.526045243538144,0.726849607962935,0.92345382573616,1.75706150849939,"USDT",0.526025385655121,0.92345382573616
2023-12-31,11,125981322921.39,0.570252294187458,0.527277523606204,0.727860044935337,0.923600892891408,1.75360977972896,"USDT",0.526045243538144,0.92345876563243
2024-01-01,11,125822482452.771,0.571483261442574,0.528631587586832,0.728999083785733,0.923666166951078,1.74983252786046,"USDT",0.526338312861032,0.923580725432
2024-01-02,11,125933659021.877,0.570782968109818,0.5278612649208,0.728401309352343,0.92345876563243,1.75197939649734,"USDT",0.526445914578043,0.923600892891408
2024-01-03,11,126150134820.522,0.569398466237302,0.526338312861032,0.727052578353744,0.923580725432,1.75623936363615,"USDT",0.527277523606204,0.923666166951078
2024-01-04,11,126796524116.635,0.569113986959201,0.526025385655121,0.726697785658845,0.923834443577941,1.75711724349465,"USDT",0.527542950792978,0.923834443577941
2024-01-05,11,127288819991.335,0.569496285980039,0.526445914578043,0.726904447260289,0.92431838988742,1.75593770252445,"USDT",0.5278612649208,0.92431838988742
2024-01-06,11,127689013130.43,0.57049359162998,0.527542950792978,0.727226242042141,0.926135184716125,1.75286806840873,"USDT",0.528631587586832,0.926135184716125
2024-01-07,11,128307326387.664,0.571715371715942,0.528886908887537,0.728293780823444,0.92640492949327,1.74912211473098,"USDT",0.528886908887537,0.92640492949327
2024-01-08,11,128540231418.75,0.572565380565531,0.529821918622084,0.728993183591671,0.926724565769594,1.74652543437447,"USDT",0.529821918622084,0.926724565769594
2024-01-09,11,128738231505.876,0.574927789086063,0.532420567994669,0.730814088792903,0.927798543755489,1.73934886951569,"USDT",0.532420567994669,0.927798543755489
2024-01-10,11,128408864962.266,0.577203712059207,0.534924083265127,0.732536697409615,0.928906838444535,1.73249059059659,"USDT",0.534924083265127,0.928906838444535
2024-01-11,11,128890152777.265,0.578133513794874,0.535946865174361,0.733219441914588,0.929443951243366,1.7297042571291,"USDT",0.535946865174361,0.929443951243366
2024-01-12,11,129306988581.228,0.58068487334511,0.538753360679621,0.735170012579538,0.930720376757802,1.72210444236195,"USDT",0.538233523141078,0.930720376757802
2024-01-13,11,129248070424.586,0.580808270729031,0.538889097801935,0.735041144815131,0.931485409306857,1.72173856743603,"USDT",0.538333159084443,0.931470673405788
2024-01-14,11,129336295741.345,0.580212293764616,0.538233523141078,0.734490550000909,0.931470673405788,1.72350708653837,"USDT",0.538753360679621,0.931485409306857
2024-01-15,11,129405071245.352,0.580302871894948,0.538333159084443,0.734522969743485,0.93164810303491,1.72323806831173,"USDT",0.538889097801935,0.93164810303491
2024-01-16,11,129434928162.689,0.582277896371106,0.540505686008217,0.735936531549413,0.932906726725068,1.71739302871058,"USDT",0.540505686008217,0.932906726725068
2024-01-17,11,129075039735.91,0.583600373809477,0.541960411190425,0.736816717115096,0.933881878827082,1.71350130136562,"USDT",0.541507992716903,0.933881878827082
2024-01-18,11,129234189906.203,0.583189084288094,0.541507992716903,0.736072917624611,0.934914576183654,1.71470973470073,"USDT",0.541960411190425,0.934914576183654
2024-01-19,11,128832435515.266,0.584675119907196,0.543142631897916,0.737045148255468,0.936008037510796,1.71035155413955,"USDT",0.542666754832912,0.936008037510796
2024-01-20,11,128662681022.309,0.586012664294408,0.544613930723849,0.738113379702702,0.936494991894515,1.70644776287225,"USDT",0.542994271052473,0.936494991894515
2024-01-21,11,128879093345.914,0.584822253298228,0.543304478628051,0.736996180614509,0.936533174342168,1.70992125275721,"USDT",0.543142631897916,0.936529488134018
2024-01-22,11,128873994943.412,0.584242504393556,0.542666754832912,0.736457272732542,0.936529488134018,1.71161802244772,"USDT",0.543304478628051,0.936533174342168
2024-01-23,11,128519642570.274,0.585304267789946,0.54383469456894,0.73738874074846,0.936709967497806,1.70851308461479,"USDT",0.543304478628051,0.936709967497806
2024-01-24,11,129437153379.559,0.586516470216735,0.545168117238408,0.738365194470528,0.937145694365551,1.70498195835911,"USDT",0.543304478628051,0.937051776442602
2024-01-25,11,129513544425.941,0.585537503490963,0.544091253840059,0.737471936753252,0.93708844032415,1.7078325368367,"USDT",0.543304478628051,0.93708844032415
2024-01-26,11,129695422372.228,0.584540246411339,0.542994271052473,0.736546982315255,0.937051776442602,1.71074619094115,"USDT",0.543304478628051,0.937145694365551
2024-01-27,11,129595357826.524,0.585962851106615,0.544559136217276,0.737289210909889,0.938707264284591,1.70659282941139,"USDT",0.543304478628051,0.938707264284591
2024-01-28,11,130107067149.735,0.587033041185262,0.545736345303788,0.738189939168297,0.939007350710884,1.7034816268279,"USDT",0.543304478628051,0.938994843664801
2024-01-29,11,130099807577.147,0.58682224969529,0.545504474664819,0.737998144896385,0.938994843664801,1.70409353176239,"USDT",0.543398438672093,0.939007350710884
2024-01-30,11,130491548712.303,0.585255604386116,0.543781164824727,0.736511652948334,0.939067003374465,1.70865514572717,"USDT",0.543781164824727,0.939067003374465
2024-01-31,11,130475979473.603,0.584907671520085,0.543398438672093,0.735719016535891,0.940397713798187,1.70967154081114,"USDT",0.543825618642821,0.940397713798187
2024-02-01,11,130426629728.687,0.587205279433449,0.545925807376794,0.73713939903798,0.942761288514136,1.70298196393061,"USDT",0.54383469456894,0.942761288514136
2024-02-02,11,130558909809.913,0.587288438806424,0.546017282687066,0.737215274612439,0.94277057218074,1.70274082362723,"USDT",0.543941758459595,0.94277057218074
2024-02-03,11,130685774705.9,0.58633043129925,0.544963474429175,0.736237439323314,0.942994991905064,1.70552293829283,"USDT",0.544091253840059,0.942926775908708
2024-02-04,11,130733683237.241,0.585989318150614,0.544588249965676,0.73593628101599,0.942926775908708,1.70651574871024,"USDT",0.544122647411101,0.942927834894801
2024-02-05,11,130708719956.13,0.585566043101001,0.544122647411101,0.73553473547927,0.942927834894801,1.70774929964222,"USDT",0.544122647411101,0.942994991905064
2024-02-06,11,130590673815.123,0.586183446365781,0.544801791002359,0.736044469360208,0.943148502132374,1.70595059652366,"USDT",0.544154255803173,0.943148502132374
2024-02-07,11,130869574825.113,0.584512161984654,0.542963378183119,0.734456329655511,0.943149659004333,1.71082838824875,"USDT",0.544218420671526,0.943149659004333
2024-02-08,11,131178806625.563,0.583557422933497,0.541913165226846,0.733504415751896,0.943277201287285,1.7136274181435,"USDT",0.544559136217276,0.943277201287285
2024-02-09,11,131415949585.169,0.582667678166346,0.540934445982981,0.732547201784101,0.94355695747516,1.71624416021667,"USDT",0.544559136217276,0.943462212524119
2024-02-10,11,131634276287.191,0.581419741501628,0.539561715651791,0.731359823750019,0.943517466400968,1.71992783976909,"USDT",0.544588249965676,0.943479247426888
2024-02-11,11,131760978986.491,0.581284642206193,0.539413106426812,0.731245716028077,0.943462212524119,1.72032757687288,"USDT",0.544801791002359,0.943517466400968
2024-02-12,11,131907552288.428,0.581794175965193,0.539973593561712,0.731728790384683,0.943479247426888,1.71882091865393,"USDT",0.544801791002359,0.94355695747516
2024-02-13,11,131683430023.36,0.58529601694802,0.543825618642821,0.734302583994578,0.945521161992368,1.70853716930182,"USDT",0.544588249965676,0.945521161992368
2024-02-14,11,131782933564.888,0.585401598599632,0.543941758459595,0.734255833447,0.945893308905652,1.70822902156767,"USDT",0.544218420671526,0.945893308905652
2024-02-15,11,132055660747.257,0.585653109701387,0.544218420671526,0.734381206315631,0.946198649599745,1.70749541569049,"USDT",0.544218420671526,0.945893308905652
2024-02-16,11,132470961554.322,0.585594778002885,0.544154255803173,0.734242238079635,0.946397972730279,1.70766550106612,"USDT",0.544218420671526,0.945893308905652
2024-02-17,11,132781315178.126,0.586356664998986,0.544992331498885,0.734916048180822,0.946552728094886,1.7054466328983,"USDT",0.544154255803173,0.945911475235431
2024-02-18,11,132936398339.349,0.586501209217901,0.545151330139691,0.735063036909201,0.946520057782641,1.70502632267971,"USDT",0.544122647411101,0.946074282799863
2024-02-19,11,132879249233.523,0.586374062234465,0.545011468457911,0.734966958286085,0.946451866354226,1.70539603370134,"USDT",0.543941758459595,0.946086645440513
2024-02-20,11,132860857081.147,0.58647957257259,0.54512752982985,0.735164858033644,0.946151610470287,1.70508922521121,"USDT",0.543941758459595,0.946105819210714
2024-02-21,11,133050442694.311,0.587093206256456,0.545802526882101,0.735656310503226,0.946438278571414,1.70330705472885,"USDT",0.543941758459595,0.946151610470287
2024-02-22,11,133397324171.486,0.587183885263849,0.545902273790234,0.735732018775906,0.946465083693573,1.70304401244025,"USDT",0.543941758459595,0.946198649599745
2024-02-23,11,132920968695.539,0.587181411093171,0.545899552202488,0.735701595619675,0.946546604015115,1.70305118845345,"USDT",0.544154255803173,0.946354651268936
2024-02-24,11,133216212918.096,0.586573022701059,0.545230324971165,0.735136352979909,0.94649801098529,1.70481757820226,"USDT",0.544218420671526,0.946397972730279
2024-02-25,11,133100641402.48,0.586534096763696,0.545187506440066,0.735127488295188,0.946409886692431,1.7049307201707,"USDT",0.544809184532253,0.946409886692431
2024-02-26,11,133238608345.791,0.586190167756594,0.544809184532253,0.734817373452368,0.946354651268936,1.70593103570313,"USDT",0.544809184532253,0.946438278571414
2024-02-27,11,133806720428.281,0.584965581242695,0.543462139366965,0.733592837154387,0.946483983125507,1.70950228879383,"USDT",0.544809184532253,0.946451866354226
2024-02-28,11,134055997517.678,0.585353642644183,0.543889006908602,0.733895695051767,0.946670779620523,1.70836897073495,"USDT",0.544809184532253,0.946465083693573
2024-02-29,11,134386242482.045,0.583351069596614,0.541686176556275,0.732282094766668,0.945911475235431,1.71423359297429,"USDT",0.544809184532253,0.946483983125507
2024-03-01,11,134885197369.407,0.58362379750248,0.541986177252728,0.732631343011921,0.945685081126337,1.71343253013214,"USDT",0.544865394634726,0.94649801098529
2024-03-02,11,135603803201.657,0.58313772508961,0.541451497598571,0.732093498067883,0.945863490416349,1.71486075582973,"USDT",0.544865394634726,0.946520057782641
2024-03-03,11,135571739253.909,0.58309912213188,0.541409034345068,0.731986560494,0.946074282799863,1.71497428489325,"USDT",0.544865394634726,0.946546604015115
2024-03-04,11,135889913869.241,0.583782416074738,0.542160657682212,0.732638191667044,0.946086645440513,1.71296697616184,"USDT",0.544809184532253,0.946546604015115
2024-03-05,11,135834343012.689,0.584447710388992,0.542892481427891,0.733276571176573,0.946105819210714,1.7110170546043,"USDT",0.544541269518132,0.946670779620523
2024-03-06,11,136444681701.049,0.588032312130166,0.546835543343182,0.736164889137559,0.947705994082999,1.70058682043758,"USDT",0.544541269518132,0.947652335937522
2024-03-07,11,136867160959.188,0.586241267849751,0.544865394634726,0.734465914467223,0.947652335937522,1.70578233713887,"USDT",0.54453386718969,0.947705994082999
2024-03-08,11,136920268580.546,0.589140912206268,0.548055003426895,0.736353194377525,0.950237705617991,1.69738678689808,"USDT",0.544522282362287,0.950237705617991
2024-03-09,11,137961718120.825,0.58685694965852,0.545542644624372,0.733849814715922,0.951088221024404,1.70399277129099,"USDT",0.544457173620321,0.950350458369052
2024-03-10,11,138580229413.136,0.587799348147798,0.546579282962578,0.734700306299746,0.951249915930354,1.70126081825555,"USDT",0.54416909927588,0.950414348386801
2024-03-11,11,139400518168.099,0.586580393233382,0.54523843255672,0.733839223835756,0.950350458369052,1.70479615673436,"USDT",0.543973882042167,0.950700342159062
2024-03-12,11,139396305340.078,0.584691859913984,0.543161045905383,0.73198468512356,0.950414348386801,1.71030258595889,"USDT",0.543889006908602,0.950769561943926
2024-03-13,11,139702664185.815,0.585946608652847,0.544541269518132,0.733090487258422,0.950700342159062,1.70664013620474,"USDT",0.543889006908602,0.95082731590985
2024-03-14,11,140485376477.606,0.584289273163558,0.542718200479914,0.73144937504615,0.950769561943926,1.71148101793078,"USDT",0.543889006908602,0.951088221024404
2024-03-15,11,140419625022.01,0.585929347602079,0.544522282362287,0.733021285618161,0.95082731590985,1.70669041257706,"USDT",0.543447046812441,0.951242336685306
2024-03-16,11,140947581745.283,0.586733460961152,0.545406807057267,0.733416956909435,0.951746475880517,1.7043514074719,"USDT",0.543447046812441,0.951249915930354
2024-03-17,11,140632050886.296,0.584951860738583,0.543447046812441,0.731820973152493,0.951358441479713,1.70954238650914,"USDT",0.543447046812441,0.951358441479713
2024-03-18,11,141237351098.781,0.585939879263354,0.54453386718969,0.732752791424047,0.951440819954568,1.706659736588,"USDT",0.543447046812441,0.951440819954568
2024-03-19,11,141233337642.917,0.584920778360687,0.543412856196755,0.731827313375223,0.951242336685306,1.7096332306789,"USDT",0.543447046812441,0.951746475880517
2024-03-20,11,141751896965.938,0.585870157836656,0.544457173620321,0.732175798215268,0.952677931300199,1.70686283748012,"USDT",0.543447046812441,0.952677931300199
2024-03-21,11,141622660087.839,0.586531445962246,0.545184590558471,0.732269202155132,0.954039189520846,1.70493842552538,"USDT",0.543447046812441,0.954039189520846
2024-03-22,11,142192965697.461,0.585608272068981,0.54416909927588,0.7308721998847,0.955176997442669,1.70762615163709,"USDT",0.543412856196755,0.954283003944604
2024-03-23,11,142404583093.726,0.585430801856515,0.543973882042167,0.730615221101714,0.955299471107906,1.70814380936023,"USDT",0.543309098763247,0.954765374247126
2024-03-24,11,142447997199.11,0.584661727019446,0.54312789972139,0.730056557921816,0.954765374247126,1.71039073328421,"USDT",0.543309098763247,0.955075330470418
2024-03-25,11,142592519915.073,0.583967780801852,0.542364558882038,0.729557224240513,0.954283003944604,1.7124232412735,"USDT",0.543309098763247,0.955108633929315
2024-03-26,11,142358400613.909,0.583829257868091,0.5422121836549,0.729082690025707,0.955140498872231,1.71282954138269,"USDT",0.543309098763247,0.955140498872231
2024-03-27,11,142830772650.662,0.584072400699892,0.542479640769881,0.729332104309448,0.955108633929315,1.71211650953153,"USDT",0.543309098763247,0.955162731853026
2024-03-28,11,142707866197.347,0.586213158507013,0.544834474357715,0.730971536774497,0.956234559155133,1.70586413062926,"USDT",0.543412856196755,0.955176997442669
2024-03-29,11,143078151904.135,0.584594719743005,0.543054191717306,0.72943076762365,0.956070698669545,1.71058678128261,"USDT",0.543412856196755,0.955252624574427
2024-03-30,11,143358928104.5,0.584275228074952,0.542702750882447,0.729309840050812,0.955552387149653,1.71152215933365,"USDT",0.543447046812441,0.955252624574427
2024-03-31,11,143359299294.394,0.584201989725295,0.542622188697824,0.729205225565902,0.955634497502562,1.71173672392013,"USDT",0.543447046812441,0.955277024094707
2024-04-01,11,143264311889.858,0.58446501923103,0.542911521154133,0.72949322949319,0.955566325291504,1.71096638309626,"USDT",0.543447046812441,0.955299471107906
2024-04-02,11,143529405450.686,0.582648518378426,0.540913370216269,0.727838792213201,0.955162731853026,1.71630059711318,"USDT",0.543465806270735,0.955304748302991
2024-04-03,11,143846638624.023,0.582494394951294,0.540743834446423,0.727621463909947,0.955304748302991,1.71675471672756,"USDT",0.543465806270735,0.955319812803318
2024-04-04,11,144607313274.691,0.58344540059334,0.541789940652674,0.728399931660538,0.955750104863477,1.71395643702571,"USDT",0.543973882042167,0.955395806487837
2024-04-05,11,145715280065.943,0.584119952474375,0.542531947721813,0.729044510803717,0.955806115143815,1.71197713032045,"USDT",0.543973882042167,0.955552387149653
2024-04-06,11,146168391877.373,0.584826453421134,0.543309098763247,0.729904496373298,0.955395806487837,1.70990897239715,"USDT",0.543901055278556,0.955566325291504
2024-04-07,11,146304104438.104,0.584744500469128,0.54321895051604,0.729940738628863,0.955075330470418,1.71014861909385,"USDT",0.543901055278556,0.955634497502562
2024-04-08,11,146430979686.251,0.584968914791577,0.543465806270735,0.730096056840047,0.955252624574427,1.70949254689251,"USDT",0.543901055278556,0.955634497502562
2024-04-09,11,145971933767.441,0.588808724550499,0.547689597005549,0.733367086826035,0.95662191540787,1.6983443999805,"USDT",0.544027942338664,0.955634497502562
2024-04-10,11,145725475514.716,0.590709640684504,0.549780604752954,0.735112717116946,0.956930259658387,1.69287909173315,"USDT",0.544287090101159,0.955750104863477
2024-04-11,11,145651272434.89,0.591313170875892,0.550444487963482,0.735770772161028,0.956722990219493,1.6911512363554,"USDT",0.544431857907848,0.955806115143815
2024-04-12,11,145892839346.778,0.591095741917474,0.550205316109222,0.735645286586037,0.956509117490252,1.69177331028653,"USDT",0.544834474357715,0.955806115143815
2024-04-13,11,145754068951.338,0.592130312967365,0.551343344264101,0.736812064896103,0.956049276420908,1.68881744119578,"USDT",0.54621432277887,0.955750104863477
2024-04-14,11,146049265136.664,0.590058882809076,0.549064771089984,0.735227590767757,0.954889552998984,1.69474611625086,"USDT",0.546642529149661,0.95569422667021
2024-04-15,11,146576899367.436,0.59011075333902,0.549121828672922,0.7351314470659,0.955277024094707,1.69459714865677,"USDT",0.546944172408203,0.95569422667021
2024-04-16,11,146739008846.578,0.590088264622808,0.549097091085089,0.734918006652967,0.955809343578095,1.69466173105343,"USDT",0.547689597005549,0.95569422667021
2024-04-17,11,147230945804.069,0.588948687580122,0.547843556338134,0.733980608040024,0.955319812803318,1.69794079023898,"USDT",0.547843556338134,0.955717570317933
2024-04-18,11,147722957333.664,0.59129513819407,0.550424652013477,0.735966046086125,0.956126875940915,1.69120281126308,"USDT",0.547866545236601,0.955717570317933
2024-04-19,11,148643376030.239,0.589163888368767,0.548080277205644,0.73386635591705,0.956184055244581,1.69732059235457,"USDT",0.547904146487204,0.955717570317933
2024-04-20,11,150315660004.361,0.585847143552589,0.544431857907848,0.730588200931537,0.956210763850051,1.70692988948615,"USDT",0.547904146487204,0.95569422667021
2024-04-21,11,150339898865.57,0.585364595707778,0.543901055278556,0.730190756634448,0.955993728333637,1.70833700454821,"USDT",0.547904146487204,0.955550300234373
2024-04-22,11,150434319823.84,0.585479947580604,0.544027942338664,0.730338637809964,0.955900506585237,1.70800042620132,"USDT",0.548035157533435,0.955550300234373
2024-04-23,11,150385569961.428,0.585715536455599,0.544287090101159,0.730732012386055,0.955474597719591,1.70731342735315,"USDT",0.548080277205644,0.955550300234373
2024-04-24,11,150778728743.255,0.587467566162609,0.54621432277887,0.732442576761588,0.955498465752846,1.70222163332708,"USDT",0.548296496451444,0.955550300234373
2024-04-25,11,150548937208.529,0.589003769533822,0.547904146487204,0.733820188370147,0.955838837086103,1.69778200365588,"USDT",0.548317429533232,0.955498465752846
2024-04-26,11,150426231886.787,0.589379481393848,0.548317429533232,0.734170216021222,0.955889750655596,1.69669971821051,"USDT",0.548296496451444,0.955474597719591
2024-04-27,11,150425704920.328,0.588969586578728,0.547866545236601,0.733841419583414,0.95569422667021,1.6978805405028,"USDT",0.548292735835469,0.955414465735617
2024-04-28,11,150746639129.285,0.58785684468151,0.546642529149661,0.732950759588811,0.955166685212768,1.70109442298283,"USDT",0.548080277205644,0.955366814618255
2024-04-29,11,150879155413.597,0.58813106582564,0.546944172408203,0.733177102783721,0.955277363775303,1.70030127314592,"USDT",0.548080277205644,0.955319812803318
2024-04-30,11,150540013023.966,0.589122870484941,0.548035157533435,0.734113951098965,0.955366814618255,1.69743876888847,"USDT",0.548080277205644,0.955319812803318
2024-05-01,11,150464888686.542,0.58995038140445,0.548945419544895,0.7348501864284,0.955550300234373,1.69505780743692,"USDT",0.548079452998675,0.955319812803318
2024-05-02,11,150298409774.403,0.591450323510163,0.55059535586118,0.736246231736777,0.955717570317933,1.69075907181039,"USDT",0.548035157533435,0.955277363775303
2024-05-03,11,150435663063.258,0.590382760184632,0.549421036203095,0.735317379722227,0.955414465735617,1.69381639749655,"USDT",0.548035157533435,0.955166685212768
2024-05-04,11,150707879195.478,0.589360451319494,0.548296496451444,0.734459064395845,0.955037147645195,1.69675450356593,"USDT",0.548007079991465,0.955037147645195
2024-05-05,11,151215069418.637,0.587331915383898,0.546065106922288,0.732654314786504,0.954547338681565,1.7026147801731,"USDT",0.547904146487204,0.954937558627935
2024-05-06,11,151303409808.63,0.587123085744474,0.545835394318921,0.732472845646184,0.954478506020783,1.70322037112882,"USDT",0.547904146487204,0.954795546307224
2024-05-07,11,150939437335.294,0.589616581553478,0.548578239708825,0.734740202936433,0.954937558627935,1.69601743113342,"USDT",0.548007079991465,0.954590368071264
2024-05-08,11,151031800647.359,0.589619227982756,0.548581150781032,0.734790708003599,0.954795546307224,1.6960098187796,"USDT",0.548035157533435,0.954590368071264
2024-05-09,11,150850087669.836,0.589908692950334,0.548899562245367,0.735145496505442,0.954590368071264,1.6951775960423,"USDT",0.548079452998675,0.954590368071264
2024-05-10,11,150946323074.951,0.589880732730257,0.548868806003283,0.735168795569635,0.954458449580185,1.69525794709637,"USDT",0.548292735835469,0.954547338681565
2024-05-11,11,150770686451.792,0.589357032577699,0.548292735835469,0.734721008217998,0.954286730421712,1.69676434609807,"USDT",0.548296496451444,0.954490827282164
2024-05-12,11,150818548555.873,0.589163139089705,0.548079452998675,0.734562975833505,0.95420147599432,1.69732275095327,"USDT",0.548296496451444,0.954478506020783
2024-05-13,11,150829574809.146,0.589097345446786,0.548007079991465,0.734512270694471,0.954166316700072,1.69751231732605,"USDT",0.548367126373931,0.954458449580185
2024-05-14,11,150895198366.858,0.589424660339937,0.548367126373931,0.734805722545398,0.954229312845075,1.69656966748434,"USDT",0.548578239708825,0.954320916729076
2024-05-15,11,150588393674.445,0.590627289807148,0.549690018787863,0.735940523963568,0.954320916729076,1.69311512904614,"USDT",0.548581150781032,0.954320916729076
2024-05-16,11,151385290049.758,0.588056041618786,0.546861645780665,0.733795829557396,0.95349086674722,1.70051819763168,"USDT",0.548868806003283,0.954320916729076
2024-05-17,11,151512955634.255,0.588286045593287,0.547114650152616,0.733905356996585,0.953802922329508,1.69985334088878,"USDT",0.548868806003283,0.954320916729076
2024-05-18,11,151679386105.264,0.587771971280721,0.546549168408794,0.7334139412866,0.953781782356604,1.70134005849421,"USDT",0.548868806003283,0.954320916729076
2024-05-19,11,151913078847.099,0.587312901920315,0.546044192112346,0.733048405510259,0.953545525140481,1.70266990003172,"USDT",0.548868806003283,0.954320916729076
2024-05-20,11,151985295658.44,0.587310849369858,0.546041934306843,0.733083557466203,0.953445182611177,1.70267585057032,"USDT",0.548899562245367,0.954320916729076
2024-05-21,11,151726013255.038,0.588999494400751,0.547899443840826,0.734463149792651,0.95418629564305,1.69779432666135,"USDT",0.549690018787863,0.954320916729076
2024-05-22,11,151295527578.932,0.590672411921152,0.549739653113267,0.735973895701497,0.954490827282164,1.69298579012268,"USDT",0.549739653113267,0.954320916729076
2024-05-23,11,151655461774.222,0.591275409253954,0.550402950179349,0.736485157112241,0.954680964230947,1.69125924120835,"USDT",0.550402950179349,0.954320916729076
2024-05-24,11,151395564539.761,0.593171622797984,0.552488785077782,0.738226402309488,0.954908793017164,1.68585273058582,"USDT",0.550860312261473,0.954320916729076
2024-05-25,11,151608274840.221,0.591691192964976,0.550860312261473,0.737451007908259,0.953330863438305,1.69007078673756,"USDT",0.551088143081724,0.954320916729076
2024-05-26,11,151682168122.62,0.591898311892477,0.551088143081724,0.737659584650757,0.953304534900717,1.6894793918278,"USDT",0.551513093329882,0.954320916729076
2024-05-27,11,151687196012.857,0.592284630299893,0.551513093329882,0.73799138417846,0.953416062669476,1.68837742673428,"USDT",0.551600981207148,0.954405520713642
2024-05-28,11,151556674103.214,0.592364528370134,0.551600981207148,0.738185361378351,0.953073086231276,1.68814969855041,"USDT",0.552488785077782,0.954490827282164
2024-05-29,11,151251947004.511,0.593725973577672,0.553098570935439,0.739481511240447,0.953077715993463,1.68427868158471,"USDT",0.553098570935439,0.954595190831299
2024-05-30,11,150890651661.717,0.595964867693873,0.55556135446326,0.741068714969414,0.954405520713642,1.67795125888808,"USDT",0.55487857592256,0.954680964230947
2024-05-31,11,151148991458.3,0.5953441599296,0.55487857592256,0.740396184572679,0.954595190831299,1.67970069634722,"USDT",0.555245458943865,0.954908793017164
2024-06-01,11,151154557072.519,0.595677689948968,0.555245458943865,0.740595884752916,0.954925669199058,1.67876020350144,"USDT",0.55556135446326,0.954925669199058
2024-06-02,11,151198865202.711,0.5960086141299,0.55560947554289,0.740893191126891,0.954967191484739,1.67782809894431,"USDT",0.55560947554289,0.954967191484739
2024-06-03,11,151298376263.633,0.596631628335757,0.556294791169332,0.741389715477522,0.955234425989141,1.67607607861722,"USDT",0.555615721160186,0.955234281657305
2024-06-04,11,151217352825.785,0.596928027550552,0.556620830305607,0.74159491268916,0.955455329983795,1.67524383819507,"USDT",0.555615721160186,0.955234425989141
2024-06-05,11,151417593709.624,0.596868532099827,0.556555385309809,0.741536989138919,0.955450392346564,1.67541082536539,"USDT",0.555615721160186,0.955450392346564
2024-06-06,11,151655814002.456,0.596014291963805,0.555615721160186,0.74079864814244,0.955234281657305,1.67781211538586,"USDT",0.555877180287014,0.9554515608094
2024-06-07,11,151604075366.396,0.596251982079104,0.555877180287014,0.740910663685704,0.955561713587825,1.6771432717306,"USDT",0.556294791169332,0.955455329983795
2024-06-08,11,151368080925.9,0.598073591940722,0.557880951134794,0.742635866206697,0.955543705450816,1.67203503628215,"USDT",0.556492156329155,0.955543705450816
2024-06-09,11,151336435668.853,0.598515080972683,0.558366589069952,0.74302274587754,0.955631536001861,1.67080167533095,"USDT",0.556555385309809,0.955544230114298
2024-06-10,11,151390975774.991,0.598230085402921,0.558053093943213,0.742762775459147,0.955605478873434,1.67159764177771,"USDT",0.556620830305607,0.955559310842792
2024-06-11,11,151276211000.916,0.598627815963687,0.558490597560055,0.743188300164917,0.9554515608094,1.67048702605002,"USDT",0.556620830305607,0.955561713587825
2024-06-12,11,151332341480.848,0.598677902765605,0.558545693042165,0.743202692726001,0.955544230114298,1.67034726917509,"USDT",0.556620830305607,0.955605478873434
2024-06-13,11,151610667663.307,0.597218038561748,0.556939842417923,0.741817231693561,0.955559310842792,1.67443033436876,"USDT",0.556803522227283,0.955631536001861
2024-06-14,11,151745145754.505,0.596811051208323,0.556492156329155,0.741339977477724,0.955817652178332,1.67557218985032,"USDT",0.556846267647799,0.955815901473279
2024-06-15,11,151621848516.552,0.597888581511039,0.557677439662142,0.742283991190937,0.956047343957307,1.67255243020816,"USDT",0.556901516384632,0.955817652178332
2024-06-16,11,151593170132.476,0.597523970549169,0.557276367604086,0.741977083432021,0.95593754628409,1.67357302683761,"USDT",0.556939842417923,0.95593754628409
2024-06-17,11,151699980718.516,0.597183196713302,0.556901516384632,0.741632199730202,0.955995976109446,1.67452802674902,"USDT",0.557038641694596,0.955938209232867
2024-06-18,11,151669445087.468,0.597132970588908,0.556846267647799,0.741645542740601,0.955815901473279,1.67466887486346,"USDT",0.557124149321367,0.955995976109446
2024-06-19,11,151958689792.864,0.595566662607848,0.555123328868633,0.740114222618806,0.955938209232867,1.67907316306328,"USDT",0.557124149321367,0.956036721175546
2024-06-20,11,152089370918.197,0.595677658382732,0.555245424221005,0.740184986076086,0.956036721175546,1.67876029246255,"USDT",0.557124149321367,0.956047343957307
2024-06-21,11,152074390091.995,0.597577431282279,0.557335174410507,0.74182538494662,0.956517506230665,1.67342330491666,"USDT",0.557124149321367,0.956377590632234
2024-06-22,11,152161153438.242,0.597385590292152,0.557124149321367,0.741601218738,0.956632252207885,1.6739606985012,"USDT",0.557124149321367,0.956377590632234
2024-06-23,11,152253988774.66,0.597094111115712,0.556803522227283,0.74139269557332,0.956432132586616,1.67477786396424,"USDT",0.557124149321367,0.956377590632234
2024-06-24,11,152225956444.095,0.597307856085996,0.557038641694596,0.741590407147532,0.956443525257193,1.67417854932085,"USDT",0.557038641694596,0.956377590632234
2024-06-25,11,152016429053.662,0.598164221017087,0.557980643118796,0.74238246731161,0.956508772812456,1.67178170285687,"USDT",0.556939842417923,0.956377590632234
2024-06-26,11,152378214880.523,0.596755538141749,0.556431091955923,0.741026010420179,0.956560339014761,1.67572805962375,"USDT",0.556901516384632,0.956377590632234
2024-06-27,11,152326677347.388,0.595869941150595,0.555456935265654,0.740166165713697,0.956599856562341,1.67821856908749,"USDT",0.556846267647799,0.956377590632234
2024-06-28,11,151865219337.244,0.597406271275077,0.557146898402584,0.741634085447546,0.956586026653176,1.67390274940644,"USDT",0.556803522227283,0.956377590632234
2024-06-29,11,151476840358.784,0.599331354433268,0.559264489876595,0.743372951575837,0.956821194317878,1.6685260876191,"USDT",0.556492156329155,0.956377590632234
2024-06-30,11,151447063672.992,0.599613116838309,0.55957442852214,0.743674129227023,0.956715554332587,1.66774203551931,"USDT",0.556431091955923,0.956377590632234
2024-07-01,11,151514290561.245,0.600016260183541,0.560017886201895,0.743994128725527,0.956892390161474,1.66662150071418,"USDT",0.55596653786932,0.956377590632234
2024-07-02,11,151864195650.828,0.598409644233339,0.558250608656673,0.742530104643914,0.956735960705957,1.67109606209834,"USDT",0.555717910181226,0.956377590632234
2024-07-03,11,151799998607.948,0.597854289494416,0.557639718443857,0.742067021060467,0.956552112391303,1.67264836528256,"USDT",0.555456935265654,0.956377590632234
2024-07-04,11,151916631266.854,0.596333216244837,0.55596653786932,0.740690165758666,0.956377590632234,1.67691480661951,"USDT",0.555245424221005,0.956377590632234
2024-07-05,11,151989265282.93,0.596107191073842,0.555717910181226,0.740312198920011,0.95682623224448,1.67755064017694,"USDT",0.555245424221005,0.956377590632234
2024-07-06,11,152530304457.838,0.591993976153019,0.55119337376832,0.736415942619504,0.956647087901998,1.68920637756882,"USDT",0.552168256515366,0.956377590632234
2024-07-07,11,152644848837.879,0.590239217451998,0.549263139197198,0.735013577650848,0.955813601360998,1.69422832375811,"USDT",0.55119337376832,0.956262363852495
2024-07-08,11,152543387190.683,0.590289146313708,0.549318060945079,0.735048472145823,0.955843212819308,1.69408501959572,"USDT",0.55119337376832,0.956262363852495
2024-07-09,11,152808660264.985,0.589426837913645,0.54836952170501,0.734074820989576,0.956230113979859,1.69656339969119,"USDT",0.551157446779213,0.956262363852495
2024-07-10,11,152928676541.995,0.589427365427443,0.548370101970188,0.734100136957101,0.95616752027466,1.69656188133514,"USDT",0.551157446779213,0.956262363852495
2024-07-11,11,153126295629.116,0.588535205362551,0.547388725898806,0.7332392418162,0.956147082900813,1.69913369818544,"USDT",0.551157446779213,0.956262363852495
2024-07-12,11,153104849301.353,0.58964591876708,0.548610510643788,0.734384549657831,0.955990896188712,1.69593304756683,"USDT",0.551157446779213,0.956262363852495
2024-07-13,11,152942588652.603,0.590271288466567,0.549298417313224,0.734999250342169,0.955975190267777,1.6941362718113,"USDT",0.551157446779213,0.956262363852495
2024-07-14,11,153151509055.281,0.589244611941149,0.548169073135264,0.734126118551559,0.95562191802348,1.69708806790053,"USDT",0.551157446779213,0.956262363852495
2024-07-15,11,153219963536.597,0.589352846321025,0.548288130953128,0.734199041006107,0.9557076545564,1.69677639845535,"USDT",0.551157446779213,0.956262363852495
2024-07-16,11,153354936291.485,0.589636096325643,0.548599705958208,0.734453581063369,0.955771606760579,1.69596129923451,"USDT",0.551157446779213,0.956262363852495
2024-07-17,11,153800056184.545,0.590281110192546,0.5493092212118,0.735072703471505,0.955788236475599,1.69410808296713,"USDT",0.551157446779213,0.956262363852495
2024-07-18,11,153726318058.107,0.591762275562284,0.550938503118512,0.736425845722712,0.95601230467427,1.68986777511259,"USDT",0.551157446779213,0.956262363852495
2024-07-19,11,154015750011.413,0.592880233195787,0.552168256515366,0.737412448732529,0.956262363852495,1.68668129583225,"USDT",0.551157446779213,0.956262363852495
2024-07-20,11,154456290323.803,0.591815373165237,0.550996910481761,0.736434989392885,0.956113073670662,1.68971616038233,"USDT",0.551157446779213,0.956262363852495
2024-07-21,11,154947637467.446,0.590349035145286,0.549383938659815,0.735248478566816,0.955455068284363,1.69391316063369,"USDT",0.551157446779213,0.956262363852495
2024-07-22,11,154889241072.99,0.59151596472864,0.550667561201504,0.736268243540855,0.955765604126266,1.69057144629858,"USDT",0.551157446779213,0.956262363852495
2024-07-23,11,154850062287.325,0.592431290436663,0.551674419480329,0.736919942583204,0.95641135232285,1.68795945815578,"USDT",0.551674419480329,0.95641135232285
2024-07-24,11,155171487090.118,0.59196131525383,0.551157446779213,0.736407193024542,0.95656352292519,1.68929957791449,"USDT",0.551674419480329,0.95656352292519
2024-07-25,11,155168579641.298,0.593093019920017,0.552402321912019,0.73738699972296,0.956876923118483,1.68607615738735,"USDT",0.551674419480329,0.956678990928941
2024-07-26,11,154867977878.615,0.594334765266532,0.553768241793185,0.738571552236309,0.95690571206254,1.68255343358813,"USDT",0.551844009348374,0.956681649266832
2024-07-27,11,155094785006.293,0.592707358573115,0.551978094430426,0.736975817780064,0.956982664277373,1.68717324921932,"USDT",0.551915063205941,0.956694925363946
2024-07-28,11,155148723181.339,0.592585463043976,0.551844009348374,0.736862490253922,0.956966446380194,1.68752030274794,"USDT",0.551978094430426,0.956721070446807
2024-07-29,11,155287446788.774,0.592650057459946,0.551915063205941,0.736935053158907,0.95693772008056,1.6873363756783,"USDT",0.552168256515366,0.956799485951566
2024-07-30,11,154801483779.201,0.595042541096158,0.554546795205774,0.739165030144137,0.957144054613586,1.68055211339655,"USDT",0.552402321912019,0.95680472526754
2024-07-31,11,154597254186.707,0.59593178097585,0.555524959073435,0.740179759366874,0.956681649266832,1.67804442039067,"USDT",0.552663604014028,0.956876923118483
2024-08-01,11,154343679626.846,0.596631500161151,0.556294650177266,0.740834535473967,0.956721070446807,1.67607643868937,"USDT",0.552746980084364,0.95690571206254
2024-08-02,11,154088756374.814,0.59844834274896,0.558293177023856,0.742575364681938,0.956678990928941,1.67098800108046,"USDT",0.553178806064792,0.95693772008056
2024-08-03,11,153988852752.789,0.598426557746411,0.558269213521052,0.742515092173808,0.956799485951566,1.67104883139856,"USDT",0.553308521252368,0.956966446380194
2024-08-04,11,154239726994.244,0.59803290119984,0.557836191319824,0.742140662893601,0.95680472526754,1.67214880317402,"USDT",0.553326165435922,0.956982664277373
2024-08-05,11,154251489258.915,0.596937633075697,0.556631396383267,0.741136145044096,0.956694925363946,1.67521688128045,"USDT",0.55335633317389,0.957144054613586
2024-08-06,11,154618379463.996,0.594961105927305,0.554457216520036,0.739070406565646,0.957172385391013,1.68078213859274,"USDT",0.553379764038374,0.957172385391013
2024-08-07,11,155190710575.357,0.593330549103661,0.552663604014028,0.737476936960478,0.957239728082621,1.68540116720889,"USDT",0.553484348137112,0.957239728082621
2024-08-08,11,155875223708.784,0.591723461777867,0.550895807955654,0.735828906243965,0.957494046513282,1.68997862108669,"USDT",0.553648961359146,0.957486263469614
2024-08-09,11,156118575039.594,0.59234282480943,0.551577107290373,0.736430196755232,0.957486263469614,1.68821155269623,"USDT",0.553688137006493,0.957494046513282
2024-08-10,11,156571656211.016,0.59340634553124,0.552746980084364,0.737383268259207,0.957695902980889,1.68518588911408,"USDT",0.553768241793185,0.957680466354617
2024-08-11,11,156776798916.594,0.593916837502153,0.553308521252368,0.737881711297702,0.957680466354617,1.68373741381995,"USDT",0.554275664934992,0.957695902980889
2024-08-12,11,156600824013.615,0.594076680124648,0.553484348137112,0.737988780308477,0.957813225372677,1.68328438643675,"USDT",0.554413705738765,0.957695902980889
2024-08-13,11,156716492346.192,0.593798914604356,0.553178806064792,0.73773623864302,0.957778009908399,1.68407178828593,"USDT",0.554433934003053,0.957695902980889
2024-08-14,11,156892937593.817,0.593960302885354,0.55335633317389,0.737883425604719,0.957800642262845,1.68361419970691,"USDT",0.554457216520036,0.957695902980889
2024-08-15,11,157296937997.711,0.594796059031811,0.554275664934992,0.738670266613842,0.957845084459013,1.68124853017313,"USDT",0.554457216520036,0.957695902980889
2024-08-16,11,157722047804.567,0.594939940002775,0.554433934003053,0.73877623730778,0.957932543963171,1.68084193506211,"USDT",0.554457216520036,0.957695902980889
2024-08-17,11,158215191969.289,0.59393287766902,0.553326165435922,0.737810639606174,0.957920011300689,1.68369194162925,"USDT",0.554457216520036,0.957695902980889
2024-08-18,11,158378364726.627,0.593981603671249,0.553379764038374,0.737894992618036,0.957821228899015,1.6835538235852,"USDT",0.554457216520036,0.957723017295566
2024-08-19,11,158161860546.429,0.594261942733175,0.553688137006493,0.738103721681375,0.95798750813596,1.68275961842807,"USDT",0.554457216520036,0.957723017295566
2024-08-20,11,158565784760.473,0.594226328508314,0.553648961359146,0.737960401717446,0.958289927860552,1.68286047255816,"USDT",0.554457216520036,0.957723017295566
2024-08-21,11,158367973662.54,0.594921550671604,0.554413705738765,0.738659796137244,0.95822227825797,1.68089389075098,"USDT",0.554457216520036,0.957778009908399
2024-08-22,11,158802431328.885,0.595466145947131,0.555012760541844,0.739095957908086,0.958465491482307,1.67935659618303,"USDT",0.555012760541844,0.957800642262845
2024-08-23,11,158697046159.829,0.596281415663846,0.555909557230231,0.739848486665454,0.958546625597971,1.67706048474895,"USDT",0.555209774700082,0.957813225372677
2024-08-24,11,159257669947.375,0.596482409868441,0.556130650855285,0.740016862003942,0.958615907264587,1.67649537263062,"USDT",0.555373865273183,0.957821228899015
2024-08-25,11,159437530370.553,0.596431452476996,0.556074597724696,0.739951513587238,0.95866352563154,1.67663860758344,"USDT",0.555454887979662,0.957845084459013
2024-08-26,11,159313827790.847,0.59667578960019,0.556343368560208,0.74020979697257,0.958594624904029,1.67595202860512,"USDT",0.555868225701222,0.957920011300689
2024-08-27,11,159184849548.01,0.59653827563934,0.556192103203273,0.740458173901542,0.957519058925491,1.67633836894749,"USDT",0.555868225701222,0.957932543963171
2024-08-28,11,159047723922.424,0.597727772237882,0.55750054946167,0.741635830378586,0.957393410652747,1.67300240418145,"USDT",0.555868225701222,0.95798750813596
2024-08-29,11,159363898939.712,0.597420343385609,0.55716237772417,0.741295442026875,0.957525116788072,1.67386332097925,"USDT",0.555868225701222,0.957999384083779
2024-08-30,11,159614501825.369,0.596468824978709,0.55611570747658,0.740364377693604,0.95758481000618,1.67653355569035,"USDT",0.555868225701222,0.958182219646755
2024-08-31,11,159733038303.344,0.596243841546566,0.555868225701222,0.740122403206993,0.95765851335201,1.67716616981092,"USDT",0.555868225701222,0.95822227825797
2024-09-01,11,159715386130.906,0.596390961580312,0.556030057738343,0.740257007091393,0.95767412856803,1.6767524399602,"USDT",0.555868225701222,0.958289927860552
2024-09-02,11,159805213409.875,0.596400870533208,0.556040957586528,0.740249173060948,0.957723017295566,1.67672458141444,"USDT",0.555868225701222,0.958465491482307
2024-09-03,11,159532873370.674,0.595868079981511,0.555454887979662,0.739755521168321,0.957678313529134,1.67822381093317,"USDT",0.555868225701222,0.958546625597971
2024-09-04,11,159262433381.481,0.596578324009081,0.556236156409989,0.740490430633169,0.957520844218146,1.67622583616494,"USDT",0.555868225701222,0.958546625597971
2024-09-05,11,159683093649.166,0.595645249727347,0.555209774700082,0.739428620027161,0.957999384083779,1.67885163267523,"USDT",0.555868225701222,0.958546625597971
2024-09-06,11,159734093035.73,0.595794422975621,0.555373865273183,0.739507457485248,0.958182219646755,1.678431286761,"USDT",0.555868225701222,0.958546625597971
2024-09-07,11,159580041666.169,0.597387831498383,0.557126614648221,0.740678222469644,0.959178883141074,1.67395441834122,"USDT",0.555868225701222,0.958546625597971
2024-09-08,11,159685353520.57,0.596808994691178,0.556489894160296,0.740157467687152,0.959081051521279,1.67557796362881,"USDT",0.555454887979662,0.958542419579703
2024-09-09,11,159596603232.546,0.59662536654776,0.556287903202535,0.739975176192625,0.959096755770748,1.67609366961093,"USDT",0.555373865273183,0.958349600994039
2024-09-10,11,159791806921.233,0.596282768990109,0.55591104588912,0.739520448327219,0.959450908215716,1.67705667848435,"USDT",0.555209774700082,0.958214907901075
2024-09-11,11,160205211882.046,0.59558440093601,0.555142841029611,0.738864726036983,0.95940162775896,1.67902315512028,"USDT",0.555142841029611,0.958186161500999
2024-09-12,11,160351470236.67,0.595419825241854,0.55496180776604,0.738713675623851,0.959379188492694,1.67948724178576,"USDT",0.55496180776604,0.958186161500999
2024-09-13,11,160333495081.929,0.595112726531482,0.55462399918463,0.738461204318448,0.959264838195218,1.68035391517896,"USDT",0.55462399918463,0.958186161500999
2024-09-14,11,161074104777.241,0.593591105917834,0.552950216509617,0.73702333239132,0.959167617883143,1.68466136037156,"USDT",0.554481789082156,0.958186161500999
2024-09-15,11,160955358756.296,0.593524433656568,0.552876877022225,0.736982940531949,0.95910139621845,1.68485060309856,"USDT",0.55385312249916,0.958186161500999
2024-09-16,11,161101273534.803,0.5940540545352,0.55345945998872,0.737440556955292,0.959253451647395,1.68334849727172,"USDT",0.55345945998872,0.958186161500999
2024-09-17,11,160602718998.429,0.594983444620142,0.554481789082156,0.738398533103781,0.959099017140869,1.68071903351602,"USDT",0.553391904084586,0.958186161500999
2024-09-18,11,160981441598.947,0.593910995242354,0.553302094766589,0.737465020571102,0.958792096589604,1.68375397662395,"USDT",0.553302094766589,0.958186161500999
2024-09-19,11,161179164089.656,0.594411929544691,0.55385312249916,0.738040908388195,0.958542419579703,1.68233501095105,"USDT",0.553136680071662,0.958186161500999
2024-09-20,11,161209899985.272,0.593760618246965,0.553136680071662,0.737481244233273,0.958349600994039,1.68418040750568,"USDT",0.552950216509617,0.958186161500999
2024-09-21,11,161656422100.207,0.592872881227252,0.552160169349977,0.736682803115928,0.958186161500999,1.68670221166128,"USDT",0.552876877022225,0.958186161500999
2024-09-22,11,161732038814.598,0.59279630241913,0.552075932661043,0.736598351966981,0.958214907901075,1.68692010378459,"USDT",0.552160169349977,0.958186161500999
2024-09-23,11,161861983699.641,0.592205689589129,0.551426258548042,0.73607454799339,0.958073314348311,1.68860248656813,"USDT",0.552075932661043,0.958150700644711
2024-09-24,11,161868663262.805,0.592731539732822,0.552004693706104,0.736556938783978,0.958150700644711,1.68710441906087,"USDT",0.552075932661043,0.958073314348311
2024-09-25,11,162055541845.532,0.591916056878326,0.551107662566159,0.735830316350072,0.957973249884813,1.6894287431124,"USDT",0.552075932661043,0.957973249884813
2024-09-26,11,162284835032.492,0.59128167167143,0.550409838838573,0.735317116694997,0.957684177431052,1.69124132864327,"USDT",0.552075932661043,0.957684177431052
2024-09-27,11,162507579477.199,0.590248962191665,0.549273858410831,0.734328143975095,0.957632688856528,1.69420035282549,"USDT",0.552075932661043,0.957632688856528
2024-09-28,11,162631886937.302,0.590585783316896,0.549644361648586,0.734675572733216,0.957577849607843,1.69323412152544,"USDT",0.552075932661043,0.957577849607843
2024-09-29,11,162891201583.514,0.590423506872943,0.549465857560237,0.734519283552952,0.95757162607133,1.69369950274557,"USDT",0.552075932661043,0.95757162607133
2024-09-30,11,162664105139.58,0.590577970967695,0.549635768064465,0.7346968387785,0.957499762130884,1.69325652015337,"USDT",0.552075932661043,0.957499762130884
2024-10-01,11,162212593537.702,0.593992640076896,0.553391904084586,0.738020242694146,0.95747123076236,1.68352254309168,"USDT",0.552075932661043,0.95747123076236
2024-10-02,11,162371353474.535,0.59167248235356,0.550839730588916,0.736639767216711,0.955060267865459,1.69012423228167,"USDT",0.552075932661043,0.955421940193678
2024-10-03,11,162490046481.32,0.591430397130894,0.550573436843983,0.736388422550823,0.955103614669213,1.69081603659726,"USDT",0.552075932661043,0.955381339852542
2024-10-04,11,162420288871.096,0.591578253354701,0.550736078690171,0.736476446877453,0.955261946786335,1.69039344216802,"USDT",0.552075932661043,0.955309807261373
2024-10-05,11,162496486219.777,0.591576898720303,0.550734588592333,0.736518783322847,0.955135264076976,1.69039731294984,"USDT",0.552075932661043,0.955261946786335
2024-10-06,11,162529964085.045,0.591205317663722,0.550325849430094,0.736188291963949,0.955059316200403,1.69145975200582,"USDT",0.552075932661043,0.955135264076976
2024-10-07,11,162549245823.639,0.591235211283457,0.550358732411803,0.736204733695237,0.955092571424417,1.69137422960516,"USDT",0.552075932661043,0.955127165282459
2024-10-08,11,162100877192.527,0.592685834492184,0.551954417941402,0.73762385595628,0.955032213880747,1.68723452089386,"USDT",0.552845911204963,0.955103614669213
2024-10-09,11,162092275536.034,0.594162529107668,0.553578782018434,0.73894328408195,0.955309807261373,1.68304117309759,"USDT",0.553056400856905,0.955103614669213
2024-10-10,11,161649907981.648,0.595675667048716,0.555243233753587,0.74036254445595,0.955381339852542,1.67876590453076,"USDT",0.553342960832128,0.955103614669213
2024-10-11,11,161717701501.005,0.596000549779275,0.555600604757203,0.740659499481793,0.955421940193678,1.67785080126242,"USDT",0.553391904084586,0.955103614669213
2024-10-12,11,162056440044.201,0.593948146211026,0.553342960832128,0.738926036532721,0.954770619416415,1.68364865919576,"USDT",0.553578782018434,0.955103614669213
2024-10-13,11,162054743038.662,0.59368763714264,0.553056400856905,0.738685545677895,0.954744543645585,1.68438744120208,"USDT",0.553957207787804,0.955103614669213
2024-10-14,11,162026070053.765,0.593496282913603,0.552845911204963,0.738507817795839,0.954729677037291,1.68493051900979,"USDT",0.553972995089081,0.955103614669213
2024-10-15,11,161840047522.92,0.594506552534367,0.553957207787804,0.739416784404908,0.954894999812965,1.68206724675619,"USDT",0.553976223172663,0.955103614669213
2024-10-16,11,161816057799.095,0.594520904626437,0.553972995089081,0.739422052418528,0.954920869313423,1.68202664064158,"USDT",0.554118754592446,0.955103614669213
2024-10-17,11,162159282639.059,0.595152987332815,0.554668286066096,0.740050816625678,0.954843487020017,1.6802402429021,"USDT",0.554236066764469,0.955103614669213
2024-10-18,11,161965439817.566,0.59551255689658,0.555063812586238,0.740347089788663,0.954984409798603,1.67922571643383,"USDT",0.554668286066096,0.955127165282459
2024-10-19,11,162355160519.397,0.594523839247876,0.553976223172663,0.739440829050691,0.95488500257456,1.68201833801162,"USDT",0.555063812586238,0.955135264076976
2024-10-20,11,162480240536.508,0.594760060694972,0.554236066764469,0.739641078157723,0.954959416408256,1.68135028910904,"USDT",0.555243233753587,0.955135264076976
2024-10-21,11,162433949871.448,0.59465341326586,0.554118754592446,0.739520838865484,0.955012292717086,1.68165182893336,"USDT",0.555600604757203,0.955299015570041
2024-10-22,11,162052574568.812,0.596345412424226,0.555979953666649,0.74109098189584,0.955127165282459,1.67688051113676,"USDT",0.555979953666649,0.955309807261373
2024-10-23,11,162040980821.702,0.59656318727295,0.556219506000245,0.741392578498023,0.954852380132037,1.6762683674319,"USDT",0.556219506000245,0.955381339852542
2024-10-24,11,161671937538.602,0.598129170191675,0.557942087210843,0.742724071466816,0.955299015570041,1.6718796705393,"USDT",0.557942087210843,0.955421940193678
2024-10-25,11,161794162477.939,0.598429304201069,0.558272234621176,0.742825445630521,0.955846303756211,1.67104116222224,"USDT",0.558272234621176,0.955846303756211
2024-10-26,11,159580356570.726,0.615004739911481,0.576505213902629,0.753214944090251,0.970551302058356,1.62600372827034,"USDT",0.566340585120238,0.970227549624704
2024-10-27,11,159581155561.542,0.614593415683547,0.576052757251902,0.7529491884884,0.970227549624704,1.62709195133144,"USDT",0.567011243675838,0.970270529051667
2024-10-28,11,159552860830.847,0.614875864166807,0.576363450583488,0.753149476412042,0.970398405097183,1.62634453273761,"USDT",0.567385633615527,0.970308631048014
2024-10-29,11,159694753104.94,0.614792789017785,0.576272067919564,0.753043404786449,0.970474541271795,1.6265642959112,"USDT",0.569187294497813,0.970312946859298
2024-10-30,11,159899830221.759,0.613867371126504,0.575254108239154,0.752240319055504,0.970308631048014,1.62901637558111,"USDT",0.569794701340349,0.970320573699966
2024-10-31,11,160187140356.055,0.613063485602081,0.574369834162289,0.751499941578986,0.970270529051667,1.6311524393235,"USDT",0.569821752081726,0.970336527705886
2024-11-01,11,159748812275.921,0.614992605734106,0.576491866307517,0.753121332323953,0.970766159580869,1.62603581031079,"USDT",0.572108438410355,0.970366077495371
2024-11-02,11,160087590146.153,0.614413754383267,0.575855129821594,0.752712262937576,0.97040794129316,1.62756773080996,"USDT",0.574369834162289,0.97036760862864
2024-11-03,11,160210849793.68,0.614314397062638,0.575745836768902,0.752646044310324,0.970336527705886,1.62783096860749,"USDT",0.574477598575298,0.970398405097183
2024-11-04,11,160220588466.037,0.614121480069093,0.575533628076003,0.752454497939435,0.970366077495371,1.62834232713614,"USDT",0.574627501636049,0.97040794129316
2024-11-05,11,160408937775.322,0.613161453250271,0.574477598575298,0.751574412347284,0.970312946859298,1.63089182253574,"USDT",0.575254108239154,0.970474541271795
2024-11-06,11,160762380196.774,0.611007671282141,0.572108438410355,0.749524157851303,0.97036760862864,1.63664066263128,"USDT",0.575254108239154,0.970551302058356
2024-11-07,11,161741063147.256,0.606714212377752,0.567385633615527,0.745445722702079,0.970320573699966,1.64822247377548,"USDT",0.575254108239154,0.970766159580869
2024-11-08,11,162991668017.136,0.606373857887126,0.567011243675838,0.744923066170009,0.97081585993028,1.64914761247202,"USDT",0.575254108239154,0.97081585993028
2024-11-09,11,164055008660.657,0.605764168291126,0.566340585120238,0.744273817645085,0.970960244836282,1.65080744676765,"USDT",0.575254108239154,0.970960244836282
2024-11-10,11,164889763067.842,0.608352085907103,0.569187294497813,0.746666502871023,0.971200083847743,1.64378494487928,"USDT",0.575254108239154,0.971140651235365
2024-11-11,11,165033833773.57,0.608904273945772,0.569794701340349,0.747155676456305,0.971299027501656,1.64229426986919,"USDT",0.575254108239154,0.971200083847743
2024-11-12,11,165194134464.737,0.608928865528842,0.569821752081726,0.747238458018,0.971140651235365,1.64222794583982,"USDT",0.575254108239154,0.971299027501656
2024-11-13,11,165347620407.467,0.613297728760045,0.574627501636049,0.751088185457169,0.971907349328766,1.63052943636655,"USDT",0.575242879653987,0.971647001282457
2024-11-14,11,166807806395.746,0.614225854311302,0.575648439742433,0.751944312717451,0.971945989864889,1.62806562599232,"USDT",0.575202803064171,0.971841761957682
2024-11-15,11,167940745694.239,0.615918609145671,0.577510470060238,0.753443642333693,0.97217302896769,1.62359114524414,"USDT",0.575016078084437,0.971856877681571
2024-11-16,11,168731578771.742,0.616068539539937,0.577675393493931,0.753573365114145,0.972197990614439,1.62319601768136,"USDT",0.575016078084437,0.971907349328766
2024-11-17,11,169291673465.224,0.615375816892962,0.576913398582258,0.75293453259659,0.972171344745042,1.62502323384921,"USDT",0.574627501636049,0.971945989864889
2024-11-18,11,169483219219.552,0.61530560334432,0.576836163678752,0.752890392231779,0.972115396494987,1.62520866796074,"USDT",0.574477598575298,0.972115396494987
2024-11-19,11,169701438370.803,0.614194634928533,0.575614098421387,0.751775644258919,0.972307564864487,1.62814838022211,"USDT",0.574077549133806,0.972121574541573
2024-11-20,11,170399191540.581,0.615265787486003,0.576792366234604,0.752956318689523,0.971841761957682,1.62531384052091,"USDT",0.573682437953568,0.972124690531554
2024-11-21,11,171457823674.345,0.613857163321807,0.575242879653987,0.75170601216225,0.971647001282457,1.62904346442523,"USDT",0.573682437953568,0.97214009472598
2024-11-22,11,173339507298.027,0.613820730058337,0.575202803064171,0.7515905142545,0.971856877681571,1.629140156125,"USDT",0.574077549133806,0.972169565076796
2024-11-23,11,174577257669.088,0.612100793911918,0.57331087330311,0.749798450611151,0.972295461052111,1.63371786141467,"USDT",0.574077549133806,0.972171344745042
2024-11-24,11,176089592480.867,0.612797771939823,0.574077549133806,0.750523363511918,0.972121574541573,1.63185971912803,"USDT",0.574077549133806,0.97217302896769
2024-11-25,11,176546852260.437,0.613650980076761,0.575016078084437,0.751327490267057,0.972124690531554,1.6295908137797,"USDT",0.574547061416714,0.972197990614439
2024-11-26,11,176083308979.12,0.615003223086736,0.576503545395409,0.752589610732408,0.97214009472598,1.62600773859516,"USDT",0.574627501636049,0.972209877980746
2024-11-27,11,176265959265.658,0.616081328262854,0.57768946108914,0.753398640190306,0.97267598822149,1.62316232309729,"USDT",0.574627501636049,0.97221155331801
2024-11-28,11,177235606113.094,0.611634933775684,0.572798427153252,0.749382605734091,0.972209877980746,1.63496220503119,"USDT",0.574694216595827,0.972243317951213
2024-11-29,11,177412997430.157,0.612438579957789,0.573682437953568,0.750159015198557,0.972169565076796,1.6328167962066,"USDT",0.574694216595827,0.972295461052111
2024-11-30,11,178315183783.757,0.611252182809761,0.572377401090737,0.749003095737618,0.972243317951213,1.63598597783859,"USDT",0.574547061416714,0.972298586609848
2024-12-01,11,178936682063.453,0.611739979821512,0.572913977803663,0.749410205093329,0.972388114483649,1.63468145451564,"USDT",0.574077549133806,0.972307564864487
2024-12-02,11,179080587402.414,0.611340789255692,0.572474868181261,0.749064974127458,0.972298586609848,1.6357488614779,"USDT",0.573914064978328,0.972308848857292
2024-12-03,11,179097185729.986,0.611803255987679,0.572983581586447,0.749499686902233,0.972308848857292,1.63451238647893,"USDT",0.573808606523506,0.972388114483649
2024-12-04,11,179742380620.013,0.612207548276565,0.573428303104222,0.749919632032935,0.97221155331801,1.63343298006553,"USDT",0.573682437953568,0.972472431903752
2024-12-05,11,180428986086.265,0.61119438415652,0.572313822572172,0.748854786737493,0.972472431903752,1.63614068768,"USDT",0.573655187581877,0.97267598822149
2024-12-06,11,181341799032.946,0.613224601287922,0.574547061416714,0.75052778798253,0.973128896521662,1.63072387816757,"USDT",0.573532635647548,0.973128896521662
2024-12-07,11,182317754426.341,0.613358378723479,0.574694216595827,0.750638127284111,0.973171492338911,1.63036820672638,"USDT",0.573428303104222,0.973171492338911
2024-12-08,11,183707808158.078,0.611832600056247,0.573015860061872,0.749081159363927,0.973445903358389,1.63443399372323,"USDT",0.573380809610447,0.973358362593253
2024-12-09,11,184234779056.332,0.612649149980299,0.573914064978328,0.749890873767038,0.973358362593253,1.63225559038506,"USDT",0.573380809610447,0.973445903358389
2024-12-10,11,183566979653.091,0.615147093611475,0.576661802972622,0.752088042801218,0.97379483884941,1.62562744811015,"USDT",0.573015860061872,0.97364491181429
2024-12-11,11,184081214607.834,0.614864227844616,0.576350650629078,0.751877919008981,0.97364491181429,1.62637531135201,"USDT",0.572983581586447,0.973665762665861
2024-12-12,11,184980763698.179,0.612164372373134,0.573380809610447,0.749309755991457,0.973665762665861,1.63354818596086,"USDT",0.572913977803663,0.97379483884941
2024-12-13,11,186081038722.321,0.613912862691401,0.575304148960542,0.750873493552896,0.973906389351274,1.62889566381781,"USDT",0.572842104029,0.973906389351274
2024-12-14,11,186945022154.276,0.612553278657733,0.573808606523506,0.749496473471866,0.974122078162404,1.6325110563301,"USDT",0.572842104029,0.974008440695634
2024-12-15,11,186930648434.307,0.612413806892615,0.573655187581877,0.749407847990287,0.974008440695634,1.63288284611674,"USDT",0.572664271418328,0.97404368413115
2024-12-16,11,187224823057.599,0.612302396043225,0.573532635647548,0.74922201309713,0.974210881764135,1.63317995562671,"USDT",0.572664271418328,0.974060331488153
2024-12-17,11,187757266778.812,0.611512974016661,0.572664271418328,0.748459741258277,0.974230921113011,1.63528828085462,"USDT",0.572579804573276,0.974122078162404
2024-12-18,11,187799880520.661,0.610469919222032,0.571516911144235,0.747534048284686,0.97404368413115,1.63808235019078,"USDT",0.572579804573276,0.974142877142933
2024-12-19,11,187584963852.327,0.611674640026363,0.572842104029,0.748621443553488,0.974204065113001,1.63485607308634,"USDT",0.572313822572172,0.974143168992005
2024-12-20,11,187673717732.655,0.611436185975706,0.572579804573276,0.74841835203866,0.974142877142933,1.63549365074663,"USDT",0.572223597183059,0.974179315737438
2024-12-21,11,187907998079.758,0.611112361075508,0.572223597183059,0.747987901804154,0.974446791480975,1.63636028935838,"USDT",0.571516911144235,0.974193199769745
2024-12-22,11,187606173475.481,0.608625826261102,0.569488408887213,0.74559893854367,0.974432200000423,1.64304562319213,"USDT",0.569488408887213,0.974204065113001
2024-12-23,11,187563664124.815,0.608197016268743,0.569016717895617,0.745178261535659,0.974443885070973,1.6442040543621,"USDT",0.569016717895617,0.974204065113001
2024-12-24,11,187586360535.967,0.607651821676871,0.568417003844558,0.744658487772244,0.974422216286745,1.64567925961352,"USDT",0.568417003844558,0.974207246688064
2024-12-25,11,187759908158.271,0.607366370896927,0.56810300798662,0.744408686411946,0.974355917224905,1.6464526979379,"USDT",0.56810300798662,0.974210881764135
2024-12-26,11,187513587681.912,0.60637205126796,0.567009256394756,0.743471207315261,0.974283628503837,1.64915252592685,"USDT",0.567009256394756,0.974210881764135
2024-12-27,11,187641361340.944,0.604984950074363,0.5654834450818,0.742209317449986,0.974060331488153,1.65293368021317,"USDT",0.5654834450818,0.974225239370226
2024-12-28,11,187751354562.019,0.604950685615288,0.565445754176817,0.742119044660232,0.974193199769745,1.65302730251956,"USDT",0.565445754176817,0.974230921113011
2024-12-29,11,187263867228.527,0.604035358442998,0.564438894287297,0.741242715097778,0.974143168992005,1.65553222344081,"USDT",0.565074629819454,0.974230921113011
2024-12-30,11,187133205019.968,0.604613299835867,0.565074629819454,0.74157611996748,0.97470057826954,1.65394972335453,"USDT",0.564438894287297,0.974230921113011
2024-12-31,11,187382616421.727,0.603381317608466,0.563719449369313,0.740533446179249,0.974297514257656,1.6573267531112,"USDT",0.563719449369313,0.974230921113011
2025-01-01,11,186274990987.422,0.601273820993877,0.561401203093265,0.738426097350099,0.97434406551898,1.66313577123156,"USDT",0.56222607128087,0.974230921113011
2025-01-02,11,185525254626.111,0.602023701164427,0.56222607128087,0.738992134768815,0.974759427564158,1.66106417083881,"USDT",0.561401203093265,0.974225239370226
2025-01-03,11,186101155937.018,0.600715096989684,0.560786606688653,0.737942151838085,0.974179315737438,1.66468265074612,"USDT",0.560786606688653,0.974225239370226
2025-01-04,11,187240458206.343,0.595529825570797,0.555082808127876,0.73270545836171,0.974207246688064,1.67917702365542,"USDT",0.555082808127876,0.974225239370226
2025-01-05,11,187657420486.851,0.594539281320247,0.553993209452272,0.731682049704662,0.97423509923502,1.68197465065618,"USDT",0.555050385000739,0.97423509923502
2025-01-06,11,187682833607.439,0.594097330940319,0.553507064034351,0.731233963872619,0.974225239370226,1.68322587549288,"USDT",0.554821109794955,0.97423509923502
2025-01-07,11,188151398113.937,0.592954575698293,0.552250033268122,0.73011204684585,0.974113539866379,1.68646982582494,"USDT",0.554435772288456,0.97423509923502
2025-01-08,11,187827804006.383,0.594941611171324,0.554435772288456,0.732069005894852,0.974284420963806,1.6808372136405,"USDT",0.553993209452272,0.97423509923502
2025-01-09,11,187626210399.993,0.595500350000672,0.555050385000739,0.732635858414943,0.974292848421003,1.67926013813237,"USDT",0.553552194828206,0.97423509923502
2025-01-10,11,187853146355.59,0.595291917995414,0.554821109794955,0.732464904731667,0.974201485955057,1.67984810438448,"USDT",0.553507064034351,0.97423509923502
2025-01-11,11,187939890582.763,0.594138358934733,0.553552194828206,0.731180672218074,0.974430791379997,1.68310964098154,"USDT",0.553481212834939,0.97423509923502
2025-01-12,11,187930573455.452,0.594073829849944,0.553481212834939,0.731095923587515,0.97447266206736,1.68329246257589,"USDT",0.553211586012674,0.974284420963806
2025-01-13,11,187985401711.931,0.593646569756497,0.553011226732146,0.730813868784465,0.974133421568981,1.68450396405084,"USDT",0.553011226732146,0.974292848421003
2025-01-14,11,187935622672.678,0.593828714556977,0.553211586012674,0.731071807825633,0.973978184442814,1.68398727694744,"USDT",0.552611154527075,0.974297514257656
2025-01-15,11,187795648344.924,0.593282867751886,0.552611154527075,0.730555979864068,0.973882957402964,1.68553662064991,"USDT",0.552250033268122,0.974297514257656
2025-01-16,11,188460003560.462,0.591036133732544,0.550139747105799,0.728341634519443,0.973665441393785,1.69194393189591,"USDT",0.550324166443807,0.974297922423648
2025-01-17,11,188674614603.329,0.591203787676189,0.550324166443807,0.728421885769175,0.97386510905817,1.6914641293667,"USDT",0.550139747105799,0.974297922423648
2025-01-18,11,189902228592.747,0.586938617179746,0.54563247889772,0.724098747427523,0.973585882021353,1.70375567517609,"USDT",0.546392052315867,0.974297922423648
2025-01-19,11,190614325739.232,0.58762913846897,0.546392052315867,0.724736944266565,0.973778116573613,1.70175359684415,"USDT",0.54563247889772,0.974360035418981
2025-01-20,11,191010824691.539,0.586586855046958,0.545245540551654,0.723379563703116,0.974297922423648,1.704777376779,"USDT",0.545245540551654,0.974430791379997
2025-01-21,11,191247414403.824,0.586037642729735,0.544641407002708,0.722763529432105,0.974360035418981,1.70637502966883,"USDT",0.544641407002708,0.974468904573487
2025-01-22,11,194324703677.983,0.57653224791201,0.534185472703211,0.712390432280277,0.974472286358572,1.73450835338636,"USDT",0.534185472703211,0.974472286358572
2025-01-23,11,194959740986.955,0.574662970869005,0.532129267955905,0.710306234347546,0.974468904573487,1.74015040239638,"USDT",0.532129267955905,0.97447266206736
2025-01-24,11,195542925879.355,0.573563576308108,0.530919933938918,0.708989925274299,0.974607039515954,1.74348588597059,"USDT",0.531230520503174,0.974496023143798
2025-01-25,11,196122377916.483,0.572961250636523,0.530257375700175,0.708371782574515,0.974496023143798,1.74531872598551,"USDT",0.530919933938918,0.97453909266642
2025-01-26,11,196489166796.263,0.573521031392286,0.530873134531514,0.708979727949412,0.97453909266642,1.74361522117574,"USDT",0.530873134531514,0.974570951664735
2025-01-27,11,196480320758.575,0.573433122825113,0.530776435107625,0.708862322810267,0.974570951664735,1.74388252124909,"USDT",0.530776435107625,0.974607039515954
2025-01-28,11,196477817055.541,0.573845927730158,0.531230520503174,0.709078231440805,0.975017000860847,1.74262803250254,"USDT",0.530257375700175,0.974842167054954
2025-01-29,11,196835585136.018,0.57286380920442,0.530150190124862,0.708065922626527,0.974842167054954,1.74561559646922,"USDT",0.530168745444134,0.97484579353514
2025-01-30,11,196965522592.179,0.572880677676486,0.530168745444134,0.708081987573404,0.97484579353514,1.74556419681642,"USDT",0.530150190124862,0.97486947312032
2025-01-31,11,197489237775.124,0.571022226607789,0.528124449268568,0.705952981633911,0.97486947312032,1.75124531656253,"USDT",0.528124449268568,0.974981861248562
2025-02-01,11,197610853606.069,0.570427366578632,0.527470103236495,0.705206805232455,0.974981861248562,1.75307157157957,"USDT",0.527645699573231,0.975017000860847
2025-02-02,11,197602501513.513,0.570586999612028,0.527645699573231,0.705303114420503,0.975131804201552,1.75258111502707,"USDT",0.527470103236495,0.975131804201552
2025-02-03,11,197665604483.007,0.570329732511541,0.527362705762695,0.704987448024216,0.975166255032101,1.7533716778123,"USDT",0.527362705762695,0.975166255032101
2025-02-04,11,198889029105.581,0.56752884108978,0.524281725198758,0.701622065315077,0.975363869356766,1.76202498903805,"USDT",0.524281725198758,0.975363869356766
2025-02-05,11,200459174594.297,0.567033653457168,0.523737018802885,0.700965172590838,0.975493081656578,1.76356375658316,"USDT",0.52404392085346,0.975405655915919
2025-02-06,11,201634187518.543,0.567312655321327,0.52404392085346,0.701237624747402,0.975584894776123,1.7626964436984,"USDT",0.523737018802885,0.975451929690504
2025-02-07,11,201891206353.353,0.56555459116171,0.52211005027788,0.699276572184414,0.975405655915919,1.76817590313588,"USDT",0.522443194422236,0.97548167154698
2025-02-08,11,202562409367.747,0.564530086672488,0.520983095339737,0.697973074394498,0.975549941978908,1.77138477400612,"USDT",0.522252844737961,0.975493081656578
2025-02-09,11,202646402752.474,0.565553778631584,0.522109156494743,0.699109405138481,0.97567559180192,1.76817844347111,"USDT",0.522235071151915,0.975549941978908
2025-02-10,11,202889809958.903,0.565219080150089,0.521740988165098,0.698695399109921,0.975705331621862,1.7692254828596,"USDT",0.52211005027788,0.975584894776123
2025-02-11,11,202815897347.702,0.564943018779465,0.521437320657412,0.698377737227062,0.975691661063871,1.77009002104399,"USDT",0.52211005027788,0.975600835286309
2025-02-12,11,202865129022.903,0.565668246501741,0.522235071151915,0.699268728985332,0.975639117630529,1.76782063724506,"USDT",0.52211005027788,0.975639117630529
2025-02-13,11,202954065423.074,0.56585744947476,0.522443194422236,0.699452703314342,0.975702894377509,1.76722953975108,"USDT",0.52211005027788,0.975648311561461
2025-02-14,11,202973838161.934,0.565684404307238,0.522252844737961,0.699283147570728,0.975648311561461,1.76777014247837,"USDT",0.52211005027788,0.975670754940692
2025-02-15,11,203048768869.058,0.564983904487805,0.521482294936585,0.698423052730729,0.975695442606426,1.76996192644915,"USDT",0.52211005027788,0.97567299266816
2025-02-16,11,203333786120.06,0.564993148556906,0.521492463412596,0.698448681849076,0.975670754940692,1.76993296742479,"USDT",0.52211005027788,0.97567559180192
2025-02-17,11,203387778366.978,0.564822015177714,0.521304216695486,0.698192011468938,0.97575612722386,1.77046923301204,"USDT",0.52211005027788,0.975691661063871
2025-02-18,11,203453363280.344,0.56441077432423,0.520851851756653,0.697892264485849,0.975451929690504,1.77175923191279,"USDT",0.52211005027788,0.975695442606426
2025-02-19,11,202829287476.7,0.56504434347085,0.521548777817935,0.698510558579661,0.97567299266816,1.76977260555762,"USDT",0.522109156494743,0.975702894377509
2025-02-20,11,202965910117.664,0.564971285325979,0.521468413858577,0.698468256277488,0.975600835286309,1.77000146020344,"USDT",0.521740988165098,0.975705331621862
2025-02-21,11,202983430513.575,0.565011177088213,0.521512294797034,0.698589930674149,0.97548167154698,1.76987649191916,"USDT",0.521548777817935,0.97575612722386
2025-02-22,11,204262779458.566,0.562876305151042,0.519163935666146,0.695812456542168,0.975844415998904,1.77658926277179,"USDT",0.521512294797034,0.975844415998904
2025-02-23,11,204488984141.114,0.563840327856538,0.520224360642192,0.696852393562679,0.976029054001341,1.77355174966207,"USDT",0.521492463412596,0.975886046578397
2025-02-24,11,204593248700.413,0.563426256120823,0.519768881732906,0.696447154008769,0.975886046578397,1.77485516362865,"USDT",0.521492463412596,0.975908237731092
2025-02-25,11,203906054978.804,0.56493695376663,0.521430649143293,0.698237432716836,0.975908237731092,1.77010902425953,"USDT",0.521482294936585,0.976029054001341
2025-02-26,11,203240749915.892,0.566193965977473,0.52281336257522,0.6996118408637,0.976095715619532,1.76617918962384,"USDT",0.521468413858577,0.976095715619532
2025-02-27,11,202706288666.668,0.566716317197235,0.523387948916958,0.700018502426887,0.976439618836442,1.76455127486998,"USDT",0.521468413858577,0.976439618836442
2025-02-28,11,202505959356.988,0.568483316891751,0.525331648580927,0.702043239353557,0.976521569940139,1.75906657290774,"USDT",0.521430649143293,0.976521569940139
2025-03-01,11,203204661294.097,0.566302016682324,0.522932218350557,0.69933558534474,0.97674718157201,1.76584220176098,"USDT",0.521304216695486,0.976631438204829
2025-03-02,11,203234656228.583,0.566268723604089,0.522895595964498,0.699368082913123,0.976631438204829,1.76594602229728,"USDT",0.520851851756653,0.97674718157201
2025-03-03,10,202952339240.841,0.569900155365067,0.522111283738963,0.701772318216016,0.979521873275356,1.75469332756967,"USDT",0.520494538102723,0.979454135325778
2025-03-04,10,202690945207.015,0.570222531494309,0.522469479438121,0.702193586366092,0.979454135325778,1.75370130917035,"USDT",0.520224360642192,0.979521873275356
2025-03-05,10,203042032315.503,0.569924974124423,0.522138860138247,0.701706655159034,0.97967503394645,1.75461691521117,"USDT",0.519769302083879,0.979666556317569
2025-03-06,10,203592557790.956,0.568445084292451,0.520494538102723,0.699889578820153,0.979776823748418,1.75918488457809,"USDT",0.519768881732906,0.97967503394645
2025-03-07,10,204126155487.368,0.567792371875491,0.519769302083879,0.699180683819679,0.979666556317569,1.7612071763079,"USDT",0.519163935666146,0.979776823748418
2025-03-08,10,204949199698.684,0.565606819936072,0.51734091104008,0.696457884832655,0.979815289419117,1.76801262777034,"USDT",0.518662654837191,0.979791339833569
2025-03-09,10,205008370097.773,0.565488991274087,0.517209990304541,0.696330743967647,0.979791339833569,1.76838102143585,"USDT",0.517943383930536,0.979815289419117
2025-03-10,10,204998834379.14,0.565553899932047,0.517282111035608,0.696370106138614,0.979851715488421,1.76817806423075,"USDT",0.517891672268871,0.979851715488421
2025-03-11,10,204752676215.773,0.566796389353472,0.518662654837191,0.697630856790662,0.980224129172549,1.76430199412645,"USDT",0.517689883046048,0.980026649207869
2025-03-12,10,205147781084.395,0.566102505041984,0.517891672268871,0.696854219212333,0.98013001729051,1.76646453794766,"USDT",0.51734091104008,0.98004203582299
2025-03-13,10,205481133138.242,0.565920894741443,0.517689883046048,0.696633317495223,0.980131161008805,1.76703141603718,"USDT",0.517282111035608,0.98004203582299
2025-03-14,10,205635994875.302,0.566149045537482,0.517943383930536,0.696759549293176,0.980361790090829,1.76631932506507,"USDT",0.517232331087645,0.980124912194597
2025-03-15,10,205968042953.88,0.56550909797888,0.517232331087645,0.695968291738308,0.980385238517813,1.76831814655853,"USDT",0.517209990304541,0.98013001729051
2025-03-16,10,206308928702.921,0.564974335768209,0.516638150853566,0.695402473040113,0.98025620333626,1.76999190350881,"USDT",0.516768280489722,0.980131161008805
2025-03-17,10,206235737473.435,0.56509145244075,0.516768280489722,0.695566626720127,0.980223247536126,1.76962506808551,"USDT",0.516638150853566,0.980210951894027
2025-03-18,10,206308025481.576,0.564972808903678,0.516636454337419,0.695344661696445,0.980341777928537,1.76999668699187,"USDT",0.516636454337419,0.980223247536126
2025-03-19,10,206269527892.408,0.564834880745663,0.516483200828515,0.695192647078687,0.980317759362919,1.77042890601915,"USDT",0.516483200828515,0.980224129172549
2025-03-20,10,206667650161.095,0.564000414955395,0.515556016617105,0.69420339524727,0.98027002096102,1.77304834089366,"USDT",0.515643136746147,0.980226087404152
2025-03-21,10,206792293971.271,0.564078823071532,0.515643136746147,0.694261163554661,0.980327521603526,1.77280188352894,"USDT",0.515556016617105,0.98025620333626
2025-03-22,10,207152308417.805,0.562720984467889,0.514134427186544,0.692603635995173,0.980308445790031,1.77707963200555,"USDT",0.514134427186544,0.98027002096102
2025-03-23,10,207151111026.907,0.562679240590473,0.514088045100526,0.6925540163792,0.980305723698939,1.77721146945212,"USDT",0.514088045100526,0.980276387723603
2025-03-24,10,207278112342.422,0.562367191019729,0.513741323355255,0.692221942449038,0.980226087404152,1.77819761886663,"USDT",0.513827420769427,0.980287160726768
2025-03-25,10,207351811162.516,0.562174165389425,0.513526850432695,0.692117581628745,0.980026649207869,1.77880817292144,"USDT",0.513741323355255,0.980305723698939
2025-03-26,10,207989759396.598,0.561642097547305,0.51293566394145,0.691391284170004,0.980124912194597,1.78049331481206,"USDT",0.513741323355255,0.980308445790031
2025-03-27,10,208337207545.794,0.561541855073468,0.512824283414964,0.691322599212816,0.98004203582299,1.78081115586507,"USDT",0.513741323355255,0.980317759362919
2025-03-28,10,208708487609.109,0.560781334617289,0.511979260685877,0.690599034570991,0.979714079546751,1.78322625642036,"USDT",0.513741323355255,0.980327521603526
2025-03-29,10,208476792903.404,0.56162198154619,0.5129133128291,0.691262773979536,0.980276387723603,1.78055708796675,"USDT",0.513741323355255,0.980341777928537
2025-03-30,10,208492199193.69,0.561674516042817,0.512971684492019,0.691320723288547,0.980287160726768,1.78039054904134,"USDT",0.513741323355255,0.980341777928537
2025-03-31,10,208465064463.476,0.561770591706808,0.513078435229787,0.691491577160853,0.980210951894027,1.78008606139694,"USDT",0.513741323355255,0.980341777928537
2025-04-01,10,208051543137.279,0.562070388990916,0.51341154332324,0.691697501246733,0.980456483923418,1.77913659852336,"USDT",0.513689581625213,0.980399419717786
2025-04-02,10,208184905334.638,0.56199768915304,0.5133307657256,0.691645877434237,0.980399419717786,1.77936674705381,"USDT",0.513526850432695,0.980456483923418
2025-04-03,10,208656362342.04,0.560925451689367,0.512139390765963,0.690072676449969,0.980744800254911,1.78276809688034,"USDT",0.51348395463792,0.980608305770121
2025-04-04,10,209083342681.231,0.560522228667285,0.511691365185872,0.689595524316776,0.980704219919777,1.78405056723198,"USDT",0.51341154332324,0.980623649658406
2025-04-05,10,208601203212.226,0.561304476850578,0.512560529833975,0.690483794830486,0.980836929426101,1.78156426902365,"USDT",0.5133307657256,0.980631451919013
2025-04-06,10,208582663814.042,0.561258274532919,0.512509193925465,0.690515156898967,0.980707399829938,1.78171092592301,"USDT",0.513287265526262,0.980654104306319
2025-04-07,10,208324283698.054,0.561627150336462,0.512919055929403,0.691032864320834,0.980623649658406,1.78054070106994,"USDT",0.513078435229787,0.980654104306319
2025-04-08,10,208376640882.145,0.562444678692484,0.513827420769427,0.692042865547043,0.980631451919013,1.77795263762598,"USDT",0.512971684492019,0.980654104306319
2025-04-09,10,208215272180.091,0.562320623462692,0.513689581625213,0.691854004218319,0.980682518782767,1.77834487705989,"USDT",0.51293566394145,0.980654104306319
2025-04-10,10,207914117824.529,0.562888549351326,0.514320610390362,0.692494416868788,0.980775980520957,1.77655061761765,"USDT",0.512919055929403,0.980654104306319
2025-04-11,10,208233418489.009,0.563155982634382,0.514617758482647,0.692907009479705,0.980654104306319,1.77570696367658,"USDT",0.5129133128291,0.980654104306319
2025-04-12,10,208338115225.554,0.562939773282295,0.514377525869217,0.692504295105536,0.980856030037301,1.77638896283588,"USDT",0.5129133128291,0.980654104306319
2025-04-13,10,208453008538.284,0.563008046321157,0.514453384801285,0.692597981074566,0.980842262577092,1.77617354944439,"USDT",0.5129133128291,0.980654104306319
2025-04-14,10,208404149072.031,0.56300434382595,0.514449270917722,0.692634669761602,0.980781284615355,1.77618523012523,"USDT",0.512560529833975,0.980672509086682
2025-04-15,10,208537828219.394,0.562602855421756,0.51400317269084,0.692124346038442,0.980800549393317,1.77745276328246,"USDT",0.512560529833975,0.980682518782767
2025-04-16,10,209025635728.428,0.562135559174128,0.51348395463792,0.691630504427157,0.980672509086682,1.77893033749576,"USDT",0.512560529833975,0.980704219919777
2025-04-17,10,209171746061.246,0.561958538973636,0.513287265526262,0.691454363497354,0.980608305770121,1.77949071087416,"USDT",0.512560529833975,0.980707399829938
2025-04-18,10,209742427401.002,0.561206826825343,0.512452029805937,0.690399458370663,0.980779754300723,1.78187426132508,"USDT",0.512560529833975,0.980720848462475
2025-04-19,10,209698181703.967,0.561213201489659,0.512459112766288,0.690389835466718,0.980804998487812,1.78185402151205,"USDT",0.512766862244323,0.980720848462475
2025-04-20,10,209551355359.908,0.561046420653925,0.512273800726584,0.690172272725173,0.980818350589335,1.78238370870356,"USDT",0.512919055929403,0.980720848462475
2025-04-21,10,209557021929.374,0.561101857197104,0.512335396885671,0.690201902379577,0.980874840682427,1.78220761021064,"USDT",0.513287265526262,0.980720848462475
2025-04-22,10,209635620857.624,0.560681546650964,0.511868385167737,0.689904065484573,0.980545668207421,1.78354362823808,"USDT",0.51348395463792,0.980720848462475
2025-04-23,10,210505600045.435,0.558927016242647,0.509918906936274,0.687806957818584,0.980384775644153,1.78914235837523,"USDT",0.513689581625213,0.980720848462475
2025-04-24,10,211357899889.916,0.558835676304342,0.509817418115935,0.687625087676019,0.980478684969345,1.78943478808143,"USDT",0.513689581625213,0.980720848462475
2025-04-25,10,211968695680.987,0.558660419129198,0.509622687921331,0.687388730652535,0.980497344926842,1.78999615107641,"USDT",0.51400317269084,0.980720848462475
2025-04-26,10,212548685780.263,0.558723848778621,0.509693165309578,0.68738521729085,0.980616708354652,1.78979294008304,"USDT",0.51400317269084,0.980706799204004
2025-04-27,10,213582379742.011,0.56002892386062,0.511143248734023,0.689084128228018,0.980548541078924,1.78562205877938,"USDT",0.51400317269084,0.980706799204004
2025-04-28,10,213418834145.101,0.560420593004091,0.511578436671213,0.689618247120064,0.980486437068862,1.78437411558982,"USDT",0.51400317269084,0.980672509086682
2025-04-29,10,213416271100.882,0.560926770241413,0.512140855823793,0.690088110579893,0.980723221618831,1.78276390618622,"USDT",0.51400317269084,0.980616708354652
2025-04-30,10,214267535398.277,0.561490176019891,0.512766862244323,0.690753324371107,0.980777032224772,1.78097506013102,"USDT",0.51400317269084,0.980608305770121
2025-05-01,10,214064306684.291,0.563580390550264,0.515089322833626,0.693382569101967,0.980720848462475,1.77436975588102,"USDT",0.515089322833626,0.980548541078924
2025-05-02,10,214311573851.437,0.564120486525568,0.515689429472854,0.693987262748819,0.980808278905412,1.77267095219148,"USDT",0.515440098376756,0.980545668207421
2025-05-03,10,214586546732.439,0.564301905838264,0.51589100648696,0.69417254687033,0.980863968539628,1.77210105026052,"USDT",0.515689429472854,0.980527663439279
2025-05-04,10,214827368478.61,0.564655304500522,0.516283671667247,0.694589892567069,0.980887623462263,1.77099195213365,"USDT",0.51589100648696,0.980497344926842
2025-05-05,10,215010441331.649,0.564617405955961,0.51624156217329,0.694663515881494,0.980706799204004,1.77111082558089,"USDT",0.51624156217329,0.980486437068862
2025-05-06,10,215275847927.892,0.56389608853908,0.515440098376756,0.693745315183491,0.980756742125433,1.77337637257027,"USDT",0.516283671667247,0.980478684969345
2025-05-07,10,214547034631.772,0.565981778361008,0.517757531512231,0.696443796771938,0.980527663439279,1.76684133347162,"USDT",0.517107178853823,0.980384775644153
2025-05-08,10,214654376486,0.565661962074313,0.51740218008257,0.696268375478562,0.980200927547521,1.76784027749178,"USDT",0.51737029886314,0.980349012199967
2025-05-09,10,214577881024.082,0.566087492026377,0.517874991140419,0.696688176438612,0.980349012199967,1.76651138575838,"USDT",0.51740218008257,0.980200927547521
2025-05-10,10,214744653581.289,0.566372386328603,0.518191540365115,0.697307625708589,0.97992233127298,1.76562280248566,"USDT",0.517523741715801,0.97992233127298
2025-05-11,10,215035341724.157,0.56608670451318,0.517874116125755,0.697047028271801,0.979791263386497,1.76651384324593,"USDT",0.517556936016846,0.979791263386497
2025-05-12,10,215116699202.6,0.565771367544221,0.517523741715801,0.696854788213337,0.97949811975238,1.76749842315384,"USDT",0.517757531512231,0.97949811975238
2025-05-13,10,215380567603.164,0.565633268976826,0.51737029886314,0.696733329489905,0.979425676655696,1.76792995540892,"USDT",0.517823325582985,0.979425676655696
2025-05-14,10,215431193992.595,0.56539646096844,0.517107178853823,0.696630826392664,0.979140427464774,1.76867042691981,"USDT",0.517874116125755,0.979205439117014
2025-05-15,10,215498735914.827,0.56630560310652,0.518117336785023,0.697748095290181,0.979104588436666,1.76583101864861,"USDT",0.517874991140419,0.979191700649121
2025-05-16,10,215775695433.266,0.566791747324506,0.518657497027229,0.698346933232495,0.979079177942119,1.76431644377396,"USDT",0.517926274595843,0.979174375632115
2025-05-17,10,216428506826.538,0.566553119832246,0.518392355369162,0.698089420508783,0.979038414533385,1.76505955928033,"USDT",0.518117336785023,0.979140427464774
2025-05-18,10,216693163312.642,0.566499291143997,0.518332545715553,0.6980237183713,0.979039371377671,1.76522727500785,"USDT",0.518191540365115,0.979139474358004
2025-05-19,10,216731783139.521,0.566704596854337,0.518560663171486,0.69826359280482,0.979049497338362,1.76458776856725,"USDT",0.518295676327085,0.979139474358004
2025-05-20,10,216531708734.864,0.567528746484717,0.519476384983018,0.699192023521018,0.979139474358004,1.76202528276148,"USDT",0.518332545715553,0.979139474358004
2025-05-21,10,216843115990.494,0.567477421107124,0.519419356785694,0.699232174621213,0.978973602580764,1.76218464877253,"USDT",0.518371229465953,0.979139474358004
2025-05-22,10,217700634211.127,0.566534106519358,0.518371229465953,0.698046408732858,0.979065507729642,1.76511879601344,"USDT",0.518392355369162,0.979139474358004
2025-05-23,10,218204535219.873,0.566977075244448,0.518863416938275,0.698561823723486,0.97908854884758,1.76373974127412,"USDT",0.518560663171486,0.979139474358004
2025-05-24,10,218777580310.889,0.565801242415162,0.517556936016846,0.697075424772958,0.979205439117014,1.76740509747103,"USDT",0.518657497027229,0.979139474358004
2025-05-25,10,219010153799.912,0.566040993024687,0.517823325582985,0.697373060564055,0.979191700649121,1.76665650071812,"USDT",0.518730792739134,0.979139474358004
2025-05-26,10,219048958694.924,0.566133647136258,0.517926274595843,0.69749537071748,0.979174375632115,1.76636736759671,"USDT",0.518765292302067,0.979139474358004
2025-05-27,10,218891481941.302,0.566466108694377,0.518295676327085,0.697940953801964,0.979101965217721,1.76533067848464,"USDT",0.518863416938275,0.979139474358004
2025-05-28,10,218800937222.611,0.566857713465221,0.518730792739134,0.698450906167394,0.979037807216943,1.76411112744143,"USDT",0.518986652378627,0.979139474358004
2025-05-29,10,218833823000.865,0.567095781283857,0.518995312537619,0.698884720613246,0.978800368824527,1.76337055044932,"USDT",0.518995312537619,0.979139474358004
2025-05-30,10,218828239641.739,0.567249132357116,0.519165702619017,0.699237367934706,0.978528400011574,1.76289383792383,"USDT",0.519116082383032,0.979139474358004
2025-05-31,10,218955927911.544,0.567087987140764,0.518986652378627,0.699315257681904,0.978094796014967,1.76339478648095,"USDT",0.519165702619017,0.979174375632115
2025-06-01,10,218914182879.396,0.56688876307186,0.518765292302067,0.699279134496643,0.977770837305241,1.76401450362359,"USDT",0.519419356785694,0.979191700649121
2025-06-02,10,218913237752.836,0.567204474144729,0.519116082383032,0.699606090411949,0.977848159872001,1.76303263740624,"USDT",0.519476384983018,0.979205439117014
2025-06-03,10,218548213505.775,0.569426640531521,0.521585156146134,0.7010190357646,0.979820496170673,1.75615246779913,"USDT",0.520052191291707,0.979205439117014
2025-06-04,10,219308384897.486,0.568046972162536,0.520052191291707,0.699461602215508,0.979688514898358,1.76041779818495,"USDT",0.520753097259532,0.979224308258632
2025-06-05,10,219685830978.288,0.568677787533579,0.520753097259532,0.700024854611512,0.979987801092178,1.75846502522477,"USDT",0.521454322676017,0.979224308258632
2025-06-06,10,219481954261.285,0.569602669244339,0.521780743604822,0.701145566899595,0.979951316591218,1.75560975043647,"USDT",0.521585156146134,0.97939936178041
2025-06-07,10,219783173391.662,0.569973889011098,0.522193210012331,0.701709608798076,0.979748963961166,1.75446633482631,"USDT",0.52176314981626,0.97939936178041
2025-06-08,10,220046846367.639,0.570519907251022,0.52279989694558,0.702284255812506,0.979860875324207,1.75278721616985,"USDT",0.521780743604822,0.979449342977158
2025-06-09,10,220335745157.715,0.570775702368254,0.523084113742505,0.702627228320073,0.979791756950075,1.75200169847948,"USDT",0.521961758915833,0.979461715868385
2025-06-10,10,220301114648.722,0.570855003005335,0.523172225561483,0.702743154541476,0.979754717093527,1.75175831819881,"USDT",0.522122139947829,0.979487921878957
2025-06-11,10,220676385215.243,0.57120616065712,0.523562400730133,0.703253213811523,0.979593426151887,1.7506813982006,"USDT",0.522193210012331,0.979593426151887
2025-06-12,10,220829823543.892,0.570214505434021,0.522460561593357,0.702169807176082,0.979461715868385,1.75372599341163,"USDT",0.5221960792264,0.97962852554537
2025-06-13,10,220842256873.056,0.570846465034226,0.523162738926918,0.7028966347192,0.979487921878957,1.75178451869724,"USDT",0.522235855131078,0.979688514898358
2025-06-14,10,221384848582.214,0.569586834834634,0.52176314981626,0.701229134599634,0.979787186374763,1.75565855606604,"USDT",0.522373986186453,0.979724372186807
2025-06-15,10,221641381870.658,0.56997647130376,0.5221960792264,0.701658562738351,0.979837149439937,1.75445838617269,"USDT",0.522460561593357,0.979748963961166
2025-06-16,10,221561445308.818,0.569909925953046,0.522122139947829,0.701620904992671,0.979770851160545,1.75466324494651,"USDT",0.522596800647502,0.979754717093527
2025-06-17,10,221655738217.559,0.57001226961797,0.522235855131078,0.701740948440095,0.979771794407423,1.75434820143471,"USDT",0.52279989694558,0.979770079494934
2025-06-18,10,221677658960.642,0.569308890408415,0.521454322676017,0.70137667542301,0.979014722367788,1.75651569270702,"USDT",0.5228116951907,0.979770851160545
2025-06-19,10,221703588037.682,0.56976558302425,0.521961758915833,0.701785222837089,0.979224308258632,1.75510776676281,"USDT",0.523084113742505,0.979770851160545
2025-06-20,10,221689454912.963,0.570337120582752,0.522596800647502,0.702463382411785,0.97921492697468,1.75334896486876,"USDT",0.523162738926918,0.979771794407423
2025-06-21,10,221766592319.682,0.571050938181016,0.52338993131224,0.70318823896972,0.97939936178041,1.75115726660975,"USDT",0.523172225561483,0.979771794407423
2025-06-22,10,221741049055.559,0.570967436468149,0.523297151631277,0.703138801631233,0.979319766320733,1.75141336638343,"USDT",0.523232031761105,0.979771794407423
2025-06-23,10,221629135192.539,0.570986346750314,0.523318163055905,0.703082362193578,0.979449342977158,1.75135536198257,"USDT",0.523297151631277,0.979787186374763
2025-06-24,10,222175877140.139,0.57053052567163,0.5228116951907,0.702437230629392,0.97962852554537,1.75275459419599,"USDT",0.523318163055905,0.979787186374763
2025-06-25,10,222829858361.214,0.570136587567808,0.522373986186453,0.701914167752783,0.979724372186807,1.7539656668343,"USDT",0.52338993131224,0.979787186374763
2025-06-26,10,223062407718.141,0.570908828584994,0.523232031761105,0.702794347564499,0.979770079494934,1.75159316151848,"USDT",0.52338993131224,0.979802017042784
2025-06-27,10,223482249736.064,0.571750203221302,0.524166892468114,0.703732510240981,0.979848023007429,1.7490155567342,"USDT",0.523318163055905,0.979837149439937
2025-06-28,10,223745744895.344,0.572081197420152,0.524534663800169,0.70407367522692,0.979923462884752,1.7480036129654,"USDT",0.523318163055905,0.979848023007429
2025-06-29,10,223762538708.464,0.571976007655528,0.524417786283921,0.704024191786129,0.979802017042784,1.74832508114964,"USDT",0.523318163055905,0.979923462884752
2025-06-30,10,223750673319.825,0.572331690403865,0.524812989337627,0.704338436416389,0.979968763323015,1.74723856247476,"USDT",0.523318163055905,0.979961247418728
2025-07-01,10,223677887313.97,0.573059199658592,0.525621332953991,0.705145486952389,0.980034544680532,1.74502041079833,"USDT",0.52338993131224,0.979968763323015
2025-07-02,10,223829466742.448,0.57269113570496,0.525212373005511,0.704680593292267,0.980095467525149,1.7461419212802,"USDT",0.52338993131224,0.980005137795834
2025-07-03,10,224126868929.851,0.572465895524993,0.524962106138881,0.704420448311216,0.980091660920775,1.74682895141365,"USDT",0.52338993131224,0.980034544680532
2025-07-04,10,224909748774.475,0.572034263471517,0.524482514968352,0.703893890956609,0.980127909669086,1.74814703219223,"USDT",0.52338993131224,0.980047640398689
2025-07-05,10,225106242891.248,0.571969079203009,0.524410088003343,0.703918929465027,0.979961247418728,1.74834625919537,"USDT",0.52338993131224,0.980060523379239
2025-07-06,10,225324792343.363,0.572055080398511,0.524505644887234,0.703966566997744,0.980047640398689,1.74808341760267,"USDT",0.52338993131224,0.980070831321996
2025-07-07,10,225362922839.078,0.571981371523646,0.524423746137384,0.703906418285452,0.980005137795834,1.74830868588639,"USDT",0.523318163055905,0.980091660920775
2025-07-08,10,225042164568.71,0.572716792504699,0.525240880560777,0.704681316768055,0.980142117374287,1.74606369690443,"USDT",0.523318163055905,0.980095467525149
2025-07-09,10,225114322753.077,0.572859971725201,0.525399968583557,0.704873740985341,0.980099248591393,1.74562729001372,"USDT",0.523232031761105,0.980095467525149
2025-07-10,10,225579506837.167,0.571705542885944,0.524117269873271,0.703549668034394,0.980060523379239,1.74915218584736,"USDT",0.523232031761105,0.980099248591393
2025-07-11,10,226126423557.734,0.570575845530714,0.522862050589682,0.702216404911393,0.980070831321996,1.75261537591004,"USDT",0.524117269873271,0.980115695044199
2025-07-12,10,227144237367.861,0.569210322033786,0.521344802259762,0.700543638094994,0.980162128537305,1.75681986304641,"USDT",0.524117269873271,0.980127909669086
2025-07-13,10,227547729839.076,0.569356527229528,0.521507252477254,0.700653677105498,0.98026332025686,1.75636872886304,"USDT",0.524117269873271,0.98013142284743
2025-07-14,10,227672979509.455,0.569402969600924,0.521558855112138,0.700710888946854,0.980259660205932,1.75622547367617,"USDT",0.524117269873271,0.98013142284743
2025-07-15,10,227444004174.161,0.570028615856617,0.522254017618463,0.701490536327661,0.980198541236327,1.75429789344389,"USDT",0.524117269873271,0.98013142284743
2025-07-16,10,226800826018.055,0.572956016296924,0.525506684774361,0.704974704987955,0.980115695044199,1.74533467064908,"USDT",0.524117269873271,0.980134360162689
2025-07-17,10,228038845685.015,0.570339005404387,0.522598894893763,0.701838648457985,0.980227660644765,1.75334317050781,"USDT",0.524117269873271,0.980142117374287
2025-07-18,10,229584738105.403,0.567569973922,0.519522193246667,0.698457836890261,0.980359795369308,1.76189729187018,"USDT",0.524117269873271,0.980144893910734
2025-07-19,10,230242577311.951,0.567822554630037,0.519802838477819,0.69883550108697,0.980241507271967,1.76111355888557,"USDT",0.524117269873271,0.980147700176094
2025-07-20,10,230775292013.209,0.56909953180253,0.521221702002811,0.700350176230244,0.980255969986727,1.75716187436082,"USDT",0.524117269873271,0.980162128537305
2025-07-21,10,230694303356.501,0.569400183625989,0.521555759584432,0.70074519311432,0.980196066391444,1.75623406657847,"USDT",0.524117269873271,0.980186254234455
2025-07-22,10,231041195974.503,0.568736886447777,0.520818762719752,0.699937139891724,0.980227381489658,1.75828229859648,"USDT",0.523987520149387,0.980196066391444
2025-07-23,10,231345914955.221,0.568953917595024,0.521059908438915,0.70024517077744,0.980147700176094,1.75761159045536,"USDT",0.523907073001152,0.980198541236327
2025-07-24,10,231409146146.684,0.568458482360903,0.520509424845447,0.700063359130534,0.979498131271012,1.75914342213143,"USDT",0.523654907719213,0.980198541236327
2025-07-25,10,232279268804.081,0.568771233316654,0.520856925907393,0.699937822194954,0.980289505993934,1.75817611971818,"USDT",0.523441835544104,0.980198541236327
2025-07-26,10,231654582465.093,0.572058484608599,0.524509427342888,0.703853507511804,0.980234185522426,1.74807301509425,"USDT",0.522862050589682,0.980198541236327
2025-07-27,10,232220489424.982,0.571588768134449,0.523987520149387,0.703365795186012,0.98013142284743,1.74950953508726,"USDT",0.522598894893763,0.980198541236327
2025-07-28,10,232516285332.806,0.571838490860099,0.524264989844554,0.703656315710083,0.980134360162689,1.74874552165229,"USDT",0.522598894893763,0.980198541236327
2025-07-29,10,232094382438.248,0.572828781468675,0.525365312742972,0.704845783186772,0.980078953362021,1.74572233859497,"USDT",0.522598894893763,0.980196066391444
2025-07-30,10,232038144685.426,0.573120274388967,0.525689193765518,0.705154854767789,0.980128339231626,1.74483445218572,"USDT",0.522598894893763,0.980186254234455
2025-07-31,10,232350367197.356,0.572781736063963,0.52531304007107,0.704725616359922,0.980186254234455,1.7458657234286,"USDT",0.522598894893763,0.980173699288605
2025-08-01,10,232365187524.977,0.572661340162463,0.52517926684718,0.70461038304794,0.980144893910734,1.74623277296194,"USDT",0.52248051559973,0.980173699288605
2025-08-02,10,232660584594.26,0.572351145695978,0.524834606328864,0.704151012649663,0.980305749780804,1.74717917054923,"USDT",0.52229877465278,0.980147700176094
2025-08-03,10,232636514295.909,0.572516477255924,0.525018308062138,0.704360469092699,0.980279426913434,1.7466746193804,"USDT",0.52229877465278,0.980144893910734
2025-08-04,10,232670662622.756,0.572528276786674,0.52503141865186,0.704422011355248,0.980200449242681,1.74663862126168,"USDT",0.52229877465278,0.980134360162689
2025-08-05,10,232859304966.342,0.572035892682294,0.524484325202549,0.703828321796093,0.980230705052681,1.74814205330887,"USDT",0.52229877465278,0.98013142284743
2025-08-06,10,233051693275.016,0.571516365701037,0.523907073001152,0.703197884800286,0.98026667553036,1.7497311713434,"USDT",0.52229877465278,0.980129057185737
2025-08-07,10,233096865178.184,0.571289416947292,0.523654907719213,0.70292558903953,0.980276010753481,1.75042626440297,"USDT",0.52229877465278,0.980128339231626
2025-08-08,10,233454076938.968,0.571097651989694,0.523441835544104,0.702762979050436,0.980173699288605,1.75101402801433,"USDT",0.52229877465278,0.980078953362021
2025-08-09,10,234270643246.144,0.570029570120383,0.522255077911536,0.701530649765129,0.980129057185737,1.75429495664376,"USDT",0.52229877465278,0.980078953362021
2025-08-10,10,234469454546.365,0.570068897187502,0.52229877465278,0.701630671802053,0.980043031841282,1.7541739339466,"USDT",0.52229877465278,0.980043031841282
2025-08-11,10,234401969161.215,0.570232464039757,0.52248051559973,0.701848111531025,0.980003452555062,1.75367076247395,"USDT",0.522255077911536,0.980003452555062
2025-08-12,10,234871114420.563,0.568972856504253,0.521080951671392,0.70051793566372,0.979745617419527,1.75755308635277,"USDT",0.521080951671392,0.979789244814172
2025-08-13,10,234978427218.247,0.568804600735059,0.520894000816732,0.700414795216501,0.979590542225102,1.75807298096343,"USDT",0.520894000816732,0.979745617419527
2025-08-14,10,236253113430.905,0.567461259969356,0.519401399965952,0.698688148116117,0.979789244814172,1.76223483529783,"USDT",0.519401399965952,0.979590542225102
2025-08-15,10,237700489680.069,0.563973167975623,0.515525742195137,0.694725346814637,0.979395845051408,1.77313400137367,"USDT",0.518122030566534,0.979467652278195
2025-08-16,10,239035472413.271,0.563673464584103,0.515192738426781,0.694311878559372,0.979467652278195,1.7740767710927,"USDT",0.517133710668446,0.979439536824731
2025-08-17,10,239594609770.982,0.564136263787672,0.51570695976408,0.694894531854583,0.979439536824731,1.77262137570432,"USDT",0.517036463981911,0.979395845051408
2025-08-18,10,239891972120.458,0.564264839292855,0.515849821436505,0.695156643179205,0.979277276227328,1.77221745954119,"USDT",0.51688355468838,0.979277276227328
2025-08-19,10,240078678078.844,0.563924793567119,0.515471992852354,0.69479503654899,0.979196344808285,1.77328610376302,"USDT",0.516842455556205,0.979196344808285
2025-08-20,10,240109444384.782,0.564228899905889,0.515809888784321,0.695621323404956,0.978489559816871,1.77233034353043,"USDT",0.515849821436505,0.978657299964969
2025-08-21,10,239642982970.452,0.565420339601601,0.517133710668446,0.696964968960903,0.978639449440769,1.76859573305164,"USDT",0.515809888784321,0.978639449440769
2025-08-22,10,239275626808.971,0.566309827509881,0.518122030566534,0.698033751583184,0.97863841010867,1.76581784638472,"USDT",0.51570695976408,0.97863841010867
2025-08-23,10,239673141775.759,0.56533281758372,0.517036463981911,0.696848454181362,0.978657299964969,1.76886953825551,"USDT",0.515525742195137,0.978489559816871
2025-08-24,10,239796612718.37,0.565195199219542,0.51688355468838,0.696803335385599,0.978467983234384,1.76930023712315,"USDT",0.515471992852354,0.978467983234384
2025-08-25,10,239822198605.238,0.565158210000584,0.516842455556205,0.696929488101405,0.978198735704569,1.7694160366156,"USDT",0.515192738426781,0.978369008375014
2025-08-26,10,240744502535.043,0.56255100536814,0.513945561520155,0.694469194466182,0.97711195817627,1.77761659024249,"USDT",0.513945561520155,0.978337539388554
2025-08-27,10,241670285509.698,0.560724134256912,0.511915704729902,0.691966146901598,0.977528112851769,1.78340816616575,"USDT",0.511915704729902,0.978330842973453
2025-08-28,10,242064891688.303,0.559680042714525,0.510755603016138,0.690835582242627,0.977289326250907,1.7867351409385,"USDT",0.510755603016138,0.978198735704569
2025-08-29,10,243542141374.093,0.556640916381015,0.507378795978905,0.68715374011904,0.977124206369114,1.79649028767319,"USDT",0.507378795978905,0.978055626026076
2025-08-30,10,244466957080.201,0.554859883600638,0.505399870667375,0.684727677251561,0.97736960066875,1.80225680312429,"USDT",0.506593464944971,0.977895643027827
2025-08-31,10,244654122159.112,0.555284463623774,0.505871626248638,0.685142881296592,0.977549759844575,1.80087876666677,"USDT",0.506481552434325,0.977813358173306
2025-09-01,10,245021846632.736,0.555934118450474,0.506593464944971,0.68579165221295,0.977804354262522,1.79877429143447,"USDT",0.506407433761929,0.977804354262522
2025-09-02,10,245052612970.876,0.555766690385736,0.506407433761929,0.685741434010187,0.977570725761933,1.79931618302986,"USDT",0.506366073592151,0.977702206930668
2025-09-03,10,245655074415.389,0.55448139082138,0.504979323134867,0.68401003691714,0.977702206930668,1.80348703591053,"USDT",0.505974933413567,0.977570725761933
2025-09-04,10,246347412678.292,0.553610242785539,0.504011380872821,0.682811635691027,0.977813358173306,1.80632496062286,"USDT",0.505871626248638,0.977549759844575
2025-09-05,10,246357525337.964,0.554050651583818,0.50450072398202,0.683320321154433,0.977895643027827,1.80488913268378,"USDT",0.505816353685098,0.977528112851769
2025-09-06,10,246444066455.011,0.554680100769321,0.505200111965912,0.684015042764084,0.978055626026076,1.80284095032982,"USDT",0.505716205940404,0.97736960066875
2025-09-07,10,246831689261.99,0.555144585346363,0.505716205940404,0.684415178716205,0.978330842973453,1.80133252921144,"USDT",0.505427243487701,0.977289326250907
2025-09-08,10,246709383474.461,0.555234718316588,0.505816353685098,0.684503737044269,0.978369008375014,1.80104011332701,"USDT",0.505399870667375,0.977124206369114
2025-09-09,10,246657123765.119,0.55537744007221,0.505974933413567,0.684708783913427,0.978337539388554,1.80057727924631,"USDT",0.505399870667375,0.97711195817627
2025-09-10,11,247959528455.019,0.550388403170637,0.505427243487701,0.681303272730298,0.974340246458572,1.81689874684727,"USDT",0.505399870667375,0.974340246458572
2025-09-11,11,247861315719.666,0.551241885083773,0.506366073592151,0.682412490646192,0.974321789429173,1.81408566195587,"USDT",0.505399870667375,0.974328111869867
2025-09-12,11,248253742985.375,0.551346865849386,0.506481552434325,0.682541958484312,0.974328111869867,1.81374024582408,"USDT",0.505399870667375,0.974321789429173
2025-09-13,11,249059544340.484,0.550169091620817,0.505186000782899,0.681151661463159,0.974154327725773,1.81762300941691,"USDT",0.505399870667375,0.974216370161536
2025-09-14,11,249772108452.186,0.549919902648209,0.50491189291303,0.680986953260676,0.973931895333033,1.81844664138245,"USDT",0.505399870667375,0.974216370161536
2025-09-15,11,250015145498.764,0.55024080549287,0.505264886042157,0.681304824545423,0.974066230071456,1.81738611534684,"USDT",0.505427243487701,0.974177343583048
2025-09-16,11,250003052855.817,0.550113972128791,0.50512536934167,0.681205020858463,0.973979602006312,1.81780512887225,"USDT",0.505427243487701,0.974154327725773
2025-09-17,11,250992675017.207,0.549760162015281,0.504736178216809,0.680729717723212,0.974006481415801,1.81897501691329,"USDT",0.505427243487701,0.974154327725773
2025-09-18,11,251098107280.228,0.550065532532682,0.50507208578595,0.68103599052712,0.974126413229232,1.81796520751932,"USDT",0.505427243487701,0.974154327725773
2025-09-19,11,252018021522.03,0.548731376804283,0.503604514484711,0.679242700674551,0.974216370161536,1.82238530959142,"USDT",0.505548111102137,0.974154327725773
2025-09-20,11,252219890931.52,0.549269988734404,0.504196987607845,0.680039258138567,0.974082754795233,1.82059828592518,"USDT",0.505585497075198,0.974154327725773
2025-09-21,11,252067654079.135,0.549458038070483,0.504403841877532,0.680416803512517,0.973894396661243,1.8199751950334,"USDT",0.505608828773097,0.974154327725773
2025-09-22,11,252591911503.914,0.549813346831936,0.50479468151513,0.680963126603731,0.973770221291203,1.81879906292212,"USDT",0.505716205940404,0.974154327725773
2025-09-23,11,252943489234.261,0.54949968072241,0.504449648794651,0.680616044665456,0.973692549276324,1.81983727212604,"USDT",0.505816353685098,0.974154327725773
2025-09-24,11,253402664661.578,0.550532270068361,0.505585497075198,0.681862939567178,0.973808506005688,1.81642394891007,"USDT",0.505974933413567,0.974154327725773
2025-09-25,11,253880558999.245,0.550553480702815,0.505608828773097,0.68182226491139,0.973903642403298,1.81635396932454,"USDT",0.506366073592151,0.974154327725773
2025-09-26,11,254325209730.145,0.550498282820125,0.505548111102137,0.682290682697135,0.973130611528611,1.81653609322293,"USDT",0.506481552434325,0.974154327725773
2025-09-27,11,253882724299.883,0.551989841992648,0.507188826191913,0.683526870406687,0.974092166399185,1.81162754080775,"USDT",0.506686537517069,0.974126413229232
2025-09-28,11,254795124874.798,0.55190696052764,0.507097656580404,0.683962653932593,0.973305477446456,1.81189959815685,"USDT",0.506829886130213,0.974126413229232
2025-09-29,11,254653419806.271,0.553195387681617,0.508514926449779,0.684952646011253,0.974240568773129,1.80767956904141,"USDT",0.507097656580404,0.974126413229232
2025-09-30,11,254536546459.978,0.553514698009937,0.50886616781093,0.685401869188314,0.974177343583048,1.80663675887076,"USDT",0.507188826191913,0.974177343583048
2025-10-01,11,254679776192.822,0.553889033870349,0.509277937257384,0.685920526798608,0.974109330474609,1.80541577617526,"USDT",0.507302789367112,0.974182549988839
2025-10-02,11,255532697511.9,0.553071043178812,0.508378147496694,0.68484108949363,0.974182549988839,1.8080859815991,"USDT",0.507498243367171,0.974182549988839
2025-10-03,11,256664262521.453,0.553377559727701,0.508715315700471,0.685006189704023,0.974504452136618,1.80708448042611,"USDT",0.50772176234447,0.974216370161536
2025-10-04,11,258315704078.376,0.551533215924608,0.506686537517069,0.682635874661231,0.974537862477837,1.81312742574093,"USDT",0.507978698580782,0.974216370161536
2025-10-05,11,258213050700.286,0.551663532845648,0.506829886130213,0.682785879246419,0.974562733194596,1.81269911904761,"USDT",0.508196237750649,0.974182549988839
2025-10-06,11,258847640869.274,0.552707907800711,0.507978698580782,0.684060763915834,0.974643096513813,1.80927391464167,"USDT",0.508344351369425,0.974182549988839
2025-10-07,11,259151341579.364,0.552093444879193,0.507302789367112,0.683307151115099,0.97460569481404,1.81128758052691,"USDT",0.508378147496694,0.974182549988839
2025-10-08,11,259671702716.451,0.552271130333792,0.507498243367171,0.683534887350355,0.974603972873844,1.8107048242692,"USDT",0.508514926449779,0.974182549988839
2025-10-09,11,260232530863.878,0.552474329404063,0.50772176234447,0.683814744520188,0.974575158255028,1.81003885027322,"USDT",0.508630486207943,0.974182549988839
2025-10-10,11,260677238214.333,0.552905670682408,0.508196237750649,0.68448396562977,0.974398723825551,1.80862677491764,"USDT",0.508715315700471,0.974182549988839
2025-10-11,11,260717756205.86,0.554474679633629,0.509922147596992,0.686530337507748,0.974300794135448,1.80350886475241,"USDT",0.50886616781093,0.974182549988839
2025-10-12,11,261815190244.53,0.55304031942675,0.508344351369425,0.685394602238857,0.973315967955627,1.80818642849864,"USDT",0.509196511551563,0.974238769862081
2025-10-13,11,262347901315.254,0.554274480280703,0.509701928308773,0.6861592552023,0.97447760007224,1.80416027722144,"USDT",0.509277937257384,0.974240568773129
2025-10-14,11,262451340954.681,0.553998357302134,0.509398193032348,0.685719780984123,0.974617499558183,1.80505950391226,"USDT",0.509336083378964,0.974293597220735
2025-10-15,11,263639799262.498,0.55381501050142,0.509196511551563,0.685497630560472,0.974603746887743,1.80565708952996,"USDT",0.509396036116382,0.974293597220735
2025-10-16,11,263544827961.542,0.553996396469438,0.509396036116382,0.685828583664657,0.974458558036332,1.80506589279803,"USDT",0.509398193032348,0.974293597220735
2025-10-17,11,264184635912.31,0.554505169520891,0.50995568647298,0.686677995876315,0.974161561900612,1.80340969744976,"USDT",0.509501595566595,0.974293597220735
2025-10-18,11,264508801965.064,0.55478648352854,0.510265131881394,0.686898140048117,0.974350344075272,1.80249524761278,"USDT",0.509597444228059,0.974300794135448
2025-10-19,11,264986569855.406,0.554092359605995,0.509501595566595,0.686730432890109,0.973309293200058,1.80475327382439,"USDT",0.509701928308773,0.974300794135448
2025-10-20,11,264785811756.719,0.554952396308594,0.510447635939454,0.687286191035207,0.97408259405387,1.80195635995403,"USDT",0.509713434459077,0.974293597220735
2025-10-21,11,265143326031.498,0.553941893980876,0.509336083378964,0.686294728411723,0.973690973816582,1.80524349370572,"USDT",0.509922147596992,0.974293597220735
2025-10-22,11,265709161073.224,0.553300442007221,0.508630486207943,0.685173385272212,0.974138762184417,1.80733634763109,"USDT",0.50995568647298,0.974293597220735
2025-10-23,11,265893779287.581,0.554179494752781,0.509597444228059,0.686286436390755,0.974126767824221,1.8044695075665,"USDT",0.510136724754125,0.974293597220735
2025-10-24,11,265976822854.662,0.554284940417342,0.509713434459077,0.686465124413114,0.974060215442377,1.80412623017876,"USDT",0.510265131881394,0.974293597220735
2025-10-25,11,266180145853.04,0.555039245890196,0.510543170479215,0.687369603977078,0.974117588081372,1.80167439943126,"USDT",0.510447635939454,0.974293597220735
2025-10-26,11,266138909770.843,0.555065869156788,0.510572456072466,0.687444862934509,0.974055071487981,1.80158798363719,"USDT",0.510543170479215,0.974293597220735
2025-10-27,11,266288659789.445,0.555567673820854,0.511124441202939,0.687944796201104,0.974238769862081,1.79996073767686,"USDT",0.510572456072466,0.974293597220735
2025-10-28,11,266201741171.906,0.555802555702617,0.511382811272879,0.688197859766724,0.974293597220735,1.79920007517031,"USDT",0.511124441202939,0.974303032263211
2025-10-29,11,266330649572.004,0.555807648438788,0.511388413282667,0.688196700921992,0.974303032263211,1.79918358951862,"USDT",0.511382811272879,0.974303032263211
2025-10-30,11,266792290359.721,0.554669749776477,0.510136724754125,0.687390632569895,0.973386845997758,1.80287459412197,"USDT",0.511388413282667,0.974303032263211
2025-10-31,11,266193849439.792,0.55625230522204,0.511877535744244,0.688844657745637,0.974163272135774,1.79774535873758,"USDT",0.511808233237743,0.974303032263211
2025-11-01,11,266177834104.888,0.556189302943403,0.511808233237743,0.688846134048518,0.974040373768522,1.79794899813411,"USDT",0.511808233237743,0.974303032263211
2025-11-02,11,266101102238.213,0.556782916714428,0.512461208385871,0.689341105922519,0.974403202456263,1.79603211589356,"USDT",0.511808233237743,0.97433821493794
2025-11-03,11,266082753488.934,0.556856219405546,0.512541841346101,0.689473496941204,0.97433821493794,1.79579569223007,"USDT",0.511877535744244,0.97433821493794
2025-11-04,11,265860769353.491,0.557175509933774,0.512893060927151,0.689976362375486,0.974173753582787,1.79476660795601,"USDT",0.511926678327389,0.974403202456263
2025-11-05,11,265335811958.747,0.558402800384992,0.514243080423491,0.691278069475462,0.97448691768065,1.79082196455775,"USDT",0.512212734586706,0.974424062546461
2025-11-06,11,265536450257.896,0.558152751272879,0.513968026400167,0.690953540057404,0.974517317836879,1.79162424214425,"USDT",0.512461208385871,0.97448691768065
2025-11-07,11,265562668419.982,0.557851976499852,0.513637174149838,0.690509438484228,0.974630468732402,1.79259022487351,"USDT",0.512541841346101,0.974517317836879
2025-11-08,11,265887388684.281,0.557274755115688,0.513002230627257,0.689729046993563,0.974734401724752,1.79444697758183,"USDT",0.512687025729531,0.974517548533662
2025-11-09,11,265842996076.236,0.557437121865269,0.513180834051796,0.689948694295373,0.974705662979252,1.79392430244661,"USDT",0.512893060927151,0.974523776732975
2025-11-10,11,265901872967.989,0.557353615681648,0.513088977249813,0.689827117848569,0.974734349721005,1.79419307933796,"USDT",0.513002230627257,0.974564252972725
2025-11-11,11,266408034695.533,0.556296980297626,0.511926678327389,0.688662473627359,0.974523776732975,1.7976009854754,"USDT",0.513088977249813,0.974630468732402
2025-11-12,11,266204979146.046,0.55655703144246,0.512212734586706,0.689052147258973,0.974424062546461,1.7967610568287,"USDT",0.513180834051796,0.974635520484358
2025-11-13,11,266857733139.314,0.556988205208664,0.512687025729531,0.689524788442229,0.974517548533662,1.7953701544279,"USDT",0.513637174149838,0.974705662979252
2025-11-14,11,266255919520.553,0.557972861326873,0.51377014745956,0.690707494422976,0.974564252972725,1.79220186018004,"USDT",0.513637174149838,0.974718798523033
2025-11-15,11,265614513399.705,0.559434771177727,0.5153782482955,0.692393082568131,0.974719505150276,1.78751849459552,"USDT",0.513637174149838,0.974719505150276
2025-11-16,10,265600223143.856,0.559646765465486,0.510718628294985,0.692633769355673,0.974745650054838,1.78684138229272,"USDT",0.513637174149838,0.974719646065784
2025-11-17,10,265492724857.631,0.55974699090992,0.510829989899911,0.692772415190406,0.974719646065784,1.78652143957828,"USDT",0.513637174149838,0.974734349721005
2025-11-18,11,265438857825.233,0.559676596588531,0.515644256247385,0.692641380855786,0.974789055552623,1.78674614249627,"USDT",0.513637174149838,0.974734401724752
2025-11-19,11,265374333718.566,0.559450433002686,0.515395476302954,0.69246622684697,0.974635520484358,1.78746845298304,"USDT",0.513637174149838,0.974745650054838
2025-11-20,11,265035438968.059,0.560044433303881,0.516048876634269,0.693115126980287,0.974750441524252,1.78557260912439,"USDT",0.513637174149838,0.974750441524252
2025-11-21,11,265206280602.307,0.562444153740034,0.518688569114038,0.69603087260892,0.974718798523033,1.7779542970629,"USDT",0.513180834051796,0.974789055552623
2025-11-22,11,265342460474.007,0.562717807776701,0.518989588554371,0.696096258946599,0.975135002993803,1.77708966409114,"USDT",0.513088977249813,0.974953773438089
2025-11-23,11,265104731297.491,0.562650333925969,0.518915367318566,0.696002760944088,0.975155333898443,1.77730277528206,"USDT",0.513002230627257,0.974981567038404
2025-11-24,11,265127053338.897,0.562359373617471,0.518595310979218,0.695704424360028,0.975075193380813,1.77822233773278,"USDT",0.512818268767266,0.974992890376509
2025-11-25,11,265498727158.099,0.561250102803896,0.517375113084285,0.694406998081396,0.975016794430935,1.78173686740402,"USDT",0.512735719396029,0.97499574407216
2025-11-26,11,266314505437.773,0.559847697966841,0.515832467763525,0.692726615801209,0.974981567038404,1.78620007482683,"USDT",0.512687025729531,0.975004563034904
2025-11-27,11,266989015340.655,0.558653034705283,0.514518338175811,0.691258705554221,0.97499574407216,1.79001981172008,"USDT",0.512687025729531,0.975016794430935
2025-11-28,11,267269254846.848,0.558085996866159,0.513894596552775,0.69055532588969,0.975004563034904,1.79183854390782,"USDT",0.512687025729531,0.975035658204487
2025-11-29,11,267898824096.251,0.557032472178209,0.512735719396029,0.689289950683626,0.974953773438089,1.79522747765426,"USDT",0.512624557156824,0.975075193380813
2025-11-30,11,267909738719.402,0.557107517061151,0.512818268767266,0.689329226312729,0.975035658204487,1.79498565245573,"USDT",0.511093242849528,0.975135002993803
2025-12-01,11,267932424532.23,0.556931415597112,0.512624557156824,0.689139037712892,0.974992890376509,1.79555322611466,"USDT",0.510932447776992,0.975155333898443
2025-12-02,11,268778482299.969,0.555204858160574,0.510725343976632,0.686835810818798,0.975213881008891,1.80113697728269,"USDT",0.510932447776992,0.975213881008891
2025-12-03,11,268787362564.484,0.55539313434272,0.510932447776992,0.686981027964274,0.975348345909294,1.80052639862653,"USDT",0.511093242849528,0.975348345909294
2025-12-04,11,269780994398.3,0.555539311681389,0.511093242849528,0.687064835194212,0.975493812609068,1.8000526316912,"USDT",0.511093242849528,0.975358792220672
2025-12-05,11,270225924685.501,0.555215501309346,0.51073705144028,0.686654956051648,0.975498225347659,1.80110245056511,"USDT",0.511093242849528,0.975358792220672
2025-12-06,11,270233277278.256,0.555260282695594,0.510786310965153,0.686677390482894,0.975547312248668,1.80095719280578,"USDT",0.511093242849528,0.975381735040614
2025-12-07,11,270425156616.385,0.555234092550909,0.510757501806,0.686645685098706,0.975545518219452,1.8010421431539,"USDT",0.511093242849528,0.975384843575512
2025-12-08,11,270488630739.314,0.555117590147847,0.510629349162632,0.686509003290623,0.975531189915985,1.80142012746104,"USDT",0.511093242849528,0.975384843575512
2025-12-09,11,270606954925.723,0.55483479715398,0.510318276869378,0.686131318839283,0.975562184555341,1.80233829083808,"USDT",0.511093242849528,0.975384843575512
2025-12-10,11,270820061687.881,0.554595255499185,0.510054781049103,0.68583627094028,0.975552767605972,1.80311675962664,"USDT",0.511093242849528,0.975384843575512
2025-12-11,11,270964212774.022,0.555354932069418,0.51089042527636,0.686787260470613,0.975560744501612,1.80065025491662,"USDT",0.511093242849528,0.975384843575512
2025-12-12,11,271086166120.594,0.555383065380565,0.510921371918622,0.686823061666194,0.975562007217848,1.80055904173954,"USDT",0.511093242849528,0.975384843575512
2025-12-13,11,271359942647.401,0.555009829685231,0.510510812653755,0.68635462406902,0.975561317315211,1.80176989039481,"USDT",0.511093242849528,0.975384843575512
2025-12-14,11,271303740892.757,0.555090714361669,0.510599785797836,0.686472499428055,0.975538546784601,1.80150734668649,"USDT",0.511093242849528,0.975384843575512
2025-12-15,11,271367417261.616,0.555006454816943,0.510507100298637,0.686473971207576,0.975381735040614,1.80178084654858,"USDT",0.511093242849528,0.975384843575512
2025-12-16,11,271369545209.696,0.554978149614119,0.510475964575531,0.686385372854062,0.975459685851976,1.80187274164813,"USDT",0.511093242849528,0.975384843575512
2025-12-17,11,271291480936.707,0.555261468731815,0.510787615604997,0.686759613040239,0.975435964849589,1.8009533459686,"USDT",0.511093242849528,0.975384843575512
2025-12-18,11,270996215255.659,0.555742744791519,0.511317019270671,0.687399859640232,0.975384843575512,1.79939371115882,"USDT",0.511317019270671,0.975384843575512
2025-12-19,11,270191566007.349,0.557130448931805,0.512843493824985,0.689148425542393,0.975358792220672,1.79491176961754,"USDT",0.512843493824985,0.975384843575512
2025-12-20,11,269973177269.492,0.55765235565548,0.513417591221027,0.689796960572822,0.975357169829278,1.79323191206567,"USDT",0.513417591221027,0.975381735040614
2025-12-21,11,270484078192.332,0.558301022488676,0.514131124737544,0.690516180213563,0.975479128396108,1.79114843018272,"USDT",0.513925195151313,0.975358792220672
2025-12-22,11,270519710054.839,0.558284218737191,0.51411264061091,0.690475036569687,0.975510514651383,1.79120234181426,"USDT",0.51411264061091,0.975357169829278
2025-12-23,11,270591118776.199,0.558113813773921,0.513925195151313,0.690380804904691,0.975342051970639,1.79174923702046,"USDT",0.514131124737544,0.975342051970639
2025-12-24,11,270450694637.399,0.558372618269794,0.514209880096774,0.690799443557756,0.975196806145012,1.79091876514049,"USDT",0.514209880096774,0.97531669521849
2025-12-25,11,270096819879.422,0.558981572483512,0.514879729731863,0.69157965561721,0.9751485027383,1.78896773923526,"USDT",0.514879729731863,0.975316439723651
2025-12-26,11,269977679776.838,0.559226660507847,0.515149326558632,0.691879310128971,0.975150724554942,1.78818370192129,"USDT",0.514966404273161,0.975276297862361
2025-12-27,11,269992868733.835,0.559060367521055,0.514966404273161,0.691703677829595,0.975109474729386,1.78871559870024,"USDT",0.51497052291431,0.975230257572991
2025-12-28,11,269941617523.312,0.559064111740282,0.51497052291431,0.69174815999265,0.975049832402826,1.78870361913798,"USDT",0.515149326558632,0.975196806145012
2025-12-29,11,269805526482.114,0.559330401389968,0.515263441528965,0.692020458684495,0.975130798292474,1.78785204150345,"USDT",0.515263441528965,0.975183314147594
2025-12-30,11,269285354155.501,0.560259599885587,0.516285559874145,0.693028417409497,0.97531669521849,1.78488686352579,"USDT",0.516285559874145,0.975165088720389
2025-12-31,11,269822488360.25,0.560745386598025,0.516819925257828,0.693619299169351,0.975316439723651,1.78334057470696,"USDT",0.516285559874145,0.975150724554942
2026-01-01,11,269112453007.406,0.562033357984616,0.518236693783077,0.695203110690315,0.975276297862361,1.77925382149181,"USDT",0.516285559874145,0.9751485027383
2026-01-02,11,268724773757.795,0.562202415338558,0.518422656872414,0.69543717546935,0.975230257572991,1.77871879009591,"USDT",0.516285559874145,0.975139051073493
2026-01-03,11,269048020452.767,0.561927216213024,0.518119937834327,0.695147843610259,0.975165088720389,1.77958990265548,"USDT",0.516285559874145,0.975130798292474
2026-01-04,11,269101854659.415,0.561860406198635,0.518046446818498,0.695055880674926,0.975183314147594,1.77980151113633,"USDT",0.516285559874145,0.975109474729386
2026-01-05,11,269166897283.728,0.561674724353089,0.517842196788398,0.694861091817881,0.975139051073493,1.78038988874166,"USDT",0.516285559874145,0.975049832402826
2026-01-06,11,269621076193.096,0.560830651033908,0.516913716137299,0.69395010018676,0.974973673701589,1.78306944914025,"USDT",0.516723270136559,0.974973673701589
2026-01-07,11,269564177055.245,0.560657518305962,0.516723270136559,0.693830898735636,0.974836408085747,1.7836200663491,"USDT",0.516819925257828,0.974837114545902
2026-01-08,11,268905256190.354,0.561752373340085,0.517927610674094,0.695152114074271,0.974837114545902,1.78014379192413,"USDT",0.516910702244603,0.974836408085747
2026-01-09,11,268696956054.224,0.562178484533158,0.518396332986474,0.695715953846859,0.974757758979017,1.77879450657101,"USDT",0.516913716137299,0.974757758979017
2026-01-10,11,268417025579.058,0.562357296603231,0.518593026263554,0.696009621892602,0.974635227606844,1.77822890543118,"USDT",0.517283263286467,0.974635227606844
2026-01-11,11,268539881622.406,0.561229619343207,0.517352581277528,0.695335899853053,0.973556347980855,1.78180189629028,"USDT",0.517352581277528,0.974445867613935
2026-01-12,11,268201722209.413,0.562403150873637,0.518643465961,0.696186688026729,0.974445867613935,1.77808392155449,"USDT",0.517742718215276,0.974403835337447
2026-01-13,11,267927777630.497,0.563008318656528,0.51930915052218,0.696935078398438,0.974403835337447,1.77617269028322,"USDT",0.517842196788398,0.974065354310959
2026-01-14,11,268758052090.364,0.561166602987697,0.517283263286467,0.694944203089056,0.974065354310959,1.78200198421631,"USDT",0.517927610674094,0.974031943691423
2026-01-15,11,269677001346.048,0.55934292662204,0.515277219284244,0.692825513383601,0.973928012658616,1.78781200656126,"USDT",0.518046446818498,0.973983488413088
2026-01-16,11,269503530970.978,0.559660634411736,0.51562669785291,0.693183310008978,0.973970195582774,1.78679710258898,"USDT",0.518119937834327,0.973970195582774
2026-01-17,11,269785741584.064,0.55903304683626,0.514936351519886,0.692380941574881,0.974031943691423,1.78880301559864,"USDT",0.518119937834327,0.973928012658616
2026-01-18,11,269842352214.449,0.558909590358164,0.514800549393981,0.692262742804435,0.973983488413088,1.78919814089999,"USDT",0.518119937834327,0.973890249284449
2026-01-19,11,269931632811.846,0.559052740311859,0.514958014343045,0.69249893935846,0.973890249284449,1.78874000231564,"USDT",0.518396332986474,0.973828695401189
2026-01-20,11,269763073697.698,0.559249761798984,0.515174737978883,0.692783056884956,0.973828695401189,1.7881098362621,"USDT",0.518593026263554,0.97357311338244
2026-01-21,11,268831713041.029,0.560827911131457,0.516910702244603,0.694856648920918,0.97357311338244,1.78307816025512,"USDT",0.518643465961,0.973556347980855
2026-01-22,11,268474313890.452,0.561584289286615,0.517742718215276,0.695975046691535,0.973246116332978,1.78067659490672,"USDT",0.51913501497482,0.973246116332978
2026-01-23,11,267682844987.817,0.562850013613473,0.51913501497482,0.697613309423666,0.973035803832948,1.77667224982379,"USDT",0.51930915052218,0.973035803832948
2026-01-24,11,266802026857.894,0.564520281636031,0.520972309799634,0.699674851903554,0.972887529082884,1.77141554082328,"USDT",0.519966023282382,0.972901534355897
2026-01-25,11,266398651882.196,0.565254090033468,0.521779499036814,0.700574935200951,0.972820106646157,1.76911590315214,"USDT",0.519966023282382,0.972887529082884
2026-01-26,11,266320619685.377,0.565729686798755,0.52230265547863,0.701079294417273,0.972901534355897,1.76762864550845,"USDT",0.519966023282382,0.972820106646157
2026-01-27,11,265770113052.345,0.565450141920321,0.521995156112353,0.701133489743135,0.972280844240809,1.76850251837219,"USDT",0.519966023282382,0.972575062870131
2026-01-28,11,265285213416.094,0.566218206898354,0.522840027588189,0.702238923619716,0.971930344646709,1.7661035760009,"USDT",0.519966023282382,0.972550722955134
2026-01-29,11,264739499671.149,0.566634734357975,0.523298207793772,0.702787800116883,0.971816537874866,1.76480533113285,"USDT",0.519966023282382,0.972537499125589
2026-01-30,11,263167296440.159,0.568913478856067,0.525804826741673,0.705132803773233,0.972264925189137,1.75773652262684,"USDT",0.519966023282382,0.97246936207882
2026-01-31,11,262838713972.286,0.569842870909276,0.526827158000203,0.706031537491856,0.972537499125589,1.75486972119935,"USDT",0.519966023282382,0.972455524051539
2026-02-01,11,262622815613.578,0.568875276357263,0.525762803992989,0.705087724110874,0.972261498633424,1.75785456243309,"USDT",0.519966023282382,0.972455524051539
2026-02-02,11,262649133606.312,0.568956448014262,0.525852092815688,0.704998358281191,0.972575062870131,1.75760377352281,"USDT",0.519966023282382,0.972455524051539
2026-02-03,11,263188463643.598,0.56756861537006,0.524325476907066,0.703693667648386,0.972098696119079,1.7619015092087,"USDT",0.519966023282382,0.972455524051539
2026-02-04,11,263498884818.204,0.566009654773208,0.522610620250529,0.702503794021787,0.971060619528529,1.76675431517274,"USDT",0.519966023282382,0.972433317882188
2026-02-05,11,263359326200.592,0.567726625281061,0.524499287809167,0.70375422027701,0.972302368885054,1.76141113604622,"USDT",0.519966023282382,0.972432177062398
2026-02-06,11,263365937944.717,0.567798609977491,0.52457847097524,0.703955937898141,0.972105637914287,1.76118782685932,"USDT",0.519966023282382,0.972410508177402
2026-02-07,11,265410249024.69,0.563970672836447,0.520367740120092,0.699321808146939,0.972432177062398,1.77314184613639,"USDT",0.519966023282382,0.972357370134
2026-02-08,11,265584612470.378,0.563605475711256,0.519966023282382,0.698871419144363,0.97246936207882,1.77429078157558,"USDT",0.519966023282382,0.972302368885054
2026-02-09,11,264673415821.13,0.561916033042813,0.518107636347094,0.697005373717682,0.97226254806252,1.77962531979188,"USDT",0.518107636347094,0.972300575350763
2026-02-10,11,264776380951.852,0.56161295854757,0.517774254402327,0.69658646836453,0.972357370134,1.78058569479268,"USDT",0.517774254402327,0.972288353949111
2026-02-11,11,264949624287.316,0.560779404668456,0.516857345135302,0.695637429034527,0.972288353949111,1.78323239347782,"USDT",0.516857345135302,0.972280844240809
2026-02-12,11,264499367896.465,0.560654292573853,0.516719721831239,0.695320356018442,0.972550722955134,1.78363032843144,"USDT",0.516809669276268,0.972264925189137
2026-02-13,11,264384643288.835,0.560736062978425,0.516809669276268,0.695578152056606,0.972300575350763,1.78337022714103,"USDT",0.516719721831239,0.972264925189137
2026-02-14,11,264488034044.27,0.560040170070902,0.516044187077993,0.694648188345579,0.972455524051539,1.78558620156372,"USDT",0.51608601287534,0.972264925189137
2026-02-15,11,264591258252.125,0.559904791039856,0.515895270143842,0.69449991874658,0.972433317882188,1.78601793734038,"USDT",0.516044187077993,0.97226254806252
2026-02-16,11,264583129043.431,0.559789702728261,0.515768673001087,0.694309408401244,0.972514975584204,1.7863851284264,"USDT",0.515895270143842,0.972261498633424
2026-02-17,11,264589902107.242,0.559813588474721,0.515794947322193,0.694224534609011,0.972689677546716,1.78630890815748,"USDT",0.515794947322193,0.972208593562436
2026-02-18,11,264438226039.763,0.560078193523037,0.51608601287534,0.6946213339329,0.972568927870859,1.785464978934,"USDT",0.515768673001087,0.972207831292398
2026-02-19,11,264564098300.868,0.559714378158272,0.515685815974099,0.694285126258472,0.972410508177402,1.78662553442075,"USDT",0.515685815974099,0.972207831292398
2026-02-20,11,264885128902.841,0.558846586437426,0.514731245081168,0.693378978466444,0.972195917797413,1.78939985367875,"USDT",0.514731245081168,0.972207831292398
2026-02-21,11,265485999596.153,0.557562830797769,0.513319113877546,0.69181742219287,0.972207831292398,1.7935198416458,"USDT",0.513319113877546,0.972195917797413
2026-02-22,11,265521514664.537,0.557545508851109,0.51330005973622,0.691796510620958,0.972208593562436,1.79357556311524,"USDT",0.51330005973622,0.972195917797413
2026-02-23,11,265723985064.946,0.556086908553042,0.511695599408346,0.690831165837954,0.970952901846238,1.7982800612984,"USDT",0.512296209406671,0.972102932868686
2026-02-24,11,265757463046.235,0.556632917642428,0.512296209406671,0.690754110223911,0.972102932868686,1.79651610299192,"USDT",0.51188013532173,0.972022020796453
2026-02-25,11,266004977961.309,0.5562546684743,0.51188013532173,0.690346096481808,0.972022020796453,1.79773772100252,"USDT",0.511695599408346,0.971957021557322
2026-02-26,11,266476234409.216,0.555272648203107,0.510799913023417,0.6891841013499,0.971957021557322,1.80091708683303,"USDT",0.510799913023417,0.971874660655036
2026-02-27,11,266380113722.587,0.555045866807186,0.510550453487905,0.689032878923791,0.971767343127625,1.8016529079882,"USDT",0.510779715789466,0.971874660655036
2026-02-28,11,266332914063.118,0.55508102949352,0.510589132442873,0.689170705539612,0.971626666593687,1.80153877878414,"USDT",0.510643395691562,0.971874660655036
2026-03-01,11,266392071774.731,0.555254287081333,0.510779715789466,0.689388869564163,0.971620503270396,1.80097663947171,"USDT",0.510589132442873,0.971874660655036
2026-03-02,11,266424208594.299,0.555130359719602,0.510643395691562,0.689298874564747,0.971526462886997,1.8013786896921,"USDT",0.510550453487905,0.971874660655036
2026-03-03,11,267128624485.585,0.553758742199055,0.50913461641896,0.68746824841684,0.971727922043283,1.80584056520509,"USDT",0.50913461641896,0.971802370985076
2026-03-04,11,267664058993.707,0.552880938466318,0.508169032312949,0.686449477884858,0.971621986917382,1.80870768085075,"USDT",0.508169032312949,0.971802370985076
2026-03-05,11,268402147644.028,0.551405278827038,0.506545806709741,0.684555512164068,0.971687624126826,1.81354810771348,"USDT",0.506545806709741,0.971802370985076
2026-03-06,11,268887446754.408,0.551237445820749,0.506361190402823,0.684495548633678,0.971469461313838,1.81410027127435,"USDT",0.506361190402823,0.971802370985076
2026-03-07,11,268964174535.445,0.550840367658144,0.505924404423958,0.683966921957106,0.971510768335753,1.81540798153814,"USDT",0.506137781397357,0.971802370985076
2026-03-08,11,268880647149.869,0.55103434672487,0.506137781397357,0.684199320378226,0.971526903120218,1.81476890858728,"USDT",0.506075255969228,0.971802370985076
2026-03-09,11,268818608221.669,0.550977505426571,0.506075255969228,0.684156552835243,0.971486254039846,1.81495612824664,"USDT",0.505924404423958,0.971802370985076
2026-03-10,11,269794937739.237,0.549109251118956,0.504020176230852,0.681714739111466,0.971592724894339,1.82113121926508,"USDT",0.504480445194863,0.971802370985076
2026-03-11,11,270268976323.961,0.548216366697636,0.5030380033674,0.680543048518401,0.971630991295172,1.824097310381,"USDT",0.504480445194863,0.971874660655036
2026-03-12,11,270401752853.798,0.548167194487756,0.502983913936532,0.680356602116133,0.971802370985076,1.82426093727565,"USDT",0.504340852729939,0.971802370985076
2026-03-13,11,270396966868.781,0.548252556896188,0.503077812585807,0.680413661058502,0.971874660655036,1.82397690156026,"USDT",0.504340852729939,0.971802370985076
2026-03-14,11,270853251689.939,0.54750351604144,0.502253867645584,0.679440726650743,0.971883273068156,1.82647228867168,"USDT",0.504340852729939,0.971802370985076
2026-03-15,11,270851449539.786,0.547601524519862,0.502361676971848,0.679545296427481,0.9719143324126,1.82614539080548,"USDT",0.504340852729939,0.971874660655036
2026-03-16,11,270809303146.303,0.547670998702779,0.502438098573057,0.679638862543365,0.971908131768398,1.82591373720466,"USDT",0.504340852729939,0.971883273068156
2026-03-17,11,270965878020.498,0.547453604211724,0.502198964632897,0.679312858762607,0.971970480700029,1.82663880976708,"USDT",0.504340852729939,0.971883273068156
2026-03-18,11,271556106475.619,0.546037918696257,0.500641710565882,0.678018469041163,0.971207324719579,1.8313746458994,"USDT",0.504340852729939,0.971883273068156
2026-03-19,10,270952310708.367,0.547896506134863,0.497662784594292,0.679429073907049,0.972589890165837,1.82516221367152,"USDT",0.504340852729939,0.971883273068156
2026-03-20,11,270745878457.738,0.548430798771712,0.503273878648883,0.680032665448862,0.972707971929362,1.82338410286155,"USDT",0.504340852729939,0.971883273068156
2026-03-21,11,270612409748.416,0.54880182548944,0.503682008038384,0.680529291474627,0.972682262192266,1.8221513733271,"USDT",0.504340852729939,0.971883273068156
2026-03-22,11,270539295091.369,0.54890788791317,0.503798676704487,0.680641608561898,0.972715793499073,1.82179928913353,"USDT",0.504340852729939,0.971883273068156
2026-03-23,11,270480520411.625,0.549043904383676,0.503948294822043,0.680781300769295,0.972763389408013,1.82134796874312,"USDT",0.504340852729939,0.971883273068156
2026-03-24,11,270180427345.629,0.549527677449875,0.504480445194863,0.681515261305138,0.972608824622428,1.81974455707231,"USDT",0.504340852729939,0.971883273068156
2026-03-25,11,270224187449.254,0.549400775209035,0.504340852729939,0.68145607501656,0.97246504095305,1.82016488713457,"USDT",0.504338422632202,0.971883273068156
2026-03-26,11,270175355648.342,0.549620595061427,0.50458265456757,0.681576690844431,0.972687734649478,1.81943691518371,"USDT",0.504338422632202,0.971883273068156
2026-03-27,11,269877325679.388,0.549398566029274,0.504338422632202,0.682171811789784,0.971435921097116,1.82017220617703,"USDT",0.504338422632202,0.971883273068156
2026-03-28,11,269263970072.459,0.551112600965105,0.506223861061616,0.683663705440452,0.972424905122379,1.81451122374775,"USDT",0.504338422632202,0.971883273068156
2026-03-29,11,269253987749.855,0.551125431164608,0.506237974281069,0.683674848226129,0.972432218723521,1.81446898192823,"USDT",0.504338422632202,0.971887449807225
2026-03-30,11,269238234403.41,0.551077873589024,0.506185660947927,0.683679851808369,0.972338853660474,1.81462556913647,"USDT",0.504338422632202,0.971908131768398
2026-03-31,11,269079855686.216,0.551160887980623,0.506276976778685,0.684100579379356,0.971887449807225,1.81435225504455,"USDT",0.504340852729939,0.971908131768398
2026-04-01,11,268853022796.545,0.551377431027753,0.506515174130529,0.684609825536253,0.971546838640553,1.81363970254645,"USDT",0.504480445194863,0.971970480700029
2026-04-02,11,268976694342.48,0.551586346457144,0.506744981102859,0.684813925353636,0.971627065460241,1.81295277960202,"USDT",0.50458265456757,0.972021142607615
2026-04-03,11,268979329412.994,0.551463233108145,0.506609556418959,0.684654109352905,0.971633349547219,1.81335751862154,"USDT",0.504860313212536,0.972027600977374
2026-04-04,11,269334751198.938,0.550699797251775,0.505769776976952,0.683693537758748,0.971630492770223,1.81587137854494,"USDT",0.505001730684445,0.972027600977374
2026-04-05,11,269304498710.173,0.550793580448678,0.505872938493546,0.683814119777241,0.971626387278942,1.8155621915299,"USDT",0.505084096857247,0.972027600977374
2026-04-06,11,269220573386.176,0.55075073683224,0.505825810515465,0.683771385143572,0.971610547716658,1.81570342647513,"USDT",0.505574677478104,0.972027600977374
2026-04-07,11,269643131679.642,0.550076451688406,0.505084096857247,0.682904884008031,0.971628856426592,1.81792912045334,"USDT",0.505674753464189,0.972027600977374
2026-04-08,11,269639039991.285,0.549873012011396,0.504860313212536,0.68283151661136,0.971371053425282,1.81860171013317,"USDT",0.505769776976952,0.972027600977374
2026-04-09,11,269982926494.999,0.549384006777969,0.504322407455766,0.681948144195501,0.971740326755961,1.82022044264595,"USDT",0.505825810515465,0.972027600977374
2026-04-10,11,270118652897.72,0.549033813174376,0.503937194491813,0.681568231625869,0.971647257024534,1.82138144501201,"USDT",0.505872938493546,0.972027600977374
2026-04-11,11,270626690013.674,0.548787019672797,0.503665721640077,0.681126976578324,0.971822644961886,1.82220053345327,"USDT",0.506056420051146,0.972027600977374
2026-04-12,11,270597715000.212,0.548822038806728,0.5037042426874,0.681192762480115,0.971792778239242,1.82208426282269,"USDT",0.506185660947927,0.972094970536331
2026-04-13,11,270574790415.695,0.549190220959519,0.504109243055471,0.681500532502344,0.972021142607615,1.82086272084898,"USDT",0.506185660947927,0.972094970536331
2026-04-14,11,271055513427.689,0.549183683928873,0.504102052321761,0.68149047092271,0.972027600977374,1.8208843949004,"USDT",0.506185660947927,0.972094970536331
2026-04-15,11,271866713676.883,0.550001573349495,0.505001730684445,0.682486592872437,0.972094970536331,1.81817661704134,"USDT",0.506276976778685,0.972094970536331
2026-04-16,11,271606436298.053,0.550522434071004,0.505574677478104,0.683005539701531,0.972297580759539,1.81645640233986,"USDT",0.506515174130529,0.972297580759539
2026-04-17,11,271978078249.229,0.550613412240172,0.505674753464189,0.683032557061828,0.972421918556899,1.81615626820912,"USDT",0.506609556418959,0.972335834665853
2026-04-18,11,271901207224.297,0.550960381864678,0.506056420051146,0.683534018972601,0.972335834665853,1.81501253613842,"USDT",0.506609556418959,0.972396053246137
2026-04-19,11,272646970895.347,0.551887504652139,0.507076255117353,0.684600557381397,0.972483968765251,1.81196347366174,"USDT",0.507076255117353,0.972421918556899
2026-04-20,11,273031534172.799,0.552938379389562,0.508232217328518,0.685905708311283,0.972504275556004,1.80851978678707,"USDT",0.508232217328518,0.972483968765251
2026-04-21,11,273832104764.644,0.553288293492999,0.508617122842299,0.686416895495078,0.972396053246137,1.80737603119494,"USDT",0.508617122842299,0.972496302137514
2026-04-22,11,273355880420.055,0.554281436648782,0.50970958031366,0.687582916561956,0.972496302137514,1.80413763456712,"USDT",0.509360683062792,0.972504275556004
2026-04-23,11,274372062921.924,0.553964257329811,0.509360683062792,0.687118101371327,0.972599332365854,1.80517061663896,"USDT",0.50970958031366,0.972599332365854
2026-04-24,11,274393988072.19,0.554903358284519,0.510393694112971,0.688228902241887,0.972680370470988,1.80211560278081,"USDT",0.510393694112971,0.972680370470988
2026-04-25,11,274939912069.167,0.556383429821598,0.512021772803758,0.689972751674206,0.972801016845868,1.79732167854216,"USDT",0.510869804537975,0.97279237973865
2026-04-26,11,275044299062.999,0.556593252814508,0.512252578095959,0.690235703084255,0.97279237973865,1.79664412916134,"USDT",0.510950452666922,0.972794414229238
2026-04-27,11,275006327458.269,0.556514653321593,0.512166118653752,0.690137198009919,0.972795211703771,1.79689787866579,"USDT",0.511598173027531,0.972795211703771
2026-04-28,11,274840786149.922,0.55672529026526,0.512397819291786,0.690396158718741,0.972794414229238,1.79621802257903,"USDT",0.51182531061273,0.972801016845868
2026-04-29,11,274562436123.639,0.557095651100567,0.512805216210624,0.6907509628247,0.972941250628288,1.79502388508052,"USDT",0.511846670941297,0.972881068500325
2026-04-30,11,274184734845.136,0.557537156629516,0.513290872292468,0.691220937812681,0.973045979957611,1.79360243189047,"USDT",0.511952584786994,0.972919849396898
2026-05-01,11,274072106543.421,0.557644145157121,0.513408559672833,0.691435581131664,0.972919849396898,1.79325831479544,"USDT",0.512021772803758,0.972935675183314
2026-05-02,11,274179566000.41,0.557548738516083,0.513303612367691,0.691269620611007,0.972995516980175,1.79356517362321,"USDT",0.512166118653752,0.972941250628288
2026-05-03,11,274168497467.681,0.557704654430428,0.513475119873471,0.691408687807478,0.973074214669784,1.79306375167566,"USDT",0.512252578095959,0.972945250852895
2026-05-04,11,274190742326.523,0.557599330881803,0.513359263969983,0.691307661099722,0.973031883283023,1.79340243902117,"USDT",0.512353439757106,0.97296354039572
2026-05-05,11,274709686500.81,0.556684945233732,0.512353439757106,0.690008524219847,0.973299959713492,1.7963482011897,"USDT",0.512397819291786,0.972973084692844
2026-05-06,11,274996236390.225,0.555998339115938,0.511598173027531,0.689258929056624,0.97315814670831,1.79856652375985,"USDT",0.512805216210624,0.972988751304257
2026-05-07,11,275236621990.771,0.555409502424474,0.510950452666922,0.688676024909185,0.972945250852895,1.80047333658283,"USDT",0.512827667355088,0.972995516980175
2026-05-08,11,275411395998.873,0.555336185943613,0.510869804537975,0.688548437276317,0.972999172319346,1.80071103830705,"USDT",0.513290872292468,0.972999172319346
2026-05-09,11,275065079271.38,0.55622424631027,0.511846670941297,0.689650672084233,0.972988751304257,1.79783604658288,"USDT",0.513303612367691,0.973031883283023
2026-05-10,11,274998424736.535,0.556204827829755,0.51182531061273,0.68966197377675,0.972935675183314,1.79789881346748,"USDT",0.513359263969983,0.973043248456767
2026-05-11,11,274960682695.981,0.55632053162454,0.511952584786994,0.68977903815061,0.972973084692844,1.79752488566232,"USDT",0.513408559672833,0.973045979957611
2026-05-12,11,274712154352.088,0.557116061231898,0.512827667355088,0.690816637258334,0.972881068500325,1.79495812378626,"USDT",0.513475119873471,0.973074214669784
2026-05-13,11,274307459792.814,0.557962897144565,0.513759186859022,0.691795661316656,0.97296354039572,1.79223386558068,"USDT",0.513759186859022,0.973092184025561
2026-05-14,11,273816855363.392,0.558927254958505,0.514819980454356,0.69291522471726,0.973043248456767,1.78914159423884,"USDT",0.514594371069582,0.97315814670831
2026-05-15,11,273767185820.236,0.559281526687564,0.51520967935632,0.693310815996171,0.973092184025561,1.78800827898369,"USDT",0.514651375998712,0.973295269243442
2026-05-16,11,274021437073.14,0.558722155517802,0.514594371069582,0.692468100814576,0.973343176561853,1.78979836422137,"USDT",0.514652131346885,0.973295269243442
2026-05-17,11,274027655508.935,0.558774664860804,0.514652131346885,0.692517301618349,0.973365081386795,1.78963017274434,"USDT",0.514652131346885,0.973295269243442
2026-05-18,11,273987512365.217,0.558796433133631,0.514676076446994,0.692529433589654,0.973387364284128,1.78956045655513,"USDT",0.514652131346885,0.973295269243442
2026-05-19,11,273947728911.39,0.558773978180647,0.514651375998712,0.692541877018146,0.973327856573537,1.78963237202987,"USDT",0.514676076446994,0.973302307226777
2026-05-20,11,273791033751.329,0.559066867070903,0.514973553777993,0.692779267249249,0.973507593421776,1.78869480360956,"USDT",0.51493752025157,0.973313583284153
2026-05-21,11,273235152131.747,0.560134538141467,0.516147991955614,0.694131607882386,0.973415560584112,1.78528537682752,"USDT",0.514973553777993,0.973320255177774
2026-05-22,11,273784826983.488,0.559034109319609,0.51493752025157,0.692766241809206,0.973468350092727,1.78879961585364,"USDT",0.515209811007227,0.973327856573537
2026-05-23,11,273381663852.245,0.55977686675168,0.515754553426848,0.693629279879749,0.973523979690571,1.78642609117251,"USDT",0.515542150839553,0.973365081386795
2026-05-24,11,273217859927.15,0.559601012903576,0.515561114193933,0.693503781625393,0.973389580946631,1.78698747311294,"USDT",0.515561114193933,0.973387364284128
2026-05-25,11,273180649082.432,0.559648022378258,0.515612824616084,0.693621650723735,0.973295269243442,1.78683736922796,"USDT",0.515612824616084,0.973389580946631
2026-05-26,11,273171395272.181,0.559583773490503,0.515542150839553,0.693527790184531,0.973320255177774,1.78704252584438,"USDT",0.515669357603337,0.973389580946631
2026-05-27,11,273189706773.964,0.559281646370206,0.515209811007227,0.693172983407575,0.973302307226777,1.78800789636152,"USDT",0.515669357603337,0.973320255177774
2026-05-28,11,272885178329.39,0.559823577401347,0.515805935141482,0.693726002346561,0.973455276143709,1.78627703506507,"USDT",0.515669357603337,0.973313583284153
2026-05-29,11,272780397955.223,0.560076701887082,0.516084372075791,0.694062495411705,0.973409021862703,1.78546973411083,"USDT",0.515805935141482,0.973313583284153
2026-05-30,11,272591180613.492,0.560491943255406,0.516541137580947,0.694624271265003,0.973313583284153,1.78414696595258,"USDT",0.516084372075791,0.973313583284153
2026-05-31,11,271310711729.77,0.559699416003033,0.515669357603337,0.693698372385544,0.973268930582014,1.78667329535784,"USDT",0.516084372075791,0.973313583284153
