date,BTC,ETH,BNB,XRP,ADA,DOGE,DOT,AVAX,SHIB,TRX,CRO,MATIC_POL,NEAR,BCH,LINK
2020-01-01,21187883711.185,7103187150.6871,168238324.605933,1125486226.89965,78089757.0521882,53013466.4397748,,,,1134528758.79146,10684994.1155133,10713807.1432754,,1661251710.99386,91335137.2684754
2020-01-02,18123516838.8979,6623732040.96447,184709056.804408,1043385828.11248,74867841.215355,38576914.8114091,,,,1032624900.67879,10294529.0365979,20504313.0502648,,1244329490.41445,104003215.175917
2020-01-03,20313194628.0945,6497297884.22486,157356597.615453,1082069170.5193,63835282.1388629,46080313.1698568,,,,1056549453.91055,10015563.994478,26165156.1208537,,1225802629.35173,83309817.3484193
2020-01-04,31015776262.2187,9655245099.72084,177239685.255726,1276806150.49083,79167959.066497,40863740.2637823,,,,1168793810.91354,14509882.1694468,14853329.2999559,,2645605236.56769,62560734.1201243
2020-01-05,20611640058.3416,6958393690.01868,169907478.421526,987421522.136372,77918143.4836387,46196902.6250371,,,,1033957595.34437,11031395.8550155,10536227.1432968,,1621509868.05855,71763889.4095296
2020-01-06,21929224570.561,7260645128.40695,183407548.101395,1151983921.44472,48833556.3839818,32539590.8198547,,,,1138776202.63837,9026436.84718658,8289301.0492265,,1542492522.47404,41729261.0756698
2020-01-07,28148518761.5116,9514201882.39658,222341899.104433,2315410062.42479,77690490.9063941,38106371.0734146,,,,1286051294.04812,10232189.0400931,16572957.2033606,,2359839879.79823,80685191.2804349
2020-01-08,34823187724.29,9440938787.51984,212354395.112055,2246849401.06569,109080768.022231,43529571.2763021,,,,1232245487.92545,6590441.42134594,17634284.497595,,2419894317.39686,153762130.728264
2020-01-09,39971512000.0682,10095847759.2948,182170907.229374,1751818179.36073,97790326.6835576,43151513.1719935,,,,1149165537.19655,7290195.53215584,16445247.717006,,2403296765.43939,201412257.842829
2020-01-10,29276053440.8847,7280640218.29204,186715078.230744,1375082672.97933,73078880.7938661,48004964.6872597,,,,1029207693.4139,12208233.0174439,9688270.59449954,,1846212171.19844,164055916.86867
2020-01-11,35777298156.263,10273370788.3123,205053226.009009,1715289860.97022,89615189.1547555,53435758.9843392,,,,1232761270.62401,15023212.1693084,10134730.1798115,,4029599891.73914,164298033.295764
2020-01-12,31504583511.0361,9737605323.28252,214306064.040478,1616008355.05276,103012026.667873,60455962.1380346,,,,1264490180.21293,15803876.6708299,8336806.47667344,,3456017137.30353,157161895.844373
2020-01-13,27533390875.5199,8488793477.59504,210916688.709128,1497339722.95346,94947456.4559916,52330281.7518845,,,,1238801713.77803,15894803.7205727,6905039.1842283,,2933498734.74764,139679643.571254
2020-01-14,27962176780.6282,8019794567.48608,190567044.138221,1344392775.50262,92974481.837419,48689131.7939815,,,,1130651716.26862,6447069.75237148,9769124.13921558,,2881728806.47025,123192424.599082
2020-01-15,55384169405.5193,18970204899.1978,256200729.816168,2696981092.17209,211070204.094488,86813590.2563972,,,,1673130877.2788,5795445.89608309,31941284.8977296,,9153175723.92272,205263671.986235
2020-01-16,48160401007.254,17862385531.7374,363286199.193055,2536228717.56367,199275282.884214,107025135.718373,,,,1714994030.81197,11710153.143778,29508080.857449,,7233608705.3922,243763110.571535
2020-01-17,36462155571.2176,14605493158.5332,180942925.116408,2022448461.46914,137032057.200585,79745346.9679045,,,,1545592786.56807,15916576.1383816,22914523.2411884,,4730742733.82344,184730076.652972
2020-01-18,41671910798.3409,15915322019.7825,324691292.355627,2396388745.88346,170585164.398294,98670907.3418311,,,,1582387496.97125,19093598.1502179,72347444.6889788,,6980403146.21965,267164776.822004
2020-01-19,36801813631.5124,15808136411.0237,260499762.302936,2424579070.64838,156488786.078645,91648033.563276,,,,1532151657.00087,9513587.00982775,31204686.3057292,,8207887825.92294,219234212.031592
2020-01-20,39242297095.9422,14003433869.0004,247057878.988854,2271192817.467,140637820.379359,87205354.7502747,,,,1432036502.3005,8442297.89499444,26379044.7551101,,6315098302.21658,218042341.377399
2020-01-21,29527689342.8855,10983216126.2223,263222093.536996,1732824923.08543,122312691.016759,73125411.4214911,,,,1478614066.34522,16812885.8074597,18230903.318264,,4390217491.19683,192596061.1734
2020-01-22,27057681779.7467,8267420452.9121,282373775.617627,1689519338.77969,144630468.915551,67442647.3751966,,,,1350727673.41742,18613402.1713012,22560137.9049265,,3368460523.877,149439978.159913
2020-01-23,25628542094.5013,8809189828.88459,221221906.915244,1517848018.82889,106449100.504295,68481208.4392027,,,,1289770509.99241,16094480.8783619,13414486.9481797,,2395338025.60519,122252954.287697
2020-01-24,30696020541.208,9017537604.34573,213945091.064713,1588344751.25997,110069027.124532,70446234.7694273,,,,1352519898.54941,12501173.4285768,15855779.759443,,2443342562.84742,166822572.260493
2020-01-25,30691734305.1287,11043498594.6042,225882782.212396,1700488421.52355,114891800.487684,67906669.7337124,,,,1326889640.90688,19013049.1800283,14165636.6087118,,3251119328.65437,126859807.93103
2020-01-26,26582198966.2987,8673816085.48414,205048618.448292,1378215639.48916,88735590.6074615,63624027.5825522,,,,1232465460.09754,18423917.5444457,11685341.2623848,,1920162464.98446,109562404.490324
2020-01-27,30241155463.2706,10518901915.3926,243479316.874071,1612338569.65171,98582263.1562168,57079680.6286814,,,,1361992094.43061,10776284.8058596,10747137.8632972,,3152961804.84263,114466697.881579
2020-01-28,39661537339.9221,12435457692.6954,230946817.910461,1806433337.17443,140901190.797117,71267011.2738568,,,,1435532325.08296,10424356.4828593,19625864.4575311,,4154572034.92173,145571322.439454
2020-01-29,49812761504.1306,14300512538.1393,237464057.061777,2085600978.36348,286197023.393049,73912107.3470455,,,,1802818681.73043,10123886.3982729,20663598.4034447,,4863286788.94691,175705703.321368
2020-01-30,47273353143.7575,15565369994.7968,241033846.213671,1977002934.29651,258344089.060026,60908834.3515024,,,,1650331550.56998,6213466.59172189,16150754.7323714,,5162132476.57496,207322391.893935
2020-01-31,51037775414.9802,18170945326.3907,252662477.175719,2181535959.94833,220132465.336696,68004034.7333709,,,,1781853872.81916,5031806.59644102,34259011.8865034,,5443128939.63015,232571226.559541
2020-02-01,50102814005.6802,18506953476.934,243240997.983209,2017282252.79904,196053869.988306,58805204.8195365,,,,1595598321.50135,3353783.3380958,24776333.991431,,4838063129.55942,178496875.118949
2020-02-02,48307978233.848,19083817630.2994,184719237.713563,1716886038.0748,159634518.784594,61580812.4101389,,,,1482091892.58976,3154370.51376819,12485400.0503935,,4641575798.5526,136753959.288524
2020-02-03,55025402183.6822,21543158277.4952,253345268.446769,2640052158.23079,228621145.912998,74934190.6459763,,,,1624094879.98427,14209179.4731421,26944235.5983674,,4513853706.94684,167431974.928687
2020-02-04,56824765307.8146,23519056716.2608,173491661.645031,2278216762.83897,164518222.311006,64002051.119784,,,,1516353819.33758,10640502.2758809,66031072.3476681,,4958591635.89422,174441853.565585
2020-02-05,55377658455.6233,21734656893.6448,136322480.737231,2704937501.89762,136675263.467267,61160180.3543733,,,,1475395345.19629,11804563.8151203,65757814.6879911,,4297499051.41537,154300731.794215
2020-02-06,65675565620.9108,27708721578.1712,290141371.293245,3007089781.31901,156637649.484222,74945448.7177552,,,,1600682847.12252,14041738.0878462,50896522.2822753,,6758278426.47771,171991712.724991
2020-02-07,71141695218.0395,30730370695.6752,353390568.577291,2897162400.39764,159304871.652366,68693591.6002877,,,,2499331017.34931,9673247.60622663,77950757.204524,,6628329200.59111,214774434.11492
2020-02-08,69495711755.6292,34073387340.7219,437168891.025141,2279182999.29162,142690306.692381,74768228.3109035,,,,2243498690.90464,17872891.1066242,61445580.9476112,,5919917948.05095,434838057.993419
2020-02-09,71561797135.1999,35852075948.9794,294670011.461237,2203834681.658,125903922.225597,114237107.482695,,,,1982188405.40694,8131992.77533432,73993083.6215741,,4605097206.61378,326290467.310325
2020-02-10,78110955304.5213,37065973224.82,396099869.575838,2235349086.45636,129259369.741498,122582884.234058,,,,1832192122.0729,14818910.3847374,44086470.8857201,,5338127816.26774,292022067.237676
2020-02-11,81406687324.3509,40180881296.5061,621855205.60019,2336299972.33178,130595621.545285,104681582.676898,,,,2075448588.91407,17459012.6725162,43117250.8739603,,6362001511.68153,289241851.783036
2020-02-12,38930644711.9042,17260236147.9468,513583904.456331,2313861746.34633,254958634.877148,152367638.314506,,,,1944837271.71272,17360177.1948604,36066786.5123134,,5395946799.25762,443656631.085582
2020-02-13,45456624047.8339,25083848405.7746,476505354.873414,3939347661.1381,283365264.524597,153307473.930434,,,,2069672268.95815,13671257.7971629,62228500.9152482,,6192914051.90009,522592661.453257
2020-02-14,54151236617.5585,31919298278.2389,382278653.963629,6605455718.64542,335446932.678908,146323760.989797,,,,2536939460.21142,9925974.87387513,45078083.0055837,,6385377066.40704,396601619.405921
2020-02-15,50206573483.0498,32486783383.5959,421277508.154635,4390704528.58452,253062181.272089,121465386.016361,,,,2405987151.60743,26087440.9698579,42749886.041166,,6020146825.64875,486698178.731505
2020-02-16,51460340288.8981,31021139510.8406,433444195.949792,3430602807.60127,242397210.939073,118598157.545343,,,,1987059315.28482,22843080.6626139,47859748.8997907,,6151240119.08002,591901187.799086
2020-02-17,42364906261.0548,26307305450.0959,442399014.673369,3980732101.41088,277034923.633001,129451161.481562,,,,2181389819.78406,18927780.4091641,47665585.2051004,,6271059075.27455,664194989.629822
2020-02-18,48517591137.468,28621805406.2678,440300039.582143,3853954524.98711,272004390.509029,121852389.246826,,,,2118083819.7162,23783193.9610642,37131921.5384417,,8403842395.38202,563103382.761066
2020-02-19,54648014949.725,33038477053.2657,347593301.539643,3811855427.80795,251750540.325669,120924221.356457,,,,2163761404.22524,22031446.9080681,40142369.5345184,,7272349064.03582,464890360.232576
2020-02-20,50502739123.7538,24634102799.0755,288054592.159041,3177109702.40008,228558898.743906,120435360.746754,,,,1860633115.31102,20803803.4768325,16174453.5842631,,5333209042.57441,466279109.911997
2020-02-21,53579139400.8085,34355959852.7469,293917888.192825,3305374380.6193,263452977.343738,163959447.295132,,,,2092791985.2707,17137838.0105367,24033899.1206032,,7178534508.54249,440478777.573706
2020-02-22,37678167400.7192,18672669187.7608,379734030.401189,2686108808.30802,230599472.218145,139383775.863986,,,,1908909919.33258,26064116.8782333,33670186.6800534,,5279077007.21655,415404501.287951
2020-02-23,32555342237.0844,14860160863.3739,308906985.699442,2170573839.23692,166718271.375551,143129454.886478,,,,1652340417.30963,38616106.7338784,14530943.2504391,,4134835939.20043,311916251.741246
2020-02-24,38743680759.3286,15734092874.97,370143216.200634,2366852812.72496,232674655.608822,167584709.261296,,,,1801015585.59098,31513318.1057275,33653093.5075152,,4929184061.18062,359617948.921132
2020-02-25,41928789500.123,21019871769.5491,305719319.902081,2475554285.30986,254977199.085521,141406806.188269,,,,1916811499.91801,19438617.823399,29642235.1854902,,5519633088.02891,389238456.100651
2020-02-26,39441760776.3185,15216321566.8771,292947590.95183,2567025289.6972,223975114.03416,159530093.724144,,,,1795424545.64514,17433844.0985681,32359171.6336868,,4882502016.94876,390687648.005272
2020-02-27,45140119229.636,20470479538.0548,346015231.211528,3277214495.24425,274099295.568443,174293462.499054,,,,2084942918.008,17345550.0504454,36069605.7224312,,6676172490.46275,566778580.613302
2020-02-28,43045469000.9768,23994578699.806,334602154.895322,2700620092.18489,209902464.909783,138916299.712866,,,,1917804042.21649,6012114.73297342,33735101.8326165,,5441194478.1994,564102125.320278
2020-02-29,41297721067.3018,19715536659.9143,475710231.977518,2477143911.60618,195936467.48509,130103960.272798,,,,1735768870.7444,13165641.1344848,35504463.2999951,,5178699697.07972,556238156.279827
2020-03-01,33291626663.0067,13967572974.821,510660552.385544,2044539704.05159,120953605.769567,122706371.469489,,,,1557806279.20234,16383628.5107168,33641423.599295,,3894716585.88797,460516172.596729
2020-03-02,34310775733.3222,16557363028.5543,279150858.820654,2069107143.48555,124670458.469288,132312472.169958,,,,1572446557.19993,16137951.0852727,30863594.5093427,,4459336918.72724,453705861.766722
2020-03-03,59776629742.5713,18301098060.9103,342469581.829736,2463124755.61076,141670557.780463,141216615.143478,,,,1719649688.12153,17559522.5871309,31247796.8686687,,20584789121.3138,453068792.140531
2020-03-04,68336042797.3885,19133763158.9379,328500278.413345,2454087704.9648,150407091.007093,145310587.212711,,,,1539078431.35649,9160633.25295229,51054811.5752858,,30789794383.7178,573766834.924237
2020-03-05,38832067216.8779,14844945103.3953,316845189.140281,2236741729.1903,170344689.421083,130345674.186986,,,,1404293283.52671,7621082.20956895,99369845.9984219,,10546645824.9654,722046296.59045
2020-03-06,38122635173.1504,16056678004.7688,348942110.521133,2193770065.43651,142091918.557013,85693524.5381874,,,,1448960818.34931,17381088.7674357,80146249.3148605,,4776597303.44632,617200385.328551
2020-03-07,41388087588.4427,16938887970.3164,395065946.119132,2329507514.62436,136293489.323364,81573107.8116516,,,,1462040144.65408,8516958.20387524,56319292.9594678,,4762402585.96823,434586780.580938
2020-03-08,36764763103.1224,15033855133.0231,314894895.766347,1974512300.69036,125016889.246965,68887904.5302829,,,,1373212983.9586,3769437.35198203,89597330.7864582,,4139093585.07985,408507786.660567
2020-03-09,39132209137.6972,18839637103.648,273483539.382628,2212569691.91303,145742667.292499,79686704.907466,,,,1389988065.94835,3757321.45679493,73503295.5926817,,4899423656.77895,592675608.652163
2020-03-10,45678665163.1102,17900321700.6442,383658471.585072,2703449654.79848,166720941.066165,105653413.871303,,,,1466410499.40803,4676117.09630765,81828096.3483132,,6137884741.58428,834390908.249581
2020-03-11,40882213633.9465,10622282127.5127,330638655.660531,2198016132.88856,140500959.223219,88469387.3534648,,,,1302301194.99689,6056484.06504468,65191499.5314964,,4288201356.26441,616240780.300939
2020-03-12,38689036552.8112,14699687559.4393,267252146.989004,2049343228.05159,131897068.049378,81850204.7056028,,,,1270721738.60045,9271723.73887045,70274599.5587357,,3818530203.91536,444865796.386277
2020-03-13,50009548492.0749,17357843633.1114,412918004.272449,2844634644.58986,211978802.346478,110773263.562782,,,,1186339164.3887,8190919.50964197,61249765.8839866,,4799233178.26603,621181721.293752
2020-03-14,74329688818.104,24412190319.8568,551414732.795828,5002103249.52111,289676259.778337,162397713.990043,,,,1837942458.02322,11478072.8098868,51804649.6911778,,6837158674.45062,849160224.597861
2020-03-15,36054625746.8282,8678897518.71249,270906520.912893,2154086289.82544,97926867.7815375,83287639.8538195,,,,1182990508.32274,15485894.1952627,21397097.2353416,,3528122368.52232,484653359.56337
2020-03-16,32985693209.7478,10971643911.7954,298770292.343978,2079737198.44629,98577461.9133517,92079970.2826189,,,,1207103474.60926,15642321.020394,21270124.2033345,,3178184836.92341,440444295.918326
2020-03-17,44034438467.9668,11161656313.89,284841626.19165,2529761544.98721,136720716.228365,100216039.671732,,,,1213152266.45322,15722699.5192634,25809858.3812345,,3392306569.62038,452772067.151706
2020-03-18,36007089253.8226,10514054745.7326,232219642.136281,2083392083.95413,106703913.57145,74523963.2997554,,,,1154798915.26871,10980330.3359547,23873265.5064379,,2694672866.41474,426609759.980743
2020-03-19,37618067230.414,9829287702.00789,272872630.216486,1931411749.81102,107356169.801024,74515510.5858678,,,,1089136605.5313,16507991.362992,21163580.8747241,,2421244380.50573,341795644.551989
2020-03-20,48056214948.1565,13910341816.4376,346191031.614154,2490205855.67571,154960081.101855,223278152.66024,,,,1346491892.63154,18689377.1375691,35358713.9437576,,4027222965.17945,418175871.058624
2020-03-21,50936770688.254,16267979993.6685,387993875.207485,2852880594.57501,183999555.675694,158961780.259484,,,,1302567264.26798,15417310.709875,34080699.9350602,,4211584382.51194,562951149.961556
2020-03-22,40189198131.4632,12633534610.0107,341768011.034885,2026937931.35961,124168282.906959,133056132.79038,,,,1180943612.30208,16252185.4018912,22169117.1027154,,3231255114.04919,323554653.002272
2020-03-23,37255748385.3039,10177508398.8732,282013365.286324,1876934021.25663,107973019.066464,135249014.281281,,,,1058281960.80953,14640003.3859813,15233623.8147081,,3001337190.75225,343441137.954373
2020-03-24,45578824447.6458,11596650460.7303,324459115.247292,2149427563.48192,122524431.851492,140961242.043091,,,,1220999724.40441,11545202.485887,17123548.460572,,3629972232.9577,319238355.73384
2020-03-25,45846522059.3732,12119249137.979,285530102.688341,2083687565.24433,115754274.5616,153573605.503182,,,,1133808167.77374,11871060.665124,17313286.336828,,3601600025.71675,344047275.916223
2020-03-26,42082295491.0308,10616935307.8381,248158273.558252,2007027965.77548,107760572.348554,137546598.608995,,,,1070732044.85109,8690291.74353278,13732008.2632335,,3300939686.47068,249527646.246163
2020-03-27,34840544710.1089,7749490793.65854,272095324.062189,2139429595.58535,104078533.858919,129916986.988995,,,,1090122328.25569,8897002.43583358,16360973.920215,,3315885203.80334,254373787.793232
2020-03-28,32910551599.4724,10183491264.5401,171866476.06557,2647454047.4478,102692751.714815,118486362.43302,,,,934542855.440795,19573489.9842972,9423028.52768018,,2818494654.4742,137894969.648975
2020-03-29,35231848358.5514,11067855577.8561,215130548.228152,2638537629.97769,105439265.183267,139854381.531246,,,,1042966488.09863,19764687.6144392,13793676.2646838,,3466592791.48867,277936773.595086
2020-03-30,25923471292.1764,7718875104.82854,187370629.172472,1869916824.55732,87505944.2300618,127824727.490139,,,,912312991.427319,17644319.2897506,9957347.11676698,,2013457257.63038,166701134.693238
2020-03-31,34907149977.5792,8469234427.79087,276558085.345974,1990274338.68932,104645794.600825,130308976.222827,,,,1065456432.46445,15007793.5990339,13909225.400531,,2413942694.39354,227848434.291188
2020-04-01,32287674952.1782,7869741296.80382,329247177.625766,1985080187.59002,99418401.8197532,125018849.748811,,,,784062509.599017,7760720.82291173,12392526.3188481,,3029185292.70006,213106561.375992
2020-04-02,35886963977.7153,7848601147.3369,334856444.027969,2002659987.29439,115117998.299995,133295929.969568,,,,823864530.503224,4179686.65586836,18642241.8756104,,3290272460.0145,322143002.624567
2020-04-03,47638672293.7378,13645052823.7665,383892319.3329,2346925185.36655,133807050.54802,135883818.365245,,,,860612667.591542,4072433.08221284,21342034.953552,,4086928153.89032,326506059.935679
2020-04-04,39867535857.2539,11621521038.7096,361905470.712815,2001601449.38932,110357362.067164,130077705.120345,,,,801850600.501956,13572481.7524058,15226623.4999202,,3541371644.51817,240583471.16583
2020-04-05,35009177102.1324,9863619646.24454,388516838.904205,1754643970.41126,111823144.802522,129554098.025832,,,,816559464.496924,6501471.23605064,12395096.6859942,,3207734432.6099,183618405.40729
2020-04-06,31885662165.0149,8271697077.94318,407729033.943809,1640070010.34685,83582839.8774489,123742386.554645,,,,919848630.033169,4798735.5808072,11350742.6585154,,2981407816.46363,143720844.572409
2020-04-07,45370138560.8249,15337221519.355,444447157.622633,2390554002.1346,147918099.221946,145502189.34077,,,,1033766524.59958,6121989.35534507,38890338.6738395,,4236404222.11922,310344717.180508
2020-04-08,43386074290.7147,16711178690.8483,420044095.236632,2553384541.05699,151556119.30056,141907833.743799,,,,1014384688.83704,7928019.58811611,39050181.0694238,,3879415191.29024,575523791.273641
2020-04-09,38922547592.8621,12116309211.6394,394584672.402975,2045635629.86709,163870561.387336,127878282.272651,,,,1176671146.80491,6689870.8545401,28331467.5532482,,5187808488.8138,485821606.357975
2020-04-10,34921486435.0605,11971791025.3724,365221668.388929,1815834538.36565,136962104.923187,123549292.199905,,,,1069726810.30576,7524231.17738311,21649893.9152279,,3756431751.28016,631524668.942154
2020-04-11,37828011010.9016,14135915530.5894,339027340.515059,2101666681.9913,161039582.50861,134671135.278236,,,,1179810214.78009,6586184.67967878,23295806.3293961,,4047229942.50491,662303577.116344
2020-04-12,30280054180.2884,11128989594.361,379071140.060732,1781001895.31721,115182655.420023,128506937.978067,,,,1101729960.98068,6679442.46412523,16716585.3206771,,3381035788.03425,645584856.240033
2020-04-13,34544392366.0494,13002801329.5085,404979912.814526,2018968368.00091,109412693.213932,128335738.508342,,,,1092809787.5531,6662410.6090877,14541371.4461759,,3250932776.09385,699575634.239644
2020-04-14,38062368291.0816,13286483792.0483,415375272.650097,2228364721.4187,127857134.59533,129649088.182451,,,,1297978650.36,5896745.77560436,11129979.2939233,,3744031379.45436,592012238.83947
2020-04-15,33837365577.4498,11468431211.7747,431913949.010708,1862120141.67997,110605528.217673,124216047.959231,,,,1297749008.23929,5457073.17004921,17356709.2239856,,3676880841.82838,563764620.896152
2020-04-16,29692916171.0118,8578826590.31357,393386119.491286,1937688979.99044,100008952.078042,131684089.347088,,,,1278330888.11677,5023388.47270423,9331259.7273397,,2882169669.92504,446311089.266851
2020-04-17,45752002264.2743,17430629608.3789,414415761.363285,2619561036.3051,162619038.518496,146472116.753382,,,,1535380776.85122,6062427.65535641,13997754.1422924,,4400799102.58725,640826576.60416
2020-04-18,31701906839.6215,15220772945.8953,416729931.63382,1866168812.01078,117736903.479571,121729852.726414,,,,1357117165.05308,9613611.04338988,12465755.2368569,,3316599518.94234,483760633.155251
2020-04-19,30035235468.3311,14284812698.8018,414857231.913651,1914325546.14742,140344430.959827,127629256.475007,,,,1435699764.86367,4673310.7219025,12194723.0684438,,3285486948.56853,462010955.153661
2020-04-20,29714765522.3253,13763176713.4563,413369977.709689,1849385510.21636,136449252.088697,127839052.89204,,,,1344244828.78306,3870862.83334306,14643558.857502,,3386195085.37999,483843735.233867
2020-04-21,35276609104.4571,15901061387.7044,377680441.787277,2266839384.90335,140386733.671099,129791433.253047,,,,1400759954.72191,4699614.58798133,14670525.7224093,,3476384158.92384,450372143.949709
2020-04-22,30093303601.3907,12178214643.0788,304659694.173038,1826836936.62308,128811222.538404,124397419.902611,,,,1334220068.77249,14121948.769234,12296674.8067478,,2958249974.01345,425071434.155413
2020-04-23,30819547915.3444,14853382137.991,372342615.926041,1760936753.92932,124398269.130309,126033359.244544,,,,1346847345.13229,6870697.03245344,10377552.0992361,,3303944962.47136,418343806.989437
2020-04-24,41032858925.2359,6903118239.47787,214383568.260073,2284073444.05558,275173060.472602,140105892.364226,,,,1463705582.77295,6694875.82091801,29767404.5544842,,3711589972.26372,574171252.142445
2020-04-25,33233126912.9999,13419651870.1252,347741153.11152,1858298807.38771,286509553.68496,161596051.33862,,,,1624977158.84954,5526113.17926911,34698353.3289645,,3093331608.26491,399334721.600084
2020-04-26,31610167152.1183,14452583265.8994,357506648.815497,1645169648.31481,176658780.923302,179689638.178073,,,,1579120151.77662,4530993.91611683,22422727.2775269,,3303562118.59598,415179595.473371
2020-04-27,33760863612.1251,13530756223.9513,372633462.463533,1670524318.45344,250469497.771672,233725625.080251,,,,1490117444.32689,4440080.85812075,24489995.2213192,,3630629571.5301,399516123.942314
2020-04-28,35205525351.8953,17659706480.602,382565165.099473,1707500454.98582,258539530.391156,224244998.534131,,,,1525174714.6223,18123039.6896768,21920142.1934663,,4033001168.60702,564047324.490721
2020-04-29,32855687796.9691,14644384537.0908,380017273.227351,2539833760.63514,206025566.522619,200283719.69553,,,,1603853811.10343,8587689.56588683,14330601.2334185,,3474044975.89047,434865417.428767
2020-04-30,60399592065.5405,20966892392.0487,458695909.002382,3099767025.43874,350212135.000922,242370965.829795,,,,1822420893.85577,9602775.1537121,36019670.4828237,,4579773336.03646,572183655.483931
2020-05-01,65838312160.0907,23630952297.4432,487612724.25366,3081128998.82498,396920531.184051,235092727.592495,,,,1751598144.39655,10144575.3966854,33517357.1120028,,5183766148.86492,526466854.566249
2020-05-02,44773967197.552,17137878522.3555,454273601.335571,2290295884.77034,213075526.711721,219094154.084806,,,,1696419825.60576,8141448.63250084,18653132.4699058,,3633078706.39743,496252069.509291
2020-05-03,39177855720.3325,14287655444.0448,403799189.092578,2161381421.79095,169289444.967048,206828067.272291,,,,1623289442.86727,6753722.98037647,20412471.4232156,,3239008611.13882,331081943.009223
2020-05-04,45617019157.3732,16158461349.7675,376859551.646985,2152766758.05672,184667536.370861,206286035.238127,,,,1685661605.47196,7954402.25898474,33791176.5770175,,3805339844.62842,379871666.172285
2020-05-05,44698213713.3913,17901489283.1014,422356843.275439,2467883145.44181,219399163.48203,202161479.34707,,,,1820539687.40086,8135456.85130255,29694952.4704861,,3549020427.93839,456679157.609235
2020-05-06,43436234291.9711,14345915703.7119,369161574.857609,2076215754.52981,170783705.197168,191425230.39363,,,,1884346854.9569,12546715.0677046,17543028.8611875,,3465931816.91315,373430974.826108
2020-05-07,48538811466.8027,18128961143.1699,384069116.940248,1917689134.99332,170062853.544152,194670688.822426,,,,1650772708.528,7070859.791429,27652319.7195641,,3549557588.75886,421828726.005951
2020-05-08,61712313964.6919,15142506242.2945,404774330.595035,2597154210.51457,191858931.875924,231863021.601428,,,,1809428384.18269,13708649.9758088,30659849.1034761,,3916084730.71765,537632637.924512
2020-05-09,50955646313.4058,18337241719.8877,341410123.18382,2408353529.85858,218227143.149949,233587352.832815,,,,1794100613.85963,8680941.51595595,26097397.1075672,,4217003531.18247,493889890.130646
2020-05-10,46706541180.0987,15514402336.3246,373684312.151771,2545120609.5793,184494302.322789,232331569.785867,,,,1721355759.61132,7948415.42270427,21407525.6673998,,5049271558.29356,619203216.988419
2020-05-11,61704475184.5331,19756507796.2474,437921979.775752,3090382984.65624,278084415.503147,232503916.472559,,,,1805326067.21615,7149057.98074001,39906909.5751629,,5340110262.1801,710157810.083143
2020-05-12,57996080837.49,18768379406.3877,391877781.016944,2435998568.35098,252481674.090271,225533469.665925,,,,1822723853.70222,10325950.4443328,30580545.0785461,,4742928631.6946,582278394.800173
2020-05-13,39515455755.7252,13706747451.019,370701815.990335,1955868887.26277,215164699.561737,203607474.54132,,,,1712073981.02937,7042081.66671043,42499623.0169673,,3482288405.81519,395997658.033766
2020-05-14,44239951916.5232,13403589148.7619,309359496.969878,1887395769.15495,187868068.473227,211321832.637972,,,,1653513474.38037,8087532.38868655,58637596.1942697,,3280339691.97826,312606109.867945
2020-05-15,52076585310.7239,18153298514.0182,309626333.98877,1981280575.95537,151357757.557357,230680148.757649,,,,1530414820.57262,8706371.38821533,68611576.842201,,3887514655.1076,331927064.840989
2020-05-16,44866846516.3797,13130818660.2412,311813810.49337,1861283854.62,139782173.015196,198862295.417642,,,,1403893409.59746,9354367.81630684,39782503.2533446,,3296852401.55426,299850208.190067
2020-05-17,34146492788.2906,11676763398.0632,312867861.068481,1618674614.03429,126071103.869464,194713613.449864,,,,1404243132.33896,9475305.5443195,42893039.4430382,,3079803668.83228,286747046.970711
2020-05-18,35650032953.9699,13449821514.2674,275407723.455797,1540402812.72567,115579145.646551,198445361.812931,,,,1405846453.29929,8127512.52648123,27418119.4419351,,2325187352.35056,279820845.726812
2020-05-19,38922896809.9544,13342260442.2975,273184898.2741,1746308904.97459,185350802.406656,206083120.890244,,,,1416185121.83329,9254878.0810783,28398879.6090362,,3490882256.10176,305786315.551102
2020-05-20,37077538114.7209,10220660537.9065,305892968.059999,1785715895.53007,187764434.936109,122220132.335411,,,,1454254472.00981,9019321.35022491,56333738.2673807,,3237090984.24498,264429571.89202
2020-05-21,34829170074.8249,10429639020.8029,288053715.173969,1733979832.25888,202446637.712151,116334207.7877,,,,1441611486.67828,8690014.64330979,43371532.9622503,,2999653351.80216,539046005.904127
2020-05-22,35965016693.7241,8110302356.37086,247644529.329857,1544535157.99589,232919935.622731,135564016.302176,,,,1379241041.93335,23020066.8663304,42411059.0439178,,3293052313.87146,501071524.284681
2020-05-23,27700943119.8372,10636959193.322,267131549.193273,1454970548.19931,185615336.259887,142767321.295912,,,,1436058070.36623,28011973.2075493,27202628.039485,,2780123514.75617,402968917.431977
2020-05-24,26159735072.0839,8524288901.14894,261935069.894808,1249075196.47905,127428419.325405,139842299.823929,,,,1389040237.34811,27131894.1691788,23929080.4829645,,2698378373.12795,371859301.952243
2020-05-25,29437505507.2037,10782742329.0074,266690358.416699,1289364325.31797,105461558.657822,118180701.639778,,,,1375780653.71612,26339473.8946817,42056076.862028,,2537439427.52171,365251411.156625
2020-05-26,29130957734.1038,9317131818.62538,250808033.57115,1572175495.2174,181811841.108318,150073653.843411,,,,1379789255.31176,28610341.7237325,40954089.4585952,,2680668009.31052,350051773.338769
2020-05-27,26860828302.6154,8593529312.40325,243698612.370505,1392748661.82911,161611425.737187,125833705.391945,,,,1300413161.63068,24599928.2207221,108953532.941516,,2206699266.99871,321942842.641485
2020-05-28,28916177009.8906,8773050350.18307,271999812.2086,1358329184.31873,189893992.989053,135729333.683461,,,,1263917725.48867,32489139.3692434,109364893.926642,,2426972287.12604,330572381.620224
2020-05-29,31771100326.3334,12329460719.2911,289518116.623988,1499537828.1719,372917376.394849,159726412.076323,,,,1338506789.09205,33049097.5198714,70544208.6960807,,3509187514.97112,340603494.36268
2020-05-30,28880265574.9327,10335270102.4997,253571349.508559,1388432175.76698,416498091.001414,135246773.456768,,,,1251015680.17304,28808982.3868559,61686033.6142139,,3514509145.56921,355441863.531403
2020-05-31,30231487421.6443,13546265992.1937,302824541.290146,1464684241.18812,608232672.457283,126050717.591113,,,,1533761388.51896,34579233.2814167,64304969.4771146,,4294278463.71463,381073274.833587
2020-06-01,27396663221.1523,10887047331.6017,297854669.422354,1594357118.59127,890049224.235283,121116975.442982,,,,1587157916.87522,32024222.6689102,88350182.241088,,2859376480.87914,413280687.764899
2020-06-02,33702539853.5091,12532381844.2598,315491464.565602,1561471396.25053,721638304.951558,131305278.958164,,,,1563515326.77311,31886585.2787591,64245651.0142148,,2817737817.35561,519730600.349013
2020-06-03,36841150778.6441,11228877888.9736,271525033.778354,1737361211.06045,609498641.15416,131645486.661207,,,,1515801957.45491,32923275.880545,51453760.0069643,,4178052608.68921,477461395.562923
2020-06-04,25222025158.9551,9023955445.45879,254801494.104169,1256977102.30948,591308386.116011,119884831.400273,,,,1483993240.38882,30456804.4938543,29545401.4533453,,3481424534.26925,379404437.370906
2020-06-05,24903069188.3972,10063518956.5687,257877264.187993,1313145139.90274,523154541.011327,123499973.387556,,,,1452845364.56131,55183680.8855684,34163772.4362673,,3179699668.79056,337941974.560683
2020-06-06,23447982002.1948,8222827212.49417,273877565.926019,1297990440.47107,409862454.040934,126285010.675122,,,,1414671637.70993,58900713.2682842,28837522.8827452,,2845457222.62783,311874773.969382
2020-06-07,19374357195.0604,7581565794.82806,220115765.149813,1058657481.00923,269293377.526891,113261241.697058,,,,1433590232.1516,50711097.4684037,18448017.9935613,,2300843610.47893,295708503.377223
2020-06-08,23856639264.7625,9398819027.55079,222645848.716875,1197102621.53504,373943526.849312,127789278.619512,,,,1703435010.25973,50693952.1156067,21685499.4981003,,2552246875.84681,311445857.250343
2020-06-09,21154971285.0914,8129322897.06584,204601412.024599,1251561325.84465,280640845.237455,116658893.077834,,,,1593155924.27409,45763159.8771325,14203268.5490499,,2561344013.69716,317759286.641576
2020-06-10,22844271951.2062,8592468949.87452,198081099.239138,1328042189.95446,278434928.637977,110545343.997997,,,,1443804596.11965,61027578.7885013,13032339.8466452,,3193510585.79139,331261864.238177
2020-06-11,24398738299.6508,7584308101.60202,210381520.46038,1303802102.05595,400552079.722212,120182402.651026,,,,1379925951.84114,54031565.18757,40968426.2246615,,3422385305.48548,323233687.576176
2020-06-12,31225155444.6198,12109538778.8249,210778571.134091,1464763764.67712,392139007.570158,124324062.614022,,,,1405377507.97534,53099481.3788506,33045214.5282854,,2820426386.44882,387415113.796141
2020-06-13,23601462338.1387,9191505535.41617,220024360.070019,1332835186.64519,316486518.037381,139660383.029902,,,,1362327721.85666,47646029.8203159,17600418.1029059,,2329018410.43762,354659179.454114
2020-06-14,19693461096.5029,6588386730.1115,207559002.935205,1187813850.73134,230572695.569594,130467975.697214,,,,1302042638.30508,42668490.7609639,13988798.2193147,,2050407312.62005,286760300.257739
2020-06-15,18836155988.9017,6517043494.31725,190361237.146404,1150138451.24048,197636305.954426,114283771.519572,,,,1252357106.09923,47705531.5098754,24981443.2686881,,2009320793.69202,276919480.576613
2020-06-16,29160908896.8968,9539612843.33475,195644814.421093,1454758196.37848,388081290.112849,148884119.8148,,,,1244045342.63777,47015837.1172706,25137143.0589348,,2515707646.84729,402905533.43531
2020-06-17,26391020757.0455,6857067974.87958,197505707.134969,1246601572.70748,289705109.809835,144231710.132775,,,,1132149260.0081,50075569.1628202,17390124.8847164,,2052834375.88125,326104909.566094
2020-06-18,23643218251.1375,6079869078.29023,176497164.579658,1319933194.81069,359419229.514679,133883371.508248,,,,1133725979.91931,45063602.9150611,21647473.8947175,,1995783751.56411,313135294.262056
2020-06-19,20601074385.5032,6063250096.3478,164635413.13393,1163790865.03044,307344572.75563,116189638.19681,,,,737522933.44526,45670347.9978752,15722976.8557101,,1792134310.26487,304059278.850863
2020-06-20,23738525501.7188,6840801770.22928,160644324.961006,1194918136.10655,270047826.899845,129030058.422914,,,,712929602.153105,45687969.666563,15600231.8015361,,1821276775.26071,285297050.230811
2020-06-21,19774464252.7666,5400222130.45747,163099721.25134,1064702970.54537,230329244.570248,111854349.708897,,,,826582805.265998,55301078.1993884,38316068.3489378,,1776997747.68631,301202444.391023
2020-06-22,18986237382.0537,4995955268.45639,142296013.712793,1015362822.01924,224072749.589576,111928120.555298,,,,852945088.087552,53549619.7592901,36890834.520609,,1706814202.45224,258156155.128636
2020-06-23,24768621256.8389,5973345536.20729,176844093.986658,1031254003.72204,273172323.000315,130949233.954459,,,,667510122.393012,63056173.2770407,27632827.2946973,,2111721648.57164,357854657.931649
2020-06-24,17756804210.0553,6291513184.39515,159228450.337588,1139321571.81652,246206144.071351,112014388.847947,,,,702732458.330919,73827673.0758663,20933372.1747994,,1976317414.89197,542944889.901457
2020-06-25,23183760291.7544,8149316604.9254,157180736.403533,1180122764.42425,371569603.934856,131959061.527568,,,,503498966.124509,63467451.5323128,24204954.5777601,,1992768095.43346,475609777.271026
2020-06-26,23499175984.2167,6321009243.43231,135826468.64634,1065596334.92746,269825228.468881,109759531.738246,,,,448186721.876564,61763758.4559869,17203243.5866933,,1757669586.2048,422221755.30559
2020-06-27,22429204010.6355,6513998360.98855,139383327.089051,1282600124.60162,233820453.330951,108353614.971753,,,,475506747.327484,56728450.8957043,20176252.4822995,,1763707208.91195,361056840.599121
2020-06-28,21515626881.0978,6164981016.05819,148605617.125738,1203944528.55541,219669559.825509,105652715.617402,,,,507096448.062754,55927999.1633518,20454447.9995858,,1759210689.26645,340196440.677727
2020-06-29,19665935216.7015,5641785424.36611,155023700.987053,1184828112.23073,264994501.718352,126780703.760633,,,,459006108.003034,58109574.979265,21700409.1583158,,1679796638.32276,318863797.564157
2020-06-30,19754459582.7472,5792207632.62134,162349712.653785,1162669419.69076,342564753.222628,121204871.884929,,,,646557124.003631,65656649.7848916,22245016.2104575,,1714097717.9814,303532098.077994
2020-07-01,19741435780.4858,5282884955.51892,152275345.610085,1042249688.52778,267609405.346458,124372837.124588,,,,591774929.451636,65566840.777065,11981680.0809343,,1643317016.70424,267117660.055236
2020-07-02,20005031554.019,5307320170.13624,150816511.486078,1164143368.35593,499091138.290284,103350654.910358,,,,616158741.686077,43338470.8438664,23037794.5597724,,1645772709.70742,311768666.258662
2020-07-03,19379463385.2967,4427853855.20881,137641601.158973,907150118.059732,491140919.587985,63481908.2753045,,,,462569575.747161,69214419.0355041,16765308.3505759,,1590253392.78893,397335690.532859
2020-07-04,17420495829.3943,4553181088.14441,149724446.669635,965079482.800586,526680394.654738,63141653.1975709,,,,495821952.275124,70157552.3920043,16892652.005981,,1592352107.98883,326715388.44803
2020-07-05,16643732672.6921,4910504255.51121,162034682.786837,1028972055.39264,400371435.833418,66586115.9654713,,,,543274191.53154,68744469.382984,10798703.1222883,,1571103024.60424,294148297.086984
2020-07-06,17324463886.378,5250547694.45769,148849664.418773,989670839.242055,346363919.196568,73147492.0346733,,,,554456986.653531,64724651.4812842,13360864.2137635,,1646466976.90241,298583982.40187
2020-07-07,21987059041.6893,7214622724.05819,158082223.971923,1449017121.48829,436788456.694111,87267637.8248381,,,,921020217.818239,74639158.9617258,15841089.2974138,,2254171616.62394,585202119.084547
2020-07-08,18945747769.3174,6390063707.9923,199544301.540382,1118759148.37247,679767221.402491,221702331.555587,,,,608457447.444631,67516964.2293552,20957945.0293088,,1882965322.95308,751909301.771891
2020-07-09,20708592426.0349,6855809513.4315,212912177.013621,1887140940.62397,1307477330.24697,1160341959.73938,,,,660210213.340552,71175287.332455,33561711.2375094,,2066360418.01605,935955667.274089
2020-07-10,19480413474.2362,5454877568.35448,182521636.964856,1805510389.21956,782809685.258787,430964505.395976,,,,704046055.016184,66899658.6403128,27862827.9783223,,1947961961.16793,702807726.837021
2020-07-11,18224423467.7428,4948468762.53656,176179742.24339,1271305899.55348,631945552.281078,277250306.088067,,,,577405929.454603,66407775.8460559,21973094.1504858,,1798842625.02085,590142034.398459
2020-07-12,16167064476.2829,4350900773.68197,186529499.806657,1148229968.00595,510001724.344634,201664365.306407,,,,512280792.696106,66507807.5925184,12761465.9777839,,1587448444.77614,415749368.050023
2020-07-13,17173962879.6877,5293860444.7384,232019605.636724,978263600.595568,464305800.572386,129403955.594043,,,,454863886.448334,61488377.9059485,11461288.7749167,,1638998026.65906,987375355.532445
2020-07-14,18245667827.0054,5773853723.2969,258356560.206465,1295450904.93739,675300170.161546,179141961.707282,,,,499360159.020809,83236095.5617301,36280162.499967,,1838792808.18781,1540465424.53924
2020-07-15,19147263017.2295,4794731175.0107,210848062.367237,1229683954.14169,567252700.233524,140953982.77233,,,,461695369.199436,60745930.9375522,19836564.4294899,,1674868104.60822,1234721579.39599
2020-07-16,16565948994.9062,4622070139.0844,168240728.715791,1087859005.57082,410697605.826392,109574218.628175,,,,408745006.626457,66414511.5411309,24658283.2023814,,1559001968.78874,1198228722.89325
2020-07-17,18760484380.2763,4836661397.80764,168565071.742565,1142507498.21318,543327338.958933,119584581.520607,,,,422135832.367529,53694701.3523081,23410612.2794382,,1703460460.65377,1104958864.75054
2020-07-18,16500659021.7564,4344879745.80715,144813495.017902,1006735467.40079,332328276.113548,120670354.185577,,,,349825832.71934,59846934.7927949,11560933.6797641,,1392545104.71687,672319415.118879
2020-07-19,15638459042.9034,4349365185.33596,140702673.069495,977356287.692458,314371025.114942,245241741.090914,,,,350748248.143054,65769848.8758835,9014516.61217963,,1381806617.89145,720070455.769232
2020-07-20,16085385661.9844,4452847140.17701,215049200.920589,1234247613.98023,308373230.992111,183481047.844784,,,,356489012.273457,62156119.64048,10604757.0146828,,1638410590.466,546422207.648977
2020-07-21,17080393205.3461,5152984578.1267,216275927.693509,1231350389.80748,306182004.660446,158255255.360493,,,,351985299.629318,64731640.8158295,25180271.8049142,,1560668363.88932,653768966.943604
2020-07-22,20048075731.2511,5121955556.19602,188660804.881085,1211211329.91526,339573227.757664,150316468.595422,,,,361913726.349765,69230899.1269426,17694528.5232416,,1800125642.48987,664093910.408373
2020-07-23,19702428931.3286,6556501920.46799,205429162.148269,1088497490.01781,244764116.649356,103035469.486097,,,,359711701.36224,65269225.8804016,11791999.4782855,,1778985382.96057,625158101.953351
2020-07-24,26966148756.4081,7634745874.60055,215334638.413738,1558970692.85916,297997215.640124,108172720.387007,,,,403711887.656802,69643963.7633876,9486898.13256988,,1862055294.53947,731036139.607377
2020-07-25,35810926084.9432,7547527176.12841,258626823.269848,1451104338.10776,287737557.759663,112909917.132722,,,,410419748.865482,71808514.5455723,11432022.1141782,,1670450607.5307,541706400.82116
2020-07-26,36726067828.3661,10358352414.1431,272679558.317552,1348536567.26298,686218774.356501,111134958.558998,,,,458963452.594836,80383759.816942,9822414.15343395,,1552871250.84601,551275176.057476
2020-07-27,19713211084.5617,10227817625.91,256257974.037928,1517041766.20155,844199808.759492,106754750.660786,,,,480096557.888283,88099387.5782978,13005944.137947,,1531026627.729,685711097.344792
2020-07-28,34694788843.5901,15060479190.224,343447724.241531,1826151829.55924,873873656.549958,116948209.713807,,,,596477059.226893,109739884.430475,30514081.5888741,,3176101338.24169,928341186.034733
2020-07-29,27637575180.451,12462060871.173,288337828.921661,1862380443.35007,696233206.706044,101675133.595813,,,,567606423.271838,112162484.246639,24573097.3898066,,3602533930.82981,589860225.273959
2020-07-30,23642111784.0485,10343143710.2741,207031363.721037,2015964293.04644,506618734.703751,96494494.6429973,,,,566405740.287148,114621174.61715,15459977.9923826,,2570970686.62751,560189764.617881
2020-07-31,22265381996.1867,10534706857.5478,199617619.827623,1678463250.12928,333709527.124148,97619245.1701355,,,,471886158.506874,101402467.338824,13961239.5756174,,1939535043.26905,581326583.208654
2020-08-01,22329797905.4416,11638423647.3909,236980556.884167,1847648958.49979,291750874.017149,87495378.9359398,,,1426169.43226628,477233638.710751,109621580.455911,11445887.5461676,,1828009949.66009,639095620.364677
2020-08-02,26198946496.2778,15379516251.5158,277265421.70421,3150860709.84923,438971971.081411,189722236.957982,,,1426169.43226628,652394215.635339,121143947.468054,15697021.4982308,,2417946564.00289,739659555.496412
2020-08-03,27584591853.0697,15202899455.0568,315451499.933223,4493672388.13633,457580728.099978,134791619.618506,,,177320.865166076,760171827.05939,115599223.463751,13954050.5265588,,3809715753.39748,1168986058.69768
2020-08-04,20583344056.8415,11174150665.4107,279416796.598029,3166695299.03924,312669927.457732,107337870.170524,,,58977.6663060392,557371150.4707,94073296.5040821,11405905.7559388,,1704580803.65506,629069515.830528
2020-08-05,20527193170.9636,12113993540.4585,246028383.432916,2418576841.79531,439624545.425134,119131130.286752,,,18923.9795476215,522799353.358761,93984644.8422631,9368871.5990248,,2611350190.4654,1220826879.28986
2020-08-06,22359870185.2091,10578439440.4591,350188271.629414,1922038117.72649,346798168.782157,118440406.690358,,,37385.075817771,453400938.356028,85116471.6896977,18302333.2573808,,2577299972.87418,828157396.56951
2020-08-07,21793317050.9686,11175559421.0282,262793562.791695,1861387417.2003,362682786.146775,106062511.956744,,,7544.52582170642,436133582.205472,75988081.4692115,16917053.2736019,,3214310111.2813,798423865.632311
2020-08-08,21624736673.0799,12469778424.9495,334483626.114487,4636202683.78363,801492250.00136,172595668.738896,,,15823.4989964789,804041444.585282,84809195.1160784,12961754.7600571,,3881141316.62021,963258418.756134
2020-08-09,17286825185.2175,7446547697.81568,246134097.375993,1988635774.0524,404731743.471791,174507223.343389,,,13647.4660568994,459238572.579739,84986086.9583347,18450536.3609296,,2738962855.10908,2167615963.2356
2020-08-10,17051550190.8147,5940323179.04179,224819393.091366,1915384481.29948,612633435.108422,156911879.50561,,,4717.767152173,488076051.488363,76031906.1757185,22316147.0329257,,2637462983.77968,2338917621.71807
2020-08-11,24145919191.3442,12717549263.4028,241187735.457587,2553724778.58556,588680543.93627,165789779.000461,,,5607.36054235144,649608333.991192,70719507.9976797,29025315.6925124,,2938174929.16598,1714441010.91052
2020-08-12,24448699831.2647,13124713653.8153,328915622.616668,4975063105.0476,832571102.326479,166589721.132631,,,2837.60297858662,854585599.618352,68771592.7288218,43124348.1119388,,3074630256.41887,1367386268.1874
2020-08-13,22803776234.9778,12808587803.7731,270049274.19051,2427549933.57549,412298624.76101,192483772.677346,,,1728.22673935608,542145649.414076,66322733.5802188,28057198.0848719,,2981521224.10552,2227512438.93554
2020-08-14,24755770184.1385,17422050835.673,286251052.123591,2478119401.75201,429550504.600685,186884064.620405,,,1890.90421189765,785643125.738679,67124963.3775946,59211362.6970803,,3069481904.00479,2817371709.83964
2020-08-15,21650925951.9968,15546677422.8154,385009628.817758,2173076304.21607,458978629.788615,168616112.5324,,,3519.7552797612,941671557.855794,70057998.0682662,32878217.4284575,,2902701710.25796,1460627126.87206
2020-08-16,21285690552.5155,10265309385.8573,283594972.625566,2605016821.86022,454859334.045956,139339381.521548,,,1486.51786535316,817497747.813689,70573770.4457599,62309839.4521569,,2999454103.72078,2235889177.65506
2020-08-17,19209711614.4085,12680404379.0261,284809741.528669,2521984969.29818,412928069.042037,153938645.150009,,,503.514835358124,1048206012.91848,69490387.7845157,32303413.6667827,,3152509870.3657,1424318530.14582
2020-08-18,25481896190.5557,11697848303.8365,280196303.511095,3420857738.93874,550014396.06235,156313175.628757,,,545.779299405479,1205602497.47159,77288494.6311762,52929056.1642636,,3452556433.3721,1342388225.36037
2020-08-19,24825715158.7055,12062999738.1373,271410617.348844,2727046213.83849,489748686.651218,164627570.365832,82413981.2968112,,154.373247514824,1369923734.11545,70709815.9041465,33305891.5849928,,3165586546.05539,2501875380.81402
2020-08-20,23384200655.8889,12854733824.9459,240981711.802461,2493335942.22432,490727213.113687,156615204.076723,82413981.2968112,,3861.52306981856,1284389744.94213,65661159.6855422,32365643.6220476,,3031783849.733,1875916216.7455
2020-08-21,20353349054.5915,10564357237.8218,253331918.211613,2370638516.83123,410697982.498588,173128139.120431,49511744.8846392,,2201.97552862698,929538066.144976,59792071.5981135,22158468.4742156,,2633518896.1457,1204713165.93123
2020-08-22,23406354443.0112,12518435194.162,262582143.533769,2286851251.4746,472861750.938877,175010652.254515,51233752.8271035,,3923.2414334313,883933358.588343,190156477.620146,31427836.439064,,2904068666.83007,2216924345.90698
2020-08-23,19572783953.579,10612983427.4836,207704017.557418,2079080814.46327,436863558.431384,159336753.374111,473920951.291182,,8422.30807101245,894903951.059058,110548661.742932,19624219.5617533,,2440990203.64274,1716166139.71426
2020-08-24,18467219109.1841,9775318835.21751,191951846.560393,1854462300.19402,393530785.777477,137749412.281563,335685225.44821,,774.386975084798,648995674.078756,70754701.0907036,10661072.2128803,,2240022601.68371,1114111285.18232
2020-08-25,20061559392.1033,11007565809.5944,198567502.875491,1854683294.35071,406394741.184157,155243881.13191,395502571.898961,,31.8774605399432,625236101.864903,76270218.0561992,26518018.7348223,,2353645546.95455,943614250.248833
2020-08-26,23423332918.9369,12857413913.1911,246965279.25462,2090806113.44622,498886621.439775,156830695.327746,729611892.217292,,368.191489750182,689992051.612987,77129365.7688765,21324995.38655,,2534258219.40328,1149145159.22708
2020-08-27,20869928785.8008,10454041361.3773,265829129.097902,1722297777.18654,448522382.033825,170734081.219782,853376793.311736,,576.216340315214,635597340.400511,70898776.4570387,21554527.74653,,2210986194.16284,1127473513.45906
2020-08-28,21595917446.044,10466849103.5325,298087776.590221,2044208784.58568,445998081.720968,169144169.74028,995432623.197182,,2202.30771845892,696363124.089998,65286002.4168757,18313345.7305228,,2427530006.70111,1013011229.60101
2020-08-29,19271253870.8299,10196208352.3944,275873858.950788,1662139152.0529,372495384.205716,183848935.595041,584978197.129855,,8720.86725023089,620546327.986486,64519702.8366826,11552718.7749634,,2235597479.2644,821869587.003274
2020-08-30,18415439613.5389,9631959320.3906,224020180.566247,1474071862.25687,361328837.396472,193821341.125717,407313299.860151,,4602.64457503371,612541772.762102,61780119.7667824,18503185.4919066,,2152086926.99585,1280573997.39518
2020-08-31,19909556666.6014,12945668314.9601,242465281.072543,1797744333.94322,380535420.595328,176682135.608814,366896197.489823,,42877.6039054687,864677654.765735,64179421.2452072,15997642.8617563,,2263381999.74443,1345545533.33976
2020-09-01,21077276617.8664,14228693735.7465,226364373.295741,1713133363.51427,462276340.225975,184353787.465883,430398059.719262,,7112.14705042854,1063299339.91027,75618462.8744138,14518132.972764,,2287614607.28877,1022273061.95761
2020-09-02,25232603061.5349,18804560687.2811,464622720.86446,2200424987.25229,492424473.286955,188077468.070809,472601408.553683,,14509.0244603576,1743975713.63273,79453471.502548,18268026.0474173,,2907919130.72867,1119430640.59217
2020-09-03,26038738388.7989,19315593282.6343,598973209.744087,2141694657.22454,403602179.370552,119362426.6313,485766767.07349,,80410.0114037482,2943903921.14593,78144578.3226064,23511217.2969343,,2906805855.90789,1052965443.51448
2020-09-04,49411126240.5186,17364384113.1732,610440504.73589,1905179784.39975,447179060.006694,138600098.460078,630783985.045101,,81070.5827043387,4473930334.54849,69928849.0025157,19712084.8324576,,2163344973.24283,1217691299.77943
2020-09-05,27623487077.0688,10260946593.2682,513886862.983571,2213832554.25594,432365099.040452,141872359.200352,676657581.645937,,30175.6000178738,3974134939.43312,67266126.6254758,20356501.5885756,,2934458178.00216,1361694477.32994
2020-09-06,56430042198.6917,22254663654.4201,418830419.467814,2295524358.51172,316776337.674747,138532132.685388,595268790.854129,,7784.57815817533,2527204394.29754,73901667.915779,15872237.8510361,,3326936468.16802,1502039209.44818
2020-09-07,28801019507.3335,21920007828.961,755431632.907658,1877164435.4659,333667094.664731,160023366.510237,511543436.754037,,14938.2163173047,2118855129.13308,66124779.3957263,10895932.2135142,,2623521568.86999,1489069255.75554
2020-09-08,26560146962.2327,14769191933.8575,565967822.669189,1999444569.44221,322785626.065818,169336090.827107,365705934.983112,,6019.69151999446,1608501251.68074,66797847.9724929,10491919.7989179,,2688705567.98051,1393602521.50232
2020-09-09,47780699209.0924,14799132842.8389,569283063.035112,1836240274.30748,513444901.658428,152411543.572528,234920666.902606,,4121.15857512178,2033263260.35567,65085014.674576,8344260.57443405,,2510153000.26328,1031356377.90933
2020-09-10,21357083446.3125,13120851004.4342,467657915.786169,1664634671.01892,522884301.89236,115436169.987802,274399152.62847,,2559.15200961831,1469258218.2693,62092656.3253909,16887212.3226495,,2098899806.5919,918485634.540568
2020-09-11,77545788530.6144,74747424441.3974,480864281.378805,1707722753.41645,673573014.185486,163488674.721006,254092704.726026,,671.914919576323,1315955417.49748,61903274.504115,12567263.6942342,,2316799827.16689,6458298859.24326
2020-09-12,20796810115.9479,12937594458.7348,443497208.273533,1582869715.05863,658363819.705638,150887311.422907,212155209.238478,,77.8425954652501,1399988509.75282,75661662.4525172,11236729.831409,,2121869205.27118,755370409.764898
2020-09-13,19955498078.2511,11465259432.8786,722048008.602217,1419186192.16546,616070407.82291,134048169.56614,317307477.319774,,702.002676569975,1329738771.98977,66424125.1966511,9215642.77673025,,2092218039.23825,697980413.24039
2020-09-14,21057424433.4801,13172306578.9379,1204406182.07132,1590391766.85116,640311191.92505,132954529.999403,413410119.804753,,693.452388842389,1345876744.27392,62878287.2713574,12776941.7234885,,2172984485.67093,920686480.479607
2020-09-15,23526143436.4904,14124838468.3549,1073196306.90242,1606167309.67987,734506817.170808,146588554.092894,368584203.174896,,848.136090379869,1483336332.59159,66268835.9220671,9769581.17849221,,2340247602.53126,866885472.966643
2020-09-16,23802088944.3969,12209389923.0868,935693765.160359,1656784495.16544,678077442.777371,130436953.488941,301361216.948819,,434.22500357958,1554818739.2956,67191433.1747699,16804788.2269235,,2920181185.03399,843724685.265086
2020-09-17,24459086808.7769,13298202038.4691,711704644.22121,1770612287.32597,681410813.867909,155392568.247829,272070780.623574,,100.290684105249,1806748370.67967,63423434.3595579,11826080.9340911,,2506782281.58417,826223349.661996
2020-09-18,23547167125.3424,16748693289.5371,425105137.024405,2004021133.61441,655152123.786252,170633292.341253,299530704.4441,,1402.43183487077,1489040218.71749,61275226.5858184,13948706.8528307,,2555198762.55131,882139710.48014
2020-09-19,20681771888.3993,9883257470.92701,406378803.908572,1869517172.49019,585526141.405035,155984975.186128,218845784.128994,,290.009461712738,1749380899.64426,46867300.5400303,18043812.9628031,,2330963455.36555,772254428.123234
2020-09-20,18334274060.3001,11046298234.1874,350612365.606532,1705001457.95759,551088156.833576,157760533.215104,180793689.670157,,4163.88167502038,1458536038.10292,54038642.1953663,9509977.45564833,,2239596099.64745,600182664.667791
2020-09-21,20161733906.9632,11369621273.0593,370273177.60349,1633405640.58903,560728729.510593,165563595.523125,277405320.536445,,2584.72779685999,1408041909.6265,77128098.4217187,16289429.3085501,,2112612134.69511,663112228.281476
2020-09-22,23757059692.357,14837815989.7167,423273273.270814,2007044758.6877,504270732.833773,129491987.07399,376122862.04748,245857265.664152,1794.10180296512,1682398926.38417,48120368.6230097,30331722.1329622,,2250377281.83363,1104875992.21149
2020-09-23,19866578108.978,11967106210.5456,378103488.006387,1595971759.29371,359254513.480188,109840858.138766,207312314.250669,245857265.664152,463.421001329573,1143586311.27255,53980717.797906,8462496.37778784,,1775160520.95576,643801777.097304
2020-09-24,19981974722.3513,9839917613.10915,347342769.967389,1403281426.56007,339256966.55461,87446068.0380797,208272484.131943,97342432.1748253,491.142472222952,1254630581.65788,60393759.2803629,9968564.61359823,,1655127884.17663,929710655.61352
2020-09-25,21348447554.0925,12209550797.2332,373755511.943224,1649632989.81353,404377685.794959,122307586.184142,212165515.133046,69665168.04927,174.907503823224,831142491.026415,63600997.4559569,10175194.653964,,1736054574.55411,1540217811.91108
2020-09-26,19119761059.4755,10740036294.3291,353550737.404618,1460716986.2119,591858440.46418,133860798.522136,176573807.95553,41950754.981255,209.756239997726,1225221035.08018,61266589.2625272,8582585.62195566,,1782948509.18348,1484369605.67102
2020-09-27,16886146730.05,10859942552.2106,360614333.507424,1333243982.28336,444216426.152459,116122723.580371,124028159.4728,21176150.3920539,250.523977833985,1113904299.05488,56948905.7145954,6891469.90068613,,1818748540.53789,1050829372.07265
2020-09-28,17639951627.9488,9973839924.61242,346164386.639037,1195058238.21782,483494711.896659,85237003.6420597,123873259.311496,17356907.9705563,2555.19770787302,1127556121.47828,63226170.2862368,8521691.99073061,,2009588128.60415,918848733.184377
2020-09-29,19869963340.4855,9818467156.62804,409745128.155013,1470905663.83882,518815539.502626,108007301.810422,192688341.989302,14748322.2915313,633.270599124416,1049455071.51782,60305509.0162777,16963440.1794174,,2203451327.37319,885135142.631499
2020-09-30,18308943800.639,9708794838.84551,470569222.742515,1401216766.16206,483215932.46242,117696788.01587,200465046.665229,12477984.3595061,247.34826668342,880412927.626059,60329118.613177,10872262.0779174,,1984581633.84969,1017542479.02984
2020-10-01,18558607662.6852,8037484324.98059,443200921.296716,1349173492.01338,419980897.912492,113949670.58043,131549097.16662,12785136.0914807,503.639118559294,856393920.857469,58278766.3570576,9684105.77716774,,1951827124.33198,710976387.923946
2020-10-02,20889752499.9589,11835729247.8518,443482779.605324,1415368386.55523,461060573.779115,125254206.495543,185800897.379674,17312305.6079664,301.158801340273,839075250.118916,67064744.6037664,14736445.4606514,,2153970001.79494,784707030.427302
2020-10-03,21258724984.4758,12194440257.5243,476985560.963285,1493443327.18301,500670142.145548,137496941.344902,205627933.566336,20480180.8147552,12009.7286889458,950172141.214777,64615281.437535,9450359.84142164,,2162868381.60112,923342256.97165
2020-10-04,16039831144.9375,8933121301.40709,388752523.406471,1145307260.03631,367633066.875519,127186814.301173,104601491.589375,8157800.07357285,6997.59886485085,1059890000.59608,57228334.5345883,5371810.38963466,,1657827678.28255,478782923.508184
2020-10-05,16029160487.5592,8905022839.29491,396194635.612453,1473868105.17068,377484663.206758,103115065.462113,89731299.0932675,8341041.06274882,10549.3459068686,965646276.348475,60718749.5397146,5536939.73348399,,1634751025.2849,472770941.62725
2020-10-06,17853484006.2693,9285381014.80383,340780200.768531,1595356340.66136,392793305.819957,141202488.907348,132019868.424627,5274554.21360864,2491.96867817937,926238182.009006,64901582.1310027,5653050.86102915,,1752595835.87825,634633068.453014
2020-10-07,19419734685.0958,10280978397.3004,395033652.70383,2034209028.9786,413991398.259803,116780007.821214,210625817.43184,8620566.60756228,3949.06541091676,982640365.897433,64797972.7975998,8999098.81821204,,2004304555.52589,566870000.367181
2020-10-08,17222472599.6063,8044228155.8197,316761178.072959,1492371196.00735,366881297.850949,126750694.875717,216001362.392538,10136144.1527252,5192.55014295816,773280902.808897,54181051.2211249,8588623.31849286,,1790178027.38288,539595821.298907
2020-10-09,19767968267.4629,9330978624.15412,344379052.546212,1472564328.77164,439008699.111788,108287118.303668,214716289.57457,9112782.41537247,763.986694260985,841222647.951265,67632756.1692637,12129400.7969018,,2191894269.15089,731690284.534772
2020-10-10,19254933802.1057,11301702589.4305,338942258.571699,1554527896.58538,501320948.735826,102421984.712629,182371173.030738,8083299.11065114,1272.38663749161,910975211.630212,60481633.7988932,9914888.84463287,,2161716957.41377,841344234.0404
2020-10-11,19496631246.2707,10673988207.8788,327974396.036247,1490278457.41881,591635072.981393,98879401.6997614,163446062.411008,8854861.44474014,302.918427610357,963283977.343217,71111409.487703,8508100.19789001,,2298416794.45784,731682104.354104
2020-10-12,16270141989.7327,8000631027.64407,306144831.547913,1296567088.11271,497461943.029027,105760362.354238,124735788.709125,6653417.80016732,10.2999184480977,741684564.035041,66964034.0907919,6216598.718809,,2175768516.01275,674844376.545381
2020-10-13,20957733313.8649,12458841248.9299,501643095.280693,1604712335.90125,564323082.763194,98587197.6516763,188455914.277421,9407445.18874686,109.997392660969,897401134.322911,62141080.5996656,9021148.97789474,,2181643812.22756,1050649934.82637
2020-10-14,19556025069.3974,9741612768.02954,406898662.767473,1614693932.09239,577952326.460731,81979158.3117683,155609893.329725,9879743.14258878,1160.16801611394,791416994.755043,62926898.1761527,6440785.52057643,76095809.6422983,2682807840.94718,789814609.781428
2020-10-15,20441486195.0237,10673398919.618,340246039.761715,1443292568.18264,505567704.734604,92411042.5393818,168709011.562248,6324588.95550557,52.7682723707059,755805045.954418,60860645.9004569,5324181.75947634,76095809.6422983,2149713345.9704,725814039.755393
2020-10-16,20511481706.6636,10155629419.1164,377660568.150323,1255528005.87362,387251336.263032,83563068.9093493,143464781.478098,4178780.24616048,25.4460326058261,699495000.910698,65259890.9656154,6026819.92224737,25157383.0269155,2752428835.78719,620117587.253703
2020-10-17,20436703034.2392,9375570544.20364,407813529.037593,1284609568.43133,391236816.544751,114388487.423304,161294195.660317,6092849.11665656,176.891365270499,704022988.5075,62752820.9706174,6622879.18426289,30248557.5504188,2848439363.67198,594710808.733213
2020-10-18,15650920221.0999,8087278469.47376,281729618.254063,1001465502.6833,345640059.133873,129773084.686947,69398889.6886668,4016426.54529132,44.5222235062623,539961291.132538,57327330.5831379,4935940.30792077,16722844.0273814,2236297416.65618,386831124.97618
2020-10-19,15569792414.4232,7527761590.19442,305775892.063601,1091102779.58053,330911336.041534,74475416.6502082,84816935.22138,2393108.02469247,3.74811700699371,539944893.381477,76451894.5445807,4683431.84398206,9335022.17417277,1959040770.36592,410311884.039066
2020-10-20,18121468516.2719,8995049004.81075,292131231.632585,1123099540.00974,321415067.347218,89163323.2190565,95007120.3222518,3814046.0500186,57.7946626045632,616969107.29124,75211707.4636576,6330955.82331,8205676.95288683,1964198969.98124,487782819.222666
2020-10-21,21431994055.8289,7492023938.77578,366817435.259406,1058484216.17473,343169733.259041,59221115.1300687,148089643.502115,6488499.33839129,525.634222595598,932476344.581258,61930579.2528968,23456470.8618112,12918716.8095477,1993396698.43865,642319477.21929
2020-10-22,29314287990.069,12728437763.9169,378415820.34879,1488427410.24113,367380015.641854,41535361.0998071,174236165.960799,4093830.94320373,525.915885949286,716434122.018558,62430568.2390763,14396472.4995431,12198251.7945376,2568569553.08277,811285268.165209
2020-10-23,25070864646.7649,12229478488.7019,363601027.96567,1809225301.74912,462511505.598006,44994737.5643583,146291489.188882,22188059.0923109,27.0969699758285,713734736.922685,67574919.0632876,12871073.2820436,10836905.8288362,2670507945.93931,1000003823.19913
2020-10-24,21379873277.5857,11171063368.7802,310854925.171654,1377767246.42347,519972088.278963,46544309.4563504,164831205.438014,17864243.5894532,504.735415111734,718294813.569598,56931488.5712806,7177012.95494413,7683688.27650861,2555456162.82289,835849730.291531
2020-10-25,19302801174.7585,9333976948.22259,230330957.950672,1065720691.88017,421211790.687,46390496.9558801,120332452.890746,15284821.365305,1374.21382105211,637848183.284681,48716705.496904,6260818.10729518,6682940.35183517,2213096369.47465,828951510.20517
2020-10-26,18998745579.318,8489563012.3623,213890436.168145,986772444.871544,356841711.584706,55959552.6747947,108292827.394825,14195022.6698768,4.41715042806215,520935156.883484,43934945.4670748,7179104.08608368,21309666.221524,2207292506.06321,695353827.706088
2020-10-27,21507619985.6944,14982520071.0045,347858958.916376,1502596188.40106,424406451.709426,102845432.316036,274074972.020181,20491070.6355368,1123.76242531219,745584132.812543,52369790.6401189,8920967.16041832,14097950.5823354,2474259039.89148,813172943.463895
2020-10-28,23918511528.0691,10384433736.8521,418613518.226259,1466043827.74959,448476360.287618,73738233.1934176,265898434.616785,15982829.4782865,18.7721878494149,678888197.66635,53066073.1992538,11956419.2038654,10230792.9637569,2496026345.82175,757211260.491769
2020-10-29,26825856788.1128,11312414332.8582,344046319.374732,1558391750.33458,464168577.069628,74612874.149397,202108505.006922,17694239.2518277,447.81330197851,669032283.975101,47614982.1820365,8876005.15877089,10642568.7855075,3144255297.44858,740844606.223222
2020-10-30,22860841953.8316,10294153382.8429,274519364.773939,1445411416.5274,469593310.856425,66466906.6193219,200320469.386382,19176341.034036,13.469050800744,745303368.971487,42753147.2359338,8799049.80454519,8819125.99426276,2563027388.27313,932003045.49971
2020-10-31,23482756915.1137,10598788554.5349,374739907.450478,1536363578.50976,466949288.152028,59934492.5474204,159228530.14781,25860480.2736275,83.246705817068,704077213.488284,44682986.6967548,10505146.99069,11040183.6762469,2671117139.12551,1067488528.87468
2020-11-01,22691200479.4054,9009356073.61282,256734113.187063,1338496256.23903,367673987.308528,59252178.2013751,91136861.7693438,18619900.7790437,168.999247260884,767531006.580101,44959070.6999916,5718753.05333962,6368696.96327385,2051939412.45807,934445822.276308
2020-11-02,19771957707.9371,8655139278.00086,237009570.978372,1192228486.98819,337986284.856016,53350848.3870481,81646034.9105352,15242039.9067394,0.937308335638296,608682464.074221,57473926.0375676,5427039.74796786,11301499.2878444,2010128647.61636,881305139.251297
2020-11-03,22630851230.4948,8492071098.35507,280531334.258568,1505085410.31965,385193189.802682,55521138.6539666,140951326.247562,17509659.1252088,640.819566960079,700425157.240602,47793446.2624129,5990905.25321683,17967546.2225066,2356689087.09272,847197209.405837
2020-11-04,22602862338.464,9513314551.14123,315141928.441677,1872205676.48933,401038375.490055,68660359.6822722,122070013.903054,21262489.6976741,419.004223637179,647916560.378398,49349712.2738593,8357623.35071262,6379271.70513369,2558719316.44096,914044040.781147
2020-11-05,25857225138.4653,11648560618.4892,268356799.917158,1835277991.81639,439427002.450029,69983438.6752254,167238369.006964,18553138.9383231,35.8919787457126,647211502.920152,43621205.9193822,8133341.5549848,6996812.97842046,2246250551.43898,820934792.008288
2020-11-06,36313255719.0233,13606373470.7651,319732745.841076,2015568105.52887,419487840.169391,70147423.3326983,147107170.647347,24893051.7147595,197.355637026499,758550823.965518,39838748.2473382,10548826.8311661,19169035.4927029,2545620012.3357,930988616.30907
2020-11-07,34523587704.5711,16264349016.8209,351340615.510579,2223426440.86853,584959788.10985,90412509.7925528,189796195.466088,31163485.6223718,10.58186908416,737410152.305819,48085733.6681453,18146529.7053099,15819152.7172962,2598426230.73134,1009583058.48048
2020-11-08,30369855794.7329,15146746571.7979,379171084.878783,2200117588.31593,648559415.760955,69340167.1603623,278868817.511448,30270381.1843266,,808437569.874497,46495118.3918546,18155079.0525345,19747665.7509181,3095410662.9958,1879811021.90251
2020-11-09,24082570971.8915,11155033976.4552,350090761.520557,1608358807.33728,460824005.014388,46106797.0668242,128160233.804154,24140141.3003752,62.3555102779493,597157790.190957,35287906.0153584,10851267.7337773,12033607.4791061,2487141417.45348,1144405753.60486
2020-11-10,29501754042.7826,12036099592.1292,367057927.762829,2036407256.19272,518814683.611984,54172574.1391654,140530467.268344,23732139.3442908,62.3555102779493,764023160.581323,39852583.7241345,11079817.6419186,16705075.9688522,2451699439.35823,1159953169.11608
2020-11-11,21918753732.6658,7873172432.58596,319364158.026448,2283102329.29282,461012942.818234,62506709.2260859,127503833.194428,23138653.7691658,,663760733.746102,40208821.6155728,17856499.2591216,22576278.9673335,2180639719.88958,1193516292.24559
2020-11-12,23990613793.2682,11456937853.5262,310574387.240023,1850729923.8633,433570799.796426,55166842.7768102,150334795.183118,22536447.9670115,1253.91884784828,670627797.675635,38857718.5608875,9684852.22011135,19195239.1742218,2083382395.68964,966215741.26862
2020-11-13,28001128791.2114,11096201853.1089,291419186.27226,1630173241.08361,415958086.937063,42492330.1701921,116847228.490387,23557869.4180216,1253.91884784828,677677494.636451,43280138.9914725,10183663.3637558,14963439.0727291,2237904147.11155,902382467.82028
2020-11-14,24826304419.5584,10814357418.248,311995951.623963,1990257295.66458,370453034.935143,49101076.2756574,114376307.5174,25158607.1128614,682.579844905488,612834261.675716,28600893.6874667,7801802.35350129,22913895.186391,1937415920.82172,799572760.803493
2020-11-15,22096608221.167,9774490045.96824,278005831.259062,2758537841.08983,372055933.618311,49169560.3134834,105545036.030246,22017841.4466868,135.455951649293,638371882.366419,30873382.7050532,5637551.66400656,19257396.934388,1752324030.88331,610131938.736319
2020-11-16,19184714602.5104,8946780761.30233,275640282.474266,2253509325.8422,308740738.195585,43634951.134578,101700104.1689,20663402.6026416,9.74432810726366,657249344.701303,29953490.1428058,7356047.19360416,26602325.1352373,1795498708.80748,529115167.92219
2020-11-17,24606359052.3845,9874800384.41482,299723403.714197,2619354064.0371,320419642.175136,65269355.5107633,134948395.121515,24334591.1124659,36.5717148971153,614383770.834511,28296605.3391809,6622711.19990193,29878020.6022778,1795390648.50342,647672609.687651
2020-11-18,31572384445.7233,12534266981.9904,348152455.143843,3708626433.35669,486808926.937856,66560629.1259404,262107641.97021,20241159.9864559,8.54199706609341,797296066.210851,32386405.9970333,15411574.5106057,40478046.0250266,1627328108.05699,904174069.075882
2020-11-19,40089857655.3107,15390748756.8477,352337836.813964,3536858599.25696,513742217.267805,62937646.1371457,231442094.262464,17514134.3531188,9.09373690243809,1061617079.34096,43930260.983951,15378902.9045157,34834185.403023,1715202551.62716,1614529042.07602
2020-11-20,30586797551.7117,10960245344.1733,358451200.443094,3299823590.0577,412896181.471624,74924639.1847768,254597411.677097,18593948.4680453,1.94012315705352,762903574.113222,38519462.0100277,12203249.4053563,11446747.6812808,1443384691.95492,960742041.873218
2020-11-21,28731271104.0137,15567496836.7793,405663771.12995,4031626953.7116,531264881.5551,81530241.2227581,453367042.81981,22298819.945408,157.702094189335,791787366.149163,43751061.2027152,12407964.0732584,28095061.2374513,1801933720.50827,1116499646.7033
2020-11-22,31201880851.7783,17270632325.0762,525345854.530097,11568110626.1326,1080788757.97917,185253838.177283,434969224.624012,24540869.8099707,58.7054649681532,1650443139.35555,60264756.3136232,19147165.0390116,85227286.1793533,4035376397.53783,1509715743.72037
2020-11-23,33010231293.9588,20803203330.7194,525885402.072846,13267899387.4344,1813283784.39665,156220975.86573,402300034.374945,23855867.3137893,78.1375489314229,1569408333.33451,52622892.1885456,22305920.3070126,53281344.1997513,3575377229.56066,1458655679.18941
2020-11-24,33389683851.4282,22868894446.1169,542655453.148473,16337857185.5888,1583345915.53016,132541741.027982,459048675.401379,22559536.5276313,,1448663967.41237,56210214.0112495,25334654.2700921,41912097.6400367,4208888036.9498,1414490921.2642
2020-11-25,49429532567.3455,19964356486.3813,1096295979.16989,25054631707.6945,2041517251.62369,274092977.659285,495215338.307719,28115103.1014591,,2569591004.38736,78587386.7484638,28665858.0868355,50983358.3519749,6278555299.1037,1858373607.70916
2020-11-26,32146102840.2775,15178975818.6502,750470552.585782,15881817933.6911,1262110958.1464,188627821.47825,338334053.351565,25307273.8064256,,1773571298.88366,72069366.1786646,25576496.4712232,42363338.5607938,4089854911.54585,1139479686.33295
2020-11-27,48738957776.5203,25993581649.4012,822530057.441335,16365178183.6815,1613109992.22798,175112452.390645,590290526.546171,31985791.2998618,8.79189666054797,1777378516.47622,67790391.0188525,30021815.998623,43224751.0777297,4235497281.95738,2283375184.34922
2020-11-28,30680336583.3428,14714678172.4044,449165862.38469,12327164429.3797,1075587570.2618,113629477.967032,348738180.879286,21862616.1122898,8.79189666054797,1098295535.90992,54390309.3061846,10074938.0126765,33171996.1076624,2806589688.76772,1130012877.76227
2020-11-29,24501260966.0463,9637463879.9153,438446980.130244,12099372210.0112,1570661467.27234,97440479.4053433,165147373.403016,16724931.7210358,1274.13449287757,993900866.551098,41818494.1418588,9265440.95486034,21757031.3379745,2803061054.65859,922765021.510691
2020-11-30,23940328528.7123,13623124682.2042,452491273.705423,9754558134.52496,1365586028.75319,84050075.9935894,180449728.825918,17252559.5605783,7.68022784615612,855564507.382887,40025146.5818375,9252437.32062763,19853294.0068297,2599660580.75834,820650238.347848
2020-12-01,36160827241.4417,18811269166.6119,485785914.128171,11254530543.0208,1526479658.45579,99796545.0013289,281162258.873268,20088310.8936372,150.358350246399,1022464009.47143,58061339.3509825,13198889.3783925,24850099.2537478,3734544638.38901,1206281280.23228
2020-12-02,38614628143.5732,23557071520.3952,540539151.305117,10829413534.0429,1454582580.93157,109457481.315358,283997579.194884,23096407.061286,123.133269665485,1325676768.11136,57778105.1086024,15020130.0910995,71847657.4335195,3801648074.75763,1269255035.42459
2020-12-03,28923102074.8265,14839044995.2975,431345761.895268,7999607157.51509,994449650.276108,84065260.3043215,221443721.342816,20616561.5246599,,789193124.305495,51019544.872845,9100394.76202083,46979585.6547225,2810615025.49824,914499022.138231
2020-12-04,24342606870.709,12249197831.0153,366696348.54697,5936378170.10481,931561938.445297,79865143.6955143,180056113.467003,20471319.2809408,38.6604015256031,617035240.337302,46951501.1206475,14720639.3499559,15229950.0960474,3514121313.58652,729962532.255099
2020-12-05,26369871383.262,14326184164.361,404722653.681275,6782106960.23676,830109788.066351,73957627.44655,187447411.297442,23175098.6459472,38.6604015256031,749198175.252022,45945045.9184197,15475340.8276333,29730619.197854,4133014940.01887,821215458.705143
2020-12-06,23333284386.2655,11764206188.8445,341090339.915342,6182557946.62947,778434830.388982,71160003.7645842,163925878.931709,21372520.8949412,11.7730839796403,694811657.265032,42813611.3411837,9264980.79000386,38749345.9996651,2567826098.2127,675305597.25182
2020-12-07,21832193872.6986,11453823478.1954,277581850.868091,7685001707.48096,692494525.038692,64970453.9448346,124802254.507521,20702638.2502972,6.31666891878091,727691045.259341,37100238.8082115,8591213.77009644,19141895.1561424,2226942539.43924,675128365.311189
2020-12-08,22034483383.9494,10010900862.8482,265602209.817925,5608978769.60206,606007826.464739,66960746.8702019,122459164.111197,17934376.787846,20.5385183839534,587735241.172523,42729581.3001958,6097664.34433771,14561327.6699169,2196292526.55061,575741231.828356
2020-12-09,26799991795.5579,13501656447.6139,364433924.773098,5817992263.59441,718397782.560297,72979848.2755996,177229440.099503,24361823.5389,20.5385183839534,724909048.736829,44675227.5898692,9249804.91539381,20417887.7549606,2267848715.37448,722565453.239632
2020-12-10,29806757748.848,14024278560.0887,357146579.413978,9778004331.33429,969492620.085144,74879642.2185808,188894951.167548,30752642.0604184,,860881996.890785,44812090.0584585,11348486.4125569,30512762.7438226,2566315034.5414,983123999.955998
2020-12-11,24092658533.6042,11590043392.3227,296247774.378324,6957440057.22736,638228958.869476,64835102.0149328,124920916.152785,26557274.2460366,71.2468084448726,601080681.521641,36152802.4217265,10449485.7376204,16640639.3397506,2061106949.06144,646568703.852106
2020-12-12,26080197328.2524,11334198380.9771,309358142.111544,7973256774.81537,639787380.155544,72096645.2604782,151211192.492922,29975734.0632407,71.2468084448726,645429632.215534,37760865.1316093,8008566.75715205,16880677.0583361,2347262130.74712,765592727.643593
2020-12-13,21918803313.7309,9511330147.76402,269415971.940491,8191207377.44099,498536611.57181,66469333.3081815,124398004.611641,22841147.1484467,5.95959331567849,640076158.367753,32214504.2400953,6235214.23143653,10351975.7238945,2092110730.87354,658340456.948319
2020-12-14,23550581096.0746,9082894202.25033,306303184.774815,6125622311.1731,624725108.491552,64356676.741662,149377920.074922,24791323.8980309,20.5879743583438,569482172.773188,35176140.6841903,5644047.89598315,10032903.6494913,2212194422.70237,805940530.858648
2020-12-15,21638023119.8153,7794572085.23203,395357036.74184,4925747725.5479,569643692.713997,61430801.465219,127483634.085315,26019166.4750776,341.475606299332,529218623.295127,42940848.3032853,6599250.3190549,10987872.8958921,2202014071.76205,684314173.073318
2020-12-16,24173322660.1073,10160486192.8221,341458022.632417,5591960738.97862,574321991.102643,66017115.9752936,226657411.009457,19338279.7052233,55.4237142173795,663257678.375166,48174571.083291,14914642.7793258,11100644.0819846,3231783597.56968,610657454.284381
2020-12-17,39062639738.0484,14781462845.0921,414821464.636385,10642868836.2395,863422173.324596,72803217.6438921,280617074.908463,22761071.4605174,,726161528.784157,52503591.4074605,13211155.6375909,16281621.6836468,3556132669.08657,884523239.777965
2020-12-18,60693764158.5622,19729196033.8536,549773127.638979,14476826984.9422,955148307.34823,180330384.258876,388878613.383093,25798514.5444968,,1099974957.6802,72817387.0425645,19553927.731795,19343181.9137569,4461155951.3244,1382617704.74747
2020-12-19,37000188847.4096,16512361338.5749,411494715.54579,10572616271.2924,935714849.606182,128526320.88875,238147666.042394,22876167.2355806,13.2465003048343,842218283.632622,48628111.1692867,14132734.5024594,10633117.3055753,3560584770.33292,925239093.480046
2020-12-20,35252972899.6934,14703775003.2823,656751764.599336,7861567140.23663,569726214.455038,126133587.163936,221959265.097342,20119942.9013796,13.2465003048343,665356128.934296,51529846.8108691,18002724.7703405,18058317.419996,3407505451.86897,773102515.996365
2020-12-21,32907758817.8409,12845420666.1912,732020161.016712,6619472982.51081,622833650.963323,436625609.744793,235826101.902783,19262495.1237298,3.33256364986163,957919564.803728,52405633.2859653,11285502.6237502,15614811.7836388,5651168100.00248,780267408.665697
2020-12-22,38423396405.3931,14563648896.2439,713959772.050946,7090693761.65088,838303952.702507,582692435.998219,328011704.849807,26070122.4953616,,883419768.285658,84984353.394794,11197079.6260553,185242080.432895,5805013336.91225,982192159.907716
2020-12-23,38733771616.2739,11548425748.8382,667525756.72639,11195910016.7544,992545291.204008,236179119.018238,332723854.879531,30313165.863501,,898658205.974963,64832819.9206137,8655443.66038111,64784393.2721987,4681024451.84156,946085512.258565
2020-12-24,42917744239.8244,16795838161.8416,715085462.999505,14873825893.3832,1136208021.33787,185987455.007264,322787689.49044,54772121.1138069,,958132478.862225,56705287.6222363,15216781.7951264,31187235.2360246,4733077871.20334,1511121889.75218
2020-12-25,36826373658.9713,15132872519.5292,576913722.658368,15221335122.7062,1237242191.75875,182926718.73854,298616200.230506,29533715.4041951,,994285046.742883,44429710.1441635,10478920.980027,19022808.4252172,4292618089.59689,1535690592.56526
2020-12-26,36622874229.8289,13125875205.9039,481229184.400561,13152417764.3493,979948988.089807,154364516.271396,215984215.333737,26081740.4551965,8.99003667255517,1020924834.78689,44080321.2270689,9404585.02317088,16983932.3257063,4653066917.72441,1060357357.3579
2020-12-27,41995154622.7405,14640527408.4817,507064929.038057,7431667092.91267,1024574835.8839,161587640.9659,389881571.491569,22772505.752948,8.99003667255517,856889525.280272,44136324.0088762,16961522.7023996,15517466.2468893,4502319482.28615,1075917259.31783
2020-12-28,56654980595.9309,24721301579.8804,678051299.781729,7010555503.55929,1278813155.95276,165317270.526876,599564761.87278,26033390.6477771,216.072682568779,1224461271.35798,48452968.8926344,19829861.2562595,43408448.7878552,6137348997.85267,1882301529.36569
2020-12-29,42186521237.4668,22707049400.1432,722362992.900842,5788819181.42352,1485346338.55196,132681365.800323,1001838592.48436,24292056.30827,74.3296234883315,970352215.984171,48673862.205642,13186038.0459996,38978154.9062426,5202705372.31905,1278788612.81355
2020-12-30,38081840205.6021,17170428247.7612,1167579329.02558,10590299229.5117,2524633061.79226,137019167.900939,1623438090.79008,24038968.1224586,118.438627262172,1072270405.25706,45660363.3905626,11772506.5437798,27460808.0007475,4714776442.33591,1471120496.56986
2020-12-31,43341140482.2822,13293869466.9288,595689639.237965,6788558769.8554,1624809767.30451,138903963.936452,1162860045.92129,18535107.096903,0.000370225677033098,1055738424.12988,50599974.3930553,10251337.2336962,29871366.9250895,4585051832.14137,980541362.356287
2021-01-01,43503516563.2949,18166112097.6557,540443823.341619,4364513012.76586,1053156167.94318,127614763.739778,1926142318.89934,18856276.3713206,0.000370225677033098,1231160612.56954,40010954.8496813,11060707.0592245,40897350.1989161,4006621480.66628,1068793668.7161
2021-01-02,34089717988.0904,13843183079.1552,548599820.922941,4606019123.2805,1058190761.39083,244607103.812597,1589686202.43335,73495725.2367233,76.4933376064604,741705294.242944,41315843.7485349,10860734.8181632,54888185.793423,3502827256.39489,1005783328.87601
2021-01-03,57273436641.2231,20443662605.6878,637202193.864108,3622428802.95454,1247682980.65169,3117161274.36413,1884370500.03522,48334246.7150055,76.4933376064604,927014804.188901,149179085.635277,18874516.6831662,39144076.3137695,4333693765.16185,1141120115.22208
2021-01-04,178894068361.353,140906534190.588,942962614.770644,3986801676.05034,2068192817.43924,2306838510.67729,2026241252.05962,36322497.0911779,1.73962360234756,1345786636.02368,72793275.8934142,19922331.9240404,55748633.8519864,8665504810.33981,2002356676.4897
2021-01-05,74657165356.2272,62285144708.3981,962253282.326613,5235562377.38552,2846810326.92663,1238833461.161,1788452339.2779,34737433.6126298,16.7138795162402,1819580209.43674,145957376.384267,47150426.368003,52181033.0160694,6542251947.13318,2734357038.6586
2021-01-06,67420500715.5203,47148245967.4043,750006113.352084,3965486346.38554,3367998095.42319,643097357.731922,1101026826.54414,62195573.9383829,16.7138795162402,1699302025.22758,71197610.1124794,64990809.5293581,56520795.666801,5228562878.10642,1801322070.58117
2021-01-07,71027195897.9512,47886847354.0014,804566738.165696,5964831226.89427,5744644250.20265,699719977.724077,1383529724.47388,69276202.4070896,0.119836815116236,1606750845.45712,143506766.094297,165847047.2422,42837677.1922282,5885795515.30436,2729481414.02635
2021-01-08,78642959829.4919,43042878463.8165,993406143.510464,13896459827.5553,3771312674.73417,505843512.669915,1357811528.89588,50235962.7886724,,2111753236.2767,143493738.725968,129307158.349779,39715582.9462755,6513612425.44468,2233824344.71367
2021-01-09,82846468856.3521,48132624602.8622,741620428.844252,7073230046.41327,3852929126.90595,423947676.849876,1132451712.04024,105632108.256145,201.444616693769,1863478582.37757,152983970.973581,104462245.111569,94846191.8421274,6474155012.29811,1998439112.11222
2021-01-10,55921808671.5442,34851118090.664,627647722.275356,5434746112.27067,2824226312.92842,483402082.202927,753225124.294274,175907770.884339,201.444616693769,1810289727.54368,75058330.6849833,96516758.3642599,109790082.188969,11155310368.5398,1890999511.38814
2021-01-11,73381123612.6933,44541377224.1246,809936299.315574,7389910221.25905,2905060003.69408,430989178.523106,837525001.266403,86084757.1077755,203.350520475821,2080692092.24996,96925417.4587292,76396986.7132975,69717696.2900142,14525061586.0574,2100164868.70466
2021-01-12,111691569520.105,67107873698.8654,1050223987.90807,7740853849.0326,3667755701.88477,561767456.646417,1814162155.30607,93812090.7842051,66.1520871610504,1706368167.49876,131821843.999403,57146035.4002142,58627161.9888664,12318354349.4996,2552000704.40309
2021-01-13,68954134557.3671,37495863245.0222,652529246.560584,5119148557.74789,3199211911.13569,343428360.718093,845668469.312686,139476916.10646,124.686818101597,2105779231.94249,56380530.3429027,47544669.7073817,42208793.7173765,6862040336.86783,1524050403.56636
2021-01-14,65278944793.976,32166268470.0738,597978132.514269,3423237246.19735,2101875653.5599,279274226.797316,2072789652.87293,95860390.0681686,599.552499802967,1056283724.99346,51466850.2920133,42907545.844533,33062637.7867954,6522231746.85123,1647370015.0903
2021-01-15,57519444621.6867,34339866026.5067,599233551.347965,3830269072.45674,2179071320.30873,475592505.289804,3706157857.0316,139055430.941764,599.552499802967,1255212720.46709,61594231.5245196,38146195.1098048,40373814.0537369,6484085337.98816,1941907563.84826
2021-01-16,63450740093.0333,39499008134.4084,644644087.694187,3539150045.40709,2565853415.46859,443710335.692179,4067988418.44134,121449906.251808,642.808720404767,1465077080.36003,63518386.817718,88337107.3317093,74017636.640206,6616294792.30511,5446395577.40025
2021-01-17,55054325262.4402,38277998837.5689,685226682.508096,3219537933.30686,4537543259.39485,358598771.051131,7335372449.69147,274763200.035767,1229.33664431159,1365604384.16403,68917856.7996157,49378931.6799434,75292863.5496053,6654056924.80543,4221546742.50448
2021-01-18,50749258739.1945,35508914212.3693,782336096.787231,2702518877.42178,5632481727.62804,331381092.953611,4336834538.54049,261905853.090136,47.1570481768345,1289872845.25338,91943260.5409429,82036632.3356113,173355590.039321,5466113228.81754,3914731658.50435
2021-01-19,46769030146.7676,30802895108.2292,642880517.448974,2636794498.89876,3594501559.17945,292476114.026954,2342725151.71316,117222286.337345,43.2314430077573,1250859936.23781,70131401.0025976,89411150.116958,82986907.3412976,5634222121.00681,2586516622.7906
2021-01-20,51736994549.006,52274850962.4374,925423978.309424,4329912741.44936,2957432002.37853,325744395.577978,2101304751.99494,137602412.531571,7.78348495446399,1158453014.42837,69784872.4430552,79577315.2687556,51920300.9697886,6817045788.13049,2027065236.49328
2021-01-21,58406615612.0686,52021227614.3253,773096223.002838,3435836186.36477,3314777145.01892,313732430.345426,3098835544.8857,146503918.306539,0.133702018914006,1311358697.37735,66882124.1478158,70986143.9779662,122578438.689516,6468207229.56991,2343940424.40526
2021-01-22,69415314297.6663,49658518028.4233,727050005.335781,3432332258.47658,3158075594.97163,297156190.45705,3129318087.8446,147554195.777857,52.5346967690393,1402064859.60666,62699943.758686,59521841.0534577,82169047.8366051,6190436915.09532,2336971611.25741
2021-01-23,69549742252.3704,48657448380.0858,529413658.308304,3735006905.77056,4093983206.34911,293811759.971629,2765854645.43636,171113172.744979,52.5346967690393,1658863004.02134,63281027.6852475,37462054.9922482,73319240.8775968,6253001643.35946,3119347060.13517
2021-01-24,43575409684.6412,30774910632.1494,530395845.22519,2366507204.23818,2968549141.65251,264407165.955173,2215949804.9533,126638480.385018,19.8687549032367,1108680423.316,48437059.4354538,56977447.7154704,51243228.5009372,4901936707.15811,3689083601.8598
2021-01-25,42810544126.1781,39913977039.2595,511146060.004252,1991913877.87501,2870391825.2038,255272293.736498,1518953639.24667,93729229.6826785,0.132553189053562,1173414463.12382,48283234.4090927,34717166.8738759,75862075.0291762,4862334473.6488,2671856833.26385
2021-01-26,50410553261.4145,44124188232.2481,570986736.951961,2148246353.08592,2239860916.45363,236268070.55986,1654796100.78965,84412625.9837596,500.430898504117,1394838347.90958,49167734.2241346,38690467.4570584,42474802.7800489,5139782775.00237,2584733868.15484
2021-01-27,48489676580.4107,40367492548.5431,610970650.848127,1978755667.48201,1848031728.97985,211765468.687849,1296758574.74785,109503339.977413,130.949210253792,918613915.268727,45217672.4843064,203004518.061884,62499952.5004283,4501904319.58158,2117491764.29431
2021-01-28,51514291052.4324,38752412145.0368,571180935.585105,2101770534.49046,1845484838.6889,221445009.68034,1336945930.45102,89488626.8087376,39.2294914158185,1152845141.27577,53360388.7286706,171503639.461671,61731309.5865785,4491259628.09251,2030579396.66926
2021-01-29,51075972572.4596,32668893126.7158,602130391.232156,2031290320.21965,2103438290.65831,14941040931.5001,1520805815.15313,93916448.0286248,13.3699687101651,811142539.255823,71712365.2269402,89353523.9167567,62352842.3887997,4096638328.40476,2449792704.71463
2021-01-30,97468515525.4225,49454503567.5418,731044472.498418,5439789951.90141,2586671468.50682,21756143387.8111,1861571320.59653,118575466.390429,516.362536432084,4099687130.74676,107347150.483875,96196293.5281586,57547388.7459251,5572257565.35474,2482000828.91765
2021-01-31,52001249491.1081,29581914651.1453,612389944.964592,19414333088.8791,2354964351.0451,7417688490.90844,943930650.026575,92540873.2918268,10989782.2054503,1807492084.53498,117426782.172817,86723297.2002555,53004552.977118,4245091063.69622,1790093110.82224
2021-02-01,42488649643.2318,24723054987.8742,571098971.022635,18464504612.2114,1922223620.15352,7755101291.84936,1145966595.38445,302913973.237716,34956951.5671009,1697690360.39458,92761723.9916782,43349697.7928844,63057335.9820793,3530770716.56108,1794320227.69635
2021-02-02,49268860242.6662,28544048877.6772,1473065904.02108,25326949014.7162,3203513341.74377,4656523408.60881,957499231.027539,133015631.977414,8057189.44551663,1828729618.17113,104521244.449802,49235900.5149112,123259516.273883,4510524022.12626,1620939007.37264
2021-02-03,50730704376.6092,42952410181.6324,1178306794.5117,8890335318.02038,5151435047.75796,2444614954.71102,1360952730.13834,80693604.1014123,6684970.83435231,1441771544.79485,105970839.283028,33193757.1355524,90949431.5243034,4284293255.03483,1717341702.15706
2021-02-04,49762137494.2067,42202356538.2068,805552172.808753,5814855434.45507,2963647375.47182,2696782677.67633,2517074593.02783,120741881.497719,2232391.01068998,1370963145.15825,115490037.71706,43421250.3427887,70361878.1857838,4318179917.63585,2060105213.81956
2021-02-05,54494811707.2305,42668487953.8115,1102875237.69994,8167579932.51385,2526990155.56308,12004482929.727,2327103649.78241,158745931.632332,1453877.14740129,1423573702.7483,68038516.961267,84437263.7352898,72345283.3441814,4249062286.02904,2275604887.34748
2021-02-06,47446256481.7145,39147540640.1746,1692097697.75343,6193490021.85177,5138347917.09516,5160805640.58053,1742093250.47341,176514532.669959,1028036.61003591,1757572789.24995,71830735.2078607,120227756.346177,86147337.573058,4132926685.50917,2737905544.42295
2021-02-07,57076868562.4876,36776919163.5165,2640506902.14939,4764275824.04072,6225004469.82153,5679785681.16964,1354116192.81146,171329135.215426,618908.893040454,1750414292.38253,79862085.0676154,92422423.9704513,74128503.1823393,5703142031.47564,2110364566.78012
2021-02-08,53802559038.8092,38849634841.4417,1818565577.64503,4600927431.56236,8483795430.59778,13793129134.6771,1496709054.22257,469848044.68909,1591960.88883009,1914923368.26438,74052438.5514145,168858414.852067,160707665.628685,4716479408.28951,1858015677.94511
2021-02-09,86994225365.2278,45540524354.8919,2628386625.78947,4843449977.6132,6526446442.15334,10823807112.4896,2773507986.71462,753489100.758873,4471910.49592517,2602462164.28903,99601979.5695588,265435995.916439,135482828.305157,5223644378.04508,2026879842.2871
2021-02-10,78828431117.0553,42127693213.6073,5431056857.98195,5664958932.60347,4430904463.33915,6181134722.81942,1884256190.45706,369465170.393356,987089.715417417,3702271397.42447,191725840.545957,366127293.865481,65836200.3954305,6168245048.48705,2516907959.81496
2021-02-11,70000356395.8151,40563120176.9723,8622001934.64738,9594865064.68191,10892994885.2171,6304018582.04875,2131291693.27574,1864834841.93182,973137.151394366,2808300811.66365,171016022.151707,826317781.326336,151776088.471954,6574267978.9415,2704998414.18491
2021-02-12,66187179918.8879,33868453070.3964,3324064891.12526,5044099241.56165,7257994780.91686,3377206172.40393,2103920735.43793,674867688.251634,607690.270976667,3698515502.49556,126989424.670959,313404032.290583,96780556.3113759,5570010871.27435,2068178125.78154
2021-02-13,61942185128.999,36105354379.4037,3522463018.71305,8414105411.09318,5275893428.66164,3548414348.68455,2519169670.42995,556615019.024905,408892.830485113,3118131560.61859,222997481.435967,209198934.300592,247545183.784995,6603219843.26142,2847009903.45848
2021-02-14,55312381649.3381,33305061601.1768,2457588084.87989,8313557340.6936,4440592841.18385,2275047526.10314,2266210239.46883,334919631.101324,267283.658647279,3040703479.28421,160888724.695929,179413286.255641,241511701.956209,8867168642.42338,3619852721.83844
2021-02-15,57738376570.1319,30218599726.892,2534232231.18936,6924719591.74726,4315179193.35344,3318277601.17843,1595500661.96488,410244108.797892,356723.767912953,2782008918.80746,130299482.656327,149612025.534007,105727989.530469,11040307066.336,3117085060.56195
2021-02-16,61061855793.7628,37652347195.4491,2296763147.40663,7365881442.58718,6170566197.38921,4042454025.18085,2472116588.79216,488806991.916568,216033.54579831,3074598871.11326,133203335.157436,249852146.058122,146814295.16102,11630282036.5666,3274446818.05745
2021-02-17,64141133353.9756,33252538989.6203,1815199476.08388,6802700451.8165,4708239792.83436,2717472447.19437,2701843651.38872,356060812.878002,279332.948561387,2605251117.98707,89332152.1072848,158931927.463302,91228422.390689,8877948016.01612,2482851657.00266
2021-02-18,68478739131.4286,33582379213.0693,5591312738.07958,6208398652.82441,4147966953.03113,2259698807.77203,2323010298.12422,391164746.251265,161256.472141489,2221799069.49825,245969756.409045,187372418.10575,89338356.4242129,7533917294.05564,2108744973.47525
2021-02-19,58486508605.5578,34799956643.6987,8204647326.59434,5131652517.08825,4727330677.65876,4660795048.42102,1446625690.01758,427919398.017988,103601.142993436,1965989782.64525,340226200.659529,254597009.402998,104571693.507553,6440725280.3792,1836971934.44943
2021-02-20,71397235196.8383,34796767875.9633,22103516567.707,6614816653.23153,4500915018.12932,3048336602.08583,2809304671.18775,379801202.911021,138149.933511821,3544075050.15902,323718233.498123,371302824.346294,95131644.7055814,7247108282.06169,2626562919.5128
2021-02-21,77351787996.1046,44957939435.5346,13497538091.8297,6373516533.45425,10595397192.5801,3342539175.6442,5237458518.06228,492691484.120663,284290.283417988,3091361995.56587,280904901.91579,871489994.349652,114351311.017485,8254811833.72458,3019413258.81516
2021-02-22,61223272210.9628,33064349740.9067,11521772897.1104,5724101112.79707,6593642966.00744,2723241990.43768,2910491062.71466,304024539.604555,142385.994471781,2460185338.20417,188283579.2404,440694551.403092,62356476.2944705,7358618144.23868,1943436788.91932
2021-02-23,101532021847.066,53799590366.0368,10950701746.0099,15576169123.1118,9804462887.60675,3430333609.08702,4422794727.43455,412349660.007682,141786.191443667,2989834129.20281,2034762971.02927,360795726.94017,136127395.323286,8660106405.17864,3521552289.18645
2021-02-24,116689607925.815,62714754623.3412,10898388397.781,12601693025.4267,9841922168.55119,2366851289.09193,6044402319.6523,411495999.68295,49220.7839262427,3153135548.5762,763263867.26234,475988612.243321,165031199.551064,9140467149.57011,4766257980.26316
2021-02-25,73140585468.9653,40313400449.1553,10134020070.0931,6628251875.24514,7999062191.74438,4399443852.86135,3216425877.01099,427723977.772785,70426.6654655745,2535464673.39351,305454919.691404,423349307.282724,78780441.7656465,6793605254.5942,3085738555.53686
2021-02-26,60355381275.5455,31736119376.2585,6059743759.47517,5374923641.56378,7725767289.38497,2469967978.23741,2424342543.13862,310387937.22894,56965.2626782443,1565011956.46438,432789096.428746,737795076.881124,160581772.601703,5951884278.33484,2063059920.87573
2021-02-27,74357197463.7094,36682073651.9058,6123362549.34408,6481821746.79315,13328352966.64,1862673178.03454,3811257872.37523,247743336.284401,169260.959654966,2032986783.16131,334443981.160688,669101302.627586,258922550.860574,6334122391.4291,2517526618.85021
2021-02-28,50989764248.8277,28221473460.2142,4001793419.01355,4674293764.74747,17436012662.3244,1478258321.66188,3663132564.07516,230477612.785095,544120.134269709,1548062406.54957,238604797.35681,652603920.926436,91017369.9790759,4960784883.09528,1975540613.2372
2021-03-01,59679588927.0806,35420463945.4733,4576664599.82066,4487418197.58171,14237710595.2434,1576893240.51928,3361298154.3936,232538774.718073,3282662.98178285,1886197817.13383,223649016.751614,686388221.8642,104501335.664801,5641065345.58066,2147078398.65092
2021-03-02,63218569171.5983,31604939381.8638,6899473970.60362,3457084099.71094,9327929929.51714,1652399316.06363,2394221030.45276,308775747.58079,1079998.35324898,1769363639.70874,199501770.417294,717158857.288998,77419957.9964383,5096877640.29634,2239321204.79759
2021-03-03,53499537416.8165,29049758215.725,4755698486.39936,3237450086.71492,6918648225.01443,1424572957.21494,2652602369.67203,603396123.343929,636067.61817765,1622187499.36186,263362630.852964,383727452.912749,62432475.8866791,5935998370.99338,2648935136.30573
2021-03-04,59212268141.1663,30352405292.0897,3989584025.18255,3428688631.99577,4665067737.67339,1233795413.86845,1846992438.66953,363074840.657083,1677976.52845559,1530487828.79704,225838681.49004,260496330.146477,65054428.731032,5222820646.61781,2117165196.2915
2021-03-05,60749587836.1691,29848246930.85,3781405735.5511,5945941442.73508,6490723520.27378,1337710788.12954,2017937521.4154,356310649.106428,3527427.17716363,2918772771.75179,210355560.168475,262168130.555362,127152116.420611,5248612597.43412,2108028890.64757
2021-03-06,56568112294.2683,28537887161.0187,3454103781.34916,4145638369.12325,6987637522.38576,1358502535.71299,2195167253.9326,245552351.679737,1962568.91879458,1704853444.59017,156582416.03359,260528705.655935,77114292.7375591,4702419717.04166,2010084133.17074
2021-03-07,41478786533.3821,31094969328.9843,2598241543.29598,2805029015.79783,4637649584.63151,1561141043.92143,1056302430.64373,154754261.222366,446521.672375274,1396275580.15001,153065471.818566,159403340.390615,41719327.2993623,3914735741.64297,1472932593.97498
2021-03-08,46146324828.4808,29416647567.9578,3162878615.78661,2490033476.66947,4460411320.36937,1014195811.43704,1174423275.48109,273005605.915646,692206.749373212,1294495870.64657,172390794.598953,123992580.769533,48626774.8733778,4079028557.20945,1517677917.74979
2021-03-09,53568946625.6223,35353973627.3808,2849019958.2204,3582893865.72162,3837785843.23152,3627421088.75732,1202842486.84036,203377042.660199,619527.330215584,1934632838.30121,166290107.568224,135478175.540506,68510775.6606496,4639691527.799,2220786831.10666
2021-03-10,57418251743.0604,31147565432.9653,7151267268.2853,3069391216.74947,5116872043.44638,2529486917.68537,2208593351.54549,1031867627.19585,759904.429836849,1606042605.31727,218312445.690477,735123670.951983,249989717.364331,4611911015.63048,1661893243.69553
2021-03-11,63560545036.7973,31746963272.742,5812829337.94814,3357543728.42524,4232588270.2954,1677010512.26923,2247048891.01755,765291610.915932,288803.410137225,1731041155.91935,177739568.393414,804020544.071465,261292396.474356,5376254011.11487,1669450389.99965
2021-03-12,64605228617.761,31257932436.5352,6352558452.7063,3087260615.75062,3648463949.80364,1390253342.5133,1602488721.33475,514178258.438829,347134.881034787,1622587036.01402,296432902.753846,1717845546.78941,243005431.722394,5639970010.57483,1676465009.77769
2021-03-13,59984971691.807,28436574756.5485,5561218339.33975,3230733051.07792,4091220904.18396,1349377295.22308,1346759594.89591,379484470.715746,539378.222333838,1431473955.66328,263860988.624964,1728595245.60054,369204733.096416,5495217527.62616,1593450367.94598
2021-03-14,67332756651.2757,32785949401.5295,4184775401.81425,3242064887.36099,5574966052.41306,1908931773.50067,1507640392.63818,455395660.172898,1149479.90219619,2226600214.36227,242929178.380556,904427909.570789,216296396.018147,6241649181.63243,1910513827.1964
2021-03-15,48104078384.274,26379565439.2523,2855350574.91635,2509836806.13248,3873912799.36512,2759123151.68559,1076645082.29515,294252177.972155,41011372.5117517,1662498235.28376,161298293.550146,570706856.27547,153728609.345401,5492071887.89415,1428154582.35124
2021-03-16,70594488699.7068,32950345872.8525,3598800728.56604,3253641646.00783,4425930270.17127,1743281980.17069,1939668585.31055,321463773.285163,13134894.7076226,1820185186.14366,214492717.239631,656875144.057829,166720656.219532,5434257840.50619,1927868764.83615
2021-03-17,63219904254.3545,30686971237.0883,3576550131.74803,5682003788.12712,8556622752.39289,1451939102.76137,1616622960.74414,460165568.08228,4449518.72493179,1825835062.05434,355053372.871901,443800441.63292,163423418.355942,5195660665.16981,1601652042.75196
2021-03-18,63368268626.2783,30744899541.0095,3265030827.43753,4079649095.78707,9359322303.77906,989940708.869474,1407907457.98456,475133052.552162,3336240.16416486,2061959469.88262,265413683.253887,723671072.080248,90774993.9893988,4472154423.58626,2604538619.95328
2021-03-19,58387006275.7283,29651777827.9219,3575952239.2222,3352407082.33182,10308489296.4441,990194953.951472,1130555670.2476,449721017.510657,1435550.89524808,1323402632.01347,613072024.469018,420160956.617055,94911649.1961907,4278156216.52516,1606051461.35728
2021-03-20,51948388930.7582,27345983317.0467,2533102777.74452,2169639378.5943,7537246767.76425,1081897762.40238,1816822876.65463,675328140.580694,2226231.68265563,1918451831.88204,425629074.233155,342451704.116486,76893206.4492273,4073139577.36293,1223477038.19156
2021-03-21,54549112635.6717,29495472699.3993,2649156697.65903,5375557395.3526,4331034923.45951,1130635906.11821,1624244017.18438,388516334.236906,1115914.43241863,4096545982.06454,363883490.543028,282094155.475068,77625139.7979215,3940851176.64858,1135918019.10732
2021-03-22,55664123837.6026,29228757709.8678,1151065647.84394,4568448767.56636,3952826743.02775,947849286.063254,1282812882.47684,371116648.021364,1682433.20595736,2745171941.04141,244142434.519396,282163630.265115,86286415.2759275,3751637564.46783,952024161.576419
2021-03-23,62001716794.8435,31376731220.1751,3032859503.59461,7756576662.8302,4024094759.55863,895730939.659722,1238649934.26213,373950442.082365,1437355.34843447,2365964283.59748,314055479.60564,261404314.621847,77811033.6764335,4292896055.21249,1152952513.74795
2021-03-24,60383378707.0485,28758919428.4797,2813775574.13445,6422561790.01529,4313834035.68938,995604160.683137,1146831543.5686,349232570.875222,875327.921818365,2249943198.48419,298777554.021352,256733803.428262,84996608.0803777,4465510161.30583,1220024131.3007
2021-03-25,73029051195.052,38413713634.3628,3180619598.78525,4542722141.91615,3509101233.25733,1043427664.37569,1939572978.89474,338153949.621495,547244.611197625,2291795691.15485,405152185.899342,383617908.440964,82081067.2461802,4015265614.4533,1377268080.57926
2021-03-26,63401640502.5613,26325124557.6303,3180524320.32814,5235387294.75906,5128067561.77325,1229615850.98464,2380374370.51907,330827514.103949,583993.320527897,2023640197.6672,263578579.540468,276241603.685073,76822467.3808003,4072667815.66606,1593912859.11108
2021-03-27,55442557956.1546,24804294373.6447,2575952177.71603,5591212650.38216,5832300810.01562,834542001.45623,1302279715.7345,230776170.836862,627521.073560082,3006344290.38314,201006916.122842,271250549.404275,77928896.0552691,3981631098.17379,1147245636.95086
2021-03-28,47285749218.6651,21118379279.8769,3020922155.48596,3443735178.03927,3239161162.13282,1017584672.34146,1081995006.20969,169854417.500142,503433.272330122,2574076590.79986,187224755.104853,232330850.045086,63464559.6329809,3519541019.494,803134523.127809
2021-03-29,49315845081.4243,19859272131.745,3199011140.30671,3064078618.62591,2864842098.68799,833678868.393963,872725521.174337,228476510.116622,1451471.67909333,1756042466.13145,163887110.967033,243437749.177401,87958394.6319913,3655192462.63162,828957434.792239
2021-03-30,57387039705.4713,32618518751.6075,2755690876.72352,3316079018.50246,2974754356.49366,933464547.978394,837849935.538056,219703944.835098,2356913.65473636,1588600433.92344,320721670.088268,655748549.440297,76684415.6408004,3925660475.5011,1025089085.89232
2021-03-31,52387542500.622,28496809577.7113,4420529271.2823,3796053087.50944,2870621694.79158,1141286834.28535,972088014.261128,221563714.685649,839658.742098999,1812529525.60106,191070279.804664,311065437.875107,166580248.720426,3931556160.38636,879939041.426052
2021-04-01,57495844477.9185,28955571443.6723,4729218327.57605,4729377042.27171,3359856102.29545,1042337641.22554,2749780924.55021,224818137.610549,1025693.91831368,9550467604.06284,208799687.015576,336976081.77431,82551701.2251415,4887152846.48291,1475136599.3211
2021-04-02,54320681400.5678,32076778812.4586,4712826090.97872,4048061361.32177,2627207220.45419,5955711021.80794,2112188584.27979,179940714.248382,1129776.71528944,6080759410.95892,262083823.540432,246934364.95326,86841023.2706374,5006426472.07451,1737067283.99545
2021-04-03,52224918752.0804,35467665330.6719,5101756341.08576,4525145344.69189,3115355141.80711,2448301264.82805,2109672607.71357,177255510.813592,1284845.90617229,4108102987.44753,262459086.96571,320405134.010645,63250839.903827,5373858990.19982,1511740166.62586
2021-04-04,52067853987.6005,34872897876.6511,3728232295.69718,5518969358.25981,3541823026.09374,1457244564.04036,3953738785.60094,426224466.829224,814951.951772372,8364754397.17135,256315676.72482,268186087.02145,93388177.6710736,4796829937.6405,1632971521.07273
2021-04-05,46156767978.1774,26817722961.4804,3051189764.35143,4103397668.68252,2514927782.59732,1303803800.17186,2203439508.71763,203736404.486023,1203298.15659563,10746448326.9123,162609229.85132,194056778.122082,67991773.0296742,4241821570.7455,1145059593.89763
2021-04-06,54670173277.0873,30867393925.631,4196270409.38837,21036746727.3204,3093929482.20782,1822202972.95141,2101421530.26669,423543959.124718,1234321.51590631,13018731030.0034,313132214.648837,263394859.883338,79343051.7060537,6703035614.86089,1498434775.84264
2021-04-07,61497704158.1383,33391498272.7832,6375820134.79306,29325146992.9503,5716309191.91253,2979685710.63731,2250595124.99085,402859806.218538,1330041.01365112,9499933826.25384,260525366.484446,360274129.724806,249885064.403917,7237138908.8686,2679304050.99667
2021-04-08,67617613532.4331,39604003543.5445,7619517549.79865,18282720202.9818,4444431697.67593,2977233569.24851,2407805210.91923,333267898.703475,787773.945779585,8323619560.72093,479982915.658439,315682605.685968,165031206.164406,7738808197.70689,2448511882.31785
2021-04-09,48714359354.0723,27145394978.1915,5991138735.19901,11293815426.9562,2806106617.45602,1254061265.4892,1386402238.63713,209480602.295872,333192.995780514,6225961258.93805,166194229.368212,189835410.121939,133660598.466547,5633528647.02806,1181108398.85483
2021-04-10,45880879041.761,25076796421.0728,5947228476.5478,8727138023.86912,2057819055.55128,1235176274.20637,1063984405.51065,268529509.857372,647120.389498755,3766873571.48411,149431146.605804,233117546.364211,62231330.6605646,4858235782.23881,899786026.234946
2021-04-11,61788197398.7379,32243242817.7772,7892324625.27091,23515619924.1238,2638775983.3971,1492859570.05935,1301909092.02728,374040339.458452,1384159.05964201,4610974849.04719,324575303.356549,199253707.129833,87906401.7936392,5313064111.3488,1032270908.26845
2021-04-12,46792500386.965,25369863410.0445,6929265661.66022,19326679264.7246,3796665567.7417,6594980841.26206,1220208465.54759,205287732.046543,7098841.39495549,4159674472.41409,225058202.100112,156012159.648424,152728263.785956,6094325103.17126,1285910615.93437
2021-04-13,55994558888.5224,29096213677.7358,16807622340.8934,12789605612.8754,5005257550.24815,2913823058.74132,1426647376.00476,465865354.311768,19353073.0886701,6655337314.75237,151198925.978937,165191846.842161,154590854.523502,5388129050.18571,1177674549.62617
2021-04-14,71993120011.1832,35760747636.0573,6503314558.29944,28235221430.5293,5693372727.99635,7372508506.9079,2159038658.70296,366725297.167315,11698690.7514405,8761503684.84351,252394259.522245,763683474.298636,113929294.706546,6943300069.96975,1733692874.5286
2021-04-15,80157135507.589,43351853140.3018,7668480752.21945,24111604957.8162,8920292802.39319,19595646413.8973,2399471936.92601,938295404.814767,6276227.04939675,7836028056.7829,406173198.339514,579430867.064007,117326077.088767,10065037678.9501,3918225541.61397
2021-04-16,60495376851.2807,37106765660.1161,5168188713.51061,14139350013.9548,5151594795.37043,17675455194.4526,1865431184.08903,576835317.786346,16304507.8958829,9480469928.7891,225699338.323716,533662174.352203,84767514.0653857,8162518126.25554,3801387077.69865
2021-04-17,86260673269.7661,43982805217.5112,7767607467.08122,18725728482.6632,5343342941.51492,50960650646.9508,2098476058.23162,423577088.849927,177924990.744749,9455419113.35272,330245423.857929,468332098.97284,113767066.183247,19003128875.9528,3070264904.78826
2021-04-18,63808212132.5364,35627176091.5798,6111930356.07431,13404046754.4764,3533425467.48807,30301421158.3594,3622543924.23552,301177193.117059,546769207.722418,8006435350.36598,284629970.336833,274435772.900344,83000599.5854899,15151412270.786,2210095288.25387
2021-04-19,102065957642.23,61890227351.9762,6790452848.37554,20913023483.1129,6558115732.14155,23753545992.4522,4664575738.97489,579381109.884711,175494501.863088,7793973559.43712,342191292.084702,463913855.984627,204024317.34859,14749731730.874,4680200771.59541
2021-04-20,66156275209.7971,40335730705.2904,8755730468.08239,15852407594.2527,5343870506.96892,30847872453.907,2183490705.66177,316019091.045952,541475519.596611,5502625648.37809,225214395.611753,250862290.765055,90074252.088879,11142299100.8789,3565130060.26914
2021-04-21,68166802215.7595,44737302423.7656,10147802771.8868,14743108801.8978,4665784591.15631,28256320646.6666,2535369660.11259,323253556.664046,448958541.437089,5487507101.7973,244951630.81783,290186072.993122,100466878.46449,11541408959.0768,3597706486.78336
2021-04-22,56115370322.1406,43726884251.9459,9391918685.62875,11764093109.9032,4004683213.23182,11245621590.8786,2067143570.54389,281165176.544166,235815484.443886,3348606787.31281,133362258.282285,313038334.223,83734674.478033,9526156965.33617,2267772024.61064
2021-04-23,77897442831.717,63343308067.3157,9896634545.45084,16529859712.9969,4514691271.88656,12372638669.7869,2727362562.78181,301041557.767316,200743420.739162,4065100549.73193,194187394.586627,790862916.412984,116927230.363646,9847425722.78856,3491720645.7023
2021-04-24,91138220375.4599,69126869461.517,11177606704.159,18020573494.8482,6942995842.01925,17283487906.4043,3692974457.243,363249177.508703,136878944.158015,6439040666.48828,283461187.591132,552995934.32217,132101293.322268,10277110313.4178,3677037229.94578
2021-04-25,49296256745.6512,35640594314.433,4991522596.35938,8029835982.13452,3606271585.38642,10807971320.6512,1790187521.10272,184145561.629359,81640805.777725,3872729872.76013,117924278.032946,256957270.762988,61536807.7794518,6359045179.3833,1593510326.57102
2021-04-26,46233432154.2253,36744402576.6004,4198996731.12991,7637052936.82093,2419295811.14617,6742402256.80301,1426820530.31797,141275581.265928,89615683.4802279,2959774936.52474,118145170.752987,411150476.942008,85144611.4039032,5959106185.2854,1297424132.53366
2021-04-27,60226926859.9165,42791797037.0323,5295872672.71262,14255681129.1529,3178691426.01484,6413613556.85291,2073188240.14055,260578636.228328,93219235.0339699,3387422014.30373,143870969.797494,2110047231.92634,88746425.4218202,6870719091.46336,1719495452.7125
2021-04-28,48468560013.1379,37611597877.6299,4398525003.73367,12515733554.0894,2912984035.0226,4324871046.88017,1707353296.04081,221928172.949342,94955414.267651,3544189675.68246,140731756.97776,2232499080.98188,122075480.323694,6799675909.97722,1520690813.44598
2021-04-29,48072930663.0145,42878743228.1645,4808744050.91669,8368326797.08026,3050358135.84977,15310415976.0148,1727083451.94114,277058343.565525,163490141.384737,2965529888.75035,195311286.27955,4956516495.82626,86194031.5543948,7209218265.67998,1423358995.75609
2021-04-30,46958036373.3603,38536865198.3288,8239013550.86044,7019315268.60321,3877408673.90248,5635975307.34004,1671642385.88378,253046449.407363,93368647.9288449,2200076292.36968,98287735.8905087,3502606382.8085,158931289.157845,6235136945.57765,1346539752.20424
2021-05-01,53879045974.4321,35477884578.6223,7224919616.98052,12717580116.4347,2888334738.61385,5791678085.72957,2053574634.1267,473821081.567677,141539795.654596,2921212394.31091,160659283.432114,2380225742.9536,116384387.356118,7755534805.24892,1417891047.38556
2021-05-02,43967070045.8231,36721647718.0042,5343009038.16539,7745297309.43308,2277071478.87247,11619063047.2623,1431056978.67404,517110886.447686,85049657.4262366,2449660680.68301,89337669.9491954,1171555946.99027,93339222.9551692,7066367764.17908,1579734292.10955
2021-05-03,39072664393.9294,35727432415.5143,4766464032.45979,6894666499.90123,2419782286.29778,9009865374.50881,1303233017.68993,279840964.304384,56355619.5509226,2286067126.4173,103647935.778397,934369931.743324,75421271.1268314,6633128990.9042,1439347181.03547
2021-05-04,54132470274.0751,64192650586.4286,6575775049.08921,7510975851.47531,2913495465.73368,11357873988.2091,1645143224.02032,626327133.718667,34562823.8137971,3344982552.89606,108450820.706793,961051027.91868,78072016.8579158,7803398024.66961,1728718653.25626
2021-05-05,71296763919.1327,78437235045.7019,7324619316.39685,12073843733.0879,4021089366.4834,39500407577.6859,2295521130.57707,417038602.090708,63315853.1487584,3626604289.35726,142880439.792103,930183827.149048,93264748.9556325,9357725875.85597,5076238047.94897
2021-05-06,72158368257.5471,63552342594.1905,5349087812.5937,12685436992.4089,5144102153.54389,44644519734.091,2902362969.23383,266094761.448902,46106254.0355668,6393923763.66087,182079112.788389,1070712992.22644,75935054.3394523,18502773335.4828,4581633160.85562
2021-05-07,87510802710.7763,50430169752.9615,5775171467.71377,14861639652.6631,10492098698.6108,19023046812.1474,3591760181.65577,469600110.230712,28123897.741874,7119194924.3479,169884196.111395,689778615.07347,115696369.533906,18270593990.9924,2820777195.18447
2021-05-08,68154805947.0942,44980768421.369,4590421650.5036,9802310917.89921,7524037592.65863,31623843001.9952,2614452242.38799,673472110.85109,376081554.086582,7091574084.9433,162032643.329948,682630707.177569,115776710.891357,11148812829.3904,3236607575.95045
2021-05-09,66812167538.2271,60174921874.2412,4816848613.34127,5932468398.37575,4553766443.70334,29418365423.1248,1539872559.55455,276293453.146975,9322917734.91851,3940836121.2206,154720003.531183,887144265.354634,84433228.9198362,9007429774.16908,2133658197.38709
2021-05-10,67906284080.6139,61625657297.1976,5216360584.04652,7593788112.90496,8212379684.49041,49053292485.4799,1960812614.72853,287333690.259704,4657940992.37917,3761184260.10415,178241778.04115,3742361969.25431,69351203.318283,8122341725.01874,2906961085.49124
2021-05-11,76672978747.6904,80827215917.6633,6201737490.20955,10555573612.6172,6748208558.61517,17200364811.1125,2738737908.93378,516365754.366532,14553569937.21,4155042234.52674,193389510.176859,1564514780.18015,77815422.1381802,11729521439.4868,3468330866.10897
2021-05-12,67726708140.5651,67869198116.3681,5966857158.70286,7959636910.10511,6105158952.82024,15290083250.5444,1978072269.66598,346412805.869674,5412726305.66438,5079342795.45248,188025527.013433,2007918927.75793,64425898.7149024,11506698175.7349,2425500129.38588
2021-05-13,75523928654.3404,78772032254.8087,5510123316.51475,10241877058.6884,6057046769.92336,10742618800.4903,3297743471.49656,627072756.439381,6103353722.15464,5008302968.05717,136269871.868045,3218679115.15351,231255159.642448,10513960301.5325,2466624937.37505
2021-05-14,104203551167.938,97383442023.2658,3750429562.62009,11980394044.4701,14773012317.7688,20865846832.9607,6028561379.2491,558904348.271901,6004759582.47605,5729318124.01915,182931696.46608,2517230576.80667,198969457.859223,12334977545.9355,3284556306.82911
2021-05-15,56820196964.5126,63587729060.2598,4033761226.84277,7123946291.14222,7649125188.42286,21034363818.1292,4389158726.27039,422257216.836676,2519900221.88565,3616483294.59108,107384513.504565,3554597434.46491,163177508.883347,7431940344.35562,1998927228.77239
2021-05-16,62896879696.149,58150860876.149,4542873645.85764,12551722233.3282,14459264755.7454,10494108534.6534,5670783483.43576,572957487.10372,2255990535.60546,3969253311.2132,86265804.8578753,6792729903.75511,431958809.666056,7346276130.14819,2558139630.38836
2021-05-17,70636455913.9602,67531308123.8333,4900067856.48088,11955232328.3581,12715835565.6189,9989157880.48498,3512522788.08491,595249553.18111,2896260559.60242,4277319249.22383,96410422.1664296,3836987276.65575,191641620.49221,7616541481.82869,2303552575.61839
2021-05-18,84054878923.852,75100584775.8453,5743719776.8949,11777377469.7729,11269771320.7838,8093369123.18118,3591393624.03462,524528860.569206,2943279104.43529,3790726129.4715,106639905.20664,3723573265.9499,193324828.613142,9043845109.62957,2418989729.6746
2021-05-19,65037066859.1167,59160464538.2805,3909605067.21865,13934083456.6411,7411999746.11153,5522377790.0027,2964614890.00237,454537735.896245,1534755374.36313,3077387878.60507,80579451.2694521,9357699828.93366,146296464.930235,6896503202.18088,2778831150.7153
2021-05-20,141151477374.613,117905041184.065,10259751518.6695,18312047629.4928,15193692115.7303,15977305882.2283,7440268038.09675,725492322.415459,2824993248.73459,5558010289.01503,289217669.762028,10860942519.3642,255215452.411922,10018649901.7854,4901308353.26288
2021-05-21,95001812130.51,92538167827.5173,7099930189.17272,12727830549.7441,11328190219.5534,13713074555.6696,4887264993.64438,439772793.029753,2102750761.65932,3964987083.17207,115010931.710108,6597673302.76237,168873062.376648,8317285609.23875,3480409269.8888
2021-05-22,88706010988.2912,115000901891.803,6909718073.52542,10144542507.3949,8942198417.08545,8361664796.1557,4537200355.06769,323128249.216809,1362918306.93685,3473597890.18542,132368569.142624,4484214166.06079,141320741.405314,7538918544.39253,2710057773.1375
2021-05-23,61178935273.6533,102524751568.453,4283705164.21447,8164115632.89273,6665471245.21662,6521890070.47125,3027159412.62115,192281707.476638,1101863101.95145,2726741720.58999,104986251.661248,3147802480.86989,98421613.6098916,5543094126.31331,1963963769.94461
2021-05-24,84358034875.5131,77839858613.5392,4782475318.35445,9753740534.80992,8825869340.67814,8460153798.91195,4240565324.87756,324565112.403748,1418867091.02207,3079077370.97791,107088571.868026,4461492655.20085,141801915.005998,6419794015.86065,3517658465.60558
2021-05-25,71163197727.3351,73496058830.8323,8284875340.29908,8171181757.62934,7596677080.27653,8184613092.91994,3294658515.606,319094870.19067,1908679976.28959,3539099856.72178,119284886.56581,10801640188.6727,127624516.205915,6209575811.63055,2835542525.995
2021-05-26,48724794157.9851,92468701273.9839,6260895244.65337,9073167435.01299,6199929363.12031,6514659543.43785,2593578225.08347,230025913.191003,1223842205.60208,3405261949.82495,116484046.780341,7733616834.40153,104292548.121307,5916642108.60338,2295717091.61284
2021-05-27,47026386118.4724,53115222704.6206,6989052888.12121,7008804902.17784,7062731108.25734,4005070154.32945,2295932465.4903,228359717.387233,894305036.355545,3240538719.50729,109748681.26613,10105637470.6482,129490265.804357,4583900713.60277,3201030591.21223
2021-05-28,40836817155.7197,44070236220.0341,6241842478.55688,5711826339.64261,5001134793.94459,3057688715.13936,1953660434.21999,155195303.000467,618648882.222886,2510323348.3992,82123412.4308967,6505011267.25831,95003345.1417838,4190343701.26782,2985226350.6034
2021-05-29,49991590067.738,49493519120.2364,5712344599.17107,6529477329.02328,6010450897.064,4023491237.93627,3163705196.79927,159354633.67137,626784629.188244,2506502475.41026,74463839.2095707,6389448323.10517,99601595.0102326,4896508335.71107,2971015168.23203
2021-05-30,43184025044.7728,47141249182.2727,4498400345.06523,5609808156.14035,4862190052.97261,3392384686.18135,1639713144.15229,102432769.492944,468231575.663903,2246914490.78145,70346169.3689938,4315270833.7838,75150086.9765247,3965332282.37419,2114214232.06751
2021-05-31,30650274657.6953,37392021393.9401,4709152915.35553,4570869242.91231,5832058168.47196,2927395691.95211,1386880188.94972,79071200.5933428,408212273.682351,1766756251.16945,76740228.3047949,5050604850.98624,103422717.658045,3285371866.89117,2019637831.5715
2021-06-01,37950798680.4817,44445830387.9322,5388131344.60498,6691379571.89924,5422971273.52119,2987098922.83047,1916499739.73216,102016798.044071,828302106.417788,1762007584.05697,98827917.7332397,3836091187.61528,127025491.027962,3579242937.42451,2468673770.90794
2021-06-02,33536905027.7102,39898648753.4186,5219256634.64003,6148630529.12447,4995661237.23711,6733327602.34827,1555014124.73822,95158358.8239427,727392948.035141,2101993766.77628,75698411.7576658,2863996954.75088,99870023.9101531,3474451921.84623,1872589231.0984
2021-06-03,31240691604.1993,39148856525.2962,7211249339.15646,3994210155.43177,4311239392.2119,12390396037.5673,2139089062.75045,118743410.660929,1072527440.50488,1607975681.12397,78741736.6697763,2102683910.38443,82910278.7448197,2789560748.29474,1370113648.6573
2021-06-04,33396718844.5571,38104663185.4012,5648032962.14762,4088714903.39766,4342198250.21402,7531474357.20645,2059836125.17839,138838327.915398,774250025.838909,1650989955.97276,63488633.5809065,1805657113.93738,87454429.8060108,4756392331.59206,1432906429.26462
2021-06-05,39345490149.3146,39996583175.2667,7120226608.46422,4190246447.97445,5266527710.25192,6625853841.8834,1952268571.3323,130131982.304811,785191787.52598,2109667506.09402,62218719.1185611,2955479134.94698,80406762.7617967,4107957499.86693,1950875733.04264
2021-06-06,34068172835.7667,34731979704.6017,6059655293.9844,3708513148.3181,3816423285.67436,4141408439.96989,1415753256.43265,106947811.761073,479285273.320799,1531313184.91402,53346618.9491697,1771200361.12874,84852776.4808288,4608296274.1735,1443543816.98834
2021-06-07,27689283070.8369,29050162248.9389,3240284906.45969,2623774416.91851,2437926136.96091,2150393720.37502,843204626.120887,55449625.5553048,342765878.237615,1169686561.78404,55464055.9028691,1205866410.2886,46928263.4502036,4112070816.44717,794052112.624586
2021-06-08,33345528753.3402,37385872210.2505,4201944881.62432,3741492369.39608,3066840697.30452,3149988270.97409,1280241352.38567,150139153.426533,437619659.282224,1281077219.48623,63256819.7395755,2238372756.04458,56149756.9490962,4131886187.53355,1475311733.95794
2021-06-09,46727462986.3665,48344195673.5211,5693339245.57785,5068666284.18573,5159314256.68284,4351006875.7847,1698751463.52886,147281949.888473,750509562.459674,2098506228.82373,65837540.4945398,3016747199.16673,57506516.516612,5040603141.82019,1821025557.37336
2021-06-10,54511387836.115,43973432438.0826,4575803882.95832,4800163646.11722,4346881435.23596,3815915047.71185,1452158373.08715,128547102.191966,510505507.838397,1667915337.851,60447322.6769027,2202132307.8585,80575360.4306746,4904612517.17899,1624847274.77598
2021-06-11,42952476854.8346,33075957436.7607,2560252759.46858,3598275137.98891,3410895121.61098,2902010287.18658,1437709901.75998,106540918.398616,394909449.492576,1871222076.55518,46695708.0915625,1274996833.91694,56011145.5107847,4243951844.36107,1144246111.87783
2021-06-12,36358044262.7098,26751786966.4787,2396764203.44338,2718211293.1293,3307214954.89851,2552815812.72929,981770548.222529,94662491.7834828,370811722.336908,1479748329.1807,44449386.5192641,1109446558.1417,56926803.0246326,3895606191.3674,1012586734.99592
2021-06-13,35710196743.3206,28235882061.7069,2255909259.60942,2834495585.97834,3828434533.03668,2255997606.85323,962136083.162879,97952798.9297573,555589338.677313,1231431562.7093,54680112.0331762,1856898584.78195,45670820.7851426,4158545990.35762,1269382863.30465
2021-06-14,38185633278.2872,29382118964.283,2179322818.63803,2761114938.21725,4079349030.46088,1933176773.93722,802526585.392608,115599101.427542,449373619.420623,1158125553.78364,53440986.8087069,1862759356.3061,37763595.0294144,4004370971.55806,1328820190.11326
2021-06-15,45836408439.4516,28128172338.3472,2315715122.63957,3268149002.72371,3516582796.26226,2303945198.67288,2102058923.78099,108610604.315352,475616913.594899,1172636330.44485,52349816.7347631,1943301935.80559,68117104.5720291,4296564808.82835,1306048543.81559
2021-06-16,36706248352.2371,26803957680.025,1840165427.45252,2862140885.09957,3023834612.64686,1827179804.81602,1499821201.29956,101565623.970485,1227957504.6947,1114269539.46803,47791335.3444031,2609137537.93641,51316708.0465717,4359671175.39515,1270307654.73752
2021-06-17,36563438889.7854,26150320394.5278,1712882448.63109,3220071877.85845,2880220476.45556,1849556139.30953,1132504108.43229,98010447.8391085,1074867532.69436,1307545917.79113,58614893.8253088,1770554159.11493,45353511.3211918,4039845615.50309,1079949882.37232
2021-06-18,36330237284.4183,25708624827.0137,1476059646.48921,2511575473.32867,2431459358.44017,1374063217.61768,830343796.126043,127140118.492252,661435256.175912,1293375093.12665,47410417.0497594,1312080524.01286,40208747.6952376,3953930413.43834,843432512.85142
2021-06-19,35162612172.7527,26204484920.9938,1733550135.99151,2429585732.74107,2844133200.75205,2225163522.51894,861812291.617906,92381824.5904458,528848314.463726,1416155159.51136,48396608.3359861,1477772950.98563,81154819.7829425,4029183702.58149,1059988620.24298
2021-06-20,28858979691.7859,20456963374.9596,1215531869.41371,2038711275.86258,2406414533.20154,1435144270.82634,624793482.980967,45214966.5684358,752191511.586596,842854110.311737,48461941.5543113,1047024204.26217,35700827.8051924,3611447922.89811,780336685.310601
2021-06-21,35609127163.6224,26235850446.5491,1735848239.29867,3136090755.04362,3106578340.14388,2397238935.93354,889911121.876768,67234330.2890869,606638078.395584,1021048179.37007,49041666.3219287,1165109947.52154,37722150.1400897,3851559420.24329,1024853081.97012
2021-06-22,51873870276.5225,39499960407.7835,3167364633.19904,4957263283.1885,4894085554.78877,6017998978.6704,1604155701.6824,103211568.606766,671541571.690189,1534217323.07148,59651235.9655884,1807612654.80781,60433973.0832445,4092013700.57884,1852117034.07928
2021-06-23,57443014757.9247,38755019936.852,4239651345.53467,6329008646.89063,6862558968.59164,6153862251.57299,2207447798.60719,135535139.724197,750053903.516228,2039916855.30134,71828192.547424,3043192425.48918,65523376.4389803,4443587093.64459,2057186814.76736
2021-06-24,39798236962.4407,28098744044.5095,2979006480.62863,5631237222.31621,5017951872.05488,6409757148.69427,1395173769.7442,87322668.7080392,478210675.108811,1658719741.26707,54274549.6087057,1676649092.79401,60916697.1600294,3690311689.03884,1317364487.81719
2021-06-25,31862051544.3499,22447489241.6747,2214812922.82968,3071983450.06512,4220112004.00933,4350232582.77472,891444663.623374,63091040.9137655,372240362.874038,2182903306.53525,49565082.2455725,1084435562.79933,45771852.4575917,3524402470.01665,883251696.786047
2021-06-26,38635245431.3565,25981381067.4173,2246825827.2588,3395191639.10595,5197249259.98349,6643561019.51089,863464620.438274,61956422.4875839,812511882.717107,1987226599.31401,55962950.8202468,1133931485.9923,49715611.904871,3677922707.90269,1183038205.88811
2021-06-27,36873109419.9024,24249510320.7051,1809860258.35329,2672873984.74289,4299368464.20345,3495938718.05239,805461997.595292,51578836.5889701,498868236.445294,1490286154.41323,65418462.6891486,934082280.057463,50615934.2146916,3571420859.86402,1010418162.51511
2021-06-28,34335452117.3263,24316408028.1311,1403604950.21244,2318742760.03159,3290563251.00213,2743197484.80968,616294782.945392,41469424.4434472,357385108.721805,1119458879.13111,69126675.8077642,788601637.175025,33404788.3570515,3589959602.30485,782913513.309403
2021-06-29,32453802891.0152,30629329805.7204,1659011933.41546,2838366693.71562,3158547739.85624,2479287618.66237,755671286.836032,54767030.6637555,513588676.507262,1105633905.93289,59938276.9346795,836895696.818239,36110486.611165,3681116042.73048,983184174.915378
2021-06-30,35121257875.5466,27149143846.9589,1889939149.81149,4215461674.40738,3523964121.85875,2762721209.1323,935736808.198993,72926426.8290612,1052347177.28172,1567418371.21604,58677454.240086,1089210964.62775,49406527.5178462,4057687140.00469,1054922443.98099
2021-07-01,31024153846.8785,29046221905.5034,1790095432.86894,3241276897.32878,3404132646.2704,2571421533.92693,858783153.101019,66998154.4798977,766365450.1813,1707007424.54125,61058305.4428229,873591818.54315,40698575.7155779,3906660697.65417,907152170.768187
2021-07-02,29129630236.1408,25874247678.4886,1331378980.821,2684814772.46297,3076399891.30613,3268541857.08124,585331700.71226,41174708.3969743,470490755.633849,1338402260.92221,66013692.7465651,657715146.415638,49588200.3362642,3899940586.85163,840146133.231591
2021-07-03,25084046353.1695,22869223901.008,1025692279.21763,2075137068.98409,3183425155.50445,1889927472.25063,468816447.805901,50295970.8170065,347180306.413985,1141455725.33768,48261807.1479663,524708661.266056,52530946.9753729,3387165899.20792,669998149.433142
2021-07-04,22986053604.7043,19954299562.6991,995509864.169333,1807223370.98381,2665125395.72684,1227580789.31085,433677879.52715,47215646.1663228,383766540.792622,940066905.931455,49701101.8807062,466895417.980294,45881688.2084241,3006565118.89336,507861559.429832
2021-07-05,22727930417.7488,21119209512.997,1239182756.23443,1664617403.30356,2209143952.01224,992614863.967645,496919154.301387,73970756.3985549,377026515.009599,1072230608.66297,44725699.9450642,554696963.710088,34159322.873118,3670283591.52774,736556098.521299
2021-07-06,25894820184.7451,22592756940.4151,1342883414.64289,1948795190.17249,2786935974.3858,1334518761.29757,574183925.151222,79219510.7272197,411327043.232572,1066816967.89963,52380507.0168336,558428295.165056,35185350.5569861,3708169980.99254,688520281.907616
2021-07-07,26106856611.9233,24748897613.7097,1844919548.44592,1937393189.31069,2379438477.48711,1337006929.65716,710889640.594651,142034942.51575,666514551.779993,905777527.590006,149822305.76434,615326977.745173,37385489.2053883,3407723798.40315,1039774686.41035
2021-07-08,23692220470.1351,23352988376.91,1783548169.27984,1618780258.26458,1573433402.05842,1148728839.7288,1071108684.88236,108541638.680505,389480583.940625,920669464.299834,66763921.8319798,631685509.500721,39163613.7758505,3667118455.99029,987570560.130996
2021-07-09,29065577052.2972,24133566100.8645,1619108527.80132,2049499074.27258,1527044342.91272,2153838620.85735,803984948.962452,82134728.7320182,463144915.731553,1115885436.43218,46502035.3493311,601435631.962898,31628471.222641,3652300391.00372,962173433.546484
2021-07-10,24282108111.2157,22262234450.0103,1165805306.68515,2350318273.95757,1433266560.02006,3259713674.16771,541920808.065458,75841045.9279015,318390417.653714,888427762.096238,50487763.8845442,498045413.903801,22521144.7863529,3563636303.10029,737929885.334344
2021-07-11,20558304483.5941,18091111748.4408,944409662.650123,1673959405.81803,1016273066.96528,1746924474.01376,420597815.075561,40133340.7762142,297561145.328446,794567260.314042,34778644.6209362,362405143.583211,20380109.7193954,3247344469.60924,583728399.579473
2021-07-12,17798828844.2723,14249909363.1311,905890795.030015,1337323439.09257,799297957.404422,913246174.190628,344870666.666876,36054335.6344243,294725188.994309,736852906.024392,57284938.0927982,261946721.76157,30687032.3543946,3228170812.84585,432269926.251505
2021-07-13,21683885320.6113,16403901753.7972,1315081652.38967,1674043993.30395,1206400014.51534,1253672403.21621,448242274.993748,63099782.6734113,375150497.745367,803133606.478625,40886829.6549568,452794199.99202,19543992.8061029,3357075124.1529,517060798.578487
2021-07-14,19932531699.6246,18210922217.7032,1018690262.72714,1552901484.83369,1116285682.09247,1334275682.64235,392671006.924547,53572502.5191443,308187905.16038,749624464.882782,47469591.6524899,398497433.129126,22015095.8665678,3165082657.19339,474935072.71102
2021-07-15,21779069066.446,20007437042.5854,1405296813.57832,1930227964.49472,1276828135.4012,1429641638.91688,594320913.115607,53868598.8054052,381094632.512695,915703129.341126,154001153.307351,567227034.182357,32347302.5007036,3189783983.80448,604089386.464901
2021-07-16,21557729227.2843,17978198759.7691,2047778368.48787,1583678938.39837,1134344778.19708,1161312534.36633,559591550.849168,40991543.8412848,316418421.674577,950007952.06841,47736885.3858128,410231684.057873,51714432.5142321,3317532729.9438,643424395.862742
2021-07-17,22671859962.6636,17448403933.7244,1501110588.12943,1488773939.65579,1143827311.44909,1410700419.88204,552734556.665218,49170809.2043283,259139921.110176,889507565.874221,47408668.0384105,401531566.778667,35793439.326149,3136923651.85058,600169163.428709
2021-07-18,17715455994.7894,14920352990.2169,1129480208.91571,1604653849.40935,1020948117.12631,2708790553.6722,602223527.066137,29938225.1669348,261018710.256405,795005358.722869,36343010.4293598,378756494.750971,52273998.1687079,2976262128.4487,603602950.591749
2021-07-19,17742105807.8955,15355055465.8032,976999132.929864,1167325757.06688,886906470.474854,1524012211.5875,491685992.458106,31104251.2546998,258783570.327194,628402724.051578,33089784.0382057,348458406.294828,32711193.6977242,2967851288.05446,513956835.101431
2021-07-20,20095540828.2957,15768554506.4258,1139685728.61433,1389516652.85894,985379234.764893,1157741991.66194,633403592.166394,31205957.5831569,296262637.88887,705063264.192584,29562274.8181398,344240693.831118,34015926.4814821,2990123487.79424,606673026.582659
2021-07-21,23000299061.8963,20634025154.9144,1614468141.86049,1679476183.74307,1744496673.59476,1798516247.33721,604314613.682359,42790167.4879612,309617747.48828,721263963.204845,45095319.134603,904449294.044816,35243703.0401698,3128813179.30124,756102978.55595
2021-07-22,29070652059.995,25849497421.0282,1744179795.31917,2019404552.77175,2012660704.70022,3663618236.02221,943414148.436684,50500988.7067866,416543345.094322,873895770.788012,38042124.9063728,2068269781.37202,30143381.4313287,3149075123.35343,876707518.057066
2021-07-23,19741588059.4523,21655718476.4188,1324837574.96207,2245674032.11694,1355558235.8612,1590344694.49268,855200965.552701,39875725.7666835,272604832.579431,790641612.359325,36324775.028829,1343919613.84888,33547144.9394154,2912295305.71632,694718335.10281
2021-07-24,22937379734.6338,20760571836.0524,1619528255.77844,1813927386.36694,1049399514.71247,1382745728.87825,748669936.778572,36373388.1416935,276982073.474881,785461335.315538,45065096.7049508,937587925.019327,30681884.0470684,2957662827.41754,650429881.588493
2021-07-25,22120323672.3672,19333415460.1112,1507391380.40436,1614041890.52682,1102999157.48836,1550001043.61388,647617803.3238,43637266.5172101,305629253.878087,766404454.590831,39824786.2252056,732607141.68265,54392876.5145349,2892626257.59551,662738291.768625
2021-07-26,20929083220.5368,16557827418.5033,1241688365.9733,1383796680.00153,1200884822.98727,1651934669.85749,599123810.850631,34991157.8478645,248512432.865788,841787700.437438,42329456.9070905,569673931.161704,68977788.866261,3027060650.36404,607809026.595323
2021-07-27,53550491997.7231,35197538271.1469,2462514230.17413,3564334796.50718,2865774184.27769,4968959293.39827,1406472419.62804,95570786.969028,489649430.682477,1340501744.65046,54267432.7145955,1874618892.76048,86532651.5781372,4205914109.58254,1593123749.31012
2021-07-28,36401287454.4305,28862032737.5532,1687336696.44249,3032121794.80428,2043574309.98949,1943998807.37945,924272223.927141,56068874.2226747,247310589.866838,1104219762.5712,33524903.9328145,1380782350.67865,59934835.2027531,3263205783.131,1037473442.28951
2021-07-29,41369107422.717,23171592869.5943,1446736619.94629,6697161375.93105,1679739540.33144,2209278392.727,861496261.000129,73625406.9074534,220685996.113465,1075176539.8549,43150001.9381375,1076535715.8839,47827400.8680385,3486987583.35407,949386579.856829
2021-07-30,28717414113.0173,18266719970.9616,1155821715.14864,4216397874.87339,1308983957.46213,1730901237.27296,859675435.11892,74291681.8012946,240463054.769505,862933013.580304,31162412.4339269,447798134.63619,40359081.8415725,3576306507.52821,607923416.456254
2021-07-31,35530501782.5209,24040211451.3655,1393575305.09811,4070677889.3198,1393986955.70279,1588419178.87634,899105792.421288,73489632.4578516,232242191.495512,944668927.538052,55763778.457778,708968914.563888,49151580.1302955,3460123281.81475,1753895144.94461
2021-08-01,28437941447.4993,21579519281.2799,1506775910.70566,3136242263.00418,1223097832.13792,2028990906.96775,970085119.052248,73531554.0550987,204747118.013938,975842960.369711,30019294.8064966,678673262.864415,56484661.0424196,2586923922.27722,1105673122.52537
2021-08-02,28555173661.6638,25689002090.2794,1645961385.24341,3243277119.21878,1556302739.11753,1882827393.56339,2222122744.80116,97279937.6343111,292507596.866049,1069825279.28255,28175787.6826383,782867729.060511,46446573.8454437,2818309991.98579,1173705962.94139
2021-08-03,28057528866.2621,26664958251.5823,1216112763.14315,3341261818.62084,1259725180.67874,1012290885.68391,1322342228.41245,60151366.8009347,229176267.520775,1003122119.69528,48358572.4854514,608852029.279039,47764504.8260236,3105628608.6897,1174623506.41092
2021-08-04,28422901237.1695,26304380467.4342,1140522219.23116,2831324444.73908,1858096819.74937,1036830115.39125,959709619.389404,69250145.9639111,207462429.386714,1026543466.20746,27064602.4636234,472152603.612508,46502328.1696403,2903807306.36669,1415000503.20416
2021-08-05,27751046040.3293,29356647318.2501,1127855648.60598,2915778567.79188,1727438117.27285,962533708.834477,1291235791.16191,57307038.3195591,199716998.48709,988493599.152252,32879502.4479842,478893880.137362,43269783.3908414,3274330766.40308,1193169797.40757
2021-08-06,38527930905.3152,37970347683.5655,1380115123.77959,2696635219.19135,1691781854.89372,1109943587.29517,1270447579.78948,62445885.3532729,227932367.854278,1408669270.73057,45642657.7583197,576310795.403167,53262355.501045,3608361333.54924,1105770147.41083
2021-08-07,40840608016.8431,30876444992.2757,1382018983.16249,2823587160.45355,1588927106.33061,1213952377.77642,1293430028.7762,89832056.213165,246719940.688113,1135096616.13695,40821645.3388114,557347478.998089,46799937.9979334,3609055458.77315,1088167819.8517
2021-08-08,42725276705.4651,38870720439.1869,1656565739.44117,4488674219.07802,2480585765.83067,5055948133.06436,1269915497.35513,111722663.79229,714516636.258073,1426871176.09938,47370834.4655133,1063531221.20123,83154589.6047141,3976557298.59445,1028863966.62947
2021-08-09,39633218478.6153,34209269717.3226,1404615891.44224,4467786533.0025,2265330765.16009,5671545397.4692,1018656074.63664,71372208.0868444,961887564.32806,1503899332.71088,38958170.9488439,684095725.449854,60607682.5023048,3895045992.06731,900348797.458898
2021-08-10,42726733997.8578,38510599666.5519,1395603017.68662,4313429775.21155,2142412777.08079,3847114816.3743,1053844787.99273,127524432.625911,476934202.724795,1385050219.18435,36069798.1985031,693797541.334128,50275260.0575519,3867836111.21363,989277023.825304
2021-08-11,35669862361.5463,30456934757.0211,1905176129.77314,4471863525.35778,3676259235.83301,2974048188.61956,1135180262.52139,113165388.602496,336635512.399013,1204073106.76911,39980966.5086243,810012505.85132,66621567.0482831,3958141840.643,1082979491.37967
2021-08-12,35679832771.3715,28540625893.8746,2195319497.55928,8624878007.73982,5769853245.38538,4170979331.4067,1462398351.25934,109606878.109909,526920363.184324,2308261867.73721,47139090.6907219,2188993431.86951,64376390.1937232,4184311306.5086,1384454667.841
2021-08-13,35838614930.0404,28111908833.7308,2038927323.18386,7982967680.97901,5153417333.57646,4540100217.9996,1239209131.02663,99341456.6538537,420230627.089398,2373097381.77104,42888607.2809064,1794496705.71436,165715796.775735,4108214150.84712,1148446157.47296
2021-08-14,34320865037.1646,25989682658.6423,1593153826.49861,6770637886.20246,7460225847.35843,3060479635.13475,1111594036.731,102606598.641834,376586698.338382,1360615922.49443,43561482.8099368,1665858734.75057,76768791.6843491,4219120097.21367,1109543009.06269
2021-08-15,33294851810.6485,21723717067.764,1812232421.46221,12155352324.2858,7578458477.11021,3761196112.86864,1157508341.23896,98943570.9210494,605789097.372467,1399490511.35704,38510817.7980554,1049184914.61576,72434305.6344641,4493209479.74578,1104036409.07844
2021-08-16,32863850458.0053,24412292890.9015,1554988599.53716,10902516170.1948,5241111651.16873,6519860020.32415,944471290.061395,85919858.8820541,463677843.822702,1446434999.71859,35344196.7461573,825848470.389223,63328719.1168436,4782546218.94763,950128281.366571
2021-08-17,34221605780.0014,25922917846.0465,2290119855.40085,8267311800.32268,3685779291.05724,5527423994.37718,2081379320.93771,238173752.043093,918750037.686357,1486304266.34577,39884658.6267527,1212293135.02806,103911216.38835,4441011603.54699,1846650788.60889
2021-08-18,34488116651.1845,28303010380.7042,2233266778.46263,7615205365.50067,3125753687.81868,4619101459.80995,2580123102.60112,708333685.523613,620577459.257271,1163134410.6954,43341611.8697726,1201399361.61846,230217049.551043,4416922387.31803,1735916218.66015
2021-08-19,34668999387.8382,23192419118.6479,2128230790.51607,8061965404.00668,4160522472.26979,5030258841.92459,1897698075.3013,1088055292.83837,453890957.373829,942981284.130838,43562171.5210197,1054805606.0894,327567755.936994,2676946108.6853,1439444167.50942
2021-08-20,38434805722.9527,20590444717.449,2487648986.84471,5252378789.93109,2928122400.31411,3314193220.2151,1834951374.37869,1166951815.8625,336681522.428373,1043591667.5639,35137843.2700405,542087985.733371,197489680.966121,2884742604.07566,1445504632.03302
2021-08-21,36497089236.8711,22079051284.7997,2261975810.68877,6979164637.93775,7300638937.25591,3003645597.50748,1906428283.98112,869869763.961002,347709370.259454,977265230.031131,41637150.1956729,1307117643.86842,114392016.028544,3265497202.36624,1625996458.9692
2021-08-22,42147725293.1659,19339185909.3674,2070053098.35723,5229699024.88753,3831313599.67704,2219159988.72044,1614836574.9771,1857695492.21304,292862020.877009,927230737.890052,32235124.2547658,1553829965.48906,387963849.769456,2952409280.2312,1316807165.987
2021-08-23,27110183703.2446,17023426890.4008,1602226689.07499,4757633980.34847,5514366048.47025,1919024710.66229,1316710459.95581,1091134456.61457,269876413.877893,815329314.190675,33183659.3489919,1132547141.7952,387528581.969321,2384715114.51348,1284691375.82703
2021-08-24,35800255386.4137,22119621924.5618,3634433588.09794,6713418548.76719,8491098515.54079,2493171818.90852,1346642387.4208,1477827368.34003,304869968.513202,1152805093.96932,40017167.6451291,976567963.462691,201507265.147876,2957108319.42843,1459998156.50761
2021-08-25,38387146174.8706,23531754575.6799,2714285782.95729,6389709602.50655,7960262411.9015,2760490446.12169,1562256496.432,2104158288.12407,658712629.930734,1244886137.46593,50081757.7911038,1021859188.00773,194338740.714425,4331155285.76597,1462081545.59879
2021-08-26,33517327123.5554,20438475652.0445,3135514100.43147,4651023694.0447,5484918093.24878,2155379873.91754,1426104606.95298,1475815545.36714,312971414.665704,1072126835.50471,47118845.8396797,838083882.469208,206189005.519788,4842344073.62027,1319105775.71305
2021-08-27,33774857002.9282,18755498273.8007,3235994014.89514,4741112858.19567,5553986642.22001,2079136312.78078,1307436888.23463,1161582825.30544,295771346.046236,1109541354.04765,47118450.9417138,621537176.724959,190064075.439728,4814128080.03616,1214280933.26287
2021-08-28,34607868773.3984,18470749435.076,2356866526.55028,4927038356.46605,7089768799.54316,1989544800.79438,1360622439.17874,1572607655.79239,292903845.96564,1125086981.71374,49768181.9427108,1000754758.98,163562469.890507,4910482047.2457,1151616405.84601
2021-08-29,28491785397.3658,13957284069.5858,1575244679.63622,3356486936.28989,4107700418.71403,1313330273.56764,829101579.107772,965252080.46,211564632.800214,911664081.468369,37972327.5714573,685826662.049088,184966016.210353,4763635574.36068,635236280.50882
2021-08-30,26244843557.5079,14110206249.4834,1549893105.05025,3051611593.02882,4342317757.38797,1282203149.02753,678938725.041864,738226945.082244,215975076.422187,1103455271.23766,55333607.1036322,606000154.561488,263372282.755408,4919804407.75343,702880213.538228
2021-08-31,32326073271.9196,21741061738.5938,1882612669.11341,3388125204.93445,4154229341.14908,1568735112.03806,1464426120.14528,807099935.860155,232139879.918174,1004782749.60409,50762336.8323325,819006597.295098,180653482.739488,4768438417.86729,939632802.536032
2021-09-01,34868965959.2451,32201644522.6443,2264660553.35555,5799191345.95538,3914011834.09911,1560409724.36015,4569057825.19961,803631238.125341,286271876.016132,1379178624.60215,51907292.0035988,1083615585.056,152895209.588474,4893241737.50864,1432869187.37827
2021-09-02,39060601275.2127,34465100677.9988,2082474521.46136,4776288908.80461,3819285059.08819,1738116784.96248,3159549414.57299,992127412.056959,242785777.724633,1338861801.42706,57973463.6404211,1560696928.91784,119051189.322971,4935289021.25384,1771226269.73196
2021-09-03,39362789535.4604,28115776510.3679,2163061555.83227,5088919871.21946,6329404683.24648,2699139125.41082,1792704918.92373,883771525.713069,268751643.144096,1745078807.03273,68694888.8023318,1183968629.16047,106465644.306863,5134314673.24498,1554856448.43265
2021-09-04,42934455726.2885,30463347266.4265,1961841627.41668,5627962921.35164,4310135202.25763,2081922368.52141,1894789965.77057,1237827428.65803,242687761.822287,1942083624.97159,50438068.4205656,900520202.839756,413125541.729787,5897893281.21231,1555947905.30109
2021-09-05,36985805206.7294,24002848309.4245,2164375128.68784,3879457061.05016,3678225416.89732,1964249165.76375,1155544794.47139,865449809.518935,347935516.524157,1353529238.89554,47348378.2394098,2179616389.04563,177929524.631526,4829997104.92309,1075909712.15532
2021-09-06,31765191430.1713,19760598542.3004,1654292586.89462,3722441377.07247,3222834374.35897,2082920314.21016,1262460653.60883,709042046.207445,282550587.806608,1350457104.68826,65196435.8272684,2161766058.22337,136059505.122242,5375628553.87768,1509759930.54897
2021-09-07,37532574716.9024,20190616165.8551,2038975191.80702,7118678175.87428,3596945427.95646,2245729272.34942,1659932503.45486,1120372843.7106,314948667.623691,1398401026.88835,95949982.0132915,1530368131.1756,174487824.512998,5754152353.1842,2433785072.02785
2021-09-08,64010507329.2719,42541561062.4453,4229772993.34852,8624946310.92707,9579264086.05716,4813878569.58038,4111825922.31387,1450629735.65311,563109118.365026,2171550694.90904,123025471.215723,2839649877.08624,1303310091.9585,6201041196.57489,3627207146.29207
2021-09-09,48151104381.0848,34175479497.5158,2645148614.5047,7312860365.76296,7155681412.91287,2760848633.92895,2523472271.32102,854271381.404361,917876870.743497,3294345755.92723,72030973.01825,2076261412.70306,2135320629.56656,6327776022.32215,2465782007.54203
2021-09-10,38581092903.8442,25796050344.0253,2170756408.11356,4560820267.41978,5008904927.50982,1529800674.14536,2236812413.36737,1286851566.80863,713703438.047125,1564322116.91923,67834392.2305728,1635510580.61775,1158291722.1045,6191060837.32169,1933789041.65472
2021-09-11,38051987740.1577,24111446202.2049,2068447271.75929,5795054546.93884,5063772408.97633,1562458807.00667,2729974247.8725,2281863152.28538,416290241.954377,1773522749.77391,71205053.9226954,1394843799.59047,714900261.675217,6201293772.37552,1724958546.995
2021-09-12,34160277726.4411,19742335705.0399,1416277397.00752,3715232220.35363,7277175317.8014,1006708882.03731,1677342484.66531,2453771422.74369,210629890.159108,1791083048.74771,42801157.8603735,858142989.540201,436231539.793008,2970637465.43247,1030301994.99831
2021-09-13,27585855039.2206,18149841767.1444,1500885417.15893,3465975902.97971,7402829012.08398,1276696516.52179,3341446624.44116,2662564855.1259,218820235.451525,4294836558.10596,76553850.6193452,749284226.242904,418959940.484994,7350710716.35339,1381007875.56839
2021-09-14,40683028027.855,25897933725.9802,1958341644.71533,4231526906.01634,5428095004.00704,1596229041.80159,5604723293.86819,2456626059.96341,292462219.492793,3033611368.3404,75588635.559528,891995496.084599,347565987.676438,7765976845.11681,2018390346.23967
2021-09-15,38645575965.5275,21080767347.8257,1471666239.08225,3535592613.05314,3461669464.28395,872222557.091555,2939726407.27059,1204443523.11451,168317336.354531,3555707704.21274,48107725.3754437,836035832.601893,341354645.61943,7535626419.85397,1828205384.85131
2021-09-16,30037816650.1285,18985547836.1914,1561669782.18645,3333096499.55055,3923375598.29288,898438545.716699,1625848750.93256,1098543372.98634,187612569.275272,2402082650.96275,53652275.8115103,791738350.751488,320616796.412527,7111412211.12701,1812550197.41712
2021-09-17,31578783374.7687,22391476966.8771,1566913036.09691,3353442627.88178,2880421283.97781,1067493819.7132,1710265888.00508,2773205453.40851,1468539999.23133,2047413048.74491,65192956.1932518,1152716416.89558,236555176.46102,7102752388.80187,1614080006.03904
2021-09-18,27731209179.0523,19039612529.4441,1394676417.05229,3302953461.87787,2101364343.83168,1986733762.15939,1782611570.31378,2071174275.26123,1556415559.23759,2416052199.49128,132471162.581693,1041687423.1181,189906380.977045,7317825400.19262,1290180003.81793
2021-09-19,27630476157.8273,16278153590.1321,1189676773.57064,2826213578.20646,1786853952.61641,912228844.282018,1327354227.93201,1919255860.47526,464826455.390749,1333673951.32252,45117967.6741054,769314524.455532,299003847.599309,7248874258.84279,969729587.677354
2021-09-20,26163167368.5944,14500103698.4941,1153474187.82526,2689597572.74796,1890751815.80932,820705631.707308,1019941670.76073,1742588477.33506,529108453.871561,1114811770.5373,39314319.864533,611904089.654574,476070784.529683,7345240606.27349,818519778.329281
2021-09-21,41220025453.5186,28477674119.5653,2187191463.61227,5679575996.08354,5304108501.53843,1920244276.86675,2884063141.21612,2358181746.68082,547606563.888744,2097365935.27456,88208721.9382789,1220101136.55385,684765521.485229,7557450392.88015,1744721051.28645
2021-09-22,45940419565.0828,32062935710.1689,1890967604.2297,4843258119.06593,5359857791.2873,1556838498.52134,2393207898.41396,2494991964.83418,346231624.323614,1770844743.23774,64654800.5217574,1109838530.58773,397346176.138972,7034199591.7092,1613474202.00804
2021-09-23,36624234960.053,27084409011.0588,1529450796.81793,5342990578.20909,4336704841.58019,1753590767.55184,2179016958.34305,2405525026.01479,260393495.038541,1476083311.06601,52832035.543263,1018507061.23771,302510497.982386,7235550779.26964,1305647884.42635
2021-09-24,33594750549.9986,19536554032.0844,1399652340.61711,4349288006.62975,2859554202.02737,993468486.159726,1701994083.15139,2291368275.47594,341264418.574564,1137678238.13903,74675472.6801743,703141242.89357,472528548.921911,6992027537.31601,1156230796.68922
2021-09-25,42973070342.6503,28504692815.7581,1956077739.19895,5002962524.01215,5125188372.20766,1650842493.75896,2858400513.05123,2180885292.83495,417422036.364333,1559415387.58694,60679809.3541131,829334430.776349,489956485.514969,7078173434.46273,1546272258.49643
2021-09-26,30898116660.0565,22533679023.5724,1270920363.03473,3397129864.9475,5042846268.65962,941382051.940913,1508016469.17069,996878876.323167,206572761.093301,1216973749.08697,31129874.0512778,651642638.651894,261860347.100505,6574896068.3498,1294999922.83677
2021-09-27,30462815705.2837,24916718280.6927,1841498071.12151,3744659769.98897,3307540082.58756,1069225816.72171,1910397670.07677,1235523204.64942,238516917.442953,1468649349.4437,44150225.4981161,741907083.612196,312083516.882532,7163019080.38213,1800385251.59163
2021-09-28,30483144439.4526,20890327693.7246,1423797942.6804,3535317785.24662,2386436991.2062,756949506.479084,1239547492.51318,1164837458.89423,189525429.370505,1247473171.15704,37037841.5806662,598994471.805344,226544350.298078,6733689771.36108,1033739202.83453
2021-09-29,29691944223.2928,18975426962.4995,1258434685.7705,3255751838.19227,2544152362.19819,770680216.895635,1133874857.21155,927139588.151088,211113771.224688,1195241842.39734,34884085.9185782,512427975.964145,209029813.613066,5400297523.60372,1014146025.86575
2021-09-30,30068690311.9659,17522543131.5811,2218687351.95791,4115648364.82405,2297621518.57907,793650712.760767,1141653463.51273,1296556406.22102,180694105.164899,1121902430.1056,36808215.8496224,543730210.443207,298795500.497053,6736397019.00408,959094246.343978
2021-10-01,30859918334.565,19400423828.6223,1699723204.64417,3810704690.68687,2092736072.86486,772968140.061331,946076212.744287,984994428.32164,292711703.742093,975275033.757626,39172827.6657966,586344643.771929,257763733.695117,6960019927.77811,921098524.958979
2021-10-02,42089383189.8119,24368105704.2464,2049639019.1786,5450641793.35395,2511823046.24313,1253107756.77064,1539100178.70168,1077107269.75955,288599956.894615,1180672462.42246,55236140.0540522,897200922.222904,314010196.868873,7470660334.84157,1209726617.12539
2021-10-03,29742127387.9561,21335051735.3318,1699720379.3069,4306337139.69443,2194904017.54722,1018419282.24909,1093592994.39934,1036199927.90405,289816370.067476,959169144.230883,40119047.5637338,775986368.181296,213189513.355073,7033762275.37656,975093495.520491
2021-10-04,26034594561.9634,18130363405.6852,1415239078.77464,3984603570.93598,1560814022.05561,962415744.881287,981313959.139012,818103603.569461,571169406.516774,993336551.656507,64248472.5105415,774261228.808194,243357684.220527,7397075628.65081,914842196.778914
2021-10-05,32691763060.3191,19898468513.4755,1586207427.03375,4055935516.58683,1630672169.71237,3200327908.20008,1068187920.88166,892718203.803919,4506541023.24137,1242528699.06851,59303326.0921263,758691956.197264,256518053.334475,7464701990.77113,1010407961.50916
2021-10-06,35480330025.0279,19024921944.4927,1452505521.35099,4618206775.55454,1499391673.91691,4068637354.38044,1153342607.52326,760243140.548612,8379533674.10013,1868328830.02355,60194175.8588216,683894392.130821,246289017.308635,7504591051.90559,965956924.926952
2021-10-07,48462388015.8015,24709364134.2356,1968600658.18275,4763213321.92832,2144512119.75327,4110248358.7525,1673853881.15698,920546801.203922,12943843777.4846,1770767122.26325,81163309.5780303,805652057.026945,224929179.641442,9326532573.81365,1278611228.70915
2021-10-08,36549815857.2818,21186801824.5711,1940999669.39562,4109614452.99614,2669936578.59828,2758950037.04382,2437285587.37526,862127896.224323,17979285472.5911,1672386686.37543,68881663.1568108,779723651.724878,304227709.575253,8371812901.2422,1174576942.44371
2021-10-09,33935485256.8262,18144469093.7796,2658332981.97862,3619180042.95103,1521104723.94801,1764985514.64206,1340022268.8006,776023722.297653,10919585067.3235,1440005271.31748,82110713.769952,1168481107.35719,271578506.138494,7792638662.58757,895901735.890626
2021-10-10,31927344846.4468,13815631715.4478,1353245268.38411,5215457308.27369,1322555134.04193,1347892632.63751,1629814362.54364,318424321.498121,5792978516.14293,1811487832.60498,53501242.7976406,718479322.91924,136471351.243979,6983555492.6897,910334742.807201
2021-10-11,38579271671.0699,18106607784.2629,1339995646.38185,5873832688.55618,1430279071.75117,1155512151.42206,1612950927.48386,438618802.404477,3247920501.36306,1208472184.57233,49012366.475581,628634402.01793,149535603.344499,7546165832.80097,782901053.402844
2021-10-12,41913482915.3792,20424407322.5807,1424414188.06425,5387182320.60242,1823096849.78201,1283161881.00738,1433542116.61393,576974535.77931,6580765552.57309,1084974461.28395,57456303.0714571,604162841.963672,136324123.205925,7789354571.39552,853296323.60323
2021-10-13,40021384610.6983,20207646949.2405,2953161958.33256,4900506651.73467,2149638841.66728,1692336318.63608,1663686691.70196,676331252.860897,4511873477.64708,1277122232.19572,67026557.9332248,668072616.320873,164860077.204667,7835578843.88211,995123502.548573
2021-10-14,41216945749.3466,18300885349.6373,4647235190.17299,4776071703.09429,1877291562.79857,1257916342.81209,4527734457.71567,596717576.332496,2821719122.10566,1248307749.71621,52756816.0303886,583694852.518971,144968430.43591,7943050226.55159,1044763607.48783
2021-10-15,35994603913.1884,21679175672.9158,2484696901.07715,4426576203.66488,1599892626.2696,1246214723.93931,2834739999.40492,516636783.38323,2494555983.09778,1129886616.08492,40367277.1510371,581061607.659328,216633573.751225,7861317150.80449,1360412068.9787
2021-10-16,53653355008.4082,23144188055.382,2781284707.50404,6336537375.78569,2748616055.35215,1697000571.19747,3340306020.12635,549140651.914912,3829119660.80412,1568145089.88153,62608868.8283459,4316164933.98769,217200720.322245,8702918130.0692,1220883028.76968
2021-10-17,35385452268.7773,18154520779.6564,1796083737.65824,5199617764.45434,1883705285.37515,1411776663.12526,2044464416.56422,726802965.36091,1720273799.72344,1056197685.17448,44091229.0154396,1408874206.25232,138403278.551818,8383556258.26713,1135620373.02703
2021-10-18,29625957541.6776,17263171427.4457,1637429357.91534,4324902488.19545,1425207571.10651,1339251268.40706,1678390358.36396,384762145.527264,2087017244.34078,1155296354.03171,37430068.6437438,731826163.03114,97848461.9550796,7875248598.29904,782907455.614267
2021-10-19,39610183787.2353,18931081929.448,1999076149.17475,4174250709.21067,1472254043.76181,4425113298.52691,1670187843.71463,298193732.870584,3597383240.26893,1098320416.49538,41751789.5238125,1244727386.07465,107156550.352627,8075492994.91219,755532564.111479
2021-10-20,42550624869.2941,17449609317.9766,1825139625.91688,3583236811.93044,1505341304.49288,1653401802.69173,1362586696.1227,365344331.10191,1514467631.6917,1277506794.18823,41656026.0270917,723247191.497362,157548953.786152,8178510501.26963,680755913.194566
2021-10-21,40790757381.6016,21926381355.4195,1833542986.5219,4201205302.34425,1964178910.71421,1734041308.20194,2051643382.72436,521653916.708892,1478080365.08973,1809042148.3271,40583386.7216849,842457013.872256,226275267.691175,8205651185.37146,1198102185.88953
2021-10-22,48709960685.5335,50122173541.0596,3033090976.75276,4665290692.84995,3295703229.71907,1710214523.06787,2259319122.65167,782051341.379808,1374269563.59681,1592088261.20333,62615834.1759977,1031940931.77011,384805847.040597,8352284263.97039,1627642782.02964
2021-10-23,40766460604.969,21674013294.7464,1898030478.47396,4143499527.45258,2074957085.03574,1864736299.19857,2422252174.46115,1177969976.92382,1150447986.2677,1409226530.97075,48453589.846027,841549519.171196,263338260.33435,8075469214.88253,1342360314.4695
2021-10-24,28505039147.7888,16499701301.3458,1129514282.59978,3315966734.68266,1350109773.28235,1578066915.82138,1133605760.26836,647412228.54545,4259049222.65741,1229596625.35442,36136677.715641,1159606742.59003,146850112.934567,8190126885.57341,1420013708.85674
2021-10-25,29982535557.4028,16494229912.4561,1254106530.29212,3311243968.64499,1377128075.2728,4942300324.4494,1174173107.44725,486222248.758102,14493652824.0283,1231400062.77837,49456788.6421528,843047779.559049,269908811.681384,8019665468.74773,1025063193.83255
2021-10-26,30852852368.0275,17031857290.3441,1284541316.63978,3497945390.72528,1479846425.61557,3340089767.1982,1262328203.41073,548267260.133935,7379666699.01615,1559123108.15525,46152310.9137052,888899066.506376,827916880.244666,8038758037.73354,1474217746.78499
2021-10-27,33233702858.0947,18925943956.1756,1508840530.11074,4594057660.5066,1975499713.5895,2714016375.81705,1663350142.75569,917253989.806756,10062206233.6202,2599712266.65459,57590597.1230084,1642540935.33225,644555915.333501,8051484242.61609,1426274485.99489
2021-10-28,43976252157.0686,28770879596.1593,2316775185.46707,5937361026.28302,4104852629.76495,4746122252.65591,2822544773.74668,938315469.394782,36046130911.0845,2095913148.00513,105400881.269872,2721999953.86264,555803441.404167,7231166498.91802,2104927367.33379
2021-10-29,52318597556.7946,29989860066.0207,2628914115.02896,6170566995.36925,3519101073.97631,18011898077.5569,2837544491.95423,589667245.944385,30440581021.6356,2607788658.51161,117056601.880819,3189131279.71405,478108448.398855,8137363432.94646,1513184633.26952
2021-10-30,38648967244.9518,25462638679.9745,2569613187.93799,4824774933.09029,2105358110.47655,5883306861.08508,2174026709.47082,380891797.163481,13745592463.2592,2332746866.8704,147449879.317314,2219071920.33594,232946787.067376,7982966959.7304,1161779300.74374
2021-10-31,31810216329.5299,15937401968.5755,2156161648.2092,4190514902.84763,1583695724.07621,3599197250.29836,921954043.123028,335707849.448287,7832286536.22009,2677170155.38814,170649700.109037,1135615444.22717,239107097.075421,8112444184.89704,781301455.053793
2021-11-01,32494948460.7914,18516249996.1869,2055395356.74746,6015356674.92355,1841470220.64124,4382941810.96479,1166429150.46825,384088099.316996,7647555222.43311,2482494898.00336,499813179.328483,1260219841.39362,238339256.376408,8301133400.39776,891104087.391804
2021-11-02,35834742028.382,19235929520.3062,2510289680.45901,4635542909.62368,1949617531.46134,2938224696.22495,4318501726.14525,550190112.318706,7789456540.99745,1560107910.59642,348648164.812657,1033840180.08178,258530419.653464,8260829176.60217,1157713645.51191
2021-11-03,37335066460.1553,22135519614.7321,2354014158.7824,4571603615.52995,1826279345.99851,2448991837.17989,2182640237.25421,428221495.515208,5159643111.25772,2481991618.64127,388215923.535042,1061616621.2795,239905160.601011,7186379525.12583,1031475163.58897
2021-11-04,36561444796.9302,22744538221.1432,2535572381.33403,7581930544.08609,3879652302.10439,2283948676.47645,3252716884.51412,1014395091.23106,6851144228.28668,2512188260.21242,398770954.940051,1749682459.00392,313227548.482348,7042571911.63858,1129717859.69367
2021-11-05,33152275947.4325,19583405367.2671,918351949.366726,5642672341.45536,2525252728.57297,1890709184.87139,2697750494.53814,1146238446.58488,11545507878.5406,1828198437.1195,578275385.927102,1071278339.38677,244924500.815794,8231789532.10343,893216337.696472
2021-11-06,31182137447.9674,16182205113.4403,823889824.004282,4233745983.90727,1514719242.58095,1653890893.15768,1720857363.09118,617052844.602348,12008690254.5791,1521001066.11901,1670498022.11787,700011545.503171,176761789.413651,8589008734.86917,1481076972.31968
2021-11-07,31423601393.1734,17697965751.1566,2732633332.0971,3646729112.52952,1412173130.1263,1589126692.60051,1627969789.07874,513939485.391632,6600552691.44402,1625368019.89466,564466640.600123,651724931.844186,203164691.08619,7945403108.32183,985201906.979014
2021-11-08,24877902989.7844,14665949273.0518,2959585574.60504,4196593069.92798,1250219546.47189,1309857042.28387,1340475200.62587,1358395041.6793,3068586929.1979,1626462562.2144,389782191.462322,559816536.927339,153803740.092355,7990524879.24886,674246747.080553
2021-11-09,105426313891.409,21226347241.3562,2736003241.60964,6510421242.80636,2522468276.45902,3923628087.17785,1651861930.01471,2004704771.94714,4555269161.20971,2352575771.3244,1056802371.81726,924768144.368488,224217796.418546,9173929110.72141,1379916944.05936
2021-11-10,41207912437.7922,20669583046.2878,1382513876.63471,5162156736.93761,6481640003.57002,2342348651.80053,1748304840.7502,800792615.364518,3076593035.46341,2803782851.54849,369191395.282521,1187637281.5293,349693350.431199,10476314212.8836,1265048570.72756
2021-11-11,48648563669.3768,25152889711.5764,3696723702.121,6861365706.08919,5390860586.36848,2821821732.765,3042657593.42319,1301955114.18165,4294474422.02816,2898294866.55145,263932615.666785,1446005825.26287,404657653.690566,8205513739.82817,2639266887.7629
2021-11-12,35457583783.2136,19048319256.4201,2337919696.52445,4931779012.40068,2672496436.96643,1818556218.30383,1783298683.20105,653430020.469553,5424147649.16676,2156715929.80239,177711402.10511,851457875.186609,495305391.42736,7299697849.26257,1809633866.62334
2021-11-13,36872626217.7414,20883749031.7929,2217116489.61066,4349613837.68413,2162176874.72478,1686591915.0121,1891156861.57223,655006947.228584,2747383077.40405,2222111100.63388,214159912.388446,776851177.199137,353297577.795199,7464152530.9058,1443055092.95383
2021-11-14,29677693457.3165,13954188613.8072,2130842944.85837,3253100665.4579,1323387837.9128,1344220250.10447,1068657955.26748,1099173474.07461,1589156691.98828,2669517774.7727,571586792.794352,543392157.605595,192232290.279385,6972353205.40566,769779077.938867
2021-11-15,26088449436.7171,13927559432.5462,2176186844.85084,2783129146.692,982316126.189191,1614387238.27855,844253258.68288,1132604956.84959,2352679936.19377,2268282397.00313,543309803.129334,519499651.701968,256930499.703785,7201335508.94418,692180881.707411
2021-11-16,32107212452.2984,17939105212.6701,2164485657.5901,3251109168.69019,1172113432.51597,1025389484.59704,1101847678.23335,1216611402.35864,2471801287.21952,3245667582.85875,1087236711.49015,564295637.035746,188770367.351204,7193677152.78649,793741942.54346
2021-11-17,48978396010.9682,30162258590.6919,3785748029.6425,4835970888.34076,2990618053.93076,2041858402.3884,2820151302.86846,1809870292.8006,3789251985.71813,2786173187.15317,534362727.733762,1105603669.50075,378810238.956746,7429210255.08561,1648627138.1155
2021-11-18,39200729529.4879,23532734478.93,2675180273.98891,3754088424.9535,2353167200.60929,1412685826.57602,1788604885.74156,2296426122.48528,2299631978.97617,2027620492.14868,2021533304.24604,908121609.912307,239942785.26123,6963275400.62448,1018276165.85081
2021-11-19,41828523861.7175,23825764061.5717,2853667453.44977,4952670979.68026,2206904009.05155,1731616054.15694,1985512677.77681,1879479473.0706,3416364762.04563,1989239406.68744,1224935866.31406,853963403.129084,266817199.179276,6942793634.60951,1122726501.14505
2021-11-20,37851259606.1422,21398451638.7775,1997409357.43156,3888778263.59303,1665910272.40457,1333859589.91049,1421375199.71589,1483215464.69054,4018897697.80132,2369312037.16001,604234721.075215,667015203.491216,180607568.043053,2551817751.18193,933062626.211282
2021-11-21,29676550711.7132,16407598047.996,1997292580.82993,2851544952.48438,1427460384.38457,934351229.217712,942752211.582089,2148220654.25529,2272383677.28884,2036723219.97897,514601069.093021,630936528.224783,177985894.629816,2578587926.94265,774148655.295416
2021-11-22,25743426946.9619,15090104727.2781,1939044330.21205,2255387934.71518,1065197817.12217,919422181.240155,1105619165.47506,3310625645.9637,1532998899.76048,2005959969.19411,2180022253.91815,474734003.265246,144798696.995483,2587181925.28493,748084285.147481
2021-11-23,34001467918.5283,21563803786.4985,2102538150.31169,3053644475.6671,1434520943.75656,1071295452.64154,1273900351.13475,3060244824.59889,1691602247.43835,2118601397.80701,1640622800.58007,612650422.346482,154492397.654698,2604420648.52421,867550602.225979
2021-11-24,36421192856.5364,23393688031.3188,2477156620.74576,3406271729.23011,1472329218.07282,1769899578.68344,1022163840.9831,1678257066.82347,1751607023.14408,1900760510.80425,1919728651.35486,945784189.361622,180865032.892075,2825900133.24391,807524087.485616
2021-11-25,31695369987.851,19881953842.3648,1684423139.75748,3196925598.80047,2764726047.22832,1252623948.02214,990884789.222767,1768376662.50082,3164279300.21481,1505875663.52385,2128307291.82417,1132149654.42059,204622736.277757,2979025378.48457,796420100.751873
2021-11-26,33721097081.4198,20241529505.6876,3220559430.76923,3323374794.83669,2278200155.44649,1199279936.55142,1061523199.14643,2014060206.37983,5701986622.87544,1369099291.77843,1655722224.95909,1521105216.71594,143919340.559521,2930553352.09733,898036648.530174
2021-11-27,41325811946.271,29276733766.8396,3590433261.2349,4293632294.12603,2630348908.63143,2369326533.05893,1990184283.71495,1602006698.5257,3593156981.94433,2471791482.36428,1192384573.48793,1536856084.28038,239407387.432544,3237378537.75549,1365940542.73877
2021-11-28,28256851067.7027,16500509901.6601,2286083326.02913,2784594053.44249,1250118217.70231,1226693533.06136,879872172.563254,1067712221.88166,1947343341.76239,1718982160.52024,1249313032.97151,685510512.493778,88468509.5384692,2427417792.00918,697719076.899748
2021-11-29,27659464986.7388,17408610005.869,1989683137.72959,3009148429.12039,1966773435.09913,1316180057.71751,1345484276.18467,1302494619.71592,1803217796.35661,2425848857.12028,982020808.413397,777867060.293433,169862804.655355,2671039891.33673,819345387.124029
2021-11-30,30985196646.766,20150915710.9959,2325905243.94337,3236264412.13937,1576848025.14495,1884339529.16223,1096283142.842,1139190583.15302,3337042005.79945,1833612008.04156,586510709.382926,914802944.025664,94652861.1140369,2641043894.06434,788069023.133
2021-12-01,35723038603.8306,31531135168.7739,2439816624.45776,3219272264.01436,1572337424.09853,1703432997.24862,1373406877.46419,1692359874.67021,9213910913.01244,2099466338.79273,654348672.536764,1237372770.56798,187064770.932194,2734917920.23714,948925997.206963
2021-12-02,49383073891.0005,27957934803.5599,1515106862.65451,4045490613.21938,1454814014.21691,918544485.412658,1100787168.18517,1293363181.39682,3328037286.54109,2298257350.64749,753259248.782319,2158555695.35313,113782472.487675,3724876344.33405,1975526158.9029
2021-12-03,36296342256.7569,22586539837.2163,1617408815.09945,3089519334.53909,3379770868.13854,1915107774.64079,870059822.749638,1073147059.52561,2057700153.55844,2042976155.10543,422992511.579176,3167108746.50972,107812193.140565,2471859682.16267,731486517.079901
2021-12-04,39527112725.9228,27620915094.0038,2382852302.69373,3067689842.36456,2276864446.30277,1308763626.48123,1176870278.23519,1250553379.18576,2597611898.89518,2269666040.77802,513700786.029488,3890063142.82272,376335620.651484,2642280862.22736,957497065.686484
2021-12-05,55941408415.0365,40547950440.4731,2266233562.72272,6263701028.87876,3640743720.5472,3753914609.26617,2556537289.32651,1937571931.59882,3683920844.5297,2567749082.16059,813440503.33904,3853578270.26019,451563638.655468,3318141266.7833,2253432278.13271
2021-12-06,32826574574.4417,25848780907.958,2288311513.66408,3815886284.09782,2545148280.69991,1438723426.94652,1275046140.74951,1127359634.12298,2216915479.67236,1555194802.5278,377238129.539939,2804950947.77619,153398803.901199,2365778580.22096,1106839135.88411
2021-12-07,36126018721.8266,30676805365.7531,1134910473.6514,3785804089.063,2441175917.26916,1840846268.68379,1738242139.58239,1687348667.78466,2200062905.22052,2228571094.22351,523391893.711088,3813868724.17031,205342634.08145,2672039101.23688,1222025145.62653
2021-12-08,30083305919.5604,21808603057.7599,1652489519.44965,3236833724.16477,1935731807.97964,1119995689.97579,1579164770.15485,997182321.166372,1754792256.18188,1523284513.61585,697734784.828245,4138945204.87825,173929798.948983,2344308234.0884,1075746871.76997
2021-12-09,26590164539.0596,19661953642.452,950989762.117386,3573691587.60382,1568971689.04355,1015213140.7437,1181804681.83659,677105525.659927,1147768555.79209,1439853453.63286,350653197.073191,3797939355.34309,515307473.637331,2528205504.90073,1631471431.92353
2021-12-10,27269362515.2469,22680202938.5062,2138850107.7153,4568607272.28516,1478362975.87056,936589838.655704,1069872318.39306,854254384.999434,1014491008.46056,1108753827.35491,311766872.430434,3018083199.49372,577772564.34742,2302575179.19442,1219204058.82595
2021-12-11,29611257204.741,26799083668.8884,2061957673.59891,3711198782.39999,1510820463.09793,780125454.432368,1215820047.05959,915438711.155472,921653345.813916,981391433.73274,278439241.756899,2755667094.49343,536897125.013843,2356219237.4203,997072572.172286
2021-12-12,24619129766.7742,19796149221.596,1751228657.61652,2958769246.61288,1513577001.20686,756913416.152315,1053957136.11393,732753069.565987,864755180.946908,887374930.911607,229131002.629138,1667003315.7949,613924714.746271,2148858987.68077,801908639.896823
2021-12-13,19871029748.3556,14046344322.6747,1226159947.73964,2575643244.72692,1270360253.85224,643576077.023109,754187548.973305,533128334.869629,1325673694.68274,757238130.672755,272845522.152811,1086496631.35937,337855124.75449,1914440223.55617,576928395.206988
2021-12-14,29628245402.1241,24089144863.4007,1857063942.64857,3029881075.47161,1261654292.14793,901190676.60244,1099903245.37009,1067558284.33452,1319313861.69387,929627081.623315,276199423.906099,1782335566.44256,320128780.954708,2028074374.05614,857033700.369481
2021-12-15,30152105689.9527,20766055169.5431,2102957892.83279,3764420162.37321,1348049274.08621,5997692276.30409,1035781763.98819,982803965.94678,1345432220.57479,1254333371.61479,250587198.211181,1691049904.38496,263389808.060688,2133076190.65202,753473483.39154
2021-12-16,33782603071.2087,26881290260.5776,1459793198.08982,3907096831.805,1395379666.58569,2223447704.10742,1427962620.76002,2313502471.70879,1076554318.53724,1353775852.02287,311808863.743343,2703718559.24975,1054072336.44521,2128516486.3817,1026687946.92112
2021-12-17,24699414443.5655,19166579837.0213,1271490920.83247,2977216204.77797,1067855730.96314,1148546959.13655,1297342225.96389,1863618136.58277,879083265.371009,1191913930.08522,204440280.95102,1810769562.57067,297824709.679727,1883433440.18755,708572570.307781
2021-12-18,30617760444.4496,23209497898.0918,1263802707.43983,3150197393.74988,1147864459.44563,1704355984.41539,1006604899.82374,2409028609.74228,1080869037.85044,2119104391.5277,228088901.014294,1722320608.8808,249096660.730785,1935566641.58045,779501237.22038
2021-12-19,23305069269.6438,18728700443.9701,1058739536.76182,2814179207.08155,863246859.790773,783345233.024035,750325433.694188,1543828507.8959,636610512.720744,1033844407.4648,161334820.64079,1609788464.04286,159351764.328261,1853388235.30491,828419169.824772
2021-12-20,23002876885.7013,15960000522.4842,1043023863.16843,2607034699.06666,1041105662.62243,497961559.270256,618517652.246024,980557832.723759,544379146.127949,701851627.541574,172250285.988746,1288536628.778,358472897.186725,1852778954.72692,713738244.998959
2021-12-21,29356191956.1819,21439121593.0351,481169380.3685,5198337121.31072,1127335557.17143,1123058443.72864,789581277.322612,1739271955.00933,1630197248.67535,1278697031.10309,239971710.934444,1453123283.44519,280929684.226262,2020523924.93919,678479638.592461
2021-12-22,25764127608.3108,16630181836.7203,1434096929.32506,4640780123.24659,978770640.192102,835995554.112865,752694540.930114,1554964906.20129,1234209242.47049,1040039112.82384,212128168.811209,1814671546.16654,239810512.418292,1821311568.65605,586472743.040664
2021-12-23,21887790445.9283,14022344430.1782,1425636263.13419,4280427620.67017,1332360401.62422,998599704.557094,1160469145.6087,1259783814.23814,2175276772.32332,933175183.758128,238974643.628681,2724221988.74159,784459037.938185,1770160260.8943,733811162.897054
2021-12-24,26419703744.6569,18571462177.2677,1812462412.53037,5340836026.84111,1877638874.27179,1305252643.50999,1315971444.84376,1226690744.42839,1852837797.64025,1068958222.70973,409054870.692343,3050169715.42327,1384885942.99945,1932262857.33096,1129834157.55558
2021-12-25,22535489970.1972,13351470832.6279,1580172422.05066,3956089362.1175,1148430340.89192,1896373537.87064,876002452.434579,994358249.860189,1961113332.81464,953514581.637746,677750794.996995,1648360280.72522,1115877096.89005,1841285718.26124,872615100.420162
2021-12-26,17235296605.8256,11869342790.2195,1190695627.42412,2459150767.31407,865408025.7463,1207125374.83781,562403880.451675,800347079.318765,1058340966.78814,1169089899.86765,372569226.282764,1303093441.48667,668429359.051321,1808755717.6825,574873835.279848
2021-12-27,19632044502.1314,11815773894.0208,1356354521.73329,2279713280.89258,966076689.068214,937510552.595181,1385818214.80276,878605004.296068,1101422663.84271,985767882.737625,345301340.172822,2504281799.00339,512933832.860105,1742212158.30126,1079329603.99026
2021-12-28,22793878136.8335,11725230819.8836,1838703937.57945,2696398138.77489,1690731182.17394,907547868.470367,1440198029.35223,897938968.480564,1090737882.40321,967800269.540168,259855810.286586,1657927182.89322,497716288.807401,1938217484.64933,1088926755.62257
2021-12-29,29538983233.487,18009599978.9032,2359858892.47607,2998170978.02217,1884771373.82248,1161635504.73239,2004953651.99298,1385694264.03156,1615338417.61025,1259123967.93649,342577941.007758,2282218908.62278,595724998.78989,1899376672.49528,1264730795.24818
2021-12-30,26348739119.3781,15528813680.4625,1354698230.23185,2780329731.33754,1306643075.44296,1126368147.04556,1417025633.0025,1057485216.63678,1034403996.60556,1227580506.7821,246712787.459347,2002370442.24462,713971079.638437,1902939331.1641,1073856704.73775
2021-12-31,23753871435.2166,13445245167.2278,1698742743.02555,2375836806.16021,1143248114.7488,876843164.078241,1056266379.59929,961843290.945528,858881692.693017,1099372234.30452,207038650.206885,1598156998.17651,707445661.116507,1748194444.65739,913447747.277222
2022-01-01,25895349604.8862,14298378834.3595,1750642164.95475,2252303692.38288,1106501856.57545,903471965.043225,1029198943.96707,1284949876.14748,812979995.825101,1170440136.48935,228628203.389999,1473032170.97231,382535726.467749,1895832437.85703,884102750.4259
2022-01-02,18904585811.034,9948120591.3781,820262618.049389,1784805589.72929,736142311.375654,700234104.662466,650806340.695284,729756931.857102,513504800.077972,1084858727.33267,160022509.054963,901565380.246878,232065534.97528,1799113750.21547,651118902.681331
2022-01-03,33756128241.9857,10069690529.8985,1220807572.14344,1750696335.79985,753645356.17699,767770586.02123,1076715455.93723,726073344.258821,508664096.213527,1227473918.46345,182927309.602501,845096219.0563,243603573.45549,1776749946.88676,949593874.367887
2022-01-04,21890019531.5777,12462872357.2551,1155605567.68098,1965549993.96189,828444706.332345,719869624.289963,1461765935.12039,759170312.766923,604029974.502818,1201238546.79272,192812361.501711,1039708966.39838,661007281.800178,1730137594.06511,1435339278.9985
2022-01-05,24895990583.6632,13853786397.2223,1866547636.52065,2130875732.67838,906279798.472135,733229309.307679,1312142515.87228,870797728.016708,607047039.9084,1165972107.38361,180979573.126376,1231006375.87418,1033777436.19828,1754092466.34301,1752321397.63365
2022-01-06,31837641246.0179,18782873941.2183,2238201788.50953,2694718977.66325,1224845206.2896,1228155231.16338,1517014108.05544,1164966360.29881,973728774.559334,1379417721.38384,269128558.349357,1565734158.89015,891244615.11783,1768260140.29976,3758897491.16078
2022-01-07,26366602396.8118,24467182063.0062,2262100948.12251,2602668509.46357,1375470276.89217,988297614.815325,1281481231.35628,861987666.414725,1009686168.82354,1662405927.04713,248602214.855998,1673500245.56926,885598425.226342,1861812119.72512,2931373196.33782
2022-01-08,79685254648.0763,24359369448.5318,2340876849.92351,2846907907.40848,1537503330.89686,1156722902.40353,2220537714.31237,1082203230.14798,1020640456.7032,1390917047.94388,253635791.825373,1612782707.64068,778656868.823864,1900392825.32323,3422348522.73907
2022-01-09,23337017232.7707,15966769090.7924,2109223635.28314,2189023625.62482,1307167794.37421,758171230.09815,1258983747.84701,905127606.122514,951595698.104654,944627397.562823,192696300.82057,1142035788.9659,543381518.927776,1656860643.44365,2492340060.84753
2022-01-10,18016718173.6086,11906478540.2654,1017473215.74826,1509097856.90534,811699663.786345,574066365.373734,1087184419.1135,808404528.935977,617486189.007139,794171655.01437,144711234.573424,959913993.400797,367141983.901194,1621201693.59079,3027212402.6596
2022-01-11,27984634062.0499,19655314714.5599,2283995177.35538,2640172981.29789,1307941135.93136,827247230.621083,1414107986.26452,1057285447.20154,884027170.626067,1083433184.41472,186430381.737658,1313466331.76144,952896785.015099,1715311056.65639,3061370213.44579
2022-01-12,22813557397.8215,14922195360.0755,2693923972.60851,2379143840.25702,952035463.440396,1508969684.5003,1276554183.56328,682963668.52791,724780744.884966,901564639.105564,149661722.796057,1836928439.01012,1163236650.61736,1547811102.04989,2299438908.07839
2022-01-13,28250302540.221,15285972614.6742,1732515894.06511,2662230500.7551,1288777938.5552,870150909.830838,1159766365.04593,908538243.57852,1338396438.67825,710358565.819907,186213320.10492,1585527380.72667,900811298.666143,1546480612.9129,1792683188.3211
2022-01-14,43905745871.2928,13999771252.1607,1836655379.26352,2253993188.59688,1509253079.17451,2164616562.72393,1118039838.09577,733053265.74402,1245939479.40511,926839958.220247,152828493.437702,1292660031.633,1190033346.59268,1531349094.82466,1408989958.00123
2022-01-15,20238314434.8615,12316286854.8497,1775644712.44949,2142880580.93607,1401461596.28601,5107792258.86584,1484988317.43084,617027307.364154,1337226884.9611,1099320913.07223,135609904.756852,1124945149.87341,1198948397.24389,1612557091.41747,1191484439.67947
2022-01-16,14651008624.7346,8659658467.05989,1511805154.98035,1749569966.29747,801645016.343667,1719975696.35834,915517798.381983,481150093.074244,588793541.617944,649753583.083913,123317787.498734,827109143.514413,500463994.024564,1488239184.42079,904389438.466353
2022-01-17,14452346388.5504,9002833937.22644,1332107668.71206,1714842895.97832,2190580339.5632,1052464222.85604,1049845646.36215,478918891.611726,524564176.976517,701916185.433943,101904465.411764,729386494.26768,624831591.844792,1482129756.29376,899005454.894348
2022-01-18,17694929625.8459,11938682376.1037,1711972220.78877,2106153055.46372,4791090273.44958,1063970348.68698,1170420006.17629,574515252.300453,648118256.599968,1041494870.3966,131857612.173922,1393207153.47159,690761074.227711,1479587600.95419,852317733.699886
2022-01-19,18897950050.286,12700158860.4653,1663280879.86017,2140369166.81004,3926232291.16717,942911903.592749,1087004448.64638,492077219.293265,690195574.663403,969230487.073086,162150942.763662,1259020744.16052,728419199.536965,1659924729.30553,866714075.63697
2022-01-20,19626113309.5541,12762451059.9391,1446235304.91006,2106991082.28317,2953432997.60022,842874979.860255,957657579.364165,513929559.858478,541811813.255337,922268137.546179,127728322.434044,1125646614.9632,673157114.914203,1415259378.55657,907219034.039105
2022-01-21,20930163211.1711,13389582889.5665,1653634388.74557,2012483751.9288,2255033811.66193,749567507.62264,988320911.00652,528582436.534915,560027441.942574,834153783.245573,203677335.938547,1174166290.57829,649384934.823356,1396574160.4388,870444023.925742
2022-01-22,38296960033.3163,29314647992.5968,3089461134.1418,3571190454.45916,2791296567.71365,1306756194.35903,1979544572.03638,1185727532.43193,1310787267.25678,1296246342.32872,251481322.276526,2012752735.54156,1068172152.69275,1656840290.27641,1623808137.36226
2022-01-23,35517336417.2577,28250265353.7961,3590172456.28811,4042933250.32697,3616776502.76866,1895282614.36908,2455316924.7198,1387501444.17882,2031588888.81239,1708233827.6315,235020831.716859,2097932010.15018,1043217375.91768,1817612110.57026,1785785829.257
2022-01-24,22865032968.6082,17123741957.5459,2242215151.69818,2380836270.45512,2162148187.41216,1305187981.36947,1420665035.53977,917185256.208809,1838197218.0128,1097511853.05993,182526012.271871,1224532373.44719,849454576.412362,1549396791.85432,1193625264.97516
2022-01-25,36385158448.6069,28735520619.978,2644012029.56343,3185161141.22675,2857852888.59342,1427948963.92059,1955649017.71122,1091805049.84683,1701613696.35418,1438543625.90747,227289783.6594,1858804226.50587,866630385.004811,1754529445.19473,1501950863.54018
2022-01-26,46168918584.8535,16139625164.2375,1926309749.80888,2500106156.59187,1537074540.86798,1529788138.77834,1234858143.18586,938395788.999693,940583616.116283,976424489.358936,166948021.213847,1277296575.02785,782090462.540974,1387649727.94421,989538764.045509
2022-01-27,26756873749.7447,21415081805.1273,1801411194.22413,3242791082.79989,2155730729.28278,1192737503.99254,1451660664.42995,1134178090.92277,1029440790.99817,877213707.185367,210119608.592598,1911424364.47651,921512101.119783,1433510211.25959,1085255691.00006
2022-01-28,22057410457.2808,16482912982.0121,1784274033.20603,2752172909.83231,1379581941.45178,683501521.367291,1020174861.69389,872727504.836576,761363996.440578,691996760.197321,147983363.410818,1367357228.98571,710762454.575258,1354721270.35844,916746882.697694
2022-01-29,19214103304.0529,14326314172.1266,1325803443.84961,2625552677.81372,1032965551.03894,428035000.840816,820374496.782602,629457552.15253,448979743.392329,536887589.467488,138252883.011344,1224155930.5651,468649827.880949,1292334418.35968,736180354.482819
2022-01-30,14178650231.622,10742621684.922,1077437029.46095,2292738751.31741,783225773.258083,427276092.316222,607122616.994691,666456963.692285,460549621.077234,602442935.29608,129864500.728229,784156766.590824,330880540.840493,1175384731.43219,557772568.722394
2022-01-31,11807185113.6331,8937393969.82612,809713293.946026,2120800271.12051,632774025.757107,324442351.999768,605567191.794099,498620309.417256,400610412.534356,464344478.782356,109327943.685181,757782272.519747,281617694.495917,1136822986.54471,957572857.475944
2022-02-01,17731563487.284,13818587053.76,1183978070.32269,2593396517.11997,817625399.755217,624140938.989306,943068662.231125,666682025.081346,436379800.622672,688555578.487849,130737590.666609,826611401.903632,350967231.854461,1214569577.56401,980643276.248261
2022-02-02,17109120250.159,13176431108.2867,1147831730.50952,2553543909.36208,979105491.407871,450425344.704291,897937499.674754,805386721.868218,441652052.682636,623934825.22382,122332093.338669,832590046.867805,331714837.111567,1134074518.7176,752400318.577641
2022-02-03,16709908527.2311,13860391591.2811,944360828.973581,2495342755.80272,955710873.933476,521231759.383494,981092196.115482,837755498.219393,410515852.956808,634696100.755906,109707833.009882,741520777.43421,451242200.52409,1181104028.19551,609090072.638844
2022-02-04,16136299994.8376,21844552552.4033,932845622.323784,2386661276.53509,765456326.608367,494523648.295473,747076284.58845,665952175.45865,343095315.939907,740284805.484499,101485053.090672,718579529.446144,371390459.47037,1221943453.51541,636734231.118424
2022-02-05,25347215343.8825,18766789788.2811,1434080864.26797,2909130867.78609,1013126102.30261,595399581.476831,936097374.844577,923112809.223531,506691780.707686,855003322.809515,130382689.677895,856251257.426674,685473843.623125,1357207503.94126,702301814.707797
2022-02-06,16752051696.2486,13036212065.0071,1707243779.52712,2530469004.38935,1176550216.45744,617489172.756645,1078480125.10553,786295264.918011,722735976.451836,747173745.436152,152700094.402105,840234859.4229,734057491.025338,1364945443.65473,672076633.072025
2022-02-07,13206494654.908,9025772577.38216,1145278303.18982,1777811138.83115,752428785.519707,672669138.277398,669179973.859084,475873376.36511,1975345165.90446,562814468.881548,113787931.400259,653845781.109021,639776842.850382,1299213123.50813,461333838.208033
2022-02-08,24171856714.4758,14427983727.8812,1484506914.05593,4986719034.92366,1849002690.24704,1551929088.03788,1094307998.84773,859468140.676571,4385558265.264,777010353.252994,215140739.247304,1830370700.77709,674865587.956929,1509240437.66905,859102645.037781
2022-02-09,29024977264.9321,16856365272.8114,1901135964.2019,6887902807.1739,1992641862.38973,1056982570.12362,1178072579.25256,1885896785.98617,3278727804.41097,1016045839.15544,245308653.551377,1536446973.50075,669838601.87752,1555559344.91904,856268034.369216
2022-02-10,19780565063.0989,14005361496.4443,1364378147.31677,4535621390.0793,1078225007.78265,833738752.40353,727651466.613877,928171701.506577,2179120524.1059,991860356.766683,161623353.205745,1296136607.46336,377322564.691247,1436560644.25114,527735443.461845
2022-02-11,27877618433.981,18990367974.1179,1618182595.82882,3983078310.33196,1338197847.5086,849270506.672704,1058676685.0211,1232878398.48341,1721818583.68022,1006521204.6698,273337149.649857,1482202636.35464,392798253.991127,1556187695.35856,707360254.364988
2022-02-12,23279080009.725,16560032290.7082,1177766624.54805,3708716005.64944,1053881949.17655,670550572.286605,992204806.422716,1007497662.14929,1411776973.32847,1133001966.98837,205514714.433247,1382271160.16803,446321828.887135,1401240766.69784,588116485.565202
2022-02-13,15479727288.7828,11367427285.4559,1063115282.95925,3853073023.80769,1051948177.87965,553680888.732146,702583071.297903,849647460.848177,1157808711.79503,892640661.307308,162724289.594768,874825121.927962,288115099.066608,1380726281.67325,506655118.40831
2022-02-14,12146423251.3997,9020562479.29134,902171066.491817,3085176044.0806,801110888.901576,1231414542.67133,520320760.005609,529755145.997133,1418811957.43003,794976108.748226,240667354.254096,644227753.362899,251733938.746744,1415897372.08996,352139429.289768
2022-02-15,18090873762.8228,12117644856.003,494813179.009132,3147538928.00072,957978409.760482,713209878.467042,605860012.782876,684448631.446226,1050175783.35936,686384760.713921,224988149.677838,905500990.317794,286497098.924735,1318202335.07637,469847599.434646
2022-02-16,19801081788.5558,14189484930.46,2097197141.72023,3043829789.36357,1036467397.55934,588779802.357891,648661043.80328,970909305.259856,1074310401.58748,708978142.524227,172789788.351202,1060112924.28222,346831104.757538,1321636405.99499,537901444.576473
2022-02-17,16847003857.4335,13120593628.1573,1325457432.78092,2930845329.80358,766148212.327907,467063698.880611,651228108.588229,1333420687.07283,959362487.094288,691110915.80446,119092680.121952,1031104802.88496,225156493.830009,1346592793.87407,482813256.117242
2022-02-18,22270664615.4777,16242836366.0957,1129722977.61529,3303770867.84478,812615784.481822,637195114.582238,729682828.076446,1383010676.75368,1397022929.07235,871887044.412145,151501157.094909,962005468.135437,462662810.683743,1365319866.66334,570692959.240915
2022-02-19,20130002755.1779,16064045339.5651,388266118.98025,3429752250.87647,996941380.658312,469164990.700934,662062096.486442,957924969.94192,1000990684.51886,729662719.803076,172957703.151256,871159458.494277,255347443.687383,1265432859.86299,478195313.246589
2022-02-20,11735183838.1772,9956229564.57075,938066424.215504,4253979000.49527,878381951.634687,531005180.050498,431248077.287428,636547008.307415,633459715.697904,632106420.920691,97105444.2026488,625829577.207744,162171689.04484,1208544050.48728,373200092.275265
2022-02-21,15998424231.0177,12215462928.5634,1148015812.11106,3922516717.57102,1124857649.50732,430709127.980372,654237821.159391,765815215.249726,866721529.013157,690627775.316967,113033495.511054,754141140.614368,267159045.111112,1231074379.31764,454247792.68012
2022-02-22,25174914104.1634,19206327576.1455,1618738858.81805,4439011970.56248,1548137013.13547,744028094.377513,939691993.35482,1247817729.52307,1366207974.98382,873568220.635208,147816344.978551,1238057575.29421,343325221.070238,1296890086.55555,685770418.87101
2022-02-23,22212181617.2002,16856627508.4479,1611578892.70791,4599434726.37244,1600203239.59661,578514808.559262,823757048.939515,1024212300.25405,1019562057.99479,773598639.884084,139442305.39272,1069252969.84155,299101130.143074,1335837500.44648,626714207.56973
2022-02-24,18507851467.8507,13713218952.6512,1287048726.69898,3840839043.66819,1350169630.4286,524745719.900076,918406607.387081,1294350940.29046,1173457749.82427,763568710.813832,128769907.46696,1157637511.22795,240797637.043859,1183290190.33521,542530010.527694
2022-02-25,40839699480.8913,30992409365.8355,2319428614.46277,5932775744.13865,2765582272.86603,1555500389.07624,1685419680.75066,2333967745.42319,2241901064.70866,954314125.294624,226408732.477305,1990645465.01817,520367212.930182,1886872696.71937,1306607387.88838
2022-02-26,22579249141.5154,17751279835.5721,1248836310.74483,4633609414.80921,1242827016.41983,633264428.67611,902436424.765035,1478105195.43632,1165209600.22024,1089779226.74329,134356988.838356,1238021461.81885,282188778.875798,1373810772.55957,706389027.311038
2022-02-27,14568201294.7454,11984293384.9136,1034746780.50934,4076260609.60794,838819546.735709,425389398.900253,1059446587.42523,1091134381.36337,753269712.533618,747407548.008605,92189041.4902962,791804114.710499,249652366.116959,1283439847.8542,570789805.178172
2022-02-28,19424397945.6196,17309819254.7023,1258267471.18883,3731215035.11254,931897414.721775,821388956.939598,987126257.795863,1182335803.24956,826229513.099341,1152605365.48074,97629304.1532898,856622640.704899,227266550.53337,1237743518.83776,581074831.206903
2022-03-01,30634280854.5383,19832961026.3458,1540189377.89987,4355925146.49538,1359833504.48836,647565472.409869,1335777108.40681,1381432825.12984,1041636481.29501,808985002.499873,143475998.576039,1105856067.27013,312135098.941813,1449767282.85029,677330650.610395
2022-03-02,27880763034.0939,19012291817.3654,2509007292.68265,3831187527.98922,1334434083.17862,663017828.921205,1246786555.91264,1831128371.97259,1403872043.41604,636477316.738404,142063806.101804,1249640625.79495,995945527.996828,1538117179.68583,704188986.358584
2022-03-03,25615956856.4027,17023997910.6069,1535399359.54373,3145198651.70813,952214634.570543,551242876.565212,841557855.376636,1302568066.09762,927747531.278621,568234233.266798,107184444.212321,1158326815.65812,653441720.511686,1260406256.6024,698036364.404186
2022-03-04,22366184128.9005,13786702924.255,876430177.801124,3246276258.46261,846862261.185301,453454367.244952,793303761.699699,1220049359.45851,637372006.412726,663509982.335216,86066851.5343029,1231738105.29627,519631431.935704,1281606890.15278,502838936.35881
2022-03-05,25121267305.9793,15538211354.1895,1412989509.49843,3340359216.66984,929386636.092565,570639214.497466,814224107.920125,1420126801.37807,645258451.863452,768453698.71673,94632670.6000706,1247749647.41992,650418470.642717,1229545871.65384,594165429.883103
2022-03-06,14818212144.75,8652610729.43743,1178995370.37429,3644210569.63122,699482297.495466,357699960.623982,611717395.955577,763499420.90626,476430323.955437,747236112.356421,59424608.0148271,972441883.240613,363793346.864063,1159797431.66071,347600658.286409
2022-03-07,16995562040.6068,9377488374.70222,1181871869.76869,3212597507.68413,617464962.117465,450121950.994366,583143137.647285,716010210.608696,412728405.84335,773418724.029824,69290257.3880302,957904524.107816,405319264.022527,1122403866.71531,363135883.942517
2022-03-08,24596395439.059,15295190068.5719,1813986132.7581,4149973566.52972,882304115.196725,508118703.949517,738284001.691682,905588652.984159,572828456.999909,866838303.075655,89801278.4191178,1242025025.13421,436244343.777911,1214647899.69495,656858600.260733
2022-03-09,22556397749.4281,14681251925.805,1436515784.45882,3407151329.644,835120211.190321,552520191.127631,683767994.054812,1072935854.61593,452495956.968734,1066851895.6364,77399324.802852,1181152035.23044,286181811.667893,1234762929.74744,607805455.453418
2022-03-10,29211702119.4486,15208159162.6698,1804524853.45622,3989146224.54496,862901845.681056,557097206.53654,692867521.357193,1349934553.22316,620722159.282082,1209142655.08246,94433027.3993955,1283941021.65897,727831418.951101,1389004760.92938,671078496.857847
2022-03-11,27653455219.0413,13843643777.4513,1594885257.38429,3914195838.98597,798878328.340595,602381396.950186,601179816.722295,952703727.244271,522626573.91524,1229076896.48413,77618799.7564185,1201616435.39917,809518424.515108,1300645478.51707,533330985.025683
2022-03-12,23624165274.5224,12313723771.4308,1295143505.74985,4887949135.75849,634486808.458545,425746731.613984,907000023.365729,1167140208.89145,473532886.187454,868332458.586654,68696381.7656847,757380812.269254,501458082.018785,1270031750.39579,520353689.153822
2022-03-13,12440826653.8472,6288630630.86557,964508018.308636,5030802269.11774,391552569.522659,262487963.671987,700110604.567776,465679025.934031,276216232.661944,532890367.65341,47981266.2601162,401771318.831188,246096176.457112,1158254616.87306,368368529.684912
2022-03-14,14461647575.5137,8570037700.96171,376150073.585478,3630836811.53597,592731497.563324,370701436.564057,466836866.974161,486634276.536177,425715521.114827,526861415.239174,41989707.7225541,361668911.21994,244831647.499925,1110556171.5724,333266572.717897
2022-03-15,21250969229.2216,10951215810.6377,1212240585.10554,3789866664.84478,715538424.61176,749557340.473856,513960792.202347,999390314.255487,417407452.684022,627821781.409773,59790099.767439,615529227.697949,319785681.733511,1227152673.88146,535685959.408592
2022-03-16,20768829817.9386,12439580087.5082,1137029114.83873,3438081456.374,672590089.500112,404855073.273724,483167184.411585,786640492.631324,464469301.582063,572573650.848637,64036391.7000759,538198754.356937,337533278.786783,1243342389.67185,462822980.523256
2022-03-17,34974203468.7663,19785262485.1668,1510185427.37326,4063597298.42462,969717592.02419,454062362.782612,863021898.944217,915621225.483104,550326226.630944,592061749.759347,106602475.938406,682429984.01863,432467677.224269,1401886962.44846,763184115.589459
2022-03-18,18861644942.5933,12593189074.6371,1283779184.1189,3505833298.61065,731533657.881818,345892789.406637,572900134.739676,1363739727.97856,398732964.817539,406653591.417591,58540539.7292765,535853724.581073,351440088.787761,1149070707.57729,534275554.0841
2022-03-19,30316128166.4897,14540256794.8009,1348743666.6485,3518410195.61923,633235446.962505,360212718.006622,538421869.053189,1402596714.71917,478151828.221756,481863674.394979,69950149.0713632,540856944.436196,302385536.113136,1262017114.58997,532464597.936398
2022-03-20,16580741571.9599,10359721811.6148,942688898.084592,3627461259.20914,874463958.388765,545229695.841948,599135365.03609,1351350651.28544,1298643612.40264,538254595.700663,54999385.8662921,526773333.24232,301678083.179843,1311845058.90693,494202507.24645
2022-03-21,16856192301.9601,11304953073.46,1089593267.97448,2799660154.68388,750486958.780427,380998923.626267,489026278.922738,1028609342.7502,792884345.065482,696905438.204867,51520800.1689407,428921894.702011,203343746.978805,1418061273.81715,416423957.031415
2022-03-22,21335882483.3158,13890729058.8001,1117952150.03272,3677001141.0192,921246829.608903,356391941.792095,510297791.816728,1501322464.03491,481893826.674876,719276598.733567,52231986.1843454,467915951.849263,278647121.869573,1540146283.5888,518378016.068275
2022-03-23,28688623151.3571,15671928047.7843,1410134835.89883,3549893085.55219,1339383877.77569,468365801.74286,858765012.084184,1318049831.20307,674693557.351458,790994963.085519,76458338.0359444,584427913.61521,310081158.979764,2220654565.00218,622586977.556762
2022-03-24,21851891598.6424,14257143986.3926,1359589492.004,3256620136.10436,2721873859.02603,763388441.323263,950162625.406149,1042780757.54332,847788709.028989,688732763.570891,92370015.79558,581086517.922432,624664174.113616,1920812744.70806,538436812.360942
2022-03-25,26212783703.8644,16202188701.7671,1414904527.13298,2788824891.43428,2818931372.59886,1502377899.50715,871015126.795366,1118884240.88741,918471364.539635,742609945.818428,85734423.9752996,772819488.63709,585282220.455962,610612010.1923,670030621.380933
2022-03-26,26147756108.0793,15532463157.1874,1382665232.19993,1983331996.34829,2014405026.93479,843502488.627119,706999483.657117,1003935169.23759,793502056.088738,709592825.434072,95579868.214575,699044668.475314,451681418.096183,779832976.576205,614703483.478245
2022-03-27,13676534294.2292,7615867102.1575,810539522.986338,1421460060.38016,1262708850.68019,679906092.542521,424587521.017115,564325205.633829,388523792.805538,867301399.801542,53809660.080968,434047210.037972,536624661.763834,455610204.8363,396000349.216447
2022-03-28,22545392529.6739,11980084883.7886,1228513374.37781,1855295728.81446,1183071933.75805,1361751198.60912,610987177.20901,645747699.651726,689350031.683213,1141462363.93409,89085639.700693,575455794.705903,368454140.525725,541124448.744511,587520389.841248
2022-03-29,30051327357.0666,18514225350.6066,1785452104.83515,3277202257.52943,2092616377.22147,1362089564.8119,1042448625.98441,1552735076.91131,3106812680.55621,1030766792.38042,161605811.215714,795308146.569112,468816753.741314,800811550.751734,768961305.531201
2022-03-30,26128040680.8257,17936369661.5866,1642982250.93663,2363256678.45331,1575619798.95024,915070191.810778,982288122.119819,1402031175.32763,1833191563.06889,890830314.682404,105229472.836357,772381037.145535,842976043.888642,768284880.256558,708410120.871268
2022-03-31,24497248306.3469,14183468637.6598,1873665298.29042,2300476564.64656,1355237416.07807,1429100276.60287,926646920.378751,1562475923.34816,1463013056.17411,1607307634.89982,84107493.5037492,769173719.375081,634768626.328396,754711963.4664,701992378.309202
2022-04-01,27736469645.5373,16222256121.1869,1862521187.81134,2910917620.60243,1624760196.39385,1171644436.35853,986419411.976484,1952352331.10737,1229503082.76015,1822112580.68684,104321740.192128,859132931.218072,534489145.144658,1853836478.30069,827597548.831389
2022-04-02,32948605532.1353,19701116865.1371,2415807550.64317,2553508655.70913,1563230562.96332,864435179.558962,958748664.931276,1508156835.01204,988740054.081206,1003451041.01364,120408835.456551,815818644.706202,628441386.302055,744943163.247277,703768525.285089
2022-04-03,24803837259.7647,22091140764.5338,1719409479.34989,2067165078.98013,1120502102.80718,669846329.503007,1196992957.98505,1401882400.48579,1027425083.68868,929570315.287358,97567859.9417795,675538479.9749,897827426.666568,561816454.038723,629183370.584346
2022-04-04,21510196790.3035,14019828281.4042,1926051773.6496,1819121861.20316,915587874.75303,1083257019.19975,925170103.217343,1221707937.07742,778385386.089027,871107479.682088,78236753.3368344,574375495.14588,1231230359.5932,444302189.143071,649250927.150295
2022-04-05,28019309650.7257,16925919013.9545,2040640167.56672,2337211874.35929,2253384085.47637,2197789073.77191,924348637.424012,1095688964.41818,949070569.497661,1387861693.14814,86855017.2155095,600783977.673824,1642724709.40953,550614145.257386,684094665.060205
2022-04-06,25474063861.6057,15114055501.979,2111671411.18517,2017746802.82063,1081488584.08182,4812898159.2797,780485513.906996,1033422920.36279,1455551472.80811,1400060210.63343,71512993.506883,545558224.405657,1026235575.04363,489849365.23448,474894593.564871
2022-04-07,34113818641.7757,26109763334.7301,2227804262.08252,3043359043.01192,1605538955.33092,3516150438.6851,967317926.502936,1603898087.29354,1353002331.67892,1448266258.688,88100434.9526953,812952829.156957,1805663044.96042,641246340.104285,762826627.807696
2022-04-08,22960138784.3041,16149775914.5309,1902419275.69038,2580151283.3994,1084344265.41436,1288347535.77441,669734254.534047,1357968821.356,666965383.705884,920992878.714619,66808080.0219603,619723630.140598,1352523317.86179,466053332.854657,501067389.546721
2022-04-09,24202906401.1669,17523939555.3533,1895964802.56598,2728014121.05299,888344049.607619,1515264410.30427,624597827.473999,1355731990.68381,579620424.328705,856759740.577992,66422910.9910389,556074078.91122,3003175057.73243,433710045.248124,423813292.452463
2022-04-10,13949535311.5313,9316769843.73387,1312491096.84956,2248538561.79047,605121783.448817,661718415.455273,375847571.66456,537450234.920007,452636671.884644,1091368233.49002,42075149.226211,379334558.98672,1405979380.42938,322786233.780946,346263366.533939
2022-04-11,14936318818.778,10005373137.102,1230641841.87848,2353543395.15072,583476514.139817,1856658866.50167,458928408.458888,437286248.531906,671969889.745377,1048692408.4059,40077293.9963711,328863937.712654,904558534.103547,346763218.95778,364997454.128788
2022-04-12,30168665078.2104,21142997359.7592,2139768656.21428,3463223949.78427,1291467594.22508,1415524659.22575,807966452.083013,1102297837.66206,732793243.96282,1021577384.73765,69766200.6341557,601166598.461744,1492358881.24479,499076801.527824,605096881.802289
2022-04-13,27804694935.4835,18977679663.5504,1974498684.82398,2991917530.64225,1020547948.07337,1137782588.82162,610671782.277797,825829559.8692,4285464874.11125,1008420728.36164,71639862.5743374,773182242.866939,1826417065.57917,390234815.905813,486871262.750013
2022-04-14,25453869985.9719,15452917855.2406,1726755978.7744,2962354970.6725,751454569.712297,900497958.248762,513878512.395583,688732079.43178,2156760176.93088,1003572333.60841,53819656.4379294,606577963.020995,1063789622.66661,1787976039.19892,473768154.409358
2022-04-15,22744792147.0098,15895586504.7858,637543282.995995,2957491995.8337,796807126.05655,1696769110.16963,531799292.740657,639443799.46558,1307892389.83311,1047816026.32936,52343933.3666443,583205463.057341,1063068669.31782,1381325631.6567,536442020.197797
2022-04-16,22053774554.1773,12543243551.2785,1092656125.86562,4005911938.68228,592228137.480887,1192127471.57488,417489722.812752,551282644.51135,499122767.580847,1044288181.56534,49098277.9550565,359468034.07453,757933438.119872,1229900646.53363,353020143.05592
2022-04-17,15777789210.2384,9063939048.31675,960255591.976439,2670450010.07693,429049344.126279,659526385.751239,338970682.957824,282062330.763124,338943155.880601,855325188.190007,30103104.2146522,264674666.278234,442590139.665233,1142586711.12748,314741148.559353
2022-04-18,16627779441.5676,9543306566.22193,887315102.680725,2325391322.89944,466973239.094968,684215539.929592,360271198.252186,285789423.337716,423063930.720027,1100128415.92927,33752253.0284401,282771795.749674,621764547.170559,250298072.301652,415466587.837245
2022-04-19,30617039399.9801,18188817400.0791,1663405006.64227,3253728969.05655,1046894124.54283,902124403.938097,565624303.990076,699073896.144384,792327666.182596,1089778777.22293,55041118.5349523,643820561.400491,1056067709.05677,372300996.071588,660866031.214359
2022-04-20,22717772925.2896,13472639207.148,1684344617.83297,2955754187.37169,715780087.281422,711538762.192735,450524783.655646,582094629.902466,584313901.159693,982041498.968627,41208024.8402485,517228519.808737,1420952205.63915,356139483.847077,426183508.211535
2022-04-21,24937668255.0735,15155965878.3845,2041447597.73146,2968256967.58271,759001703.42081,998383144.176178,681706472.122521,621927351.008933,663390184.276611,981696474.104082,49088667.9560905,546046366.411562,1179255525.69745,422656199.003987,515471827.512281
2022-04-22,32131220615.5502,20529419340.2964,1987149683.78014,3087161597.56122,789238228.497547,736241568.174467,610473534.433647,562030846.386839,545594099.458596,3570252224.2438,51154070.6361272,602080218.809235,1221692223.54256,444879723.180965,542382251.798863
2022-04-23,46022063018.9521,16155619718.9681,1856696292.2619,2970393681.88641,671459995.0565,507868494.189431,500418741.454233,488778040.349772,433606900.932357,2012444409.67207,46762687.3951083,1135720272.07595,797569499.920665,433991174.584466,478808503.937426
2022-04-24,15010797471.9681,8633203957.82989,857943401.559383,2370632000.88275,391087546.462801,340031200.594911,501125213.424789,316116700.052359,362501244.333771,916856596.130929,36287121.1334513,451299536.218693,576923355.756905,247854904.91467,319666262.324128
2022-04-25,16778683767.5972,9196851418.26576,1105869387.69786,2137895120.57723,435930790.669844,420602584.347329,431280288.529691,299844059.860933,332199018.776257,779301092.615693,34393889.5525264,379225603.114113,570570610.867455,228178876.189941,301646644.547337
2022-04-26,32883645913.9647,22037549638.7991,1913307233.80913,3506826551.64266,1092611693.05839,4527900913.17483,640029499.716575,725809031.32341,1263566900.26692,897385077.637567,65055127.784378,655748353.10224,1093718562.76012,405148281.279004,498468769.283547
2022-04-27,31053018153.3867,17750798288.9062,1075313404.2201,3080452315.25759,937366070.23461,4019215672.97564,608182597.014722,522399669.768695,865842129.214154,764594465.388798,55009654.1969131,532313339.458191,1012472249.60419,414564187.927289,440273838.475605
2022-04-28,28170490245.8656,17036298768.9075,1395387038.31154,2764376399.57229,861148771.423325,1661317302.80861,466016977.000981,444000606.545548,744278328.734984,773743583.801736,47144863.9747877,478611677.5622,930737469.23624,382197877.160623,383357539.691078
2022-04-29,31484572271.0324,18249410920.2518,2003276231.70601,2514240505.11221,766789277.94724,1026788016.23045,469832988.988668,553167470.142475,518927677.21066,759314849.167018,46454075.6529064,421890229.143157,658030239.286431,347263064.3117,433729564.519571
2022-04-30,27758348826.4091,17902735173.8072,1914673120.49163,2822183431.59872,794628783.319173,1405254788.65293,447859503.004374,520507446.860206,781193946.634607,1579647132.59283,52306345.2790699,590817901.364576,655687339.46943,365901093.406836,386743902.389067
2022-05-01,20955789685.3557,12618462103.4013,1369438095.15435,2317425481.02984,787135961.94844,852597769.995911,533768189.493662,699701092.587549,802125117.297237,1104564765.25367,38385339.8690651,527470696.872959,570683206.499154,319642144.520362,461856478.847486
2022-05-02,24857664487.0145,14489173444.8201,1747249741.66372,2519502423.7076,861447579.826247,923530249.152008,566782282.616838,799512249.131473,914995367.892731,2039504044.24708,235463698.428927,687161357.623309,1000352828.45198,318983068.605277,450232355.629391
2022-05-03,29825308569.4223,17701813870.7104,1150913812.8751,2835507497.22302,738951709.095262,717964010.550008,538576541.404732,816271660.353689,674365134.35531,1857991728.89489,190055500.943801,654214298.650616,827318127.205448,351029335.866564,430764167.100194
2022-05-04,23070122642.328,12836324477.7772,1231287145.00261,2607753844.44298,595809898.230581,515582300.574534,375587076.856915,505684989.061296,484828063.633508,1972370974.22166,156644712.298304,490318489.824488,577899693.568774,302228332.522655,393320417.015122
2022-05-05,31748901527.2059,17336934449.7126,1688036565.0797,3128110704.40904,1380775100.61683,761020546.62384,604596716.363076,741251231.327209,644623186.674482,3366010056.65485,75919255.799617,668850015.20765,927687089.213886,354844259.257644,500982225.969364
2022-05-06,37402043365.5841,20868783132.9232,2539500897.38341,3128274793.0446,1660085406.15223,1120915222.88126,770366270.33205,1284291793.50174,758367854.424036,3037730592.30039,67591323.6394098,638399466.261863,837953770.694265,396057194.342,538073912.619605
2022-05-07,32223287014.454,20516541977.4936,1879809067.833,2951960307.57963,1197670447.35872,873092355.014081,666420063.066916,812141169.827247,627513167.495875,3944911794.96108,43168469.5851545,649216084.525723,697802917.527838,394348171.124164,530593580.824189
2022-05-08,19130720394.9804,12528069434.4989,1484663429.22831,2102170369.36486,715282757.356307,713079409.839621,435899397.532319,576625036.802368,483348833.619885,3286327228.96787,33109291.1460508,529716455.681302,434491342.519638,263701277.468491,325509554.064709
2022-05-09,30810576501.5226,20582973186.128,1768055683.05187,2376686424.22575,994024088.189466,674369604.056245,587559187.923789,826146627.451434,556186571.032994,3299256261.16529,41821664.5030654,484340945.963021,785210252.452906,348944685.873957,434372988.281922
2022-05-10,58369928594.3275,34392685561.8465,3164346808.26189,3820425216.97022,2106558355.2155,1201778222.92975,1221147645.00219,1245942341.28645,1516157330.49825,3263671360.9439,96402289.1064764,966588420.180273,1341543412.31965,653638648.90755,874341627.691107
2022-05-11,54071363210.0879,36844564808.0166,4423139725.45274,4449610449.60016,2117411074.70981,1520357821.4465,1373396700.03955,1318939783.14737,1996102712.0699,2782048988.19594,114747310.145011,1523427585.2223,1476072863.24534,746546803.802735,1066660057.33204
2022-05-12,65985702701.5049,46548009611.492,2297689496.56999,5654427177.47395,2453060222.83372,2304138532.44793,2052805582.5754,2123400516.72118,1757963711.27437,4391362159.83243,144150108.731043,1869353657.02491,2115556874.80861,1098944035.03133,1362638726.36231
2022-05-13,61338080283.5799,41621733327.1589,5267479590.19165,5171860945.69897,2590169979.44919,2076228998.79728,1330860993.61328,1476984066.17756,1465677670.70123,2540504479.81094,108987603.081452,1123279236.95385,1315174728.71829,1262929106.34416,1111262740.56279
2022-05-14,71541696924.3993,23979529161.2327,2677455045.45718,20446959910.4838,1791950376.75428,1164592182.51697,1485101669.99798,1108260256.78891,1570099967.35269,1640580148.05744,73686097.267088,865464960.39473,1070843011.5097,894284700.229134,638311274.61617
2022-05-15,25759546763.6886,14395772634.812,1555815081.06778,3004143500.29074,975136542.412315,669763901.558036,1032886423.60679,640417925.458409,930565481.140064,1034884632.99749,97622741.3432546,568603150.723612,463589544.848836,1232867308.17303,460050609.558041
2022-05-16,22948123704.1727,14395455889.0433,1727805539.13037,2107871027.00357,922868708.541802,523850917.215384,737142046.442959,676678663.438754,519377571.314677,934498660.426032,51588796.0362654,459856541.87176,472395515.812893,1104564613.64208,424805864.440008
2022-05-17,28418179221.1253,20068743681.952,1684110716.25143,2480176431.6243,1094571216.4104,542894376.79008,679048385.059592,786321651.66236,615263006.472563,813940453.269728,33435571.1615902,525639050.727916,415279802.618338,929290608.483246,529591893.384067
2022-05-18,24964703223.575,17005002529.405,1584146318.30081,2261832657.61803,826573979.047094,534208059.692268,589327512.40789,609688863.460187,507584249.781673,939545813.938618,34321669.1942537,571446482.902551,376950129.487814,1198012162.69355,431758271.903737
2022-05-19,26219431165.2418,15892119501.2062,1487684738.312,2023407675.91126,806419307.024298,440619370.133332,664994046.979605,544355426.878413,426217937.401539,822707527.321945,32997760.1105252,466957355.596759,369015323.406123,826569779.404918,404356867.42329
2022-05-20,29190056577.4307,17828306698.7148,1444186202.12482,2149785235.17614,830096519.467872,498192659.687626,664760747.256002,754702768.070944,394485963.321168,974679869.725549,33942045.5210901,525568543.934649,399228751.088543,903834755.202032,434521942.219204
2022-05-21,25980877919.5681,14638100162.7737,1752120030.72954,2246730608.83929,634853511.547018,404780036.950072,474118252.281238,760795969.80678,314561571.697866,973613743.248114,32171267.5157867,379578756.477003,298096397.950903,873855899.034763,371113504.448206
2022-05-22,13561006428.369,7551508571.49298,1312260645.37034,1374886935.52827,356628251.044233,255278028.958083,281874137.587727,422559698.06195,251773244.178594,726374697.764122,24077620.8173949,247634845.373305,215718660.821057,743306828.919638,211491154.381896
2022-05-23,17199930154.801,9623174527.73804,1764074093.06145,1421121318.95619,421346255.981296,361098076.214522,350967436.478779,629851104.627987,337548730.425183,832707135.667706,23277811.3852741,289040355.838424,290398020.183685,783383483.787127,345411282.410623
2022-05-24,26646754324.7106,14627311157.9294,2205318718.71896,1813039685.08882,640897589.896788,455172446.307357,666619486.645243,708860740.749828,683784147.529423,1371583075.11019,41921519.3857123,437056652.812338,330765212.233558,940997647.510046,368854865.417145
2022-05-25,23486436836.5605,12880481567.9422,2193790175.76203,1706980388.69995,548214539.056527,348946028.013662,446644494.084758,726299045.678183,386855749.897635,1630935808.89082,26897864.5251685,425161291.612856,359120069.022348,827405048.767586,384128638.635027
2022-05-26,23108764916.2066,12554611854.4392,2048522177.82319,2015843764.23795,462766230.337714,340099056.620167,401058791.225925,559000632.924784,266345363.618653,1423424162.44046,27433040.2708611,355951261.551422,324400334.337434,829759935.26095,334307042.154879
2022-05-27,31972044691.7097,22669347246.9614,2808282194.47327,2485081450.72811,744867891.198471,549191029.116904,676496224.006158,962455462.276696,502730087.830596,2037808918.38266,50201758.6501827,559324525.800566,490614432.160746,857428880.643838,418600403.866962
2022-05-28,31756305901.0055,24344535948.9136,2660229690.80986,2324419767.86054,806316121.132965,1037545958.31337,895069085.255202,935196913.724042,394453890.32548,1545888032.34802,35132229.4506399,502314601.758528,474169989.838802,929301945.060646,456573096.564563
2022-05-29,15406515372.7117,12004308559.0669,1358488521.93244,1163579967.86439,379559254.684818,409235814.750873,384380632.624111,702986784.993767,217373342.013961,866154727.452015,14855534.8361716,269130656.433758,233853246.423524,714681845.364867,287028419.989855
2022-05-30,14496111397.9344,9767849361.35179,1027383625.45009,947644980.261009,374779227.12002,299563551.25899,362425595.760722,640234292.097007,413858751.921077,758389941.700199,16575767.6586825,244872518.979039,251423206.791334,726793609.366242,240325238.536236
2022-05-31,34891305294.623,18803016950.0932,1711355389.02589,1445550917.88946,1005116302.31171,578346029.050208,522596182.884812,946910891.684578,633368000.124999,960781957.683166,33312655.9440593,416050096.510141,399056176.769065,852048470.139121,429924130.088057
2022-06-01,29770567353.4881,17409076011.0738,1758873055.13674,1735357529.58987,2809963269.40475,617942084.81842,537525366.999051,863192887.878553,469348991.643896,1040511733.99509,33127938.0146985,475891135.062727,663851277.465045,990823177.214629,406343487.790739
2022-06-02,35553330791.5357,19904831726.0098,1797066800.67356,1522349174.12516,1272220535.92789,721694783.408132,582914758.444155,678777663.228672,417091844.377985,1941480517.04866,31293538.6601031,426407484.147135,442518347.216392,926890053.57579,429870044.755114
2022-06-03,24232399986.2611,16444980823.7867,1137058518.5689,1302678375.74649,1148916329.80235,379734809.646861,428346299.656813,638041990.576703,291100816.948539,1125256715.39499,25996336.2662902,336802526.72646,330350050.90203,748925122.38218,326099639.195018
2022-06-04,21997859590.6683,15012416794.0692,1039501109.82703,1275894944.55204,827381308.887028,341181329.003519,344577333.185028,455974976.961352,260317990.460774,843625588.499564,23409704.9532488,259206843.816467,211838299.599277,699172621.222529,336484424.421144
2022-06-05,12911383481.8438,8295912402.90654,802391051.625066,683447146.59407,492620235.769847,283622298.33735,229554477.170543,365374379.685085,175981151.753921,984964060.55845,17023518.8015722,170980602.225036,174469728.971699,176600528.433784,334718815.504359
2022-06-06,13395229055.4124,8385254999.85701,699650522.173192,705391273.976799,417600832.845219,250858983.445834,200116189.323189,397882799.229176,174242499.782398,634272942.999438,20423510.9773771,179276240.608777,141470219.783371,251848684.71858,472860895.714964
2022-06-07,27644798123.2982,16623006597.7935,1554388272.37167,1246532475.32055,1318274801.681,462664806.183012,353038223.043688,781021909.089013,305103821.095506,839622893.301796,29108088.758132,356466816.703194,282955011.315292,275608164.62143,566249568.008467
2022-06-08,36111325508.0418,23647547692.4459,1918205658.24048,1656469090.68671,1346099448.55234,444526891.750218,360635212.579702,762128651.027836,337582657.6927,957098760.173257,31703348.0444467,317985345.878444,228032655.468228,350142259.131295,790286767.491856
2022-06-09,27080284928.5649,17712874976.6074,1035851848.61637,1189901698.48599,1579935267.14767,301521979.394496,272545740.63176,488489426.390898,234414580.078842,825947823.354145,20989518.543525,288846128.082685,185620424.453427,213123297.749799,927503153.91121
2022-06-10,18871591862.3403,10469080004.4146,678010474.881415,968180632.623997,858777542.378959,266094986.262398,303952508.117462,408699369.11757,174428944.399022,714324163.458753,15461184.7739593,265657500.792784,142625060.391036,170956612.346919,882856441.838816
2022-06-11,25663085729.4288,17639990086.3223,1297530974.57543,1394625551.87771,1027706322.64469,386321802.326121,389959553.451623,454331312.15735,239376678.705361,761438219.25168,23990601.7525846,438202138.13259,271717561.562974,301003055.06176,827614183.820586
2022-06-12,22518366769.8391,20409428647.9328,1258736549.36428,1084591650.32006,1073933689.76827,415742927.326501,380922783.096316,456468544.438112,375259737.605795,841953793.406218,29461274.474382,342612381.072016,244914310.444501,297714157.153209,737001064.657194
2022-06-13,29834061115.6246,22843765038.7546,1355338378.6605,1333656925.86823,1293077699.83353,603194881.727611,458133743.887051,730638186.528576,477486297.420968,1098839475.92142,34129152.0772165,366943365.255931,357287500.13612,342703920.476279,625927870.947497
2022-06-14,64852526179.3828,47571733027.0086,2566326222.3201,2571889116.42509,2259176775.52712,1229501458.3008,894612341.976508,1285279274.37826,690920181.454453,2809538219.4391,68743998.8490282,739606134.865559,530155270.142137,655997778.35186,1241406577.275
2022-06-15,47639470967.8914,32772246927.0591,2147410141.0655,2039011089.8863,2064049915.31438,751863076.932698,720864697.447323,794860953.303116,462650752.343177,2133296229.56473,47140448.284251,570463469.389018,389746919.267051,468299038.306737,1124879143.39323
2022-06-16,52027211446.5112,39679810344.6871,2302592252.99581,2286498342.08603,2198550476.91463,1008539819.97118,914920363.820017,912041613.402918,558842903.483446,3389313133.0192,48201989.10079,640345295.767299,508877005.879299,508625403.657278,1458016245.05533
2022-06-17,27449277945.5926,18016510161.232,831988466.92497,1488890180.75668,1166873169.03314,648436179.098024,536050086.967498,590273009.332032,366330201.852959,1233000081.64629,28817967.7725491,400970429.739518,298620606.745448,390864711.586191,801527119.773386
2022-06-18,24232922585.2402,14067259810.7781,1061144047.63243,1375080658.7516,818801818.742252,335465656.553072,358960490.82944,364753064.522065,215559537.045918,855888200.180422,71111671.1296826,271202802.503168,242236907.001336,523427690.721952,473546349.500142
2022-06-19,38920632524.1614,21112670623.3946,1549811544.69828,1397757103.8556,1177664753.38145,579005092.813331,478129359.627528,482514626.504621,322685904.096802,1209696013.86878,32527345.9112609,463036968.713098,266145684.342606,813885229.450375,775639249.259849
2022-06-20,32488136325.8831,21676867429.8375,1313766322.72414,1149006659.48377,1022208856.68335,1109613195.81579,413627572.88655,487378615.094085,315344319.220001,915220636.771363,30977780.2341323,441799886.074602,266195359.538312,330495210.298768,645520189.769311
2022-06-21,28346447996.7798,19817753726.3164,1134856804.77041,1155228410.44526,1017220562.48322,436468680.033141,409754603.910618,574541765.762144,258385501.656205,656701265.524341,26422129.5722267,458928430.304235,257309452.44928,278530251.058814,627945474.239916
2022-06-22,25340643362.789,14838197887.5432,1131744411.91204,1204900980.29048,953739373.137833,955977409.475897,355538111.645425,463321188.280217,1839091446.78591,713590680.335056,28111367.4154773,539366486.457154,298172668.800431,370892319.380954,582909057.183149
2022-06-23,24955466738.1109,14331217471.3388,733234140.635455,1034224812.32562,780350426.463788,556963291.601461,337528816.388743,386722959.45342,1344203434.83995,568907794.255728,36863933.4904027,676671915.565056,223186888.112961,552912403.797902,558698770.298198
2022-06-24,23655104386.9785,14247953151.1502,1129788546.33097,930214775.448203,696825811.828091,380408944.822053,366090684.921396,545536508.043574,727037910.608967,505353719.994794,23433125.6604341,1281559276.80586,199833059.537573,508394088.080737,540411484.435776
2022-06-25,21955656695.7487,16288488163.425,1226204267.11839,2203591341.24614,926847204.881988,457209214.258679,425787143.607947,696781349.463278,839555729.654544,638737770.537131,42455942.8378514,1049081267.45586,378149950.233578,646466673.651366,598131593.325478
2022-06-26,16152442749.3063,11692717741.7248,855204133.71554,839552662.134076,625318461.189801,376955330.847228,305775337.796928,491400822.326138,984676899.385964,465237936.547642,21862100.5552521,598471148.951661,380625105.497934,690975102.02985,517589146.599538
2022-06-27,15392697878.4177,11375746747.4047,880082643.386261,728876201.269598,810306470.163596,805499568.759891,252563578.619056,379486037.203249,677631022.66428,453390680.815105,22079103.0296703,459325778.043272,249168641.550162,612730747.922072,481961877.968605
2022-06-28,17719011287.9831,12044359298.2467,565796590.22741,962846750.92986,677084429.92462,879067302.504464,319318615.454822,413628694.408547,540446067.698179,841418539.956028,19468590.6769255,605919650.649105,207803600.573206,552197383.902845,541026358.133575
2022-06-29,18161209601.4324,13181896477.3732,1058553753.9259,1017648480.87889,683911729.443548,472835705.386816,402816957.715283,453605091.948885,477414438.967686,795391808.440608,22183109.6697902,705616050.58829,252917216.986176,344431902.181847,695574778.272662
2022-06-30,20744333507.3552,14755440934.3262,790368142.794203,1084325830.637,724334193.77612,527579477.625949,502776117.969701,471535800.38286,614298068.275781,630209570.873469,23191998.6359503,1005500438.81958,227529726.569442,590192801.447955,523938292.642061
2022-07-01,22816515394.911,15402670572.444,1078612755.28412,1326945295.00853,824504186.017502,493086895.345661,496017030.326972,463523771.079594,599500706.334211,781048266.438197,23922766.4452689,920430142.085777,197337026.059034,578098842.080485,508536823.699714
2022-07-02,28756781114.6999,17420131787.7374,1217648796.66128,1234242687.66226,772454995.631877,407110434.852562,566020493.537555,525374965.603081,432146908.229087,788512073.876422,21594573.6735412,714040405.595516,217781518.971728,571306497.07957,507105019.974542
2022-07-03,15601715000.6794,9601263305.04906,578102687.6868,564976560.478886,486237372.882182,304929087.453947,311046060.218373,226864014.294552,216553979.342141,428627047.671379,15538531.4369687,464167992.522152,127815563.381639,483838190.212587,352292547.652396
2022-07-04,13976969844.3324,7939419238.56031,656650022.650487,644134011.695045,435385002.465398,233745029.06366,253032931.416636,234619023.222503,204809054.458612,584498468.793923,14683566.3792364,409951261.856116,124228015.297966,464997003.64348,290975538.64072
2022-07-05,18634860046.3724,13827342516.3493,1010734428.42369,936245776.392747,793591269.225143,319012683.004082,382160091.170678,454031045.705333,314529786.620284,595081779.860755,18571982.5207018,443254114.83208,167546331.657942,534583459.152783,408919028.969973
2022-07-06,23623270105.5454,15393490017.7378,1153573397.09261,1069390130.95457,748809018.003,342321255.002421,557284693.361587,561372802.976164,475152971.640588,653048657.551525,20475916.5765291,889418997.748147,217218456.000707,561330091.112707,498306090.703008
2022-07-07,21755499642.2828,14422132961.9629,1193250829.93843,1035873113.4054,622876393.916013,339248628.546758,428661695.325953,614009284.267182,330100712.212981,528531227.059357,22151041.2493751,684258059.348917,218160859.552545,551911761.413358,394353993.805122
2022-07-08,21927087503.4338,13170522513.1822,1077648957.24626,962456688.976034,631266505.708386,361760757.232005,465486302.621128,611464904.626845,474748333.196152,618549744.146081,18876566.9451479,575323586.375147,188071513.826935,594387092.073384,449588419.095037
2022-07-09,46645398900.963,15346600702.3086,1249164297.69719,1477936729.8995,839958170.816769,395359115.26793,502296515.557605,563304439.792901,612526036.108727,668313316.404627,26639519.7459197,918617349.871003,244656157.733747,650878065.314857,559337865.552041
2022-07-10,26211587451.7833,7870254817.81399,656670872.01903,610784365.404619,658153260.028009,212337493.837,367312857.419731,276054631.356188,454945306.030306,541733350.691402,12330748.9386851,404843100.545165,198895279.429882,587258062.399311,325544626.283065
2022-07-11,25037950754.0034,10374466605.4064,824055042.974266,858123901.909145,607755140.199407,255195815.604385,389912956.600452,269629000.053377,363736767.796198,508062184.930807,12080742.4657393,344233462.087304,177444715.82516,493476704.01794,326429592.703478
2022-07-12,21319467248.801,11693162178.0342,925001434.946941,970888703.339035,716352185.974427,277744783.925587,290393929.614875,308793120.17349,333042482.577928,507938430.365137,21478564.1641087,631239942.396854,154457362.077234,477350559.227318,396927933.65146
2022-07-13,22074971578.2899,11555798332.5274,1052021066.53592,936739624.732057,582880645.435732,253102827.362267,274438888.389761,371796527.758403,298673950.964972,536431744.078752,15517518.044841,642183017.996788,148602676.996527,483894475.84348,332424559.068297
2022-07-14,28560004360.9029,17936886119.9007,1417142788.30584,1306451712.95172,895826599.11333,390711830.200357,352705738.293185,703762293.552669,417638532.820225,722177308.381557,22482644.2803777,948685911.213462,226456401.410284,515396028.997784,468682813.37653
2022-07-15,28732413536.6699,16474223860.6587,1633927510.32233,3450936786.43781,735765607.56069,302864614.239011,307959821.087226,742637128.183207,351711398.379377,579596117.935374,16194815.5904306,1696874294.34917,195566738.432677,557999204.476234,437076532.438102
2022-07-16,46542248374.3324,16817194904.2499,1123721133.75086,25137309697.3667,675020078.899504,329590552.023171,323795323.90918,545375219.837515,373496296.508306,488359775.451892,15527175.7447979,1133893606.07827,193381034.190715,576940411.809441,566073542.905236
2022-07-17,42051101694.7976,19025831554.9127,826594168.83955,23310361491.5278,592906148.180677,263564687.503869,337773085.795173,565940094.0443,297775695.593342,541722148.250959,17889094.2152354,662491425.441433,169228110.418867,907505366.05908,483314447.892617
2022-07-18,29615794461.4992,15797648344.4575,945703567.043039,62468131981.5654,635834402.533778,249817516.564699,285755326.446604,498233336.11345,263334786.779183,496364067.299776,16400281.6294032,864672592.751887,214718021.282495,641477468.606601,403834221.034399
2022-07-19,58636734705.4831,26437290054.2753,1682926913.0516,24287013428.8855,1487025377.00106,573376545.585319,577567571.127955,948073827.342516,820520715.499403,754832794.258396,28803958.2634538,2458672615.92249,346744514.714685,695310563.045855,713212951.589308
2022-07-20,57338223361.5141,27749085857.707,1285526158.02006,15747773889.5528,1476504248.75539,550953032.92707,746242075.313631,1187776238.21854,874702134.050557,747696443.641332,34250918.5132684,1329365984.25012,704585503.092442,881022435.889395,848795663.371318
2022-07-21,40775718993.7978,21728126383.5613,1605120343.44533,5943471143.9201,1464714071.12245,995016915.912455,591571953.707277,1025885871.01142,1004887950.45388,697598228.972715,28614087.8737619,1402500308.48814,393726789.633162,656740372.976751,713000451.580392
2022-07-22,63224249257.5113,19411405082.9674,1164088486.93636,34998987061.885,946813840.549018,426258005.41786,381438899.587441,735232204.93098,531330349.153076,547524259.41423,19094744.3549098,1538484391.83981,274113037.406298,648099157.622146,506329945.701102
2022-07-23,40304373301.415,18084368731.2428,1090064249.89684,12852784687.7919,778656829.780908,370742500.286078,409965947.312985,584266376.828991,442612339.055752,474842702.280306,17650521.7878741,999669023.211285,292869994.119178,741987232.495265,503213031.063587
2022-07-24,42519262113.1533,14901008279.1548,855897877.583476,22728476180.2882,845507411.098232,301861410.28231,316796653.090304,415892731.303491,346816908.604139,433815078.615303,23761444.6564001,658554964.198076,209912489.238811,575910582.953701,381703323.629881
2022-07-25,33108916659.0537,16058331978.0261,774199649.059401,13511649591.2516,914299114.440304,247480060.714463,334141235.429081,403970272.743852,276447095.154647,443700607.033404,16647884.6815821,682972237.780086,196058866.854228,333552800.143972,446636506.011303
2022-07-26,42667548128.9322,19852493229.2763,1032463870.94872,12266428974.3825,734819368.07627,333100791.371431,389825980.930742,583630829.56225,340717619.912458,517496150.003274,18822508.3787538,846735707.992332,240286032.317609,298834464.166901,450220693.421938
2022-07-27,53995620035.1814,17711985937.2504,903498715.924519,28749929057.4703,775020107.214701,307682587.804851,355891139.670635,316979808.545497,338520195.675623,485003569.25297,13660175.0628172,747019777.628314,194430639.254475,221071632.121441,408261172.34713
2022-07-28,54498281944.4516,22792557484.2692,1505190980.64327,25637669862.0219,1020763453.68999,388423346.791729,476702692.018406,692294672.743182,462471704.300654,598081029.757876,18897089.240327,1202517514.8716,238227944.868377,281637705.50269,500206703.605175
2022-07-29,55609627980.6571,27508245872.9847,387272966.998222,15143779787.6283,1228761150.62293,547333749.127503,731958391.065223,912581678.607996,679215202.443187,669860183.140039,25292576.5853571,1740818377.6015,341615555.06995,1185508105.64803,649674339.676573
2022-07-30,41089335195.6397,21792598232.3649,2732526125.62308,9366962075.83838,1414352057.29012,629340743.868108,704624822.139794,777337978.872077,535721091.926846,685731775.9324,27010256.2889512,1310322487.97261,301464349.428825,1326187021.57565,1236080900.97837
2022-07-31,62102072346.8078,14236780342.012,1138108421.94681,37779483824.2327,1135684896.64106,679109266.573013,652019084.577781,639136725.436168,724710740.776482,504224918.610406,19598767.2448667,753963332.613092,337417359.93578,876391872.692244,801940854.832333
2022-08-01,31786729326.4432,12894604186.2877,1243125175.11294,11383629246.5305,750223549.18754,443178697.931631,800855163.811227,452514990.751189,438273542.761049,446565020.823667,16405716.250691,919699920.548707,254320535.43681,796544298.043078,597477858.0662
2022-08-02,44489771146.5107,15515408282.6816,1311288013.59608,20993433813.459,661301555.269171,432136214.406721,637064108.382036,490945827.683311,631996762.571388,500510681.89969,28951893.604223,685563111.732659,226195235.470932,661423985.34575,492398507.835343
2022-08-03,35151096516.7564,19414686138.724,1867127015.29848,9268365393.48478,719111180.484194,368445590.867552,616047227.540191,570652198.600047,413661057.333149,558010194.750229,193262967.71423,686570660.057731,292316496.32295,683802004.811508,609040834.968033
2022-08-04,41334593234.0751,15548536682.142,2208152274.18879,18045143481.6273,557951652.216512,326157554.949054,497363617.253843,551176572.015005,361940028.572888,401335852.483548,120492165.528065,505223917.782603,343788616.035581,597582214.165596,476554907.955883
2022-08-05,23624874220.4297,14074560038.4276,2007196702.85732,1009220096.72187,504318910.117801,300218274.876454,370664603.701576,422303990.91801,314017914.567128,404734893.938993,31273155.2443851,422079968.928195,355152621.36345,684202812.70143,433470502.853903
2022-08-06,27040190909.8281,17717475728.2437,1694815048.83076,1083081362.93942,545010350.801221,379389902.416662,493509572.105355,525795189.943301,353221030.747527,370374401.697017,23827180.2959371,524599028.194523,660562370.93754,632071394.867695,512386841.529685
2022-08-07,14439694271.1407,11231103244.3664,1199910073.15993,528474692.260527,372928511.467479,312552830.947927,359906898.477954,650087346.607602,290742159.885274,289458642.19107,13822042.441421,324828392.261071,314678417.987364,562578336.944238,383662770.10215
2022-08-08,14324042469.271,9464715954.71684,524259039.829571,558451987.024059,484163038.006817,195760925.52274,316791951.577211,804681586.101218,240123809.962869,268679469.015396,13474620.8784267,250570358.953453,300761711.598044,573314198.773416,424042004.485566
2022-08-09,27756736787.0286,15566998953.3512,946166165.839806,1138699148.95832,751185478.177296,390176293.333679,680460985.729655,953356419.998686,606866699.715706,324154435.743817,25408951.0201583,443970926.144241,571144649.689339,633978495.174178,731062216.740404
2022-08-10,29738069337.7764,24284375402.6071,1186836306.17005,3343031576.79112,620444997.526573,620538140.896193,1793771726.80064,702086372.81428,3529709279.81343,381518688.509488,17313464.6053645,3368897069.98955,419926067.249233,624331637.123457,843995194.339309
2022-08-11,32215976525.6502,21699442049.0733,247642295.992228,1239763218.2306,752169685.116842,473787491.060885,821049280.85191,891514508.761029,426182221.468264,369945831.522339,17589306.1273944,456059499.736277,793605445.385141,680320750.831034,865696721.951973
2022-08-12,33892871243.7166,21837068069.8273,465352985.484639,1216921626.13018,729375747.156051,601345664.785982,666188098.022888,718992380.052375,539141747.735004,376543005.299326,19092556.2052631,421476950.585861,375922668.184705,695022574.304858,634430227.204512
2022-08-13,25195193357.1033,15849264839.7528,982278102.740495,1018932719.26237,522563815.806489,350055859.57627,536717872.361275,431371942.234303,353752817.086051,336644187.620749,16286979.3546092,292383974.004413,423106632.477601,613395886.016531,718374888.453914
2022-08-14,22240559959.5221,14816745160.9168,991502775.230884,661994515.992704,881421106.568808,429531374.806766,349277713.065859,408069176.878726,387414685.426997,356969349.54327,22870740.1505901,919659138.80431,264994084.181824,617010562.451662,425793318.319434
2022-08-15,21287616855.7045,12172210305.1582,943392380.995366,850831853.859445,1095775521.38051,1472169164.88255,410218267.553438,347635820.275517,4696871152.27916,450995691.9044,14746295.7922651,567962035.053242,232155496.568145,610902314.771029,445643453.597279
2022-08-16,33404812507.8054,18310871317.4559,1029621279.67045,1162193827.43767,823679937.8247,881087003.278233,443748608.914296,439043751.868439,2061676642.63302,437143941.062204,22481566.8278173,526625660.269207,311446883.94674,270052858.903356,532867873.10331
2022-08-17,24971300201.3682,14240230761.8877,1009808544.6032,1031739476.4238,680713342.753888,1907992736.9825,361783935.164887,365922640.611642,1365987554.34287,385358181.600707,23275784.7206603,400687789.869371,292112466.180338,571667158.366932,363324250.154575
2022-08-18,29567403252.0012,18427553152.3517,1199734459.45207,1563237238.52878,996531852.837862,987896632.125515,434704289.095331,426061889.331066,1165831135.76887,426586026.494264,29648255.3464026,464627017.166441,369885634.528618,668086054.030931,439754380.542519
2022-08-19,20228208349.1566,13363780756.7982,1091855502.00527,988350335.168157,574175563.340601,599180369.909716,321099596.183252,317388044.810529,576366821.480847,364296954.967753,16833484.1322262,373205324.308653,252011441.915092,573474449.962824,363049287.206164
2022-08-20,35142410593.1222,22687362580.0953,1657992768.76463,1723039768.11766,1131869911.17826,1015524096.18207,468975086.581676,639401542.892851,1180773778.3839,528117963.509108,32227767.3149295,685105426.181227,472921034.662639,598274338.345459,653213629.61766
2022-08-21,23809679190.9222,16404512934.3366,1246837965.585,890708537.384295,712605130.573029,597591677.628822,325902403.56034,437765428.486238,755472046.038162,342356763.983898,13464513.1913058,490927194.374418,386141547.307732,508241167.678024,458624258.287291
2022-08-22,20476237108.3515,14174702673.113,1195298206.30887,795459529.353484,572942227.188354,481542620.744236,239159522.87053,330941210.34436,456408942.132507,318089992.792651,12164513.2143742,389520150.59363,228356995.278951,522956110.883899,324037869.259751
2022-08-23,28856912427.1757,16648637311.9742,1570719769.99698,1092232936.38399,652365390.959614,583158079.780167,293458774.69653,479782392.022283,434011184.027435,346275915.988285,19478584.1856186,361304920.406442,280732399.840697,573364199.50814,461838650.804706
2022-08-24,29331102121.7933,17182337491.1861,1057636829.42868,980885020.019605,496523434.940955,361487550.995886,328997051.524054,426565608.072491,414186487.858837,463579850.496198,15615464.2350109,360259597.701403,380570024.653327,771817392.051262,389438921.819844
2022-08-25,26855905243.3612,15322907185.3346,838987390.297525,893746663.358741,419728029.650071,399669534.348228,270013995.871793,307991781.621605,395120090.072314,352935655.430554,13399378.6464831,318863248.837614,269301006.627769,682436651.705499,329112086.631042
2022-08-26,26767966536.315,12905826689.3558,805713579.376531,880120992.162426,455105017.351287,481036165.023848,233753956.124905,270827288.634487,974041873.927523,286471261.719947,17402869.6190884,267258917.808915,233375857.226197,578090339.276972,331159563.998056
2022-08-27,34910727805.0411,23170035981.4384,1018341640.07515,1466059795.9471,1067566966.6843,566061466.260395,338509659.280631,415680010.434305,795171107.963753,450779810.471054,22488554.726399,551362472.14983,372422059.081137,572516905.80799,413807316.378266
2022-08-28,24463219414.7435,15440053448.9842,289644996.380094,699466583.794597,611619788.937878,335854088.033515,264326212.124532,278803543.149611,459241482.297382,314016048.724181,14633157.1334815,483838952.431457,207104047.63333,521475922.963554,284758126.488381
2022-08-29,19781826309.4512,10575504871.6841,419819777.671055,527683239.741352,422733249.414459,243808042.607314,192071231.525424,311288063.836892,318381844.162164,209539336.48548,12081887.9489958,372122225.370451,165497055.480253,491591991.387648,228684376.325093
2022-08-30,28706315246.1401,16528644851.716,908062237.355144,928205984.638813,495542633.829733,304864566.275901,278447038.218257,523604236.764274,405111954.110323,299827642.625282,13237013.3403226,451440201.695655,206959337.479317,536340883.747449,326721366.373431
2022-08-31,30308993725.4562,19704720195.3797,364213046.876533,866624871.255485,545010438.782853,296887635.375765,264676362.789261,520162231.96245,367260731.165353,608488936.580357,19676243.3528637,436838673.576808,277926197.249664,496310545.575845,278306494.494965
2022-09-01,27825786159.8556,18596055350.6137,336434858.285441,796912925.416306,442697001.130009,273656559.944371,239489891.273313,347264486.586082,297951775.134009,341091688.509873,15045934.8007497,426296939.401102,339536876.253214,490666335.891589,266449837.068834
2022-09-02,25616737335.8806,15076286516.8913,866758763.715139,809944925.600499,488499192.282555,303108118.868752,267990947.572671,258760696.021516,265904853.005704,308222502.013148,18488432.4699288,601804846.592625,259997191.038423,484151477.20893,268665343.538239
2022-09-03,24078042298.3401,15857654357.0986,176346268.485361,846287512.851304,445202474.122114,248591513.726388,349647674.491282,238552776.012627,291505133.736219,279020437.999772,12790061.6398522,498720446.286688,227011683.88805,521608595.032403,345956067.638922
2022-09-04,20048153187.3997,8500114333.50042,382128516.169982,444863917.876546,669578779.88531,276225702.3087,197241570.159281,138416682.646055,234405564.912926,186599249.238367,7081863.75335207,253961976.100843,97547603.625209,508008154.114344,162480307.72187
2022-09-05,21537524477.369,7827505125.48359,418828208.98438,405810028.433996,771344282.134882,233090074.47117,215999275.742615,146818676.397962,563831898.822743,197806013.514397,12464945.7405068,246579672.824808,115413919.274603,465598332.23767,289008378.322039
2022-09-06,23522961655.0004,11815125728.9699,553587755.583382,714260159.581412,563073797.677026,219972072.266306,294534221.976517,184173053.481207,354300320.935725,255160962.528785,10446728.9691442,277384284.30309,140815425.05597,555973041.418179,327405791.48115
2022-09-07,39940310406.4759,20860201644.4126,929496549.371796,1188996326.40105,840012624.930699,438778365.803246,395188284.979988,414068765.655656,502603750.820673,377182149.703036,24813057.7043865,619639302.90468,408295880.760119,556362883.870376,395890535.974855
2022-09-08,30517907004.0825,18560005397.3284,891912791.062282,1023686540.7471,596467887.437439,321663514.290085,317512665.232021,279198608.978177,316353956.690961,308959373.698329,17724944.8673672,408353852.475379,290283026.629019,216876680.010344,393192257.232191
2022-09-09,28936941008.3589,16676188643.1512,745223780.146127,1009572640.52929,546946753.377234,268852122.439271,336043666.79299,247901528.243629,331623207.37682,401388789.837017,19870281.3562647,347229868.751988,372495612.527394,414873047.561392,453975734.591706
2022-09-10,42487059054.9759,19418675070.6801,1041667243.02652,1403094809.62469,735761266.585142,474643807.728411,357445285.70667,345582291.692275,981378898.601891,390241197.418932,20943259.4162833,424014785.878742,303245355.632363,395988161.302231,550909293.652617
2022-09-11,35941349745.2444,12521808520.7012,578541819.43387,802561442.966053,846515848.166846,418794908.734479,273468652.783926,315129243.408645,640520775.701808,363819516.192581,16535728.9017492,367941194.65967,283880313.560257,262873930.950321,483575683.3054
2022-09-12,31266252145.3562,11692754175.3954,475052432.777743,638880661.787757,602005606.885805,332675348.555898,249226804.148563,290314556.000031,579211145.177299,299237778.353549,16580422.9964369,282482578.63712,280637989.311983,553743324.051727,439313026.47312
2022-09-13,44006486689.4451,16770566236.3097,687391715.72951,1059520260.12427,736124582.716393,387766691.088111,418330939.996786,656207899.122385,541229595.354449,413963303.633476,25796079.1036292,651815843.251652,552913938.257354,248039723.164926,533440146.89394
2022-09-14,46489890914.8247,22286700927.3381,1062897594.70036,1324489792.65536,871818623.872408,449998706.972619,423497658.615805,555844789.290156,486233910.286366,405468263.653448,23053900.609917,704197218.632144,496238222.396585,547993794.846086,526461648.466438
2022-09-15,35789015870.3922,17198033718.1802,637022200.773526,1106999903.50498,626860025.973645,357886370.80751,288042764.522253,338628547.105998,342588898.020237,316815638.47726,17435782.6138959,395758505.063964,300303996.852347,182500755.241199,496878024.853366
2022-09-16,33715957206.6833,24787864366.6366,880165869.744559,1337552250.39202,563333171.396457,309004227.844802,331917684.928576,369102169.300882,333132098.712394,368398029.788013,24590892.2374818,419521476.48713,266333178.396129,450234578.890389,593200435.327404
2022-09-17,30187737709.5801,17892819034.6181,691151537.400469,1261958274.68683,471827719.712633,238620016.70636,281326251.44425,280168296.243047,253790122.972683,322705651.5199,17955162.6696995,327190574.274313,186391586.724114,526677304.330136,573553961.810212
2022-09-18,23394494073.7848,10309763882.1423,455331744.877707,1427789277.67536,442079343.122878,205863083.862056,200117947.760912,174717790.184055,190151521.407411,235935047.930569,20460217.1223016,199873115.168096,173240378.727808,504350586.572402,476288918.021045
2022-09-19,28689764413.6991,14696599277.019,619323050.597481,2096753184.29425,558733055.79383,250542351.116018,304668233.406565,319620171.644402,279861935.20857,281328570.676222,17307521.1881685,353075588.946604,222486848.304939,498086796.23684,476781173.756328
2022-09-20,39507938864.8785,17757533838.1638,915888746.598405,2475380016.16675,652710345.440842,288866040.501315,374381504.599983,250555877.746652,354839615.571193,374875461.571727,26093128.5925293,396108152.416031,288735711.391731,534556493.911414,597118538.808902
2022-09-21,33890591849.6765,13605986462.2281,715084654.557349,3389711446.22013,458720063.432248,278563168.369653,249671892.202494,213873554.302499,237210831.123197,319250246.900379,17524118.4748371,308953037.265783,257747259.552896,508088364.154604,411594047.351974
2022-09-22,41059997264.9685,18732743241.6282,429925394.622945,2923866454.04644,1000019241.03269,379475189.299615,378987568.438047,340372009.283942,336094984.972449,412783385.195658,22392340.1480152,480373708.167333,349953515.134488,543173586.013741,555594057.057049
2022-09-23,37660914389.8923,17517188721.084,750846868.141816,4345510563.239,639659167.830416,235736292.500085,261158472.985319,241451889.950426,214487052.240045,333244490.77726,20110954.14303,369469900.406323,204556738.070497,504543168.482474,343747617.82629
2022-09-24,35506139423.9013,17599766731.2409,787790763.511109,6851174094.82269,840576833.517799,650660228.557672,338069357.266049,258558393.197864,333067156.72457,351152439.152465,155522895.113571,442195657.454302,249067665.829288,528283828.210173,589633708.316088
2022-09-25,24644354421.6179,11251326609.49,561051872.391119,3174509674.06233,495364665.529106,895820729.090997,204567906.993273,143664792.01719,669545108.057275,247999899.76452,58793162.177703,281681714.453351,154865560.163937,534895816.854036,575987741.185629
2022-09-26,21516374222.6753,10552647869.6736,252974908.516568,3076786928.7829,447022381.277092,348169164.419361,189022810.31206,116559876.792492,285695646.857296,219135068.36091,29351200.4926754,248277201.189911,120459612.375329,489012445.235204,734415208.765191
2022-09-27,42560193944.4184,15270197375.8468,454677112.997574,2761704681.57782,527803459.193104,302358419.17944,373281606.89104,185780594.994395,247647541.139615,330461325.020397,28484058.122052,368862888.608013,174488003.670231,507480951.100477,585621513.787745
2022-09-28,52482615483.8621,16685874856.004,820521273.712194,2605483194.2332,575411543.574594,313033546.815949,320786055.538554,294813208.184351,283704789.693767,315174105.359713,35635491.598597,464058888.374771,206196952.905496,553111573.107209,817573044.929223
2022-09-29,47494258189.7042,16571161476.2539,252004911.08645,2399425239.06943,507181125.797774,252503709.081144,252245048.66839,237998087.111991,246040991.782572,317142826.377418,24335008.3224706,296018550.232385,169721850.445557,510625230.318894,1299905979.3406
2022-09-30,37537716230.4836,11834328252.3921,699402558.202916,2979531131.3342,451700955.310126,213911928.028467,248460354.273008,178584632.46938,174709825.429581,365894317.847214,21456312.4420464,291608309.339713,141544082.402539,534465060.877275,622257071.667883
2022-10-01,37848666330.6722,11849125783.7593,367994492.154513,2972868272.42752,476695048.215369,328232924.781418,310145298.629885,223400291.011665,242867938.653702,389567496.793637,18142079.3553037,356785192.477493,142251389.048631,611620976.441086,424880812.469365
2022-10-02,15943514602.7222,5052407840.71477,414255338.267618,1408593745.58032,275605662.643377,324030704.244893,171677814.684159,114547216.400311,167660920.899806,237123177.541412,10536911.8729361,168683287.315356,74764891.5430824,491893876.217081,284961377.09373
2022-10-03,17859684587.6464,6227268235.75853,469428210.328076,1408392767.92372,349880389.833377,190830664.585545,192661765.023745,145440568.345117,171533504.473906,334715057.842581,11180068.0532911,197191598.209616,94222666.380298,494758113.383173,323132721.372134
2022-10-04,26634227151.9252,8749663554.66095,605113948.824388,1739336470.57648,396923709.158018,187651276.877525,222801270.319504,176270052.607671,167028945.405668,268620331.393836,19735788.0405096,330858096.935379,119220000.76983,485186918.776955,371346576.538541
2022-10-05,30974520027.9443,8587836597.46987,728336449.141478,2038303645.02197,389554924.536249,692656669.289593,199914235.40468,159964549.920311,269314713.129356,265953168.911127,15794176.7677479,388405589.532858,115837944.946386,518644187.43208,519527596.147147
2022-10-06,29366342083.1018,8502549881.90583,543029075.598197,2280930102.1681,386899877.849262,550523065.709887,194188039.11389,159374815.342936,240774726.502396,248818120.493811,14544930.5681588,393729942.450793,183530225.21873,507629468.77649,497476475.303021
2022-10-07,31354758329.1423,10653358724.9534,217913559.798238,1784282944.34899,373891185.470304,369415330.265728,199865910.547367,164985484.891814,210027726.93053,308698440.351106,18298020.2616169,318858799.487414,138247643.011952,468503244.388925,328338708.495308
2022-10-08,25445042398.338,9123112355.72732,941674777.966402,2249633454.41593,376520586.220426,317450232.019793,184577625.447879,156833323.333058,166286028.56572,293792270.45261,20540179.3490118,255984076.07486,110826792.478175,487766749.337209,354397876.85599
2022-10-09,12996183216.3048,4942603337.90246,460043777.13939,1610134699.3613,256034560.830253,164891129.920561,126797316.376348,81643431.2989198,84352878.5356053,207614839.910379,15208009.0416101,159975642.187242,73117255.379516,437226766.964997,178223626.659227
2022-10-10,14404623229.0469,4753165267.93754,422533959.319438,1653702361.12529,244792009.014605,158892865.108516,162194352.247928,80703198.9407418,92989615.2141041,180642865.826473,13708294.1623785,153133565.739784,61347256.6105358,463317047.186121,197426732.446801
2022-10-11,23743487600.5375,7492362032.7395,533177533.655059,2164911186.16093,433727773.126124,244030702.670895,196475554.477011,146933327.483541,182617963.241249,528503068.256616,24697034.6931588,291417098.655855,126959734.663942,471959213.999898,340275972.854948
2022-10-12,25102717820.9909,8314705467.19155,519272843.758578,2176382497.81889,562570768.276464,281768670.720984,179637147.531187,183261739.181422,203139172.813325,309666794.959292,36087680.8146061,270250119.454794,227254096.37581,480189062.202952,362655956.8475
2022-10-13,22339104401.3842,7512521119.53669,411506006.689213,1366104521.15828,400079678.543493,193764226.166423,143942887.810359,109226315.790493,117437766.281561,410850196.106866,19460557.9865046,168674941.618249,118562726.632744,469733718.001962,210611641.096765
2022-10-14,37194496437.924,15374968702.825,990860816.11847,2784181355.302,858230070.840073,426926210.440947,326897884.290997,322317859.608187,423053587.277834,415726173.802002,42386314.9646129,414206793.522407,341362630.433826,597542793.254863,596545167.56094
2022-10-15,34806651159.1355,11792024290.983,35486912.4189526,2121123366.64087,487794378.250263,231426625.234336,200870897.613368,188508250.974842,224707303.188484,586240310.369268,23587147.7800508,329041417.883307,163811700.500913,470004921.758174,338924527.868507
2022-10-16,13103099352.4055,5743906844.85924,139004435.584498,798628206.347576,311812753.175922,177653659.307328,128879776.901246,103206247.663837,167314047.762617,406366697.88053,28411583.9634299,193354278.56005,92755228.6994063,449529153.166502,208138675.865358
2022-10-17,15683330320.1596,6318629607.96271,442972907.654711,966732867.985011,297264807.44979,159217850.548695,154968669.613763,117501844.214614,114591941.387638,253872977.530801,17487905.0739079,153822962.091972,87732335.5901441,454985775.940321,260943998.668939
2022-10-18,23713928577.5198,8639535764.06259,454896074.300965,1417504115.52188,321996860.080583,171266123.201715,181727224.536245,148869262.688446,109371416.574387,307531396.096349,36642631.0054037,301023951.64935,95060673.3384493,466312802.35676,271333356.164144
2022-10-19,25848175158.6872,9536615488.39716,415377960.286061,1309409841.90602,380762928.320924,222137012.40816,197244682.704689,174532915.463281,161275013.821661,296029276.80497,28757874.8525877,516317909.422011,133935650.23246,494004823.882455,279844368.415487
2022-10-20,23047051893.2948,8128527355.67816,196181369.365181,1518939369.79893,415923322.687895,290797937.354647,235306968.937554,219986241.078178,147049840.370081,389007399.556813,26716134.9992335,457904621.831776,136237809.758208,434049722.498747,256632464.460691
2022-10-21,25712511231.9357,8816030159.08774,246682792.697811,1800114950.36233,471611618.831431,253745723.785321,251460220.009847,234128836.442663,171662040.506172,293014747.845139,24181939.6882268,453285832.153875,134447978.199934,434642434.042717,317710160.543282
2022-10-22,30297335038.197,8731620089.4909,535671514.440897,1712778421.48663,499292036.85871,227709937.504712,335658828.312494,242243157.255753,189670749.909197,317145961.432103,19284885.6924519,449362428.641492,156718357.313322,476732791.548095,340853964.34767
2022-10-23,13362526957.6578,4996733236.21646,111147720.337293,912940134.461393,337935170.32849,163636240.118194,226793996.602682,128845118.827237,101695346.314226,214389497.72979,20526122.5813055,256942444.522274,117943984.817056,464368448.640642,174187135.174782
2022-10-24,19928822961.4162,7794024007.58172,425481973.742518,995497789.512134,384355315.394223,188777232.070454,225723711.889385,203496313.771269,119775853.742168,242249888.192294,21178962.7184622,409671122.707316,143374815.258798,451143731.736281,252248310.63817
2022-10-25,28657172008.9177,10789079575.1136,468905489.691203,1356662232.60071,376006394.129509,232530205.190919,247486445.183014,161568199.204446,126297181.470269,251754790.12229,14599141.6307828,581839015.651115,158288613.784634,489115583.175683,272024206.708667
2022-10-26,39846253138.5969,19624530679.9569,908333564.241899,1689657453.94382,1142066696.38146,481962213.939937,424831161.077615,277057658.845724,221043516.946373,278888969.56162,34090184.522716,616697525.648381,212663084.763334,517843521.759799,422359167.123348
2022-10-27,50667020407.5142,24505395072.0462,305360483.061712,1565980824.03106,744946954.664725,1460263300.22588,314755284.21092,336671014.608021,443268671.164734,311342475.968991,37779454.709344,660211002.227139,214920827.937176,659851416.794304,379721614.549435
2022-10-28,41829789298.1794,17752430680.4037,498014882.645106,1860834302.82387,680572977.991044,3037886680.13779,307410462.921189,366572075.788313,766214166.715525,310595988.100061,35370689.9506228,582851074.203868,221856251.736285,692194394.7942,361128804.283431
2022-10-29,36165609164.5681,15641652314.2101,244128552.441749,1353826346.23895,600688333.606234,3786673893.74213,270925964.731139,448320103.384078,928970416.250104,276665881.320593,37528541.6247177,466113977.245441,174064366.434034,789130635.159595,290972079.793623
2022-10-30,32806216910.5705,17044927217.7519,1434607961.5836,1521168003.44845,834938838.577602,13935323258.4764,329448106.516373,330856397.581827,2470705970.33477,310534220.248883,42807337.1758289,437965680.236492,215199504.770376,821468219.565349,559233812.083757
2022-10-31,24707906148.7493,10366405350.2508,1619397557.46643,1045064808.35067,546408379.827099,8902350482.95252,247616521.258163,288620929.740729,1305215387.52413,274389303.162731,55400903.4865121,377024759.773343,189361264.754364,762223994.887862,639463525.436999
2022-11-01,37290619694.7237,14900137160.396,2574887906.36703,1602014607.30409,541574807.846433,6219458573.12788,374068126.803986,521910364.7813,948805011.477579,309520305.049662,42065813.737202,383305355.82203,171845837.70455,738275391.731158,703974504.747458
2022-11-02,32262771910.7271,19199900507.1506,2472618806.68867,1431760457.25266,424389249.786412,9174768571.36559,323537949.237885,435506756.945622,1039572522.696,243306859.541436,31915802.8221855,312179180.713803,305017993.251555,1645298194.22073,402423427.579989
2022-11-03,44539856162.4483,27498708818.1334,2441288353.73958,1524489627.50729,689133409.863233,5667544978.04079,447817125.959407,514339997.388161,746989549.555027,337834434.777422,42497748.8961193,673639285.110543,214217227.016361,2134459914.12171,697910809.797842
2022-11-04,36562782563.9792,22537458293.6922,2914407353.45244,1222014267.34744,416914850.666296,3211107642.38626,400845031.400208,360858295.780228,377726510.181711,288664661.251164,28113038.2218988,1157865657.75697,218128413.889403,1908287565.07741,667680936.015666
2022-11-05,33773463079.3327,36953923774.7607,482084447.397379,3011375714.15246,899389018.322123,3817976766.85545,596760256.764536,516343577.797103,752482294.475174,308678484.708805,42872276.8731826,2558319520.64572,235318279.20499,2112959405.32245,1019312595.40978
2022-11-06,31061573100.605,21174006976.1198,86762244.5546612,1308897160.50938,682987248.034213,2316382678.18899,524853725.396456,525767128.675952,599612050.778553,307397224.69256,64420310.2391287,1517804834.75762,271219161.958791,2055424277.9863,661085904.827895
2022-11-07,50602704770.8125,22195586345.8766,1951301965.10013,1031713111.61751,472977370.276406,1567432194.98766,386646382.141361,341327948.200717,425332343.551743,325136282.015612,73059916.9530102,915801743.85163,175228664.150645,1511821116.23033,517571265.175328
2022-11-08,91750982446.3873,30344896841.8525,3463407069.56736,1755549936.03491,550073849.867848,1632109436.30974,580552457.083317,425943497.812671,326219509.638774,286975752.739651,84174206.7326249,1969809487.00236,179770129.047938,1492266827.7836,959255630.958813
2022-11-09,92144963385.0274,32343101742.6214,2457633082.55619,3706738060.4741,1313554146.6389,4215412978.52431,879258826.551027,832763930.478505,718999364.582491,895925265.304131,128282162.316339,2741256338.22873,371263283.647452,857831677.908299,2310763732.44429
2022-11-10,74978675390.5928,29253284762.6595,2967391235.06406,3241614924.19698,1208738101.73346,3287343241.1638,803851322.315723,624316829.684165,590162283.635405,1613083242.57671,121858863.648421,1944139600.57257,401788892.027364,709678381.92713,1523791447.35306
2022-11-11,65200666543.3646,24039423467.4505,2829805459.07269,3217259210.95839,1161366328.85961,3054987292.44508,604308002.659967,466991586.630844,583339628.038876,1509689790.98283,115830780.261662,2496413269.9243,322836974.355649,641362071.540557,1043559161.74767
2022-11-12,45030331310.7498,17355612789.3197,1822439188.11056,1861507915.39545,594772825.454018,1607036179.09379,408619625.736175,333214112.797656,313241291.143383,612423422.669054,73468350.2874955,1728010270.57397,207615311.361475,523244810.533281,593034120.298907
2022-11-13,21893997140.8605,8636739779.55446,1319689080.53984,1003463771.33307,393108578.401687,2311140550.34229,218809784.926243,144001528.368729,290929455.984085,395671367.15792,63697619.027686,961869813.897509,211485369.358364,444530985.014241,675469266.529012
2022-11-14,20411619109.0078,7719000328.30708,1029304209.20447,1118704703.34933,389879990.748956,1218665499.73635,242972818.651756,170011827.141168,246272719.533983,564049081.624483,212744093.36691,704345655.898914,149445203.193068,416524892.762472,348176390.3284
2022-11-15,37539226046.1063,12056844339.7397,1587096552.13109,2595659777.06923,500083635.93889,1535609620.19137,276137142.552978,247395188.93284,317814402.740153,969700812.211531,274840874.636697,1122218371.28531,168137839.675813,494108314.681506,538185361.325255
2022-11-16,28676275678.9418,8940477028.37425,1056184721.12608,2081487497.97505,318852397.640776,811355066.487047,165930249.8255,168716845.648366,190304181.166243,462248109.164013,109001844.06659,768614615.147504,105382595.795188,435974734.786142,413319401.159702
2022-11-17,26922027947.4089,8870530650.4467,895350350.88598,1372852887.95119,288997279.337164,893959272.913141,167588762.135459,144570818.871421,268602386.486118,364208886.831542,61094069.5382378,524780913.63549,82113495.8382255,464027830.661823,294157907.645693
2022-11-18,22011291267.3562,7075882101.61953,589270203.093923,1402527156.5684,243926480.640102,593843979.831236,152595562.839864,162416845.901456,127447248.457354,297986392.618565,39238755.9188976,512512534.811592,101875596.593033,427804840.594186,238119359.12912
2022-11-19,20942172141.4146,5600678512.52978,593920125.188007,986101847.646806,230764123.878826,445190439.140799,134814487.549587,145712422.254985,102091588.238227,236903500.896945,37387620.5331493,349051204.710913,112292179.874596,435462537.327144,244307686.055728
2022-11-20,10844466289.9011,3722348151.00222,316487894.595772,569755684.841945,159093236.669291,313829605.352917,108869520.252143,105019745.470801,82318151.1072537,283569212.399477,29855081.2064911,265194585.284764,108749742.33426,401655743.960392,150631341.964206
2022-11-21,15680401749.9584,6826180055.62674,476496983.59384,1052428346.70669,243968944.424986,629718361.343753,185142127.933784,138640309.87492,141163332.265704,229704218.197897,32776642.274589,438460418.93188,136415755.530468,499607250.507096,236662880.124735
2022-11-22,31057277097.3479,10372965080.6129,1157275624.89033,1780013171.27111,410358624.149088,863184861.450078,264092333.70384,174796854.064804,207330897.830881,510772897.559724,34658992.9650737,656136136.282094,225064319.940074,519130439.795742,335462736.696352
2022-11-23,25091849198.5711,9220536958.83979,787412866.249864,1485466338.83306,310040647.747683,716889521.060959,256645938.641621,178302669.233744,181382029.373104,665256302.445389,29959696.2339997,792278238.811377,168451869.677637,529480133.186543,519033902.365085
2022-11-24,26858079944.17,9189536303.57554,218835082.886972,1174797641.93198,330445669.429526,675945665.423795,217511018.549295,204340038.604867,180431868.372947,1112292718.07632,23239787.7475956,528799151.913762,141045643.047705,634419856.555446,467640985.0615
2022-11-25,20949512927.3869,6955523718.22101,1002366660.17811,1423798508.92304,229337223.031892,452911879.282561,204620001.165419,159402624.93042,126677055.248322,411146348.741794,20151766.4253093,414705327.274608,110274965.751998,561461622.897779,352730533.840264
2022-11-26,18933018587.7663,5823202533.48716,598170272.430072,1479657670.15797,229728299.941773,1404669778.47009,153951955.458823,116824550.663325,211895554.142171,323072656.140743,18828341.1317619,271193304.797157,73655452.6674215,458459540.51153,312205680.898642
2022-11-27,18243019109.7532,5271100859.56475,1394413989.77359,693914954.576375,216285094.404156,1181965804.94187,156187905.473926,134910412.962749,150730296.812501,235910333.942177,14284542.523117,267347436.319262,89940006.9933845,474318421.18411,415905760.231121
2022-11-28,16551822516.1854,4150923882.2747,794833046.183747,720248826.06157,178897464.438695,2700157365.54372,130401784.359759,108981322.35855,243511357.792416,233370760.013419,12212874.3137119,212083120.189212,86109323.484954,430880816.841144,270159614.783605
2022-11-29,24566056814.2123,6467273323.74168,1291367056.09203,1402123354.67496,297400876.257306,1932188536.3134,216249541.856365,172986886.053647,198467034.608116,354120595.226387,17206891.44774,343515443.143527,123075965.264586,449696201.532586,641112853.755253
2022-11-30,24663035431.3521,7132972094.45339,136503299.836215,1140526999.01025,186459858.88184,1853186882.39174,189434131.772913,168716801.018581,150326396.418803,294865259.857019,14093727.2794719,248826726.132165,79987548.9666646,459200403.290169,437707178.27722
2022-12-01,30676053555.3234,9889408117.51856,944822626.080192,1083227863.1652,280053878.809034,1874725655.98094,208688881.177583,169403886.400442,201685680.366753,269003638.690506,16271186.8805208,561107825.933195,147288655.650442,454372943.163747,458238609.005988
2022-12-02,23319572025.364,6400063074.1209,1718187301.18958,858081595.705064,203650152.053343,1252162118.68936,170156526.935867,154646776.166903,120819666.674458,232758598.992689,15804548.9558556,540961839.16086,128759074.787087,437069017.836848,418168233.470617
2022-12-03,20945433171.6152,5644934957.2417,49427730.585183,888235349.907498,185173347.554549,1044631390.30762,272015565.009282,192551134.869152,121686869.463928,203226814.425135,12946143.795379,420572699.864438,126707020.2947,421775441.231784,315776600.910074
2022-12-04,16931408153.9501,5183647936.2847,703884125.060278,533721848.114989,229698667.918411,876240863.182928,202182789.644985,196091265.447587,140572527.169615,171844173.749905,11064697.00285,258064130.750214,70889918.2750166,416362357.527414,229459352.725784
2022-12-05,18214353301.1376,4842789176.37409,665815594.131625,491979075.138799,175131072.826912,1062095112.94567,121770683.534068,152178623.032574,88747831.2083084,204821175.935529,12211803.381227,195904715.123925,74916020.6230142,408743464.508241,211929418.903714
2022-12-06,23204017213.9296,5795682744.77227,721593433.677647,1057341827.34386,205247917.130671,1404188538.21504,151358305.283702,183478024.375338,289404512.364838,255984393.039893,158914604.114633,377934113.661041,109796201.898846,490488943.933343,297199195.828466
2022-12-07,21026126511.1988,4765089563.17574,641666867.278448,934598154.660276,159871857.696836,745835660.14532,121211429.783121,120898655.244383,110235008.524978,234317487.695222,27280183.1037233,279177907.158119,106209592.965829,447501298.0516,288674929.974887
2022-12-08,21192130005.6037,5392077793.33396,775412065.210586,959854684.209554,217458742.302574,860167087.730963,188037304.454631,131643735.993688,125331696.923242,233357956.130671,45776551.0169159,358676385.796758,133039742.895947,438413840.946877,259930755.667981
2022-12-09,22674029585.2539,5929103713.48247,720497813.059438,879857521.437225,170856072.860468,659285430.658777,161041105.394514,118836604.587892,100872288.451348,194148112.923941,15202085.8328003,320166974.344572,95139918.0176398,416910221.491051,219535171.948468
2022-12-10,23179829829.1701,5743935111.26378,639138700.969744,801611082.073364,161879381.562705,569868910.593294,131449171.828487,114488804.528999,94465024.8478207,211191134.297275,15135899.6913537,263294356.353945,62512498.0638377,418959232.755165,173043727.10398
2022-12-11,14234368489.8443,3136321665.27463,439505796.991346,359503303.735123,89086469.1148714,310835329.355665,86014999.7384188,88955821.186848,63028085.7636268,183055296.669542,20039313.3013967,185573515.534182,36898527.8304778,380020218.071397,148188969.275062
2022-12-12,15681124918.7382,3179021750.44724,356251072.190847,395120823.421697,117231304.427196,395111311.875624,108949492.563075,97633658.882486,81609957.7629842,138690672.243934,11922858.967303,163531737.784452,45099977.3911074,491252572.413559,132044601.957915
2022-12-13,21633829199.4891,5107100671.71323,308501680.81345,1049862565.87628,182275972.191216,1005013158.59023,161861179.005863,132581889.338849,166660148.98706,306104770.805539,15009382.9453031,276156345.306603,77097060.7703981,384760719.237662,199972643.641984
2022-12-14,28941242217.5917,8667920250.97344,1038027779.45425,1355988500.85153,322716718.244553,990240810.905399,206252780.210967,296179639.487297,220330882.889776,318046121.962172,19758653.9318044,516939386.782573,125842057.2834,472455970.235202,328949279.722786
2022-12-15,27267536668.8115,8063349707.4399,1230823034.1131,1043286573.29469,266724848.779939,720250506.004139,244712787.114279,210764002.584345,128265637.224409,328028590.2019,16561610.8325189,375702345.956413,99472511.5595817,408048918.570244,210731566.891663
2022-12-16,22754686787.8171,6014960880.4838,496922718.918202,819703826.135733,231166876.278371,531350811.124108,208210052.348066,146947782.199569,110399222.694774,241333907.598048,13271052.834672,284336710.797086,64535359.7633192,410039219.990046,215121058.791482
2022-12-17,22250411214.7732,9306680537.67198,99313763.6113436,1170831763.12442,450953840.637952,861530985.198392,275779636.793213,174165879.14985,198921635.395034,276038511.687276,26683527.8321297,471903081.071077,99849610.6267856,410670851.601919,321727305.884012
2022-12-18,15086383815.7761,4893469369.23855,1505549357.41045,654553881.868799,357667134.615263,678472327.653132,221174551.060179,112516834.351332,160150289.179207,268010749.149471,14002463.467626,311214202.706131,76721442.7037931,384737426.294014,220579813.211119
2022-12-19,11134054723.1475,3175705524.42087,360672453.940244,347030394.086512,200137566.984862,343265209.936232,98713106.3234065,74269989.5987074,315726002.998592,208242226.651539,8624188.49990714,172138639.832378,43119349.4956133,347969587.648243,115745539.448432
2022-12-20,17719672544.8918,4281620919.98248,384674162.965216,1118134740.03537,234453354.993819,730295387.839951,161782937.522078,132000581.936658,239973455.36996,220712329.88631,12566720.6584751,373030954.542133,104140920.735746,365284483.923774,214405456.622013
2022-12-21,24938219697.886,6463130153.51268,692548471.767386,1027632998.10975,193006846.682264,585663564.361709,130494169.196779,133579919.078933,124863555.064469,218885634.174845,13282568.7843761,369925952.520417,82298907.4479524,366383338.959064,211013223.617408
2022-12-22,16062767787.3581,4086534541.45075,521176570.221616,858615195.2521,215629099.996891,466317120.902622,117104381.787476,92903402.2410332,100960519.17531,177071311.130553,14296203.6190506,206647414.797418,66299542.32867,360753788.833912,144662152.673781
2022-12-23,17847826941.681,5190165001.53594,556887080.503983,780045315.539492,181065917.587656,760263580.041434,124180162.848174,90799000.6418826,110049658.891995,209462938.308455,12343310.9572796,221982059.802117,59626876.187389,364659773.947053,174037533.211629
2022-12-24,16765392449.9509,4777025971.87922,381696111.396362,666320112.655971,184364462.246407,531061748.043545,111770045.987986,91479536.537606,96067408.1323072,194342188.908675,10482089.8587785,185552258.208583,48967112.1237959,340085215.441942,150169710.229101
2022-12-25,10169853734.1175,2443348024.21521,263445842.733032,231622343.957664,89276162.8446513,213562358.036919,43500721.6204672,47658674.8487026,53503705.9603446,128670712.178659,12476553.568927,106014730.28153,27148225.8045665,308777725.603931,98585486.7356476
2022-12-26,12574453968.758,3694243212.81747,280337157.315761,339542349.555203,115170654.412014,537921732.424912,81185178.2158707,88287161.5371666,72159128.5447517,140267074.23758,9950963.81987099,128275207.962579,36696987.7860105,330736014.319708,132248907.59516
2022-12-27,12574997282.0393,3071221733.63115,268504876.443473,945058966.077386,155086399.885694,331696408.849815,100119861.002602,99615727.1147034,64629010.4973971,148011925.075844,8170554.08660888,155190251.17865,37706935.3830262,340322576.379126,127155180.801088
2022-12-28,17436062121.5136,4221450706.76129,307601730.424644,1069684994.99798,147957477.731682,371085799.772806,118374595.340207,109734141.95096,97562440.7680012,183395887.263871,11631873.4522361,218021765.757879,54147023.3525187,353073298.733359,149378453.867722
2022-12-29,19113614755.8747,5177421363.01234,145440839.435443,979984594.652812,219098207.213091,642446112.774357,178846918.983447,115264805.625647,137536769.040291,203563709.315082,14960485.8925813,244474623.19637,58435042.9979913,369488797.644765,188519066.361823
2022-12-30,15683731676.9982,4174715683.62806,148453239.247095,1037430034.6293,228559837.821627,368430088.047358,106214112.052611,109623480.748113,172457199.3413,193176327.020203,11348380.1497304,199909137.001605,54384218.5765376,336226628.447635,191018020.505413
2022-12-31,17497327983.3493,4110733112.81029,298665936.515521,798701561.867107,171616881.248575,544951268.781735,99019186.5160052,124016277.554501,114317134.380651,196817894.918514,13157725.0136353,245275838.889549,54305707.788777,388708905.626941,206423752.089334
2023-01-01,12013247678.0296,2891351007.42519,17764481.5685825,404611674.323527,155399786.833686,379761023.505246,81868230.0629989,82784272.1658531,72997120.779336,158223474.811298,9211597.24238191,133538052.219127,33167440.063315,330916268.806259,156180641.527074
2023-01-02,9799252684.08995,2179799161.03854,230405872.606634,327129626.067256,118008081.885778,238805279.384576,83080057.513454,96189344.6498427,62811689.1496866,122738426.282823,9696241.80636099,116806011.049036,34998843.3860643,324439514.127923,99899005.7280812
2023-01-03,13023861027.7695,3845095582.09346,393346445.615597,1581447168.2871,166467580.330249,494743006.26929,118418546.000886,125576880.980212,109297725.927905,168201529.671011,9320825.71206875,217752810.697769,48993779.3797604,367596311.338017,161865821.989345
2023-01-04,15367167883.495,3385566691.4569,256645348.849113,955848915.036638,158429114.056258,361190005.734939,98616165.5999091,151836124.759505,98440168.6923923,159215268.623212,9334642.5891897,189225586.783124,54072803.7879892,343757903.416893,140327240.773284
2023-01-05,20836560771.7236,6727208484.54655,713673930.472613,957585438.951128,308444828.854207,417433286.754158,128601420.396648,197921996.097787,164601063.495479,215806427.5642,14633721.172268,326618921.559891,266940449.452325,406369281.330843,214246282.399729
2023-01-06,14919039445.1069,4052351544.82019,167603342.740573,744907998.829614,186258828.280313,553994284.008401,110202869.378931,137452287.073085,305371506.464394,216950837.679714,9916900.58969939,200865816.757365,152318464.810592,399721781.100121,154446828.757991
2023-01-07,19046576249.7286,5222706873.55758,453907517.415409,801001834.066361,353554254.367893,417136864.934003,120116807.8403,131492897.042362,169040656.302797,846689532.068622,13950072.7800755,227568151.654385,109340044.510131,409105974.640774,149310715.515517
2023-01-08,9594456673.44898,2439388823.05723,302718780.577068,342946545.846141,173174628.342618,232768645.858405,75278982.0966008,98911144.7365114,145611577.275853,290644783.280465,12415791.5032666,160429094.122234,55014105.575221,363741559.924507,125856819.726024
2023-01-09,11841041542.9937,3401917835.26941,406080943.027155,545985714.496722,413304042.363935,333651622.887968,118428756.664075,121413520.824668,136218247.199992,233411108.549848,17213435.5352572,223379749.923794,104030246.434537,384255658.913114,140950912.963668
2023-01-10,25532751567.1982,8615288094.16077,967672469.987004,1539262894.63289,974414951.91249,1123978233.58379,258706966.021144,265696244.520237,467751197.779147,417043085.688757,17782429.9874419,501257748.962531,213725013.538612,439636365.138471,311388828.833487
2023-01-11,21858206845.2923,6390063040.04484,577193155.008582,917319432.21807,445919255.684614,674692124.964146,142944072.97942,218860677.257918,531060078.715203,231377641.940864,13516628.3451352,269409608.777152,95216893.0508876,438607008.662959,208533289.634694
2023-01-12,25439279072.9818,6779329581.8632,644490450.438952,1746275470.3432,354859513.339989,544151468.643255,176549390.726758,847875709.014493,333357099.443491,259843827.183034,13985364.8891693,328372761.463274,229110265.084237,416212511.75015,221223667.388578
2023-01-13,48025109150.1774,13360962683.0723,572474025.189221,1426759425.25937,562673087.871676,983751658.170035,246272551.569417,815723336.132741,495516242.746473,296491388.975785,19479657.2311759,645784297.745218,274531616.13667,311399816.054246,355295087.02742
2023-01-14,39514419053.1769,8386970426.2251,741863436.745708,1170148577.99797,410767751.678278,795233432.865768,228790043.356082,627559332.861941,455305536.801514,334015331.435169,38512345.8605391,429818656.940103,215743260.698901,574944228.536852,283412029.319825
2023-01-15,49498711311.533,15505376250.7123,621263980.363049,1860485927.24668,835035759.775224,1496087121.98354,782687495.721383,1151506776.33592,797058116.036649,701783069.64081,59546359.0382684,1116439033.276,644566926.670985,318721104.250152,662570607.128878
2023-01-16,23072133987.5537,7074931051.08369,736192124.727633,938035524.098703,390932534.538554,681082186.659472,343689205.987197,562834734.719059,497238762.512839,340875844.697611,26638953.455677,460749897.205454,240739884.023445,227358498.445929,430380700.736739
2023-01-17,34809391745.545,9434570734.55175,781896457.700935,1668494268.05454,445014768.501158,723731414.453517,366947917.820546,456910036.54334,516857659.33452,327939158.228348,104539898.278947,781984769.905493,331614514.714538,208127719.092123,431473795.924378
2023-01-18,33278841336.5086,8482482040.67027,609443149.998886,1138890767.1815,300478175.281368,460367915.179225,396046272.971969,557498710.425255,292998200.178037,275079832.107602,40828852.2178312,487463909.398652,203782636.788982,502117490.452165,388705952.723572
2023-01-19,40612056908.8089,11809477723.6559,935963362.51689,1702838567.32209,452576275.470695,1370974712.89908,441232057.68995,458948827.237697,1625816022.91953,336063411.987564,41614222.0347183,588070575.893383,230193576.847429,535735767.116831,478858094.598407
2023-01-20,29144534677.575,6871702648.39477,525255021.015215,1255535645.98654,245283868.602259,436877766.131559,187140445.439096,279132568.89515,453372825.75936,210939855.356012,18912082.1748138,374726345.20574,164001836.19127,464128815.475006,219480042.700226
2023-01-21,41321936668.628,9228892411.46019,924329019.781815,1186977053.32828,363818582.113123,572892110.108487,260476431.480398,376654129.567113,451364333.513954,253122870.224689,25173887.7928482,448608856.343445,220030004.539226,512232442.950749,270118221.06173
2023-01-22,44077026803.6608,9663018503.70712,887023242.243446,1142406486.2266,618878365.285699,929640469.829753,355405212.39291,454676279.463333,603404213.169723,331766885.646917,25307195.4979828,565946028.071642,317413505.712551,593440485.531678,401408166.278697
2023-01-23,34124364415.4392,8233555835.05332,150521091.817468,852878506.661134,603642881.081355,1036054578.54373,249458571.467042,513539507.459905,463480282.818513,268358046.465373,31660211.6983299,498799334.209943,288658167.154172,537577169.113415,415077813.877909
2023-01-24,36750647385.6529,9037743837.86255,769750138.468428,2285698262.67769,507459192.982823,858286765.648751,434790321.160127,429873081.15484,299032934.663873,290788560.952568,29228985.1300494,457729871.178567,307247787.235942,566349249.98017,402681015.633182
2023-01-25,35621897292.9515,9078639809.98298,1360044174.04406,1400007168.0822,351284235.073883,703695713.296673,305760411.891627,462055051.40209,324066616.913487,292288932.952609,48349730.0505247,532519445.267472,197850310.064642,542580421.784248,323982604.99015
2023-01-26,42772537174.7237,11946053798.4904,66745144.4434857,1245728191.77182,389497975.614687,688085209.968623,359305707.472592,379815279.690467,341001245.88446,289155023.038919,36676247.9004393,517599646.931233,226474165.76473,540511871.82507,395463514.744644
2023-01-27,37099702812.2278,10076436860.256,698771570.232125,1019272806.04851,462182515.74285,563562892.209055,326216001.751081,471466283.87814,259787758.328422,244902052.810845,20797320.1402233,1142461370.32646,258315979.066497,229416137.895487,434821051.202667
2023-01-28,36109035905.259,9593062923.13028,622950362.565107,942400534.073615,360808198.596519,531062208.893015,265474456.733998,727151960.590771,236428851.851838,414410633.260596,24207481.4780877,1084965995.43566,253455517.17238,197787848.479043,450523157.048152
2023-01-29,19567219823.8781,6523949724.80886,537183722.566092,565735709.617628,366609117.204126,874890207.817269,208329337.726301,666534749.466539,351942245.717814,297900263.869749,17163478.7793655,678731622.853248,215108570.681693,172168910.79635,268305486.01299
2023-01-30,38438621263.5812,10037370816.308,451076761.217227,630042252.537458,334441514.123231,639918205.435007,254655935.215332,447331040.736773,257088103.952783,383460950.719812,18673117.2933866,697479085.901265,153898560.72988,217366153.500716,339526258.753973
2023-01-31,38594596831.9721,10977781767.5023,923049424.978104,1441087625.969,406195562.768093,1105547968.23269,275635411.887115,706354036.439394,378851150.157546,423853411.534146,24966910.5268083,663395092.344173,210493608.832523,535777662.472134,339483615.145486
2023-02-01,32683643418.3295,7544090211.9465,686300739.61801,1197426392.90763,485110346.306109,2150296357.87935,217928928.739294,411327605.768434,365607860.195419,349673011.432986,16120079.9156419,433238266.750626,162833281.366484,197839885.582483,228013487.010395
2023-02-02,37452064508.1739,9295116915.9373,859050894.509783,1250397867.2488,506205683.866407,1555755722.72915,297339779.988972,626010002.870374,383680085.945633,369162766.980989,36231084.8905939,691848606.038911,261170954.668593,536679409.036275,339449398.291314
2023-02-03,44735297656.6983,12542560274.3427,84078874.8380985,1151908009.90871,573959330.998691,1050643813.89463,417508226.734016,883123005.592111,654904665.743124,488783976.807841,25887940.7850229,931304485.657352,256925830.559335,618608418.901078,371510856.011857
2023-02-04,41267040610.7636,9528083087.52036,1268188756.61959,978829007.055667,390999633.452675,746436869.40404,490617061.782497,470961187.310835,525513725.616569,411817974.06086,20862540.6785024,765991796.700271,152999146.96732,533493186.497796,310431233.472283
2023-02-05,21063097082.2578,6766208820.07522,465200874.308592,648944348.933707,263084740.451538,1480204574.19248,238800804.929877,272119468.152517,1946108819.96228,305357353.638359,37409471.7959903,604152817.907394,121596875.788963,526828526.356327,226785622.820047
2023-02-06,26678691424.5499,8211226952.33072,214914370.797547,863028588.790369,350978984.615068,1040228846.19485,270982774.728234,363771172.86067,1123537792.69619,471056314.103024,33880982.8807015,618570068.636524,158948649.782345,521747886.835178,238747751.451184
2023-02-07,33963650031.4704,7825100535.00889,686777874.002772,1057791123.27086,341533271.40342,625954709.227748,245142517.192052,223677535.462652,678404851.200061,323832195.515389,19360570.4101146,459313077.599304,128305417.660541,451211629.137592,222467639.743522
2023-02-08,38850594358.6995,9180247305.88792,581601059.343467,1161291193.36195,366338560.60243,590091623.7311,295243777.233156,321533310.811608,570184547.545388,474811397.018411,26495122.6934971,616577111.451448,176689301.72976,543184483.2451,285476333.28889
2023-02-09,34247782005.7933,8766845417.32004,729847578.717462,950354663.94225,342730685.960907,545061811.958568,247375557.407144,263277828.397249,437432602.990562,721777786.633083,37190655.7038598,1020632170.00814,514731077.567089,529499715.201571,295360038.008754
2023-02-10,51161546272.3519,12447757846.4169,1346549932.96363,1821185002.16641,490910349.17459,1042038184.0494,529810448.858531,386847735.791898,561054911.330668,741337364.954422,30965524.147344,1384189160.49526,288238729.085479,594606774.041846,1172134999.25405
2023-02-11,42389972640.4481,9882779899.96751,624450062.664097,1049701311.58986,360263656.777385,678395607.518206,301637805.19502,231240951.404695,550327715.211141,413009551.724448,22296765.7594935,1123485499.12974,165130312.718755,204409479.827075,470685979.848699
2023-02-12,23574706405.8385,6070233325.97355,454948260.816308,511402933.881473,224862636.999632,320110939.418505,143068442.523495,137058769.016175,359978270.688849,250119999.294172,12629118.0961169,499331393.569836,86630853.9354009,168776652.815034,204311453.366174
2023-02-13,25877166000.5503,6128794710.19269,39039403.5146576,560863913.26839,233568066.531486,601012671.968762,178158552.539238,278240658.672494,396288814.953977,252431668.5329,13046542.3906443,590451069.198157,135524073.456499,150988702.152859,248525909.323233
2023-02-14,36761909546.144,11573812955.9707,532374603.342202,1370370835.39615,372826401.505691,1026995108.85692,335928393.664837,239007064.730394,404503579.411148,419543946.036527,23558528.129026,831203562.26423,152722537.737394,209310099.768324,374540308.10794
2023-02-15,45363697019.7375,11723184974.3043,1005050377.49622,1276863097.1649,498029508.586846,546678835.750872,278124947.479887,242454605.70839,351532154.897327,372769060.519728,19075018.7654139,828145360.400873,152900063.740648,173446487.186778,300954608.468459
2023-02-16,44336284482.1902,11079231384.2454,1031520466.89383,1320600525.78571,484645105.674979,1141568616.27424,335324467.093943,271716406.112308,480737591.592524,469347114.471851,20975175.2002258,734667758.410405,209656749.313475,210475318.315033,359580998.833334
2023-02-17,48144978044.4555,13388835215.0878,1643331080.46597,1437284191.62915,565088424.049395,1090286839.35086,401487886.981684,356447588.17691,611697451.884467,510922097.406077,32947322.1661612,1323638881.56827,245376046.61908,561453859.781774,553547904.371652
2023-02-18,54200707340.9414,10807323083.842,1114028934.45421,1212725512.05467,417077588.790847,564836418.81912,816508568.952784,238127583.556938,399992639.602275,510742382.835728,22527741.0459684,1546552729.61365,194353614.70839,566346452.389266,811294896.110325
2023-02-19,24900444765.277,5863446679.02043,642090260.640548,575785061.36488,322186852.735418,528974060.966453,471016202.078585,261651157.411911,267068881.751571,311672038.627389,14522434.0444214,862203416.300299,250436565.271285,202935372.13926,918157033.489536
2023-02-20,33664683478.3326,7499517187.11955,780739778.810844,863659775.23199,342488595.379401,640757357.192185,790399403.685247,286403310.959392,523306233.154118,302947737.678388,16803018.4804727,831586912.118237,241531267.290136,566990129.339338,705641246.463765
2023-02-21,38997046274.4972,8435810846.26439,883654966.112707,1741797303.39565,382673397.113912,561841993.138786,517830090.897999,498847262.857953,363385842.618088,516273239.987014,30551510.5210396,742380431.246594,265489484.495478,646432500.447845,612663259.785128
2023-02-22,41991954878.4476,9728814194.48438,744251696.068872,1404135578.96535,393877647.471108,640964751.735316,424382923.079215,519766653.008882,389720320.279613,420657945.438812,89577380.1420264,911724010.594244,209911058.15857,724788098.10472,457604061.668546
2023-02-23,40336608135.497,9836391621.8509,929231102.277247,1391639960.4575,394239750.171715,1022368371.15736,445050807.289664,641835791.29329,312054252.909328,338264304.627715,29994473.8559807,878694131.690924,175380763.591594,587878327.977473,504502564.711848
2023-02-24,42356618035.3496,9698749201.90217,768415803.709882,1131967738.40739,290508904.523339,460638466.821806,375652835.751749,308759881.215883,441192683.765911,289067259.549464,22341323.3087385,593146089.798664,112904736.916435,536890012.639687,737667040.475571
2023-02-25,35081974267.08,9609840835.07647,661382772.558193,1058056427.8745,391515903.653899,536406520.582217,406675008.983266,310022693.430845,302647399.603854,268588662.955605,24001819.3257191,672249818.075858,132923649.435713,522435782.803553,576288023.961707
2023-02-26,22999909593.1094,6117521125.04502,463170459.096624,647196607.957587,295147832.664556,420127974.386004,273278804.46663,274540249.543397,248748981.602526,262702039.607055,14553073.3220721,550637275.65432,108667435.61782,475715191.439726,356397236.091247
2023-02-27,24469102669.371,6357994998.20623,454441353.164107,540159353.633214,238357219.733826,333273163.552555,259252796.174021,187620544.297495,264546021.51083,243473492.374355,12389261.6240333,507027024.24382,87997277.4153466,458274080.584127,283006769.776885
2023-02-28,28832423816.4787,7916573299.24559,493844165.87228,1153758555.87741,252916442.784464,353862833.581385,288525491.128788,227445927.987285,245514253.267438,271906476.734325,19283036.9784786,607486181.71191,120959325.053107,495116719.032415,343331218.780373
2023-03-01,25534054046.0668,6883711561.9226,430335213.886348,1097670874.09842,238422456.275961,439789857.160262,265521916.887768,190847324.963852,178918523.03098,252092641.278464,14687639.4829295,566189249.416597,96262367.0875191,449269591.221741,319921135.369705
2023-03-02,32507897259.0843,8672222866.05568,46710424.9269809,1016609362.85739,229268366.116148,317649870.365641,275326716.414479,168512421.960621,178384793.520059,261194389.07914,21500112.737375,588026107.522081,110313273.424002,468432303.774787,315331256.047325
2023-03-03,27432755758.4402,7930395056.20691,442900344.975704,909585578.147535,246329386.293086,283250051.993503,237639733.739196,147653120.233667,216955748.330203,261161883.177728,20854597.4983072,494678383.693273,89879665.5676697,430263639.523286,283153634.26913
2023-03-04,34239649135.0702,11179316252.2077,551796723.558095,1366537887.09531,412463637.788296,672759002.233563,307950873.036407,205783181.269722,321121310.535214,334689403.279117,19581046.687388,678975750.441913,136021477.404542,463996157.305972,361491955.101543
2023-03-05,13392431931.9304,4800994312.37093,176384110.150502,593218721.574429,170389737.093049,322885409.051031,187234194.308657,125758633.235418,183449970.341613,224388273.397833,10164065.37074,368346099.715325,83215076.1841593,148451239.536906,221045916.116467
2023-03-06,16080097920.1608,62172854406.2275,390135653.209567,531679793.84649,165818600.97144,254948707.003639,180881874.03345,108799609.786045,147793140.5247,215005073.887742,10807112.3187231,345003533.848343,76629916.6232394,354324214.868988,192011573.479591
2023-03-07,21124920006.0577,6627693313.53233,374939330.715952,1262642327.1752,219304840.316215,327375362.48795,198293306.590543,162886026.797944,167854823.98875,274919127.058096,15311511.5877608,349572358.556977,98395602.3292049,367212781.050104,223178704.800737
2023-03-08,27780357943.1627,8523808476.52785,404064175.547017,1602133801.99463,269091570.570387,373091394.304094,256896325.043871,172090163.232822,256660187.91996,315936820.437154,13057591.2823068,550471850.270794,105697997.562739,323538818.074923,262671880.530763
2023-03-09,28493032424.7831,11881879818.7252,542305823.415191,2057330076.44008,288851784.328192,381442501.723797,325705157.038676,174958559.76003,489853749.162632,298335805.757592,15369778.2869236,628867676.257709,120494697.602782,159143903.777596,310296175.773723
2023-03-10,40173833477.6608,10861201441.1354,567240687.713839,1880109254.40765,443854133.990575,643797732.552651,322122608.317638,232654607.585085,451674565.229448,583505970.684421,17064271.7851897,782246255.645482,144111817.814131,163643392.581798,340073328.892972
2023-03-11,51593890225.4874,14696381616.841,798558784.354631,1600399582.46663,468493562.079145,578747651.27845,398823095.555734,310191552.399452,445831865.715816,657533107.656405,19318799.2887827,994245060.245744,162090016.092054,326199869.636772,376628332.790492
2023-03-12,37746654239.6172,18345198261.396,403056782.265221,1134168277.57888,434989029.764478,528901128.507264,319352907.62516,243614846.667515,300984567.468046,524627685.958911,27281277.9774168,779632616.44535,158950838.763917,308773026.031215,365114846.6704
2023-03-13,36639901908.824,13967891188.5,612009105.365702,1204499052.10021,380024634.18602,451877720.521625,293974688.869311,265505049.231805,259054797.885918,472044926.854969,16778869.6172972,827210538.949062,125676837.744681,372986384.218304,294119757.940892
2023-03-14,66799159801.9581,65211714924.5084,1335818570.20174,1880603926.41351,662927956.13899,651342218.345045,430322351.510944,331844465.613949,471023096.362072,823760002.52687,27353001.1922537,1089607634.52806,213709507.945498,235977434.16104,452862799.794304
2023-03-15,70714394276.3707,19833762797.5836,1256202195.93175,1673162184.29231,596424616.098115,779326464.652194,426347359.065449,442149177.79247,597192467.197497,617651603.06468,31563599.0423986,1146436551.44834,211669641.422421,360800363.668997,523969275.45906
2023-03-16,63107437928.814,17257648020.3621,960165739.500617,1224433592.24368,599759982.206507,661636752.578863,396831002.746081,347876941.960411,507749134.255507,502302702.128509,21190360.040948,911166789.895698,189572596.469013,296307382.477969,433396330.891203
2023-03-17,60688056874.8141,30201930394.7613,2047768477.14442,814391190.599931,364685850.288994,427937130.105459,270083592.872124,222870081.917259,304258601.876096,423819703.982455,14694766.9771468,580180005.036943,113413047.835284,286020640.114988,246453436.811901
2023-03-18,64617615617.8016,14459727611.0418,1414370161.05279,1269614935.20244,451127452.513304,648610110.994077,349175461.319069,288663273.199257,346095368.133235,449614364.281554,29379507.1889568,659341283.068719,134360304.066971,292310614.619247,431803641.560477
2023-03-19,46473651090.5784,11976182095.2961,1170238152.18386,1097398135.40519,405181332.25235,671540817.355291,325589655.77838,311327281.680028,419054724.414577,411975624.4548,17247026.9359618,699201404.267584,150712429.599985,201792708.096054,358495429.499084
2023-03-20,46394763656.0382,10745813975.1035,1119946335.61663,1440416397.35073,316033206.948501,471382290.363078,263101166.388781,251173800.81155,319823922.708204,371396996.847697,14641383.525169,566849265.768434,172238926.520873,201415175.587725,292135758.401352
2023-03-21,55315948514.427,12973595973.36,971414874.63637,1313128522.97146,364629687.48783,550862620.416343,272209445.393149,280132625.14075,350125025.281797,396753512.669665,51258919.142296,787045150.371543,166120715.796193,316565428.192234,536375353.136803
2023-03-22,34430928756.2718,10831022955.1999,701983178.036466,4548747517.17831,659905518.257066,689179379.192005,224997518.438686,193739055.565755,318878221.713739,361044499.314696,20650398.0217084,528381458.610835,132309530.089767,277607565.162709,377737445.394713
2023-03-23,35394833933.5018,13820716099.5019,1814263586.66478,4517426407.71197,922448613.198226,935108133.40236,292943935.784463,322382292.273863,407883754.496538,792573045.950834,18581517.2569774,634645813.723047,171988293.678923,337805895.245509,675575919.839851
2023-03-24,20360807194.5634,10980967034.9377,536796198.689205,2294537469.64299,413474704.382797,694493414.689424,183653212.186415,233876583.476256,202992405.276188,693465090.610655,13143052.9111765,407982918.379595,104455720.531028,216599195.661546,322855795.775211
2023-03-25,21551272690.4136,11601017881.7866,621238645.772216,1705300121.75529,353544632.983226,541178717.617166,208117030.972807,196858597.095953,218733594.178776,488410687.59977,11347729.4965325,516773938.836879,117126677.044382,260794729.555137,342035366.949202
2023-03-26,15053754845.3139,8023849174.38953,503625770.441044,2226693785.73674,266325927.982744,437394532.918531,141765532.24291,196745408.32532,173422881.232687,365762275.985531,7581191.05016576,389099438.179357,87744248.8798093,253996853.93086,235353618.568972
2023-03-27,14450374261.0638,8417258785.45516,526856127.170355,1450602336.83832,272202713.069078,373620184.384255,132449722.862876,153740279.241916,150369505.087366,345820018.262245,11662938.2059252,338075333.297691,77189458.8092501,167112918.703164,202591494.272919
2023-03-28,18519053231.6373,9757415238.16515,997088502.145216,2674251774.63323,336956582.740968,558909642.153319,165318894.152371,182710084.207408,316332843.986343,374686621.763156,11844136.6789243,478436361.320538,91130131.871001,253183468.827253,253918045.84103
2023-03-29,17658503318.9105,9548011563.71663,658161657.282516,4020187191.54598,368290970.548184,354545854.507772,153874807.953227,189079624.278614,174330921.520402,354347230.250879,14826579.7143906,392334162.889597,74037530.6148041,140810426.198809,243954853.261239
2023-03-30,21097595427.4895,10395388838.7688,704587676.79408,5031225482.46306,537119162.84283,532403459.787554,187654032.134735,213256389.949941,243406969.308547,370569749.646572,17530917.8982663,456450386.918732,99112089.6107759,152723193.62187,340850136.288183
2023-03-31,22702531379.3504,10958214915.4279,160176096.742436,3170922798.84686,429889697.112645,461942047.469283,197809653.588752,237278413.194979,218159856.435618,374945260.780627,13064568.6884793,439749928.819882,103775500.288854,139850913.695448,312651075.323305
2023-04-01,19112345639.9622,10329452626.6318,555650019.927887,2114260332.10028,716335255.950181,472513620.637696,220876667.556675,219235413.589917,211378518.949638,344358842.610464,12628861.5397195,364579778.153463,92061471.3732809,90488082.6699204,391944795.117774
2023-04-02,10085380788.8709,6199278060.28937,413653443.043645,1966596473.94267,388714587.151262,959436194.238667,150087142.664231,138456550.137366,415732335.503553,355448660.695519,10357843.0266799,251528936.839351,61132964.835686,137882865.05165,207376782.570795
2023-04-03,11682876586.8145,6679784659.59878,362774663.353633,1622515475.0157,320100355.862356,1141871237.68407,165981691.061212,140737668.459724,299519412.508748,307907520.395954,14061952.1381318,228238079.788065,69756243.7592653,93049777.2503396,191166374.699139
2023-04-04,19711493345.476,11141583996.1722,747571395.714049,1874356756.54546,683769265.034847,4502654469.60437,250934390.809671,211281143.462841,590913999.779271,351385871.642033,18196244.4571723,396088971.391284,121082400.680066,170532211.565058,313899930.755556
2023-04-05,14871614372.8311,11580514457.9619,659840226.23963,1359219753.56995,400460060.608026,3935118206.47137,228779710.01745,167360525.55809,422064698.231628,357404244.010586,11463466.6019275,411163628.703775,86173380.481834,103040526.846947,270381038.160985
2023-04-06,16507617903.8139,11586484696.706,601075886.148662,1542944161.91625,309234324.882412,1880641091.83096,191646245.264885,258959271.011351,252626623.029933,316149537.006908,19881085.2458675,367890233.50057,115134780.443684,105063567.24809,314473501.820277
2023-04-07,13079528995.1399,9208408844.04507,490400831.009913,1224093379.52994,290787654.988323,1719378593.45752,165932757.868827,210732629.595548,241084513.515516,343640469.208762,15120776.7313846,264441231.045956,87899902.860354,81683051.660437,215364416.048275
2023-04-08,10141276803.8939,9298216041.37166,348203531.129183,1226161820.91407,219082583.956931,1177183910.35019,162303820.726594,159360606.044918,158030580.804425,290395337.6383,14104145.8470075,244219432.25994,77773459.3083762,73394880.1281864,162584365.962175
2023-04-09,8844199146.1801,5970294474.95257,405518010.537831,752220124.048186,227489857.304471,798153909.049786,131916467.420513,119926164.957025,153543729.133464,276248606.280676,12411257.8650944,189505673.207751,64222295.643437,55181055.3622135,139512015.183652
2023-04-10,11429030269.7317,7405572878.99046,417632833.071448,706849513.038158,222258531.300976,741649451.036435,145695437.947924,128865651.074198,156213402.960243,272578279.586739,12470006.9848157,231318669.172994,74957344.9067074,59341619.8387788,143958992.122931
2023-04-11,17475381731.2519,9639736045.97077,571039270.001187,1057662396.40633,274331218.280518,751797849.730501,157115505.877416,152560325.914175,176162161.261884,318936117.711802,12158595.6038783,265393336.106113,88129034.2020612,75760738.5795058,194980365.711389
2023-04-12,18320296514.7776,10245367683.7122,1121318919.67883,1328973143.76582,437318682.904915,740780745.644899,212206406.721469,208447947.995466,178929550.46302,449489934.654663,14347043.394076,293005173.517148,112703101.725106,86001813.1424955,208066106.862538
2023-04-13,18407698928.0666,13152150835.2272,451476955.73175,1295350693.45784,414553548.754644,959521129.533379,222772320.577329,326973466.970248,230679244.463159,515024639.85152,13267349.6698516,334852243.927396,269678036.532401,87165432.1739185,235796895.398033
2023-04-14,16404033694.4738,13956404022.5792,632784569.003457,1078337862.05353,500970494.34985,1063667196.11173,204632452.955332,289632215.606108,193327131.42485,353712443.636161,11136041.0890388,315609156.170854,150472623.626369,81739803.6174804,240126275.809009
2023-04-15,20984067684.2162,17899705467.0929,1091698237.29545,1686463892.48557,684812256.729411,1256516774.62708,283263717.389549,283787303.921467,316836636.223365,367926326.322897,22014934.2916906,629610702.728659,170828946.013809,101255602.910782,434022742.619061
2023-04-16,11028264273.1467,9272832786.08404,740571912.032159,809065912.695867,559309012.458856,732038330.733686,191633213.102913,217413976.027359,239980465.803018,271910639.198852,11440642.9756693,361190554.477526,225846323.030619,75227897.1984032,304932640.522939
2023-04-17,11188035367.077,8879608633.84169,1075190126.15227,627790567.740489,395915101.318925,682111290.774871,191364307.999523,335417879.719912,367762335.205555,241163774.367766,15873992.8196405,282114383.958763,131269822.300785,80955509.4355216,302267491.495882
2023-04-18,16771824487.5794,10818847581.5407,973941455.275205,1050565458.3211,484945099.339884,1561878889.50251,223489561.913742,581579377.184081,362650486.95475,300294685.141719,15344918.7850539,387215299.906042,152071038.469278,87037589.8813863,484231545.558984
2023-04-19,18078539248.521,10121134598.1435,846447082.419667,1197384612.39083,375002798.610407,1070666858.13784,241327263.972799,364206950.994565,251898416.848147,288494325.406975,17777774.7631684,354632385.583325,142094439.204976,75893098.2617699,528131917.0524
2023-04-20,24136616861.6364,15695628542.0244,985507232.830105,2206782404.10518,593641384.510041,1462478677.07132,304362268.381841,436292723.476235,333561458.271037,405846359.884141,22146732.004019,555927362.64894,206751810.491246,129670820.341196,590863232.112708
2023-04-21,21695904964.799,12422352272.1652,683865621.190622,1557750802.69273,460777651.501248,2226040731.13152,246649681.523529,317155123.529015,262669313.44844,386080608.100153,29270345.211122,416808511.011682,149320537.580458,104754415.668747,420297587.605737
2023-04-22,20420333533.7141,13427480065.7674,1346836221.25357,1488791192.38869,439360411.655112,961422932.989732,216476239.636423,333334822.49204,248554886.427572,317247747.419737,19284416.2694096,348497667.148826,120566780.632492,79740642.055666,359390477.679076
2023-04-23,11700230849.9681,7809497062.82546,832518965.513887,962045940.824279,267477971.667782,423816917.977671,117290788.708635,149133164.603989,127450429.969772,297310265.618114,9655637.78497114,218601156.169391,66594099.365204,66363849.7502173,175017096.697248
2023-04-24,11435645306.7716,7375382210.29527,813713561.073793,764793255.638569,242425244.106822,396187240.075843,130092033.827524,142242556.739461,124345521.10425,290691802.056862,10299241.4617897,279418672.474774,77089077.1986821,64771214.6215661,213502858.181629
2023-04-25,16443099944.6473,9177916724.0864,824508784.76915,1371506902.35395,290722439.343473,427340746.67814,154360733.299227,169331955.832292,144185749.580449,293359065.664195,12025647.8427294,356186596.149687,79889486.2866083,74630882.8103209,236174379.743939
2023-04-26,17061823985.8653,9669740943.90544,785289597.800271,1208296460.87979,294682478.974685,368127530.382584,147991878.34889,223582072.045092,132171331.228376,283633707.414627,36179971.5056631,380038937.581155,89674017.5066923,78248024.4116583,204098768.070008
2023-04-27,30540034741.2848,16137081936.1186,1092842791.89117,1735110890.19941,520144169.288486,844275416.165147,264915327.133004,319009279.195821,225525126.831773,391354635.48913,121753094.454884,574610807.210494,132895047.67116,116644004.975979,378876948.132074
2023-04-28,26238597379.4995,17307261170.9472,1343734688.54525,1709074269.7218,425245708.942339,509447569.603516,186747228.434453,219845420.294808,129961638.612733,698561163.031224,99579074.6006192,407089535.743967,83233428.6622258,114316352.841735,783863349.061284
2023-04-29,18730801539.1816,8853391784.29081,1424162567.50612,1253720406.87216,245848710.074081,300126422.672377,155980353.251657,134576131.16876,89499086.6905192,368969690.842686,89918004.2707447,307655749.893938,49645090.4079894,83485530.135719,242238966.377947
2023-04-30,9711415138.82716,5262009753.40501,478613089.09296,630278066.598406,159646974.984391,321564006.360358,119565163.535312,103122632.681431,77098564.6935952,285532649.279831,20099731.4603131,213162869.955215,39177512.3764167,49481346.4704734,149343527.39001
2023-05-01,14707008604.647,7328083478.97748,1090442723.92413,538719110.449205,237510774.96049,314501201.368333,126929660.517191,125171231.58403,90578285.2203128,284253196.927851,18311810.2142258,235661790.898926,55327987.3854616,55969317.4211864,173988227.204444
2023-05-02,19980169281.009,9673378163.52274,1154791180.86243,1011865604.86097,287299857.226223,386936998.640972,144500093.671982,150202606.467741,157320612.650407,428570947.202753,15791082.9152492,278746152.196349,74907606.172215,61029983.2365677,206713497.916391
2023-05-03,17699097406.1888,8338110887.91212,452507446.763595,969292690.381856,208588929.091949,272609633.912204,106941680.341072,118952695.799825,104979882.491566,359354797.858183,48869265.2070942,234876596.965097,48320650.5214076,64853770.2163234,138843692.429463
2023-05-04,19944381490.56,8855867548.89446,1041154858.96219,1102846442.04497,278479196.387919,365799415.425501,131755396.328802,180750582.835579,119304953.852451,374029231.815029,18379176.6028039,358845210.487738,73648429.5471391,65462870.8267559,204960446.852898
2023-05-05,12676760580.0802,7156399180.62065,454308974.558964,754621495.333101,188639696.576047,303915824.79449,101013051.507197,119027279.525941,97046542.9577683,293765535.495208,10455045.4534821,227752798.555993,47296241.784192,49995783.0060186,127717210.382383
2023-05-06,4971523630.54862,10662067255.9686,576517785.553064,977081363.414482,253186602.397747,442410045.022001,156382785.979645,198487167.166112,160411611.111581,349917733.011616,11986743.5901738,270599091.400718,59350175.9720024,62790216.976892,195842489.750517
2023-05-07,6463808309.43892,11135926723.2971,549648650.154974,652294979.73619,264020888.902308,459186549.865418,133385483.121142,155577198.738568,217753728.082631,312053390.135068,8935533.55537933,291959594.572512,68386768.0942155,58118277.2227756,167635278.168743
2023-05-08,10199066943.1703,6233921635.46938,444617992.24262,440022180.611126,180336987.857049,272854850.037778,96756910.3227331,102184611.035818,107858409.171631,285350238.7618,9988577.90922243,204743893.789377,46184869.4020441,40757861.374666,112585360.767064
2023-05-09,21535578788.8603,11496171817.8335,621524860.664998,1537388545.44317,382957668.961762,686990731.024442,209588586.967456,271824525.698579,249756519.668245,354373233.622823,14662108.3006812,444614581.30746,94119722.3525172,86269832.3457524,278526726.114645
2023-05-10,8876813250.93356,6373057170.18455,412928463.996463,1042751745.91793,237308697.162594,379145305.063397,128633537.14863,131939228.495361,147308542.347693,309962685.845967,7080458.81305221,348330705.24442,47515556.9048501,248451919.043738,140503964.700996
2023-05-11,17159331951.1899,10471130832.9358,610558342.68255,1182617804.2444,365559449.686419,478420990.413218,183961207.172271,242240396.132751,173857884.237745,350875809.938208,8627068.29155411,395328006.08526,76139260.6453791,185377703.848981,209243054.722176
2023-05-12,7754296234.07717,9217787395.58943,524985558.497698,994189730.384377,272231849.731561,453324274.558596,143209793.60961,150411023.577555,131409428.491079,345963294.974019,7831144.32825934,322730188.17058,70717394.4567856,112246995.322837,205240245.133686
2023-05-13,9157286238.19307,10530874714.2991,603776405.956635,1316061803.39857,285317964.129987,509123346.366193,131408404.88971,170491535.956352,156430699.506423,347401885.123399,7782448.65689243,401223674.638423,92954431.2992206,78999714.0681988,190517150.682253
2023-05-14,8365379054.20212,5150212384.0254,381183863.947561,401383427.982156,139616346.261249,204374533.43193,82899032.603155,78209552.9056362,100628716.404454,261017047.305163,4319163.28339704,181612414.212438,53294112.809736,50666597.1711394,104060236.221316
2023-05-15,6019488454.41968,4914907456.46763,426917645.793562,386393405.617604,130253982.127978,178745622.988135,79532459.0415883,86314934.9348019,90776338.4933255,261367839.040332,33083510.3630452,170384052.783105,52098691.1895121,57316322.6532522,83833460.9951725
2023-05-16,14570026781.7471,7655256291.36031,434872016.394091,825806498.141395,187955307.463745,301109264.88543,109157885.167545,145604947.994972,117026859.62106,271244849.951054,12465443.2958861,208447838.276581,69637431.8314486,110262880.48559,138220123.961482
2023-05-17,12927093920.903,6283428506.77169,390805629.919097,1063961406.81594,181513998.132508,245638788.165088,98890906.8505507,127852283.832794,110560763.319558,295745610.313145,6635720.75533899,228218778.453568,60396486.7811491,61025763.2842425,135522686.757901
2023-05-18,12580626234.9134,6647945218.37179,431598390.28262,1641651715.46352,232388388.703447,408174400.723607,114012097.769155,145268128.943506,123738056.581791,305627280.012746,10872347.5573605,331024154.595203,63618540.0810727,70425878.5456595,153869660.408287
2023-05-19,12599487111.9388,6170212643.30753,316671000.315382,1511866848.49897,213667302.724096,386800488.823855,114165285.24618,139973014.156742,124948351.142856,309887514.982094,7286644.94726692,302635222.819259,57105525.1537565,65871504.8574225,132632467.801592
2023-05-20,11559136131.3688,5092669091.50959,390450101.440863,1203165079.37279,140897222.953456,215682079.940818,99454893.8319307,104484168.850666,77235504.9396711,245252401.386106,5009791.91728911,210067043.498192,49444025.5956312,45257165.2939778,94259456.6406531
2023-05-21,3882362454.21978,3117917206.10603,261538250.27638,514027085.756053,124054022.425987,142130906.258434,82384849.3114151,72698898.5992673,63069189.43111,351107905.287923,3873651.0655978,134018202.329205,37855989.5993055,40898565.6922417,59877397.1805212
2023-05-22,8125825605.68425,3835867355.21771,328187256.053818,577572180.683102,121023033.068016,185416658.778254,81457305.9318325,92694932.5133029,76346867.4311128,514555858.131693,4620207.05528929,125912800.461095,39927263.9141504,49492460.4907329,81117692.6085201
2023-05-23,8025716966.1794,5183573151.89291,419078722.230653,991756168.299167,194126381.103686,273561863.75236,91546069.6816654,139240466.208622,186851350.62298,589984782.685166,9537348.83484271,186421239.9642,52006054.8844602,61958133.0243859,137554870.762302
2023-05-24,11685763863.3124,7537701078.99417,450626058.764767,888439002.380165,152275359.673079,202848370.637533,94056469.4975409,119317403.401995,143320878.790533,372414182.187636,4712972.03483654,212609576.383173,51862625.2114851,51672132.6037177,105231284.546532
2023-05-25,17477200137.1087,8000139188.96175,558652434.666342,1119381536.26088,189249483.856227,319454419.410032,105394189.12139,139794326.801716,128830401.053819,373605219.952678,7745022.32466446,241556781.450518,61802648.53718,65085409.7907388,155199517.936492
2023-05-26,11953749225.494,7459269403.375,467849342.939638,821478867.163406,174444983.83452,278352986.899452,109024202.253906,148294326.225109,130756452.368996,367485591.343807,5272277.27333944,290599955.751994,59006953.163984,58377079.5845267,120478652.126597
2023-05-27,10994037071.4522,6245753617.10362,79448807.6683065,1052724018.82692,191311920.339746,190128438.932355,96931071.1741208,139888824.951899,106257508.479884,337017645.984195,4340787.65335658,413597567.504332,54778014.2657476,53339675.0326572,115954985.720435
2023-05-28,6029471707.89741,4068177989.62746,421897365.417775,759741391.048958,131051761.521252,180160480.097485,90138422.141345,125298433.954787,76965510.831933,299411362.737852,3485212.63393749,196192824.276983,41629787.8279631,39744003.7499359,90560144.5021744
2023-05-29,13144599279.479,7227287064.56947,524592983.408708,706081731.482319,237778137.265415,224306301.740153,98777965.3027112,171471206.166873,131081263.426512,312343583.6707,5578838.64719703,224339311.222955,53872553.8715233,57902240.7535265,128558952.9852
2023-05-30,13483205892.5396,6762040908.70283,753644238.439434,1145216727.30803,203132546.890757,204726953.084899,99648448.0974919,148421645.821605,88147112.3208007,300749324.751978,5141287.45310184,262435341.32911,51100109.5512499,65074505.2872979,126437880.266286
2023-05-31,12766436369.816,6019457141.14865,374599802.607353,2389465868.25092,199866301.764754,318670764.44397,106801123.369499,146583743.114659,91434798.6047133,317267232.079974,5986385.30875694,291061438.268684,48553550.2815297,54820197.7161553,129510458.263668
2023-06-01,10001106221.6471,5930556981.74496,693972293.337498,1728394882.84316,200489170.962389,244428535.133183,115447803.01853,137282509.678897,110025029.050034,326783191.37275,6509519.64993143,208808381.075233,58129039.0664099,59166416.7089682,127426672.865348
2023-06-02,12156086970.873,6237923582.65361,442629865.140703,1184491773.57465,248374441.042464,212118996.202083,110045206.213057,129330095.408734,109022528.50573,284594005.245313,6834849.38906813,172184320.529912,45725472.5432702,51884943.5825378,121594845.196491
2023-06-03,15428145241.776,6910486182.9703,495073166.048813,1172447803.48035,215323705.267043,227264546.376966,121990756.462997,141007008.204808,127431264.51085,504205615.545522,5117831.19074006,177358555.826497,60716924.0637153,57355108.0641047,115260028.429987
2023-06-04,6673279605.62951,3798117031.94358,240928628.697154,735045062.621745,116838544.573385,142212275.674857,72117305.8459471,97177953.0683014,69622606.3375706,738348337.525953,4121729.18760708,110711645.916959,38959613.0888131,39982100.1463027,66130685.1514508
2023-06-05,6098045626.04762,4274226592.39827,360130908.110905,1044713825.67911,146495299.107462,172273065.817333,91948906.342622,120604291.567892,71299610.495834,399843343.713153,12322052.9068096,127741048.402963,37750061.5509023,56926854.3226768,83231509.20401
2023-06-06,21208433571.8733,10887461193.4308,1606745004.27899,2324288258.57826,311589965.209614,658656495.525227,185982277.048007,253788203.92589,182319200.759899,405890156.466399,13749212.5361671,304057445.441519,100076459.415892,87297780.4298164,211855196.832142
2023-06-07,22188018260.8325,9540379707.01433,1050996255.07242,1788963243.70721,282365546.143495,594457278.962363,128394216.608876,192344598.942031,115014792.150676,381007874.399056,9392055.49209752,451009686.947681,74067577.1435745,99052245.79074,194760773.096841
2023-06-08,14723854336.0944,8474108659.09913,1054077548.52262,1857008228.85563,412340334.794702,371611884.568522,122563303.893585,176316101.925079,113226122.672928,359151412.966837,12114808.4653029,380465231.239578,68534905.0027884,80241401.8182429,165591273.815371
2023-06-09,10197924963.7803,4854817113.53645,829003936.065838,1066147795.04729,266354696.856364,220471532.556252,103608897.381919,126133022.513977,81294134.2863595,277286287.515381,8546302.60608585,220638853.305598,56232559.9953697,49698512.0915091,100657826.470343
2023-06-10,10464066236.4812,5093666796.91848,384002740.683179,1400687394.71679,551200071.237374,368213945.051635,94189595.3640626,146213361.002231,94472691.9679061,463789316.175226,7223054.35758827,383717451.583057,51251778.633447,50597502.7091989,87672933.2487569
2023-06-11,9755626714.24469,41417850678.7139,1868589920.14063,2377566256.83707,1399405888.82403,1237091630.09782,321352964.906913,477280644.129477,473267016.845808,561824145.083856,18064967.1355937,1238940130.14417,137288944.692652,151795624.506665,544527603.450121
2023-06-12,10439993428.3655,5031836446.18382,525352299.139067,924538107.372121,536957961.805882,313894002.430435,117996197.154362,138824985.485713,126338127.490349,272721358.408922,6170361.06830663,593468776.536031,60400896.7582367,57220333.3046894,137338811.824736
2023-06-13,9761691909.31603,6731496663.21371,1726423383.37938,1366838192.07868,460654747.490359,274003215.837763,118502108.145264,147928006.999006,115905446.449346,272721156.292813,6586725.76086872,441457585.264569,57647716.6742571,50591550.1685923,136801791.446222
2023-06-14,9921875985.8886,6798862284.58093,1417020716.65441,2989624103.37132,337639817.644247,264553946.185598,117193241.410574,158777168.10973,105426675.323889,294808681.363393,6227024.33780078,388529217.608326,66173973.8663536,60044435.7795483,134316658.732977
2023-06-15,11982737579.7028,8025571357.47188,1178173967.52364,1999231994.02994,263220414.305187,323961646.664315,135280084.476383,159005357.930111,106975367.352886,274683664.989026,6113597.95046197,292256079.014095,63364695.6499446,53107571.3589806,182928802.846226
2023-06-16,15184095954.0295,8283225649.87629,741440221.851656,1290064407.44343,279473081.565712,286233333.577784,202589996.854185,160511824.891771,78320586.1155821,316621215.013548,7099706.14576135,577387031.003585,53182112.3831352,61876721.6104735,148419252.239103
2023-06-17,13604025863.642,7008799576.15433,714541857.125214,1314734497.47347,189310965.398813,262738803.004078,115437269.515763,109629537.882392,71321954.5352019,291856276.324427,8029924.80940149,462833127.739074,36728795.8873831,53015197.6182938,110626459.144911
2023-06-18,9533422254.8903,4859690685.4816,597811857.106641,702204082.529749,187039705.873628,196748598.676034,96558381.4021283,101809060.14245,67484817.3673806,234274817.583056,4621249.39691738,384769783.42219,41957379.5747025,46711608.7742634,95284474.514235
2023-06-19,8589379740.11672,4084738737.02846,462510688.059824,823404499.624696,142964016.462552,304748783.413991,98854001.7833796,113048209.569716,221340388.784249,166571794.511496,4195272.54271313,217885793.772558,37705160.7509279,53103761.5409297,98252945.724304
2023-06-20,6651894946.45416,5770983890.90609,385774255.030223,833887969.375311,131662710.393503,177839768.943,84703876.5667104,86839040.2843785,104212702.361817,237903483.315033,4432663.19939499,180931294.21043,29585076.5229258,52310775.7565218,111207828.723842
2023-06-21,19958565664.5523,7900259127.3503,590268488.27514,863398469.960861,186826959.443138,190703449.71192,111587203.723934,116110032.006673,93963592.457585,195425234.85305,4467658.90905128,216600113.308327,38054676.1145264,62508399.7661171,147802264.397328
2023-06-22,23757254196.777,12294793429.6002,913007771.126517,1047444064.08137,295593998.376276,410366334.296471,148425882.512656,188004000.852049,130757994.737451,223670518.448552,6259723.30814898,356894274.643498,58714456.3652585,434318674.716934,187453762.130925
2023-06-23,19613389213.7988,9842202528.70774,1079592073.66474,1203675448.96343,286027475.65948,467511595.927949,150850171.249503,167806035.939773,343631769.40118,276023275.762951,7982324.54587844,370705491.572576,51664677.0416001,365321707.206535,197565575.43979
2023-06-24,22630955878.9728,9303341351.32525,635733745.49581,856055965.262217,206656706.081002,366314006.391438,146952893.028795,167314375.472219,168180019.001719,268952417.585428,7745962.7462487,273497080.358248,42387137.5755132,1151490201.00884,237864825.796765
2023-06-25,11736119929.8437,4889178964.70273,737502799.681777,519757792.477325,176469156.752342,293139189.584727,104184225.102076,110912510.217228,116884108.583936,236589118.685739,4056621.09013187,198345075.665963,50251392.7661992,1580763439.04581,140504647.16135
2023-06-26,12076819255.3049,7363880089.05032,508529258.49974,520726839.497109,187472201.849165,196191972.672303,137390688.7768,128147408.771867,101563869.756623,239281856.888553,9387451.63064909,201008665.42408,41961172.0025776,1025970692.93057,153391581.757241
2023-06-27,16032184116.6313,9893270861.83986,515948271.886691,781825263.099936,182777350.245109,288338311.493826,147711164.398913,155559405.540999,112226054.389008,265261152.548714,5868339.50971555,194099798.906537,199089854.24015,1451052332.41007,164844572.57343
2023-06-28,14411853963.1105,8806434878.37696,371893026.750185,696818986.840786,170343328.137201,221552362.705415,96190035.100121,109824856.665665,77041340.347807,209622664.356591,4163941.26933267,187110145.725466,60818373.7362581,880793864.022751,150832786.726281
2023-06-29,8489428028.0281,6821723542.73514,648131603.001364,821278549.374081,233130564.112903,293896104.315351,114763586.96619,142260061.783454,104719914.368798,233703559.907459,7509228.47048231,276368661.208023,50860166.8891105,783703861.902178,171975077.387244
2023-06-30,12545425127.4463,6609358548.6321,465187400.148133,575213084.879724,180074752.080009,216415430.188059,141314123.735894,129033008.8575,77315575.2007802,244542601.13862,5189746.45298767,178122802.427812,45184370.7006266,1085251568.5811,186088705.319619
2023-07-01,21422361050.8231,11695335269.5095,955712809.275667,1016983988.81059,425857201.3659,485437466.577165,193230503.125926,240974179.735332,160981547.810013,307417911.290494,9704536.12472477,371397060.402598,95021139.6299834,3270993752.96031,337011306.669381
2023-07-02,4210431244.43268,5763533551.0875,835243070.615374,567687674.249354,187193676.0036,578810194.203854,153588050.377,111042039.408255,108442303.098499,243262432.881721,4366923.14163871,177632823.800794,55762224.2368152,860528578.570076,242446151.634514
2023-07-03,7236318143.9053,7183593046.18616,740730697.091514,822937093.032216,175401361.300738,433381418.923138,147655963.724812,135290784.557428,100467763.608291,242670107.721068,6545130.26109942,166082163.887411,46034134.2035948,1459815922.00425,212622926.903489
2023-07-04,14755008156.7777,9155212793.37497,947724682.47085,893581246.706365,171795458.121237,273529664.27649,145432789.821414,166728066.370074,98262419.3195773,248541750.125905,6407380.9469805,273658437.560999,57505144.9827579,619519336.627979,180648613.911252
2023-07-05,12403890725.2645,6067277571.21952,644743245.515182,704205207.532579,212363482.906451,466447426.27775,133070579.874896,138839120.207244,121089259.19985,237029364.661047,5710128.28504677,201285147.272966,44059223.9699055,445602532.212013,149116199.353962
2023-07-06,10260132141.4615,8180984490.32968,608494036.152772,780909277.609057,197079188.863191,314238784.114358,118391245.389991,133677037.017025,111611225.311011,276973892.02915,6907563.0594072,224288121.880778,47453636.6546291,780236818.313284,168397161.413338
2023-07-07,21776707863.5034,13544056615.6403,694188233.979017,772623037.949684,247352215.395918,283315471.96561,124043765.552679,146956999.129895,113774701.322849,326350437.826542,7843415.49695111,316597138.005623,41397150.0224108,1145699820.16181,171791300.879166
2023-07-08,13018507892.8146,8877609275.17107,494404951.498645,570272199.304849,178295012.662365,209752773.059828,95009677.7182787,110574601.641301,81413639.6311397,449295005.004985,4200721.41044617,191478857.395931,41998526.7978966,615403822.587356,120085716.627713
2023-07-09,5608541981.7563,5224435476.27052,338013187.995141,330926326.217781,175732069.292593,152609375.241423,72714950.816983,249719905.132758,91925330.2134354,376128359.64974,3428313.79389152,136750559.383409,47492574.9844244,373394919.879023,89066588.1174628
2023-07-10,7559670230.18949,2772113286.2102,280162182.09929,254714219.854003,152531371.993957,149659256.750032,71715514.606862,188894805.723441,125376399.066431,234379433.734035,3052122.66069007,181954899.925583,40126683.5964397,312704964.90127,82627317.2084476
2023-07-11,12835219756.9659,8878301263.05464,1172157950.55295,748189491.863151,218839799.424885,276390972.073791,110444266.318798,179283922.753397,106714561.246395,221725361.181749,4683711.44013315,435657936.26198,35351915.7834618,584661717.437109,125884465.090851
2023-07-12,11753418050.4217,5503014510.73343,721813129.843469,566443960.145992,177982818.96698,159446736.995717,80068603.1195418,154462412.041992,68442276.660233,180617538.728612,3677586.81792964,261681787.950592,29130099.9272539,255660008.608089,78282835.6862693
2023-07-13,13072555444.2623,7979716345.77455,598038429.231018,613551699.943614,157297287.373846,175756580.143691,113547603.690668,130174595.913931,74318156.4732964,165778998.819489,5526253.46787606,244259015.380961,42418155.946175,510119713.129063,128526543.117319
2023-07-14,21254274345.7022,12253238016.1031,1027295132.9675,11251096255.8204,1061529850.44941,777461534.136391,217008394.27342,297281558.630766,220044343.494748,330483098.321944,14068921.0139816,846584250.079765,97130929.1131431,861077951.006639,362491998.011518
2023-07-15,21977151420.8532,13163947666.12,1079333379.49727,5758002014.72588,711521604.98033,694024160.25736,252537149.073115,586133398.92714,533203616.05237,285334282.983169,11504477.1742892,510486152.382485,163928982.413409,527319832.826828,404545768.417778
2023-07-16,6233916918.78272,4430406660.74995,404846237.101567,2658605337.54769,238740937.743954,1146833188.21158,129213066.308789,199732268.66407,228675548.621208,231268873.585513,6937482.74515395,209246322.078493,48848623.6285124,326310907.692558,156234947.386911
2023-07-17,8356410453.56371,4551682234.72122,473714439.538472,3239778453.91475,273772997.968942,495347568.396993,119366265.118185,149147914.997127,108321129.941802,204927741.315416,9950031.51806819,225143858.519515,47399304.7257443,330898836.015911,167087856.763717
2023-07-18,10974383371.5466,7684722413.23439,760807494.642201,2262921797.77535,254013075.596841,520887438.37416,150222179.890928,166214769.214482,142448096.153201,198394895.522258,6352803.58310625,308963692.946726,74011258.3248939,322319370.675587,434264697.909946
2023-07-19,13152758553.0308,9120475118.90744,892907015.844462,2214761174.65149,267786761.266673,309741946.663242,145147298.460032,138193180.85862,81321783.6159228,192382684.766077,4912182.93209672,282967899.809055,68571841.0650803,354121299.454402,432602947.953238
2023-07-20,8545620844.32659,8894957096.35151,505922068.940099,3583242003.05384,383394441.463573,499499434.399266,108247539.124719,131926947.674819,94867241.1273581,213549496.869324,5720898.70369204,239510408.513819,61500991.1052292,229013315.15372,242362055.065056
2023-07-21,11117456853.4645,11204166583.0618,521480007.35883,2588946338.45636,336406743.869254,718348687.364286,161300191.253934,160755200.898863,97172419.2566929,214757264.455893,5939803.28140006,335689194.457142,108000064.912064,227370823.708121,1422847115.36966
2023-07-22,8492627980.9282,6309767940.4475,385301778.820149,1675530391.28324,205649259.846746,948505067.107,204543768.655723,111976935.853693,93778672.2507784,174064602.95653,10462703.2976226,202307952.211393,54317612.4120154,145756355.452851,622112997.893201
2023-07-23,6745541064.87388,5837098870.77548,253197293.578654,1389970268.98668,161693157.564877,445894289.217682,114563817.473021,100960479.595251,69024877.6997361,850038339.589499,5213898.77583757,159632808.356427,42230995.0925917,123750726.682995,384657338.220064
2023-07-24,7427606999.4128,6531824636.5137,231161705.978129,1257404824.39746,149736321.137369,362900957.338939,114167531.631269,100432782.096524,55560622.2457675,285526461.20901,4763904.04040831,140128117.939972,42613568.0750073,275701008.718144,224037938.868041
2023-07-25,15195244950.838,9438614856.62468,512795353.277362,1941377513.15816,220955020.108304,1862195469.95793,149634701.359544,153306136.674107,140753062.016759,282895778.985625,7894127.4070529,235280654.615784,65229195.2191038,223297920.285896,338382767.792545
2023-07-26,7929844775.36345,4329972807.86323,359635865.732074,1530207989.37347,165980268.460086,1776480115.0496,98093984.6987428,149472137.869935,138352011.655124,272312337.196011,4134520.41168776,184399244.373974,55533523.7183866,158880668.412735,218980018.517393
2023-07-27,13088677750.425,7307465774.97681,397845092.582004,1495290293.12607,194346560.464286,1047480835.97473,104852028.49888,137555520.336468,96467631.2501982,270907614.68689,9561558.42230005,263009020.113582,58239108.565228,200573641.367614,347969260.429549
2023-07-28,9047649539.81237,6626220422.96973,385232386.466492,1329392797.06067,146593216.052505,641753984.737001,99193883.9092228,100352726.435447,61939040.0753064,232405841.185732,3578369.44836759,164813978.540087,45543290.3551951,179973544.393922,355635627.604162
2023-07-29,7682754827.05411,4775263924.22337,300272976.793469,943438023.285678,127820015.003653,426550526.202283,97485867.2270405,84052763.8749752,207017850.106388,293850484.082286,6947013.15469609,150537514.595507,35920812.7571789,98337996.2128673,196806025.752497
2023-07-30,4882536540.9116,2990426323.77148,251740436.629086,642153174.326142,142844606.32036,571202904.518435,65266367.5939385,57472999.938532,193906064.880379,216254156.210378,3983370.45227745,128806539.983351,27025026.1864319,104466370.556455,139241488.646845
2023-07-31,7872881636.62564,5791342964.54556,314019546.783479,1116791886.54693,170944684.283389,521442769.922399,99330853.8339604,101571262.072492,189845380.71739,302433295.386123,4195962.30352535,185550994.349633,44895365.2915886,293817669.421093,198782149.898054
2023-08-01,6641808341.38626,6106091989.30773,418086969.392553,1406177636.97565,181518352.272932,424603425.792344,110824749.864091,118490824.161295,161547083.752279,293585605.816647,4677336.71782658,177306551.454206,42939036.5322158,270640807.307855,214881592.888272
2023-08-02,15289922840.8738,8990773317.29878,854382518.10981,1521287462.81247,242542187.948413,451388149.532109,129075193.082416,135854211.138925,138101587.656827,256506470.25763,22616002.4644879,271032028.902538,62046944.8371175,211814801.30377,251588141.443303
2023-08-03,19266318894.0865,8178850227.51026,750233247.925927,1053596026.19107,208213921.702562,437878805.325059,111185563.645807,124962663.927302,123819137.198566,245289001.130889,6989956.26543622,233318010.436382,60000828.8301676,275460384.901894,270310508.101194
2023-08-04,12539132810.4003,5908647350.66714,390117777.861903,1277296653.40076,292519752.49853,434504375.185187,114291805.995362,125244542.246809,141614977.376665,202027685.900789,5703217.18340783,262318384.797679,53680852.4511768,185565238.577347,229914804.363966
2023-08-05,12112869085.6559,6229669774.68968,359584156.029849,1200556083.3928,197170877.961202,362395292.101865,98942186.8591934,104923214.669295,241115903.378498,187728297.190052,4844241.73994203,197415579.579708,44012340.6442324,176301935.39628,210555884.67625
2023-08-06,5335308729.48437,2952349825.88536,251536722.078287,1002199104.30925,157529534.711723,539033839.770806,68683582.4562345,84025895.136102,957254931.205056,200943990.954232,4435165.20713805,166073559.473971,33668602.2687813,138652706.041424,137903300.933756
2023-08-07,5360283576.26997,2992818475.64569,372359290.682057,771069752.206615,150759078.229073,369057587.498674,79891258.271892,98533348.1294617,405600638.691783,160891496.466304,5380911.5144648,173231784.642286,38963348.0627902,121147768.899909,141675402.115706
2023-08-08,13252185122.1125,7660232552.6422,410120374.057631,1327007615.2127,239590650.867754,398305731.048855,109611030.680918,124573482.458549,266672222.970002,185891718.00274,7960505.9647698,254759886.181202,55981971.8382522,696618589.451979,232729909.149234
2023-08-09,14603570418.9189,7498117030.73775,470639117.90814,1375092164.80417,312662208.208552,374950347.816744,100599117.033259,135268637.199366,356992008.282651,195228711.311599,6128633.28151341,297403734.928729,49683429.3605186,474173312.939176,292734488.49769
2023-08-10,14633310097.4914,6010104016.05527,401504275.212469,1498394768.28338,195518674.008194,369748154.478885,95166652.9715082,110323185.633796,358911294.780204,186796311.971761,5307575.10215396,231154425.859496,34101085.0439117,231089796.467619,361331303.715781
2023-08-11,8106253519.02545,3733537744.90274,339047442.161706,1063357974.33682,179477802.604777,399366004.76723,83701857.087045,105976426.194626,324120266.392295,173472710.994965,4778501.49067068,222004625.45759,34827562.7833714,248197774.990503,224516024.10531
2023-08-12,4651950357.63665,3694816570.96237,363763402.776166,924970915.640284,124610584.574409,263740989.013642,75181271.8141342,88761400.3562098,416302710.730502,159040748.104881,3635709.29063884,152154650.953613,40776147.7194125,174587251.905672,148454600.856032
2023-08-13,3994297895.28894,2215986526.70165,195205362.183886,502921367.180482,105607968.604844,385515900.690126,61479144.1830504,72673457.5714862,671864671.496029,141044221.110134,3258337.23184904,95638205.5055572,49129524.5643445,98340797.7814221,117309616.793088
2023-08-14,4755220448.63449,3642424563.74061,230763796.034427,620939906.980024,125106297.155349,325530830.829727,75864330.9328599,91976829.7322492,358828777.114305,161679767.282734,4075285.72406264,118008279.548751,42509510.8791091,114233809.240779,148526924.70412
2023-08-15,12408355477.1113,4495324729.87139,323212804.632478,967305278.573031,129874470.395376,433958600.071588,91579872.7094988,106021861.549381,401514290.913112,197002006.356063,6032158.26417566,166756960.613129,45717787.8982521,134429026.097375,241856951.668788
2023-08-16,11523395157.9986,4416612452.11406,480198153.756926,1200448874.41985,174122704.034539,485736337.278612,106091050.447468,124519709.147373,435780226.65734,185587361.475441,7102479.42094475,249674156.834318,61057111.4195675,318822435.478319,287565277.962781
2023-08-17,14809979642.3732,6472231164.68925,518075818.698582,1563955567.70925,234798832.86591,540891262.937386,129304101.25337,131178042.20285,401203174.313764,241507942.877808,18981695.9943793,327159853.326038,77948058.1370364,308689573.63683,299376145.196321
2023-08-18,29965585683.4214,20962774898.1042,946267402.307433,2195107422.09494,340643581.743293,875413003.541478,205694894.176622,164360664.034486,479456050.392705,325250775.789358,9357087.64470034,409995328.611544,98829230.6260014,362307079.039103,457285098.408579
2023-08-19,18062351745.5036,11856910739.7349,614638062.66676,1918958850.3873,265109511.755594,586152864.134783,148323528.105848,129486764.636749,319245613.221001,225980979.4858,5956361.62181908,294450925.806405,71763517.0349968,241798356.866854,268760408.230564
2023-08-20,3355038748.98247,8226872103.1197,385398201.658992,929698765.979198,141040323.324678,281369502.518054,80081091.4213284,95092425.0356078,164634285.582111,151149396.499771,3113197.62314114,172561225.36764,49862991.1868447,159954124.866459,148183631.701073
2023-08-21,8304370131.83387,6156816706.79554,282623964.985347,1321763823.55271,141547595.073556,231080171.148564,80813890.8115809,77935726.5300642,144611276.699497,181964240.913839,2963203.84695952,173585550.191763,32124069.4392108,130273923.775458,117283917.51631
2023-08-22,9377753161.44763,6712093708.84287,678066769.939408,1352888173.70991,175576119.87494,327091604.921172,106574070.509962,121438709.659692,187047004.111639,206547445.052056,4697426.47211895,252254551.861354,50757333.0386892,157934181.879006,195175297.18715
2023-08-23,13702941053.0153,10108448994.6869,739396806.568125,1118462919.74882,198152460.85229,313724398.883244,115721588.282071,137725599.427398,168141241.954899,186278550.351152,4720571.59341367,321635505.842557,71136554.5380695,133595638.230665,210749994.465874
2023-08-24,14600566342.2144,10823959050.7092,650675269.708652,946910663.222957,181484986.637281,337774649.6319,107149738.860339,104776387.81663,211763091.770582,221934437.700016,4534041.38337486,305985780.499424,85566426.0086305,163991836.111716,210708348.151639
2023-08-25,11961319630.8101,6850697254.40282,423977833.135624,769780632.535071,153453786.616085,230754384.339762,92285749.662056,95039916.3741702,121936169.947697,182854270.186208,3587785.51381878,207177969.199118,54549780.0778925,124392383.142377,174500082.131516
2023-08-26,2582213805.54614,7030468153.06751,392964848.236657,921620470.940904,217576947.624945,226403769.212502,98650400.7498236,130496809.395982,131487751.669559,194068250.633666,3353635.4421142,241845190.818255,50296638.4734404,125469324.334027,169096906.436235
2023-08-27,3420999388.35507,2322940231.92341,215149450.470933,463183659.168202,120462337.717676,138714995.17976,63138315.2104317,84148288.0780716,78978086.4936151,136107657.312014,2209727.20590596,142629268.142983,39621966.6591745,73416822.030163,105258077.157264
2023-08-28,4743752357.40126,2572900593.82545,236457689.972364,512306936.749161,116462764.13628,156996663.519897,70125042.1165469,105856150.815037,70424141.9480726,121191152.612148,4113220.26611898,171495580.9742,56725896.8468506,112139525.07499,89772847.6184141
2023-08-29,9995933796.2508,4779399186.37788,317430817.927548,782151358.532369,158154451.296396,195755822.628149,113592351.317737,125973345.958563,126167924.645117,158541969.53572,12191820.9394425,215132462.383241,44862958.012809,132303014.267904,160647627.909146
2023-08-30,29462388818.8399,15798207852.362,655723980.058568,1344613476.44346,332817851.402318,521000249.766026,164144061.233323,201587542.573828,155617608.542765,244191438.252939,9136802.27199825,382297336.638554,75693688.6484256,417710107.164246,250307602.387091
2023-08-31,16029914124.3954,7523425414.67164,341353864.050267,876424462.539718,211751436.077836,314208485.875751,100590435.089212,130842149.125324,114513742.893458,207046296.607953,4286979.54569507,235379276.325046,46219058.4135802,243450191.381149,158046961.27272
2023-09-01,20360682650.0551,11279510278.9837,447663725.581531,1026735505.65904,202978206.807944,438006033.82711,166486222.198742,163427313.433655,125558224.041011,226001485.686916,6367180.34122411,267556525.540862,55239640.864899,299349114.394225,225661318.355629
2023-09-02,15924588668.8934,9227778945.88749,465073141.985376,995544046.474646,172136681.383832,289892880.417925,128359484.079746,126035496.761822,96814519.4292935,228558580.21915,5181166.02266701,211251494.651195,62379547.3223506,169775397.5704,235869303.284386
2023-09-03,8203515572.7556,3262521603.90872,262985558.052673,569044737.538169,113701620.127398,241641752.536124,72754830.9236971,100618395.91924,68737768.4758893,152445283.866804,4009926.68902764,143599150.510642,41880882.8581995,132680419.613076,155569801.68502
2023-09-04,8301138495.08456,4542394704.48258,227719719.513522,556630248.760088,95940763.6431475,174931594.272246,67107098.8343036,93205255.2202589,76485565.26094,127758616.323088,4158981.37647504,126440804.148107,39326103.3584837,110000697.266312,138057721.044009
2023-09-05,6700578092.4386,5906286578.07362,345439416.910596,787064548.171707,93727779.9436396,213177420.768149,95200699.0454385,100304893.826932,98509536.1463308,177068021.863329,5563472.36238384,181463818.622928,62971879.4169213,138337677.857104,147545854.082663
2023-09-06,7633735596.70543,6218544481.16628,286551431.424337,699401133.252504,88120684.0031781,256314460.92104,83655902.9825092,97917420.6063864,81226801.1278506,161947398.76749,4883492.09375224,198652379.487071,48680220.1840398,106534545.124656,194569384.926376
2023-09-07,12225427270.6269,7246472222.52193,337137467.046692,739234157.973244,114429053.145926,265090747.81075,94431752.622148,99987288.9288585,100233037.558499,223521449.382261,6637554.34551004,198708930.515451,51119590.344432,97595107.3719787,305072988.383951
2023-09-08,4521997781.16089,6834398037.67784,310084594.839013,653453346.47654,108866873.265079,201611550.77876,90849373.6643003,98798042.0975861,94137762.7430972,177462787.27841,7188944.06561873,156568787.192014,59269418.8564562,104158307.416159,172801501.942533
2023-09-09,8058794338.82098,7077406725.09963,319236339.953658,652594366.616443,95191885.5911995,189756322.141743,90902736.3196219,91016509.3821317,66568433.4155391,149511264.876261,7559188.60056704,159487169.022331,37186441.6870223,129737403.416702,196670411.477401
2023-09-10,404806432.521689,2588492462.72367,173145692.539813,311380781.493339,53989418.2838561,124402128.430567,55387827.5497746,57417090.1595357,48028898.1112033,119376054.685792,4659779.74815125,72254195.3665852,33353804.0990531,77216552.4784913,112983353.490888
2023-09-11,6603006234.0835,6682429116.84848,332310932.712197,456958421.898107,128734752.41197,295921726.687734,99364273.6492532,123292966.06376,93591102.1713271,141669215.965172,7416113.40856244,167632969.688007,54982384.7141879,125138406.681176,168227904.976694
2023-09-12,14859931201,12284774715.4932,526882271.956461,1095995324.2295,129803720.100176,314438708.670148,166551621.382153,123769892.302095,130259033.304749,187302172.150626,6065964.18333268,191430730.107145,65608260.2747126,141234608.941581,188591170.512275
2023-09-13,16825266473.0487,11290460280.9773,335833195.408291,852717638.464114,116595315.698373,275081355.176423,128935189.704435,136724487.459879,96470445.1085177,346295587.331204,6005660.50702611,178797677.728545,69010844.8663423,305394388.864442,158840126.01847
2023-09-14,12975855576.2432,7824745808.13792,320091204.527827,752851203.050838,98971283.1092357,228750483.392433,117896679.680708,119210406.92657,81654344.6629753,209760374.999756,3422554.48292012,157003785.182547,44855351.9519255,198644403.347192,152530928.235125
2023-09-15,11739428177.4326,8399894536.86165,396118938.587899,645846604.288246,105389811.114986,225492266.876759,112334487.112091,106764397.249164,81284327.8099354,252061775.910645,4478489.2183593,149067382.368458,39658309.0247835,212027881.040837,153905740.175042
2023-09-16,9768889419.72342,6794504241.69876,499283797.19106,775561028.99449,124078606.93282,176356727.543304,99539803.8357746,100980581.100576,73238946.5818111,239790522.239644,4813692.12903657,148134081.649728,44162007.2210579,286372512.817788,133604004.251276
2023-09-17,1224363671.91755,4301244951.2696,476602625.792506,393991940.117625,81092237.7808271,166331396.145543,83861296.1824147,94132846.9011741,69268950.7433618,177407241.141687,3671738.00691662,125691265.959029,30757199.9932293,165547779.199303,119587798.127477
2023-09-18,5791146184.4648,4510503165.41927,443275270.179737,375609507.899366,81149653.7530044,195114313.369694,71903183.6827005,93245086.1568819,73568845.3023466,164452821.563633,10869131.8385181,118452323.302235,31669896.9446712,142825368.095873,113359223.47884
2023-09-19,16477839825.0584,9941458718.14968,639865076.521855,800849784.96551,119655447.241391,270941822.591699,113252862.116902,144795482.896807,86587107.128694,220863656.685835,6619349.84825262,180711424.289826,53026518.5266998,240590111.571469,462632911.170336
2023-09-20,12615959842.2294,7059055142.62099,415449695.157176,928773565.755532,105439407.551241,248228951.165502,106170365.414543,126459739.851165,75824526.2731437,201260278.192124,6175479.53834994,164415625.117834,43282340.432476,159696149.718549,332807598.889758
2023-09-21,13497179076.8318,8720556237.90573,400836191.973359,1089688616.95033,106401036.483415,221713703.425343,97815586.0135348,145513361.963815,90026368.4446601,174305751.147602,4681686.51710531,149327594.176426,44996467.1834941,187563219.047879,250393043.19531
2023-09-22,8169328790.75126,8689409317.93879,438326631.962308,791982051.282617,113520871.447353,249126296.799866,97575740.3585649,132900751.839582,100388268.574893,218777147.27549,7288343.66786125,153482978.25457,67720582.6635056,145531189.125442,214112416.018452
2023-09-23,9968041758.93682,5032536233.34579,252957877.886082,628603686.138255,114083407.457664,141092316.894091,81882395.2629611,88115926.7082548,68984759.7192606,190152589.396031,3917609.15312624,109988630.987708,40995012.0859617,111749592.973984,183114109.47049
2023-09-24,6583511185.70839,2737157669.6741,176010385.661902,326646959.58831,55598086.2638073,117567140.916142,55063268.4639642,73022191.4435146,141657461.169935,138558869.127962,3686552.27771415,75862897.263182,26209679.4497114,75127854.8100784,289046103.403525
2023-09-25,7226298594.49552,4019151198.25099,271921298.797495,341112827.329795,72330914.6310717,118284911.601959,62428482.5437587,86052077.539765,92204646.8609089,149643646.42411,6830329.42036478,91110995.4582272,27031877.5314314,81989381.7295697,191248420.462718
2023-09-26,11974957450.2763,5882822941.20384,332441922.616143,785753916.176078,116697504.802093,132045602.575951,102543905.257082,108954180.900204,76708166.5947872,205181311.418125,5777090.51688636,147350862.034592,34749937.7889937,117040618.296574,298503333.415999
2023-09-27,9786025048.05344,4739690827.75323,567895692.339098,812043931.844947,106949649.195249,165865958.497315,99180955.4842746,103092620.472615,61417315.4845255,191540540.96647,3984348.21212458,129979709.8933,38208733.4382231,158861964.260851,251238861.92279
2023-09-28,12889674588.3169,5727217120.03147,770928760.039263,698504380.8375,125283389.168967,205549040.831597,109528797.194931,117765309.657172,75031000.9246953,232697528.69377,7974788.98862196,172937850.697095,40075263.5560275,325495373.539383,415845495.929327
2023-09-29,16683207554.8443,13122144914.1209,386410154.951564,808681163.93814,151063475.977655,189471235.954422,110959787.20778,132354532.151923,77670651.3936201,232028997.969887,6930486.54551303,204440852.616199,38058324.2133074,444844587.628853,431408331.312871
2023-09-30,9059145545.41355,11095088769.9932,344463241.398686,1854095074.57796,186729216.733488,200670177.193201,100941794.052747,129345787.265599,83801375.2204448,306525736.953202,5017019.72677562,186393185.713298,42313545.1648588,242403229.45695,278172830.588203
2023-10-01,6295435107.55599,5460542606.65027,232871211.031055,565774967.926346,122189783.345365,177476790.797956,73020900.9937652,90393164.8835755,63713375.720455,179640184.857181,4986129.73941472,179368713.258003,35442024.7449408,156215241.125121,300265717.71932
2023-10-02,9358226524.28536,8645520966.51385,401908151.938716,582703736.910266,190242808.72135,220151063.489547,107530044.877744,135296035.572108,89865741.1393892,213702249.800643,5710228.15186764,323538445.577348,42704340.9326915,208227712.545601,334136532.031591
2023-10-03,18127133423.8819,14431074410.0019,570063555.270366,991695142.971413,240571875.579901,365357538.708686,157204400.487726,137200074.75333,128867069.705117,286966623.034776,5668628.59838074,265474073.108746,54633380.0672795,469049349.844473,419650622.929125
2023-10-04,12676657038.2934,7250285380.42555,328248590.303939,1293072952.3386,178131854.444422,207007502.44447,83636930.2298954,102279987.269729,78739113.3059386,320384295.461282,4734023.84761439,297512146.187521,50536109.2967482,308268609.229184,317479553.426886
2023-10-05,10876597601.1233,8175156481.92512,390002993.884816,1585308744.87018,154067040.526755,177884067.178257,94190949.0520577,254911607.998392,86675413.9522593,286187877.137685,5104626.3642002,359850820.651496,53988278.6604566,182363633.013743,329472169.773305
2023-10-06,13376186563.3112,8787267282.12795,337298872.13057,751907322.770809,110243412.593728,135729487.255525,75669504.06728,226652563.154863,68840063.400619,209863020.679479,7589628.98245879,204234808.021056,46948632.8181781,164399574.668228,261864021.401871
2023-10-07,13817979024.52,8345308634.79077,235405577.399467,629965325.146369,100076512.632544,160683309.875507,68499529.1695953,200687034.956227,61865685.7344234,314067908.822806,4342249.3397278,181422295.139501,36754876.8795202,131355276.361937,205879478.886877
2023-10-08,7226218924.82088,3685199369.82991,161448946.838174,285841428.321427,131556140.191205,144777604.864756,52603149.3311596,291056838.747404,46769352.892872,175154405.566683,2255931.33392384,187121808.482114,29439184.639389,105246718.147851,155073862.731157
2023-10-09,7141598446.86921,5142739595.52526,268613261.683978,315301821.989949,82846882.250886,124467922.958022,66164157.8584456,136315110.619887,55296990.3428024,134191418.210634,3562595.62182882,147571412.256717,27071453.9001815,88774665.877086,272054383.371479
2023-10-10,7640029989.22431,10498003428.2604,489761957.297703,842661199.154069,137133985.705348,319329325.167899,139512270.762396,176092162.038771,121082050.494369,195513920.932911,5746253.07101812,225352237.743126,47569402.7267167,150560535.486142,297784684.629657
2023-10-11,10151720983.6691,8495369532.83957,566918528.07363,616962283.821444,118222187.362085,151475202.033406,95791989.6743079,151844437.874997,66347042.2486437,171777102.521668,8782257.66713701,195733780.212691,30337905.9692533,147398740.982436,199464787.234144
2023-10-12,14608441295.9425,8015939736.17274,382621063.635606,719071769.791666,121761363.918475,190277831.203725,102204873.25568,140853638.647509,78385193.3807538,216601751.708318,5631814.40261785,172299601.587333,39435113.6585246,137180884.651309,234528724.719458
2023-10-13,10867640258.9258,9246820572.20174,320104337.071098,749800497.284428,101203394.72948,151536425.209382,100752329.624218,146745921.786287,77757063.3910831,190765733.630465,20979863.5847619,163843126.928979,46776840.6924946,122322555.600216,208455504.857167
2023-10-14,14344414895.6175,7362297687.28447,319047357.105225,653379085.274503,105963759.081453,181880324.732632,82301467.4065382,121554036.710509,62128630.6231395,167216366.217855,9330557.36201891,147044056.468717,60589730.1686233,131300971.832528,231125349.819241
2023-10-15,5543160607.18868,3481897793.49442,162936719.601495,301458671.358727,81583101.8845574,144616809.98856,55557709.4425026,66398323.9881495,73184562.5452014,143151401.931047,4351809.94239538,102978631.300361,26663523.2487096,70634442.2676359,104170548.029176
2023-10-16,6604845643.42894,4201310278.82714,371814182.763524,320727338.00774,86253737.1820483,137557876.373076,71472706.6400989,95950388.2796186,64816111.5511097,222977446.031738,6157847.47489288,109200451.716233,31634676.2369283,78229277.292579,163093441.88656
2023-10-17,22792799561.834,14887178566.9693,694312484.11273,1173128812.85069,196542427.392696,351538139.247431,132597037.395065,160924973.342014,132064980.049308,315789023.562877,8221110.16136948,275003680.894677,47630046.987581,439296606.047981,298719000.099485
2023-10-18,10403248077.492,7529155375.24033,360205036.048582,708206480.376981,136995347.377655,206912471.186727,99947303.9358978,164306368.343686,84658500.2687413,212829040.573124,5653760.8407258,163451464.21364,39859404.0601729,191968118.74229,190622997.142502
2023-10-19,13461030457.5589,7161437899.83414,267202628.537903,669895295.582307,113943117.652772,155771037.806037,91741773.7614425,138906792.803831,83442511.8821734,242250951.408296,11951709.7446976,110304228.488574,30709910.954633,188275279.791038,157224188.010686
2023-10-20,11193923144.4637,8131899029.0103,288953116.11686,1520132376.88553,129719812.373207,165779319.175268,102020660.052824,145694462.332215,97240688.0899889,241046735.848393,4968730.70226083,136936043.563128,38576026.9274265,165115329.683303,160655899.125172
2023-10-21,23561406297.7159,10739505720.0575,386325120.257641,1454958949.48555,141630674.069536,208075807.759973,139769215.393648,174989737.476175,106093024.842178,287296137.387204,5089003.93315655,212424395.657278,45684396.5084978,323758348.605111,253831241.574839
2023-10-22,7452489477.48494,6818675335.58214,276715953.414454,700405632.353129,152143480.955734,209975393.015076,141876557.567289,203731951.323545,95776023.4165649,234901529.409561,5397383.15075977,255004764.856824,44852022.1382891,188426147.480246,922759204.063492
2023-10-23,11330304246.0657,8470836764.50147,304341139.615839,598839241.912344,131872014.867092,220204278.544895,142053493.073415,241754778.928874,92261647.6014126,244565202.952516,4568604.11118938,347330506.00243,49131294.9799088,256743065.065049,1277101680.27723
2023-10-24,35558857925.1489,23272549997.8258,786904979.112371,1834743242.64701,326341538.958881,844857619.074371,316637164.703672,354292683.868221,212651142.424283,408924651.6083,12179861.3925665,575087655.419746,96412433.6643745,400190320.317702,1752099911.38348
2023-10-25,46464714676.1855,28137390855.3538,1075319651.57025,2918832727.89917,391469193.077314,916557097.583254,345063671.85518,353884956.177635,277379163.289154,411624698.127981,13701835.5398463,583383770.229634,142884482.040392,389176693.208676,1322452240.34254
2023-10-26,23840463172.4986,15647597829.5448,574789788.736434,1472662043.45901,250824127.091744,726773641.842383,214571294.878273,252708479.101998,267854761.014557,300750866.829453,7571972.35955541,395324005.020716,92815781.2745666,215579385.650285,1379750914.19317
2023-10-27,17712548549.5786,19864145386.3649,676968696.560553,1513418769.04442,320887506.286418,1441288737.21395,236892880.560569,459278220.085599,350805917.142408,311515302.367582,13231468.8883139,361152830.329213,134752717.615888,201102978.134559,916849540.277274
2023-10-28,14148818689.4998,12329788100.9648,760969467.72167,1121135370.30954,190567136.035238,632907778.680328,182864463.658657,238349654.254685,163245399.960991,269503011.793858,6481569.17457587,278861697.093411,113374653.974272,149984695.824852,953073855.403433
2023-10-29,8431785274.86821,5385051173.59062,352880059.503697,586684484.832363,149262290.250664,345170196.629545,115883469.379045,211159297.187701,125190919.864813,215549838.834609,7505977.05858639,150920335.417755,72645276.8318982,164249593.231533,634356969.093563
2023-10-30,10359013389.4255,6733870972.01141,293996923.773769,695563241.83126,153193073.25146,278560472.535709,138353309.967427,187973553.06862,151154210.644738,189169519.935375,9304306.33917002,178194367.333432,66375324.639672,126759940.964855,447345825.484149
2023-10-31,17075173423.648,12283936341.0518,403244324.937312,1362473939.30169,237181802.548318,402907156.137373,210213963.436226,212464439.41807,135012160.56239,248225323.514003,6563644.77675348,289738460.746617,96484639.2094693,128889873.828254,720157047.886346
2023-11-01,16419150928.6524,10712345068.7021,463086258.989498,2414939165.73608,334181312.901185,654989402.498673,241314721.608648,303876712.25444,182348848.779584,374191620.885301,8590475.79325812,342629776.324925,112275020.200245,189087479.465378,950588518.850927
2023-11-02,18642295524.912,18025272109.6706,583052050.491139,1620464220.84266,341522242.011677,646739998.998786,281008409.374995,382040055.798707,164328993.851253,505328613.848165,8292017.14918453,372243070.008063,306844649.295924,157860470.919654,836303431.158309
2023-11-03,20690186421.9553,15441869609.9999,805590094.483803,1643064324.37448,470471309.157756,674574430.681758,255797627.036759,343188200.482778,190457681.629628,350021476.180176,15976900.3868489,389711445.471221,247417724.903056,188053755.090268,630659137.121076
2023-11-04,17254049537.0021,12992122083.5589,494569324.609737,1262111685.59021,340981433.28272,368103845.419462,174129036.590157,228024147.183257,114959431.926892,289227316.712793,16320509.6039585,292675292.776343,146437993.753334,150479986.147425,635758266.63269
2023-11-05,10001404422.9388,8686638673.41189,372087458.068581,688099651.029228,206419057.704379,270854265.099944,140655053.989633,154452305.927259,102589592.655571,231916825.649823,9444282.18552249,169520341.139358,88520753.1091106,74503639.2236456,375780468.421831
2023-11-06,12796779677.5197,12950158459.8088,571460391.509093,1591851457.63447,317707346.924503,596260468.454346,231989751.347972,227491019.942774,203236246.7478,207233995.749068,9911819.9843978,263932451.760337,202033420.393153,131625297.342087,880121872.793435
2023-11-07,12717348149.5398,12499005108.4825,756141831.117214,2796911720.11465,424111095.272217,900491071.294329,221510589.947671,258718360.093366,209235258.663485,283794144.987127,14725437.7253189,301932056.42459,152267786.240228,118803277.659624,834808633.424331
2023-11-08,18582602380.3745,16015418080.2533,807771420.063106,2472019023.45881,437518847.110648,1052029137.52658,221664168.092003,268393743.973287,218011428.398141,291234489.11777,45612638.8547092,425046822.54323,158411311.044828,210913848.179187,933481801.294087
2023-11-09,14717120833.2235,11363875212.3791,518368314.739691,1530224474.54009,300012747.578913,694340850.611047,230943236.393458,227681866.247229,134379350.875867,272967331.564984,17242127.053398,607760888.92274,120683039.862309,117656976.162659,1152128429.27208
2023-11-10,38190964507.1576,43401498655.1456,1199389002.10225,2822451495.57987,669262367.685705,1270566255.91725,390534729.511646,491396476.256552,325325668.724963,445893159.958462,24515028.1558646,877847081.607437,246177617.664433,337637645.002993,1656733061.23369
2023-11-11,23152060053.4216,25647329729.0747,903767266.877717,1775894621.67279,543194354.114481,833540884.597141,295941873.675283,638729815.359817,239234239.669467,817165099.707931,40878763.3064658,578814723.192868,189164628.789289,189446581.352745,1282330749.8843
2023-11-12,12033297219.971,14070951950.6624,837717153.250643,1460051205.98986,557059837.04771,1937887833.21782,435372959.440822,964025576.061413,604202909.689572,347395607.239454,145728571.597999,580745509.087247,235209122.994585,142245710.317357,1303655098.13645
2023-11-13,8831221164.40887,9202824690.86152,702322228.835617,842786542.652665,384997505.976055,1069346891.03887,434463035.6998,1186407853.36364,213918317.125757,282343377.763716,68402413.504417,996442610.066355,309571072.859113,110076403.491584,994266595.733083
2023-11-14,18041088204.3672,21731324925.7315,944158453.11483,2773237323.51625,433785022.262307,1227712131.84909,340764998.484926,835498617.691173,236838875.710962,368167894.772996,27961022.2702024,1072716102.48205,272049548.350374,188595199.913144,930231524.51656
2023-11-15,22330924588.0597,21308023194.0143,1014058356.79906,2018741716.69363,420035859.432894,958409110.286438,300618937.740962,896793444.876707,216797590.089327,432073318.373136,27101514.0962568,1444135533.29875,195713365.617587,154121147.342545,1014935190.98876
2023-11-16,28479730068.2951,22504704552.2476,988408156.868193,1278936903.01916,402034483.068493,641871028.520201,294741812.417298,1494200278.82513,174061967.819206,419232072.46191,108184995.237034,1112013846.09179,230390260.626105,117596943.118691,868275983.100759
2023-11-17,12023334732.1496,23688548271.2607,1008108839.37698,1475436445.8811,763377107.06729,2029842815.91187,368880055.481756,1827368505.02905,302714963.101203,357729699.718901,25551657.8715895,1032759107.21108,320480207.86352,189431933.694483,956976480.580553
2023-11-18,22683923623.9637,21074972017.7119,799905793.919617,1276945458.80296,404223702.052875,2741468592.39088,267118925.485444,1690658950.25062,286122802.819996,338677752.277451,20033631.5729973,717884854.852144,403097812.769265,159829461.102003,817977649.445709
2023-11-19,8877846889.34669,13274234821.2048,526426822.061165,711908539.593838,331289214.155724,1789546148.14347,205552415.651223,756826051.367474,174732602.155704,282796051.172904,18862530.9445969,492040053.58993,212660015.574344,91336201.309465,516605902.790965
2023-11-20,12599067947.7345,11281190664.8558,434909576.979475,828354871.324666,296588554.481643,832921310.17823,200596282.521476,681872875.951069,115166810.473512,263532793.299503,17607584.3164814,436742971.748146,270676039.088857,81637314.6241778,716700218.965811
2023-11-21,16005284775.3117,16799253254.2762,1667360861.04005,1040771356.21464,385034296.323556,899387055.494681,225076070.302974,720300680.602948,154745837.281581,417317031.477433,14822961.1197195,478151319.002916,414953817.935777,98644158.46904,747558153.791119
2023-11-22,18891503534.641,20758981846.6292,3342694361.95003,1518170228.38297,441257019.522536,1193059156.18846,298925539.943476,1102762672.90018,220578557.79889,522523253.640587,23237922.6584577,692569132.914659,300455528.870273,247425580.932966,867717859.223299
2023-11-23,25245202377.3214,25168416335.3478,1903189339.18853,1159760290.14448,290245006.127003,596004099.245332,212105681.518231,668586153.164444,152248104.65264,622640978.586267,24573791.2936198,513010087.55616,239486245.799365,135461941.035065,716408668.368119
2023-11-24,11956046626.607,13614279337.4883,782936915.806095,1059826400.12208,239289434.505838,351457446.499484,120366247.425975,408727984.918335,96462270.2105972,216129980.571677,20087360.9689966,323810617.595066,186313368.714503,95532218.1305237,612061936.519032
2023-11-25,22996708651.5423,20665503027.7334,632580686.488844,1117046009.09934,319337805.766469,506819856.543709,201888613.134473,502015589.724346,137363254.135591,379590995.907842,21235375.4737082,449754793.079294,152013464.825585,91624322.4082171,492115925.126925
2023-11-26,7505379785.01179,6530490765.97206,392998760.935812,519620393.217809,217757496.95024,395787120.196008,133275328.394624,318837860.687171,105906128.125935,407329939.616139,10733426.8338179,376664429.598003,174563416.449126,60621304.4002114,411771124.901799
2023-11-27,10229112671.3742,12075707002.7392,487012136.746212,992358752.157429,230314860.364851,448641655.851606,173591177.957903,384745692.599735,128008876.40714,288706711.859165,10024023.6467822,351984829.341449,106502462.987355,79175306.6630266,543341982.19042
2023-11-28,17979133247.8808,19226881871.1483,820848975.869986,1112416577.30579,253931118.574475,1027732429.87777,208359526.274034,405840487.510483,222692163.861932,393616127.273935,12145352.3307501,378798718.582515,111076035.2911,149783410.583461,647332098.736504
2023-11-29,19715537240.6886,16424574534.7098,588326921.725764,935971714.500367,277479955.785999,854430491.102683,186453944.284045,431900984.189521,137688961.533318,524734576.80307,11598904.2684922,451252974.464784,108110729.933915,121136705.521263,627473038.217891
2023-11-30,20964545194.8045,13099062740.8572,479802918.851018,869541907.758095,236180014.289061,786625602.690205,186994498.345685,521141679.207274,123600917.034771,328573545.446573,9419371.0337684,439237256.268357,107703416.655941,105525392.652828,575720351.994173
2023-12-01,16566770727.5608,11625915810.9023,428081365.024271,848791232.930311,265946777.225813,848972916.118757,273782562.041844,404899168.875833,305950478.593323,303386767.878693,11596088.0025036,523444436.397516,132217294.466654,74680248.7776345,558824491.47694
2023-12-02,24470176251.5665,19913080652.2742,495869612.665984,830075844.99786,248830551.017723,665143077.053915,139004922.423594,573286916.530422,118696759.726312,299025486.360843,12238090.1093593,539063794.367687,97286005.2135414,71804352.0571887,513711843.572117
2023-12-03,14892418344.3286,14460351398.3905,505911606.134519,563533093.371671,223896759.424403,604637109.449234,118704923.640762,320953723.408647,123201409.237429,282907523.494587,10980490.2137707,480809488.377899,144363871.343103,88355381.5193237,725794767.374932
2023-12-04,14107800648.6293,13166580462.9591,650989062.562627,853055901.576326,309855450.081956,718543794.411512,139699763.332767,346045527.423074,403212049.572292,295959687.307423,10049888.1031443,462963417.864755,131475739.19519,118731694.957434,531269012.464825
2023-12-05,40273974905.3823,30345337042.0041,2316993901.61196,1739624716.11512,550736446.768495,1768396540.74816,271224380.307754,683872586.726847,514269364.551615,474783221.453761,27758916.5792851,723557079.251945,351475503.078973,527835411.604635,1050404792.12538
2023-12-06,37740677039.99,28729334531.5949,920391780.397207,1261500865.48338,503546895.410695,1490038367.02359,347922438.730067,824535037.421249,464833895.32518,388338991.027098,22861093.3571337,490353922.473064,305016862.258609,244265394.99045,676286222.213789
2023-12-07,30306637687.6012,21223942410.3648,932888600.243434,1751766685.84182,802619736.814982,3326965457.14064,388087889.924764,1526950982.71798,775347795.791811,464716530.278733,22961022.6123154,695383419.688956,274831455.779427,326207987.228474,720303828.269616
2023-12-08,27712048105.0234,25387351572.1928,904362998.633642,1617826105.83555,574556484.757082,1665374461.52442,292094096.619433,1074614252.88693,306263846.978909,309623574.747658,12360323.261003,597915979.069206,197613102.295473,172021761.15303,918229936.841562
2023-12-09,24726661392.9842,20568283522.9477,905954740.793534,1764953428.26997,1596744685.03094,1380698016.43819,400406097.891131,1217622913.86185,312719045.497459,407924963.951464,15129607.4190868,730348723.415653,238308644.983608,144189282.630392,1072034005.25035
2023-12-10,17074228506.0414,15387242081.0736,986629989.166703,1989563714.22463,2340569885.72413,1533197313.3287,677114384.549273,1735116274.59987,493055337.621525,368851415.263384,42739359.5183142,826497254.910187,363130847.733946,188560442.281352,939117041.970976
2023-12-11,11865167562.1797,10817893038.0425,527392219.519741,1037587772.53931,1110103511.7299,919824659.881024,302263367.275255,1696678974.28917,249536444.845653,290594091.335958,27707359.7760186,508422771.646507,204745575.932662,117818065.719168,494108377.076322
2023-12-12,39734542163.6617,18600214563.3422,1646086162.98713,2052327029.53707,1286257427.38358,2526464898.31183,492924543.310334,3390565691.48381,456093561.04786,466411370.425093,29652266.0507985,906646363.24424,330444285.630988,253661286.871363,1269777491.06678
2023-12-13,24919333990.6271,11775411206.2007,1657357467.53224,1307109718.02578,1177190690.19894,1227410050.38202,536480801.378866,2555557181.23805,209110628.017665,369699235.451439,19920279.0363585,707765581.351932,301171867.267713,150201490.570582,672867993.321194
2023-12-14,26301358636.1249,17312498671.8154,1195696631.0656,1409914145.31761,1747028999.75761,1061514434.47237,475297617.048937,2415210512.52944,200739156.522516,415406271.136629,19243204.2339393,679720674.489277,217474792.168311,163800444.451347,725801346.868276
2023-12-15,22978695605.4827,18515638424.0283,937364200.294228,1325870971.41125,1269985825.78327,970431037.849482,514789158.41509,1539101004.356,248201072.338101,409076303.908428,16383928.1910109,512235659.630899,191020983.240103,170989054.873509,800007903.77486
2023-12-16,17134765249.0726,15188397489.4452,657281007.475732,1280123112.06243,806518595.228801,833936564.763606,398361835.737491,1953935647.42554,190633515.361253,325330937.246706,16517634.1054491,368147477.04354,168172049.766756,125045256.344255,529567880.937106
2023-12-17,13524832238.374,8454757543.52423,377310278.549514,681854371.969328,575345916.914753,658594189.190042,281177796.731058,1921388182.76598,660941241.581524,264363303.945466,13806431.4081473,288061344.542467,222419621.196878,110330785.304013,394887677.279986
2023-12-18,16536428696.4614,8867828029.60357,462685389.032428,744742147.819399,514551580.184348,634804097.700299,264782011.00864,1186137134.34902,514841033.075135,305446404.467502,8611628.61780347,297793425.092385,171769928.363141,115265115.637887,358716315.069367
2023-12-19,26473040426.6082,14071140889.31,919400915.986338,1526938744.41431,691660446.593708,864452373.929024,310363499.539245,1495038322.08223,337899857.80666,423233028.406266,15733784.2879608,532875139.25236,181517804.1652,148119837.124362,779426853.515709
2023-12-20,23402523667.559,15258004716.3094,2010570238.16286,1093081252.55083,632705852.677986,611988974.994196,230667224.743118,1119585544.49581,196512276.92344,303712808.80148,10434301.9025272,502048679.443569,269942648.733702,121947041.508395,461464819.491407
2023-12-21,28334648885.879,19155737312.5646,1370322319.83289,1349253323.67234,580516300.09852,764283070.10253,315015067.21375,1535852033.4104,172003223.338046,326267706.182597,12188492.8109853,570769901.90945,777591295.052975,203657703.827946,495194629.65197
2023-12-22,21948638202.5834,19466743544.9958,1318445333.12129,1110957120.50154,797789227.424611,1046104113.07397,986984798.266304,1807921216.53473,167040158.825397,338246347.817767,11676327.0877933,549918569.869869,899021618.39963,130616002.924439,676439327.056422
2023-12-23,20833936534.6286,23783915985.9762,977414196.213216,1314700978.04026,787720553.108902,809878572.664394,623391232.306235,1638691892.56558,270735972.354569,242943890.45738,14283578.4682572,771137605.665139,530240622.996944,213756188.278508,660659247.428
2023-12-24,9872050975.65797,9758407679.07541,467478469.876387,719236757.153275,473986976.414917,459270546.091318,478356644.173986,1230485279.30406,264256151.74752,246540307.549204,9764135.64779478,431932753.056822,448883604.194775,159899723.083376,614178678.69998
2023-12-25,18313974069.8228,12635088285.6455,657047435.25023,1122153754.58921,787979858.227613,712971136.329824,1045828518.80056,1651691059.4981,214544245.621992,385895088.850665,13823525.040769,684449542.269448,517223225.054893,155981085.911635,641360224.064055
2023-12-26,18744716867.393,11373112598.881,552660301.430287,1719526532.30088,632104577.199892,543165619.223673,884552476.345805,1114752910.41512,176967498.238277,333486106.28446,10131620.5875205,725420748.995079,589900374.925812,164492347.738868,531623491.550146
2023-12-27,20477744539.8723,15654849177.2003,2380059311.07295,1600554140.26223,882491094.126949,696107338.345539,684413296.959915,1226031733.25677,206221631.533493,479201132.030167,15846089.6218298,1914842788.95057,697973536.871035,207737893.86295,650854813.779941
2023-12-28,23244754807.444,25167308054.852,2530289155.53169,1400197240.33351,900745483.484624,524538028.187226,484821118.085178,1050442372.03713,161858216.229565,360831720.320413,14419324.6942533,1845743804.40774,389824866.479479,530921124.700398,894754341.544731
2023-12-29,20336573643.8193,21940267876.9896,2670433244.27749,1802335304.06391,1346540709.19022,592768130.69455,443458901.713309,1165463292.40809,191744420.579077,318656058.187737,15201666.3069139,1061938587.09734,381772427.387751,557269698.527511,1249632873.09911
2023-12-30,24832397519.0506,18135119123.5055,1796887469.47537,1257166870.50067,717176437.068444,502859083.646746,484304596.838746,1104688954.30354,133388302.854479,423389104.072928,12675365.8459477,796849213.108217,344927601.44517,375901838.874758,690487011.504633
2023-12-31,14727224645.4177,13896242967.9025,846389292.026155,654083660.407598,357722554.585861,313348879.175636,243162917.156248,597365878.577436,88751966.3634444,358925601.692659,7824943.28283191,402495068.369216,216551592.463207,531672414.480426,331840263.211473
2024-01-01,14183728910.1698,6715146404.60872,814691850.600875,616827726.761866,393610254.656558,324211103.963571,304080872.817082,607648046.365506,84700017.3670624,259576453.121554,9053144.05298535,523259587.734587,228203096.319188,249860423.243407,376975059.232408
2024-01-02,16958999497.5836,9173151405.889,891327467.258297,661012500.831571,382567378.395497,383568914.772366,248244780.078597,695123399.815663,98194114.1109934,359760265.392445,9404413.3524969,449847206.46288,221272075.270208,220342869.959693,345330490.580052
2024-01-03,39089952715.5428,20590257636.0984,1262689113.1909,1269164248.34778,605827879.825443,543573062.669933,340333674.101048,865300519.251727,173419319.793789,540246092.799114,19238172.971775,605955655.589105,666326152.436715,247970133.352445,560129237.526585
2024-01-04,43146162597.5675,34451776444.0568,3005379113.59095,3221372100.14313,1132517812.69459,1080512234.81248,611301093.783015,1371852954.14532,396481433.988389,560019489.555686,43242253.7577568,1100141275.93878,530653159.345689,351486238.488455,961879773.549784
2024-01-05,26123887042.7978,18341104523.0193,1520601083.87629,1370124013.35007,647398589.652788,567949044.924698,344276224.928263,868359370.28268,181001276.206374,468185806.191537,17365778.4411065,558246870.023684,357112513.079993,192807795.966638,464183582.930579
2024-01-06,29364675804.0104,18739484389.9462,1534646961.96765,1427534945.87859,662258028.788455,608674548.186351,358417246.030912,810496120.479922,199465372.75765,494002830.583208,18954622.494199,569049395.432454,268216847.254454,226039833.936618,694476594.425365
2024-01-07,11841102132.2394,8619189687.82148,1170073719.9076,730296367.576878,475388171.981526,475622034.481429,242586958.838987,598595685.189377,127081490.508797,382266746.285238,14768202.5995021,400941717.779089,292782013.460875,174887380.125933,417026217.96684
2024-01-08,15144653805.3628,10135753412.6711,697390259.276258,793183141.41198,412912355.400511,478786266.091885,224311024.811013,645744380.304297,141717902.442019,210104280.835384,12355939.596735,325650305.531337,178864306.017655,136896139.066401,342893063.386735
2024-01-09,40821502383.5006,26223624729.1031,1275198629.0066,1804275059.11107,791340975.283911,662001144.969416,352711537.97539,1079861829.33253,230823226.880572,418906546.179814,21001587.9256362,702234245.753088,306492568.794075,325888403.368138,619583569.547991
2024-01-10,39887918405.7787,21533561122.8547,1649759343.46544,1668935574.77662,697387092.074441,1082498425.7354,295305031.921303,966754499.732386,349250560.381137,399245560.79826,15033093.454464,619111364.562508,295567435.954223,309268335.32871,617985640.959398
2024-01-11,52030057180.5707,44008144956.9765,1417111614.41867,2053266167.31831,1086480496.21322,766292696.351271,428057168.576882,1052291359.88607,249158048.686686,492061061.799816,15625036.6635051,830648477.525175,301390720.142275,276435958.17806,731124154.628283
2024-01-12,49198128806.3062,40605826834.7703,1692987778.94904,1896258425.13171,1178761304.35077,862641945.987629,547306141.612125,1249182272.0774,297971112.892308,550463246.94468,15706254.3851522,929887340.244899,394101438.724442,543140894.332635,763377141.952438
2024-01-13,45913301456.0508,46082131081.8545,1438835226.91694,1588743949.26542,682778320.289109,663058206.203166,348819145.465567,856718898.867043,203113243.161135,548433942.071805,13388386.3510666,701470972.020141,290006518.865093,588005499.204868,626651018.47314
2024-01-14,19424747840.4784,23318906536.9494,604671669.583956,609660987.42222,370948669.788588,310563996.999561,214593323.115531,522304077.748577,127225576.256224,975298821.142219,7858066.1209713,350298005.349663,150451594.319692,252281879.897795,350286792.249697
2024-01-15,16968959097.0765,16820089427.8768,622433206.509019,736795892.922273,347100072.045197,513071839.273852,168262002.865469,632546912.83367,115792755.200972,558367222.063242,8684217.86514353,331457970.563862,160610018.14847,201031490.105732,719060885.028577
2024-01-16,22634527323.5631,13348139613.1561,1925904019.0776,942767404.582474,339882440.316652,314027160.528357,196095010.154923,466214101.101891,103168497.546126,399085101.710489,9816304.02060918,349437974.821546,152656114.276125,193951322.533641,765501265.350473
2024-01-17,22023116042.2753,18488915209.8631,1341981225.75381,863359605.252178,346646551.220773,387621923.369215,196777414.491894,482254233.059685,101825216.528206,458879205.259102,7066551.69269637,312593548.532093,172912192.547841,178757561.719806,415955821.717111
2024-01-18,21299064875.1871,17068418335.9985,1531777116.68552,870905515.480466,306109383.709985,310331132.257136,184744106.583867,555005336.705491,109416939.956026,364709582.723305,9951687.69765604,461186274.145977,181255138.420137,196282495.739405,853545792.701477
2024-01-19,25160430945.2898,15098459635.775,1144722658.90231,1003771643.47097,383251921.867201,361561463.077233,248894294.243371,585637778.978214,130966046.774687,296537087.393243,15462464.0392786,423565978.832065,197050328.114875,175847463.399838,650242912.279266
2024-01-20,24407872954.7268,13514569417.2355,1029964275.96136,1306108750.90251,439739467.283266,412655564.978014,228282176.179407,552992760.554749,151690144.391539,398468622.862219,10317665.5853861,544791592.21151,188646061.100092,181708691.707019,887048066.31771
2024-01-21,9533488489.00503,4996301224.73112,448273871.990286,701395819.429004,339700601.153674,765987028.082264,141850387.153145,355658387.713442,135742644.446736,189162281.197616,5818956.76262049,341562603.693036,106448511.469653,112266933.149934,792617966.42394
2024-01-22,8032696833.69537,4334792607.36036,500956293.010627,455234775.98384,229932801.228845,1059504068.40292,116394193.179111,334268334.314462,113387848.010124,203074098.719506,6394655.46169591,277449712.046606,102769748.007721,113755894.941041,350026998.46054
2024-01-23,31202848830.1017,15106296459.0235,874777342.571324,1113753537.17382,453378521.913917,743467578.063066,275569681.920742,643917642.858812,156889729.878608,299607114.935652,9933113.36078645,457497700.362993,219136584.597589,253841449.179359,800695944.637438
2024-01-24,29683327703.0343,17683786156.3853,1166626987.03575,1344425271.12673,550392222.314428,621432114.787825,257216615.364054,827739395.783684,138764475.626077,360866155.885495,14328540.8517583,498693212.498399,215385831.926483,244537762.516697,680484525.685963
2024-01-25,22217129215.3856,10625253854.7699,911262996.333291,848863444.709934,396586946.588825,402243504.183483,189205731.195674,680926909.240722,105591450.69306,244992234.949755,8434039.4118123,352540175.230955,214245516.030489,172639394.078153,454885832.560273
2024-01-26,13376924612.7782,9966399827.60832,1155198730.62711,801248680.447075,353047087.544824,337325714.076235,163929556.004886,459340560.624378,84381126.6861544,297066325.162361,6302790.5247754,244652709.952485,143718067.012602,153881511.843698,386872034.704625
2024-01-27,22681602408.5245,10737037817.0342,873868568.022558,1001801726.78927,358523753.541871,320642197.793036,193976810.533792,554604451.472947,92762180.2786883,318944939.06768,8681304.22346226,286093402.763328,279366721.042695,131575547.767725,383105985.27397
2024-01-28,10694258830.3719,4896940248.15328,430181295.285196,432074210.764328,237374918.929748,250862228.098702,146697585.467918,342174383.760403,72023778.5422971,251312945.32644,5211594.65373032,237196974.821905,146985911.726965,137201305.861402,245975186.41173
2024-01-29,13669905344.7839,6994793950.05812,569912680.572274,482417327.839126,345033306.56762,292990416.062384,189890744.547224,946287792.760721,95018456.9361502,230143673.864426,6172900.02577355,329661304.420026,224910220.991838,135471562.717853,363659341.259503
2024-01-30,20680322267.0037,8669925102.934,643276219.245238,898684199.256968,452014463.616639,614387134.468789,358525976.698774,704015302.597551,126898447.291023,311112645.693658,7278759.61203753,342283773.989701,180477563.477089,134536610.676349,517810051.470103
2024-01-31,24526664209.3586,11126446197.7992,603066399.33987,1687151941.8755,497705500.390442,377712266.6235,232774566.513741,727707585.193983,131693790.151634,255975240.92036,8704355.33346085,350478456.418095,302444222.534764,140760218.390945,638523565.749726
2024-02-01,22197944957.0785,11853310774.4197,623470375.273254,1304951336.75885,474657239.933057,348716863.700078,207121505.505461,594924223.786277,123629511.472474,385965493.682527,7781819.29273534,498011092.714203,214051257.526212,168017633.943627,916089418.043523
2024-02-02,22443682768.7222,9678169139.51159,576922486.313715,968788612.306497,383238253.98057,298041665.827453,163520260.451437,492754334.445681,106780578.234374,318894422.748277,5364023.17424347,352684834.450244,165535029.669328,133355087.457808,1416983639.40677
2024-02-03,18624791426.1308,7666446064.33212,468564687.543955,937859487.922435,422898072.386754,255652473.367472,163306938.477742,812059036.497642,80556310.0569445,311775279.583334,6297169.32977516,265709409.442424,156492650.878932,102830897.154829,1802009846.0085
2024-02-04,7779819312.31076,4685406125.50743,293900008.477778,781835490.812646,273625205.170969,160243250.027861,109077640.540592,483079633.516648,61156838.3945935,165216060.02128,4912045.91108797,219707190.049419,92552628.5904065,121490706.336003,751734781.28492
2024-02-05,11250814654.362,5694619446.57298,660952641.859823,500979062.257239,236376495.611022,208726993.313061,98824460.6771126,387971684.912648,74882378.3407983,199266399.466366,5266679.02480419,220026811.205703,81790116.9715649,164304709.505808,763830946.995382
2024-02-06,18682275991.6268,7987582984.02101,593526895.517591,822070966.512758,278395981.064101,280814900.467773,164859979.282288,465376745.764145,84154475.6413469,285629434.773579,6912440.44179714,233164843.032175,108569818.173899,120509473.410454,1202571443.00536
2024-02-07,17131113853.2362,10525807971.4023,397448079.172313,789140665.549257,280181826.359317,226819227.557721,151817230.54103,387447930.934695,76994668.9319021,382695568.510143,5462666.34357089,300144459.271247,112554835.151055,139378083.022442,762340439.261365
2024-02-08,21200879624.7354,10632263734.8787,583296868.834225,898286413.119104,503827123.56473,235855844.984828,172330689.856538,434561451.899431,100505848.326766,348032289.350959,6261059.18096849,309112558.382727,136404795.548268,115469004.394627,652446810.284007
2024-02-09,27709605138.4986,11000404082.5864,1167094483.21352,901027524.921479,675943613.671857,283924152.445835,234911814.99865,494638967.76623,167665623.432658,387508145.326016,8922582.86706294,374854112.253932,189661109.903351,133180847.35341,742374781.734222
2024-02-10,41993952311.1229,15268873489.396,1180454941.1076,1013315522.81297,515048375.031218,374356000.641867,269334580.355885,808144512.312297,130625916.9818,318967454.249828,14897373.4057777,369049069.452633,236192068.082807,182346121.956724,617398895.359086
2024-02-11,16461159742.3178,6350552320.6436,514328389.466528,475064729.175184,393757855.006037,251068226.85768,153741808.657011,714637615.114187,106454986.007884,194545635.40483,7157492.95706248,310423576.91784,188591182.095623,116760920.155472,474792569.592034
2024-02-12,13196875460.8467,7498249910.85777,432108285.039789,677665008.289634,511289100.222614,356995020.234877,177059814.980249,544770331.222869,122139208.42996,182730729.114719,6720903.51740407,263451150.358332,249209184.719597,660573526.002645,933672551.964192
2024-02-13,37684440686.7089,15004272817.7565,813983944.861306,1032701087.39695,498953226.879576,439575905.828803,267218414.043889,850968964.312917,157192671.773437,303822193.858941,10083259.09785,399482890.998382,430806355.328617,483519484.32085,944416418.23235
2024-02-14,37331081151.0248,20206467469.2559,739141006.759218,1067037730.1201,466661251.122457,463968749.061538,251411606.08502,748800285.224336,174659977.874926,326215787.995429,38093689.6716562,361698352.650218,248781972.323243,287026248.933408,747156257.091148
2024-02-15,41805076939.809,23414613028.1741,672496070.532643,1122372066.16111,564319679.6339,717106674.561586,304545227.490735,887539514.700366,187404417.179146,372763474.896169,12337838.8812012,446508255.475372,248086083.979884,425844292.273873,656812139.201575
2024-02-16,31991869491.0567,25584981558.6244,2136764834.24407,1792274030.07178,774318570.559765,719041017.408712,337324196.586603,959935366.516126,255636514.403286,464703397.02169,12995531.1176727,444813407.829677,239130231.425158,382347906.733938,617648322.857006
2024-02-17,24850432117.8966,16920199808.888,1588840649.82611,1463235041.74764,513588623.596306,465079190.096792,217825474.815736,573991957.852915,195054365.765838,352810694.463667,8957611.82505159,696572452.573681,246603988.268591,333770494.445961,552626838.95651
2024-02-18,19851884283.1572,18359069390.2139,933330586.139552,729929998.372292,430862242.692924,373674501.752084,191069163.306055,450534468.493592,151568440.501238,570250901.925492,7387778.2797294,476749336.277045,143995283.336158,185970807.453195,462980946.346253
2024-02-19,17025880430.5659,24082010034.6887,757170567.92316,620418394.656958,669317388.854496,330198111.880243,184734979.296279,443309149.911731,154410885.275421,279789795.561008,7592273.97828927,496319962.908861,276414703.65316,129194824.892353,378746032.732064
2024-02-20,22555121071.5591,16450190201.0229,1110732462.97498,1049065665.42789,581119408.725929,729099460.015955,315622432.696274,603304600.8143,202249695.016122,333557586.722752,12238077.6847717,606831915.849285,287727122.702141,175233257.247618,494228808.166858
2024-02-21,34499627551.3193,22509955315.7533,1524613569.77609,1797569762.0607,781168345.882528,853358946.19709,363691877.778339,680367675.074172,316023216.625111,502450851.745802,11228304.1369441,796221257.445129,284212964.864709,275861404.320534,625264563.29974
2024-02-22,30624246621.0974,20964306604.9657,2661779519.66149,1285012003.39354,527668845.060954,477550858.401646,274626786.777739,561789399.542691,219025474.376119,502409960.769258,10230782.5529953,710664328.953173,219503391.381315,196335214.488058,583345888.431349
2024-02-23,23733644208.8086,20347103477.6133,2360192104.46249,1076313133.83732,485444178.737831,382476432.58712,237516677.077714,491722330.670691,179197372.601841,394942000.279308,13295346.075784,968698469.369612,195239598.779261,150713603.93041,506352497.868159
2024-02-24,22637679779.741,14754511206.0542,1749806072.0427,1150476497.80609,453321453.653384,439634582.80292,257788485.049213,512578032.699761,180682108.974915,327730086.031883,9972003.38767309,707692705.247583,239925353.603974,156143924.802202,541835387.175198
2024-02-25,15528276123.5367,11389585546.1959,804985636.596921,629408841.261044,384335226.789736,372036327.760737,243279474.263727,397766499.373818,141856262.438185,254114739.496561,9901406.24001721,466938734.956012,475407412.822096,125181823.195967,316646199.579674
2024-02-26,15455098216.4826,15776617346.6876,963041896.592105,591786041.112506,331872250.219401,336329262.877066,185987369.767794,355889213.962502,127850721.362377,207552286.377824,8844640.08906378,436406834.243247,286723197.851472,127124775.139178,292501164.653982
2024-02-27,35407941475.5679,20165329047.5457,2132809425.52584,1206966880.97998,592087524.68373,595087806.790403,307208612.115858,666005167.072613,328799062.719425,362000746.442914,14495092.2058275,903639364.321517,621735366.501078,192647328.946034,511169504.610603
2024-02-28,51983799587.1939,23696521431.1139,1960998137.95421,2403061003.60454,731758945.9474,2035942748.50057,419998702.282378,559098960.196026,1004542386.63304,538836970.5445,29399263.7535498,651581240.08346,366633200.171976,716126837.893529,544041327.443561
2024-02-29,87218855804.0162,36665804472.1971,2552523270.68128,3059403882.31578,1191538044.92296,4257724504.1937,589673443.58678,1024808571.48175,1487905259.66411,661869411.520813,37394138.4369037,976070122.462292,486564623.036565,581443939.757119,1544872833.16758
2024-03-01,67692687247.3639,31202875938.1403,2095850379.96446,3649152111.44556,1614265130.16497,5142047252.81504,507955995.361513,1058412680.79916,2144640923.97823,547460785.08289,35668648.9341942,878123741.616938,373339117.12864,613956800.336883,930421789.888608
2024-03-02,36699193361.1554,18691101659.2702,1385332676.79702,1719967801.86939,920359857.405315,4155764792.28526,343601757.164978,719157344.474377,2431551193.36508,360787796.045075,41939180.416263,545862357.297868,310172422.326627,375311834.254032,550444614.577757
2024-03-03,25198213831.2524,13440796396.9898,1314387721.23202,2839786692.03323,1241581216.16117,3783771551.76476,556665428.527592,812616521.709108,6238587904.80977,338817763.96146,97053875.7721864,876990262.393299,467288250.542245,2477347218.753,997493880.889088
2024-03-04,27108369390.4435,15521857774.3261,1719584987.82125,2001172807.46193,903142029.27221,4479751990.05697,676461702.535951,669286645.549107,3345219691.46807,366313526.682963,63942133.9531953,932034793.293208,454880653.54875,1856796332.0622,735274312.76945
2024-03-05,74551714626.1156,30343202732.3447,2307466548.5261,3572922225.92655,1680447500.2156,7038725857.10948,881947349.605093,936953904.797573,9559189076.22522,596826945.877652,48117228.9298794,1226073810.71366,548556020.217783,1360430948.62622,832523816.85713
2024-03-06,96403762012.6606,48669816283.3896,4165589173.75837,4815021313.53704,2188572422.1754,9793187322.46934,1275702370.31484,1648890359.28589,14938359934.1249,824448930.910159,201153955.783615,1682762036.35904,714821845.474253,1268791787.89605,1459142535.45238
2024-03-07,73151905042.0407,39700333919.0569,3831483585.82991,2732925867.36269,1200380141.14842,4794975602.42146,802553282.077305,855652983.36521,6172368718.4331,633509773.82168,54400273.7623911,968180986.212746,1252448453.59416,738304880.235713,813430117.975963
2024-03-08,48853892626.0196,25205795146.6228,3666791988.17782,2485835659.27379,910160155.014909,3296344553.13865,591729745.291441,974916156.873728,3842394918.79267,440318776.629951,37892089.0610761,827357751.931604,888898860.203357,651731556.291379,645920568.37225
2024-03-09,63346588227.3287,27874421858.8513,4297278095.16387,2106352494.97014,903991115.391871,4174394565.27455,624372500.666083,722986734.247686,4458720263.7625,458668736.775115,47506312.0591864,755682326.259362,684275040.341606,637180548.436123,650873832.807007
2024-03-10,21359706190.8152,12069974984.5344,2396403755.57082,1496931817.95163,539996207.9753,3658085925.55713,460070134.356989,454941803.597766,2529416120.78963,385045273.128696,24772316.849687,500644165.649067,704367376.721222,497453285.752588,447825783.743442
2024-03-11,36660543917.162,17287014475.1231,5083263182.69017,1450316469.32796,605135043.326383,2405927518.07683,398201921.891797,576815987.310946,1904963582.05625,395914985.802369,61957705.9543123,1174117357.71361,452831757.762267,482766224.174909,784874873.184765
2024-03-12,66653067165.9346,32017734619.8982,4318571110.96329,6434513108.07779,1288497599.58471,3128578561.85894,740430387.376346,1692417821.24156,2488071982.07166,610966514.376454,43711249.707771,892968360.953809,1074772458.64086,743344017.635758,1479729116.11877
2024-03-13,64599341551.273,29816123516.3522,5281781628.36614,4041001873.58633,978092026.66296,2744060650.77866,583755604.317029,3094546691.52764,1877523433.70755,581598946.804003,49858340.3709669,783689052.776321,1069434445.21251,689608920.350017,1022668195.0103
2024-03-14,51906601043.5367,24518272534.9769,7835799279.38173,2315352945.32653,784498987.389325,2092476876.65658,592280649.175017,1615392194.18836,1273334757.1185,676480965.315655,29180355.657623,961867870.826091,879519481.521227,641986680.307185,957700258.268045
2024-03-15,63073551321.7475,27637220056.204,6486341765.1752,3239649834.29356,1567796430.0638,6448988394.15907,994543256.7727,2005079826.90193,2868211606.12263,583581801.851846,49630250.9843087,938134055.947213,1214276631.93296,918102179.31569,1562224087.57706
2024-03-16,81204427005.226,38514576896.8243,7438316979.55167,3593312666.28375,1387708020.92974,3809028608.46764,957213803.817649,3244446501.91526,2498057739.43093,770489744.281192,56687622.5618106,1070900836.85291,1540743963.00911,718780663.359959,1126677606.96526
2024-03-17,49265436012.5923,20314832749.482,4873020293.87646,2112513797.18961,933330158.709681,2570192640.77962,608612710.457258,2554299504.90117,1823996533.23211,507839989.130022,38790285.3833664,817155399.803617,1005049964.5066,461964240.612819,737132538.903245
2024-03-18,47190980586.5639,22282396647.1768,4260820679.34066,1790113429.99216,795832686.23192,2455539508.1994,452425102.452231,1661671232.93072,2496562835.95687,438925227.827912,32703318.0211938,682698009.03189,1083381810.942,438394571.114439,608520633.729562
2024-03-19,51101822566.7577,24255010456.1767,5073017805.86052,2689094030.31585,784022016.712621,1799628328.11076,477556606.915819,3283759941.89567,1583083426.92164,479328047.642325,23630221.4512205,540215841.900285,1215749791.45387,410379003.73416,824388582.409713
2024-03-20,80179417876.4799,37133280150.8351,5581637723.70147,3542818992.72214,1134359096.99179,3253633732.39197,628044863.867749,2992625416.57465,2089890006.96104,906732401.858555,41350648.6659083,826552193.23747,1009291195.08615,697807267.266272,1088786176.99833
2024-03-21,70836803714.9141,42295137774.3478,3417739337.2125,2691356105.05833,983440896.54995,3623595031.01006,564332832.84613,2221067056.86655,1873137885.05207,833543598.304607,39067019.4894585,708697885.407516,911808769.131761,653064785.628415,955368272.297158
2024-03-22,48393664548.0534,24617005638.0784,2672849103.64559,2663426301.41812,652369970.697092,2888388498.31429,355201348.805255,1263449143.18616,1462558351.41651,476822480.894368,24894994.4645742,485679186.419275,553187016.96145,620402101.775571,643478662.041049
2024-03-23,42436600223.5374,22143063329.6029,3124492965.37726,1995119918.3362,575808688.702332,2940854621.55544,304985500.32935,1389533409.43177,1110651465.0605,502148503.450522,18353216.2698732,422267863.866308,547373733.274593,591737400.68867,561714359.503452
2024-03-24,25489933245.6876,13554704159.6354,1672186083.52088,1086083071.55195,381206401.79527,3048334938.40975,192172188.238878,747609050.940883,1015012966.60448,379754426.725549,16567651.1367986,356650551.329348,331234063.921424,882809514.68032,355950230.348771
2024-03-25,28098318940.4317,12747604656.7229,1327630622.01226,1195280193.02919,400457710.560798,3003671909.59846,196145364.793055,601434789.075719,906465055.308199,377547554.836493,24896404.6605048,332135331.021535,327403352.92481,822550083.341792,301260259.464586
2024-03-26,44820310272.6475,19900586068.6113,2019031737.03227,2070728050.05151,578742871.376186,2788813810.63084,314947161.590883,1115855035.50709,1592197511.20343,457535549.735473,21417482.5711264,445697428.057113,708593634.048614,944804343.090427,514306491.659019
2024-03-27,36257324508.5685,20094722140.1011,1693306626.77465,1759776337.90058,607663811.764805,3062788086.9008,379983348.559945,942767271.579858,1647980498.57329,404028567.028064,29665723.805337,448578247.705438,790317704.786076,559892673.728179,642475822.962043
2024-03-28,41441040887.8223,20203376602.2271,1665956947.15694,1951433459.9235,650061841.931138,4414069746.49516,337328532.783806,938214672.297938,1529059125.95526,426312853.022336,25960928.6559648,623175065.798534,607114832.853802,1345407409.67392,576007618.6899
2024-03-29,30455289338.4762,17254415551.733,1634125731.21874,1761855168.41556,450612027.868059,6928691554.80461,267606278.343865,494827029.052861,1729809471.22806,312289187.021579,28042965.4445157,395647176.833966,334315169.970491,1102895304.85571,423996145.593878
2024-03-30,25785951735.4857,13632549894.6883,2715563835.7357,1810865704.4246,549602846.65401,3687531923.69884,300681626.575146,460931326.875909,981850718.794663,338430109.244285,22984005.8333685,325652641.79282,266215596.234433,1342261043.66362,355730358.809572
2024-03-31,16408802301.8374,10414010868.7678,1438092187.02637,1006574238.19931,392465498.60558,2549498555.07503,173180910.339146,402930939.892119,719054088.358445,281329585.295816,14261603.5822527,303102094.276657,275193665.486562,577901173.705579,335490516.799797
2024-04-01,19723005998.215,10412761139.0685,1048614403.56953,732142319.318958,310241563.582653,2568929162.28883,148121299.765512,352457250.008686,472742373.425011,254890298.465795,14906506.6420712,200484025.835932,271132385.01329,962284670.89273,317673255.677175
2024-04-02,36040088988.5387,17482844811.2577,1826009070.03837,1800822369.26895,618759083.822313,3688058690.56266,312110011.503495,780971402.39682,861926796.716104,384760813.685426,31834951.1801375,444252657.833091,385721906.309701,1432980303.6901,477437857.805352
2024-04-03,45161133992.0907,23868370966.8937,2713113953.54375,2179373589.08818,674907501.560476,4076337027.66956,349192205.455005,913658523.007593,1015410812.59214,458233703.198175,26309378.2238092,404799581.474259,401659692.376964,1236533859.56579,777495245.343434
2024-04-04,35559952961.7973,16747190219.4489,1854083309.56163,1630542335.84001,488583939.813096,3340190618.03529,265743900.631387,692926676.41324,813080089.018189,415206705.223723,67335952.1865225,344810182.970368,562718887.604331,1099897841.30068,463227227.718307
2024-04-05,37516850709.6381,14937774084.6223,2275897556.81984,2192296815.86812,493976013.292001,2291686341.51165,241930060.576966,520359504.980356,673493264.609305,337991918.562634,20799425.3721069,302831166.490779,485949729.395572,2117886346.32718,418921241.788944
2024-04-06,35132808695.8045,16263669860.8198,1806671109.29146,1522489715.02359,448049598.080859,2084074860.52473,232172776.643417,462382464.91224,564132888.608749,338060351.656283,16691988.2751394,284192561.060535,873330446.876781,1741787905.95782,411345714.757814
2024-04-07,19119438138.8508,8771021395.59551,775436631.673631,844787189.139441,250145939.328826,1804236015.49842,159535182.855,596882525.991761,375990057.215731,241699741.610585,9998680.20938558,216542441.904486,417722173.44184,1578997924.39778,238296331.213901
2024-04-08,17935478429.0102,9023927898.39398,676313896.182362,917016883.484501,304626893.813758,2902907027.91247,189796318.49012,373489426.482351,721684448.671709,209431791.705434,10952348.3407253,291840062.986195,336507115.843681,661390287.809896,263300442.317996
2024-04-09,33111949671.021,17999535003.6393,1495830970.38249,1976633580.75577,420999932.122826,2217812857.48059,266093101.683015,540904828.90427,699623201.538879,375427146.377943,16248554.3565434,367857777.487353,686172924.717288,799265279.036626,477762723.469504
2024-04-10,36488482038.8591,18894649449.1242,1802531702.20266,2325731293.34163,491543274.358271,2242919939.76304,312637215.337214,488668739.638067,658160508.671658,356352728.20211,30316660.5039832,368973964.761598,702294682.643809,913897683.079539,421171624.654497
2024-04-11,38378062633.1314,18116500905.2949,1756006041.03977,2307237722.1713,503089955.448969,2928785360.87499,322010650.813085,578147949.520953,650772538.686985,494087583.062299,21105008.84894,371748327.977682,513994082.809715,1139693264.44653,438170097.608389
2024-04-12,30118549149.5105,14665003517.9934,1771383088.203,1207823948.06492,317384210.195271,2390365425.48676,233605730.181619,430142376.773807,444247026.565442,341912287.839418,20164066.7790593,310531328.640105,481009265.740628,495372425.125289,311497260.249748
2024-04-13,43471949726.092,20300936214.3597,3524418375.21394,2787087618.83746,1158713751.76713,3923979682.40606,637729893.61918,1012224601.86728,1173233106.90313,611827087.709061,50981235.8914383,676242701.013679,817386721.844288,958567393.779187,1112177352.68826
2024-04-14,49214481480.2008,30855880984.66,3926924238.73335,3753284209.21495,1213139931.14054,5103153614.27099,688477083.835142,1538246158.37201,1542064546.93923,689155523.938578,46256732.9491296,972406174.513518,1380899956.89649,1161470735.38997,1161277903.66892
2024-04-15,40292911692.9543,26426482425.1437,2548769847.51848,2763070329.27708,980343416.177457,4041893017.96703,557926148.998454,1319348563.21175,1371219541.71791,570370888.2652,27735973.6857378,725310909.096342,1036456266.63339,963724643.839123,856845573.771585
2024-04-16,42796604938.0342,23408068977.2251,1923606613.70985,2330506723.72751,725890529.305901,3912933591.85426,373839487.992232,972984163.852192,1095234410.92346,642872021.389976,26177220.6840479,531955401.346721,736864746.655155,830619734.700391,691638005.01008
2024-04-17,42157169474.3952,19716139064.5393,1724799037.0894,1875946816.37328,526885840.374024,2671750826.58093,254977307.303704,778786733.765507,883515137.915161,574998543.783566,19316097.3815739,370229023.893043,738789351.488444,714600691.378514,498128270.038748
2024-04-18,41123362075.9353,18555883608.9019,2009266142.3479,1737556166.49993,498469338.296289,2082597477.71267,216180987.496117,637311623.856767,594950256.365,492569767.410251,16461592.6824577,323348781.702345,682477469.062827,504227475.225024,453337618.922153
2024-04-19,35901618166.4232,15776619346.3871,1851464362.01122,1400559368.0844,420467438.69094,2067457010.66154,193676503.531491,652584606.155333,440264215.47558,464812795.247069,17166855.3939265,334542490.798068,609164464.248399,423058774.666225,423314996.123675
2024-04-20,52227787323.8176,21398170387.2802,1703907737.92863,2152015538.65535,611690530.441476,2362668275.17826,298017628.017948,703971628.348958,658131298.141325,574578507.294556,23389278.6932512,471794329.410866,553423505.314109,545356607.301441,543339238.406391
2024-04-21,16601830590.6875,9245604715.54331,885801600.048258,1198726897.21799,538078098.369954,1764345302.17405,180710518.876328,466866010.35631,764149417.591038,336299256.400946,16539225.7439532,295308848.505647,377151730.825442,418543422.534296,361420829.207462
2024-04-22,19592118541.1897,9264213264.25349,941957910.168103,838991356.888663,360556109.309467,1342442233.72895,158739123.978015,376194806.676931,987012388.064157,244176100.117534,11624191.0838402,254315219.023832,393176178.227017,284814566.368074,296053935.631545
2024-04-23,27748586313.2061,12101339610.341,1686206128.5932,1670893669.61762,412110566.651765,1342124804.28536,238579527.545849,518449162.028455,721964847.16627,320750289.241122,12985904.0268662,298731108.140896,633393354.900563,309233655.231809,486592129.424166
2024-04-24,23232230785.2018,11111254140.8891,1640219503.65404,1260908926.57304,399478118.71618,1087380588.96101,221712658.651286,361820301.569784,663795714.047121,315192034.056292,11495756.8618359,244797750.555195,450258073.513238,272532499.967285,339941738.996301
2024-04-25,30939903322.0259,14931662515.5293,1951230236.01965,1425890170.84882,494570842.207393,1552476420.14639,256380325.576654,532865607.983064,783166695.249053,379663872.01106,14052936.8108575,385797089.503643,670159720.500587,345048875.939654,452120899.614773
2024-04-26,24705345525.5708,14827151368.9026,1337858222.26184,1198407375.13735,348706323.314686,1103803990.95109,195690495.881242,464514236.514688,792428896.57931,449513818.525148,15578548.827367,314475216.333089,657589920.090042,311021620.589628,403033481.967642
2024-04-27,23302057197.8847,11150981612.6112,940122408.836878,1089752667.77474,323285772.602657,903530328.988087,188420103.17254,389615753.758118,578932847.745347,410494018.123686,21016170.1620563,296162929.590878,679171423.827743,275095889.235902,345095266.352276
2024-04-28,19190483386.0639,12739849720.3551,861110797.241756,682968215.559038,322647104.369064,862788251.203405,171132260.992949,370304965.90706,480482020.452437,336879815.817452,16790718.4842815,297683373.595228,875088458.23896,267223501.920812,365062840.584363
2024-04-29,16180294651.0466,10786187404.4556,796795163.384929,521543884.07765,253384657.269325,648095775.832357,128595929.927287,272577206.134806,360475847.440481,273533281.067861,13762608.6232411,233493514.682259,440683805.244975,207589617.876725,236413789.089511
2024-04-30,27242983698.2123,15480798749.5137,1017859043.82197,1060036556.75444,301287281.428772,1085608282.7824,176014005.029401,514379503.23679,565381850.4183,366673055.817606,19414166.164947,333403969.876342,379151312.226848,302602293.907041,331831032.725597
2024-05-01,39533113322.0494,19251155949.7518,2100807101.56492,1279616341.20146,414214881.134416,1422725149.44153,285915308.969653,545708375.309651,679448096.927507,610625816.133937,50805637.815538,347516508.223857,538298107.784628,461046838.253404,425906781.410505
2024-05-02,51109380171.6926,22064350438.409,1783633523.07554,1626869635.1513,539589652.428843,2241339745.39536,432852920.751622,683683250.389504,850635193.68936,587522917.266377,30117904.1883703,476644500.349454,593103627.08254,533985109.140708,536078620.873674
2024-05-03,28255509745.4903,14175880226.4135,1016005523.75457,1103496031.2414,371916372.284909,1414713759.74983,295598410.032001,392953930.714236,691066631.530576,442286983.246596,17180566.9407057,280613950.31673,404232037.872986,301328304.710621,306778931.115937
2024-05-04,33591665812.2124,13929437694.6737,1062371452.34048,1074787783.58463,338556727.670425,1343946354.00391,277686107.704918,361549689.038507,625553417.769971,339890355.618061,17465182.6170346,248683804.213424,433207151.889365,324828914.632203,308776614.152332
2024-05-05,20510614461.4792,8430889402.25802,676369302.312085,623244491.19976,248541339.926339,2801320942.98803,174845151.061826,430702138.820729,694441819.401436,272668099.694464,10481834.4794737,194401748.730655,309356348.417414,315836528.172769,285579116.273403
2024-05-06,18115695040.202,8027546635.92155,631555782.542479,491300319.197051,246836840.836659,1564164212.17175,195572509.221257,404471833.829817,384490337.310701,252483883.962516,9132338.33334459,192336312.689182,437139392.042036,204784022.484656,221184016.144218
2024-05-07,17917770174.278,13196102657.3694,895425709.075658,1698268116.03026,346831496.826964,1817376304.82108,239508989.460773,623356907.82082,631854890.822322,386681172.289814,14585827.9685195,375195222.084076,533219739.81978,317879076.944888,380519922.993406
2024-05-08,19925137720.8495,11727252097.462,929793216.365727,1075084837.23522,310303261.804817,1188542444.60929,184942091.196779,408005058.200496,407730587.00247,382276298.016866,10869212.4115247,278885549.954865,599435440.358727,347923969.299715,341200271.789827
2024-05-09,20303831135.3731,10555086522.408,1083801549.9129,1070839646.36081,468629546.78475,1155433008.80872,202279491.674578,465094161.727727,448154306.786087,484727224.81552,13684225.9117906,282344820.802239,395446924.612905,312541582.544999,342437180.064646
2024-05-10,25837724247.5504,10961137747.244,1468087111.87482,956416697.367598,311841392.976782,1099544408.96991,176830960.42524,358541555.05015,370248743.425965,486857013.806792,9030430.65162485,228132881.882036,473428274.958092,247805635.296959,329221240.57898
2024-05-11,23987518755.4805,12185177562.1824,979380477.543288,1034572060.35297,303982003.250524,1055816392.81827,190773567.52883,438984970.095219,458972266.047017,431476136.053425,9628495.88952029,237858612.193702,517645658.373082,267780422.757173,345687417.619167
2024-05-12,12120618802.0654,6479337783.26184,732903351.754504,406960446.237522,187860393.350736,536720267.474586,125019775.197621,251180376.462378,212343582.932412,262899232.380049,7717229.12555599,174500878.205459,295156156.508889,168264906.260825,212924684.552917
2024-05-13,13045696108.9127,5237992152.44218,665663954.084559,352076576.218043,153891175.976588,597400477.869106,96944463.7652622,171160620.275907,155099872.361068,191235023.698445,7720433.05078848,142076133.937877,201364206.521069,132779855.414739,174905531.924109
2024-05-14,27740460083.6018,13930280821.0749,1118088662.94831,935231346.862732,368725571.922503,1893014470.24496,181079692.938087,446178795.373639,847101095.280132,319444565.238691,10943594.1479511,293181086.03379,499603102.970318,240628217.207134,327966339.649248
2024-05-15,21581895152.3142,11258734172.442,1175231610.58912,882943285.514983,271693605.705296,1573536856.16451,145726841.283847,410266071.213573,781955066.562193,277222020.973755,9179151.36604531,278735383.082745,464356003.740342,198206071.123804,340976059.37908
2024-05-16,38101793065.1529,13809709402.1356,1173996654.38715,883132836.969715,311221104.813272,1460735574.73731,212291204.790964,470047434.421244,865796532.581552,275263348.975986,11365789.7714009,282135047.073421,737341677.385052,295929322.528248,353684052.366242
2024-05-17,29114585833.3497,11039599517.5969,1189632313.75644,897793018.418251,320497588.603313,1154124392.10225,169518548.048812,347687505.392522,701330109.636643,381120963.787653,8978369.3662261,274516021.491061,616357735.920559,196076915.686697,753353567.87378
2024-05-18,25397793918.9935,13846325669.5674,734013396.269363,803544670.66035,388958031.042926,951198300.95798,217637788.339427,468765925.121517,411374846.091417,306278369.176881,10027354.8149173,244809422.333179,569181441.957274,348211226.601549,1117102343.13582
2024-05-19,13025487675.8451,8357435200.28259,540351693.549515,387460248.487844,211817048.558397,664366046.38998,119353870.919913,311641806.261393,271726703.93715,238576916.397826,6016272.52935396,166222812.944058,279752233.125401,298128974.832269,457027463.659855
2024-05-20,9072734600.00922,6983633593.91278,455091361.088637,434247284.088066,220596166.627833,665096141.880098,118396079.773012,303462989.637385,287510999.066428,234889860.815867,7324811.46582504,191720258.938957,286750168.844702,361542017.006786,637545958.839219
2024-05-21,35923476641.4359,27159496889.816,1167876583.22126,1192240453.72304,488245022.002314,1354274363.20738,238559975.897093,599046346.76751,632106262.154482,351683383.793348,14666909.1307896,377969097.635239,618299556.77668,526291338.677583,861998000.531511
2024-05-22,41105056578.017,37370060267.6015,3023714567.26805,1581545851.16028,481158028.395967,2561530643.82118,265104446.9185,753207186.0007,931438745.143966,376649347.669541,13940151.4192618,431514433.604627,612314584.42619,537697814.020445,684807581.275233
2024-05-23,31059440495.9177,24114510372.013,1215122797.3116,960955918.339041,368719007.855798,1659358907.07572,221430100.230331,554289491.705323,723040417.819258,314246719.788016,23111047.0096112,377954700.558222,703577876.115237,325518120.296392,519483665.920787
2024-05-24,39235702119.2545,46761576029.5091,1796320949.34244,1679831519.90119,531198750.170832,1890104533.66772,344888840.721961,707789164.846247,737181552.386835,398296161.469165,18830961.0004475,594398846.357224,802410156.466365,427090280.04954,733679753.775323
2024-05-25,28127411967.1828,20715688665.9558,940610008.432908,941518656.970376,316350237.367489,2470188158.56216,204152522.231758,392507120.694687,417250233.68484,384641152.411505,10694871.7107265,310920749.518941,512875153.595093,294533526.425311,919375017.976955
2024-05-26,15929396750.116,8464533427.42492,508791151.439831,490212330.015748,210902068.653411,1313262487.68274,126044086.615915,223278057.755723,361331852.078794,325059843.787042,7330301.44769,161446715.796314,400936672.981376,192751130.145137,375629154.835054
2024-05-27,11243743771.1479,10540798421.1598,447550015.100883,439766863.089202,201602973.459,1124047972.52093,160995640.427431,227489324.557753,291297377.777431,203237923.725718,8841248.86636643,190147931.04552,406882590.664175,184899025.638921,416317862.134528
2024-05-28,18983806932.4643,15290249260.8722,508494021.065,791092705.015471,283896177.222789,1162225141.92596,203036963.129853,345616879.322923,683674002.40028,384971598.502715,11630124.3685195,296000729.094571,447327419.2844,217132685.528434,750990673.492482
2024-05-29,31278122196.185,18146426007.6465,1009878410.70143,910932117.985679,369307629.517653,1195417951.59832,255301937.545504,504985148.971554,1252767621.32297,346620296.693332,11124602.9055875,356237353.51539,524880245.518936,335098244.522282,794704622.770365
2024-05-30,24320692137.6204,15290595277.7923,797384783.080141,913623872.960156,312567944.208152,1276072362.39158,226255231.81651,380829004.946012,1810591790.99292,310510462.789536,10330795.2187483,392471601.756868,290878011.274094,223903682.076518,612650090.384851
2024-05-31,25344376897.7169,13659082592.1258,773657056.475122,999431026.367444,318818188.48467,1246129241.37353,200014500.18783,389444121.06899,952701871.646181,277438643.706986,11355597.5088637,310264215.007188,307390001.990707,213346785.557512,544039196.191296
2024-06-01,19685305476.4595,12068376838.6948,671745609.823045,929888631.405556,266639967.292772,831262884.603207,168625075.123373,322210146.934455,513324455.340189,314702586.359804,10097909.5704315,271994983.709542,285550541.445413,213045532.614366,465384713.910998
2024-06-02,10724053324.5567,7216291113.11816,592940994.97512,416219411.173535,157009078.266617,458029420.688208,113428552.786757,168244740.540147,237955565.053243,212928595.75418,5676289.41347613,174494010.593287,158792516.076929,134424499.486195,292655841.497367
2024-06-03,16137350587.7504,9915137834.26956,729625293.035292,553036451.947231,227090328.525025,509609863.438131,125782115.941086,226300777.059596,369214466.100066,261290636.763094,9045484.84153897,191916360.592881,210391135.218426,154690860.119741,302992078.203559
2024-06-04,29862293749.9107,12609351903.6234,1961098629.53446,850885387.747086,275029942.527901,752793559.676798,182178700.068008,352436547.553829,370441978.863844,296732820.749759,10125766.9099121,265243669.434578,220859162.115408,200188699.652799,424377983.33017
2024-06-05,31561053725.1446,11652766019.4968,2674092196.77038,902630309.972822,274734008.969926,668890586.166744,159104904.08585,315476447.929592,567921208.589778,282037665.069039,12348355.6841789,234462323.631398,244306740.388652,220901667.729246,333882737.729322
2024-06-06,32560403314.9891,12871943841.9675,2624815114.09078,849105640.75026,276170029.644896,733579744.707162,161654306.244344,356246145.477919,789552721.788376,255123449.65738,18307553.1818485,223407458.210108,245684381.401928,223486542.367166,369210343.857754
2024-06-07,23612879689.561,11650774701.4677,1902933087.11011,848184259.483413,258155075.849708,787716169.4558,144218391.854688,290657608.540737,402374784.926827,265161521.01273,12905507.2103967,294346763.247577,192898148.219096,237470087.284759,427699931.704691
2024-06-08,18597495569.9116,16199024684.2988,1735949561.2539,1968456097.64079,747757938.144819,1381300164.61408,330147095.045872,703149268.06559,809338470.416089,392606953.130656,19433559.457911,476270855.958187,441774572.021786,415055433.375103,645417717.139603
2024-06-09,10688301508.4762,7575768941.68651,970666024.375192,620446466.358238,340945710.641784,781683797.019054,185395421.714118,271431362.439324,377924529.206697,360632636.43711,9245786.97809953,261658066.80054,219246288.343379,220030414.917408,322965172.869852
2024-06-10,10461044041.0802,6301031436.91394,814918778.551696,437025958.7774,312373101.044446,606247857.60453,187101518.695128,215458352.080063,436451538.057441,325419318.585558,7736053.59267357,264653102.692829,222984340.590388,195576559.030834,242591764.406037
2024-06-11,19335866773.6752,8786880926.53714,2274746205.36752,892089729.687096,436409137.944025,702056069.346593,210497017.432277,344183712.945937,470274007.490568,392517866.916228,9210753.74440997,346254721.624194,292309028.29635,228763268.761425,342059865.881579
2024-06-12,38513044382.608,19621933421.9224,2229553819.1656,1387973865.1179,607989047.424724,1300845977.15651,308091192.482375,482445536.82639,810311103.611332,427009073.427328,18527356.4779981,453360680.330695,369793223.827932,350808165.581448,521182050.927177
2024-06-13,36027809551.4521,16798065224.8464,1554248335.28167,1129716567.72932,456553260.49036,1292581334.35572,302667940.039653,422996473.625437,806619240.474822,427751144.858682,14540967.3700966,366043679.395962,444712118.835568,278151575.270327,531250909.170204
2024-06-14,29654777884.3811,14257587847.2829,1191864006.76663,943675434.294692,391764674.666456,800915999.578066,187905689.963677,314931253.229972,387283409.843693,317449183.227764,9628414.39767131,309007324.085177,309288787.655077,258955283.576574,389429309.506147
2024-06-15,27966992832.7496,14164619768.5184,1081824863.96737,1118227106.49282,375427495.355686,873884427.917006,230217150.066565,403233401.196403,428007351.129187,341497041.986388,11232470.6734078,332691490.733178,354697620.271202,252728745.873384,418513723.83883
2024-06-16,13472726244.7231,12060524631.9654,573133472.714049,645326553.6394,208305375.634549,501291288.213537,112033487.009068,181520413.812923,225221915.048441,217746021.630922,7414398.82008555,196199297.374197,168499811.13558,151399592.331477,249370332.047765
2024-06-17,12650130203.7228,8663362158.14523,520408916.158091,555500507.988432,171400636.086066,393701399.789061,137491809.617683,194810647.161668,170504824.510238,231616315.603126,6955802.28544447,240621558.687568,159478571.499742,125599807.558846,255292405.997551
2024-06-18,29409728999.2761,17226962124.0002,993748365.859103,1766249324.35133,383924976.153721,962751054.850534,197374947.158259,361488884.262831,399547376.059864,385498130.730204,15794640.5870532,325195668.837143,361379722.024533,234088378.823851,432941165.594061
2024-06-19,41386972050.3184,21649791273.2137,1785473969.34431,1819869616.38062,606086895.423496,1444125728.60744,385542656.795574,542719220.536734,653315895.867353,422283330.694849,22354192.520405,549623663.655956,547011693.499534,371558669.995198,665338584.503993
2024-06-20,21680698980.8891,15091044746.8423,965104859.344474,865490750.471738,295648732.488279,652055993.352395,183930584.262812,246571519.997774,289852729.973191,307332248.404444,7898181.56415507,233480687.061891,299205157.079715,168788402.722199,341260285.924081
2024-06-21,26001551474.8443,15933137676.2839,1092535046.94072,958050789.130649,286211136.556794,748898928.132892,172125077.426979,330358267.771729,288307124.697651,265937405.058805,10326069.1063509,255648984.83347,479094437.380849,180183239.204543,328090996.058865
2024-06-22,24694310198.9094,16100418805.1432,763964473.607312,1008516402.67528,274484370.044253,639224895.660894,168700608.340126,258952202.847882,254753879.652654,337768817.615888,8643130.70501227,240374911.841833,396908425.416296,206790734.205717,441458294.145008
2024-06-23,6340606686.24879,6342881010.26975,374691318.649018,353317004.200238,251897682.743187,347152934.399025,131429640.849321,654721288.234903,139398112.173031,233386894.167079,4315094.10032187,153246320.906965,189249847.507278,133878170.731885,236545236.059108
2024-06-24,10748270931.5187,8947881396.03613,602832218.496023,395174987.589141,206760076.767525,442120969.272076,108328520.176236,418455682.9364,150707228.070428,215773469.153407,4830929.60557456,186890473.535334,235037707.860795,127601026.183648,237958199.658977
2024-06-25,42036553106.8903,23589084207.4734,1423801612.33127,1160121494.37802,393051311.107531,985468535.307872,254378426.265051,534961067.088241,350287810.264574,401370030.992734,14929362.1094689,355494282.291831,602837067.938571,325370718.892455,528572716.666641
2024-06-26,21105562261.6485,11981602845.5297,822683284.707435,751421185.200645,265186550.794296,811718660.529724,180602227.622483,269083984.690003,316846231.477689,306984874.828159,9953751.33702894,218119125.11116,307297347.034661,286309341.621811,332969462.726003
2024-06-27,22908540918.9712,10009281218.932,706189025.807188,773327602.657061,269500878.09007,548062898.161976,144867710.996538,406356445.994694,208446763.946989,384814811.18809,9523311.4078585,208320382.211201,218207977.006147,190045978.331643,257456103.531995
2024-06-28,18855138893.0676,11076955211.8796,821012226.754081,722904506.984478,258776698.888795,630945650.024284,276330878.049831,392235454.191195,218447825.926637,260438875.250363,9446640.93983895,196803163.882904,235023419.397486,194519202.902075,346427690.441882
2024-06-29,24399416695.1502,10962843305.829,723489522.543867,841678409.903487,295648788.381193,644207174.691176,191426392.760727,355921169.518233,274029152.963818,290075020.70484,7954260.05920748,205681492.477511,235224419.464319,243140816.331148,334169548.251632
2024-06-30,11435110883.8868,5551997884.52149,405914726.506923,295577001.300049,232727937.343469,296118066.942195,98600512.3011305,219082731.750569,109159051.789222,267083430.47326,4060828.99213218,126579931.883347,134196596.71306,109667248.896175,223441249.080954
2024-07-01,17373592048.1205,7498532249.32701,679465520.410119,368676279.634871,196743386.113717,379822254.662473,116594246.742049,288316224.73173,162931884.536959,231716809.782803,5960816.85557537,172260616.235125,214501929.510637,136004983.323249,263013085.601383
2024-07-02,25573074910.6897,11834316021.6324,664117687.146587,705154824.071314,257983126.278335,460412942.704229,187882162.23202,334249122.556196,195288430.78191,324691150.617421,6531896.77637505,187232691.954202,198301736.044255,159060875.300574,299883731.373029
2024-07-03,18100530101.6894,8478511086.94524,606289001.427318,738569647.75249,259226764.96151,418357315.143652,266980592.715457,301357122.786673,157879825.639901,288079749.259875,7476687.47132793,181123369.672292,274797135.977863,141118197.640213,329842312.906162
2024-07-04,30348692427.0244,15473856746.2451,1001238960.47254,1145837102.1507,385253639.299378,657450943.123126,276495997.149721,397194443.28611,239549362.443455,419652628.824933,11026097.802152,339304250.318871,275463527.103297,275942478.825446,548510894.555658
2024-07-05,43112005394.9312,19209988737.6887,1545553921.19395,1550106175.31048,502836292.301041,1144361378.77765,314913920.107794,420987777.197526,345290314.998547,516883746.846912,14763744.7084324,418725274.827766,374657503.612541,283426190.598363,579818628.23471
2024-07-06,60081357583.2773,31755421068.5938,2604851068.35847,2249831548.44834,795077527.702575,1731535975.68216,652205922.44238,680356022.230028,538979808.419626,913710070.655344,25339808.063676,612548831.476434,617024531.978339,451991405.148463,840084527.778462
2024-07-07,21293913670.92,9871087552.2738,775622840.401063,712480871.911209,293872603.771693,858389592.882588,374347265.881254,292912286.269329,420943719.912921,381772482.501164,7332415.88328401,210478169.25912,220069036.540765,196269495.062432,327913791.542926
2024-07-08,20211914621.3264,10243406181.9249,886962556.251936,693806813.076274,254417135.587562,649702979.445515,209140475.692884,303498260.034878,379933592.614842,382498737.882456,5691096.22903316,198071091.415075,213033806.353747,160453676.370202,275529596.888973
2024-07-09,41614266908.3047,20819810746.3743,1586231681.33188,1645728119.49835,510512677.844233,1040715424.54432,268860058.702383,504540025.824854,546590461.048102,546649067.714172,8601605.82754057,346434844.111438,375096741.958312,270088346.169532,560911920.964217
2024-07-10,28413854577.2628,14902982165.5921,741939896.161581,1021161739.49192,273879579.875648,586788336.88876,209180453.789612,405148423.705411,300415573.57372,360696138.031564,5133220.65418103,242135302.135126,286329153.255514,171345928.732897,427273900.496675
2024-07-11,25987656347.2786,14523237728.5972,846017353.370869,1023616778.85516,256036687.986575,563764968.310135,190684315.724335,318706290.689459,234801784.926038,348654635.362263,7433167.88555374,225459089.432002,223865876.423252,180250330.688437,349405231.704225
2024-07-12,29196653598.7527,14058546522.7398,807513195.297217,1200462273.20582,323634001.938247,554089205.673566,165689949.403067,347808028.813656,215435762.051437,457830259.068968,6540243.70890108,242912523.394148,316267847.406222,250261790.324425,387914795.004947
2024-07-13,25504482306.199,12435435678.4096,796401058.136802,1708143214.66437,361088875.796093,481155140.608932,171080564.017554,293613898.629874,204085627.823336,386972668.516586,7180823.00175443,193802005.297935,301749703.174347,198805630.705578,367085230.215015
2024-07-14,16765547593.2433,7830621980.63702,628511639.022071,2976186078.85806,369887970.387808,511037035.054798,138464451.889201,304099451.718638,237480415.734129,486034859.121942,6247893.91533073,203331446.024739,171265577.536645,221817195.749834,273540050.652974
2024-07-15,21295520563.6544,9867236520.52101,594170752.216769,1532407022.69604,357667615.861215,563795257.848733,166100888.189447,283913323.275786,224490284.010116,359084082.99136,6094353.04451396,198065384.499802,244023242.972868,227311651.511737,357539940.234687
2024-07-16,37810068492.8625,18368344859.4306,1118557940.60654,1792386347.13656,471015709.099853,864205890.82806,266688792.312849,416582832.433346,415172343.943231,392804073.870542,9181651.52850071,277195777.451567,362419090.161677,270256945.727085,471040599.742652
2024-07-17,40914441633.0957,21040427365.5881,1214855892.53729,3365824592.36801,484115409.870952,1001637168.79764,260212755.59701,606310865.829599,702717981.3409,505292038.373155,8599724.27852371,324469457.422978,542268765.042676,343869396.672823,486869962.865206
2024-07-18,33459451713.5934,16978839263.7947,801369061.398164,4234665637.27309,403166393.408727,737161134.957005,208789941.206534,433873516.714667,384246293.990451,341639240.535823,8055024.46673622,267375324.662921,369164947.335675,274308152.33745,396846960.273086
2024-07-19,25976148878.6322,14884776298.2641,749609076.139036,2788220012.70583,352642024.353114,728745558.741802,213819463.896806,326592306.121617,1191337643.58137,321680302.240925,7343806.74211434,370197374.24018,287712729.383269,217122242.64077,388313140.833158
2024-07-20,36994610752.2304,17784761899.5516,1198263276.87125,2308007332.07333,355615695.450656,786013598.799669,199132892.122928,405362560.785221,709503763.751058,357959975.851189,8868858.80658298,299038242.71887,396584846.195306,278967752.540714,401918909.827487
2024-07-21,17353396168.0416,9427844289.70798,612596079.245359,1439012022.30694,251448410.796485,1208802266.13894,135891025.353228,287010783.975391,427196942.154323,272000901.291941,5804432.07062014,199974429.703247,189678345.034057,162688316.722898,281615024.347466
2024-07-22,27078771827.952,13378492000.4084,888499706.291106,1647735329.57632,347379030.476117,1336401337.63641,166012476.829138,914137476.700823,493793624.070846,262913788.830584,6584391.06186915,238684496.264984,310542970.139903,200400173.468515,501793991.21706
2024-07-23,43157593651.8031,18304154013.6876,1076044016.06843,2296442499.7947,543957075.94363,1577710181.23407,388422967.324164,608687103.120053,383062527.221701,488065844.921073,9413657.78695706,253839659.335128,295238574.871127,340768225.496827,354421143.661314
2024-07-24,36100536095.1887,25079221799.2305,898212596.929581,1651790888.67618,346413170.336819,992568649.834982,190463147.613112,571306242.302058,306297527.928411,344000701.453117,7609604.5923678,353351384.31703,248235520.560327,287625481.808712,299385020.570744
2024-07-25,28680123269.7154,15765758234.5626,680183858.553469,2087303622.9724,369094906.482594,825645018.786263,160866067.429451,527836307.648714,281886292.610365,300455044.486797,6900458.22392804,212973653.484353,236203162.169015,195559652.162785,280584744.959145
2024-07-26,35836896135.5429,25890826733.2828,1131076443.66882,2413626637.83671,384548480.440726,1042779687.06131,206160693.18055,480572572.186603,369569098.61341,384294759.37839,10950959.6130234,276994101.552311,349311186.39555,273663360.292643,349755375.984436
2024-07-27,30821370069.2063,15169277359.8342,708560781.74042,1478705555.1667,298119701.424643,872110973.322079,161777871.062142,390610240.978607,227386343.397503,295706169.80904,5957292.87976732,177861077.181975,228263532.151755,195429613.39225,257143593.528511
2024-07-28,30976752616.7619,14496971021.2399,814108946.207702,1128339419.42511,517865579.055945,1380975270.27674,144150444.337492,353157147.669842,339029720.612852,269208316.590369,6040467.24363681,180153945.917159,251677133.637658,290393874.998747,280687525.949028
2024-07-29,17175244020.3654,7818233563.23554,456744572.360746,919421006.098249,313248714.69747,856046743.716862,104582829.015429,221475930.71768,134841168.385882,272748462.398511,3333967.24002119,134459056.346322,159298516.391273,358301706.123622,185962455.480544
2024-07-30,42529043667.4502,18452148650.9056,894893853.68732,1215789202.84424,352952671.874496,868804790.685734,165860624.106164,392167800.590557,240548415.284427,462946278.333838,6992528.95500743,216602451.103532,252534602.360259,512564792.23271,305854212.777827
2024-07-31,28892376510.6896,13805865977.5241,811283570.759346,2180451702.85853,293289394.705286,706235989.623415,139036847.476962,277747284.752326,162185181.762388,326458847.010576,5740144.18707339,209725225.718229,172603091.287268,361167429.767875,274613670.907325
2024-08-01,31403681581.1941,16143420325.4777,819116546.466468,2437342632.3559,295713023.423628,633251304.615752,177871644.491107,304415527.061183,229017323.986545,387916430.018126,8730538.6573239,250103817.932748,200767949.290817,292029952.221527,276586212.203225
2024-08-02,38911302447.6091,17786413332.1299,1103476839.05694,2106574760.79318,553969159.518308,980601544.906658,231051768.571002,322290629.139097,239073966.752301,393665796.530154,9636136.52413302,317332700.715842,279422921.029818,297195360.551077,321064030.609009
2024-08-03,39004321616.3716,18785849199.9034,1190046276.70729,1950995786.10913,407657318.126569,867228797.766592,199100671.528138,387464149.796229,264572478.421066,424201140.233998,9451824.65645324,275314135.390867,282660102.783979,262279053.999535,381320147.811795
2024-08-04,32885545023.7127,17701956694.5832,920058736.048402,1376747027.65189,336033157.761095,914188974.70467,189224841.05715,296801111.465427,251126453.324672,398517053.201012,7283576.64562286,237617555.163119,236046217.648386,271450478.698378,302645570.473452
2024-08-05,33664501541.4511,22171247833.1394,1204020187.4042,1188979704.34596,359691333.91531,894909528.29708,209723339.502563,306909766.575746,260112295.574406,482793111.096002,9756470.18266768,253509494.544186,252108280.669764,311364160.46394,337551301.793138
2024-08-06,120245972389.372,73571034926.6343,3688148819.09515,4475639992.22022,1272441679.83061,3554936021.43882,732400399.059558,1150108079.75454,1103663025.96726,1117316243.18059,32331419.218147,1012557843.48547,890660760.305071,780212627.539023,1412177885.72269
2024-08-07,52620100833.4709,27613148149.7964,1608444664.85963,1847497499.32798,444867355.499602,1255131118.34718,250516173.890998,410666060.626812,449376442.546588,495337685.005934,9804951.79650975,308369019.992145,358900212.444322,353404619.597931,473146550.603965
2024-08-08,41605918903.4117,24968091142.092,1172923833.53033,4339719896.69945,365055858.14401,1047040603.26661,235819198.919098,342610674.760056,302070107.972658,365127690.87071,7021383.04065866,237304407.47767,278757206.153228,249465595.423612,360858285.502622
2024-08-09,49201548320.2907,24290512619.8393,964414902.920252,3600078089.74997,351120976.387334,913352532.281479,215402945.142189,338194296.055498,341752969.152391,357124779.756535,11517621.3530698,251518562.959926,295381419.386683,346852359.631539,349606147.273883
2024-08-10,33804208928.4794,18077335701.9777,588500103.934732,2002417284.90866,309697848.665058,615035196.152831,144422796.486131,278640446.10709,229978592.53743,323142242.82862,46158026.4237362,181658195.065151,226421990.941815,329923859.170023,255846981.416002
2024-08-11,13418919090.1973,8849019546.64829,537804503.765408,1153241846.32117,162207002.474915,391165146.105748,88078037.7797053,161172509.862574,139073282.130654,262556229.728155,16736089.7897997,124619297.155551,182177981.317914,149185931.43906,171690521.950099
2024-08-12,21715994493.4569,12624674028.0775,797141781.608433,1196340831.03717,227949101.403683,727257294.131007,112014170.687583,219603382.295791,227151974.562555,244341291.706211,12969799.1264414,158252079.176895,208966939.469946,153342664.684244,213605952.121613
2024-08-13,39403296385.8434,22670968464.8468,1003673165.59085,1679555366.05612,309223630.863042,844162997.135556,138977159.94669,301059569.795098,264778486.992529,335457364.364002,8871961.54382972,215512173.610076,221672842.978013,270934107.797485,326835987.261649
2024-08-14,31955576195.2463,16366799383.6191,967141273.661824,1312864400.60691,223898273.024537,624845265.947172,129004975.693199,242710732.917797,181180009.566989,323157989.731742,5973454.84996226,184085467.734249,246112182.419177,250444568.612496,259977672.992522
2024-08-15,28079911397.673,15887432311.7283,791043544.179758,1198200169.64542,227870638.577785,594695369.628835,130854105.088462,210841613.718402,177071265.424056,403023641.212836,11650388.6377196,181983916.440102,193291267.881933,194700018.301782,241802517.433183
2024-08-16,33490251842.3816,15498476343.4105,835902359.040102,1330753520.66374,268148926.171741,646523390.870556,138657819.334398,296875533.795507,200447576.942357,379235649.33124,9175239.52795516,254811807.357158,198020147.612876,195852642.580676,269642992.069891
2024-08-17,30368238897.2072,12841847017.2711,721531477.325509,1051389337.70098,331289349.753421,587697638.065163,118623942.433361,198508957.531136,171547306.895149,439210118.036405,6921526.62145308,175678384.157811,177381599.526461,253375649.894368,229261172.096917
2024-08-18,12467437134.0558,5483825246.09884,665967566.258195,447792270.115317,169540463.594143,334488342.099814,69885707.2265767,119068221.334295,96879203.4134684,348355011.530779,3368285.38717467,102642403.348384,103078312.041149,131311828.612594,137179767.62784
2024-08-19,17656027563.725,8617702421.12827,641658585.550995,617194458.186466,159261325.829198,402771975.820911,113058260.948917,182623912.043759,112192363.699609,297515611.826374,4323300.07356166,132271088.784269,112980215.070452,129252180.786655,184930497.8688
2024-08-20,24031330179.259,11730843561.1629,835825601.790769,1755788084.83519,234219776.223403,501293737.79261,125628326.348961,194282556.647179,196543820.166893,838266338.794617,6274395.94359069,203301848.768403,145657609.389054,136921322.920641,209762093.585581
2024-08-21,31470716090.6191,12823659998.0352,1333942724.79451,1401494292.45295,261802227.598476,764304812.370545,117237027.839078,353916607.41846,227898923.990968,1746028928.5013,5778170.89106782,283490360.890313,158705471.111467,188028172.102505,230394092.264092
2024-08-22,32960965010.6081,11246256658.9051,1112040435.34057,1278773168.63334,395997347.296368,553101594.104583,136255805.88918,327464552.092419,201477639.255603,1837622409.16245,6545569.83412769,544779943.811867,225397179.868277,241862846.954014,334680643.271111
2024-08-23,28170302505.8474,10277172867.6633,1204928827.47451,1006578176.21583,287528421.876214,442093664.015817,141397252.511485,312092441.790628,192694384.100455,1586629621.51509,4545561.75644237,517763398.495369,186043297.417099,135711715.055972,307415691.935723
2024-08-24,45038665759.4213,17876365362.4529,1209666815.67026,1400222917.46691,408438172.899209,1007674462.47609,167502668.974013,584551510.221118,342216421.243748,933014867.137038,8190670.0027666,405697703.646613,389611485.108464,200459722.175184,342153747.440969
2024-08-25,22029153446.3544,11990449014.1477,1096537691.42274,1209425430.74836,297460621.422169,782083842.196234,159026023.21968,412531434.876749,351370945.161366,925953052.387521,6225358.60123636,474710483.991691,281002899.588126,163069591.097883,273479600.999986
2024-08-26,17875230147.0443,8312216650.94143,801561228.677684,934683774.939341,308320232.952172,645373125.234019,148264573.603929,363508801.80081,329168826.127862,1206890722.38998,4631348.99070967,418225297.223396,238795043.767804,197903634.595051,253982164.144577
2024-08-27,17894692681.0918,11486270160.0148,971837222.714323,1188834411.26919,322013043.782575,604946342.458422,136719045.092529,378353561.183394,285171686.930471,1094720652.97795,6299025.68121374,300068980.062266,253052137.47015,211773145.290609,409380098.726269
2024-08-28,38131727427.9179,17505948780.2572,1042927606.59535,1648249019.25326,370100998.639246,632679461.173595,191719703.9758,383830724.413652,421412188.036454,861145531.315728,8508143.76259643,309871231.332446,335487296.921826,214241490.157514,376936151.055649
2024-08-29,42018989572.4279,21234602056.0306,1100999066.9348,1500729830.11075,392831468.469773,692363430.040052,180877986.881384,414276000.766698,373083334.018745,637579648.971313,7568716.14891823,489483180.344009,370534663.907212,226894597.808652,382485261.647899
2024-08-30,32563333956.9861,13272715023.2566,720268698.631752,1064481734.98492,335145503.508356,476454209.61975,135782501.63078,311382665.260998,311791699.907555,559982994.288616,6414368.0417132,323126911.409348,240435918.702559,153887182.431642,282976744.710653
2024-08-31,44038496614.9476,15607580785.9254,856795243.77375,1204954666.51258,364909750.37006,642358602.214672,136666862.060325,287224198.169284,339504377.571769,615851313.876893,5240655.82339904,275546885.880395,236297239.202861,160680136.009931,295137161.248336
2024-09-01,11399086336.3033,6105765553.72828,376648540.750375,459737907.034313,163446765.201739,351544414.431931,76678121.1616151,131857722.205692,148282903.965723,450166996.16126,3066311.14236754,150556995.029135,138218693.213703,86041008.8663564,169887136.924648
2024-09-02,25465621877.9705,11229587557.9688,694174839.150288,703228575.398615,265548797.181465,438687181.660427,134642882.159298,246485714.450122,231882587.820643,424366263.755447,5101490.25923564,198902917.713252,178220668.552457,128097148.931603,253122011.480901
2024-09-03,28012782290.9663,12130504179.0532,965913618.743045,935981359.525784,296005567.010187,503843467.514741,143607840.285968,224120067.194323,234352776.764984,474159848.395144,4900513.79768458,266806245.508351,195971058.499834,175776852.760501,251567535.609858
2024-09-04,26829983370.3586,9565142020.24356,811117819.45053,948169272.418934,291460611.505379,429042908.665917,146039533.151303,208801024.395117,217664860.2449,471441373.230208,4843230.66362955,860360.005510235,199184716.433976,232336962.634539,271072651.796298
2024-09-05,37550380696.7459,16639700582.5214,1261230278.54118,1303738904.94704,410201920.920518,604205804.016213,213634152.143905,277107283.899789,341373723.186465,592745716.439167,6862749.73922079,5144748.93351509,211096559.258431,213500995.944187,348110062.899989
2024-09-06,30005773445.6937,11060190870.6277,596939169.894353,1036536574.29333,401669074.656073,497704734.581883,123219782.731344,209354191.233382,214220282.72075,413271987.428706,5068725.45268594,10824029.4608729,169509818.479692,174553420.931754,245711605.123185
2024-09-07,50260816556.8167,26087934661.284,1186849723.18517,1723136656.84236,422408636.894035,862381535.304762,182056013.115042,356175336.041258,328473412.345188,474968629.597567,7048845.03437229,7670849.84332041,248355022.418217,231032521.88606,390009815.731614
2024-09-08,17048448412.0071,10405191111.3406,590890071.612657,587212770.409136,227957270.296543,461330599.072745,115705115.557954,172350782.998357,157941054.439616,407259287.54584,4091956.08074276,3015614.11067553,154373685.458657,144351592.735978,258034307.268861
2024-09-09,18644823662.2343,9844980386.82549,624529866.452612,521287660.772999,284180315.131894,421886601.782166,106719050.878029,279088482.960126,173920029.407913,420884280.707695,4366266.92878118,2268456.99195572,167575807.301582,131304723.997149,257035874.139703
2024-09-10,35655419448.0705,15874675673.5524,841883931.035886,904225267.238449,343377089.411744,802105396.381122,142487949.404988,351215862.651762,277632220.361049,436494528.149576,5033701.97016521,6398923.35227757,260553558.790492,191221092.608279,386618313.763262
2024-09-11,29676093302.307,12508388687.1224,745525442.676641,785524580.677423,240896664.042858,531704987.564455,119332363.011816,263302725.648613,208166610.932338,394402771.759634,4404060.18231714,11945663.7555259,175641192.595029,186645173.16209,277835072.029822
2024-09-12,37765652735.2964,14692963988.9911,948969872.611708,1003832742.01877,334967600.804857,588369371.00383,164818293.277345,271360064.552433,246346727.214856,397713384.065136,5061255.21614684,16254566.4446578,227654138.771899,222502926.622634,291815268.03345
2024-09-13,34177859933.0234,11610780893.077,940734076.174295,1755892728.70514,320653083.202862,485785356.409881,128496405.46436,257899609.005429,198182069.658381,399205073.006347,4407440.99487995,17700254.5226252,301163658.47136,204289127.447975,260280078.957276
2024-09-14,31919740723.7603,13122792869.9789,957150654.235028,1315658124.09943,290805965.337868,779036290.387866,164549069.207029,309604465.590964,243165434.095722,382239333.959827,7221687.50207724,169549725.207522,223334984.814056,179187508.900925,380293841.319066
2024-09-15,15800120841.1668,7248493705.2686,549782251.610031,1221362269.0818,215623200.226859,459831449.064384,123455069.650012,218024482.318725,172140049.844592,281256934.234532,3640991.84193463,70009109.5660708,132746568.723131,233006243.433219,198655711.798667
2024-09-16,17289597542.8668,9361948332.94575,739957732.756924,727164005.125297,251466846.728224,451757527.756862,151040762.084173,242415298.046422,161861645.504299,296995181.639385,3458759.24179138,46263993.5246963,162205134.154121,173667482.25362,202417078.331444
2024-09-17,32196570894.4021,16629103878.5416,1185987916.23954,1373012324.85447,279525542.059063,572532231.505903,161625857.04492,287383725.920035,223065034.482387,382176014.545587,4329245.18868368,63212817.1762818,185239251.501177,210101392.173601,294362571.129223
2024-09-18,34191170117.7826,14449511265.9352,749799587.553903,1080504462.49477,265379561.271498,497557516.67412,168300938.409388,250678318.613299,184753496.474593,339537388.720247,4753559.131576,62915203.7728679,289026631.071091,189019362.885739,284058712.563091
2024-09-19,40445339415.1129,17524561761.8114,800863109.751554,1301476892.02613,310298100.422233,601892209.948727,212150116.059025,329727160.135495,263101023.985519,337607241.385246,4757815.92281364,57737658.6463182,391147441.608618,203563945.459343,349324703.140945
2024-09-20,41959080716.2877,17820089225.3769,1072294555.06542,1303901084.52228,371976962.911068,715304616.854988,226171685.883499,536989037.028611,448018473.406139,384841966.289869,7083134.64348783,78333198.7626225,482504189.705821,420548796.645992,408356439.326614
2024-09-21,35587830476.5334,18498405459.3956,749877887.896349,1403359787.97143,316864368.642999,657876273.578418,201312069.413098,617929239.510132,315884487.523116,345741533.998658,7298632.0920691,75192175.5170966,403868058.272394,245305663.059525,394372354.273015
2024-09-22,12938083115.6593,9276102854.53634,596782454.408757,1078170702.85537,210286624.615839,559439682.268391,147015333.509484,249993129.030847,313231343.379796,234391257.616791,7417137.04769333,42754897.0201581,304399268.679039,168612715.746891,241794045.048113
2024-09-23,20349365412.8167,12759588941.9797,610149903.846865,992887707.356122,246256247.379342,535697266.317382,143132040.983056,284871670.263794,304907726.36743,285400191.881693,21490620.9701847,51893573.1241672,360831376.310696,170302941.499241,283753079.139746
2024-09-24,23998847798.7577,19740370943.8356,1300885128.81711,1121279489.74394,329128908.93449,682781465.81626,190024936.550675,408139480.009009,300770922.035547,348808499.022892,11111391.7261181,89145069.7758961,924737650.092335,215116012.550049,368763231.152615
2024-09-25,31490984593.7059,16584773336.2563,785716722.976959,1227141705.79359,438373822.890421,790392652.62946,218974612.32978,381731733.351422,330273131.757496,326266072.431026,6669067.28557598,100110922.375245,642556616.706237,239065400.744176,442053212.540348
2024-09-26,26087643765.7482,14003678832.7567,869908503.601598,1184864675.70102,363386347.304439,782002414.997152,217108074.075197,476625946.931206,598372884.092863,309080811.814658,7318474.50145272,109479427.066386,407471766.551586,245551180.153506,452255945.582905
2024-09-27,37995568903.9445,16686162392.9665,1166805206.00159,1320296148.72636,437769043.120882,1535242940.15196,207077263.916773,558347339.33814,1835183244.15222,392883223.338972,5988872.24809827,119382950.981126,704320352.23455,249535764.366153,530447206.861743
2024-09-28,32664917503.9311,16468123574.1226,1210015212.50039,1401603759.72569,395203089.418054,1555101302.39424,206699112.736347,475033039.538052,2219653927.24656,439404148.368303,6683531.68885957,108179166.578132,466880326.557662,274174301.679917,475107557.96245
2024-09-29,15342911002.8478,9607072594.43938,930036415.168794,2770313435.48472,272918861.600953,1706567906.72858,144375542.851646,330264423.559924,1282700733.24869,304377867.925547,4796838.51778469,69742193.8900155,275939888.651826,212333520.88817,402161254.12656
2024-09-30,12948707838.9384,9570811494.06823,649177025.941375,2594472533.0214,244016822.265923,980842375.110426,153498562.915075,345042481.37367,879200945.274443,350151062.095539,4532324.57343984,55654518.1999462,344125111.947839,193268046.437696,311801113.497481
2024-10-01,35124446789.2711,17539259209.422,844868785.451688,2572233994.51974,349391516.602781,1119199764.73654,216458848.11187,445955041.233967,874969594.851023,446348354.038776,6659955.31342628,80375601.5941702,470680563.886277,238874789.944943,388334902.791518
2024-10-02,54251488433.9503,26538568534.282,1303622283.12728,3132237056.75745,541081251.765964,1476122207.63392,366033863.098538,714970336.659553,1075159147.4233,569376923.046156,8866557.47332313,122896003.810237,713641083.615262,341434558.012485,578732550.085649
2024-10-03,41870731291.8674,20613586399.4069,962211853.267934,2854956361.29072,426784763.957607,949525283.950775,224444346.116589,475402115.728352,755701712.007835,468456888.356667,6118767.8782539,81569080.4007751,478067153.624101,233714968.083078,501655769.048937
2024-10-04,37711138441.7623,18771995105.1912,717224492.255672,2514792835.70853,375066204.511661,972749810.130289,216133667.025012,455508382.615847,553477623.264159,554399454.679745,6398834.20830389,81850375.7742567,445574725.447603,248832177.373051,440296510.594265
2024-10-05,30349059838.6846,15230883994.3992,642933307.385025,1756699967.65848,278288167.051272,764018435.160056,156497698.283002,382907340.72178,764203739.596879,385449606.271668,4569790.02195972,59261019.4206742,395610161.887181,200362785.527488,369902921.635643
2024-10-06,11095453162.9907,7362867897.9599,398503138.467675,704787690.747097,186601576.185676,451209519.610056,110589174.944969,240390650.243242,515506234.552979,266383325.511017,2887168.50936536,36888840.3412959,261522627.872225,114357384.109417,261364753.152327
2024-10-07,14592422860.6854,7641011283.52012,460824875.581979,661126866.850374,192363432.234444,510711345.887367,100631199.951144,283370330.253401,642642765.521723,252903849.420817,3754952.45911705,37199171.4464441,229226068.618735,115396269.446702,290846055.55666
2024-10-08,33878876147.3025,16943828822.3714,822476319.585017,1457223446.36664,325165438.484815,987438812.049941,189494779.447491,379972957.839812,796658272.329307,374743347.71439,6252696.2302084,61594385.9347614,574196798.513256,251417844.865409,429607204.045805
2024-10-09,28626429276.5538,13601054198.5456,812293173.272375,981211616.041496,279076786.920966,698426563.387471,158547036.062786,315711906.976658,464900720.030506,468758639.065744,10564538.9117261,55567742.9955828,367239967.744478,209497009.141732,386254751.496985
2024-10-10,28530748117.8988,14384326799.3172,1120320879.40399,988344201.398246,293734918.310386,725437336.635336,147579337.258328,340966836.771606,487512908.903545,407405765.381838,6720437.61696286,54758756.4347404,334551523.181986,166526024.223759,384363943.287779
2024-10-11,29481971885.6497,14686776834.2985,666418337.841782,1432557077.61232,242902644.315995,676009910.824943,137373956.830488,297187093.814508,404012276.934881,379862714.802776,5964861.12294571,41747996.7326403,283636618.374324,171499463.568936,368445346.701358
2024-10-12,32008659336.4826,13097241431.2346,726487414.374822,1190815208.10625,241728188.275649,608660396.40894,131693730.115749,330297784.55984,599534034.268633,409138170.455976,6077902.9687086,50656853.8280353,318238735.319956,156519941.934524,325448141.400783
2024-10-13,17665963646.4171,8538997411.47029,514250584.250487,645446626.8989,190575001.337783,471712432.546375,125643376.052089,423335838.314859,402805924.33233,403293079.707253,3751503.55564628,50029494.6943432,308362780.067972,138399184.770352,288479704.885803
2024-10-14,16784552979.0605,7516544091.44527,504380355.148006,722573856.985953,228691731.281239,501221749.124086,109120378.302718,352161641.965373,366700095.098759,287730012.338128,4040826.44844712,56395528.1847395,284041653.965188,129512631.239118,279594452.998909
2024-10-15,46553796134.146,21502937840.2867,922914192.48975,1242900975.65859,371044074.390711,1038482566.773,191989240.049803,486920169.615665,640002579.192077,522940558.347496,6749031.7555709,76997101.945573,439219315.704027,487816345.467618,413162114.567957
2024-10-16,51797932876.8281,21986428173.146,1133724407.13694,1367435532.11913,507364293.655161,1448755420.12773,254954986.895953,600495409.398809,726370722.752691,442775319.20586,7217958.17836107,100811117.411314,662486745.629838,680675882.484629,604933528.407795
2024-10-17,40640495380.1959,16135687550.2507,941867678.34988,1323767637.08823,332305648.916183,2441500479.0751,167543236.595087,399731766.089496,834938764.391889,398000862.425607,6533387.42746273,80392421.0875146,368856547.594287,457825075.865838,353038227.460373
2024-10-18,34512072357.9209,14330391810.4753,727488240.056297,1540201676.82667,351907156.122741,1610404036.3026,136341688.422036,295806627.537017,532040998.165497,327267624.318486,6239929.6319527,60656718.032346,315456501.41476,320626522.10208,300189904.05876
2024-10-19,39984956633.228,16301885114.203,620458607.038634,1179631857.77527,268208657.918562,2352278280.00104,145556810.977727,218600156.264904,788543213.996005,308574660.247127,4384981.80930575,55605398.7690569,273531932.373658,326125735.702798,327565100.173503
2024-10-20,14110889435.4526,7337169826.46491,366372731.729321,607926219.222378,220371774.745866,1943678426.85367,159998356.900101,168123058.63671,684585227.861871,273064936.985079,5101185.71534805,52729821.981824,195870052.672535,166076794.843606,215261023.904861
2024-10-21,17253863432.787,12697856633.5713,403326085.941909,716137205.863247,248872926.3175,1450399760.2239,160720210.53768,198530403.721079,410239718.653394,254510851.506167,4913483.34389435,96036641.3514522,248541855.657321,223831286.939652,330385859.860103
2024-10-22,40485496091.9501,17340865615.8682,729415389.162603,1687139598.41892,369418680.266956,2135857422.75428,174205962.339805,309790088.55869,627429523.51865,378481209.88938,5446092.85322431,81090077.6103809,279548876.93952,271410537.009505,322860532.896619
2024-10-23,31398389967.3811,15418370745.5107,793524643.361706,1413784341.51117,377482287.855971,1786553786.92378,160827160.540828,367994982.06392,398439562.556516,367907700.426309,4181460.71657475,77053842.1593924,337252926.461081,211417285.452165,533710692.781283
2024-10-24,32676918488.059,19004341635.3268,784000933.32285,1131889382.07329,375412261.155899,1492331848.77529,161908785.9948,344756480.211643,412856889.398982,367261662.243895,5112851.17950565,78413622.0036632,254874634.657634,214583921.994423,416443654.696685
2024-10-25,35892606570.0355,16708110976.6363,644617281.762365,1105162964.20923,366345461.992093,1490511268.43534,148814449.648147,297565679.060478,381855806.889651,448483978.491746,4774167.33101099,67324388.8756463,245910236.870359,329442066.341138,333022281.508862
2024-10-26,48426924850.0534,23734197478.8074,881784218.770445,1539105236.20923,545468841.690803,1555982996.70523,229091387.894567,393145295.44983,491625641.990601,650941376.201301,7162084.42587292,143661922.743528,456857846.039527,397072479.227381,593538190.650896
2024-10-27,21169467789.8927,13434262241.3463,522130327.499268,746298139.343565,318987630.272632,1007254067.99914,158709375.963448,241845089.525056,357614367.529705,413851694.612896,4454636.83617562,95382532.536292,290625489.848739,169849670.563163,411124249.556584
2024-10-28,16533385730.4342,8656317174.65464,441842652.548916,515723360.501968,206151897.355997,1185789527.48667,127142949.046463,152964681.83856,257757485.922145,358924087.715541,3940822.87921351,45853623.3062061,161544474.245266,130013622.248622,310696120.642775
2024-10-29,41990540384.9655,19560694034.694,644392069.212074,883022544.741057,340339901.534852,3547034012.27143,194132657.941987,317481431.452557,681820117.80218,357697574.225168,5265009.2264182,85380277.0791465,277260542.997974,291954619.202431,396005685.224874
2024-10-30,65487782004.9701,22541317733.246,1073038597.57103,1258508083.11454,399625481.438264,4328291559.70625,222742356.019352,342986871.95605,1154121214.65782,483500364.923568,7624791.73204296,125739059.151238,333932731.191639,486421128.577875,410396344.847491
2024-10-31,43498144313.673,22790792400.8636,850312506.265838,981528954.618548,378785879.779712,2609541210.27995,182686754.010721,307043579.24218,663166241.596314,492098719.601961,5930769.67351457,89312552.7190767,298113765.745154,365129428.818928,494180793.442138
2024-11-01,45907074188.5702,20097565241.5628,1036949641.186,1131354676.43508,343987966.406424,2433162762.18353,222237711.598178,281130519.276895,703095557.217839,467327618.082368,5561654.83364188,73464155.8532428,281028073.065063,402260445.367623,426366778.463476
2024-11-02,54863092261.311,20396109310.4071,893454861.870944,1355947931.23089,471854642.814772,2384334083.61265,209722623.196439,297901041.831448,550138164.991289,451871730.661401,5159762.13526324,68301319.5440993,309315190.972816,282554564.329053,457097414.224934
2024-11-03,14709379754.966,8253307127.22991,613502646.373791,498091504.106625,309349316.669316,1497134113.91833,131230367.878793,192734182.065456,256615251.796841,270445636.29115,3143222.76177444,47447045.3775607,196720256.93787,198682712.956401,336237163.404775
2024-11-04,37659435506.757,14546539750.4964,807471288.462036,949812735.309164,360925330.506639,2539631782.02109,216215151.774987,337058108.33358,428374366.710005,377046082.037662,5503789.56441661,75856884.1013939,312022298.376824,296052238.839501,434587886.795157
2024-11-05,46183110993.7917,17316680977.6986,876900503.180989,1127632654.51372,345035678.684312,2934227322.7468,148688397.164131,330905487.528358,418463895.932838,406553999.102778,4909426.09632415,88200772.0340959,284208775.958438,274802532.7215,458893489.583719
2024-11-06,40025021601.494,18024855703.9047,782468123.611863,1210224258.05758,320831265.94093,4722717269.39245,161319368.162032,309257822.278293,772179091.537123,451682795.340416,5237534.05590378,74111669.6262768,284307285.841775,256776235.431624,395853326.291394
2024-11-07,128492534668.239,42388106411.0686,1832779153.49807,2317119597.74547,749375355.505837,13964396580.9824,382727348.782725,733680233.442321,1723708778.28752,662513469.700395,54130882.5618832,166407214.638034,607165451.157857,762344556.2139,853694483.194132
2024-11-08,66590396087.4524,36844374455.9351,1140184047.27476,2234023598.96421,813637353.059678,5023759022.79076,280608815.348664,577279187.956303,912216821.01139,556893781.229835,37399387.7049221,138416445.031986,411164224.740525,371491206.30259,658818411.081662
2024-11-09,50687468387.7204,33688997426.4026,1097148719.93395,1737713572.24308,1910279431.32801,4762859227.42924,426495541.977263,553517808.276105,915307393.073631,363786941.653935,194468338.410091,381059537.443903,477358004.452443,414630942.745785,910813099.070763
2024-11-10,31430906055.7961,30583711140.3628,2289560529.65359,1440484763.4288,897587308.938325,5124130776.03606,316886003.228341,546421022.534212,1111129292.61626,333548792.244795,31230289.7787993,193398547.57887,466827882.07305,468106257.068088,593020036.362121
2024-11-11,93473126207.6786,47726595161.3253,2637125258.87701,4261955471.85176,6527580317.05718,17922592739.4701,1382060009.77743,1208671357.98593,8695672266.07211,858783973.868659,134296200.171095,458011486.216571,948016842.501779,1296070888.70792,1259053750.20752
2024-11-12,133959805308.725,62390436438.2498,1582512409.97854,4422503003.12663,3280194971.09692,23002869379.9706,893227242.62864,1456086321.47899,6879853236.07259,829560841.495684,1046416960.08649,358805468.342423,1710482469.26061,1032413810.48166,1191038326.08417
2024-11-13,152356811694.449,60074013245.4525,3680447411.47042,12912751557.0302,3181386248.14596,45647590496.2207,1160372989.60083,1908058360.49247,7987692356.63999,2101112723.6537,716143435.648502,512450661.481391,1720421199.5469,1139281237.55831,1445743835.67357
2024-11-14,136046309843.606,65592582441.2578,3088847318.01175,7120857884.64412,2644830608.2299,33764060390.3272,845861301.354671,1532906848.8135,6243392749.1953,1494533717.3773,275440477.151636,462310676.46675,1299617192.10505,981388809.267137,1192854617.77096
2024-11-15,99649391847.0836,37531565153.5352,3102474990.62661,10551122422.1018,1729922211.70178,17394397997.8032,551454928.638502,892106456.51071,3472779687.10223,1088678001.77092,97922785.2875769,321526876.447668,1040447796.39084,688140184.748712,878701964.886162
2024-11-16,84382485697.8499,33076552515.4014,2050272135.76777,13116899767.1537,4090910068.04697,14263596086.9319,505663289.41463,674471425.845768,2232618407.91272,1304215517.49121,209332592.024567,252285110.192398,981869544.680402,442226609.809,818168584.626321
2024-11-17,49255174407.3688,26503107468.2598,1452900658.07468,25751173599.9467,6267538737.6504,9205954824.33035,784150867.259206,878997830.36162,1924772677.18773,1267429075.88442,82365682.141065,527418945.051716,1242264201.6008,773862791.993833,999217998.380297
2024-11-18,48556083101.6475,28547657381.2848,1828130470.57631,13225025169.2169,2501615517.0511,9784068444.01035,843684060.061996,1206875386.37495,1895524698.54067,867371370.220452,45639736.39199,382856583.368953,877170689.94189,799507490.779673,822037676.654362
2024-11-19,77391724184.1935,35364731417.9986,1651371565.8181,10836262760.7346,2548582801.65467,8956521463.26991,817447523.524508,882350582.875812,2027373722.36327,995251674.993404,177406733.027495,436590052.050028,811316258.520975,603191588.924997,1266647839.09571
2024-11-20,80493234958.4916,29767245881.0403,1388983815.56607,5476363653.95368,1635269471.54852,15683020455.3522,488269957.895998,685941712.066472,2106038698.08309,945653160.318808,39888502.5067684,276326608.190403,663660495.96838,463946021.101805,831659823.033506
2024-11-21,80747272080.2483,29508936260.3469,1559086629.23466,7141998955.81631,4230382202.1542,9823247879.4612,687052869.116781,814665617.528556,1433921050.77121,869355201.787713,185042966.000599,407447378.66305,678727467.532703,429858505.768532,992727690.058786
2024-11-22,118163852022.318,55714132904.9796,2343280028.87428,11144862558.1164,2791303410.43781,9437714466.94733,710691533.643031,1012956044.0894,1481199118.2359,1073360886.93836,88352977.9334594,425482718.182976,913547582.861586,2223853906.82367,1091712743.74078
2024-11-23,85746174563.986,36536922518.793,1846338179.26776,17433244692.1223,6892507799.22072,15763705369.1075,1118565130.89566,1877823786.3152,1950375733.49427,1040481527.30707,166637294.965663,591441437.816029,962087908.380899,829245757.912506,1799175581.77351
2024-11-24,47414200206.7034,42885423857.4769,3373812879.96707,17125117613.0564,7258065363.15629,24615656526.2515,4029832919.49487,2041229524.95856,4181035291.0682,1853920826.03912,149834639.499745,1305057577.98546,1543655158.506,1862153249.38393,2147403123.49264
2024-11-25,50665680246.8678,30123422893.9913,2917371682.83801,13367222473.5045,4065963806.818,14194998723.1099,3709827995.52908,1418708573.06244,2728871977.53968,1731655221.87903,78675486.4565977,805038114.550292,1823459813.62208,944296292.421149,1720803013.84462
2024-11-26,89476321216.0935,53625394443.8737,2394918621.2687,12629382786.4912,3673630635.83098,10991675836.3648,1550682343.13413,2124646352.19763,1652943219.59274,1586067274.19635,65351941.6248617,762677956.734172,1572801776.42329,1022777272.1335,1938106881.63184
2024-11-27,97389239315.5295,41896722105.1315,2494275590.51071,10442232771.8808,2825247053.11504,10352541749.3832,1214932052.73717,1524240543.44188,1004359305.44032,1700254150.20904,56513290.3077888,569048590.791998,1193482190.46334,700331300.586303,1328097228.04297
2024-11-28,81469353259.75,48465294233.3274,1940704254.02736,8681413551.47195,2963844108.95069,7575329620.03941,1018435760.72875,1239431258.73945,1030772300.87741,920565917.967981,51350622.8304553,453944565.283243,998475538.446193,801374292.350195,1404036275.25372
2024-11-29,49067932024.4033,33082767875.1315,2381977222.08315,6394089240.38596,1748421855.88472,6881415591.79731,819754943.033197,738028198.544732,1021408716.59008,886151886.520385,38818440.7707801,311314717.121222,844851781.925113,700677190.717529,971343481.72185
2024-11-30,74670031635.5065,28800628431.2176,1553941107.97975,14120989557.306,2546200789.23448,7204905118.66819,976203391.574087,720142029.963536,1159040893.55859,671792005.598425,49543077.8756949,246155328.298685,628779484.713888,442420692.580664,801665104.514384
2024-12-01,43580019720.7206,31961998508.2304,1682644261.81379,18118226774.2864,2235486757.46952,6694741285.59861,1093033294.8206,806737860.127453,1645785287.38262,615266897.973417,46785661.848899,374922423.872342,750741684.287325,818058563.27534,1086027249.80462
2024-12-02,49147687432.5659,29705280034.459,1465006765.14052,18435365983.1705,2617149103.8436,8422395747.70386,923956917.545601,779851783.766511,8356213393.31641,760588593.239149,76054324.51015,364232315.018269,677355710.787325,650459389.229963,926485236.106882
2024-12-03,101019861361.493,49031522663.4094,2373999130.87161,53820003124.514,5868579244.53497,14905269533.2319,2050161865.97388,3316658525.66513,4396617604.40874,2394338965.79161,91866092.3507016,991408035.302336,1395494819.79687,1673642383.81896,12159425922.851
2024-12-04,87935752287.975,39557549415.3499,4567002669.15718,37957094663.2281,5490023453.35938,8839146109.79938,2223009230.6595,2142959427.29482,3336127252.28502,10793941420.4536,295425775.762575,1552618758.04036,1752321922.10424,1802172461.89611,4922110743.86006
2024-12-05,98230784298.0459,59744855714.1994,6355347042.36162,24079777836.5826,3185937360.61573,9655017662.13735,2885366549.38904,1883588208.93864,4443196440.59151,11105817830.0319,240835077.030104,863087583.644888,1412433292.81912,1511044093.38288,3485126157.18454
2024-12-06,190460293531.538,64995601294.5025,3821183229.57894,22923661364.318,3576835053.29201,18019186820.6111,2007633321.88742,1550536730.42862,5005452378.46015,7588938292.87259,116914260.49672,694803938.706432,1518759097.38919,1963429743.10481,2440261734.84735
2024-12-07,115812632020.448,55954471926.6703,2720943421.9764,12689093602.0567,2349556943.08386,7529153953.03354,1264054442.19079,1059219612.98957,1837398800.59444,3049860694.18877,61416923.2480014,481784558.722985,1265378930.84002,1072429116.58592,2158426494.02456
2024-12-08,61061136199.7846,21959792763.5438,1748135790.7778,13898192078.5212,1576905611.33228,8438594527.80224,924742704.82399,595705005.397694,2419815881.32811,2148466989.49197,48469266.6569389,283449575.34602,647746037.170058,621294849.290756,1723190438.54188
2024-12-09,62677764785.0541,20728146237.1273,1318662772.58072,10399952121.5679,1847543253.34718,10403917176.2419,820777740.285869,813766135.816139,2077937741.43527,1505055566.02981,40018962.9403643,265229294.191075,648923469.074272,645149389.023311,2360743074.41493
2024-12-10,146846843211.517,59141397866.0983,3134677046.18899,20516080397.5689,3803654545.31024,14335180806.3427,1756719957.96624,1822936716.11383,3341903590.92978,3089021638.77229,96042430.5368233,739557604.463295,1352591795.66915,1255260273.6116,4222253989.28935
2024-12-11,125835977742.511,63643513993.1537,3017514510.62775,29173861101.3395,3773323186.65757,13688198758.3259,1511755290.73322,1490193817.80327,3040610164.80259,3583224348.7179,98825877.5792903,667174075.37692,1648998182.83025,1050361713.34975,3348805004.34978
2024-12-12,118484957960.768,38471623681.4091,1903416575.80696,15899075206.77,2481141444.0103,7787776853.753,1075653941.8503,863695776.059319,2011455100.65767,2352044186.28939,54512051.8757107,383555993.927891,723119624.812026,644625883.162217,1918874667.41296
2024-12-13,100092043319.812,47474608675.3367,1993906415.02911,11764450479.7404,2483873378.5924,6855176846.68458,1199636035.51061,1840832995.76278,1527805312.17874,3745494633.1552,112663260.484203,396336289.887644,894886427.900852,515014828.681831,5312187772.97608
2024-12-14,78802903278.8596,36218321642.4986,1900492715.31541,10210708750.8726,1480554949.0517,4421977875.55217,809569054.761263,959125518.589488,975132370.835193,2028281600.75151,52759777.7706614,290382213.669661,625581981.462909,399672218.983319,4011795141.2338
2024-12-15,57321924844.4154,28647722345.4093,1302217718.87691,8261437423.65182,1210677610.75501,3714436683.16318,720935407.642538,766787795.057394,912153652.300027,1437185576.08887,42390263.2614774,190820282.941168,469557380.086058,366514732.979441,3268686212.35317
2024-12-16,70645074624.5287,24816850994.8095,1087890178.98216,6560100595.86421,1088430664.00158,3168913334.07724,803662092.742932,810485140.807597,656454804.020363,1031412789.81367,33995028.9430591,191478056.426518,409952082.661119,374719752.614987,2149766153.55312
2024-12-17,115184737759.336,50679799770.943,1589415330.85984,13981664984.767,1725755863.79535,4670645497.3255,768727744.247779,908109971.181119,979598294.076077,2785592590.05958,47870565.7662038,249702660.048149,618149736.663171,519123475.908849,3277968310.66117
2024-12-18,93417826250.1972,32823036037.5846,1610321650.47766,14678437514.7745,1578222620.73914,3654751097.5103,564741492.582628,694641949.742469,704096734.65684,2333108774.04659,171863240.252451,240147496.172208,836966098.817938,404425613.272272,2051170800.67065
2024-12-19,113692025885.447,50734709374.8313,2203892490.93078,19736815651.814,2116818094.57562,6424342443.5849,774908737.368565,1085276379.2539,1296058976.65097,2228979916.86903,97353803.5537867,332662564.088297,1112495121.72813,623664992.129568,2553461332.62383
2024-12-20,100611554887.241,64452959600.8639,2614960154.25357,21062431962.1038,2484376764.63558,10299588179.4739,1086124837.34319,1249004627.19349,1622057880.32122,2634275448.66207,76302936.1650096,384601886.501309,2195034512.23664,683609066.951158,3004916082.5703
2024-12-21,112340864006.628,72936574193.4554,2728589291.52738,24697654647.9106,2967142400.5807,11908085963.0401,1021964776.57475,1223452752.22912,1717475210.96465,2602691499.29602,71473589.2798375,381734159.953914,2382875884.31014,652834162.147137,2654146182.68788
2024-12-22,53058382639.4884,32479699770.0411,1631846083.38512,13839484154.0794,1619520801.52149,6978901591.40655,612239126.334296,610062418.624893,1028941184.88471,1602810532.31895,42324906.6905105,208058264.912204,1649850489.006,390950020.325008,1763987563.70491
2024-12-23,44619017105.3695,25811397925.9799,1137478924.27385,10514832661.6653,1251460951.20973,4326157081.90572,449643193.46938,490425231.741524,627421373.102402,1314271864.74298,29646285.6682889,165750506.887297,1413145158.83986,301236893.777372,1024410364.65558
2024-12-24,64937790292.6113,35528067791.099,1945323070.2555,9514499269.52523,1373635719.51367,4612068974.59767,539764573.163061,717211697.050036,714527518.675335,1538120401.60027,36288244.8960137,200613285.568065,1027597733.17738,357953402.274636,1918399048.72068
2024-12-25,49169088282.1574,24085249644.3214,1163427672.65241,5432535821.12475,1049748351.43396,3228261462.92964,433986333.659305,575992424.342651,624858014.083865,948449260.861835,37691762.6114664,173890308.455579,512136073.818124,272324090.462306,1767674535.77072
2024-12-26,33963749856.4474,17503804977.0006,788266049.092191,3322151976.46968,695113060.302765,2604485058.90388,315870291.779833,334649780.44914,576227276.851823,758982897.613845,26983649.0819615,121937312.774236,335812757.191163,219251450.725024,1050992936.69181
2024-12-27,45049342388.1884,21239977785.948,1081113208.95998,4873873373.23111,860400720.71111,2625101365.57585,347681284.732391,445525494.310155,511015851.478056,1006179061.42472,28513998.7174701,130283842.550842,304344953.837308,227781368.46014,958462476.400846
2024-12-28,41498540807.667,24582312087.1741,1083410181.15536,4902016228.94608,949972681.164733,2293373604.89455,345531732.742743,413702114.375436,468042375.389663,1384318938.46619,27555824.3939432,138327401.244093,324629780.809132,249677293.900029,1076934792.50949
2024-12-29,22429850903.9401,13861298668.6498,1060863183.07113,2525595970.04494,588899480.75869,1538666440.00073,230066007.554339,279301507.144205,313910950.016381,646623602.105853,25222148.7693028,102308378.005807,223230021.144743,146742460.761085,930406155.170853
2024-12-30,24065314499.5023,11315432322.3715,760246771.299865,2675953522.38984,705652916.206943,1870842483.43561,216122629.284815,287337697.632484,387252123.647975,832716695.315684,21505453.0943035,88384306.0524114,235843516.336917,160540530.308191,584071653.51901
2024-12-31,57595164139.4709,27664137021.8131,994264720.23036,6059015353.12469,1026988638.0612,2707904119.2034,352231593.475555,510154209.890007,502101683.869224,989291178.719361,50729649.444048,136572913.366337,324091329.018962,278620814.466803,928891445.304891
2025-01-01,45327464907.7436,21466394178.6175,1545176749.52791,4128284760.62249,759319278.391332,2514890508.0731,229365519.025119,336545924.232748,477095343.781735,679440802.369456,31466710.2126008,130549487.92687,235008344.212312,205280682.984419,780966762.875974
2025-01-02,23275007789.4963,13440599794.351,477140166.422689,6878704641.74981,995785773.081401,1620382475.4154,247755276.023767,306625837.421264,342270336.407893,478217327.62707,28671506.9114593,106021981.507282,279538012.39231,234755587.204991,859292330.726194
2025-01-03,45157338602.6175,22683249623.052,931592866.496929,7459376387.38519,1274967600.39928,3606534898.05704,309000049.861663,477726471.00948,560781149.527258,982956762.30268,33479771.784314,120523987.695395,327553119.146567,260331733.984107,1155855199.22085
2025-01-04,35721645948.1005,22019312215.3068,945606974.313842,5864224741.78401,2671600901.30405,5419307373.05409,539342851.000791,575540255.856681,712662396.432617,962101107.624225,41195343.3574816,141587586.11022,396613124.583094,244243531.836357,1222456853.60487
2025-01-05,20979035420.9808,15951962220.7804,590551916.378533,4561813417.31006,1280366764.80391,4943690690.03944,304399076.526852,400210212.907359,580677710.045161,910409580.325376,39822603.0361594,124687831.571071,292004648.039751,293468799.41031,805525215.478104
2025-01-06,20060293834.7155,12542101206.5586,434122074.033253,4325348371.22732,1363420254.95432,2911300930.26061,245541864.965166,364122276.302027,418242726.097331,597606749.028712,26639136.4063213,102290907.428107,281048206.045463,194482079.982987,668132489.267117
2025-01-07,46111387334.4617,24440100572.5929,1171497671.84308,4601519396.54358,1364197241.75034,3301153541.11729,402221938.475857,633072768.659694,571869682.944576,981658740.091862,36390389.5143542,144988188.592781,418857808.907789,287609823.204666,1269876071.80874
2025-01-08,60610257147.154,32832589510.813,1359650088.18122,6652119689.81655,2194412773.8246,5262187979.13405,512352289.44268,624382368.378071,754403241.858785,1254881946.23417,38021562.1984709,139888600.113047,413157260.502548,341543591.013772,1244761259.15616
2025-01-09,65790469838.3439,35080974963.7202,1392556871.36018,7697257372.31326,1952408426.02127,4459666163.75378,493087506.060929,595606280.166092,614326489.790744,1376908189.54294,32018625.3511925,125403490.697693,433875252.658911,290942142.209253,1130574254.50603
2025-01-10,65850881574.7618,30096896683.0412,1115652343.2421,5639756658.0756,1342595372.39817,3686394495.82919,330378379.686644,419966079.345838,514685665.004666,1300095946.94025,30680729.3843234,103416218.492005,339169273.504281,255099186.768949,1018953190.12792
2025-01-11,63433655716.7571,26722437003.9579,777565591.774922,4846732925.58566,1236328893.36506,3269124532.51105,311277186.664298,428041375.289214,458715983.253135,879219953.95175,26687951.3705081,86559545.4176867,315869469.557853,310389476.92795,852372064.867874
2025-01-12,17836423168.4163,11047744222.7432,346722702.761921,6968218335.11052,953404924.51564,1480544587.73295,165093899.430013,224420090.784761,394270859.760618,446541604.214489,20115968.4238346,55820662.7495058,185806993.754671,155107098.455304,485529340.777734
2025-01-13,19608932595.533,9699706283.25854,309732566.919919,4880658835.45656,1089023652.06703,1480721033.66511,141543566.961662,177566886.615465,280780521.396536,473877454.29651,17472965.4692486,54699050.3471799,173887322.789621,250393705.401544,450134683.726125
2025-01-14,76328330233.3114,41743898872.017,1304110432.88528,9352507594.24461,1540261745.42749,3781697203.42528,399012512.277725,545478775.848419,611955897.094004,1450997168.52971,32952009.3326442,119595155.80902,408688475.203833,291595142.736828,1154522009.80217
2025-01-15,51241728228.8172,22365842880.8095,599619371.377729,7423364604.74067,1126688332.00676,3174234902.46862,213141307.093484,294643949.580119,323902612.092728,768602372.091662,29049386.5328976,70847014.2154914,212737831.530134,167030422.762554,627214678.884173
2025-01-16,57637319739.5434,23773995063.8285,928085940.161859,23417331296.5512,2204538167.7741,4356121532.8633,506165482.349518,520759029.572942,573936803.038342,1092067532.96879,37331527.393666,119614737.767111,310539640.485361,223858766.377954,1050470522.8437
2025-01-17,50150102497.2729,25012556602.9051,972182171.675137,24889336467.6661,2056463725.02145,4283602033.71732,435658805.892199,475282480.137261,463253527.241124,1184784958.81569,31298751.1792871,136138937.940172,288800758.072668,307975582.05263,1289431570.58749
2025-01-18,69135117732.0006,27778832363.7708,1011235352.5958,13491956428.6915,1822084268.49898,6526718816.98312,367309752.271458,449468343.972437,1058760598.06815,925246027.675931,58958749.8737408,156770598.399021,350917871.026968,374623066.541958,1043998791.10287
2025-01-19,49416447749.1305,32195594202.1349,1331563415.49848,10204987556.11,1488331235.01327,6516773074.93882,354931037.169451,494353205.746036,697109115.996952,1914041534.85406,51807143.6686666,161996839.139904,311692325.486752,308766646.278604,1189988405.57734
2025-01-20,72970313683.9232,59678736709.7496,2173870248.01554,13089511624.1023,2803616184.03835,8685239181.34517,615856568.557142,836591656.093783,1325504426.13925,2137099313.05954,93699571.7135027,236137941.616035,556075660.538741,370851419.145132,2807298173.26127
2025-01-21,120158523166.884,49563768850.7834,2209856384.62789,18183898272.8773,2690733265.73072,8045403576.8756,748140884.791581,1106122470.57255,1185821275.40943,2746390625.34322,61422428.6975203,276289543.431729,750505262.087528,492011522.799605,3165652412.30591
2025-01-22,95344290057.8965,33762939512.6979,1124646695.62862,9483639114.30823,1696335264.15445,9146197049.33752,355769051.90994,544004394.485675,634521921.756522,1334553146.51035,40426198.9299515,167898735.848662,379701667.456978,251501298.211134,1912352344.48354
2025-01-23,55030669602.5656,21782301388.384,829429387.765773,7359947674.32308,969709594.292546,2857875569.67174,215503293.612781,317840517.506308,290532527.016902,1385658738.83393,45151414.3499089,105892695.820769,245960518.048592,161424763.96088,862458749.65143
2025-01-24,102455227371.208,33863218042.4311,1199872836.81872,7860588482.87153,1201302650.1758,3050289092.75393,268918550.81184,480762165.981504,404555451.506585,1495322897.00857,37632438.5166382,169067221.139413,335355072.849733,285431688.723656,1394627576.46392
2025-01-25,51418786362.7815,25895320216.8681,889253681.100686,6165183598.3477,882394098.09636,2039182933.82617,201623527.316358,573841861.438376,296430329.088278,964968412.106761,24178580.8839409,151904291.667555,295047726.121235,198160293.357803,957984442.169984
2025-01-26,22740744964.7193,12706329663.414,494616452.629513,3013156759.40454,516244144.915433,1469045352.75626,146294895.853286,646485415.720761,179459943.51769,545985544.212074,14644163.8465882,90022323.5366059,165001791.976819,191670532.791222,564304986.024574
2025-01-27,20639818380.2694,13000445022.2221,563417170.971579,3093938754.20302,512626380.097231,1173608165.99737,154059437.484635,341685545.486132,181979036.350631,514333872.589712,15931055.7571216,106653810.345147,195794244.351659,118874006.656395,704384852.993929
2025-01-28,93191643783.2474,41151086046.0761,1530126791.59237,14811833894.5871,1403786414.46577,4457663415.53981,452139396.39279,718469964.221247,560361026.038669,1422904104.70237,34845873.2524642,250541244.036742,407021781.9014,351373921.583555,1549450646.00161
2025-01-29,45780526813.5626,19807794444.4833,753536803.686505,8515976594.59395,757826711.773947,1956202115.57221,201672906.799173,352096026.852971,292831835.401357,651325664.615683,21432571.0454304,100891675.278405,187396815.803377,159564575.73576,815262118.572802
2025-01-30,47425401641.5309,22051422147.7805,803017578.167042,6362709455.9404,823633204.393898,1934033691.49065,229114317.703056,417326777.858201,300925722.54726,730279604.075474,21161156.71458,110784955.862798,229752395.012443,177679558.062068,971398235.883686
2025-01-31,42122570869.0343,19504592311.3565,555762517.518932,4444654575.26927,627908707.956604,1308041183.68984,207475144.761795,323831189.872312,243083937.86118,655497399.694631,15884717.7974284,96911335.1935466,183722452.752877,194889443.516833,780835248.326974
2025-02-01,37187819228.3533,31441846706.2542,729995227.30149,4079932391.73757,689867624.845765,1721046773.56537,347310792.403981,418083856.841365,332181418.919797,772697169.833737,17210969.4209029,98982619.5880922,211008136.466073,218732315.784427,1037088148.01312
2025-02-02,22827776122.4837,18969060074.553,635620746.151515,4285675849.35348,560834002.307845,1498500264.87339,253834326.489642,295157477.654112,272991392.436761,726203882.886787,14677684.7145192,77916358.9507726,163889139.2123,192779213.462298,818377204.001383
2025-02-03,59784234332.212,38896518795.2124,1132723233.23399,13660382309.418,1557168341.92238,5297256819.37147,565973916.466383,807967874.590384,685770679.119943,1661058668.93616,43571304.454457,215821875.51083,409024449.557572,417674003.515317,1648083810.79348
2025-02-04,122163969235.237,96588727629.458,3600635636.59335,31670736568.0299,4656842166.00516,10665819818.4996,1201970826.62361,1927448390.38532,1559046671.78142,2611986200.27166,94083943.7321804,395793700.038989,975144867.542266,795722242.528476,3664318790.26239
2025-02-05,73196693057.9811,52737830809.6337,1754660835.02897,12051077026.6692,1559657813.94701,4185863884.40683,467716839.770638,694207906.191245,593940678.561576,1737117102.24332,37282410.3888428,152978801.294436,341529774.235776,280693502.304754,1380506660.48123
2025-02-06,48848958931.7923,30026391038.2718,556111377.5272,6660157683.3635,819973385.39313,1748873845.31405,218308685.865034,380278525.792428,369788294.251084,783629120.779792,20738744.6520875,98206602.1855122,193500306.178776,178283106.341759,807832895.312916
2025-02-07,44462180396.1725,31349967107.9782,1003761062.90343,6304942916.81633,827082260.622032,1849400952.68378,202447674.121123,370708013.800997,336198247.71505,1026423148.9631,19481943.5870905,99408259.6541695,235774981.363852,167452212.240153,682287673.96848
2025-02-08,57077722340.2242,30948837988.0819,751278489.721354,7913782642.82458,886632725.101134,1955547140.07057,322886400.497583,379452750.809484,331529437.117063,855814326.700096,21685087.3644146,108951531.513873,190966664.551536,181968208.789723,780222507.569418
2025-02-09,20760850644.846,16335613332.5918,1358173748.33439,3450039945.4201,543524434.647886,947251264.889663,169859745.005506,193117215.570241,249354967.019993,528176200.804159,15177170.8293479,69142381.2022935,187357179.319807,97110676.7291638,388295781.995425
2025-02-10,25457107581.052,17155535243.908,2076025506.14031,4110259067.58112,668955885.394255,1210322937.82189,220104817.884355,283366330.202919,230836294.673034,551758250.325928,17644777.5048493,83452996.5246703,208574225.855106,133574294.735485,502726420.242871
2025-02-11,37054987393.5779,18843420567.4292,1096743740.01905,4147958037.31149,738581245.74841,1302577373.958,214764530.498975,331230256.216316,203478238.242618,885234443.758314,14330986.3511953,79082902.2533191,237370176.730069,157350918.650362,546405484.193636
2025-02-12,36454577154.5622,21212910085.2113,1475014557.2933,4814243274.42247,1756852350.9792,1681519859.8011,276490330.234107,380358483.948603,269520290.519195,697414243.13483,17349804.0710238,92504658.3195623,203600336.198351,155931651.441934,623884892.200242
2025-02-13,47115618235.1905,26503660438.8457,2445455388.77915,4845109298.91368,1221550295.04917,1931125154.46359,431734813.794523,465088572.19771,441016725.889991,868341544.418421,30516127.5110006,103217736.545157,306694991.408002,200802780.27549,774802846.155266
2025-02-14,29084371910.6906,18938191215.2962,5053346125.76955,4437008065.06359,820914030.759713,1479090094.10965,223466503.919779,300989927.61949,276306059.167984,687757035.147305,16218547.9421465,95006995.1901452,185169032.513154,172500668.05313,466067930.307031
2025-02-15,32289906944.9286,17416785872.7048,1867614110.40389,7692468675.33538,757456263.882065,2264906099.48381,221686215.689245,321040606.402961,291730775.668339,654373721.46859,18819456.1670382,87858387.9053249,226625252.63364,162350962.374632,564180245.416818
2025-02-16,14215311318.3463,8896321414.55901,881770346.084345,3946216492.01197,483682696.989457,1562393659.54966,150692647.287458,201184817.096175,180462049.106471,455614678.488689,15728267.5591035,59737179.9509954,147712167.387428,100731402.823315,336942324.007372
2025-02-17,13634794998.7393,8757895115.47748,1123867609.08052,2966410173.43675,448632802.471891,931181654.444419,127691841.030653,215351067.559427,147102631.216494,523880954.323222,11702757.4230077,70615180.8643881,144903436.58543,93256716.2633947,326393973.02788
2025-02-18,25324374113.0816,24666373348.4327,1031577914.44413,4243544437.81982,1010963440.41302,1334819066.66297,196132141.525689,342179974.018038,221991375.286531,838437879.463723,16575181.8011375,100470136.972569,213353097.805934,174349189.737877,643573433.310845
2025-02-19,38311133144.7294,24353300611.5066,1157962160.31399,4627790087.10866,883986850.531835,1568385561.1678,238668344.67677,390655774.475081,217203789.905432,760160944.034999,17342104.2381771,113349468.215969,186188266.120219,159948586.885059,699972786.251453
2025-02-20,27703222487.3896,13398586820.9123,1067124436.08376,4421689360.01651,684519606.58409,1002221875.0778,164700250.731159,296857138.585686,160824740.183008,560177147.54382,11065537.1253817,92645021.1196682,146513625.21829,122946463.08656,459904675.702118
2025-02-21,24175261969.8127,14550027648.5222,772069784.854737,3770413761.63169,675952428.94286,1128230681.79878,205826300.238232,364329382.908926,153177105.017363,564413548.705717,10866389.0319792,89476282.7256749,266725248.828901,112679857.578344,499933856.291514
2025-02-22,42477472950.9215,31770375573.3895,1040952078.14944,5146660908.75748,864866893.813699,2027962912.48436,326841354.652067,614127933.576191,231719946.822794,823662284.8697,14653783.5926691,138009846.010239,280597838.852768,184982724.220388,792521436.690538
2025-02-23,18464415570.7621,17576653979.1465,988420626.34554,2039899166.15747,516332439.344768,926901594.978119,197199332.414236,397645316.882533,135385564.100745,469365123.309635,9814960.67362251,107673920.46194,232743154.190161,117360728.659336,388926757.377789
2025-02-24,16643044374.9834,21394599890.2699,587694368.368115,2072248429.81195,479984499.41313,695340046.248553,125624894.481645,253625758.551968,116844458.543576,519109598.601974,8651925.80051284,68929529.4903532,134236823.352866,152360123.108539,312472668.173044
2025-02-25,45539703844.3878,31014455208.7561,1152541876.77358,7132791349.20012,972262987.692262,2386904163.74836,277983570.78093,570735152.510609,358729592.160374,1097691214.75291,58050463.379969,146604342.564384,250043197.378787,327790893.830001,808590878.175628
2025-02-26,96742453402.5629,42875934003.3239,1861620239.35575,11111605787.3093,1287399753.20456,3294992146.5007,456052622.478271,971942575.891753,457438179.772799,2112037478.143,33346844.1303936,153061261.126583,360920053.64886,493352318.17623,1354708384.22366
2025-02-27,69277430795.6866,28109120496.6987,1423760323.61569,5936591863.89625,849327155.791801,2010954339.99283,313517702.667414,540237075.654057,258676880.342027,1176700288.54514,23745925.4288585,112927757.174398,209963060.686683,307512214.319523,823043107.612628
2025-02-28,81960688217.7038,89259450649.58,1086874190.51128,4202173606.07057,669250243.547139,1358019956.56816,351623459.643509,424935067.239175,197623342.08205,636322531.569633,21178253.1583431,88392698.0853455,193778004.699926,204950146.624539,446080706.353133
2025-03-01,80695237175.0737,32905594283.0064,1527513660.33342,7266804533.90189,1118264046.53423,2576697271.01834,406798078.478248,752744502.811438,361544391.2151,1367142990.07411,36133271.3592655,131879315.158966,279716851.701548,486166962.605171,810329479.017988
2025-03-02,30634474722.6359,16103021679.0186,887615511.000709,2722347817.66374,536866330.724243,1157646034.49679,172411504.213418,275225577.230834,147086458.860244,560419003.644408,19006186.78148,76799293.4018558,198549745.743981,181429286.182118,378403852.541373
2025-03-03,61859112550.8099,37907412347.335,1393848651.94081,,8117103714.12953,3097274702.4251,,834666086.666773,,,38976389.302602,10900101.9178306,,350645800.11577,1030385992.50332
2025-03-04,68715362745.4567,33501080617.481,1502671244.02162,,6121517602.29098,2740809895.97671,,626024637.35931,,,111380239.843951,17720645.0447416,,544689520.29536,929213304.488873
2025-03-05,65863356680.4241,35524086282.7652,1296685222.70075,,4805730104.15078,2339671816.89161,,787393437.175013,,,42828287.8169753,13904720.5909529,,360664720.158667,1076691488.13398
2025-03-06,51606642859.8141,22236307931.7582,565172537.387995,,3408614285.6607,1407399493.6843,,578331277.4684,,,52338785.3363564,3573722.3548726,,927773961.04164,1068192407.12718
2025-03-07,47555759124.6471,19895800679.3281,840033139.489189,,2330044713.95294,1745673856.79213,,500095934.053866,,,136422921.953348,4122919.95345538,,561772506.929506,1272151305.9881
2025-03-08,63216440874.7325,21716710066.0889,1083021829.40955,,3167511497.12303,1799280522.96074,,563021811.681616,,,67609151.0576446,8052782.06241049,,545074743.147828,1393820439.68058
2025-03-09,18809360803.3713,11257666715.7955,508781353.373747,,1059663491.04469,920959171.332599,,303492044.401875,,,31373224.5940162,5666577.39147759,,231772178.234581,485268238.889083
2025-03-10,32013406240.5175,17577023963.6854,794891836.667666,,1470024544.81828,1740953627.93042,,319324503.760814,,,51378636.0046462,8711842.74697965,,236830206.821112,561017414.1118
2025-03-11,49983692766.2274,36577317615.2177,1255231824.32798,,1891276771.21026,2314515671.26705,,540555527.665319,,,59342955.5684302,5025982.81003306,,322581057.504812,865840609.629852
2025-03-12,56404462275.083,30046602111.8938,1939270866.6758,,1748603194.87002,2372987953.76987,,686930717.245521,,,45467084.2547831,4414110.19968128,,263178264.692421,1010792237.07884
2025-03-13,41782186208.5907,24499314730.7038,1114489699.9606,,1252379796.263,1624350642.46458,,430731234.801471,,,31081541.1467291,7843968.39002247,,307577245.000954,712097555.661077
2025-03-14,32583592654.8827,19212414462.1816,1833466480.34027,,1127266267.04401,1450396811.63671,,361679225.06795,,,28206685.0373734,4863246.23515248,,202616098.220809,449443811.61046
2025-03-15,28571483950.0746,12949972214.2656,845308240.214456,,1018976977.56139,1034276360.1389,,300373499.32403,,,29660623.2705628,16929617.2728541,,201738413.871607,1264889215.41047
2025-03-16,10761796127.3125,6944891086.05084,1045507701.22952,,662909255.50646,720298076.790858,,273978084.731981,,,26633820.2721731,17384138.935643,,380799478.184315,400288239.280101
2025-03-17,21638031633.1188,9486242392.18133,880757968.163123,,751357270.272046,927114505.641458,,244193053.235568,,,41260247.4778536,5121468.29719938,,145371162.589991,340202993.037246
2025-03-18,19659366246.5969,11251166846.2491,1734384510.27649,,712181990.225473,1018336232.4545,,261616336.759673,,,60819336.7841857,4711080.18362965,,149817978.609584,411120765.394472
2025-03-19,24557570268.8528,10887619567.3934,1414095284.54137,,668445029.95217,1069389407.67574,,268636924.81348,,,32951543.2595623,4210249.00855757,,170559260.429513,383912236.011468
2025-03-20,33871216993.3047,20374739988.6522,1246749969.94291,,1064981080.19875,1320951169.93477,,388291274.568197,,,32967514.2007625,4635907.73950793,,224008090.897505,659401784.34875
2025-03-21,27579127651.0666,14303790085.6166,1638896624.49038,,892747061.177169,1038017898.99756,,242429874.052137,,,36975827.5213207,3062304.60615679,,194515285.553144,412368002.119372
2025-03-22,18091004975.9191,9890112887.28202,871273243.049287,,611407466.480887,762513837.582343,,195820647.899236,,,21469145.3382541,2715120.44422851,,148358591.018633,268646034.233652
2025-03-23,7771134681.98292,6195605844.5363,510080185.696164,,431734884.85975,436636928.721682,,142900406.408123,,,20179602.0965263,1768624.09151984,,113728645.113971,234360404.731098
2025-03-24,12617587530.6197,7991413702.67787,565395555.606104,,559800879.933612,571990345.485579,,159378923.567829,,,19104690.8853142,1939242.92282757,,137533061.955971,259494207.920732
2025-03-25,27270889835.1835,15676451247.5468,1016201346.67507,,911524424.846474,1592931137.35067,,526659302.894332,,,101926714.978234,6651657.87547568,,183772081.250334,508936570.486169
2025-03-26,30351832942.7056,12563169733.0052,1571079283.20415,,1057345092.44905,1696540510.90338,,390751933.508665,,,347584156.949502,6742897.32939337,,160327107.09779,399242848.271615
2025-03-27,25522877558.7006,14024859854.9067,753910960.684724,,908223545.092229,2258885477.87629,,293554599.090857,,,119390816.588819,7162292.03965354,,274677293.576038,452456380.723026
2025-03-28,24620445368.4895,12136188059.4227,2057147067.19259,,561347037.489405,1368405082.36266,,236199803.701533,,,71590162.6819353,6344057.99483919,,189508908.275811,419827501.39596
2025-03-29,31674486232.0973,18419487648.3974,1035501259.60125,,774769179.015116,1384586893.31145,,328693057.794317,,,116516089.808699,4083866.26377807,,177107855.441082,495769902.437719
2025-03-30,16837439419.9244,12924117064.8788,842143967.429741,,621436559.189809,1145772000.07599,,247390449.992509,,,37083624.8921191,3891545.15031637,,114340271.304929,330234692.594084
2025-03-31,13428975108.0707,10056531345.1603,627788963.566643,,478487682.207543,830307371.949449,,230110474.373934,,,57547401.0373806,1802665.61312402,,106019189.63573,300168928.094757
2025-04-01,30326148749.9154,17022367813.8888,971533504.847768,,739596439.842865,1345691695.45204,,260281127.281454,,,33822357.2135696,1950398.15857308,,185457151.627099,397331739.182958
2025-04-02,29172899851.7348,15899367803.5509,1657684601.58365,,685084959.204368,1226397943.46126,,300137303.447778,,,43352414.0549227,1906040.3893575,,137641229.790243,415228219.098114
2025-04-03,46332905657.776,23450470660.9783,1345311302.23487,,907260521.324572,1764099720.71632,,483644183.768726,,,78790679.613729,1927177.13104946,,237506569.7144,799975774.716414
2025-04-04,36594464539.1466,16999031833.1586,1425802222.99613,,850771125.354406,1222246072.05306,,344253627.694335,,,43486495.3077381,2729249.91627128,,216650831.695933,611022302.732035
2025-04-05,35647289400.4741,19459233591.2986,757406570.550102,,858616116.591551,1761401248.39048,,350174949.084386,,,39218117.4227634,3605841.25692464,,177295991.111561,581602699.87893
2025-04-06,14910400035.5314,6780827627.54553,352847322.81796,,384994433.078377,641157289.481789,,132267118.901632,,,22768396.8513068,1963688.99039496,,84891257.7034771,222527733.594389
2025-04-07,36140377231.6833,23485484227.1617,768924462.516575,,948643369.166113,1301616555.7505,,353781020.1145,,,36449135.1749057,2185663.69443647,,186021577.369605,477366411.367942
2025-04-08,82909748172.5922,49416724296.5609,2333452106.5587,,1902830957.17506,3584892367.48301,,750151178.276174,,,57789891.3308424,4672207.6505086,,294427654.648407,1210436930.80752
2025-04-09,47812787635.2263,22451028357.3848,932386850.408375,,1236707673.73027,1942313541.7332,,372492520.592357,,,35077502.3899858,2312748.87025,,156475046.108047,523864838.163195
2025-04-10,87408220482.1157,41589589714.8499,1253107793.6282,,1601016157.22318,2380965896.56504,,609643121.168476,,,38742700.3870779,2718602.71193703,,305743566.191746,952678056.988863
2025-04-11,41213520154.2516,20486375929.1057,1043288449.48223,,890738740.543837,1258486079.07668,,293481770.607665,,,29740188.2712574,1677870.26294922,,149892547.077356,496329553.366747
2025-04-12,39813566443.7678,14195085224.7832,590735620.742677,,823024435.620717,884950609.736542,,342863550.609558,,,26241355.6385208,1284727.33742037,,207777257.377925,409463124.386868
2025-04-13,22428929482.0691,11756571644.4764,481290566.395181,,658708096.772541,878035311.515837,,341383099.4066,,,25008149.134451,1453295.26753745,,231575216.081024,321928504.883563
2025-04-14,28731125717.9344,13775001676.6089,492926645.23925,,644314435.232394,883332811.362028,,278265531.515919,,,22315334.9739775,1553082.6587213,,173772962.761198,380107644.39571
2025-04-15,33155578229.3435,15415724739.8206,530197263.324528,,680079736.179188,981131649.702884,,406919333.040294,,,18765856.6306631,1710555.00491452,,278500878.250174,376173031.01856
2025-04-16,25084671427.6226,11786525215.18,431419209.12828,,709020814.175043,766817730.567673,,276937259.671714,,,19224873.1497085,1481597.84657152,,175996353.940585,370119228.89348
2025-04-17,26948109141.8034,13120084885.8662,590793445.408517,,591359664.073037,811820241.580086,,256604149.118388,,,21793108.5613724,1273459.48629543,,127397411.602781,351801464.54358
2025-04-18,19323821375.1431,9437178720.86739,523349165.516119,,448807472.619846,576830755.033105,,200930194.107641,,,19352312.6517023,995462.567735932,,161225848.768374,288837211.631758
2025-04-19,9550691272.782,5254078676.87792,560183796.074561,,374649872.123975,463491541.12553,,125777479.141206,,,14012555.9586464,938876.372802463,,128576285.900208,180671781.661747
2025-04-20,12635983530.8045,5148626529.40277,359734262.960704,,331430508.446767,465683707.31804,,183149820.591402,,,13319461.4787229,735543.472011225,,79730146.6651382,178629421.485695
2025-04-21,12625843856.3137,6695768150.02446,427574407.873138,,354987761.124945,627635503.544828,,166429245.300554,,,16001812.7813325,766071.800689895,,107079094.228185,286414705.252144
2025-04-22,40070025414.2829,15275062279.3871,608725679.922555,,632027422.013972,1073037989.61169,,364527995.991661,,,22093883.6599601,1951350.57201783,,178541097.272709,346927625.126215
2025-04-23,53841992235.3664,24271980430.951,924934985.74546,,834269402.881463,1711081936.27281,,479854923.150691,,,70468812.6282349,3788458.48194958,,286992060.889294,507864895.056904
2025-04-24,39901515879.6595,22099177230.6187,1089223877.33451,,967029539.114449,1995530473.16456,,455146689.621378,,,38915690.8308425,3203469.04945595,,228910513.311537,628768008.693944
2025-04-25,30031246761.0934,12923295609.9725,775858994.180891,,1035019627.10129,1582350788.38656,,337236319.994053,,,28419270.6245959,10050474.4014119,,258236576.666444,484978743.899561
2025-04-26,39336184715.0429,15656748328.7849,941984394.066563,,949069153.927195,1843701071.99743,,385913417.651779,,,25175759.7637681,4432044.32255709,,352896097.173034,510598567.511263
2025-04-27,15445392739.7873,10293614895.7765,632964213.215328,,659341778.574686,1565227653.84906,,295427267.082854,,,21226185.1448995,1945842.08943565,,184196932.014203,309160822.540159
2025-04-28,15926259371.058,9632458065.10685,548378967.033652,,567359217.672881,1169887084.99334,,260556605.88384,,,23108647.628567,2742409.57361464,,154412077.076286,318911542.83416
2025-04-29,31913814736.539,16777384305.8893,532276423.208135,,889987578.282249,1425140393.98005,,390386722.144734,,,21332657.2392326,4894737.71347125,,204504642.443506,435216500.504259
2025-04-30,25882629766.2789,13994558644.1187,779335060.084113,,817939169.992459,1024411673.66997,,272527695.473795,,,21561173.3641031,2427778.80825417,,284447578.791526,339393250.386322
2025-05-01,26541700309.3661,13644627083.2859,717769059.896176,,592053391.676107,984673872.463772,,314726123.830436,,,21144491.7849871,2247908.06775413,,167871777.932085,321080964.71874
2025-05-02,30207566405.4688,14310565589.0527,586779850.243515,,586072580.740136,1082529407.48185,,337228475.741934,,,25554092.956696,2766365.31822711,,157382129.384703,379816308.815232
2025-05-03,23276376191.484,11686301446.4948,609320858.602474,,606872856.495541,1034181805.09578,,303450120.312696,,,23305535.5211422,2100331.11490196,,224754813.676548,357576652.013618
2025-05-04,13797554863.6428,6704990478.82466,383958586.528798,,752443709.477669,588937633.389941,,168653006.898713,,,19063303.468818,1346300.61737261,,157589629.044228,235105816.110914
2025-05-05,14903122945.6167,7479845748.82853,541509182.993248,,661246645.056914,630425272.960019,,189971609.098249,,,16479808.1083321,1530323.95292775,,148034079.175417,215175057.734208
2025-05-06,24086456278.2038,10545233503.3479,712215748.698297,,664925434.170865,692750494.244332,,239292173.837823,,,18808955.835918,2708127.08371799,,120534080.366571,313700204.260346
2025-05-07,23348052607.0719,11950393736.5272,821085162.804253,,552471849.915616,858252275.678032,,235673189.509147,,,20835295.0468875,1953030.33499939,,230342043.072519,294878266.585919
2025-05-08,64376174032.0805,47111217119.4992,717897444.141344,,582536184.256354,712638970.126268,,286789037.538907,,,25247289.5635998,1808850.07606319,,311302215.55863,274051498.486497
2025-05-09,50020047720.656,35992825075.054,1315286906.5354,,1355272025.09929,2184563689.3914,,558227140.774727,,,41815689.4432595,3782833.30456423,,615931998.507674,731816086.586256
2025-05-10,40800894903.2345,44566779461.5466,1717143713.05524,,1491055749.58557,2680468298.85681,,712574477.795841,,,38988677.7208146,3560597.98079767,,417318849.881566,889188873.415493
2025-05-11,21558992540.0424,29947910159.0289,1549618220.99854,,1390682398.37951,3646454138.72417,,701455223.172397,,,40748999.6723267,2761279.56114177,,268485432.368041,732747794.369434
2025-05-12,27389436049.4548,26138286410.2332,1186159482.5022,,1096359924.9786,3947378387.20386,,507743512.150225,,,31414192.0866821,3216859.64282161,,256520977.938694,692898458.692842
2025-05-13,43090605819.366,31524626114.9788,1968342045.48735,,1891364013.69092,5064612800.03113,,856034736.517639,,,45136019.5529274,3075245.52388521,,311600875.776321,925662334.689433
2025-05-14,33861432519.5082,32279895881.6378,1513422041.33208,,1249623977.96945,3014744188.00368,,549372480.526587,,,43098153.5284648,4140874.37918836,,198717364.98932,741086162.723658
2025-05-15,28398245846.7982,28150234190.9317,1223304236.54793,,1166899569.11349,2454948301.14868,,527365395.851335,,,31521300.4760354,1925166.52049264,,176161729.286255,574066732.072429
2025-05-16,31823340473.3399,26211434557.7159,1206761924.25277,,1032947704.58326,2678224342.76063,,616295435.004675,,,41067759.9749115,2673057.75418538,,214099729.352304,653136537.698892
2025-05-17,25887953182.1477,21130441534.9664,900231018.944888,,777814627.617792,1958996831.82598,,406317732.877559,,,22823617.5832682,1274770.89459934,,155813356.076662,456140700.86134
2025-05-18,18950056010.4791,17185510890.7023,679492837.99635,,906498912.257289,1513815302.07644,,325955868.444391,,,20416080.3195952,1195565.28158682,,151985958.852574,387755385.00196
2025-05-19,30744060179.803,24797434472.3641,835970956.208513,,949005467.364446,2570476559.83169,,469056883.472386,,,25282055.1756653,1683093.76244467,,186257988.962745,567801730.225816
2025-05-20,43339734153.7509,25363871274.825,825481514.59589,,855716668.754195,2376793956.56115,,402160620.265867,,,25812692.1479193,1797666.48184174,,199951282.357678,609695102.043536
2025-05-21,36393687094.2512,22871462735.4168,763647929.530332,,690998975.77924,1922612443.9865,,397138016.269377,,,19078472.4174034,1883188.03139456,,144493902.167981,603782956.817133
2025-05-22,60722883113.84,32697477527.547,1565136776.74362,,1077168981.20201,3004714773.9631,,574130455.671052,,,25759390.3223202,2456364.22065979,,246382160.059123,789736188.358676
2025-05-23,52218408239.4519,29592612076.5055,1382711893.50865,,1069425848.60425,2941230875.16531,,814750460.945675,,,26044572.8391054,3373557.4688645,,489938266.680655,665616655.935386
2025-05-24,49251745837.9647,30047329191.5037,1217926335.78169,,1417851508.94028,3637150461.68905,,783293845.33295,,,31705592.7430149,2620744.53081965,,458087937.497886,790150322.655915
2025-05-25,27128230116.5172,10744994421.1927,693430871.790504,,630031485.692148,1259477163.89865,,373853163.622512,,,16859159.4169218,1548657.4022183,,174918974.573799,353047943.494309
2025-05-26,29652659665.0487,13814697849.7263,768619050.919048,,673782320.823423,1545639564.38102,,314995831.242034,,,18732313.1613901,1917097.47548468,,176496165.633946,333062286.688061
2025-05-27,27950577137.9189,13350148034.2936,666132639.454532,,588809796.889488,1143793583.7269,,351768053.610163,,,21441639.5302879,2080521.74076978,,156270896.797478,339683751.404425
2025-05-28,38978783508.8862,26434151855.2539,1078653384.12382,,652902725.708688,1456507542.76611,,453381849.815651,,,34007710.0509818,1686562.33639643,,180237168.601854,383074871.16089
2025-05-29,29794278037.2849,18008588586.2841,824780509.866001,,546997351.279757,1226851069.77307,,377712177.089703,,,20234270.9699311,1293539.3641521,,165684601.765889,333404305.828378
2025-05-30,38279231892.5676,27021441335.5195,995474417.042997,,649806532.905306,1584406711.27353,,612537053.288458,,,24230974.004133,2249580.57040219,,195985159.376935,488306557.832956
2025-05-31,39680060337.6102,22927149330.3047,923659967.229904,,935627012.618067,2378183690.79023,,629680330.499614,,,71523456.8411525,1790545.47693517,,206257469.344465,688879213.154198
2025-06-01,20432694555.0952,13006751258.1877,589938636.796212,,721005660.50612,1504531665.39647,,407061815.859728,,,93106018.4324615,1898393.30033127,,230937853.71769,435199344.125121
2025-06-02,17721500507.5339,11338340571.1125,513744446.154919,,524853161.236153,911443941.231527,,253050479.001862,,,43687812.1118031,1296045.84080961,,129916368.057654,278647057.227209
2025-06-03,26313843058.7395,15623967732.4187,550346321.11318,,570636794.570652,978658402.706214,,333062873.384759,,,25947672.522136,1356175.17079153,,121165623.522471,281827812.411628
2025-06-04,25925661121.0804,15955008730.3382,717080413.430261,,494639383.164122,1022043262.76159,,351461265.43124,,,24326290.2747316,1743306.81530571,,143263261.795733,345150671.502317
2025-06-05,25812143562.798,16809606446.1764,585654885.191899,,400096118.027947,747043585.347587,,335231333.552726,,,22891748.7352921,1334453.64241029,,135840606.357713,248891077.090609
2025-06-06,39711941132.0234,25849573159.6482,1050942219.45448,,759754191.844364,1685747847.45782,,492986092.659395,,,26576487.4753304,2476021.99385455,,216487320.565584,443160134.142735
2025-06-07,29897390978.0901,18395107930.4766,828491539.545432,,579132039.649394,1265730397.48773,,326661262.105578,,,18670365.9535923,2748467.51347341,,198190332.813013,342267299.212232
2025-06-08,17749731308.7304,9535426814.69193,464282809.216145,,345182718.077831,803511327.814814,,273863669.982832,,,17985462.0697267,1829927.41318862,,188324266.538962,239179551.871571
2025-06-09,16044679696.2701,10206893115.5373,277471527.062964,,445907844.383591,678570070.022513,,333559721.081224,,,16622713.5026364,1546006.35488008,,154125028.884868,182146642.197506
2025-06-10,38222993297.5051,19485734665.2855,720838499.864964,,556699781.999879,1210257482.73175,,458651623.093879,,,18635950.1346586,1442842.47158844,,229401136.854727,290783843.921972
2025-06-11,36303839182.7348,38281210143.9511,915030301.045343,,816441834.780478,1443670215.56197,,580229774.944575,,,20833987.8366208,2088733.03576756,,363769290.758472,599457525.442345
2025-06-12,30338936631.6266,27369030837.5486,926482996.046432,,650490779.252872,1615125585.53085,,497234564.872393,,,23275946.2265493,2820028.95551079,,453223329.571053,542845308.02583
2025-06-13,35865159511.3886,26068993569.9699,833602957.101651,,644736788.808154,1226127047.87032,,420620082.609042,,,21620041.4225342,2130976.31833161,,229126983.545263,487950435.435079
2025-06-14,49471015505.7436,38576471746.0081,1091022440.76245,,967144196.298497,1845801962.62525,,733780448.130332,,,30436410.2380375,2790042.83920257,,428711357.577896,690373623.26699
2025-06-15,17916412455.8663,12077031034.2915,465113546.699915,,377703624.010024,769990081.949446,,223796784.306898,,,15190830.6553815,896542.74215406,,207428386.662676,231752166.754042
2025-06-16,16568441852.6497,11678912429.5107,342983199.253782,,306474152.596409,738625978.944267,,201092085.632994,,,15339941.8756482,861029.320323874,,373129034.192886,200778214.815761
2025-06-17,32095957011.7242,24222149649.1724,677081516.798069,,634345979.704381,1199123760.80013,,362859389.445452,,,18958329.7609093,724272.188812313,,404705648.770845,383406269.66965
2025-06-18,38603212010.8894,25926506708.0402,919084069.217511,,668780456.839152,1280430419.76467,,407226423.644411,,,20506088.202224,1621555.18052695,,457685290.128637,488040985.973865
2025-06-19,30339326410.1549,17800721253.2432,805534251.396326,,649432905.7021,1049946144.96954,,335852778.524081,,,28348382.7403596,1881675.85103115,,300218988.213215,368520120.85569
2025-06-20,18063282658.1523,10392473841.1559,530108876.602805,,411526119.633692,588664783.425588,,321238606.896613,,,17117105.2302394,1139299.22358118,,614958041.068162,301653896.743848
2025-06-21,30632751225.4074,20482816663.2947,566416175.419193,,655089381.734386,1237051244.93926,,340011502.663001,,,21148257.477298,1500440.02265664,,415913070.115649,351250198.404277
2025-06-22,21644463198.7195,16155611764.8483,506048055.807652,,616320411.85085,917363601.712149,,342834296.556131,,,17896161.0364548,1539967.4643401,,277505031.527132,313381919.297546
2025-06-23,51287142390.0253,28181442532.3159,1152325722.5588,,1046673222.59038,2107400665.56351,,463945610.159096,,,26562560.5294125,1950960.58535499,,610567796.276269,632697291.899819
2025-06-24,50011797128.6837,25494295400.4209,1018106255.62029,,923344856.19398,1476052213.02608,,543544804.108644,,,21098919.7726687,1819532.12500896,,383857715.520498,544954617.412429
2025-06-25,31704641076.9411,19669025068.9636,541068316.461594,,716773448.959813,1203882777.02649,,372040629.252571,,,18848926.0149303,1433283.11610806,,294536593.644619,571959060.372073
2025-06-26,30468274982.0348,15513055665.2624,827204901.728987,,549499472.331182,920508730.979387,,286250819.87154,,,19286891.8306091,1763695.76361228,,562976183.914816,373185030.28415
2025-06-27,24320699663.1512,16271811388.7238,624553271.495363,,546164591.266204,1004177048.95929,,248700778.309246,,,10001277.8766982,1408222.09975281,,396826127.178496,303637330.700029
2025-06-28,25194306261.8888,13100825617.8166,506712411.669113,,461343367.53897,689269157.225673,,220953779.622736,,,11710776.3423978,1443878.85358363,,405003103.291886,254198471.110051
2025-06-29,8960877693.57604,5787313890.54164,346225669.130184,,328696976.355603,431899971.548749,,141707019.748449,,,8680343.35057547,928519.070070686,,217588822.35765,186541726.02209
2025-06-30,14881078675.3668,10236257918.8331,422629715.338497,,546299719.788831,610468369.898337,,222865179.252593,,,10813663.9844135,1032003.03507128,,260677462.870061,233694964.483543
2025-07-01,22489515582.4155,16306915984.9381,695153815.914737,,685730060.096957,945647952.468617,,294658463.502503,,,14164143.58447,1786338.38202829,,370359104.595986,374050420.61738
2025-07-02,25033160828.3091,12933967031.5244,581547247.977057,,631715565.096918,740706410.317578,,235734925.731107,,,11434560.6462396,1800133.35019368,,446768063.362002,263343376.52635
2025-07-03,36395184773.0614,21862573614.1797,758146950.382863,,934344132.038169,1296201165.04919,,394827228.074416,,,14111818.9818439,1614823.39530975,,299419836.69519,445375444.283153
2025-07-04,29892049537.6286,19823369642.6261,713062571.721292,,723259758.261392,1460263401.58768,,326665018.203392,,,16536679.3392629,1324490.02177329,,343631043.81645,436381318.635767
2025-07-05,24248906784.5738,16377116416.187,635866546.314622,,539620249.51397,1166672769.5389,,292828126.09143,,,10350868.5186893,612431.37910109,,313725030.351208,322119737.608196
2025-07-06,10042942280.9669,6801276942.2845,367646275.071665,,287359327.055545,504646523.890461,,116826851.178401,,,7161779.22145241,495819.216670046,,158804411.102659,150501129.111668
2025-07-07,14638669497.3513,9051659015.94997,562060051.242731,,379742988.530596,1283597162.62738,,185522373.310154,,,10371030.412719,508555.141558106,,180079268.06064,215782689.738798
2025-07-08,25493246475.8041,15947822897.0492,646920102.06134,,559194866.581756,1345775650.55882,,196057232.519142,,,12219096.806782,589826.543334072,,199346481.296264,290964863.964755
2025-07-09,20488865138.2765,14750377128.5813,659569899.714009,,487674618.956824,914434551.892389,,236775861.561103,,,212638947.710799,4455548.76953052,,225671151.565546,312192292.225474
2025-07-10,37078460440.6638,26626246774.2447,641678068.168233,,921412284.295238,1840121813.70651,,439493106.510109,,,109986751.550592,3194011.24108701,,309347703.484402,501313692.316322
2025-07-11,56204086624.0403,39308824585.2313,1137433259.72082,,1062017291.45081,4680808041.30296,,650080838.082523,,,41860587.3755571,2925044.91096336,,427150419.118119,599104795.5868
2025-07-12,64185145923.8869,42455550664.5547,1909585413.54927,,2545650162.87282,11922106373.5561,,796701511.903857,,,50010489.680629,3466053.03877798,,532583219.150297,799889986.298403
2025-07-13,24351256098.3935,17472135946.6035,1045215775.10374,,1194202622.65719,4736930630.66887,,510066704.078809,,,47959607.8179693,2003658.57627402,,370026813.139379,395522246.415031
2025-07-14,27310851454.9769,18605172049.0878,827022284.826699,,1350750371.50824,4047927478.51737,,651678640.060399,,,27887314.8482366,1564535.52046725,,307754913.002662,447022165.227123
2025-07-15,68915956378.8045,41336421998.0441,1871816396.54104,,1572853324.24135,7958901487.95169,,666832049.148045,,,62856286.1344453,3465291.61092785,,371335960.638569,762704904.719866
2025-07-16,80299520980.2335,43416230283.766,1508842031.68792,,1354949575.9636,6150062246.88227,,1027776507.60084,,,31298852.0578165,2236664.74210696,,290072537.579015,731482027.389332
2025-07-17,50374263848.7628,54882159731.0286,1723439341.12053,,1385025802.83775,8703908987.23875,,810649954.17488,,,29338901.1058372,2686812.29450006,,314781930.09212,905199506.757812
2025-07-18,49282617205.7266,45678965280.6666,2159930031.48371,,2320405580.94588,10686934874.2772,,1036676835.65481,,,57731131.2893725,2845012.30696829,,348747194.287157,979521172.050295
2025-07-19,58896449260.6939,72535524453.9802,3421946485.40017,,2744061820.58164,22595520295.4633,,1180353240.79539,,,76811436.0523011,4409466.38787874,,738018260.869788,1485104292.16422
2025-07-20,23934511126.3495,27017909119.3848,1435654835.5472,,924051674.374967,13194109287.3186,,780964484.375089,,,30454190.0151489,1226029.49207567,,320956580.344005,639574749.428473
2025-07-21,36702153882.0675,55175056732.0909,1798602738.04952,,1647913109.4549,19568264636.544,,857391466.565762,,,30839121.1620356,2837135.86943903,,664310095.513878,1168459737.11247
2025-07-22,46344384345.3947,47245582310.6099,2452658270.4493,,2186221398.60471,19724089022.9009,,1065018812.67896,,,34043987.0658036,3503678.96093169,,849856914.577192,1075060856.6465
2025-07-23,58939000420.9417,52357062545.1939,2644910595.37656,,1915066491.96797,13570193608.695,,1526819429.31361,,,39285614.1249112,1996545.32236182,,486955532.796052,1071949866.77989
2025-07-24,45225685167.617,47655045407.8986,4430495787.54453,,1761411667.16057,13277090960.1701,,1106861219.60394,,,46342241.8838128,2183639.2802251,,461424210.838457,937113689.412711
2025-07-25,51940414419.3327,47332291813.0117,2578577950.38688,,2046328243.61321,13115780350.7292,,815507488.802309,,,48133432.7860457,1639274.60920887,,693192709.228249,821425507.840497
2025-07-26,91617702596.1035,48622472830.1233,2074059703.48439,,1632181351.14749,10617550354.5921,,696758832.45896,,,45241089.5673198,1007657.26618569,,968120074.87591,781886807.102798
2025-07-27,25145925063.8813,25352434514.73,892831867.565853,,1141573915.97229,2550054072.1875,,580850819.340768,,,42073599.575307,879791.764263197,,276734456.289854,454422165.183439
2025-07-28,30220402191.4677,26045280361.3132,2256704380.67961,,1223441648.32566,2320603450.91498,,584284740.445303,,,42789256.9609986,874207.992490068,,729284302.098579,589291786.408267
2025-07-29,43433742203.6216,38743589826.4213,3011452631.68268,,1539117170.26289,3724637353.29793,,1245944505.51211,,,51205870.0592474,1312621.12115179,,631503125.142123,695066160.240856
2025-07-30,42860287143.6883,34923369443.8746,2130673065.50197,,917245865.072353,2278033222.70929,,792169109.42489,,,117679289.041304,1356749.25129991,,359065445.034951,693472847.596315
2025-07-31,43054424656.5865,28710848449.746,1929266771.61827,,1436810681.84368,2167890918.31919,,679630284.941122,,,54697101.2130472,1426676.22916803,,384244198.58624,631192758.008062
2025-08-01,45238249453.3588,31312115686.8963,1662327372.59842,,927099828.224614,1805683883.51239,,593853611.386126,,,44801632.0796851,1441450.74207438,,401882979.013086,615529255.393552
2025-08-02,65794680822.2525,42431734230.1509,2187208851.56373,,1721833578.4874,3428039994.53551,,786633709.309594,,,50625923.3479478,2938228.97332802,,420563743.157463,1061620959.1127
2025-08-03,33543439044.0979,28164675444.896,937931586.043018,,1148774439.20675,2210274745.36333,,355009730.405385,,,29397741.3454771,775117.143817238,,222845887.187136,457035949.310269
2025-08-04,24689273719.0855,18338718249.1741,843114690.726953,,993385819.09724,1336955076.06509,,272052494.090407,,,27085029.2257519,649102.06148189,,190370670.491495,308670488.410863
2025-08-05,32488023582.8273,28536476594.9539,1043307913.10617,,1165089532.74928,1782468201.57562,,602615457.32586,,,32219695.3172599,1209947.9678643,,392253840.526455,500226474.145838
2025-08-06,37316213251.9717,29411744198.3676,1003756388.56189,,1171851083.22085,1463965752.7265,,435450385.04079,,,29884482.8193292,1887334.23694681,,437739005.909598,546205358.465229
2025-08-07,32052509631.0589,23256150904.8779,990264468.550469,,977023434.496232,1137499719.46107,,365816637.390779,,,36374973.2875995,1801264.73788191,,291286218.715721,352617080.811414
2025-08-08,38289687095.0049,31981627910.7064,1091813946.36908,,838963353.407525,1915221615.44911,,538265754.768839,,,41917269.8226554,2239516.28366792,,710553481.082862,885150540.716942
2025-08-09,33017415812.9735,37861934037.3479,1187794735.3928,,1523418756.04565,2514417767.50509,,714667242.693231,,,56128601.3946519,2207870.91177206,,302219195.092504,1399963096.26973
2025-08-10,27638785406.2106,37686735734.6687,1105210829.29312,,1208313252.432,2862262009.53418,,722337290.899243,,,54612402.8135036,1503618.54256257,,267528183.2944,1479087827.67185
2025-08-11,37157754754.8519,26481154882.3042,1056685905.21382,,1257795443.85886,2105690993.73023,,500049054.145711,,,34228368.1448218,1137509.87925202,,291500314.410436,1541938299.19034
2025-08-12,61739781527.9585,43010572110.8826,1821705477.54533,,1580757170.14556,2650792083.35809,,648375557.81164,,,67366946.237052,1032306.02943091,,488087162.211549,1279140238.94824
2025-08-13,46941089789.5799,52840297700.5949,1904274487.33555,,2317731355.20516,2434867946.6736,,712177648.315514,,,45335032.4710521,1566916.20943462,,544727581.990583,2168138406.63796
2025-08-14,61818118105.5399,58870844448.5935,2344964710.7509,,2732159764.00741,3743269059.85625,,805677962.070973,,,43415143.62389,1681312.92878338,,518727698.885716,2150844950.17422
2025-08-15,73822008367.9968,66924319529.1844,3658447977.41738,,6262477377.0062,5195154170.92872,,1072331324.81162,,,51518441.9823972,1864522.13885954,,441380116.22576,1976977918.75502
2025-08-16,44268714220.021,50038927770.6396,3425180338.79033,,4090456817.79461,4256951653.83785,,1392515239.82706,,,43901816.3265182,2355845.94032458,,333799409.203976,1239354642.57315
2025-08-17,23202714236.5423,21104759591.0615,1194989933.08169,,2594889554.94256,2650090531.49221,,588112044.90003,,,19393370.5771531,554571.468475144,,205892665.310636,1037033532.84675
2025-08-18,20906566026.6454,28100356151.3825,1237130937.21875,,2548707795.18386,2391323803.13488,,687887793.866743,,,24351083.9661659,1114168.44375915,,161812994.167881,2465324803.48059
2025-08-19,47337926940.9857,43935703176.2201,1704077250.46827,,2628037750.19441,3164132782.14625,,841718775.102237,,,32361443.094645,2785381.59701034,,207230823.19839,3457545757.05301
2025-08-20,46156885037.4039,41626342123.3855,1577237801.83506,,3039130017.89046,2846325133.96497,,638960990.426077,,,29252753.0707581,2318611.33550649,,182458932.720821,2362323251.8773
2025-08-21,42166369117.0069,39857177022.8443,2208912960.72544,,2091187849.22925,3185686320.83825,,531335002.438467,,,25269001.437852,1142760.12887668,,172935341.993471,2958604609.54769
2025-08-22,32048202090.6547,21703206731.8316,1808794551.82559,,1533388209.28353,2104104384.24661,,412996790.543128,,,19700025.6141593,520514.334278845,,148139559.615715,2055258640.60097
2025-08-23,50878158870.8293,61856673933.0488,2403982643.65244,,2310244345.97388,4456223342.6748,,947105272.647068,,,44604215.643939,1334486.2922178,,358893625.819445,3359436726.04549
2025-08-24,27306719885.258,27814037595.0946,1414960204.05654,,1547871628.41241,2481978240.02557,,1185828652.00915,,,23944945.188339,700382.636757453,,188766535.060577,1473926729.54311
2025-08-25,40682656776.69,41157770217.9802,1862920203.96394,,2365868259.60113,3119480075.40856,,871197117.107363,,,41553297.6577763,1096329.81371773,,203988198.000261,1652139309.2824
2025-08-26,52854872363.9366,48217069690.8854,1739476008.26012,,2475738564.14361,3209114651.50463,,885697191.601222,,,54352490.0019346,1241300.58531997,,252440013.338166,2043931036.76359
2025-08-27,43023800053.0546,35263906282.1765,1565511904.04862,,1757480771.06286,2156426666.28004,,592638566.092272,,,675038547.846687,539561.201247267,,261209828.070652,1699505523.06146
2025-08-28,36957904262.9958,35898825608.2956,1274918054.42666,,1564491256.74584,2129501447.33231,,737180917.733197,,,1187115083.20893,596528.716291334,,232763270.857074,1504399942.70718
2025-08-29,34222495087.2069,29189873860.2279,1665085112.05718,,1447642760.51891,1798100079.48223,,562577262.796043,,,2583548671.10592,852220.456207279,,144889802.332807,2605168877.646
2025-08-30,51702115726.3896,38006835596.3285,1531055975.68677,,1819818947.7928,2262984917.08562,,776719385.544657,,,729504459.8297,3058641.40085771,,346223953.909741,1757527142.6478
2025-08-31,27799981330.7922,19199178188.1003,732100562.508858,,696060557.701606,953490709.034013,,297854581.362385,,,775780179.438678,1223735.23330166,,186348738.525579,694898947.237809
2025-09-01,26140904019.2468,22269795530.7239,721993472.287329,,962834018.143115,980742706.582192,,293041984.357164,,,266638161.758903,5423813.93641553,,147397318.928047,886116259.500708
2025-09-02,42999610648.393,31725195638.8444,1648305723.80836,,1796172919.7222,2610554715.58238,,723342290.208988,,,279812738.864856,2175684.23819378,,237437698.234708,1332791310.11069
2025-09-03,50235464642.846,32990260980.3412,1322521810.38716,,1490974794.7765,1960119906.04956,,742394892.660938,,,239226403.072944,2310209.78750753,,407838842.361372,1165664199.77149
2025-09-04,36406080683.4275,30818352470.8417,859226298.816796,,1146558111.12801,1644323428.73622,,710427114.615401,,,475627612.761934,2407664.2869297,,528185854.48837,801022248.115606
2025-09-05,38708366685.4315,29893273380.0764,916745033.758285,,1102148615.919,1348159815.40028,,475987760.550823,,,225659327.313591,1131598.58384667,,263520819.839354,862059775.337191
2025-09-06,56020470627.4066,37950930494.8232,987362929.235655,,1121578867.53998,2080964319.06788,,624310150.063879,,,135634703.27801,1222876.92135595,,590812115.94902,1242287053.99876
2025-09-07,19340758702.0763,14497961323.192,841058634.16285,,850472090.66414,1109021902.76862,,267207387.91604,,,78879398.5576407,1256096.48215362,,429918830.816706,513079547.010455
2025-09-08,22147049159.3351,14920604279.6167,923155920.721079,,1021552780.80078,1803098275.17244,,331836086.54198,,,74683424.8300236,1113743.38299615,,171881943.105591,455491255.496676
2025-09-09,37159847899.8603,26393884729.7539,1204256444.21437,,1691794761.10335,3499691101.11917,,625407665.859903,,,90042318.0852626,928887.535175518,,427548285.041968,924811082.631039
2025-09-10,45338021458.3837,28408982228.1704,1062899360.67701,5779762469.17294,1990098821.17108,3983679513.30999,406955713.697973,876504753.646904,258022800.250928,890026087.294422,276493938.500449,137445429.024137,317819242.715234,371780172.289525,1072067158.13174
2025-09-11,52205187155.0557,34848418445.626,1801977169.81099,4348729235.86167,1532700295.74191,2768174631.68248,339419081.923202,1768498183.5699,217299112.311319,590533079.986056,83897263.4536093,119150042.035634,183919579.37986,304360737.061108,831355023.579135
2025-09-12,43752917632.9507,33593064568.9605,1258971255.57673,5399056673.3963,1271457105.86121,3698334549.86805,269826673.635893,1069872134.92157,230145790.298879,852676353.824445,125775163.185077,115877760.380122,174667627.172334,682058898.115314,1094480825.62239
2025-09-13,51192951485.8644,39138140052.5874,1589605226.03395,6431002504.18288,1454391842.86659,4346151545.96575,282321717.865069,848842890.54202,334599913.304332,751366031.355611,64181483.507278,123247304.84864,181317156.60427,355758907.751394,1192749584.91207
2025-09-14,30063858747.7602,30452117451.6836,1640112370.86431,4890402318.79329,1981983107.15991,8814134295.68081,483898390.080417,1526526783.14705,622244686.530841,674623907.840874,59677151.9375825,163267090.454802,197180275.295901,299285440.568311,1049604468.86221
2025-09-15,26889399414.6109,23827529566.9039,1263377077.08919,4717722674.64065,1700018608.61875,5536012339.20009,267364481.900249,1008792730.45727,279728687.325004,570922689.172148,53166725.2217926,104481445.342186,133622322.336018,492512397.440275,720349815.365107
2025-09-16,46947581231.082,33863743706.691,1372293507.034,5703362169.72806,2198306930.35384,5596117361.86642,315040021.625416,1238904142.15245,294870575.434287,813391976.233098,106245349.545141,122042191.451285,189541636.224432,520025576.25947,918188941.805791
2025-09-17,39964451595.0997,28053763147.06,1924151991.3405,4418021933.6751,1535737124.67531,4041455928.52794,294762797.183695,1045888391.13394,188519892.976239,724245434.450379,46815193.9720286,97809750.5626768,159008878.116615,299556501.080902,674528093.968944
2025-09-18,54740952295.3787,41727122821.7689,2455896970.15428,5960257002.77885,2162211909.88388,4796448210.87329,316688009.949989,1184311649.5088,251947286.537136,877358806.533188,50683545.38544,135194630.649335,219757908.5989,697374436.810689,1227425092.97407
2025-09-19,43642467075.2584,29381752919.131,2514178578.72352,6283622329.63061,2320855756.37495,4321656784.85898,418050097.497002,2229303709.17806,230424126.291009,845374653.558062,61153678.2071784,106765138.578593,546748042.612779,1153673828.72904,989436686.65712
2025-09-20,34296721252.33,28156319659.2673,2194041676.02945,4614169289.07877,1874213489.22273,3277904141.69508,642041064.679197,1524905863.38554,206892136.207717,800092953.026793,38347861.5544806,110247334.120566,611912671.941287,488452943.229314,1084916149.46521
2025-09-21,18774953731.2904,14314030981.4541,2616933161.67664,2852138270.23475,1108991095.73944,1792202405.19609,276641975.997413,805376236.298831,135776642.644274,619960830.754406,24874727.0524313,53715976.5665454,352263120.856192,235234580.306753,506621533.175343
2025-09-22,18659113982.4955,15910684640.5819,3053430923.12055,2935908283.60156,835345737.619557,1734698906.30815,199365448.984903,683678353.630037,166345473.414085,546856335.206275,38508622.7906898,57581861.8143756,178665184.13874,159945161.755283,432865158.620464
2025-09-23,69152342029.468,52988093949.5823,3676969354.84922,9546312187.8652,2210789664.52885,5203576972.38722,469857718.487534,2107008468.42203,364014358.870911,1186502650.44683,105921937.522638,164717680.021093,423043157.816559,410718680.13475,1542104352.11561
2025-09-24,46154878824.0435,29902684711.8101,2922340144.91948,5177734080.17734,1348498942.60638,2774165344.54579,235481407.270924,2537438503.6038,198375672.695975,741681579.429159,62527112.4055195,91735441.3283455,391806059.150222,398209739.67548,775415269.592443
2025-09-25,46677543220.3345,29988924904.5822,2488968495.03725,6006921588.57571,1311940099.46031,3202133565.31121,261104554.955164,1377327870.61037,179422529.439487,591074219.565102,63861740.0911128,73568988.7153448,293266759.549395,253341365.744354,822782937.447491
2025-09-26,74481796351.473,63461265827.1959,3413861577.37885,8829708798.42323,2141132625.0271,4145472954.17423,372959427.730368,1638743448.86459,245206755.811664,963065556.815747,68828854.79494,108952384.422322,360457643.225858,436242183.352436,1192541706.68585
2025-09-27,55257214020.5682,43443403793.8523,2464135246.7218,7841983939.97141,1413078427.20112,2901374244.86718,242055573.92636,1642661190.56556,169675994.714864,727778390.53402,96950359.0895358,78782321.2245376,254148826.344898,284520981.479268,842668149.452643
2025-09-28,23294896964.3102,17011629273.3671,1580796543.51552,2726728376.67037,833231521.941054,1270819090.2145,133888779.450077,573273730.168555,103062045.600453,405391036.028525,32554941.8027995,46641265.2947408,104821677.453961,115814957.61324,313062093.552708
2025-09-29,31274654338.5121,21656522951.6247,1062584120.79769,3125937768.25344,707497018.964648,1503357189.3007,182297075.31997,840304215.759837,123061548.663805,358786993.005355,42476916.2136702,55957324.8238807,128911339.333332,236065456.264807,442173273.424278
2025-09-30,57833295882.6579,34604598514.675,2136154304.74823,4981231689.06848,1308146095.20316,2294600863.46768,248625629.726378,1279540364.64293,163405738.981992,497625054.153701,48619663.6507378,69606266.5233442,214719820.572162,266443696.236877,652023156.010047
2025-10-01,57718901820.7062,34013325290.4977,1848197871.39085,4802588407.50758,1028756666.40147,2028125144.74192,186559102.313784,991708161.539438,146902444.725782,612912337.411704,92043611.1809584,72890129.8679461,209550728.529458,304644217.317864,730175845.413927
2025-10-02,69920179085.4708,42741046618.5616,1942259015.30858,6110060192.8702,1697702164.06776,2779083637.10888,263012939.151877,986743876.468018,196222424.603064,708940455.221127,70012158.42421,85360191.8027214,291197730.452007,435182058.335882,864069508.549756
2025-10-03,71252850672.7525,41104321433.1196,2670147496.08917,6959329544.208,1721167459.18076,3461397003.07615,355379316.089993,1572235241.43193,218351176.937978,650976968.297827,139715725.158349,103845129.906085,321072861.911779,396148473.893036,982405644.399316
2025-10-04,83155430408.518,45970576945.0969,4899140228.34219,6731126091.33951,1333990265.72009,3163596710.69284,311115625.107602,1137839386.87365,220993648.701567,731208417.408246,53002649.2424,88884088.0005708,327531435.118599,330956096.445198,992603770.362649
2025-10-05,35161626561.8092,20597928707.8652,1730597418.83292,3974053735.7335,1202387524.70483,1913004411.66091,210930405.541499,672301196.640647,141273179.46336,459534594.796159,40044510.0805604,62398151.0133533,205981245.566545,211123982.083657,635727402.644737
2025-10-06,72011486031.2657,40355486904.3112,2435796155.37509,5225328731.73918,1583032733.66245,3110470554.80308,273447619.127371,784479884.407283,296279313.726632,584954672.349671,35387637.9000546,69701910.7756116,348108872.92032,272360367.448463,868885670.896984
2025-10-07,69605991064.7238,41164885082.6579,4284366311.14918,6276385267.74416,1756667037.60166,3799101519.92058,359307383.29359,806397040.036853,203903716.106391,747413001.441857,48400485.2960057,126081542.649327,289067568.768594,201920520.547594,1225981903.06633
2025-10-08,76087884719.8003,49804861778.9329,9739890116.46444,6973553770.3628,1827010736.91371,3858405947.09366,345939632.550394,1090440643.18916,234034472.542821,792743276.399546,45203506.4414882,123328567.155326,359205328.478929,264661081.047729,1317033621.47483
2025-10-09,62576032795.3672,36623453162.8216,5632418876.31924,4524504225.60212,1241767946.10399,2833194614.21403,266884496.060603,711369184.519935,156382865.355498,770958497.083553,45437328.1589939,83924531.2865449,279120532.076499,170928141.302772,795607117.703652
2025-10-10,72097306668.9136,42731695438.8799,6718668117.9322,5321345626.7661,1113414734.08758,2920843495.68161,274381575.929375,588999254.424193,175571467.671818,758191066.430364,43471695.7138783,98381112.1245057,282630294.769993,231222604.62014,886727668.448704
2025-10-11,151002213089.876,90784076986.425,8685141976.34412,14527451740.6545,4192415361.84567,8100992365.57824,1093013309.10558,2229479554.2709,540813334.096109,1532851312.10512,145938793.571204,259933392.90273,1018619995.09241,795646100.587783,3492289896.23069
2025-10-12,108643865752.177,54140013164.1983,6948428633.0563,10663249600.8319,2973633773.2386,6261439168.80974,803593346.617029,1534245528.45489,446229025.873041,1019995683.81964,90869499.9819616,161819855.992722,529283670.303413,492312539.196055,2058149341.80188
2025-10-13,93857100744.1245,57642806541.6137,9048144207.20809,9631722980.0037,1848585986.32073,4841592543.58754,402388835.105281,1236281983.09987,314840385.44912,1008044674.11446,69466465.0078527,116029198.295788,438552995.784069,363206423.357373,1335756444.74705
2025-10-14,68935270367.0403,46426992105.1669,9460068400.64173,8245602245.56877,2048211445.76156,4517341896.36684,459281449.13264,1575332377.44383,341189261.582432,816556204.629955,44320251.7231687,109302591.091633,445220495.951311,280828097.984109,1463517497.01443
2025-10-15,91211854988.9152,62876294833.9764,8825438559.50392,7790438551.14772,2015894272.04328,4523252918.61347,417276231.492936,1221356131.04307,262586378.995077,1363287386.54781,52029786.319847,141289668.757943,397967790.652367,609517266.087888,1402051330.36424
2025-10-16,68877328886.4026,44806571765.1694,4682445531.80615,5113981094.09099,1107756710.73837,2627147443.74391,290252156.722991,722670916.187724,165986025.425324,1021157139.1882,43457064.1279011,91687884.0355276,268658510.91007,232315105.296696,943398232.140357
2025-10-17,84773160808.274,44673230678.7307,4415901608.81167,6480091801.45261,1511932115.79574,3241355827.07468,355524651.03608,800034957.589291,198964900.66821,1012388041.98172,39778037.9738769,98496753.1198752,244793333.239375,267384273.734628,965582059.872717
2025-10-18,94325236794.7816,52519500424.672,5491967100.57425,7138067279.42238,1855449466.49049,3111350004.41042,375187905.774447,896595119.620578,261299504.063858,1049390903.78681,54300686.3739596,94254117.103475,258732421.442601,513067923.385885,1329412619.37248
2025-10-19,34412835719.6129,19845543405.3855,2404645661.28663,2539623709.4048,505111912.246217,1190809147.21507,128143152.756567,329306081.097754,122392980.18708,467289295.915097,23693314.3455276,48917626.9277818,110552020.079753,188414673.698353,436175455.253994
2025-10-20,45373692612.3944,29233928200.2202,2451498835.80706,2947463809.10717,812048809.455059,1874656604.62807,183245617.632036,439481291.653209,141835444.802353,447351563.768739,24871721.4021525,51715644.5780073,186006341.274397,249121788.39001,683326459.349044
2025-10-21,60452111148.1401,35767064768.0073,3059042679.75933,4217817684.3351,1256409525.58878,1988836300.04095,216338764.437036,575527072.268447,153796602.919758,623652835.672392,34941426.8079458,76926568.2750865,177171325.396963,293636138.213091,1339014493.82421
2025-10-22,105841401713.002,46069514674.1589,3312841993.61515,4700479126.34099,1373643923.60807,2606141928.3068,275040956.457069,636491903.465098,202059394.451687,784408874.273573,30812862.7082116,78454874.5356425,222461517.296683,543612516.900245,1336911682.03525
2025-10-23,83996418125.931,41712359613.7061,2524047906.40617,4117803198.46909,1281071807.0111,2371226307.50744,254475692.973418,551414294.400721,182198249.914116,1039992612.66784,29350915.2082511,81327401.3168488,192151647.785619,241699045.755939,951719678.198183
2025-10-24,56192643013.5706,32116755772.619,4658465652.1153,2805206365.04836,741364681.440461,1629446544.64876,169109199.387431,425288621.260143,152109140.58211,778284674.113022,22063244.7326578,46858424.2646011,157850971.485451,606369081.835179,692671551.261655
2025-10-25,49120903424.3449,30026152396.5702,2264878475.24328,3957219500.76778,1057107725.30103,1406384513.70779,173832044.9387,419029070.800412,116783130.32994,971313780.977306,28967991.2797295,57452560.0495903,143256182.261019,289592007.038452,655205340.954334
2025-10-26,23214874411.2122,12389144280.8248,1179990839.91698,3476558122.06258,702615038.761235,1075226620.25158,95098002.4190207,262264060.574643,88272379.871699,994561153.664999,21818516.2396025,30544921.0948258,98118471.3406581,266591850.476286,332518113.191833
2025-10-27,42483268634.1871,25813518444.0085,1658756855.77143,3352897036.20162,754305245.169944,1581145815.65726,157176245.218509,550886495.489606,134586729.665346,820928684.968699,19322362.5228559,55953219.403512,154402894.535125,523724011.177335,666658541.5314
2025-10-28,63764801510.6589,36948961061.031,3216378789.24794,4581419643.33728,1128518779.40959,1848345428.04835,201318813.119193,495121219.888023,178748244.228256,699176972.850856,19794759.3844054,59915605.1343523,187543828.116083,520368241.963413,864260537.271693
2025-10-29,66299512352.178,35659878225.7007,3071983545.35356,5077371785.7584,1756532959.56272,2597073599.56791,700054276.394671,537331702.01996,145311794.283554,732072857.008097,68223456.6137933,76076436.1651208,209461295.203541,631582693.8182,863273236.7214
2025-10-30,64235327509.0574,33522381291.7697,3099158245.61729,4668881978.99861,1356729248.12119,2375728222.56651,298000187.622394,473785423.138479,193998034.021023,833024849.341596,31202624.5080861,60636805.4297489,188756790.963636,440593784.673692,997251207.739992
2025-10-31,72648897659.9423,36685058456.4792,3106355168.68064,5582711994.93922,1448848330.39869,2891292517.56667,339965737.063706,644183268.562486,197138811.404876,1214266453.72675,26793734.4628712,91360637.3077972,210378651.838103,476096925.11523,1176117536.31674
2025-11-01,58800487940.5146,32814597904.0795,3113520722.18213,4396874744.2508,1075511005.99298,1466701649.80355,197436287.981757,455639621.316314,151633422.435646,577248314.245067,24599457.3256562,67240744.0964898,174396069.241703,423167695.405993,791395393.407222
2025-11-02,24938475577.8499,12518543682.643,1037807355.60515,1724358349.28693,724185412.805023,789950913.185005,171521382.230864,270653007.542322,102797780.440733,384107197.861204,14991383.8207275,65155351.9145991,177856611.355602,283474201.884214,403826621.61157
2025-11-03,35098774843.7742,15511617607.5022,1031503124.65004,2165286881.6202,734062923.946984,900673677.726032,201998497.485144,291861772.674955,116413057.563203,372434786.837924,17920908.1269082,55160317.9857241,176005391.892386,294372178.236111,495467672.994279
2025-11-04,75068433317.8629,47914058739.6887,3894432183.73409,5863736751.85188,1455443642.72328,3426878777.34701,370020636.249466,793142125.794418,220591791.120636,1522475914.9128,35196647.3602624,117963067.761898,307613310.686377,363795758.388147,1367648302.37987
2025-11-05,108965721650.603,68784285690.8713,4592001913.65361,9099211476.07141,2023235265.06445,4512763314.77479,388921348.914258,876206242.202122,299603284.591673,1634271108.39378,59377628.6720014,119570089.796827,368791476.237188,390258910.413091,1641693869.08464
2025-11-06,77083907216.6263,44374527842.8568,2676495284.58513,6437838342.03675,1334395075.5401,2113003898.91255,257597701.157017,550003684.657745,192514041.924094,749213927.708018,43883528.4886397,81806060.5698308,255009830.473476,212612238.645255,954677202.508535
2025-11-07,64118217249.5744,33880974985.8221,1960406697.59142,5338941722.06166,1050739310.27776,1761191836.43774,291541103.167051,450122345.600968,149639773.519642,556516368.954112,24010890.8117148,57216747.3557668,429920497.821853,175817848.368206,731134977.078549
2025-11-08,93627003785.3102,38972602140.8499,2698061350.92592,5583858447.57201,1522536423.3685,2851625365.59007,832214580.418509,853398496.88906,274968605.650557,878093204.72204,56032669.4147781,97631310.7557797,1694706338.09144,685182896.48012,1058473856.94654
2025-11-09,51095924202.318,20876971421.9016,1880988393.99049,2951176618.71353,1057238243.47555,2106413764.22309,670484539.236852,523391730.388335,182803838.056046,493879675.502906,24706115.6481941,67605799.630797,1403154841.27314,157012122.837837,735660483.208445
2025-11-10,59952468437.7181,25994213654.369,1718843151.68789,2983765683.33792,923546078.196485,1521006933.24101,426634070.693338,409103601.935162,160166742.488253,412363165.950327,21541519.6756293,57141903.6239814,1145622498.72989,183962540.133048,616813233.749264
2025-11-11,67546556819.5264,31866555691.6727,1834279454.13108,5957396504.57714,1054764298.33817,2095025563.85743,406652128.788042,510554411.808226,182294227.838948,581947699.600083,41514926.4929108,76632565.5429783,784530756.361966,244543305.83993,826700013.589477
2025-11-12,71008299178.7396,36501187500.2374,1720439846.71323,4127451459.31061,1031029185.94208,1988978371.39188,358943921.887989,486015557.801844,145343009.774421,732122724.150457,29644269.4457881,77288152.5446996,496404888.999006,373846602.688701,748041988.848179
2025-11-13,63332414142.5883,31722707429.9191,1547574582.80276,4420961765.05647,730404055.518572,1713240661.56061,278092747.220893,428287835.332865,159295009.314976,707878535.19188,20566304.4651623,80338368.071504,363612541.387907,289737652.72012,812641848.787174
2025-11-14,100463341916.473,47957135381.4306,2123958787.80425,7201868744.56064,1212570625.33283,2562744822.68743,309987571.539069,600549769.00966,174365915.455974,904450656.726637,31105308.8731908,125574570.666363,373116582.223617,440201128.20512,1011375216.46912
2025-11-15,113198323665.389,45035057857.2253,2858531583.35705,6710968069.82753,1397940395.68402,2934556865.11462,345631367.386973,712923767.324933,178593474.078378,1221190828.69914,38084517.2822335,163149357.930415,437851478.151123,341396871.258953,1115623021.59486
2025-11-16,39062120798.2374,19159039393.7973,1205241688.99158,2804052321.77632,683217505.008395,1223449546.63169,191103716.896108,265891752.143342,112217033.228781,544649952.40401,20564307.9518626,69936902.6932461,427686204.173869,293344185.830162,479796736.523909
2025-11-17,72645149972.7847,30332766567.57,1919661054.37517,4122565537.65817,1187911953.36011,1692258688.58152,217677597.516682,459869000.252118,141416882.863618,940823226.518736,25376129.8221431,92914030.4170623,511661744.234671,220365761.626035,790848426.267521
2025-11-18,95794596045.0641,39723178401.3899,3283503372.74414,5961092428.32382,1319806242.55704,2717616379.73045,265288089.907606,614505657.95588,151958633.122871,987864222.947311,38099972.8873809,120811560.307843,463734018.50005,298584360.976436,870316488.412564
2025-11-19,103837258806.016,40531057646.6595,3005015188.21274,5619054259.06181,1243310089.04848,2393557029.34225,252374238.251875,554386484.314447,146919568.761012,1022970221.80703,42855841.741736,122528061.114933,516480829.054966,534578863.230077,829329858.382915
2025-11-20,82897875507.4523,39173261740.0315,2476207348.34808,6046696552.09439,1186593877.03059,2189972407.90794,223151763.190415,493257672.192906,174146519.187057,893410330.461638,41300914.5742658,81001140.8540357,499895897.779779,337116184.437703,854069510.962278
2025-11-21,99171039191.1295,41625324784.9639,2488925141.77571,6586717744.01861,1104254926.75454,2468814238.22011,271554430.693595,543823732.184027,160498395.846466,876637489.740682,35696376.0538605,105772970.260126,506226927.010784,406310626.665033,1031352900.20402
2025-11-22,135093457122.465,49920072209.1785,4424065641.1579,8745429497.04679,1640936233.16247,3589044220.79861,325554149.391773,705304061.356777,227443119.124839,1497331716.62693,43448465.2405372,137073102.169283,520902690.498419,833680868.710865,1328217353.42014
2025-11-23,42644968955.2184,15277324087.1223,1537890915.9081,2948690879.78479,693509352.160263,1492192275.72811,162664534.802289,369513889.63479,115006087.620769,743578767.246408,20136414.106322,68959919.9067191,249252217.602044,800039115.747665,522965003.2507
2025-11-24,60446592409.2922,20170660685.0788,1306002441.43635,4002055288.70357,785336296.671062,1306921819.15931,162615109.377967,304950983.145898,113936937.971303,504727416.901591,47075886.9924931,58207254.2064079,230130407.773018,450962209.254151,598974855.013149
2025-11-25,77606296173.4354,32699089921.1783,2065041400.95888,6557948088.87203,953657437.044686,1856045680.00887,230713437.336624,461012003.882181,147905597.52374,740055861.978676,31689842.1202914,102162966.956805,360676508.62051,436598239.337379,726526723.866147
2025-11-26,67956444142.1875,23359001752.7805,1496962340.51301,4893770222.93665,795047890.39485,1547034401.04439,192351115.441069,439606677.881649,147227938.378495,695824754.127975,26122292.9226922,79988858.1160428,262374702.654775,335838168.285175,686424384.878208
2025-11-27,69690430587.9002,21096541004.2691,1449103064.21851,3864980774.47123,732834736.306961,1513151991.02296,151247941.575453,436666960.025534,149651703.671884,518541429.177679,22061641.6113924,71577321.1843622,171997080.335314,495773513.824695,575864023.33378
2025-11-28,59295194347.6686,16563145331.4376,1318329005.59335,2726085217.20277,638467716.822039,920734455.214468,127880229.650716,397366226.621322,109945890.610763,500411719.288851,15889808.3041914,61498856.4695136,137401154.958385,294963424.0739,443069673.33358
2025-11-29,62833195066.5399,20184482703.1633,1145367682.77076,4166261166.88788,590579772.729677,1272576836.80787,147450346.856731,402073237.311117,142267605.282796,591763819.136469,18636615.6980897,71466998.1440522,154509042.065687,577071659.86694,473743254.044861
2025-11-30,39253888201.6933,12634811464.6038,865485146.807816,2086873493.91068,370607062.433393,653723151.066457,88632309.2584165,280897825.155136,83808666.9447922,348240189.303252,12508206.4952711,44849466.6362109,101496986.80596,400705759.436771,304587151.494388
2025-12-01,40334819409.8435,11969903297.073,934390096.087282,1875297052.09707,552633542.543152,721432628.548618,82584163.8190011,341687395.278822,84611533.4188591,394969621.665393,12109277.5496266,41539712.3075411,107803689.093598,453798435.497523,326971610.390529
2025-12-02,92988982967.246,37491168510.0945,2564710118.03214,5252157088.01203,1200916999.39724,1969111942.41691,284668829.457783,477437604.243044,158394902.864052,983841642.060823,26024341.4557571,111640304.23093,258482484.765408,517289946.364555,909201029.436587
2025-12-03,83138039128.8135,27518473791.0893,1999384470.04569,4354900493.85988,806290998.032487,1467716733.39964,224514103.480806,520134300.159958,140371025.33145,683804275.082379,27903367.63735,96294156.5784871,260510095.297151,460142547.802761,836988942.170095
2025-12-04,81429135004.883,30631265956.3282,2062726216.67778,3877677225.4904,1120115996.1626,1463453403.09809,212983595.749504,634245660.206983,258692415.350056,600881754.506717,20356081.2461757,89319298.0061744,240439003.071928,719435015.799273,1285186576.23526
2025-12-05,67878296355.0259,27914236368.1875,1687004005.88642,3381495523.13389,619788412.763615,1199996534.80577,180712565.927456,413243876.647443,120704091.355703,623775454.288052,15488406.1645284,61627063.4613149,204116979.838903,369663643.398041,745916028.260801
2025-12-06,50193142876.7439,27606937714.5719,1528242896.56256,3202740426.1023,654860340.495839,1214940408.84885,172668485.874737,441590504.154242,123305798.026078,760021811.976966,17261305.1063027,70184064.553456,198344114.679793,312757989.867945,680919178.00216
2025-12-07,24818678152.4999,11344831475.8773,976591575.868703,1741973347.7826,354434218.546596,665841222.598522,126423801.924523,296366767.284195,104616428.102967,529471115.124191,10536563.2242999,51617927.5064977,158812742.956566,339753889.17478,482121614.049339
2025-12-08,33912893266.9087,19363787894.9365,1267574110.81701,2814174580.1857,618797400.68118,1063844819.64068,170762888.872081,362568489.527121,98781563.4858348,566085157.776265,15045767.3053834,57407594.1199831,182471666.928033,345094070.846094,635701236.792775
2025-12-09,45466493941.4045,25795397174.943,1425833774.24886,2946868587.67623,635784215.739138,1129204428.95115,193984421.022304,329481383.518599,109571680.754469,548640998.146614,16196730.2333669,62398853.5763944,178299954.922669,296659007.820288,592076015.838031
2025-12-10,54575121853.6453,34333058805.5693,1958799168.6373,3532804844.28416,1359200478.50563,1718540912.26394,249974617.626082,476216344.2427,153877210.465586,662570473.879231,17831838.4974838,73031005.0911362,218508432.196967,410132248.575012,760413443.816815
2025-12-11,52189659395.7565,31463676851.5798,1842912394.87313,3816532715.77364,1039978623.41207,1447500678.61223,198437903.856774,445546310.625193,148052743.25607,656409929.810104,16816369.5772819,66694258.0418141,204151458.901098,454556566.393522,815667919.516888
2025-12-12,53232377699.4084,29805046870.5563,1658559102.78957,3619433671.92263,1204479699.80934,1496443910.42023,259891633.248553,487525022.774471,130344168.778569,606774229.869196,18372380.6939727,65613935.7299984,195098962.033283,335182479.118033,715116690.367955
2025-12-13,67750393558.6294,25083388430.4161,1215709823.98187,2573443943.10244,738086725.075363,1073821005.30006,193301325.533027,347710093.143682,111121349.451081,536935600.310819,15717805.4549547,66147589.2360025,176904278.552871,351736007.115482,596693694.002321
2025-12-14,35222775785.4021,10086309656.9176,871174991.103443,1638329045.96171,356792621.375629,507076566.200121,98593284.7323873,231300931.183744,82264251.4708327,407039142.605062,8703156.16728753,36932661.9427138,110414432.366367,189873174.261989,310660808.175043
2025-12-15,33808538697.0424,17335964454.1118,1017448639.11545,1662227235.92014,544839103.686658,832606252.981454,166725971.907524,252557239.397343,96450768.0850779,554019621.207535,11418451.1578072,46445871.4648548,145412075.497663,248095212.285515,382773111.677986
2025-12-16,50630498834.0551,30596317990.0056,1757948457.19413,3359008503.24045,672078730.381879,1316670944.96946,206162028.411791,427348253.767501,119620731.720677,823188061.13737,32981506.1694395,86503209.8908311,225439524.477351,326133714.308604,672877620.345804
2025-12-17,48317754254.7028,25164041190.9929,1850367940.896,3005631457.53386,561447525.983669,1055650226.58462,170436664.683954,386076688.344569,107716022.795207,564603493.16549,20142518.3229963,69272406.7126685,238203224.899966,280180728.475714,565465133.93811
2025-12-18,48886793507.6563,26836168118.6155,2500106186.25444,3390182058.28441,658953122.777183,1340216870.55054,192269245.184052,402818121.071931,118894596.48519,619087462.347645,20303274.8958866,74309341.6606688,193132621.095473,319084740.21903,659783494.807295
2025-12-19,58649139178.5119,30216518962.5593,2791384030.48377,3612274082.32821,707615843.212031,1757030418.01588,220577132.190152,466908664.655186,183069640.342186,612100812.039285,19628419.1124649,103328147.521137,266513356.820613,540627833.960899,713533147.227975
2025-12-20,51932451056.5006,28622463845.6973,5670988452.81166,3828265033.46978,601743512.814888,1468906026.84057,172329335.657158,430614888.091605,143968526.458921,587839889.04254,17431263.6624916,76240675.636921,207786309.028087,620311712.888396,583755724.32784
2025-12-21,17103607834.7801,9046978663.97416,717833507.149801,1932779389.37834,316956270.740317,517883479.213873,82985673.2955748,152275901.577567,73747796.0725477,412534506.547283,15928005.172603,42527657.4160701,92624218.1602815,392322870.598112,248692596.727274
2025-12-22,22541294542.3231,11543764853.4474,803727030.215595,2382840270.57552,454567351.161534,637658360.821694,120898153.031619,205598300.180165,80842978.9721682,584677685.885754,10969230.0485668,37885138.5843591,124457790.318394,256166168.095401,346962001.974122
2025-12-23,41948947368.2102,21151887764.719,1315641870.27617,2651446686.99011,600451736.334131,1076904263.45951,178720197.733631,378980121.736152,110199719.190811,632426271.234852,12667268.242143,52855600.51292,181010832.421467,421450652.66796,504340347.385071
2025-12-24,46353794741.51,23108092257.3506,995532572.412173,2189849525.0701,463350269.828867,936274179.54668,121384243.565701,340061655.6634,94461900.0795228,450804857.642216,11032691.0455151,45464118.3491309,143908614.246126,348494657.565249,441211305.862015
2025-12-25,29100645180.04,14559942619.2786,848705458.582447,1861506176.41593,422211439.965528,606433366.942886,101799319.807623,221990355.313233,91594507.2685835,564015869.551907,11370298.4112963,35113298.5778638,117698575.509466,296557997.357645,306210115.613076
2025-12-26,22773603342.3264,11886240841.229,735682841.264033,1493330838.05139,519812095.135034,719527790.079642,104181697.142597,272917026.134004,83693950.2643387,432864667.42404,10441813.5179639,40200994.689671,117235165.117036,334382541.799183,250863241.686916
2025-12-27,47130449135.7867,19054108852.2361,1083838293.2384,2209256420.99058,513726852.5794,1092602992.68546,152164407.26677,284604654.36711,103732779.986097,440197981.135073,11380066.9263663,40721916.8077707,172733684.077862,362007188.417138,333247957.423522
2025-12-28,15670944599.6607,7543851649.16636,726652124.570283,1072203696.99623,400225355.12177,497107048.121814,196254500.371885,191692299.03655,79168902.4236479,455499389.390052,9105104.4382495,37552204.840799,109093464.85311,298988474.261787,217499513.295078
2025-12-29,17428479525.1991,9618433974.57229,728494104.543843,1051639406.55072,469171300.473406,473196468.448497,118771125.725725,230602473.373704,76352655.2605515,437973802.328797,11750504.5892681,42588399.7077181,104992539.442427,348125632.492469,260215564.784354
2025-12-30,53957962807.9888,28073445244.4815,1260449454.77809,2154437316.70444,744531042.218793,1061416930.68359,154865299.503863,406840522.493836,98508421.5009216,601758499.73036,13231266.9866795,48796615.2955051,150527618.315535,534629263.630042,473320525.629501
2025-12-31,39734225800.0792,18029693561.0706,1465833722.20475,1770784550.6482,492919084.78919,906778692.295554,118585417.961563,235973117.139523,81261167.842656,476568993.515233,16995844.3360351,46423916.5773141,104452057.972686,400579725.460534,313689783.86909
2026-01-01,37245075349.0277,16641494487.0956,1936922574.93227,1986683249.25101,603044492.535411,1007820054.81798,108048762.520511,245823200.150363,105619200.035858,442849572.788178,20980244.2923596,49089297.7601827,108036527.588922,228258095.37195,321726672.017834
2026-01-02,21163124465.2058,10247591868.3968,997547906.59929,1320741185.27586,529793024.455406,1300858443.79373,220364810.800634,459571599.251771,112081664.812582,378160932.799459,15577770.4771704,57118341.255298,138277018.404823,242413927.234639,266407225.393461
2026-01-03,50705395175.7333,25946903012.6738,1650776021.92642,3943913978.38113,964111193.55516,3157651397.33402,261730323.265523,476058828.1896,239764661.876859,511880965.515889,21184391.9927426,76810818.2693204,182577283.970485,410946789.481714,634711461.06355
2026-01-04,23480735292.7611,12643882377.4107,1018610976.0005,2137653321.69223,542370995.386026,1551881204.11094,169340815.134094,379242798.17175,137015727.591415,512651595.263559,21924118.8344642,57797903.4024395,123382261.486349,629869804.493104,341489521.645293
2026-01-05,31050236622.949,14200482273.251,1279357981.98781,3491447473.34613,668421992.430763,2334478146.09509,127887094.804382,328081565.567711,360069413.265226,509288526.433979,23392312.5187231,61884539.1960094,138949707.599591,516494362.142828,378918562.042603
2026-01-06,59451605754.8414,29465114559.5191,1534918832.29045,6981059724.11928,928849196.165335,2070348594.23983,224784785.458712,474795330.307883,453425769.012996,623057945.880306,26836177.9252696,77824251.2792415,269723496.301197,593706826.169184,704690545.377332
2026-01-07,57439451725.51,28511408890.5117,1617407942.47181,7718903451.34348,917505274.359948,2198136226.93618,230504417.709691,495185746.995374,288860006.916816,567088904.937956,25419302.5954988,109445739.731363,278461175.47709,420351816.229879,788016007.024994
2026-01-08,47910812257.0495,22954348981.5896,1669040949.198,3933188250.08572,576256667.095825,1434882082.20534,141131941.579525,350097971.479004,145677635.136675,661279816.751396,18893461.8168079,87786758.8268105,181643902.950155,212665436.051221,536648700.894538
2026-01-09,48319133568.4692,21609631690.5025,1512007590.31791,5270459509.9831,649804797.515118,1588958622.06786,135512790.664128,293990229.127827,146151635.48561,626898944.931327,24936813.6994219,141414460.282771,204656690.210962,401508618.565444,470445311.92405
2026-01-10,14103174744.5824,6904916779.48769,1313467879.13578,1257671957.01479,248594082.27651,448778046.405372,70812825.3659572,132909804.716996,69460420.5075848,500461113.641793,9785838.00221997,616061976.20942,90804188.4954616,209496984.448366,197503851.448963
2026-01-11,18718274267.5838,10031000942.1367,1115968220.47315,1621033948.44335,357431399.144265,751181731.545172,75286830.5289062,176014261.182177,87815747.8020416,592866073.185355,9892547.32578832,405349263.979453,106598416.057164,594040337.976088,223511401.795061
2026-01-12,48349188110.0593,22105748062.6818,1384384116.91029,3611155828.84433,581786009.148423,1265352949.55628,133023514.760603,427302437.587805,117934727.820358,534693362.500024,14646680.8853116,276872082.796032,202578346.143941,666418436.932211,407856707.401225
2026-01-13,64176799748.9921,29607110697.3352,2936438465.2754,3813904565.06516,776459811.654064,1727451019.02845,328346962.087644,639904931.188326,168161083.507198,695814116.531617,16072447.2852565,228530320.269709,363049651.38379,726155956.910184,580820714.151038
2026-01-14,70503149367.2411,37677496978.9795,2285347436.69377,4829582391.494,815679205.892143,1846826987.78499,210850952.432953,495792974.659929,228413216.232742,711828813.282201,23076400.8175768,194520772.768805,249448546.875938,775716433.123714,656361555.483105
2026-01-15,59852442785.964,28578826796.9674,1695664637.67855,3199180771.67715,646982273.048204,1455173580.44392,161551566.10154,387221610.143039,128913873.906832,880538261.84282,15547296.6191598,142825567.534963,193210305.886472,1045723853.16495,574313063.816237
2026-01-16,37633903622.1763,23030407656.8747,1176501644.6419,2308665708.41956,530797525.641592,1320387123.44972,145300450.570838,351781469.024893,109318892.002805,585724436.803121,35369235.29499,104291057.924039,145397700.960917,619500321.182908,373723139.69775
2026-01-17,17837040107.8347,11824219705.2646,1208183145.60553,1419847983.47786,343322782.405575,609637282.613403,154652124.231714,217137205.17944,80999208.9280875,1621013694.05446,16849764.5414105,87341990.383795,152678997.279244,382393467.133462,223258807.388668
2026-01-18,19527179916.6591,13237531438.9241,1129382244.08567,1152565618.08055,316610116.933847,527669367.320408,107460335.792203,178314605.504073,77255883.4289189,616726126.048404,10961029.7303251,72919621.6326786,149246451.858363,225327938.313543,245840294.955642
2026-01-19,45622787259.8032,30528497104.8913,2585526629.56327,4369521159.07528,974134939.16528,2095385957.64407,261983548.157443,486690287.208123,173178353.517422,868318899.227874,29503864.4472,136647468.545874,328917408.489579,456075949.045411,674122128.970268
2026-01-20,59433891941.7454,33795991122.8702,2244929318.41511,3821598203.14153,695911185.413664,1253892391.41705,170515493.553348,395269460.095421,129979863.366659,844333495.394496,28774337.6616777,86886527.6645159,197938197.052383,457486363.845465,433668438.397154
2026-01-21,64076046994.5623,37325494600.5567,3282345598.03847,4324568668.62924,651520133.274709,1434602358.05948,152291255.990496,423026214.082903,125275055.559241,778649828.408659,17131673.732057,115945637.123828,198215169.180564,530937289.928018,514326317.516983
2026-01-22,40392510362.0196,23221453823.3806,1245688948.44165,2557781330.93615,394195041.655581,815623980.262825,89306227.79242,237733374.025286,93256954.09215,678792518.435018,13400676.0826705,88841598.586664,118404077.382037,285760298.963604,325125942.982664
2026-01-23,43929022615.619,23112690307.3627,1141211853.51938,2496458805.26558,400821840.760418,830546528.597035,108928815.989861,280174990.678255,104400031.288033,767763310.015372,12441259.4990476,76862598.5697219,108050798.603896,305882217.923377,274616621.679087
2026-01-24,16452069441.6072,8265951909.95458,613462224.474287,998434701.379323,190299502.503696,354806510.640244,55930232.2030135,114548387.525259,65722027.3104242,491726207.885935,13062259.9558093,45297612.5507011,59973352.7473305,165194732.150715,166732311.14424
2026-01-25,37859875218.08,21911372401.7424,1239446505.33177,2586858861.93236,468334673.058771,943264549.705252,124380164.396095,296436023.431093,98001101.7209869,512025149.744565,18402320.7210031,63739986.8383044,123256111.728232,317945649.006064,423567794.536348
2026-01-26,51584051526.7681,31013802835.9026,1301745743.18753,3087921400.26528,463410975.788877,1092552558.58072,118469803.215895,297381454.354977,104150119.481603,506920554.134993,12809941.7100303,63858975.1634271,110208030.850358,278824252.324016,372476357.069196
2026-01-27,43848270045.9677,27972138414.5157,1229503251.41343,2179614463.69499,435670048.479895,1015309358.39855,91114649.0544678,281676899.122219,96907411.8970254,480346373.106266,12170940.1639206,80269885.6874157,106484929.707142,355111553.650832,351095010.059159
2026-01-28,45537895365.9505,23347648110.5746,1218141945.28864,2298950688.54011,426770396.550936,1031953990.11006,125247298.265057,269822344.770225,104737275.030656,594536906.337749,11308300.9484719,70295657.6483284,117619144.843276,280779904.823883,329873162.89731
2026-01-29,69893676818.5637,37779725278.028,3177120617.59726,4557493973.078,625630678.857558,1736455336.03853,159607452.848529,500026359.178222,141070070.795989,742213130.643399,19420456.8885214,77336857.2524012,174436365.514918,418134376.916305,529071464.198408
2026-01-30,80845220222.5354,43501599988.5907,2423064793.90056,4959790288.86481,726179254.58359,1681105897.03517,178918262.548597,491077661.743252,153197820.7055,933117519.463009,37296883.4635085,81366385.4518784,226609734.129361,478201825.53396,623194825.217948
2026-01-31,76019168736.4791,46798159161.6571,2590368164.77005,5917561344.55522,1352241688.02585,2662346899.77834,259009757.617392,673276723.979833,219440202.121771,888698344.225369,58063111.6031232,114072675.906524,257606063.140292,523711099.140154,884772432.39096
2026-02-01,54017502629.5484,38376202574.6987,1814843353.09548,3747132128.96808,688301389.846145,1456594819.19209,145947271.714347,351048626.289401,157954514.956579,688453986.43186,43406485.4410916,75434400.0900726,175141773.267385,566484298.925918,555870085.37943
2026-02-02,89708527950.5749,54808884261.1766,2511241019.00229,5320280547.55006,875120558.548197,2193528730.16503,191167802.705588,454069308.883838,164405610.393594,980137026.369524,32816738.730382,142231528.346879,222192967.157909,522802137.311553,820836848.342807
2026-02-03,73291609050.9575,47757259412.4675,1938179832.26088,3928908491.97532,711171544.978314,2000266241.71386,214466406.520383,448727595.405188,187235928.893266,772281113.510799,27615275.8026674,127406536.105546,194071899.33581,419375838.613999,643544828.441003
2026-02-04,73045789744.3523,45223380036.003,2558235712.22571,4420714090.92497,743183849.86119,1727769294.20206,165960098.404971,398299365.377227,165472039.592414,783253521.562586,28582036.7758397,75798524.1392959,175484562.942208,431640888.350551,581242323.852092
2026-02-05,140635639166.158,54775440077.7534,4212755048.84678,11563527987.7181,1380143472.61293,3361323229.38276,294970312.009758,827650279.128493,301572206.993572,1252525137.9896,43843060.9846651,146476788.644448,371847475.920858,799729224.459654,1095003409.82607
2026-02-06,132024258013.652,65975302833.6214,3673654120.77753,11830488629.9525,1773834300.71911,3258263469.99221,312573917.483091,703974930.920273,293602914.592035,1236383572.55727,38961406.567758,226567005.934826,348887000.784307,965502561.441256,1125656644.5601
2026-02-07,69565511286.6586,41589315131.2404,1602767880.05197,5217179409.95942,1209429927.50585,1671254421.67263,165018219.946197,397726136.350056,184873915.311322,806521777.467357,21759764.1469449,83594715.7372955,161690529.632384,610861242.576352,639239110.390033
2026-02-08,39885620566.4208,17581750797.0634,924786841.24307,2494002426.57856,743316988.398937,773183879.754186,84965506.9130759,211235011.337521,107648495.937168,542823551.9501,16170236.0639939,46765668.9203525,83495196.072944,304557137.478409,293178689.058943
2026-02-09,58996917412.3902,27902777111.8177,1336018029.02042,3723074280.2768,596256653.36178,1007645661.68573,103591764.323916,264891286.446808,133086684.329711,658000110.723577,18488884.4624072,62114215.0198943,125489018.490772,344171837.755401,384905548.441457
2026-02-10,44352434883.3098,23012363301.1445,995198372.820644,2364698551.95597,368589362.04315,853577461.092192,85030047.5808623,228252276.604018,128851036.922147,557619164.344035,15188371.1550823,66365158.9658778,136438004.110351,342048480.373848,301437779.935689
2026-02-11,54306834841.8603,22967369923.7203,1531804157.91374,3233564313.21005,403612033.514181,1052770726.85171,119071392.548199,309223795.104362,152055563.725789,644222030.480174,19965116.9599746,81452993.4857411,167593965.295597,353306276.959619,399512099.407515
2026-02-12,47942956093.0854,19427316487.6014,978732563.404096,2463800012.10115,451315553.564663,898630874.412962,99723283.7043766,264034922.884087,142645972.502665,621230919.598584,16873585.6804213,87852586.0534262,155633361.678464,270749000.955913,305837857.256939
2026-02-13,44504820255.9521,21080676866.5858,1321271593.09928,2486287955.05118,413162349.536498,918212670.908672,95282864.3000489,248138109.116674,142816405.69814,649599707.275293,15554897.4861172,91808305.803623,136569438.804049,382066091.574077,290626402.354425
2026-02-14,39057623317.8667,23847635996.2853,812918816.465122,2339790120.1897,488037293.210283,1680177988.1003,100960610.712068,235188300.029579,199411995.211697,465058380.487665,23056103.1096321,129505067.237433,145194882.727212,313767286.994408,317380632.865614
2026-02-15,43705863143.9927,30651819439.4754,985167326.074997,5442161597.18616,555191993.192766,2738599137.45529,104851395.172803,260675687.704265,214012856.363496,489183718.623416,15086887.9861337,100053665.200496,159097751.823292,277098162.477192,350426996.469622
2026-02-16,37273468048.0055,20015231093.7516,808010287.197682,3053728507.83689,349110268.257638,1269555759.05686,95896591.3914972,219946184.208065,167922249.280132,564280601.045967,14067458.044291,65311290.9549501,152720573.365856,317424604.41948,260268767.737058
2026-02-17,38395544655.384,20697895276.5602,802097418.123799,2351198776.58933,369593955.20627,1002472978.05267,92039231.0683975,186837844.042273,131860479.571036,572321717.717595,13243582.2606267,68117485.1754397,128917394.129347,284540811.126325,245848676.29061
2026-02-18,36244828945.8187,22147300419.5112,827620567.474464,2080904185.2134,356596117.967464,749795823.448516,92348785.2834462,208727280.913502,109602177.118966,479752891.109041,13346021.296411,79150615.8702093,112972106.37909,257250560.419361,232147677.130784
2026-02-19,34327242105.6028,17186470604.4764,897342334.792853,2360479711.83157,360406213.903906,838182279.349271,91227769.4268826,224606647.74619,111890143.15309,614326600.810208,13487834.4692722,65134332.5725554,113861521.849741,291252271.009197,228402671.699936
2026-02-20,52884092583.5972,21294573167.2342,1136674099.00378,2685797282.29987,502944500.394145,1143928241.31019,128090781.738011,306156081.316528,168018569.719729,694354201.718653,12362414.8660135,69119038.7560357,139074715.741878,438019261.399992,345396593.051348
2026-02-21,20982782461.5358,11137918467.9362,617036401.652455,1407670431.24648,259042022.97372,503390496.676898,90318907.033152,178745982.395955,86102347.6028908,429696939.466395,10149044.1536885,77854323.7298902,120744886.355447,213754535.117895,224264614.707756
2026-02-22,19936754579.7914,9243353029.14919,522094039.006118,1374455329.39098,250466233.018377,544144550.617256,86886421.3814665,193055219.813217,100958630.943994,447014500.573817,9878689.28719972,54777796.2819901,75271781.7909822,338593502.60395,200534108.291334
2026-02-23,56783137049.6079,23592158490.7624,1564558112.88073,3499564684.76073,472680954.910072,1081791764.29676,139938658.96222,330362611.931194,117205208.679446,649454714.443342,15402973.3326522,93367731.2348668,114879321.643868,504314602.589372,388449247.525141
2026-02-24,44949577977.1562,19498501374.6435,1224841278.30905,2743322649.28504,368483110.7807,861328623.613996,127157462.673822,233423932.519174,92168745.6359184,511487681.027476,12171616.5913301,80544349.0394626,89111714.5325345,442076849.19931,293315053.024719
2026-02-25,53953922501.4647,27532647557.0043,2068182027.49403,4689921168.55039,1007687082.86886,1778997149.70033,671081560.370658,651322785.580685,153892556.918293,581569556.958441,13571792.5242727,108532623.117684,288376224.359723,452383820.048049,598304564.378034
2026-02-26,47077305655.439,24859258659.0978,2230944616.54992,3300662607.79327,700114196.913024,1244521368.74291,549747674.41029,445966977.244648,163472879.396417,480873737.945468,13180443.6127972,77500409.6857226,215862358.762541,305667925.824327,426043947.399251
2026-02-27,43659123869.2262,20818283405.2453,1197582258.33312,3142570784.77694,485282251.655052,1006060196.30752,340513511.459242,326162906.738935,130682085.286532,448928618.861692,10884171.006313,75699541.1554317,198107812.154994,301398534.805694,320122441.755299
2026-02-28,46108657886.1488,22655545443.6142,1236707657.76005,4012602203.46948,699746631.328212,1604143621.84053,337570272.588708,426730220.006398,146286273.02997,467603589.30045,14077676.3719781,79138311.9972283,260178644.152892,269161438.844566,477872568.390517
2026-03-01,43416566932.4809,22967395883.174,1285017917.00619,3355514927.48744,558404734.30939,1329476123.16507,237114141.927028,374649753.498976,131404209.721427,406329957.293907,11177500.2156743,61966860.8573144,246857815.89644,263814056.145557,401255028.640221
2026-03-02,62054765318.0344,25837232104.4307,1510901125.38342,3658920905.39815,617032849.596674,1315991954.64409,261938514.951212,374470094.504684,158851788.205492,431055832.931146,12883458.121198,101248979.9874,655401148.934404,353027000.519073,426298595.129729
2026-03-03,52926002593.6713,24321017040.3086,1300967371.45742,2767911207.0357,696712886.576276,1488727546.29247,190474942.242222,326451445.719322,192000044.46395,429654057.755197,11046810.3993823,81758092.2175963,635227030.962755,266388061.040493,341684979.012283
2026-03-04,80499661520.7683,34068146053.0799,1606646216.25574,4743882642.90832,956638499.586651,2618825325.06177,206417608.382114,484911947.634528,189430507.22861,685716105.40615,13548692.6199182,75809313.5306068,385229783.086623,410075049.446953,522101269.577035
2026-03-05,56020516200.966,22863472742.429,1170430553.16015,2729650767.33589,573394518.047025,1465187703.9732,160226697.118092,274139412.037133,125435356.463546,603014858.317104,11912944.209281,68784481.087697,256121353.231556,294230057.238761,433987483.185003
2026-03-06,46267096105.0576,20417131130.2321,925577977.51609,2571792796.24445,463589934.948043,1066744207.3757,133675031.351684,289172949.224797,117300275.151599,442490048.366372,10058377.8664884,71756205.830809,178235423.728308,225590928.465801,311793738.730572
2026-03-07,24768342805.2509,9625337306.97026,525782443.623915,1266814444.02554,342032487.817052,580070598.141171,112777321.610066,168878268.737726,75494893.4583632,328569926.998096,9180063.66403166,46306327.2618117,92628029.2002175,137225605.809393,191388392.370669
2026-03-08,35333693949.4742,16689350901.7983,644769415.713131,1735450144.46225,390597643.121432,929848079.657565,124739022.754831,189950973.148098,95031714.1986188,459527932.324834,9094567.016567,54060681.3497756,161572221.79574,157610076.271316,271382858.462494
2026-03-09,52832350484.0432,24023149081.8711,989804245.096422,2718516245.81185,527692464.795658,1219777549.22672,152477882.882741,364510937.87545,119552468.287266,520809754.382116,9942018.35852314,53176725.944948,214585230.79279,233939427.806484,384857829.928988
2026-03-10,57081990993.0368,24244182551.0812,889671653.238356,3305549951.42122,610580355.044745,2093970437.08749,144919359.334246,380276444.960036,230288452.895526,403638531.939415,10351079.7931749,53069121.2321549,229452179.963985,251042032.903209,362629520.423721
2026-03-11,48724379761.6238,18869847143.6352,960167694.943797,2337632995.87713,496041409.06983,1363055556.90112,118269708.922141,269206757.307478,139759061.781679,479028561.676061,8865845.8005792,47778930.6933104,179388105.591031,202778961.34002,327986119.94884
2026-03-12,42344051251.4054,19790800286.7782,844587655.443196,1928066611.78579,340279775.190513,1036065245.04803,86948702.9074213,236131025.316657,150850783.22863,377364347.263287,8819137.86964589,51711740.8108552,241263971.884295,163178386.518643,305584536.981002
2026-03-13,62445663860.6135,29819255453.9641,1526257319.80548,3487278682.11076,622424710.59187,1991882602.12052,145453055.984754,438168025.530387,158935878.921741,444497903.279501,10956455.15003,74480535.5555462,324637735.520279,320198755.255286,490198023.443638
2026-03-14,23843044453.2375,9004269507.76756,558935852.546098,1068821622.45004,335266144.128821,777722236.309189,88829151.9937838,165561944.966686,74067358.3021112,495145829.564926,8142151.64550304,44373386.1111114,100364816.878945,149650040.301391,221692167.848641
2026-03-15,27232249458.9391,13970146021.282,783648957.11611,1846029185.16627,338704896.93023,899872081.40429,108977445.032324,214858571.267404,85959932.0066442,349974776.43251,9241208.85549656,46165273.7855688,162799657.293222,160434636.059103,324720061.844396
2026-03-16,57435607814.8009,39208161450.8579,1730753184.47144,4272712430.23906,1061207503.29718,2464248837.87121,379227180.281176,521346280.832141,187503827.598555,428435871.95577,12773933.4703573,76635663.5710181,306429195.007155,272177236.49594,764111394.274248
2026-03-17,51309621227.5702,27384732961.1414,1191892417.55294,4528897340.88292,609322149.052558,1481290805.02419,231374842.878862,360437280.445897,151985375.378624,617195597.824087,12679534.2336465,54479042.1608261,219284268.057763,199303795.327032,467010385.628677
2026-03-18,47044192685.8038,24194245727.4305,1225648241.21444,2908133661.39264,559180159.779946,1495720538.49119,228025426.138464,409173138.355902,171909507.630407,594309228.659156,11942641.8801808,57561184.6221589,229231897.706507,216181618.17226,411167822.754005
2026-03-19,45515630962.804,22105160302.9479,1083542127.13684,2447861826.02394,424679407.924503,941839967.94306,190067256.087278,252182792.468938,124240684.589107,558040022.67985,10089374.660531,41956393.1245295,169221540.901602,197007843.340795,393954600.751708
2026-03-20,38717875027.4309,17015667648.7799,975604640.410921,1876949434.97962,369865463.226786,725052577.891969,155363974.26225,247947840.853279,193990296.884848,474158608.536455,8297354.16103667,71061597.5787975,166402353.642898,205002879.129661,336928758.179267
2026-03-21,20492383219.8202,7324270427.96966,527183793.633128,899193137.768932,223072619.091102,403506941.120757,110412860.004413,151065345.107045,96585228.2564145,523697496.877718,7526716.80565559,38697338.2840341,70631021.0010352,134586611.718247,182605604.488761
2026-03-22,32354894454.7885,16264107849.8436,986248960.422254,1963227085.07269,471238403.475187,1020802886.1586,130411404.623046,249640107.72941,108191282.935628,776638291.976318,9653925.2915023,51139384.4485335,130610024.497333,184766971.894212,368511830.922513
2026-03-23,54491676934.794,27712763058.4085,1683422513.29932,3577279737.64103,651243721.68448,1571955804.68103,193349149.999699,398165093.006455,208522739.624684,628238751.066061,11767828.354562,62386409.6996957,206893512.89287,249580523.523387,589392923.683478
2026-03-24,40417474350.0393,18006320282.3558,976023829.617314,2282565218.45678,420856503.986864,1036692673.06458,203579468.733539,243660067.969608,147960248.902205,507277157.937259,10749686.1455187,54463592.3416053,154196154.621021,221659173.352637,396207254.717033
2026-03-25,37379598194.4027,16327935884.0198,1027737155.37146,1937280273.66326,475908301.679242,1190461826.9377,205422616.951533,245656508.995342,117272389.486327,461564457.666803,8468289.13584518,49630259.9215522,177256356.788135,189500633.915192,363686530.159229
2026-03-26,51546662578.67,18271924753.3746,904777352.295939,2450296714.68877,468335555.466018,1196555969.29472,201243820.220474,261733792.642163,112025903.557158,547961024.586261,8475658.1149473,52548432.8938734,168570239.579228,201108723.403694,368818646.551433
2026-03-27,48649108120.6045,18488611556.9504,1073650116.61555,2462575163.51797,503544930.910579,862304607.492506,283994177.40106,307203030.208059,107461308.348669,722263219.554865,15470829.8782868,76328262.8364177,275058111.904867,396011082.588801,385110693.619041
2026-03-28,22937937614.8184,7607130899.85809,662563126.51514,1229671980.21358,352322372.15513,962973258.516449,238713299.86361,188887290.558608,90691263.0755781,548782070.297774,8073866.17127213,54938907.261067,221710523.669013,255650863.609121,219391819.909512
2026-03-29,21806142706.7945,8133558083.72544,577153187.958414,1376771060.94466,447315878.696877,750362088.046745,195870462.961354,235211588.643116,85238482.1528149,536208863.899894,15854217.7508844,54250796.1368986,228293470.465033,424641570.661356,256474351.88785
2026-03-30,38296706748.6442,18338309640.6779,958412961.073257,1892579770.5867,410250258.088102,1192122702.03797,115086682.719811,213394600.077345,129363790.818397,659802976.210633,9390791.05356406,55955310.8710767,153076374.104058,244923785.050702,344966148.889391
2026-03-31,55444735114.0319,21209056076.4432,1106307634.34573,2022580973.56533,466858542.416543,1070187107.61238,122087602.247338,207383805.589152,113761435.496616,625618700.381716,9916801.36281239,64247765.3725632,187666446.728709,280208460.20006,321015856.159477
2026-04-01,46138369205.4223,19086221038.4949,1068071342.96975,1908833535.02653,488634177.603248,966834557.46529,111058349.170865,305622871.140943,112545682.680807,617759506.53281,10098286.5072455,64230922.266405,170466402.835289,259466060.799101,352382620.89413
2026-04-02,46182448236.3581,18165154515.7,1583544177.80235,2370963581.9647,534933789.730387,1002037998.83658,105989823.632538,285611382.394005,122168560.775527,664336037.013974,10167952.5464635,55789502.3225575,179798564.630197,207226914.010911,357359294.956216
2026-04-03,26705578560.3192,10263380339.6189,612678450.279308,1379688115.06667,389603089.006152,675609408.599194,105114270.714228,210498036.040016,99711684.4252434,414106805.954779,10085556.4745515,57611817.5263288,168708132.962508,129230922.105698,181206541.989881
2026-04-04,21316002811.4842,6376295102.43898,491329770.881503,889362668.817079,224960071.881415,456927120.73525,66097798.6542297,116138187.591616,80332024.4528332,373019693.684496,6786722.55045459,34533690.0251231,158277093.052761,99167364.6445108,128361411.445462
2026-04-05,20398895493.2435,9148905644.82012,547264514.15009,1372490201.29355,259872614.650146,574649166.263744,93004535.7811728,119970844.923842,89830031.5272463,421586387.335069,7924068.92144024,43180222.7616794,124117652.621467,154194420.127716,152651837.865427
2026-04-06,48938523112.5812,18182141460.8983,839681518.257072,2115251471.67066,514298435.103124,974975185.573445,108073503.711025,336391665.984263,121219452.201554,430655874.407247,9359974.57124384,50094601.6673827,131865889.047282,194517385.80403,290844240.350839
