date,BTC,ETH,BNB,XRP,ADA,DOGE,DOT,AVAX,SHIB,TRX,CRO,MATIC_POL,NEAR,BCH,LINK
2020-01-01,7195.15389543003,129.186385292539,13.7163905191644,0.192993286800491,0.0329119289552144,0.0020310603733523,,,,0.0132945183729675,0.0336405976948488,0.0137645339239058,,204.561791898574,1.76287708271303
2020-01-02,7193.7546679601,130.484685031114,13.6859024883923,0.192555523827387,0.0333619981736328,0.0020256529175354,,,,0.0131994331858846,0.0339549534190599,0.0149223048902835,,204.34831148801,1.80135066131849
2020-01-03,6963.85335398349,127.045258011798,13.0071705421344,0.187433319041768,0.0326178549132033,0.002008392768899,,,,0.0128447187883149,0.0328911401734663,0.0146465666455978,,195.67464008078,1.73397510836279
2020-01-04,7300.34693530511,133.702648618442,13.6032755752069,0.192299145106567,0.03396737105303,0.0020488746556611,,,,0.013370840281101,0.034393843065755,0.0151129698513697,,221.621452381572,1.80083188452227
2020-01-05,7351.37705316663,134.136882697857,13.7945752344561,0.192811640800526,0.0342983105505921,0.0021893358810617,,,,0.013437603139611,0.0343884339146084,0.0148496900586855,,224.487504948504,1.82442061726086
2020-01-06,7349.97224805063,135.005713642334,14.0063607083885,0.193815606661145,0.0344269740004588,0.002070406002027,,,,0.0135118600781251,0.0344068726282791,0.0148031270276052,,222.664615352906,1.79274177610798
2020-01-07,7734.67551578529,143.806397955665,14.9005044433095,0.218869376949585,0.036998615370016,0.002130012065464,,,,0.0144706474262651,0.0364675819849873,0.0155310902992317,,243.782201136938,1.92894596371605
2020-01-08,8147.41523763637,143.019432264986,14.9695162861887,0.214023377797841,0.0370003149146818,0.0022347809887025,,,,0.0143611515465195,0.0380874004042917,0.015060282884985,,242.967262252215,2.10712542115081
2020-01-09,8045.78912459297,140.273935273887,14.4991139427114,0.20774550335752,0.0362252550448545,0.0021698238204068,,,,0.013960137357357,0.0399068484865085,0.0149439179281962,,239.813217928505,2.18093695624518
2020-01-10,7832.79564384039,137.860559281827,14.4024002942328,0.203559358672246,0.0360681336331278,0.0022898991972156,,,,0.0139956413660235,0.0383737757083903,0.0145723535781543,,238.163576281761,2.17040582884496
2020-01-11,8180.5131698038,144.604774346479,15.0726512620216,0.212673875790668,0.0370446183882769,0.0022604175530193,,,,0.0146766525462548,0.04029027163188,0.0148930481307276,,271.979656412972,2.22369693383659
2020-01-12,8012.08578181453,142.182333274979,14.897654836331,0.211052243587841,0.0364423042673414,0.0022184065662058,,,,0.0145629807496722,0.0400256143316886,0.0147643897094801,,260.018332966058,2.27179977784872
2020-01-13,8171.40118532094,145.422876335305,15.3036218141038,0.214744497088222,0.037372044999992,0.0022653219436426,,,,0.0149501599097018,0.0410252870357052,0.0149737028279832,,267.769764343327,2.22924110861551
2020-01-14,8110.64796450377,143.587969050363,15.1627962662729,0.211574999123739,0.0369431417680016,0.0021502904144149,,,,0.0146151374671786,0.0410231731881369,0.0154711618843406,,266.31555986314,2.18739571645906
2020-01-15,8801.87121313775,165.991438545835,16.6512170387592,0.232868654484806,0.0412858483394243,0.0023332170388867,,,,0.0166401573932158,0.0436165727703113,0.0156849960932901,,351.585211322093,2.38848150435217
2020-01-16,8820.85010599613,166.253096904889,17.6599595901605,0.233002833315194,0.0424114804384295,0.0023988994843749,,,,0.0172421336101579,0.0455833581908542,0.0162945986177531,,340.178365874563,2.40257888023973
2020-01-17,8720.91950137424,163.80590111423,17.0134622820381,0.228530590535301,0.0414947727094261,0.0023355947889077,,,,0.01719785145198,0.0459241420092434,0.0160431585663529,,326.309334651175,2.47806209525354
2020-01-18,8902.56899522533,171.156217876718,18.0673169437443,0.236864606131958,0.0443501818249508,0.0024266579520018,,,,0.0175781804441531,0.0468979128604506,0.0187303478878189,,371.394439968557,2.71079979135182
2020-01-19,8906.90267515107,174.238373182589,17.7795656616038,0.242136155898735,0.0448126727474952,0.0024978974841496,,,,0.0176862960753919,0.0471422740778458,0.0174409922985087,,340.041661959879,2.76031099129845
2020-01-20,8690.38056954462,166.627105950562,17.3546720974566,0.235603867808873,0.0424657528723347,0.002408133891485,,,,0.0166655338156103,0.0464767765374833,0.0163716954834913,,338.040298327687,2.60818973689759
2020-01-21,8631.25395433376,166.93852805777,17.3317689510436,0.232892794066377,0.0432053382287278,0.0023910498653669,,,,0.0165899133882619,0.0470257424649435,0.0168477457833167,,343.255101020531,2.70227611861718
2020-01-22,8724.81862293147,169.279935858393,18.1056637702426,0.236853459361316,0.0456442899910431,0.0023730814842065,,,,0.0172160077070113,0.0475113356834722,0.0171375322869906,,343.755673434403,2.66731172363645
2020-01-23,8665.4369140969,167.826529640567,17.7852873730251,0.234995440433826,0.045344968823828,0.0023673337410396,,,,0.0173220636851103,0.0479614184765819,0.0170749285481935,,346.966138821537,2.63985369456785
2020-01-24,8415.95602733554,162.51937110634,16.9812013503478,0.227248881323893,0.0433842987518649,0.0022401405755836,,,,0.0163186810337254,0.0465287303132442,0.0159192880608418,,323.231172927579,2.46275772803853
2020-01-25,8432.09667578942,162.409479751636,17.0258029187171,0.222543142629005,0.0444529066148971,0.0022725871241637,,,,0.0163551956624541,0.0465570631033147,0.0161983272680233,,319.104244944165,2.49658967222091
2020-01-26,8348.66566507932,160.67361086174,16.9438890089994,0.220617632372962,0.0435431200036232,0.0022451092171118,,,,0.0161241952747365,0.0461486037207061,0.0160774104338128,,312.327024600347,2.45063805673773
2020-01-27,8595.72829849312,167.647409585756,17.43695281012,0.229430589066843,0.0443725875908692,0.0023064480379864,,,,0.0168109462475451,0.0474014081181031,0.0164456862619042,,346.025273752683,2.56902396804635
2020-01-28,8879.33554871455,169.736435735422,17.6353438345903,0.230472362399367,0.0473063437051027,0.0023658050320081,,,,0.017061835459078,0.0488809865155506,0.0168474484845045,,361.833728337204,2.59912029874284
2020-01-29,9320.80585386847,175.190003053454,18.0567187116168,0.23759353224639,0.0522122148224153,0.0024452269213911,,,,0.0185297635422863,0.0521903658246258,0.0171095276906164,,377.84679698761,2.63955853468343
2020-01-30,9276.8938210865,173.706888236208,17.8486897767481,0.234721496166096,0.0531831896557472,0.0023899527892344,,,,0.0185869191787917,0.0518606745978127,0.0170018560203309,,382.477202473214,2.7642828446626
2020-01-31,9509.80513557522,184.72621843141,18.5744682146734,0.242766865610208,0.0558728991751701,0.002431817492304,,,,0.019464766927791,0.0528345888391863,0.0186045052483945,,393.183204312146,2.91007129572836
2020-02-01,9308.06028556478,179.229103852404,18.1025918927926,0.238426527744188,0.0538487645987283,0.0023867772441504,,,,0.018643295200058,0.053185704085765,0.0178900693602312,,373.764262098789,2.81572636688013
2020-02-02,9363.22420680057,183.336937552103,18.1469799402492,0.240583835248125,0.05545554842096,0.0024052458887393,,,,0.0190341977389917,0.0526185802625529,0.0182897373482029,,379.9656969962,2.82879302143459
2020-02-03,9338.4166319394,188.550641794311,18.429785866197,0.249459381030269,0.055766417933093,0.0024687958181044,,,,0.0191078761015021,0.0540449132282711,0.0191720425379582,,378.384630337295,2.82690228051904
2020-02-04,9308.91270229121,189.861763462982,18.4697277769073,0.254215960696032,0.0567639866232986,0.0024399251647118,,,,0.0191621277042414,0.0535479360531143,0.0223085177028987,,383.814828110927,2.76447842543741
2020-02-05,9179.95928107711,188.842207369483,18.1222700604383,0.265674718088948,0.0559971039692361,0.00247698549871,,,,0.0192229314965527,0.055750754668543,0.0210968813492682,,381.002744304386,2.73490007962536
2020-02-06,9592.18387389791,203.85931837471,19.1849817399701,0.276457548969378,0.0589609918301886,0.0025801212331233,,,,0.0207104343606899,0.057767494255801,0.0213623615111813,,442.214417101612,2.83420030976947
2020-02-07,9744.63657815939,212.733414213528,20.6063593194693,0.282309757855555,0.0597928371104457,0.0026613780358569,,,,0.0225829030783485,0.0587525240965442,0.0244504873264217,,443.103680021978,2.88481383696393
2020-02-08,9799.44845582468,223.27631974792,22.1245972417344,0.279585419782991,0.0597741041153736,0.0027733568756612,,,,0.0221126509378578,0.0585918297510072,0.0231145285649885,,440.526063339525,3.31730283988606
2020-02-09,9890.70165819486,223.300776974262,21.7955776685393,0.277373108543428,0.0601565113817484,0.0031526232578347,,,,0.0218320711860189,0.0589360775692737,0.0211626342416631,,444.645413439722,3.42375947160035
2020-02-10,10148.3797191318,228.292260832173,23.9193749090469,0.282285222638879,0.0615314549944985,0.0032205221096482,,,,0.021917873804444,0.0613185531352082,0.0220024377613983,,449.835472557348,3.39358126327993
2020-02-11,9890.12122401997,224.146996520286,25.252831451617,0.274314900296358,0.0602561866852482,0.0030157853891987,,,,0.0222565129645201,0.0605268135939639,0.0216089920144128,,453.95823193592,3.41272667577897
2020-02-12,10226.9257692153,236.785348529726,25.6733274797368,0.280595881019729,0.0628897879943008,0.003052700885409,,,,0.0227680406832086,0.0620167239022885,0.0227881130692653,,462.51874466008,3.97153983957489
2020-02-13,10328.8975658364,264.032768242996,26.4204890065586,0.300625271364085,0.0672918519346564,0.003050979565269,,,,0.0238547415928724,0.0639618038560409,0.0229201568368733,,474.323469960408,4.0044693341874
2020-02-14,10221.2603092016,267.670444504251,25.4035310125886,0.323237490802373,0.0683653000010826,0.0030327996529067,,,,0.0238685346287131,0.0660341638158958,0.0222329136588954,,474.142254144553,3.87359870098933
2020-02-15,10320.157140514,284.231891474118,26.2376146371482,0.333282008483258,0.0703285635424674,0.0031020224427573,,,,0.026080035089488,0.0667008633077782,0.0232193021535974,,491.993420337472,4.40902488043702
2020-02-16,9894.13612378916,263.899946391596,24.0662324726928,0.305462425486244,0.0647261265451403,0.0029604601010514,,,,0.023646812491183,0.0622472616215182,0.0207984070338479,,436.929914942614,4.30075340047096
2020-02-17,9943.67360257874,262.156244316814,23.6422343726036,0.296453419887966,0.0628571090834445,0.0028394801353567,,,,0.0225814782555307,0.0621819859691166,0.0202161173605242,,417.184261918838,4.49898541389001
2020-02-18,9723.6050264225,267.935665615988,23.5710600853594,0.289088124469999,0.0604517613047017,0.0027217188444984,,,,0.021772830946629,0.0582671611618591,0.0200286483220649,,411.79514722515,4.30715816608231
2020-02-19,10133.8174170847,281.945740305528,24.0247217223742,0.296577455075223,0.0625470592273371,0.0028449184923232,,,,0.0225644690647637,0.0617782873958036,0.0215091476041285,,418.955344389489,4.53579774977026
2020-02-20,9618.40924825041,259.183803748029,22.2511040608582,0.27914433373434,0.0581817112994799,0.0026590167391196,,,,0.0203077570108737,0.0596460267380418,0.0199518581380632,,380.49676990076,4.37168009488749
2020-02-21,9608.16918128246,257.98839530486,22.1400916047479,0.272340779331603,0.0577756565366218,0.0026401007480969,,,,0.0198961293585752,0.0576612649907215,0.020649316877981,,371.599058038653,4.26617488497168
2020-02-22,9673.01180027035,265.164459133859,22.1201168392635,0.274173534018752,0.0586582284870176,0.0026604761565878,,,,0.0202330541797048,0.0584760278894371,0.0207001098181781,,377.680667079406,4.28173644204473
2020-02-23,9658.60605837547,260.996540131525,21.9352126540105,0.275016559898036,0.0583939232718082,0.0026169490257745,,,,0.0200366685737642,0.0593279610102577,0.0207381472816665,,372.236018012593,4.09740154481964
2020-02-24,9946.71612346752,274.631215778552,22.8715037707625,0.282839170923247,0.0607345626757272,0.0026838338713183,,,,0.0212598786834365,0.0619913202961127,0.0223138435332198,,401.714868368329,4.24860693684287
2020-02-25,9670.9608064677,265.242191220373,22.0341270696986,0.271683085217145,0.0593588555753034,0.0025982214121175,,,,0.0199480543214378,0.0601856987353276,0.0207235494884685,,378.466420434797,3.91700648692562
2020-02-26,9345.34270173485,248.317381393951,20.3851561821318,0.254937716864506,0.0566250239187801,0.0024876920158968,,,,0.0190182553883637,0.0593440708106789,0.0191706313738087,,353.949301783585,3.51273090873367
2020-02-27,8801.6571294725,224.810508297447,18.7108490479909,0.232663784282419,0.0506446559567133,0.0023276803803001,,,,0.0165488582331567,0.0530137409631835,0.0184768061661006,,318.168336340523,3.61174744131525
2020-02-28,8781.17528220236,225.429715116838,19.1212474711344,0.236176042994777,0.0496026742559133,0.0023297403362865,,,,0.0168769767788873,0.053606142902951,0.019599898561576,,323.3822827456,3.95474179894415
2020-02-29,8717.33143135942,227.705284483765,18.9678385121472,0.237176113476758,0.0489263999321644,0.0023080972829547,,,,0.0170614149714229,0.0536333906599539,0.0202195275856245,,315.473162638374,4.19211591174518
2020-03-01,8552.98911858164,218.348356929853,19.3162743504946,0.230371504948619,0.0473641745873117,0.0022437601369123,,,,0.0165643486213039,0.0522224520410189,0.0201867437420563,,306.487358888137,4.07812668290013
2020-03-02,8567.80224867923,218.939796974477,18.990848471867,0.229177068957955,0.0461720794404483,0.0022428180913847,,,,0.0165626690904472,0.0529376529927715,0.019450363861492,,313.903411206265,3.88096501506457
2020-03-03,8905.87610426219,231.679446045922,19.8696238666383,0.23935065416728,0.0487942706743826,0.0023684221012496,,,,0.0175476565354014,0.0555079768153842,0.0213208240355563,,337.354011152404,4.2271251427615
2020-03-04,8756.71857674255,223.960116018103,19.5919854085636,0.234579120885621,0.048648114575934,0.002411659726685,,,,0.0172342058367777,0.0565493496006612,0.0235970796739229,,329.264206465254,4.57346229562121
2020-03-05,8758.64699319192,224.134877371802,19.9980165348202,0.234636681531719,0.0488984599746628,0.0024638598811355,,,,0.0176334986111072,0.0565150934976339,0.0247369863042914,,319.168971696202,4.6637379981818
2020-03-06,9038.87032323342,228.080935101688,20.8195623738654,0.237998856383039,0.0508706766907552,0.0024781700230212,,,,0.0177934739972652,0.057530989867197,0.0262672876080543,,333.253486709677,4.68234776918418
2020-03-07,9135.84506603321,244.238469519787,21.3200619043072,0.243867603619155,0.051380435471976,0.0024872009983643,,,,0.0183242381009622,0.0573895275672047,0.0248767769758458,,350.033949898805,4.68386067772822
2020-03-08,8902.20195010789,237.380790201913,20.0346305003188,0.237092150800172,0.0492399646679267,0.0024261943328266,,,,0.01708822309726,0.0564708639485867,0.0268788796167225,,330.612625555383,4.34769068701859
2020-03-09,8041.36553807183,198.819642287686,16.8768661458687,0.203846117359963,0.0432844900418188,0.0021737673739305,,,,0.0148417538360027,0.0509880660451192,0.0215104507774561,,272.559575381449,4.04421823405052
2020-03-10,7921.33200691072,200.846871481887,16.583534012655,0.208822195386315,0.0416172366603262,0.0021960767238393,,,,0.0150443156900607,0.0492825160486326,0.0204285265684785,,272.452434868932,4.05684764819771
2020-03-11,7906.73152851063,200.749038548518,16.8855425267655,0.211528594739626,0.0413982274117634,0.0022037358274091,,,,0.0150777337406264,0.0492407505489092,0.0205925923638237,,271.256780819801,4.07904409655815
2020-03-12,7935.52204017054,194.217941240252,16.5679367658998,0.20985557507598,0.0400669107030054,0.0021913757819787,,,,0.0148568891506526,0.0491718020426503,0.0190137129542706,,267.401264677907,3.82326722296818
2020-03-13,5142.99045901832,110.597897830835,9.47289827435082,0.137829599087868,0.0237159653927131,0.0014834682898671,,,,0.00853406936172757,0.0295190546152402,0.0094337337005235,,149.736969035567,1.97442803827441
2020-03-14,5542.81954237315,132.572857701808,10.8949709210512,0.157933202929601,0.0283395139296991,0.0017192781040854,,,,0.0102257014342578,0.0340755630888116,0.0107522616215277,,177.16951623353,2.42536784272872
2020-03-15,5214.18911238392,123.030844108903,10.1312781710055,0.14740449415735,0.0260476982387382,0.0016554647971862,,,,0.00974656125971236,0.031905946723124,0.0098725293603295,,167.113548325152,2.12947559487913
2020-03-16,5397.93335743919,124.603425530622,10.3855770773387,0.153646511032793,0.0267569952770939,0.0016963031185443,,,,0.0102669311978458,0.0323993938490145,0.0098792848013721,,179.031071100779,2.10622945421057
2020-03-17,5032.50135148772,110.991598453341,9.40067079977463,0.142336103542732,0.0243465263727503,0.0015930206260843,,,,0.0095976061275134,0.0316052460367352,0.0081656928593182,,171.469120192777,1.78949790502896
2020-03-18,5389.41577503409,117.217041385185,10.3342805016277,0.148554963598452,0.0257007938383458,0.0016331268061268,,,,0.0101172724150194,0.034620887308835,0.0092624438994627,,185.196370961007,1.88894317730113
2020-03-19,5376.28074784544,117.700424646966,10.3736027624106,0.146861447825983,0.0258379206950475,0.001614416732381,,,,0.0101703527985304,0.0356192248588188,0.0091236724736783,,183.279117969299,1.93724283164535
2020-03-20,6170.20060023767,136.811875789736,12.2532097735741,0.16301376423123,0.030025358670093,0.0017714853852455,,,,0.0116445864638004,0.0396269992920872,0.0111845068789306,,221.840197061904,2.24012068107926
2020-03-21,6195.60350525763,131.9646939729,11.8507209506843,0.157865419982166,0.0295631568637567,0.0017757305670515,,,,0.0112809537590011,0.0386536482387787,0.0108185185529311,,213.392390989215,2.24944349376088
2020-03-22,6145.7708912524,131.943218453167,11.9998074676187,0.157238891603773,0.0292096666000191,0.0017813900226714,,,,0.0111816618496151,0.0379239126826186,0.0111028719506453,,219.872282122773,2.26395674282471
2020-03-23,5859.64743029939,122.520598766588,11.1789817059725,0.150664185475112,0.0272993389458983,0.001732532386516,,,,0.0103332295844403,0.0359108565242937,0.0100587513679452,,203.357027767863,1.99396096687904
2020-03-24,6456.34748596342,135.588657980371,12.1041769744894,0.158182238651735,0.0293507243346469,0.0018169736593557,,,,0.0113615602646542,0.0406636086679771,0.011173782129145,,220.769143676426,2.2537383255186
2020-03-25,6730.17378237119,138.776571272682,12.4529730877032,0.162326487794481,0.0302921899641174,0.0018716967539753,,,,0.0114930613613902,0.0438504281794879,0.0112758935200041,,227.230978678086,2.31451446378302
2020-03-26,6695.90061839772,136.233921421768,12.34602394498,0.161694511315898,0.0295532863118345,0.0018348302025799,,,,0.0113919167701402,0.0435616282524412,0.0114774506653539,,220.981795272664,2.26173199612289
2020-03-27,6765.56207892991,138.766937599029,13.2132391197244,0.174143881256873,0.0302790698903629,0.0018582875596893,,,,0.0119881033571793,0.045649749297669,0.011919466647536,,228.454243907498,2.29793148560513
2020-03-28,6397.8263283256,130.286561887577,12.3571032749779,0.174147435217519,0.0290511526759858,0.0017840025096302,,,,0.0112097625078702,0.0448513762049421,0.0107994507722299,,214.7400587042,2.13143923023797
2020-03-29,6255.00039869363,131.424052140811,12.2179855124613,0.176850141380472,0.0292589744409266,0.0017866123776551,,,,0.011408881118997,0.0426087994822751,0.0106673594694376,,214.531420033877,2.13854744956288
2020-03-30,5915.3371547919,125.318874515689,11.3358008848904,0.164477016627188,0.028134649974374,0.0017201093483828,,,,0.0107381069561856,0.0414519857782095,0.0100695467169207,,206.749043568766,2.02260319867179
2020-03-31,6403.14123556522,132.36373895415,12.1863261829934,0.170938438504107,0.0299199790675884,0.0018066708506827,,,,0.0114712539622431,0.0472879613038298,0.0107809243658192,,220.472432717558,2.14374739967072
2020-04-01,6421.70541388854,133.23644684382,12.5999217279066,0.173925641111974,0.0301154908793179,0.0018084981373313,,,,0.0116107703083427,0.0487499115754959,0.0110119914897685,,219.081014031991,2.26191457941523
2020-04-02,6640.79766631013,136.216385573129,12.7292679873749,0.175083891192663,0.031124362144469,0.0018612750505886,,,,0.0116375857029053,0.0491407210177542,0.0112707352592145,,224.227391150821,2.27399735708337
2020-04-03,6807.89701789057,141.453705352387,13.0809133456301,0.178158150952761,0.0319238311967362,0.0018903543609302,,,,0.0119608621379883,0.0477014599848651,0.0115374490572455,,232.5492839303,2.29743137600371
2020-04-04,6732.85201839461,141.261543266449,13.3237868423995,0.179038789366525,0.0319003409174087,0.0018482682267949,,,,0.0118392942132095,0.0475907874732114,0.0115361874435405,,235.675750514697,2.29528572154591
2020-04-05,6859.42492372194,144.200802681986,13.780459184615,0.180023094579348,0.0325599469788195,0.0018727316885728,,,,0.0119147147688242,0.0480174648486321,0.0117385205756208,,238.199105801119,2.31247556889542
2020-04-06,6788.04827260592,142.850883464848,13.7094925517822,0.178101525513124,0.0319011558941697,0.0018592389441264,,,,0.0124869189377677,0.0486119471026827,0.0114470881079868,,231.039638511048,2.2665208688235
2020-04-07,7297.6355582895,169.855049793368,15.1363238705819,0.194715076184142,0.0351526404530311,0.0019952781814612,,,,0.0136656192500281,0.0525530558263951,0.0134044833602089,,256.059904775672,2.52652212006115
2020-04-08,7196.78220244205,164.516019710731,14.6599825013263,0.192698794927934,0.0351769922702899,0.0020004029521204,,,,0.0132381162261042,0.0519568997373788,0.0128996873006843,,251.932256602706,2.71208124116857
2020-04-09,7342.29160114802,172.803568267475,15.075401383425,0.20004763010893,0.0361387370221577,0.0020133965305636,,,,0.0136924185268235,0.0538747154725429,0.0137287367150143,,266.979703236554,3.16078228783275
2020-04-10,7294.48887512155,170.095103523876,15.0287591877935,0.198069417709531,0.0362387493283838,0.0020236422767315,,,,0.0134353933571079,0.0531711348175394,0.0135110194672352,,256.971235245949,3.32176487371569
2020-04-11,6864.6942570065,157.740158007801,13.7188259134995,0.188428736916791,0.0335508941025725,0.0019553233303981,,,,0.0125039905359849,0.0495626541737297,0.0120152759578105,,232.865366364665,3.21019555504774
2020-04-12,6878.78121258985,158.327877941819,13.8267586155628,0.18858566054158,0.0333377159200974,0.0019945465707499,,,,0.0125000027727847,0.0500240406818922,0.0122226297026984,,232.760708287958,3.29139985912029
2020-04-13,6913.1587874691,158.86382571951,14.2651165496444,0.187934185465567,0.0335028248328188,0.001975580997513,,,,0.0127083931073872,0.0500617563952498,0.0122268032149305,,233.360165738351,3.43564176161433
2020-04-14,6857.53853751148,156.701358791407,15.0455728609218,0.188272367881858,0.0331645829862998,0.0019595481447037,,,,0.0125764579384027,0.049767158023415,0.0120299967198122,,223.847363827854,3.37819418718709
2020-04-15,6860.17853570111,158.26715118299,15.5827208042491,0.186108886842875,0.0330876412628945,0.0019667651447542,,,,0.01241970912327,0.0500929496119581,0.0121905359283285,,222.694076585458,3.25003005962086
2020-04-16,6629.43173803129,153.222863680028,14.5859486226911,0.181698013676098,0.0318549472211131,0.0019456332046218,,,,0.0121786797659133,0.0481735632622661,0.0116468046294593,,215.101658196516,3.13131060247596
2020-04-17,7059.92622475854,171.775990750884,15.6667378614692,0.188565847863524,0.0342157320040132,0.0020228472522372,,,,0.0129848761285955,0.0504604668691977,0.0125795772203955,,234.15474840954,3.45663001592594
2020-04-18,7035.26150398923,170.445890477055,15.616281099862,0.188904226878488,0.0342268001459629,0.0019996019927732,,,,0.0129042725782033,0.0501632448649286,0.0127681807753908,,231.587910836905,3.46019436235505
2020-04-19,7242.51092949298,187.143544115606,16.552955039684,0.194105525428021,0.0361713507534179,0.0020609063283025,,,,0.0133451299154633,0.0517599658227692,0.0134126450742875,,243.252391769394,3.78503890480359
2020-04-20,7127.51194968915,180.058596540519,16.046550155761,0.189848544652769,0.0357644686326655,0.0020374519148369,,,,0.0129097078188648,0.0509391458759544,0.0129577830414638,,231.884975626712,3.61179118885531
2020-04-21,6856.4562783547,170.70405868654,15.0278043374446,0.183302691412114,0.0340357080504378,0.0019746003894539,,,,0.0124151690932371,0.0487408411615404,0.012077169119876,,219.636231989005,3.44223154404089
2020-04-22,6842.0385976346,170.451542880474,15.0965078647151,0.183133461350067,0.0343214633201758,0.0019602560035349,,,,0.0125426118001826,0.0479637100762237,0.0120097372728689,,219.552040820312,3.45472601308933
2020-04-23,7109.99529118178,182.27675766207,15.6867387912466,0.187689519316157,0.036251791946901,0.0020074003477411,,,,0.0130005518850772,0.0501428944988975,0.0127831544408482,,232.519440901823,3.67890159399923
2020-04-24,7382.79314411669,184.593702480218,15.9701367066727,0.190118445466367,0.0398651587464429,0.0020513793349354,,,,0.0134790709445428,0.0520402213894357,0.0141300027065975,,234.835831821115,3.69515260771812
2020-04-25,7495.39358749861,187.343368614196,15.8948274241856,0.192381688473437,0.0413763115020362,0.0020691235664587,,,,0.0139021452785764,0.0529745957514219,0.014672320797617,,237.718861559275,3.77858303250307
2020-04-26,7538.55768727984,194.114236825704,16.2372461369244,0.194422009815711,0.0422970482106889,0.0021183725357343,,,,0.0139923099479382,0.054021964659582,0.0150712338873697,,238.272253318136,3.78519774079538
2020-04-27,7683.86741508334,197.22990444624,16.3739525246174,0.196930940247132,0.0453212122892814,0.0023227656431869,,,,0.0142416041694338,0.0553534803876052,0.0156304798547071,,245.528145345087,3.71331303145102
2020-04-28,7774.28155444805,196.462625350847,16.412718663883,0.19789304938794,0.0462613179426758,0.0023884852262639,,,,0.0145056543667964,0.056015266771988,0.0154247235987863,,242.820483850641,3.61721857055637
2020-04-29,7758.23025518595,197.154731566343,16.3620578112824,0.213364626358361,0.0468341890900933,0.0023244431996874,,,,0.0152344177495835,0.056884199721092,0.0156563243749235,,242.083078086992,3.65371083904668
2020-04-30,8744.43028701656,215.548172665674,17.3937214031046,0.226028616933212,0.0514800462702086,0.0025579595868734,,,,0.0162789260119211,0.0622892446018987,0.0164347893594314,,257.520478396162,3.88768407732035
2020-05-01,8610.63580374089,205.556005410637,16.9808737511716,0.213100498353392,0.0480083449690667,0.0024423116160898,,,,0.0152468013863812,0.0579230039393681,0.0154352002734534,,248.994504353551,3.70185159249659
2020-05-02,8824.81841355197,211.96829534905,17.4517828735266,0.217639423672043,0.0500668373362145,0.0024890040164181,,,,0.0158122792519401,0.0577994216803456,0.0158803619550371,,254.405570573895,3.76004498340254
2020-05-03,8966.30701468928,213.943011214075,17.5196612636972,0.222927810830653,0.0509440710636129,0.0025320685840475,,,,0.0163363430473773,0.0601963529003212,0.016907776092232,,260.887212221712,3.81625492239078
2020-05-04,8888.67191268687,210.024709474648,17.0949383513307,0.219399637371558,0.0496208752102389,0.0025147017407102,,,,0.0160431035651531,0.0601449309687045,0.017112070737695,,251.744081043086,3.71431451172263
2020-05-05,8884.40781357706,206.832534234607,17.0192464364817,0.218335531684098,0.0493305629841293,0.0024859570971615,,,,0.0162422687833177,0.0606634643291989,0.0169521519793202,,246.098873948101,3.74377935562507
2020-05-06,9003.24055762158,205.225179739852,16.8832332367557,0.216658675315862,0.0494335444362627,0.0024926799260681,,,,0.0159262492698994,0.0629374490229154,0.016966759145876,,246.814636371348,3.6894640638164
2020-05-07,9144.68703972007,200.254794500094,16.5120931353912,0.213168595520608,0.0498487099411833,0.0025158653556719,,,,0.0157402339821099,0.0643098369601813,0.0170473611970973,,242.034407236425,3.5779257975075
2020-05-08,9959.16641626177,212.292476200865,16.9735079710753,0.219356855766868,0.0516702772192927,0.0026795755607618,,,,0.0160484155385832,0.0663116168509899,0.0174265137652922,,253.016067298592,3.74840589519318
2020-05-09,9821.81131529702,211.689048351138,17.1742963851762,0.218171259445216,0.0512897237928586,0.0026106488682436,,,,0.0162131484174732,0.0685674792815514,0.0178807428140691,,260.8295619263,3.79645856646708
2020-05-10,9566.77718720597,210.431818137606,16.831057985373,0.216236743292321,0.0511106699672129,0.002580034050146,,,,0.0160970288407074,0.0636410635811402,0.0172626761763057,,265.162699715019,4.02183145893115
2020-05-11,8752.61708774583,188.137226158966,15.3191041223256,0.200870332364206,0.0476323240917467,0.0024314931378075,,,,0.0143790724801116,0.0647953651498687,0.0153712963353482,,233.195378716716,3.7654236218929
2020-05-12,8604.75159101983,185.674718097403,15.0790607430793,0.193887909577308,0.0477835788491673,0.0024141750859558,,,,0.0139637650911656,0.0648001209310343,0.0150364723235787,,234.159193810824,3.58334833543106
2020-05-13,8788.46674941465,189.305781818513,15.7379076140971,0.197123255346823,0.0498601400378324,0.002464379217027,,,,0.014488267186478,0.065868323353323,0.016908281953927,,232.676455915333,3.6946839703658
2020-05-14,9283.08601265873,199.369372543049,16.1787446488287,0.201803117365085,0.0519073386453021,0.002552333081264,,,,0.0150488159929249,0.0673177865190556,0.0192229609900414,,239.384980090506,3.76005057911347
2020-05-15,9796.49452702453,203.211246993784,16.3543383381294,0.203391216029168,0.0523289773867511,0.0026081946608221,,,,0.0153226905247813,0.0644271140966844,0.0190432680058147,,242.543307101644,3.8046200280048
2020-05-16,9309.29535940684,194.273097781531,15.66553993269,0.19847679300279,0.0496559162355333,0.0024727558171709,,,,0.0148670809123751,0.0635949821347978,0.0180842792414144,,235.126783882458,3.65343754867703
2020-05-17,9375.29710843331,200.5833909031,15.9988540292295,0.200685035697208,0.0507895549037422,0.0025151218293802,,,,0.0149909363300826,0.0651465301319418,0.0200307594890701,,236.718086945121,3.76128479793087
2020-05-18,9666.32719340344,206.768894036839,16.2809232038911,0.200663911627845,0.0518740333490818,0.0025597853187136,,,,0.0150108090288394,0.0675854460888884,0.0202610191327132,,240.4336995289,3.77768141543323
2020-05-19,9708.43985879311,214.357641645268,16.6098722533765,0.20463934825919,0.053301651796851,0.0025445943727493,,,,0.0153115852443828,0.069055723042343,0.0205886809126782,,247.701899288835,3.87803457250175
2020-05-20,9760.19893716219,213.686720211767,17.1675733236047,0.204741449596702,0.055955048441401,0.0025464380444975,,,,0.0155299552460806,0.0707430420490152,0.0221776076195799,,246.753886148973,3.93724128339399
2020-05-21,9526.50759300584,209.920788288863,16.8814543527762,0.201871005989361,0.0562964115577889,0.0024920273261715,,,,0.0149945741435241,0.0713505187886567,0.0208344034892548,,239.183588252877,4.07035773698598
2020-05-22,9059.96250687173,198.917515750719,16.0669095726554,0.19501216560767,0.0525560504132929,0.0024174886701973,,,,0.0141733445837204,0.0688501474084196,0.0192113810650532,,227.72877025252,3.83142956404166
2020-05-23,9131.76727508199,206.227729639946,16.4251337947246,0.199608868687752,0.0545809867231355,0.0025213071058175,,,,0.0150185802734468,0.0736676545989321,0.0199342341068042,,233.347020882879,3.95536619343542
2020-05-24,9170.36106350613,206.411206958319,16.4762666251858,0.197549279423444,0.0550289777816724,0.0025323838634566,,,,0.0149414342880387,0.0744600063589534,0.0200651286815457,,233.887211651446,3.92645263136484
2020-05-25,8731.84852587065,200.690728582306,15.9921114563814,0.194190362912358,0.0516581343346486,0.002425809080825,,,,0.014235630501439,0.0731315064111397,0.0194273885902267,,223.019597766258,3.80345265735973
2020-05-26,8883.69176986342,203.81011834235,16.3436389595581,0.196854871965375,0.0534591223816944,0.0025012589481197,,,,0.0147238436655639,0.0790756485405576,0.0211830883598933,,230.18959049501,3.8594184920089
2020-05-27,8839.13066327325,200.963615406759,16.2229160829339,0.19413459787001,0.0534896476992396,0.0025077646879637,,,,0.0145449582110457,0.0781786606788323,0.0258573829251471,,227.968774092814,3.83934716324804
2020-05-28,9174.11856399642,207.845893890854,16.4530604881581,0.197201757980102,0.055131897979286,0.0025511189660194,,,,0.0147520636626883,0.0803241125678343,0.024356657445441,,232.431882574916,3.85756071727248
2020-05-29,9546.04563503715,219.591564058802,17.0369406967339,0.200796897989714,0.0631817038469941,0.002565347164401,,,,0.0151532337546663,0.0804559395308128,0.0251120773325683,,239.33304561526,4.02808586963727
2020-05-30,9427.12037339342,220.491167346038,16.9958520929997,0.197905028608994,0.0644062709048754,0.0025013839495645,,,,0.0149306108637297,0.0800306901327587,0.0258855216817009,,237.744144388306,3.97795718476427
2020-05-31,9662.70587254818,242.709770267827,17.740056583736,0.205774829267693,0.0751517391185568,0.0026049390986281,,,,0.0162689510283737,0.0848559976629283,0.0239613864244033,,251.395925996155,4.16292032357782
2020-06-01,9466.96178142952,232.331003038967,17.0804749917435,0.203268710196998,0.0744505704872426,0.0025548575137259,,,,0.015886498702244,0.0849343379803209,0.0203846453352391,,239.367554284579,4.14086820119442
2020-06-02,10167.9306933285,248.044566584486,17.8682673080516,0.210872349620225,0.0807648188667561,0.0027022699275434,,,,0.016991912478261,0.0948699695320903,0.0217878916369216,,253.597804152674,4.39715804174622
2020-06-03,9515.24385865572,237.265320128679,17.2781440884499,0.20328587892595,0.0784596419032612,0.0025256984998059,,,,0.0162977728088751,0.0901537151201603,0.0209623917967936,,250.749202517614,4.39147072899505
2020-06-04,9645.22786936031,244.125336610076,17.5321020358125,0.203624703182433,0.0846017566543746,0.0025928931066212,,,,0.0168119546989215,0.0959761593835541,0.0217087825994132,,252.52765175911,4.48810873462259
2020-06-05,9776.20299178848,243.707821315959,17.7677711911456,0.204849844896664,0.0875931816544861,0.0026080963294697,,,,0.0171121121806862,0.09966941675669,0.0214571925606711,,259.722877868874,4.46692935808874
2020-06-06,9636.96552705006,240.246968987651,17.6427772107756,0.203138547547953,0.0852189802008688,0.0025856228854611,,,,0.0168461877587586,0.100246131454401,0.0205226949205493,,256.519107567027,4.36978251133878
2020-06-07,9662.85870900224,242.021640367215,17.5442316514554,0.203209596894304,0.0861763537731692,0.0025843731472846,,,,0.0170161866604428,0.104504444569138,0.0206408504440448,,252.518556106462,4.34851981141608
2020-06-08,9738.60335682859,244.22674439498,17.3855854776686,0.202931895042382,0.0864040420455093,0.002598059680539,,,,0.0181245655450577,0.107927339758526,0.0202959050042634,,253.122581461341,4.34347381753702
2020-06-09,9773.02951309516,246.212783260443,17.3924012065383,0.204053655663303,0.0864586686821264,0.002578947878645,,,,0.0179694337041209,0.108823776226229,0.020275279268322,,254.865387661518,4.46062567111376
2020-06-10,9767.00531665552,243.849526651899,17.3580285750316,0.201269147490842,0.0831270719631813,0.0025570123462542,,,,0.01755729859768,0.117232547455846,0.020169433454384,,254.524800977774,4.43661187378047
2020-06-11,9874.89868183224,247.541971529524,17.4002702318566,0.202800052652179,0.0835707220618042,0.002579249439942,,,,0.0175932320349166,0.11505833330079,0.0213154832344458,,257.165794114364,4.42339788481565
2020-06-12,9325.99685620264,232.00078536182,16.3147598499593,0.190110491887889,0.075477951999851,0.0024474007141297,,,,0.0157736805679571,0.105061285638139,0.0198421024810202,,235.40007602189,3.96110729155058
2020-06-13,9469.53329750991,237.593410877442,16.6331667606366,0.193411718442372,0.0794143059504566,0.0025061417477282,,,,0.0163949443813269,0.10863685155825,0.0204072849598088,,240.717323842912,4.08170726501854
2020-06-14,9469.4734561637,238.293629100892,16.8077330047672,0.192781293557155,0.0789619184513854,0.0025288157556162,,,,0.0167317806284687,0.109019530115006,0.0206371382273037,,240.946839874323,4.11081778017149
2020-06-15,9345.96090772206,232.112520477449,16.5715721046847,0.190385650760603,0.0764968489682259,0.0024940160180264,,,,0.0161821486603925,0.111437736137333,0.0205432778341647,,237.665278853446,3.94879937254321
2020-06-16,9431.71926220174,231.017011552528,16.3777957667709,0.192107679250884,0.0782646375449482,0.0024715193089288,,,,0.0161779847430115,0.1106965537795,0.0204827509497352,,235.900946787598,3.93340926977294
2020-06-17,9524.92661691022,235.288479482971,16.4175649391446,0.191128031486097,0.0789436969411991,0.0024823145738261,,,,0.0161311042088532,0.113887919041584,0.0205976894492747,,237.203689928507,4.04947192351294
2020-06-18,9463.36141431179,233.863618462182,16.3894228131257,0.193172155002149,0.0833565563029465,0.0024754603509085,,,,0.016187608352811,0.11574809299852,0.0207494424128559,,240.348603491206,4.1650757644685
2020-06-19,9399.76721712922,231.68485732135,16.1690472746051,0.190416819511388,0.082059136801567,0.0024596965613619,,,,0.0160573204188704,0.115649301830594,0.0204228447124668,,236.266347866491,4.17269357987236
2020-06-20,9312.78010449779,228.959212803219,15.9643161753482,0.187221785335246,0.0797673837909017,0.0024443946799909,,,,0.0158883831648919,0.116711419755186,0.0202072715548904,,233.225488196401,4.09638394599106
2020-06-21,9360.24796820169,228.86914879722,16.0537683045317,0.188675382874618,0.0793536067640962,0.002450615297889,,,,0.0159859949949691,0.119115652772963,0.0225697690878591,,232.624066976427,4.17721168785973
2020-06-22,9298.36082912142,227.791905909687,15.9481518057058,0.18540995922525,0.0783410169801616,0.0024436732535205,,,,0.0158651001462433,0.118918536688004,0.0213721753349462,,229.944127955486,4.18410388988191
2020-06-23,9678.68320897584,243.364709992455,16.4934628689402,0.190035250216473,0.0836093446358475,0.0024779021969718,,,,0.0163838359675586,0.124770132826858,0.0220517913873173,,241.332501940418,4.47559961371224
2020-06-24,9624.6842918314,243.079482239037,16.3763233903176,0.188292370511614,0.0827649625441476,0.0024748802311112,,,,0.0164661424910326,0.12457337183414,0.0226328989282767,,240.348988597797,4.79587923469491
2020-06-25,9288.06177448694,234.564984644473,15.9942670232044,0.183929729808104,0.0825024862789198,0.0024204583925166,,,,0.0159438739330325,0.117800886128115,0.0222611460645001,,232.733428800553,4.70596336126847
2020-06-26,9258.66716100771,232.648703499616,15.9137957781846,0.183523655176196,0.0816234415334573,0.0024096267443376,,,,0.0159281727671508,0.116281084375442,0.0216438678934956,,232.462869329185,4.8077379196666
2020-06-27,9166.48636041623,229.636526027268,15.760713523842,0.182779713217242,0.0806329026738183,0.0023578589577337,,,,0.015850230224024,0.114659009564889,0.0208684111968625,,230.627398769836,4.68212357038824
2020-06-28,9013.90556467614,221.026085297342,15.143047161776,0.175894290989288,0.0774547724060504,0.0022983426737253,,,,0.0154540853932824,0.112452713216599,0.0194311935516235,,216.448615810058,4.41910616504645
2020-06-29,9139.90327629782,225.12294616525,15.3660385261556,0.176998545792703,0.08032049074677,0.0023155332177285,,,,0.0157632944555778,0.119057694172996,0.0200007615362259,,222.716393575028,4.5446156703432
2020-06-30,9185.16654065115,228.205763773812,15.4759193620975,0.177597206730894,0.0837782373441704,0.0023096570260952,,,,0.0161874999490206,0.12652076060524,0.0196535937905656,,225.109749218454,4.60976143366749
2020-07-01,9149.72199675802,225.592814968919,15.4296368094814,0.175700513605317,0.0831076973189297,0.0023159740264697,,,,0.0163874900757334,0.125101249818239,0.018981178894421,,222.328141593914,4.5687293042135
2020-07-02,9230.6729985908,230.661943590949,15.8200812265903,0.176739827958014,0.0960988258296336,0.0023582612295911,,,,0.0168713757197385,0.126068626979206,0.0187018213736847,,223.729490631147,4.69957243912145
2020-07-03,9094.3180721669,226.574424340304,15.3513669906421,0.175210257774019,0.0932486636823188,0.0023271790283077,,,,0.0166248000696269,0.123135565092336,0.0188757415536797,,219.735058452894,4.8022583391419
2020-07-04,9071.3850427828,225.176405480408,15.2926137628721,0.176029672328685,0.0962754337192739,0.0023051993750225,,,,0.0166310824886699,0.124911460103019,0.0192553592012483,,220.812257442421,4.74417670755606
2020-07-05,9132.90836953349,229.094716462189,15.5540657787127,0.177761458658864,0.0996937999305238,0.0023106049380189,,,,0.0167869592375174,0.128347050474421,0.0195525353585794,,225.140655647339,4.80194325858847
2020-07-06,9087.40731258216,227.899375038192,15.4920497777776,0.177184963723316,0.0983256312845373,0.0023056470303755,,,,0.0167902202733466,0.130800781007829,0.0190888490273199,,222.628478526317,4.75017057708419
2020-07-07,9342.37649262668,241.526851874317,16.3137564824789,0.188389132451336,0.105303508362608,0.0026008653839192,,,,0.0180340752780259,0.135842315309523,0.0199583650020968,,242.431529861228,5.3701255323817
2020-07-08,9253.63098024233,238.964480540678,16.7730186455712,0.184824839445398,0.117608449450103,0.0030522239149773,,,,0.0171391483045687,0.138342075461474,0.0201187725563168,,237.557951348841,5.71466737026354
2020-07-09,9432.17251582794,246.85900786802,17.1887803961159,0.204336098780961,0.129880411053867,0.0047440595541856,,,,0.0179297145208738,0.143430036002415,0.0215893905390131,,243.123308105253,6.45864464507433
2020-07-10,9235.71630206424,241.975128578979,16.8196812377892,0.202368561492583,0.123941929547803,0.0043745960095112,,,,0.018469289609148,0.14216367355555,0.0205935840466734,,238.147880849155,6.10211634868769
2020-07-11,9282.9136388399,240.954953782933,17.216878342023,0.198789031308341,0.118440839286281,0.0035442865960652,,,,0.0181418893742759,0.143265030626173,0.0211408565773767,,238.027400058965,6.14721425826465
2020-07-12,9234.31467471263,239.102025546714,17.6145583898712,0.201416195220585,0.125425337618492,0.0038047766091249,,,,0.0183560966464088,0.144858206134628,0.0214209265583445,,236.53702421582,6.11789742605122
2020-07-13,9297.47963587266,241.771522600706,18.2822214187026,0.200846904464978,0.126878373443424,0.0036393107214163,,,,0.0181624705423988,0.144788008909891,0.0212041456183931,,237.292456043299,7.30402606330292
2020-07-14,9240.76251972468,239.638786811741,18.3850267279885,0.198606467926571,0.124288340214633,0.0031610287302435,,,,0.0175387978972073,0.142372559999821,0.0223539809691808,,231.95571679531,7.1682361711837
2020-07-15,9247.06069596381,240.251470668472,18.090037256165,0.198871491614848,0.1320812806938,0.0032916322775538,,,,0.0176319956523194,0.14062006639108,0.022359249644741,,230.211213620053,8.1252261248888
2020-07-16,9203.3714351797,238.663597206317,17.6029969715924,0.197230021439994,0.130447215906395,0.0030891139665906,,,,0.0175802535112813,0.142959233651589,0.0223599831773127,,227.346391498282,8.6612359864851
2020-07-17,9136.48337636398,233.837074562722,17.1519950367418,0.194046402790051,0.125974590856302,0.0029934754232384,,,,0.0171496371263879,0.141973621588571,0.0209188887471768,,224.255740266091,8.35892174448743
2020-07-18,9156.27658311549,232.78147743826,17.0799105996446,0.194267765708708,0.122619758230844,0.0030674646316936,,,,0.0171742932424098,0.142364279838004,0.0212017028129111,,222.741327217967,8.27489363917789
2020-07-19,9168.40273656413,235.681144776425,17.1357946720575,0.199470763130064,0.122635028187114,0.003497214334861,,,,0.0174203215497459,0.14504408573733,0.0215282064840525,,224.437585920617,7.96472608443306
2020-07-20,9202.61583950011,238.895231678679,17.9648785810931,0.199522931959199,0.123989897465774,0.003387693769455,,,,0.0175332155408825,0.14488179843032,0.021255352881707,,228.037595914797,8.06720497227151
2020-07-21,9163.15965457692,236.060098445387,17.480105592448,0.194670027703358,0.117853947751225,0.0032339845720009,,,,0.0171980847374489,0.141834206177627,0.0216011180321349,,222.862379207358,7.26451838668878
2020-07-22,9384.37975190327,245.233735026342,17.7399355595841,0.19905021723546,0.122952355274352,0.0033047885558354,,,,0.0176376919912377,0.143926983663282,0.0213034272698117,,229.878449291238,7.29242292183516
2020-07-23,9514.30498762697,263.762463966002,18.0646787854517,0.203437640594048,0.12378277594396,0.0032828256819849,,,,0.0179592910286625,0.146484440735873,0.0212045757683537,,238.815893675994,7.47730967267274
2020-07-24,9589.81771944117,274.723620259181,18.6790713649625,0.208186952852802,0.124055300091274,0.0032962375699236,,,,0.0178695905059191,0.146631904977162,0.0211672758280352,,237.827070360105,7.87326609153774
2020-07-25,9535.93879573746,279.427056247582,19.174068633442,0.204296623463772,0.121963506012141,0.0032238522602445,,,,0.0179811330204885,0.146804005115905,0.0206264409784855,,235.085968826748,7.42500771645869
2020-07-26,9691.82513891715,305.038139411196,19.8075285301282,0.214261615577909,0.143368382530688,0.0032609446353274,,,,0.0187123516460577,0.150562526587418,0.0208876671155885,,249.714254311547,7.66929342124771
2020-07-27,9925.75139747635,310.517990951736,19.5209630804931,0.215283309809221,0.148355946346232,0.0032344984325703,,,,0.0185350133467505,0.154165975616107,0.0207543392175608,,247.194985324722,7.50840202016132
2020-07-28,10962.2584812074,320.476191309682,19.6821394113124,0.223876320641286,0.137933514016072,0.003124243095539,,,,0.0186789884319624,0.165002541732386,0.0198611787817334,,268.488121462346,7.06734355089043
2020-07-29,10904.916526919,316.406766052056,20.1596143774043,0.229956438996298,0.148255038341483,0.0031901833603441,,,,0.0191150152030402,0.159347828989898,0.0204882047859071,,288.766151710954,7.20481105654466
2020-07-30,11093.6122404424,317.539072916119,19.8722612868157,0.242696551577082,0.139648879732625,0.0031652461922677,,,,0.0192750242171963,0.163185676328639,0.0202816966029276,,287.533164211684,7.09991197386231
2020-07-31,11116.3071636853,334.741922036562,20.0314608656642,0.244358843166052,0.140899540002415,0.0032366187266952,,,,0.0192443142279405,0.162105245791676,0.0204343604369958,,292.481295656716,7.43666885029369
2020-08-01,11325.5515272739,346.003506072887,20.6939557171922,0.259232656179182,0.139145322952465,0.003203694106264,,,0.000000000972241011232818,0.0196864424287397,0.1647712150268,0.0203329935345713,,300.809070813176,7.77038143521736
2020-08-02,11812.0943072685,387.942421171247,21.6020458181708,0.291301847897939,0.144810259346617,0.0037069014956854,,,0.000000000972241011232818,0.0204870214507029,0.174197665173515,0.0210022496426778,,319.587084693751,8.3702478076256
2020-08-03,11066.3062405903,370.732302431239,20.9079349845159,0.286309750290156,0.133732330040579,0.0033385352698092,,,0.00000000051695015033795,0.019000755523073,0.163627767641812,0.0200382379809269,,284.105279830793,8.28557967668383
2020-08-04,11230.9077627493,386.247447717809,21.9559196527512,0.31009269952721,0.137015139062071,0.0033834269712694,,,0.00000000014713506008273,0.0198635046402866,0.163046469555404,0.020442025235747,,296.892029075874,9.2068079596087
2020-08-05,11181.9175080349,389.383008349899,22.2628516776725,0.300684424889873,0.142763598304093,0.0035397284843397,,,0.0000000001635567263374,0.0203338227569278,0.156548762229235,0.0206494072758901,,288.222827259591,9.82013649498311
2020-08-06,11719.2635239515,400.18436250318,23.2581031170771,0.30238226451297,0.142549110940686,0.0035065884429933,,,0.000000000316197052461467,0.0203674397018257,0.163177950554227,0.0215103509844628,,293.589500551477,9.54934294717497
2020-08-07,11768.12774224,394.541745461183,22.7271158371349,0.303367007697579,0.143830276386743,0.0035575069154816,,,0.000000000233036361036877,0.0202386415443471,0.16234250159962,0.0217042764207902,,308.758976047558,10.1623940567966
2020-08-08,11571.4879806832,379.135155849816,22.1992694718734,0.293897667807004,0.138645028063279,0.0034804604035147,,,0.000000000231755072387807,0.0198338566993525,0.161379031521917,0.0213346206117714,,301.505824564864,9.97675541345289
2020-08-09,11739.1310064144,391.478438642115,22.8688920573535,0.293886303654129,0.145721135843296,0.0035008413941316,,,0.000000000265916511512364,0.0203559396746568,0.166679803647309,0.0228445823559924,,303.81053877208,12.7207290685606
2020-08-10,11682.8514691549,389.622931112911,22.4203876713258,0.287760963487987,0.14490166488747,0.003459179336208,,,0.000000000232512401984219,0.0204294117434745,0.167028691423545,0.0227137055701681,,299.226796415473,13.8182426944447
2020-08-11,11862.9380127026,395.209913657189,22.5742890378044,0.294188896001866,0.143306000131502,0.0034914124089573,,,0.000000000184281382342085,0.0214879171085775,0.169115038095559,0.0242792124341917,,302.132812811963,13.3796752866644
2020-08-12,11398.6710608966,379.174763952754,21.1338781440942,0.283982867255024,0.137091531915509,0.0033929163127098,,,0.000000000170257409038439,0.0201185736247489,0.161144170161801,0.023067816075828,,282.464945362139,13.0806566995628
2020-08-13,11579.8679516021,387.500530823979,21.6005901130578,0.28239020592806,0.136541372409961,0.0034682030231128,,,0.000000000149900507092289,0.0202268191591252,0.162310221891326,0.0256072126187188,,285.382229507611,16.5765573095987
2020-08-14,11817.1640388034,427.490265367969,21.7611413020202,0.294333643655677,0.13934430136553,0.0034755835110888,,,0.000000000154106333328943,0.0223944644410353,0.162815752752715,0.0271629779072868,,295.462702220741,16.9693775386446
2020-08-15,11777.3913224899,438.762587470297,23.0244045039932,0.299546620283925,0.138259487054739,0.0035656415720006,,,0.000000000184870242919504,0.0247430925339399,0.16478660482053,0.0282152378752125,,292.940616406103,16.9732481424175
2020-08-16,11864.9058101565,432.654665238932,22.9079625833611,0.299311135681832,0.138237215990113,0.003535862477886,,,0.000000000173364999523468,0.0251782872606283,0.16666619503962,0.02997647825036,,302.496018771964,19.1134665996486
2020-08-17,11901.7764883025,433.431860932112,23.4747196077329,0.303292347769573,0.138768809829766,0.0035283480267116,,,0.00000000017157836881401,0.0280886772199438,0.1686526257676,0.0301385164855231,,307.955817371176,18.8259782438629
2020-08-18,12272.4658081604,430.032505089723,23.5263309747823,0.314629753193464,0.140660932961665,0.0036046791835642,,,0.000000000166717508016663,0.0303978195047586,0.169992539000645,0.0288978173166365,,317.819669788616,16.6112812099901
2020-08-19,11949.6109706282,422.106652865994,22.973801654077,0.302976297894772,0.13702646573423,0.0035033070646,2.93666499778406,,0.000000000160616769386244,0.0287420464476855,0.166353048083271,0.0268171341415127,,303.812557565791,16.1139320574571
2020-08-20,11733.2789708621,406.574469182107,22.3075829569858,0.290126696747111,0.129432298805823,0.0034207621855172,2.93666499778406,,0.000000000175558040998038,0.0264676238251555,0.163440662509234,0.0248752820871242,,292.260656062036,16.2174141541201
2020-08-21,11861.8365772797,416.469775822798,23.0726294442325,0.292252578186766,0.13420255817661,0.0034467814862876,2.89879087042457,,0.000000000200811238230961,0.0275211898751602,0.163590143459939,0.0266810843910069,,294.309005319835,16.0973619584015
2020-08-22,11515.1242987292,386.823891418948,22.0946524649025,0.279180630582316,0.122617198477652,0.0033843070799204,2.87192315828856,,0.000000000118087056920078,0.0241893907128332,0.16836207151538,0.0249695449023571,,282.761860780915,13.7935226092194
2020-08-23,11676.3853050813,395.885018289086,22.1758392923859,0.28543893593539,0.125315556859504,0.0034436444428107,4.48138882373993,,0.000000000116938763174784,0.0251355860742329,0.167811018252276,0.0260769594707158,,287.321326969534,15.9519641529728
2020-08-24,11647.9281209344,390.789135047738,21.8376177281629,0.285106795415828,0.121608881581067,0.0034119365820615,3.96608276591009,,0.000000000113217462971672,0.0244027486876011,0.17109104398549,0.0253417720525435,,284.587895864406,15.1434347704152
2020-08-25,11758.8281203689,408.269145631723,22.5714942223897,0.288988946250896,0.123692546959585,0.0034030800716417,4.57693949907785,,0.000000000116707211688497,0.0251170101620754,0.174442200156374,0.0279648164026317,,291.196259001377,15.1584709560459
2020-08-26,11350.753473213,383.662143118299,21.4524774536178,0.277714277220598,0.112631098343649,0.0032889778508301,5.49394714760662,,0.000000000106485055378106,0.0231078733090683,0.168768044518796,0.0258748267401405,,276.299834100999,14.2401586167231
2020-08-27,11465.0025640321,385.752499874921,22.2259396573104,0.276510908470818,0.114460614043615,0.0032884366131,6.06773019940411,,0.000000000101271933815974,0.023684270255351,0.169773359438495,0.0268829502540934,,274.712425975587,15.2112326327521
2020-08-28,11300.3983638109,381.837651321084,23.0718847186135,0.264312956636241,0.106835963062653,0.003190146452402,5.63853063337332,,0.0000000000823866675439413,0.0230608918413241,0.168214729764661,0.0257286179237174,,263.983814444188,14.5244850740896
2020-08-29,11519.1183881607,395.13821323862,23.0653799801627,0.271351629365233,0.109212665084209,0.0032683514940636,6.16232286984256,,0.00000000012255097340984,0.0239232162016673,0.172877459684424,0.0268220541352628,,268.34687379361,15.1627634926232
2020-08-30,11481.481823317,399.374543834064,22.9917049697734,0.274304441035367,0.116604223659527,0.0032811639567359,6.14850793578723,,0.000000000133832077887046,0.0249786883515721,0.173508640741541,0.027637832315162,,268.156611513664,16.5869722174324
2020-08-31,11701.0040086579,428.295679163522,23.62291042618,0.282310664810996,0.117207766002384,0.0032955890381286,5.90175939487145,,0.000000000248140585063983,0.0269148436215762,0.177909599288202,0.0272148304064462,,278.464589733629,16.4911683623234
2020-09-01,11672.3241049436,435.693023299101,23.1634336265355,0.282433203387791,0.122139670547455,0.0032156349102965,6.29879772167723,,0.000000000302852033112748,0.029349690212924,0.178383679705157,0.0266169818262307,,274.543029528065,15.6444972768095
2020-09-02,11895.2253453456,475.684664262686,24.6665119395063,0.294618825356015,0.124456254029297,0.0032334023712502,6.22961925239594,,0.000000000284867676382274,0.034715690938479,0.181146436423355,0.0256317958977214,,292.82742999224,16.0225391920993
2020-09-03,11418.2547569161,439.353760215315,24.6463590395703,0.27509511155672,0.115493446836699,0.0030914174474806,6.15888426922772,,0.000000000466718081186664,0.0347402700182722,0.174310930123851,0.023544650333135,,264.154614862937,14.8021556307936
2020-09-04,10197.4598227689,383.691531177998,20.5167233605805,0.245286340183684,0.0950587956693942,0.0027876937511426,5.68342116960305,,0.000000000542884239277923,0.040940726742427,0.153706157541111,0.0192556263735167,,214.057373519677,11.7837956787866
2020-09-05,10484.4703922656,387.904029093917,20.9672794249688,0.255498895722096,0.103134679484,0.002897016168125,5.13401521817727,,0.000000000373213102307124,0.0356962276151141,0.15609457597654,0.0194294527352678,,231.098945949747,12.4646200558378
2020-09-06,10177.78971805,334.468593013543,19.4074324384283,0.237124699069067,0.0904381607500341,0.0027420937199572,4.13019788733723,,0.00000000015270942348484,0.0299776280442299,0.150666144422392,0.0180343490808805,,224.890459651367,10.5915722541913
2020-09-07,10260.0177277544,352.99300214607,23.2363763138221,0.239486998314551,0.0929692822559585,0.0027723635407561,4.78962789693905,,0.000000000142011866977489,0.0316980002465819,0.150783949468304,0.0188285504799643,,227.881683820945,12.811395169599
2020-09-08,10359.44521699,351.8778602924,22.3148752788216,0.241925390183539,0.093173875129339,0.0028264734829767,4.59493090967146,,0.000000000124415898858493,0.0321518091945094,0.14987783501292,0.018868366159746,,228.194566645559,12.3840226462627
2020-09-09,10125.0149560697,337.845051935069,23.0088034209152,0.236445282437171,0.0912560363899118,0.0027695963605554,4.28252468496011,,0.000000000131696321989519,0.034967251395472,0.148660461418171,0.018223109863,,222.656700030303,11.7681401091554
2020-09-10,10230.1546993608,351.232267083236,24.486045253548,0.239116606967876,0.093253091551801,0.0027788213831279,4.70310869794334,,0.000000000103485030390541,0.0339777661587409,0.15060341582279,0.0201300340070594,,224.278670044499,12.3556160825751
2020-09-11,10342.1593912057,367.638928810007,24.4138426044262,0.243001084525967,0.0970604501586616,0.0028127305871631,4.57776528767694,,0.000000000114882413340029,0.0329900677594544,0.151010195854901,0.0204514997678549,,227.600514704044,12.5339777534616
2020-09-12,10378.2230445846,373.914905989752,25.3892810877979,0.242455955332372,0.0969170507491404,0.002786620536646,4.6258641999888,,0.00000000011461352897064,0.033467568023555,0.159989625879045,0.0212616573022494,,225.14239814685,12.4928897808455
2020-09-13,10439.384672264,387.723516290023,28.4532077806285,0.246245703661781,0.0976610033861264,0.0028208051182432,5.13929001115309,,0.000000000110683893994786,0.0327488206778822,0.163619339298274,0.0209371287799618,,229.831409971986,12.7087671665299
2020-09-14,10328.8660659874,365.695506306262,31.1174719673797,0.242322884509653,0.095019206224656,0.0027780622261221,5.29481525602474,,0.000000000107824057658354,0.0306582755480835,0.160820116270955,0.0198007768463943,,221.723468897482,12.0162715063483
2020-09-15,10661.0962351445,376.394561113407,31.2132308982544,0.246197240949974,0.0968644465672013,0.0027949834325734,5.33919895735225,,0.000000000101501061405858,0.0304012382224765,0.168628227823407,0.020104497200112,,225.487708060425,12.1215232616757
2020-09-16,10787.5802080762,364.690045086069,27.1762442226886,0.243033856779741,0.0933981514122798,0.0028380676646007,5.11383869835397,,0.000000000101303670964632,0.0279155981783373,0.169174185053914,0.0204106575499142,,235.246528969111,10.9481952256657
2020-09-17,10952.2499691071,365.130550811648,27.855080772506,0.24721681201777,0.0912947115141829,0.0028203927223588,5.07526180658274,,0.000000000100290684105249,0.0264768723708475,0.16835046254695,0.0199045599850452,,231.561586313674,10.7453440355753
2020-09-18,10937.9963969609,388.797456231994,26.791783085252,0.251880794380649,0.0940359786233526,0.0028164931812741,5.32335202401625,,0.000000000123397756170019,0.0279939437714649,0.165925483837298,0.0203991742284169,,233.385632995833,10.9860466982483
2020-09-19,10927.1503102933,383.172865991521,27.0951576610102,0.250086161551687,0.0908610636704335,0.0027806668027348,5.24209513877025,,0.00000000011916458774402,0.0290080052338394,0.166157893025397,0.0210644482713137,,233.570182591822,10.0510596264406
2020-09-20,11083.9983611982,385.472123493685,27.2029346332743,0.251887673196481,0.0915677620176984,0.0027865818958402,4.92435968493001,,0.000000000167197078239875,0.0277192814558521,0.167678784331626,0.0208893248774697,,233.530056285145,10.124324881923
2020-09-21,10923.3266681814,370.967895162477,26.4293605016248,0.246396337599349,0.0892460442645379,0.0027716048179243,4.67354584812929,,0.000000000131827106521274,0.0269425477750355,0.159763205074068,0.0218839029604847,,226.087081839293,9.74724812829102
2020-09-22,10439.5224887924,341.277130871831,23.5332501880503,0.231656575476966,0.0803669500595204,0.002620975320345,4.089749652348,5.28424438726287,0.000000000123177072659736,0.0249368164384997,0.151886319387795,0.0189302598724436,,212.731562522249,8.71599418819954
2020-09-23,10527.5878467394,343.917547100949,24.0269758870771,0.233162882363565,0.0814430975174119,0.0026461759279471,4.16835568093285,5.28424438726287,0.000000000118202875043301,0.0249889858265766,0.152303562952156,0.0196247635626552,,219.995595324006,8.74127204249188
2020-09-24,10223.7841063927,321.077435173963,22.8103000914186,0.220603415902742,0.0766277182346781,0.0025417160554423,4.01603635636584,3.49122916821638,0.000000000106656764150386,0.0247888042843133,0.147558680772987,0.017736581448124,,207.198779720235,7.65264849383824
2020-09-25,10726.530083322,348.821019978549,24.5183010192221,0.232699432968817,0.0826066922117519,0.0026345273917847,4.3897488216487,4.57389058032773,0.000000000117366054203629,0.0260791269905869,0.154515798970794,0.01897482216265,,216.330837781763,9.83221697387039
2020-09-26,10681.9938481137,351.331567022118,24.6259053352538,0.241207248789041,0.0967911294165368,0.0026994815774606,4.41286272780764,4.70297387609585,0.000000000118420924108549,0.0271112819446718,0.15368258956892,0.0191035881526008,,216.278594370086,10.6973757833299
2020-09-27,10743.1928797594,354.26158191431,26.1785921828581,0.241481690152353,0.0957350966198258,0.0027014360060497,4.34029997150374,4.52467824343258,0.000000000120090508334455,0.0272129576741213,0.15403559753057,0.0189123070884662,,221.544685303211,10.3135148576932
2020-09-28,10765.3005216609,357.066436406755,26.1943852946107,0.242234826367916,0.10135192845255,0.0027040201974783,4.30646064353315,4.65297976819246,0.000000000146338447507586,0.0265259289099392,0.154318423532697,0.0187611473935141,,228.157783478421,10.7846065785307
2020-09-29,10672.028544259,354.429583537551,26.8494583835727,0.241700879793955,0.100103504758509,0.0026526819501127,4.42003311411135,4.20665898027118,0.000000000141970233065169,0.0262787593479251,0.152697294603605,0.0188939097735984,,224.964520466666,10.2678513911967
2020-09-30,10837.516586513,359.42608953837,28.7842611623089,0.242843791231346,0.101270708019672,0.0026710130770448,4.49152736222776,4.13861465376533,0.000000000136633454900007,0.026307841607336,0.153586694275322,0.0196661326147039,,228.883789906423,10.0913266323453
2020-10-01,10770.8813474664,359.598984750858,29.2411279964757,0.241344830548473,0.101040546439985,0.0026300552586295,4.34719725852026,4.32733240240628,0.000000000131581195442415,0.0262017920968735,0.152203675059,0.0201188622156018,,227.444222475015,9.84601866121404
2020-10-02,10627.9760639632,353.197848138171,27.4589992825006,0.23834728745857,0.0980667153846061,0.0026300937275572,4.33862403343047,4.15560263120886,0.000000000126119357273889,0.0256895638523859,0.14956930297894,0.0189617394053839,,227.95381363829,9.64887931406049
2020-10-03,10572.6748430111,345.912568227914,27.2476304876252,0.234059316917683,0.0928410024401712,0.0025836253228817,4.12260986420551,3.90990995743829,0.000000000207010945969772,0.025956946581853,0.14713836136168,0.0182362080879221,,219.774818675375,9.21638261796051
2020-10-04,10546.6562553798,345.992463193429,28.2202183462734,0.232808587590182,0.0933081688914319,0.0025883348448333,4.06694835918779,4.02815354675742,0.00000000012511792263762,0.0271957625213683,0.146629160596382,0.0184989070161125,,218.451079263646,9.26672445095198
2020-10-05,10670.7008113352,352.458806503961,28.9736675667354,0.247984739045933,0.0971918085547127,0.0026364835398399,4.17676423062966,3.96885272987076,0.000000000126088856260281,0.0264375492119799,0.148555999404155,0.0185596418244164,,220.885276844743,9.41070854722308
2020-10-06,10784.9494030941,353.604427310907,28.6029775226705,0.2502197326334,0.097414569642739,0.0026155620587344,4.16023694540299,3.98302728495908,0.000000000117680272078976,0.0264568493528422,0.150018847146627,0.0188150509375107,,221.611400724378,9.61159093312906
2020-10-07,10605.9577913062,340.616021812809,27.6731543204484,0.245379893930583,0.0928423176438943,0.0026065266173925,3.74883547170696,3.5417473722735,0.000000000112552778066789,0.0255825449344399,0.147146324372479,0.017167675962667,,219.525013038017,8.77465002864937
2020-10-08,10668.0110107969,341.443796478281,27.6740125866321,0.248287406078477,0.0935610867591733,0.0025851357688387,3.85299944368867,3.44136504465949,0.000000000099295603796614,0.025489053558198,0.147576078168895,0.0169153587489555,,222.891675310081,8.91655103819486
2020-10-09,10888.6665468358,350.055676568125,27.6915769923624,0.251024290359226,0.0962324214898978,0.0025935579823895,4.10184310671331,3.90838207102994,0.000000000107595006714345,0.0256991614020521,0.15055684588359,0.0166174060877072,,232.988476506272,9.51756800012498
2020-10-10,11063.2523862591,365.339444819394,28.3898141129718,0.253206847366806,0.101903327269077,0.0026617601460024,4.25889592190262,4.24320322838941,0.000000000101324002946097,0.0263089696009936,0.152287538611644,0.0170776363566794,,237.100543835543,10.4032987350261
2020-10-11,11286.5419420439,370.471810973428,28.2615065300432,0.254194988476571,0.104968440228129,0.0026559186073604,4.25421299616433,4.02613896728243,0.000000000103406292777588,0.0264365549561308,0.15410178749102,0.0171890714850773,,237.159555786666,10.5037231813046
2020-10-12,11377.8148767569,374.497015092574,28.5059519090332,0.255164855176461,0.106304286376509,0.002668312740662,4.25018824396178,4.10403831336528,0.000000000102999184480977,0.0265532207509834,0.153945813747653,0.0178051915881139,,239.292163101559,10.8458102281933
2020-10-13,11543.1837607715,387.255558356572,30.6761374302603,0.256008895808275,0.109793721956237,0.0026798694481654,4.31628899669525,4.41543233707056,0.000000000107102513522884,0.0270987704211872,0.154554171729554,0.01786516646783,,239.899922981216,11.4727440126185
2020-10-14,11426.1055442204,381.168773898923,30.6855281891238,0.256015648519473,0.109033567498625,0.0026374022396522,4.24890670600091,4.48341555616599,0.00000000010258313489674,0.0268213708509259,0.147304489366023,0.0176642332142439,1.18387335899463,253.333443258287,10.9973848955021
2020-10-15,11435.5724375797,379.210253760928,30.8758642024832,0.249602920041267,0.107515346521431,0.0026489550900127,4.19464402366283,4.14922994305334,0.000000000102035175417914,0.0267731574513512,0.138688989126586,0.0172491538280439,1.18387335899463,258.997563412137,10.9518532007543
2020-10-16,11495.5849957339,377.158681078682,31.2234575379725,0.245660603927708,0.106442167300672,0.002590363216464,4.09485485234211,4.13090514713331,0.000000000101953712364558,0.0264929217534734,0.139347899389414,0.017205009972429,1.12478256761728,261.174547763207,10.7363159018844
2020-10-17,11319.0977856776,365.990642383147,29.9803510552984,0.240084842110299,0.104075666127241,0.0026057008823055,3.90229134057651,4.04844931601531,0.0000000000964346366322776,0.0257248707243909,0.136271299064036,0.0162499982402028,0.817860340350989,249.903325414281,10.5952190156126
2020-10-18,11365.8141310262,368.65047036369,30.2350669476473,0.240894564663372,0.106058772777998,0.0025947129367453,3.96447909252194,4.19386438504229,0.0000000000968411112481453,0.0257491640808432,0.133705812491969,0.016752562281284,0.80876707573829,244.891581000625,10.6558302394453
2020-10-19,11495.8999756899,378.04936532376,30.6441452039197,0.242314979387764,0.107471696022093,0.0025995657540641,4.1065523514781,4.12509524673839,0.0000000000990852508803118,0.0259459107757167,0.121447685543226,0.0168608143916434,0.867160259460444,248.978253885627,10.9183053089245
2020-10-20,11752.1468639198,379.63947733218,29.9091753553742,0.246074104149439,0.108820939698746,0.0026024601449214,3.99164061378207,4.05419112718162,0.0000000000995214018226888,0.0258823362255188,0.109764474350721,0.0161975152606161,0.790829809337565,249.603846068406,10.9184188905185
2020-10-21,11908.7089232465,368.227014235045,28.7742315849016,0.243488681913305,0.102271797916156,0.0026001242514333,3.90716682275556,3.80849350633754,0.000000000101917799797146,0.0260484373800868,0.106170824397224,0.0155554424846813,0.676691492797785,240.780975340139,9.85475083697804
2020-10-22,12806.4357267274,391.166742177572,29.6409875068013,0.250741431360618,0.105787461349299,0.0026221969430798,4.13130490955701,3.96118452332003,0.000000000103426112625846,0.0266981093516081,0.101152116053238,0.0163413856894511,0.700918197294194,258.497073759124,10.8128551540397
2020-10-23,12951.0440600381,413.201890336191,30.568600468741,0.256506881677968,0.110356086522261,0.0026550211563336,4.26465228132365,4.3329499671602,0.000000000103309479919028,0.0270660584463694,0.0964268013684132,0.0173697668441036,0.746400711816582,267.793683796355,11.9226036741726
2020-10-24,12928.0722963484,408.889488643719,30.5994834064521,0.254595759351365,0.10793430919151,0.0026470049045196,4.25618730495787,4.26258566547734,0.000000000103333860591787,0.0267090134350889,0.100859768207792,0.017028318195485,0.729017146205727,270.038042854891,12.145984231925
2020-10-25,13106.0460192596,411.95921775305,30.5552005587356,0.256076921451271,0.107971120880574,0.0026373843408797,4.35043027989614,4.18966694208533,0.0000000000867733746091356,0.0270416136779643,0.101977492887369,0.0176406931518331,0.738175457262856,275.040920873457,12.7324647247177
2020-10-26,13021.4108421241,406.157094148215,30.0683559947693,0.252874151606123,0.10627152675491,0.0026532966027329,4.33404143146726,4.13102501007584,0.0000000000855895217413546,0.0269391900810611,0.0969032310844715,0.0171869202674531,0.84354654517523,271.03712631393,12.1465383130634
2020-10-27,13060.7922120841,393.382908392245,31.1111601710148,0.248573218388589,0.103267444841419,0.0026728857150257,4.68797643879226,4.15118222929509,0.0000000000842448005482335,0.0267692495814389,0.0956717453568524,0.0165251064056969,0.778605675487485,259.288004628045,11.739327912734
2020-10-28,13655.1854158831,403.529837833562,31.580052145682,0.25261267174415,0.102686950132359,0.0026762743886214,4.68258797000244,4.13209209071931,0.0000000000867089262097523,0.0269849613333943,0.0986537202738414,0.0158168368027815,0.761117659457054,264.783940381527,11.9724477259049
2020-10-29,13282.9993482924,388.877339882078,30.3831646793031,0.246150212766427,0.0989444034593508,0.0025905602741063,4.36041943170807,4.06685365722208,0.0000000000790009730506661,0.0268901345253565,0.0887365279710823,0.0151133801225215,0.700752639409062,268.555430902962,11.457145829162
2020-10-30,13441.8784960316,386.446012987292,29.8219385448965,0.242286892665568,0.0952665608428541,0.002585818618539,4.05350488788319,3.78207512262753,0.0000000000787073678642394,0.0265459444675479,0.0905077182553154,0.0138512789671882,0.690074252520264,266.994767025242,11.270950076394
2020-10-31,13537.1742715249,382.900771038091,28.4974812307814,0.238613862339857,0.0931904590849336,0.0025899713213177,4.09072568095381,3.7237573704097,0.0000000000771287108997792,0.0255842743003287,0.0841854966772221,0.0139356443373658,0.630716415125067,261.745804618366,11.0740300008279
2020-11-01,13778.6376383529,385.844588797508,28.3858675347316,0.239649679556747,0.0928695926358926,0.0025628995858095,4.17801767601853,3.63790251461018,0.0000000000758547914283167,0.0258568620682833,0.0846629350812088,0.0137225072591461,0.628082841536203,261.601269999674,11.2255664678366
2020-11-02,13720.3614651463,394.936342049172,28.3832070889107,0.239597370061195,0.097746989912678,0.00257484514781,4.2018859212031,3.6877924672575,0.0000000000758433198001671,0.0257259980045751,0.0843189253978278,0.0141063624266774,0.634114561686395,267.43923264931,11.5363506821063
2020-11-03,13558.3617955242,383.84980342204,27.9015104251646,0.235407129131081,0.0924531542869395,0.0025248520098358,4.02450724653999,3.62391434970493,0.0000000000701573782142489,0.0244569353463111,0.0800491164456245,0.0136899738038908,0.6062331084202,257.10953380641,10.8159101991897
2020-11-04,13989.9763581804,387.616373722075,26.8603273923295,0.239450681881906,0.0936310807430914,0.0025196261002862,4.02523339356497,3.3207164787497,0.0000000000670131975438457,0.0244500819927349,0.0792438206756398,0.0127289456040337,0.562049168069849,243.79213477416,10.4034164383374
2020-11-05,14101.7160508137,401.733096832472,26.8503641903857,0.237314967496077,0.0953774376103299,0.002520693415303,4.08136926366573,3.1835409060467,0.0000000000697328196702888,0.0242269851601602,0.0770580377822526,0.0122454680140362,0.533031916645983,240.386661153082,10.4611919051925
2020-11-06,15553.3317010814,415.927770430972,27.660412043708,0.245512172140776,0.0975058226326682,0.0026552157725537,4.2330784917448,3.36190325616755,0.000000000072185916931904,0.02502050682735,0.0793694254715226,0.013508324962605,0.692850724847589,249.635023032609,11.0166169096214
2020-11-07,15548.3121450631,454.65154309847,28.931312481045,0.257905098601719,0.108890102522001,0.0027574153692735,4.57012170541088,3.60230250198269,0.0000000000769693579605266,0.0260686486920034,0.078900365462013,0.0154495027387147,0.717553466790188,257.473987444436,12.1633023980271
2020-11-08,14818.4589112215,435.418354083309,27.6949021635955,0.248952417375536,0.101353359598107,0.0026721986327301,4.23707350037791,3.42297490896732,,0.0249348788212445,0.0730746332561629,0.0143612536454126,0.695745677742161,253.524457549244,11.7945429235338
2020-11-09,15496.3161491474,455.358366972169,28.2728323818027,0.253682661217021,0.106395247879071,0.0026813962915643,4.36318980541015,3.45056513266055,0.0000000000775456263959767,0.0253771250235917,0.0745577045921608,0.0157541302907342,0.815147358860663,271.323680333225,12.7460949284549
2020-11-10,15335.3421981789,445.05129334207,27.977646263363,0.25074188206793,0.105366065932384,0.002673316509752,4.33981801198121,3.41232833796581,0.0000000000775456263959767,0.0248310954256178,0.06975245269501,0.0156267999609426,0.902467499036592,264.243648012546,12.5132899353463
2020-11-11,15278.7096597993,449.816184501296,28.1511118078726,0.25358971624622,0.105628142317215,0.0027648835649394,4.40956053226416,3.5789975686618,,0.0248546147294642,0.0697173771753951,0.0172819635915747,0.941351928831348,257.045866550613,12.9817723784984
2020-11-12,15686.9059862132,463.180871720323,27.939048497407,0.255807814173193,0.105803270534409,0.0027700918314153,4.4487908956059,3.49384637995404,0.0000000000666960976420153,0.0250250211572229,0.0708330905526567,0.0165747050070244,0.861500614204897,256.466313301786,12.7982802399172
2020-11-13,16265.1492524834,462.20561957949,27.5443138396036,0.254477402281459,0.104379175064292,0.0027866301156693,4.38789788018385,3.42629591653237,0.0000000000666960976420153,0.0249438485205795,0.0716617744252291,0.0158451985720977,0.788334171913342,259.529265832878,12.4088251103547
2020-11-14,16326.8148750791,475.969093657601,28.1928350039997,0.264884739893339,0.106301234383662,0.0028381312527011,4.54367047670108,3.68873785539356,0.0000000000632056063038406,0.0253585008868123,0.0703268715919707,0.0168540760114309,0.898443915700095,259.164924972755,12.8799925785212
2020-11-15,16095.5615106307,462.718397060793,27.9538196500245,0.268550169936554,0.104306808760885,0.0027532653753921,4.46703659584868,3.49828594595582,0.0000000000604643205172069,0.0251477651038119,0.0679150600084127,0.0167238430600578,0.870751515817308,256.348555456043,12.5871879199057
2020-11-16,15984.6737841566,449.206801639743,27.6015901169859,0.26974509139194,0.100736526244256,0.0027804026187127,4.37153546406791,3.54596129193163,0.0000000000583097479601174,0.0252802493993315,0.0643550635980873,0.0164194178974334,0.833227772054353,240.978831303814,12.1381131135906
2020-11-17,16714.4038632219,461.371196705267,28.0222738032672,0.287243705436088,0.103904595230397,0.0028955812874004,4.48978169788902,3.70178097934701,0.0000000000601737771823623,0.0254397815809292,0.0657536011552943,0.016618834011457,0.866430356556509,248.763187128346,12.5865982920673
2020-11-18,17651.8204276817,482.19838472354,28.4969233047374,0.302130741623546,0.10948524643632,0.0029445990922396,4.83033199239619,3.85082118591,0.0000000000626673413252036,0.0263793921906279,0.0652806391660643,0.0178314733159678,0.930348328429215,255.266327009852,13.2216620345791
2020-11-19,17829.9349583451,479.437661362474,28.0692656927701,0.294144520168776,0.106763042876169,0.0029199643775178,4.68576415390763,3.75871642300204,0.0000000000627098796372018,0.0268615892025521,0.0657748083101164,0.0170935818343872,0.831032883088752,246.595195271895,13.5514094860829
2020-11-20,17819.7574309684,471.317958394412,28.0464421783584,0.302960224744786,0.105803087454804,0.0029045920626029,4.75405343068804,3.63945203532071,0.0000000000615692471843383,0.0257994457736716,0.0665879745052731,0.0172327960494194,0.843745304825521,245.179247998197,13.6146435947464
2020-11-21,18628.8134890362,508.792214585245,28.8511146849467,0.32776017042829,0.117635665256751,0.0029895545497902,5.22911377971301,3.70867536760691,0.0000000000666593206799226,0.0262182512473505,0.0769871388423575,0.0178371006976837,0.938140911379943,258.608495254419,14.0692331195151
2020-11-22,18689.5286558258,548.842116249849,30.451555406754,0.460545865304974,0.132731321883233,0.0035101105068943,5.75753669454996,4.01487180051143,0.0000000000703625507970578,0.0303699791163593,0.0727780093882659,0.0197439670794528,1.19311056781752,303.415498491507,15.3924831398467
2020-11-23,18390.611843792,560.508887458306,29.9773022816311,0.444099547724851,0.14527293189697,0.003346886317415,5.49467671739271,3.89511620091793,0.0000000000684671186667648,0.0287672153342426,0.0709577231635771,0.0191795481439538,1.07916135133523,290.14184578572,14.5328808967183
2020-11-24,18360.6933003859,608.273310918942,30.894363176059,0.612058056628456,0.153571638772375,0.0035901592700016,5.89563996133751,4.07075868111909,,0.0314807145125583,0.0721478564944355,0.0211241711963925,1.17202637455878,324.488362076754,15.2381562103163
2020-11-25,19091.5241817287,602.666262393887,33.7401440464512,0.691961641652417,0.166799980390781,0.004153810498654,5.7134397129089,4.2570541367641,,0.0349962606499125,0.0811178005093852,0.021564598581799,1.23625772887469,346.32324014078,15.5682979891254
2020-11-26,18753.2889216849,568.275153040449,31.385733840984,0.632700407052967,0.155687562647238,0.0037258407288911,5.30406982202313,4.04035533448118,,0.0330421080252034,0.078399927650525,0.021419418287918,1.10752056436036,312.455699084842,14.242804329646
2020-11-27,17138.0295123952,518.4670452162,28.1837367602019,0.530877538640592,0.137461238004473,0.0032487316658129,4.79936816918306,3.53178789804701,0.0000000000666352386086605,0.0293606937546597,0.0636923705632905,0.017757409286024,1.00761213529458,271.01218639958,12.5929843884996
2020-11-28,17140.2755525236,517.553026405601,28.4881209626455,0.558881161078069,0.14063947526169,0.0032814446937061,4.78925650394678,3.60239361115469,0.0000000000666352386086605,0.0293549032628979,0.0640537642382664,0.0177226070634837,0.99709439650178,265.144754771337,12.5345393510147
2020-11-29,17718.9728326295,537.392612094448,29.1117730540622,0.624039059214786,0.164717681090302,0.003414203816395,4.88979351105039,3.62487798336533,0.0000000000583767454076651,0.0304261909825188,0.0651744055668946,0.0187229550493285,1.0210661564167,276.209155816796,13.0709909222023
2020-11-30,18169.9542097828,574.751119654844,30.1120829570746,0.605438615541473,0.166402387145662,0.0034495342068635,5.18580047818597,3.7009302820823,0.0000000000609803852056961,0.030608108139113,0.0660150910160447,0.018803166704911,1.01298407845807,285.06434090777,13.3248140317087
2020-12-01,19609.5214395756,612.263785612206,31.244953204612,0.66412381712876,0.170500594268444,0.0035606988952316,5.35446193948579,3.67529484581763,0.0000000000634167055584779,0.0322437063945387,0.0701450119739467,0.0194657821104119,1.07387025507489,316.413220886109,14.2081792699076
2020-12-02,18857.4173711182,589.581844354098,30.1335622377137,0.614382105751885,0.156216732139508,0.0033585322656318,5.10366273667847,3.56748725475779,0.0000000000642615418750663,0.0303602290365228,0.0655644671061259,0.0187377758866247,1.07032394317336,288.264730375242,13.4019528144278
2020-12-03,19208.3981919946,598.760610095824,30.2859505903146,0.632016926859474,0.158971304439814,0.0033799641716305,5.47916880239959,3.75999096026743,,0.0312281836091225,0.0666704003257323,0.0193639610772137,1.18277694870656,294.058731396801,13.9913478517978
2020-12-04,19435.2048474091,616.506661565682,30.6517212593478,0.629754706738841,0.164044977841663,0.0034206365223368,5.41046539450329,3.81794674816681,0.0000000000636182627593456,0.0316091518969895,0.0662531351983024,0.0207908362915004,1.15329496522493,291.622546792551,13.9691416259923
2020-12-05,18711.2265498869,571.190431634974,29.1551303991365,0.558569238554364,0.149054873092697,0.0033088226405791,5.05015146189486,3.56284745212329,0.0000000000636182627593456,0.0295809885836872,0.0629728641953072,0.018927864806164,1.10599218718196,281.16835844215,12.7856435696868
2020-12-06,19139.1115752375,595.919413968038,29.7232489217479,0.583574827761572,0.159554076838278,0.003394700530342,5.19211188344805,3.63429533033753,0.0000000000621296140379465,0.0305868343271526,0.0640959671194115,0.0196848596439423,1.11202703898645,287.961078307187,13.1654530651462
2020-12-07,19325.5541185911,601.968934924492,29.4862544050646,0.618865446860573,0.158644071114395,0.0033874679252528,5.12769431883763,3.59533414014718,0.0000000000631666891878091,0.0309402564816409,0.0636330324257021,0.0195440710262255,1.03318042368117,286.103239688821,13.4724186164125
2020-12-08,19198.8064939353,592.386506682018,29.3549147579587,0.60869841061964,0.154161222075716,0.0033380117038732,5.06014476686449,3.38169631569217,0.0000000000595851124739397,0.030334357258916,0.0641594741788692,0.019264934783854,1.0115433494334,283.818891324051,13.0759951903593
2020-12-09,18336.5145812978,554.329674302381,27.6678517409396,0.56018480706152,0.141347871881372,0.0031841757964142,4.73943495824635,3.13746679108911,0.0000000000595851124739397,0.0278699661715006,0.0603857232998183,0.0176590706976695,0.93253128804614,267.304545841034,12.1408639718581
2020-12-10,18564.9864556881,573.895309109994,28.1958106360339,0.583543024321783,0.148249254641066,0.0031548723061076,4.86346787205505,3.27487961372712,,0.0287549778868741,0.0604404263918259,0.0181384372196445,0.999219587602759,268.930915914029,12.658832853843
2020-12-11,18262.0583846532,560.454265407605,27.6985046338003,0.57466318723586,0.142181971595381,0.003116111934989,4.79932684906411,3.1586794578043,0.0000000000570041420229866,0.0281536491595344,0.0589693179223106,0.017801824331954,0.955861095033371,266.022095721699,11.9401134736687
2020-12-12,18058.0273395696,545.982835263369,27.3861504017818,0.550089772241531,0.139701439625223,0.0030793343605252,4.62722211540045,3.25318359701914,0.0000000000570041420229866,0.0278373396315727,0.0586030492471104,0.017572597936687,0.870681369182719,259.388604353236,11.685797356315
2020-12-13,18807.0954032202,568.358753407382,28.1594669550824,0.50506238542817,0.144232793387405,0.0031677176252758,4.7377256565527,3.34013621247399,0.0000000000591195125623967,0.0285738156297416,0.0593978759715772,0.0179347460004202,0.917730202159222,267.719884921599,12.2031156331468
2020-12-14,19151.1344234049,590.324440302934,29.0504558856194,0.510716060708318,0.153851453309368,0.0032634298272873,4.88911948955281,3.32270257972649,0.0000000000607069994938531,0.0291791929150664,0.0605303114367127,0.0181521098859612,0.950806321047758,275.150840271531,12.9283259367542
2020-12-15,19259.970471531,585.541894936002,29.9701333652394,0.497590453644054,0.15770370177523,0.0032248377510289,4.89834304059099,3.13632065569554,0.0000000000603738783620927,0.0290692499278759,0.0606993589506961,0.0184096030423302,0.993352712786453,276.188657528688,12.8175463765561
2020-12-16,19432.3624568624,589.066831645042,29.5257581637982,0.469022313585917,0.154123993228455,0.003215810012093,5.26261412338449,3.29662598618179,0.0000000000608589023125989,0.029220464152128,0.0615192523640671,0.0195280904358016,1.00763634073363,288.342367290923,12.7053610692699
2020-12-17,21317.6621367868,635.961889379613,30.4472520322396,0.567206056594412,0.167635225630124,0.0034236073775041,5.35841875299777,3.34154145502508,,0.0311199070829864,0.0647660879756825,0.019445703319456,1.04217912992164,310.929468326814,13.4485721926764
2020-12-18,22805.6558059889,644.065270192978,30.1519229957088,0.575935087758505,0.163365546623356,0.0037263638298229,5.34643761596969,3.2116906803395,,0.0307053038507962,0.0663274398959278,0.0190133533446533,0.99422772492607,310.65446761811,13.4732296666576
2020-12-19,23120.5705515675,654.420416296575,30.9536805741712,0.583470394950205,0.1649700959717,0.0038439810489546,5.36430977925304,3.40633731020256,0.0000000000670528655742506,0.0311590073706916,0.0649051550530327,0.020598909011833,1.00441612497406,312.333028410703,13.4927685823136
2020-12-20,23863.8548417197,659.318807637209,33.2857122612674,0.57915752824469,0.164725871587475,0.0039248385274228,5.3381129565182,3.46781940346517,0.0000000000670528655742506,0.0312946246003884,0.0659471076298558,0.0199937848252072,1.04687151918349,318.548509707607,13.484160089387
2020-12-21,23518.3184205472,639.515436877818,34.1899289696185,0.560065819460136,0.162049431289427,0.004615995372385,5.18223911967048,3.309575879212,0.0000000000666512729972326,0.0312146054936586,0.0663356783415509,0.0192191205143191,1.05842455627968,348.1794445027,13.074164068772
2020-12-22,22840.9917071884,610.427027898067,32.3031397410571,0.517176018717592,0.153691403362006,0.0048018551917944,4.89265164496408,3.11304670672003,,0.0294383937578722,0.0593114222403317,0.0182467714866356,1.22378145339484,314.022890814122,12.3549720687809
2020-12-23,23794.7933026286,634.979723443186,33.5098905810525,0.451320594195453,0.157079783994735,0.004533534522381,5.15334296145396,3.09121375740023,,0.0289640481408493,0.060680627864645,0.0187067572020153,1.15754697549851,323.528173892388,12.8194723914626
2020-12-24,23308.1272321772,587.958895499244,31.2980171312061,0.26050698013613,0.138430024256451,0.0038264900775428,4.7389278489769,2.98840333027824,,0.0250031306640275,0.0555469830997822,0.0153628310292458,0.964278603651968,276.223274657356,11.228566042811
2020-12-25,23760.287048543,612.879657050597,32.4969505093693,0.34480412157004,0.152868360005917,0.0045870770675832,5.13544644074181,3.1078043726827,,0.0276841178569597,0.0581050709947399,0.0164840569906265,1.06115602453513,297.582935581837,11.5845728050122
2020-12-26,24671.1077144154,626.456738778456,33.1576605266959,0.318084419701155,0.157347109503457,0.0045892098057076,5.21116804407833,2.95174166250867,0.0000000000647490145528686,0.0284451340304438,0.0581052039735729,0.0166131453598265,1.01919558337833,318.980461354719,11.5540562593057
2020-12-27,26476.1301370195,636.7423171945,33.5124017662767,0.295383343911621,0.158330884390622,0.0045160455641795,5.21107820364732,2.92714364923078,0.0000000000647490145528686,0.0277867957650225,0.0592155695584602,0.0193175078090375,1.02417140196058,323.280753347206,10.9918886527437
2020-12-28,26423.2287919023,689.659857326988,33.49744381519,0.28414724389133,0.154970123527245,0.0045521817157781,5.17028867837318,2.9153393218062,0.0000000000732478446813829,0.0288418482722462,0.0569447623536959,0.0183901939039323,1.20212757821703,339.344383234411,12.216958735264
2020-12-29,27125.3841206515,732.957029297527,35.9160690825723,0.246134434324242,0.177697173957447,0.0046037944779786,6.60902086625432,2.94940442659361,0.0000000000782512216412995,0.0295765146707829,0.0593260591349477,0.0189493585389557,1.22687477196976,364.343814806874,12.6704633559401
2020-12-30,27424.5389546067,735.590898162574,38.8375696336221,0.221407433265873,0.192875662993507,0.0044934953095252,7.57470791868268,2.92348837039,0.0000000000762195713489244,0.0276921044784439,0.0582056983217336,0.0184852785768305,1.16945698986111,353.551308253143,11.7870941111897
2020-12-31,28837.288528959,752.855932449019,38.1509269709647,0.212069755432344,0.184493035750891,0.0046563909266352,7.27901519025346,2.91406581672842,0.0000000000772951112231579,0.0269722756539759,0.0590601526106087,0.0181510446725247,1.21058174624268,359.118671278888,11.2671020159107
2021-01-01,29022.4183953042,738.616938152041,37.3945910895227,0.220534516288809,0.182071132900251,0.0047066048449903,9.36103707016407,3.20677671785114,0.0000000000772951112231579,0.0268399991126613,0.0584835019761999,0.017591425479418,1.39495040499576,343.519520866382,11.2532182857123
2021-01-02,29352.126791949,730.147340219637,37.907080194788,0.237436834848397,0.175678579306282,0.0055382718667696,8.30938438534393,3.66584040349846,0.0000000000801504597815801,0.0269456269891593,0.0595864172392773,0.0178353413569144,1.35404724154475,341.244838279086,11.8551831986922
2021-01-03,32163.8249353352,777.696065303943,38.3407827710088,0.221869983144148,0.178184952538141,0.0106030746260279,9.2230834554546,3.50113063907311,0.0000000000801504597815801,0.0273000445241201,0.0623923334108697,0.0190448490468856,1.41048709571502,354.811622773898,12.2154073801468
2021-01-04,33008.2262034893,967.000596728846,41.0738334618729,0.225636695938097,0.20503724018152,0.010086681740732,10.2794445660376,3.46042176470141,0.0000000000945338235903179,0.0297686912364959,0.0598247012594624,0.0199551095767846,1.4742575411259,419.500964915111,13.6497594889703
2021-01-05,31515.5759666584,1025.6547675669,39.9629137562845,0.234618473928506,0.218888492190459,0.0095917508322786,9.2593463272207,3.51563328089497,0.00000000011068794381616,0.0305601039373717,0.0645711204604276,0.0237201231876998,1.35436081457466,397.4517213109,13.3127135098319
2021-01-06,34082.2060490442,1103.35825162257,41.7000277734428,0.226699025643565,0.25921240403147,0.0098411719752248,9.73919819629794,4.29188456110238,0.00000000011068794381616,0.0286451585923253,0.0665353255631554,0.0245103692631805,1.50366549177497,419.684984828087,14.5757309878598
2021-01-07,36933.5201373091,1208.57509287289,42.1828628447892,0.252385155243281,0.331840973496467,0.0104634649803513,10.0976844121224,4.62247168330294,0.000000000119836815116236,0.0306929178061045,0.0771441501743607,0.0348938241673084,1.54470753758672,454.730833844453,17.1337754116597
2021-01-08,39547.0840813557,1229.47131501478,43.399503661775,0.325398713305869,0.300542851913583,0.0097763291601188,9.6461321802136,4.49058648508119,,0.0310514817387882,0.0781780998716652,0.0330139586082646,1.50032351395952,450.529789733864,16.0562943678359
2021-01-09,40815.9618547825,1223.72968835353,42.4666800993377,0.321521916975606,0.307947729389231,0.009888196538593,9.31473065838078,5.80879940464482,0.000000000134296411129179,0.03048368878429,0.0818508024599393,0.0317023682105186,1.71218034044716,438.04209619168,15.2892283346221
2021-01-10,40296.5290038294,1282.97957552732,44.0094718567453,0.329168524204412,0.333069993658054,0.0102194801874009,9.77841080952154,7.26550543230561,0.000000000134296411129179,0.0343130730801964,0.083359273222424,0.0335863144586376,1.76881564655505,585.531761045914,17.6848511139503
2021-01-11,38397.8959854182,1267.73100315121,42.5841009855769,0.318687179988936,0.306214441004005,0.0098810878704448,9.32941019974151,6.59681401377156,0.000000000132937975044818,0.0329694170513563,0.0780526052058092,0.0304216869397629,1.72935489697472,605.086696135227,16.2687874512379
2021-01-12,35669.9066866335,1092.91433788061,38.4539255237904,0.290345256663072,0.276511848141174,0.008856219491507,8.28813297606003,6.49536199945183,0.000000000113597635824925,0.0289991085751914,0.0668828982674891,0.0260398786336992,1.48315890088943,481.248426956152,14.5278945281763
2021-01-13,33938.3358781009,1045.40681523041,38.1142721961446,0.293569888363265,0.287840175861167,0.0080671371316083,8.26301957122143,7.75223766531081,0.000000000109778653333051,0.0286725794558787,0.0649939653101829,0.026246355851997,1.4385110067287,451.7314450576,13.8986507774147
2021-01-14,37456.0077254864,1132.01559101647,40.2256537401251,0.30649992015361,0.311349914686643,0.0086503405889295,11.0249958470039,8.47086726895187,0.000000000127290863505676,0.0301566845762229,0.0712162773878311,0.0301047529264207,1.60836423797265,496.744798039672,15.9570048573117
2021-01-15,39232.7499714035,1216.91478846346,41.761075274461,0.295976956236481,0.310136639444827,0.0094672344959347,14.3891668155305,9.29827181690808,0.000000000127290863505676,0.0300361996728449,0.0767341176229894,0.0328182632434918,1.72297883741632,527.410121783602,17.7263160533459
2021-01-16,36787.521216685,1171.86001770465,41.0021134762856,0.280336803321071,0.302575322441619,0.0093264142679071,13.197430651795,9.35611687860923,0.000000000129744911471934,0.0297741768667355,0.0718484763704571,0.0339252863923754,1.83437166318384,490.036723125562,20.6091014298518
2021-01-17,36254.7130794108,1234.6318700828,43.2280260401193,0.280208767157673,0.352250395151031,0.0092649617518258,18.2849680890361,12.9268011569082,0.000000000126037880625905,0.0302232273969351,0.0767154994609445,0.0328980950124073,2.12226011492695,491.795212982448,20.4982719186294
2021-01-18,35804.2638856747,1229.37969807201,45.6112893762303,0.277045922016156,0.37968796024673,0.0090276029568345,16.9411806620941,13.1256040476169,0.000000000122674732482333,0.0301306142461349,0.0796586062645954,0.0339942363959795,2.50714042108989,478.189591265124,23.3024035522661
2021-01-19,36595.4647692826,1255.97669151321,45.2625534576248,0.284637176228981,0.369650994032546,0.0091616245519375,16.4170599634108,12.6917753999636,0.000000000122475027622459,0.0315617780324733,0.0852351595698146,0.0360405263728716,2.40406700143335,511.553958756581,21.9705063799775
2021-01-20,36104.8638577551,1383.48409022771,42.9091445016058,0.294511148164818,0.369345741998324,0.0090530310229233,16.5003794903101,11.797484791543,0.000000000139252303340393,0.0307100929405675,0.0871053253166264,0.0327710214197469,2.17848810499972,511.209861484416,20.8429293311805
2021-01-21,35587.4892027355,1385.85299587526,42.5166606374819,0.29627784655251,0.3763115739575,0.0090462304852752,17.9709886936776,12.5729615405351,0.000000000134707186404705,0.0305097457155344,0.0845814282365673,0.0344488665118836,2.48777816805875,499.893091842773,21.9003674679077
2021-01-22,30913.6957360538,1122.9124325373,38.7637390057853,0.269192955799442,0.311240182830754,0.0081603177038341,16.0033047085704,11.3496868885479,0.000000000126588928023706,0.0277438498003927,0.0718509736151152,0.0287620514603222,2.17288235643434,419.728457917999,18.4705886728793
2021-01-23,32957.9087826559,1236.68344275366,40.7671300070051,0.273186471079008,0.351161363904008,0.0085168431423872,17.1534555243355,12.6947000457337,0.000000000126588928023706,0.0286616859754237,0.0739341503898347,0.0313540683343037,2.3651296837979,441.862064252985,21.6555105490327
2021-01-24,32068.0873744082,1231.17637970447,40.7766423561944,0.27142759423241,0.346455473914479,0.0085747184018846,18.6003190458091,12.8683318745044,0.000000000125074038120848,0.0291850016512089,0.0723306178786556,0.034051996581474,2.36808732659833,431.504711405092,24.7458359542011
2021-01-25,32273.5173503293,1392.53976344497,41.8475463681909,0.273591881650545,0.352096298560514,0.0087290324095395,17.9963797282715,12.4442900074089,0.000000000132553189053562,0.0299919745224973,0.0723214103182262,0.0332246958285656,2.56021994249344,441.19282463989,24.6850506525164
2021-01-26,32375.3200629815,1323.42950310201,41.4388906673687,0.268669630185739,0.34436125353693,0.0083735902057753,17.2552946804784,12.2196401491559,0.000000000144007770750117,0.0295737196193443,0.0708033922664315,0.0331490049960387,2.45776708276012,434.11300623849,23.6593774028071
2021-01-27,32582.1094450212,1355.233724241,41.5369969714475,0.268555525786114,0.343897809842251,0.0082769319827089,17.114219195402,12.2054718265553,0.00000000013784127395136,0.0295260246385033,0.0704382025096339,0.0432187327448946,2.38170104447821,427.959595454128,23.0318547610692
2021-01-28,30445.5258651135,1253.14167155861,41.0620061062751,0.251897928819793,0.312315360465002,0.0074373387007697,15.4580763440012,11.1945220398,0.000000000130764971386062,0.028340273326029,0.0651869570579969,0.0420359965573706,2.04403823701671,377.461987753121,21.0570017118725
2021-01-29,33128.3475286115,1328.77361906656,42.3933727482513,0.263578766720933,0.344632173596957,0.0326425589548754,16.953589906577,11.9945627329323,0.00000000013754610698646,0.0295027173744799,0.0698488958274662,0.038761282788267,2.26125419890567,404.305061148023,23.1264738329327
2021-01-30,34150.8187673722,1380.28425913521,42.7367710482265,0.282143162500032,0.34751970987774,0.0473504813896665,16.8132213198259,11.5878853611554,0.000000000142846868649606,0.0332323863709095,0.067409030010829,0.0402752428289281,2.1978562415653,406.774053821747,22.7176622532634
2021-01-31,34199.519810363,1372.42722896423,44.6166614363188,0.430853430363455,0.360480672699304,0.0285171211710047,16.4368023159901,11.9621799840228,0.00000000505309974828305,0.031754215912603,0.0651319668234877,0.0397236091352464,2.16790034978512,412.991909022414,23.4989981220964
2021-02-01,33064.7867670151,1317.04743622918,44.2483611116469,0.491647806240071,0.345673393424072,0.0379887918369223,16.1434547989793,13.4692978213523,0.000000029099589964068,0.0316317451560449,0.0621520090039459,0.0381925584980468,2.14325693941545,399.368264153933,22.592818931413
2021-02-02,33405.9903571433,1368.66445481238,51.4662365338334,0.370423804572729,0.401413542927752,0.0345862400959953,16.3344682331668,13.1814080933204,0.0000000109830383792206,0.0328623893151465,0.0605701101881039,0.0407593757202963,2.25220468297442,414.444854327422,22.8111043193576
2021-02-03,35485.9859338244,1514.22519575165,50.912193432973,0.369271643592279,0.425293205365206,0.0316232617409409,17.2462088806833,13.5045831846977,0.000000016149420242961,0.0331523490794552,0.0623450456876884,0.0410279546860227,2.46808469213972,430.094166447978,23.6959755801226
2021-02-04,37494.7176246043,1661.00082436748,52.3184624213578,0.394891449540017,0.441215814614574,0.0373790144482182,20.8112398991926,14.8643579033844,0.0000000137086175030948,0.0344747881456644,0.0673727306323579,0.043991962284252,2.56618743579786,445.835389845404,25.0757664145678
2021-02-05,36816.5080820341,1587.80089918594,55.7736236256377,0.447831209529623,0.441598796796013,0.0542849721711171,19.687856290917,15.3179573871794,0.0000000107928452345784,0.0332266358584948,0.0636380801124547,0.0472346683646553,2.50574360496662,420.499506941772,24.4832869355331
2021-02-06,38007.832229084,1724.85690833931,68.3389566044785,0.450900561473669,0.538551858940037,0.0470621401528045,20.9155249998288,17.9355618704274,0.00000000780263011934075,0.0362669972660277,0.0679973930229875,0.0554288214525662,2.86840309897585,447.670228861873,26.6607174300751
2021-02-07,39279.4128689788,1683.94129786505,72.6318789790968,0.441977339149168,0.62635697398072,0.0578756949456724,20.3985666581411,17.9823072946883,0.00000000826373852695609,0.035049469107262,0.0679545067672812,0.0522715168215502,2.68985625289001,458.57766726001,25.0724349744217
2021-02-08,38833.3402645553,1608.64054798572,68.2505017178964,0.418858525147513,0.659471939435247,0.0790846652378301,19.6867162143629,24.0873054256149,0.00000000785533013161105,0.0358667937889088,0.0656307508662606,0.0672144027426282,3.36174951333102,444.71377282845,24.7397655218809
2021-02-09,46307.574121594,1750.99755371921,79.4980188892335,0.453571945894151,0.687306837157856,0.0792270558952139,23.1048523961727,30.527776074147,0.0000000108849084368698,0.0407637077272851,0.0703415188517894,0.0717791258969088,3.50526814467175,485.523468094756,25.5387222804408
2021-02-10,46569.56483,1769.0535339346,107.735533773852,0.472523578607126,0.705919056306079,0.0699768902780838,23.1771740867083,31.5967443002622,0.00000000883453935775021,0.0462620321804529,0.0718508008109406,0.09872013499405,3.28567457686733,515.523460689783,27.6688646669049
2021-02-11,44848.693449505,1739.16420900484,129.133611917975,0.503504544023471,0.923985449739734,0.0729870580421521,23.5331878940205,55.5148473017389,0.00000000988557629957606,0.0462405170474435,0.0734000691472633,0.116687176554662,3.25671521369085,494.596586260531,26.6595889967288
2021-02-12,47815.9617555432,1782.50886912185,123.805444657291,0.525723076120374,0.927712152275745,0.0697547011558728,25.1160268081738,47.2284915419149,0.000000008835133685646,0.0573543213574235,0.0797180106473585,0.123728542805548,3.44367596154419,527.929805869062,27.7638719989335
2021-02-13,47414.1862550079,1841.19775070329,136.480521455542,0.61072110561658,0.923275204358616,0.0694746587672408,28.637121005865,48.9809402223924,0.00000000890258814910397,0.0553409551811457,0.0870163957548456,0.121294952071505,4.64952866377921,575.162251760295,30.5792782549639
2021-02-14,46941.2920858235,1810.84254573237,133.322626656125,0.62991757920148,0.903995475471699,0.0668736748433165,27.9476348130177,43.9858204654662,0.00000000834703005150633,0.0593494126774137,0.0913738544701104,0.11127092827427,4.81404619143508,658.009309393135,33.9747305149777
2021-02-15,48607.8745224845,1804.98414643665,136.614742532482,0.593053234208532,0.85037948136678,0.0620343463135681,27.0529497355576,38.5073082483647,0.00000000711991485851868,0.055643606338262,0.0890979287365485,0.100694503528835,4.36680489083599,724.685745011164,33.3743482576913
2021-02-16,47898.4870276331,1775.75835170186,129.375018312564,0.547923341309286,0.860061795534539,0.0569118205379186,27.6866231995654,37.9590601196919,0.00000000770616817152038,0.0505313853160633,0.0859914993975277,0.106498021407708,3.96206625239296,705.605613021733,32.5480259027412
2021-02-17,49238.1369067249,1782.57530905059,129.775046572875,0.522353466243251,0.874605161356126,0.0540797918725446,30.1980188292141,36.2357357306177,0.00000000666545191840069,0.0523589288015086,0.0845980885305109,0.108820212428101,4.05682040779576,707.052820646814,32.0057472784108
2021-02-18,52143.6788446198,1845.57392215675,163.622670326347,0.536485017822558,0.888732074656253,0.0491374086296706,31.932175120223,36.8269783328633,0.00000000762581514211706,0.0525407598639641,0.101398460041844,0.11221766825746,4.21916889750941,717.035996848292,32.2516297043604
2021-02-19,51733.075539032,1938.56943680746,194.529787820459,0.534009277751514,0.912715205457966,0.0601861685005971,31.1627921353473,40.8954957503284,0.00000000774888185388819,0.0550497311295854,0.120762841923763,0.123249806254484,4.44124813724674,705.178491440728,32.4966212218792
2021-02-20,56038.7277589299,1969.97971776282,338.066136134452,0.570529085079073,0.933154949499479,0.0554987778378447,35.0264292773819,38.936522004478,0.00000000706745662107591,0.0613594572606049,0.139197512762375,0.157055790112041,4.38245638537493,724.675001806954,34.900344485608
2021-02-21,56377.6334779099,1929.36769287966,257.390090754496,0.517678551092477,1.1256795509535,0.0551346669371244,39.3735782421482,36.3534365414534,0.00000000704466687042037,0.0582638570279184,0.140442120039776,0.145945149988679,4.04763240857687,684.300902469778,34.2348372856906
2021-02-22,57669.3035269179,1941.4267676798,295.60035378068,0.550907164651171,1.1045825826681,0.0566124807329516,39.7221974694331,36.2234690006802,0.00000000728044990180753,0.0597698046201643,0.141897103979729,0.16154265245381,4.04373583058217,710.547680936061,34.2478376020349
2021-02-23,54410.856294516,1788.61521028064,268.39199676355,0.575937073061474,1.10313716878298,0.0535319532129853,37.8178068171492,32.4538319143666,0.00000000668946357906554,0.0546431582650185,0.223773263790457,0.151740073964133,3.77514551225892,631.034622772713,31.668361234873
2021-02-24,48691.8948317044,1563.92460590114,228.724347832957,0.473004520274935,0.955780332416498,0.0474995538856427,34.3938997814777,27.5161773817392,0.0000000058644119375051,0.0449313320732831,0.158762786661235,0.137540876353024,3.35914146122162,513.964253098335,25.7589107861914
2021-02-25,49849.3787135831,1628.39153379266,255.47671840976,0.471613786177342,1.05884932736845,0.0570615478772486,33.7287016807745,29.7412969888518,0.00000000611970370181756,0.0481395317230374,0.160362148561791,0.159949513515384,3.6464596370581,529.655714824501,28.1582136256997
2021-02-26,46992.6654500485,1468.86010372868,235.367775596686,0.432279332559588,1.07691412068464,0.0502168018950861,31.1899352858896,26.6663411731077,0.00000000588782433845584,0.0451396162965852,0.156062938804909,0.174849233307306,3.85896090322743,498.586642447232,24.6933275315462
2021-02-27,46551.4874767547,1450.98874680412,221.911998526071,0.430094226849378,1.24506168869216,0.0505439401063158,31.374676906051,25.9903028720545,0.00000000596276855077809,0.045343918248969,0.154937769835578,0.190447457811368,4.24392659889691,486.562506292062,25.2533552740427
2021-02-28,46653.5263993958,1480.12957684775,226.726865765978,0.443093586232584,1.34280867391476,0.0508664741611591,33.8041276494215,26.1376269056912,0.00000000817416262397464,0.0470561831043185,0.151081181722128,0.199509058633784,4.05976324080848,489.45046925739,26.3926154261933
2021-03-01,44970.1634599467,1416.66155283757,209.775556097712,0.413828113588951,1.30321979365126,0.0482356725784136,33.4531633227977,23.8560714527716,0.0000000123846672665889,0.0454199629789287,0.134990528390114,0.224491807434025,3.81027418262427,460.982400368854,24.6125854712449
2021-03-02,49787.3399594967,1570.39968963405,256.18252414722,0.447885710358106,1.30285260756229,0.0510206259446705,35.572923823083,27.4254554248323,0.0000000139378302441614,0.0478525447147932,0.150753371929622,0.247723631679805,4.20408049741402,501.476002254102,27.6977411197679
2021-03-03,48532.236789817,1497.08910426339,240.934151369629,0.437206435838517,1.22882341929233,0.0505675401372027,36.2734126515686,27.1880547465899,0.0000000166081354617324,0.0469671675012527,0.154279307995531,0.22932155596234,4.05046489562132,518.100418971585,28.5169729461761
2021-03-04,50577.457469152,1579.42716876031,241.759751679751,0.450648299364401,1.21969696398735,0.0507526329090923,37.0763601273853,27.3883379987952,0.00000002219188589341,0.0491401646222022,0.157301483612163,0.224608139654821,4.20534254843506,523.931683633898,30.0460701102827
2021-03-05,48727.4512008012,1546.49962111674,230.266509059902,0.48326468140501,1.11781743118132,0.0501430065721783,35.4139221859135,25.6754902360651,0.0000000256099204187804,0.0515453557358458,0.150725437472105,0.200609999280434,4.47379061673445,508.787672067496,27.8164035470959
2021-03-06,49091.8148823298,1539.04842909474,226.939847850859,0.459049772386984,1.16476173987114,0.0499222680694172,33.7244881342352,24.4410012878896,0.0000000193992508090694,0.0503592931522138,0.151780115034946,0.215165993715936,4.18422636932579,500.910264041873,27.9894327636385
2021-03-07,49019.3685923658,1661.92796989982,226.656267596611,0.463973811216974,1.13298605701641,0.0508823838526162,33.4935459631771,24.9894700416095,0.0000000177413655391997,0.0502943015942307,0.154407504977255,0.213279637532458,4.05169741646109,501.222034242994,28.2515349352286
2021-03-08,51313.0926202736,1727.46309622457,240.061997459915,0.467162397251287,1.13681419940891,0.051841258405003,35.2440686172085,26.567278590299,0.0000000178550752581839,0.0518694621443624,0.159956422109675,0.213180088668453,4.28531981556764,517.547213513785,28.5715096505776
2021-03-09,52328.5359126325,1837.53303054394,240.616224149643,0.475372981241661,1.12332998728284,0.0616842741926836,34.9715074863612,25.4959958284892,0.0000000216292343952014,0.0530127406724729,0.159786131643782,0.217489492448306,4.61914121114893,529.318643724703,31.7122772545713
2021-03-10,54700.2734392774,1869.3311016255,294.720233956112,0.486236921697262,1.18874644929635,0.0578672499370404,38.3956656123902,34.2767476422385,0.0000000221514046902921,0.0532808391849779,0.170762043612346,0.298713277871592,5.44546420669821,545.692239872917,31.579223714786
2021-03-11,56020.4877195857,1802.31109168812,278.401340115609,0.462906119816932,1.1354441106096,0.0561974731564982,37.7798395806401,29.8073235080907,0.0000000198233722164637,0.0515370150320728,0.172571705039012,0.288437107970854,5.3129505207747,548.345585701024,29.849770247823
2021-03-12,57788.8681032951,1826.05747681198,288.472838604321,0.453386555747635,1.12826462176097,0.0559496345900494,36.8783120691823,30.7368087535482,0.0000000170688414672055,0.0515087343412212,0.18954888516927,0.409046083414185,5.96623562974407,549.361414519448,30.0943965151301
2021-03-13,57353.8614719725,1770.93617936978,264.080531574575,0.44044377099875,1.03663127505546,0.0551105880747303,35.7075567703448,28.1177222858614,0.00000001826370889659,0.049995597680623,0.190683126630617,0.412382062696102,6.94011017844131,538.578851857845,28.3807636251597
2021-03-14,61315.1979327668,1927.7207203999,277.103745481245,0.460946468161052,1.10222669327184,0.0619277310148666,37.3172783281606,30.9925774977243,0.0000000223375196279297,0.0528666586522021,0.198572143085171,0.422974447980499,7.42977290701774,597.183243459147,29.8311269335357
2021-03-15,59428.9675660278,1866.07154470088,265.974023562407,0.443073460900146,1.06477706405313,0.0588279977792014,36.7259769506592,29.2653353722408,0.0000000782891410898659,0.0515188854945116,0.187999425295402,0.385497298058446,6.6542291772348,560.43607679646,28.9539469024893
2021-03-16,55805.3292492343,1791.04785183011,253.499292412896,0.437333565417213,1.0313636409049,0.0568820325883679,34.3537940247747,29.0690458510095,0.0000000874394051139951,0.0507525440831859,0.177518710251117,0.393348427963397,5.90563832008146,524.260696764541,27.4626245074428
2021-03-17,56830.2533350762,1808.55121736144,259.050404043236,0.461083763926148,1.24572568086942,0.0586743194748303,35.6504090265597,33.0812520261602,0.0000000613767904062332,0.0523968038468417,0.195451569586802,0.373801533297207,6.42435614918728,528.72828806384,28.0072665875122
2021-03-18,59014.925632051,1828.75483323426,270.923432491372,0.473532704369819,1.38300395305747,0.0583687188995075,36.2944528284626,32.8260903507886,0.0000000688919815013008,0.0552423334389515,0.197607102404684,0.406663393915285,6.28288002949985,542.802792709672,31.0989677887687
2021-03-19,57922.4095926291,1780.15964595285,262.651995694488,0.472361930997874,1.2367141494245,0.0576435887153614,35.5230194845073,33.3082216400594,0.0000000668037740169459,0.0535818725233118,0.220754348217883,0.393220123670052,6.07656593469283,530.533236808463,29.5367490995367
2021-03-20,58243.2706089236,1817.13296280843,263.578794843491,0.468739976333635,1.3019540528543,0.0584394738831815,38.2162536834066,37.8396203191491,0.0000000627335959452511,0.0586322692747111,0.243124511476575,0.407181828900992,6.21861918157786,533.481881263529,29.8738616859599
2021-03-21,58376.1584713721,1817.86014312949,265.268468060338,0.527577791398284,1.20742530325912,0.0591553514810588,37.504844437878,34.4402306921691,0.0000000621404650229544,0.0612374359288427,0.217659574865589,0.385010067015812,6.286223745648,537.68172419751,29.8190379399967
2021-03-22,57573.5393447787,1790.37807475269,265.054033233783,0.518805665539495,1.18923031464946,0.0573821782200061,36.765101684858,32.9291157658101,0.0000000568722248279434,0.0628330252520273,0.221972528765524,0.380938619840009,6.04709209220617,525.659265943598,29.299606751218
2021-03-23,54370.1375578952,1686.89119715804,256.948648903766,0.546671549521349,1.10688073887087,0.0555863024348146,35.5179773300468,29.5100582307936,0.0000000487377040885166,0.0597341315960648,0.216003239200204,0.347648214045627,5.46423377096843,509.856711614422,27.3660370848572
2021-03-24,54584.8699469945,1673.85918356279,255.277867875874,0.553931608545141,1.12704819762085,0.0537663648665253,34.2862682187133,28.7575566458209,0.0000000443888855090188,0.0588412178102677,0.21333744798971,0.331502454683652,5.32499694571603,512.898029340794,26.8944962449064
2021-03-25,52526.8665970466,1581.63105593137,248.350719578259,0.486416043035146,1.06145250897733,0.0517985253328088,30.5709418136016,26.053184110043,0.0000000459209160345612,0.0554873793774914,0.218267157085358,0.325226712300576,4.84987794126451,475.874730670519,24.7649140234651
2021-03-26,51416.90830498,1587.29796415852,234.237038478845,0.511426057357302,1.09700469443515,0.0510081219078015,29.7103423311979,25.7688282121777,0.0000000420581191078652,0.0553692788439413,0.205416203735113,0.300406214439018,4.80115717147414,473.290844191483,25.5682013933509
2021-03-27,55033.100480447,1700.36686935812,254.701584322176,0.567437152431446,1.21258899146288,0.053833612214206,33.1292996400777,28.157349222163,0.0000000418435032305172,0.064977428467407,0.212106327967939,0.336646516436178,5.45240921242465,507.918074229062,27.4222282888421
2021-03-28,55832.4181096183,1713.83787568345,269.395913202166,0.547867944526617,1.17785360605996,0.0547873018377712,32.6235188139984,27.671571365337,0.0000000392034575298213,0.0637960398014254,0.204171557903162,0.332933411558451,5.31832771570613,500.369370610014,26.8549480924976
2021-03-29,55728.1013278065,1689.03679820591,268.680600411169,0.550851471560583,1.19112593371449,0.054403742116379,32.1707509586226,28.6245168041031,0.0000000658237320041261,0.0635146086654616,0.203049401390022,0.344243600977777,5.59057720648825,497.185145046104,26.6819589112196
2021-03-30,57634.9286944754,1817.62638808887,274.956856043261,0.565818817508312,1.20095939922104,0.0548976168700229,34.3264001417375,29.6005589108498,0.0000000650826738033025,0.0647739358840508,0.217666851164825,0.382293180605916,5.81284105500187,518.221906357213,28.032732856456
2021-03-31,58668.628336761,1840.2949519854,309.411284978477,0.566569412316132,1.21137136245498,0.0546488888809525,33.925085875005,29.6218581575176,0.0000000569902798129749,0.0658006277097869,0.22062381445204,0.370079634698567,6.34031197314525,524.456789489914,27.7691682564687
2021-04-01,58817.3738884188,1915.83253584622,302.745193424681,0.573818404738243,1.1921924669844,0.0543816884109279,36.888469649914,28.6495113409321,0.0000000606516285859078,0.0919035437261434,0.215336052065888,0.359425305767638,5.99635279454526,540.166635862587,29.1897554106684
2021-04-02,58801.1948438781,1970.47119952328,335.834185252993,0.570617638742904,1.18343263649126,0.0615928620976659,37.6246626017138,28.352805253336,0.0000000511156229128166,0.0861440566799047,0.219884633018377,0.364126170016747,5.98722302264711,556.50819868919,30.1133262041093
2021-04-03,59060.026783338,2134.10178829729,336.951530980175,0.604497461158261,1.19036504848259,0.0578670085155439,40.9438709604607,28.9207413713535,0.0000000501125984038372,0.092249320886347,0.228922081012764,0.38251097506174,5.98252119776421,581.758362295233,32.3577022266014
2021-04-04,57060.4066547109,2016.66724729304,320.538781187671,0.577287680424983,1.1657363156625,0.0561907330546596,41.7015032037695,28.2032427214173,0.0000000493936799445904,0.101645059646343,0.214921024777114,0.351996795848833,5.67817550984037,532.756415629195,29.3145065779144
2021-04-05,58228.8026234662,2077.75521242241,349.045404440843,0.633352645306818,1.18341951679971,0.0578975601816511,44.2399189045816,29.258499534139,0.0000000444985227555856,0.128209957367757,0.227161556991758,0.361738245744787,6.04025034632794,559.835430661755,30.7832610408946
2021-04-06,58706.815593114,2097.79638277926,367.458027230816,0.907454752699033,1.21381696495511,0.0598154438937401,45.6083000040497,31.1576499377787,0.0000000494278798737655,0.138490010493016,0.246865206274321,0.369343054980292,6.13091259463467,639.850018032062,32.3555256164164
2021-04-07,58062.1787243365,2115.05545174611,404.46050678171,1.09763377092375,1.25533170068872,0.0646325567117167,43.4249430078104,31.6387730003081,0.0000000624085529557386,0.124924602989468,0.231351934998506,0.375818942473665,6.83444017585709,663.62947513457,34.7749760153793
2021-04-08,56134.4173886643,1989.14806190417,377.005035018898,0.922140142025311,1.17715971027838,0.0589610282992554,39.7504883353942,29.5810337076403,0.0000000575852225117618,0.11143087999764,0.205060964657091,0.339742366990017,6.13946354733339,620.796645913525,31.2658584679489
2021-04-09,58065.6440248153,2081.3540625399,418.137721701941,1.05076809648214,1.22990921096015,0.0616797545814006,41.4089780417347,30.7625167841214,0.0000000605075260173376,0.123912810755214,0.217150956639778,0.355985526795174,6.68571613994619,642.765512253475,32.741322612487
2021-04-10,58152.9932621418,2069.66779608553,451.21085727443,1.02497513368041,1.20438913582135,0.0615389224225497,40.7844134982565,31.4715583274532,0.0000000676047826178802,0.116290415126141,0.225208948016861,0.366282921026809,6.40690160748902,632.251338731681,31.6299811657583
2021-04-11,59979.3928157183,2142.79606539291,471.835823444082,1.37127582325769,1.21772350663598,0.0638828890960883,41.5919418300301,32.075594985358,0.0000000826654218234527,0.126215643792293,0.233649935646854,0.359582654916173,6.52191515978423,669.660151747054,31.8773167330175
2021-04-12,59988.0209585298,2150.26514279277,522.903694204171,1.35195190726939,1.26482475442487,0.0746463022489141,41.3785647321008,31.480290902555,0.000000105207711685779,0.12249057561523,0.230500138349205,0.367612203931895,6.75523168435642,687.30253947456,33.8123135114062
2021-04-13,59911.0205948473,2142.47627586574,598.553497341006,1.463411889792,1.31979042933948,0.071024370057487,40.5573365714278,33.8886989429656,0.000000179763096957206,0.129833046401979,0.220738271474019,0.358528533600758,6.75855838520295,673.0585904624,33.1857676181077
2021-04-14,63576.6760410483,2304.34351631101,553.123714407475,1.78787269129342,1.42244712174891,0.0937785257343897,43.2222102754806,33.8837765753252,0.000000166007789766729,0.147125232730952,0.236543864208145,0.422001930548407,6.53048727036493,747.394600025461,35.6598200965729
2021-04-15,62807.123232593,2429.66152775157,541.560514336339,1.83767664731665,1.45610520301193,0.120172233261942,42.4979006206912,38.5163815941755,0.0000001672599047749,0.141295778192061,0.258093875757358,0.412466787712452,6.35734783602682,818.676692696175,41.2557773773304
2021-04-16,63179.7724460847,2514.16841558123,542.999425037437,1.75709077287164,1.47807129663758,0.179861792562144,43.5204382001602,37.1308258567088,0.000000269092052736921,0.166178004354482,0.2589908279175,0.442261706194653,6.56370618765644,863.943796212617,42.7147518893946
2021-04-17,61497.2995694412,2424.55384470812,510.823832439856,1.5693489075446,1.41242462904755,0.374160213019022,41.5127390730309,35.2626492641124,0.00000068417491992532,0.161524976815473,0.25287048975903,0.429772208137897,5.96702065763354,1125.53051537836,41.7098362223711
2021-04-18,60273.8666769473,2345.26696277613,516.786555529572,1.54831678507316,1.37384156127524,0.285109387332972,42.408961136988,34.2519732360863,0.00000194489023260437,0.157733027018384,0.253492212434608,0.406218974678775,5.87920108445846,1009.53112257331,40.074823683447
2021-04-19,56288.945340012,2245.76075335085,480.417752781387,1.41077179234131,1.27830304495962,0.32003022329856,37.3734056067233,29.2792826582362,0.00000185186360054038,0.144160866358638,0.227124015348078,0.36443243575894,5.1430653527341,963.590723164869,39.0886473715326
2021-04-20,55721.1660526956,2168.03272673565,503.64777746829,1.31489082382527,1.19485814847435,0.409410343199998,34.8211566826704,26.5163334337148,0.00000361930745670059,0.131510542463593,0.208575018394163,0.326675409588468,4.75187935362312,891.374467291069,35.9990709094387
2021-04-21,56294.7285585869,2324.28468722819,580.458871224804,1.37713483282225,1.25973236054666,0.325695245854486,35.4144779168261,27.221395301682,0.00000245211100744166,0.13359911339698,0.206056368675077,0.340983659117932,4.94535781918689,943.627681031061,38.7886738288185
2021-04-22,54190.070262834,2373.50134429821,550.88879308843,1.30678887109232,1.20921682862391,0.30841410624629,34.0156184539745,26.1083409052031,0.00000128229532961214,0.124634314340251,0.202268552665222,0.35991363307887,4.78511314535069,914.85182009557,36.4646756050008
2021-04-23,51965.5664304852,2426.0711497906,513.620636599648,1.17313728438944,1.1491945493674,0.263785389004178,33.2420554632131,24.1931981377721,0.00000161090819705167,0.110918316693446,0.176691281221816,0.354652042271368,4.8587780127744,860.868153477125,35.4593419384777
2021-04-24,51191.1246964079,2364.23120360209,527.780540425334,1.16613281502326,1.15662869176014,0.249259930284695,32.377708870905,23.5361213451401,0.00000122176048607405,0.109360932523894,0.175729334304335,0.383569393647194,4.60561872640261,836.374160157623,35.0470603282356
2021-04-25,50133.1073963654,2212.8437976342,499.323274394894,1.05254704780854,1.11108082069663,0.270489192249866,29.1384788237482,21.7772793815061,0.00000135936329328857,0.103086241670585,0.169698360199308,0.356395564075948,4.2363369104576,768.117591048774,31.1842008062706
2021-04-26,48981.4413932161,2307.35532084471,506.047307409848,1.03481800081697,1.08463305486967,0.252541305059774,29.7707163364787,21.5051444467356,0.0000013133790731812,0.101847790458576,0.171636810148604,0.383955915642968,4.63021485610676,757.000555885242,31.3715310379012
2021-04-27,53978.8055472896,2532.38680288511,533.583525156067,1.36028116249776,1.23465248468885,0.271831984356054,33.4605338817135,26.2274487170741,0.00000118236031250774,0.117227247902752,0.190234184910061,0.537376454645466,5.04335257529901,848.440875032004,35.0223456268604
2021-04-28,54991.8148426211,2647.15818966029,568.96691990541,1.40125039839458,1.30511474137903,0.271730488422481,34.5385887349331,27.5900457463751,0.000000975563422241375,0.12545084406093,0.197100681797891,0.831506100208335,5.14575833719578,885.689200638604,36.6765541001921
2021-04-29,54810.6138506792,2748.78458512186,562.577779751027,1.362275693857,1.33355635598817,0.322656432512954,33.9929472319846,28.3805787919004,0.00000148384872716377,0.123052101555702,0.193035182164502,0.772917797691653,4.92475489074663,908.508550520348,36.2247322320732
2021-04-30,53596.7040226668,2757.49755230498,599.878911764389,1.39780735326744,1.31512600101431,0.306254418695745,35.7816879791812,28.0114045592109,0.00000140439005660082,0.12149483805398,0.187952151594305,0.883117573211928,5.50290506253708,880.466624446944,36.3609291244585
2021-05-01,57828.5118144259,2776.70371169874,624.576535214212,1.59210646998574,1.3537301641934,0.338776805953302,36.5558165620114,32.8736157166813,0.00000203675655735154,0.132918311599171,0.201080321225562,0.826161535202069,5.55320629875811,993.666254456904,38.1161682087362
2021-05-02,57812.9691596789,2944.91694731851,619.030889354574,1.65411796416056,1.3537288097536,0.393403409342836,36.8954962562612,31.838875388449,0.00000190570801447614,0.131349879880644,0.196528970011413,0.787536252950388,5.4609593143237,1004.49595908578,41.0256508258292
2021-05-03,56600.7452873843,2953.29734808047,622.587766598266,1.56117238089528,1.32808882200988,0.378687845670641,36.6285627722494,31.3007787408728,0.00000166217404689563,0.128171993549669,0.190107461554848,0.818565114870164,5.28888721590002,973.489300921002,39.4713509246955
2021-05-04,57200.3002987116,3439.85506951926,675.098973804614,1.55721604436267,1.3591426329254,0.44141195047659,37.3108683019774,36.0205364410749,0.00000158969494797983,0.132215581746363,0.190936680978013,0.796693776910481,5.47187244824184,1020.40996815137,41.9971448193967
2021-05-05,53464.3702195037,3245.66314893358,608.632897866673,1.38745480086709,1.27796598065914,0.543915076327436,34.6617971501402,30.4774255338307,0.00000167524398132978,0.119645444474504,0.169639189017531,0.704570929917783,4.79903686388056,951.314004554024,45.8636379792608
2021-05-06,57432.1002270876,3524.56272847605,651.830237935838,1.61402285607392,1.48020178896027,0.655333177406184,40.5685265526607,35.3573422427443,0.0000017170928955119,0.146247382963107,0.186003688852446,0.814637771650852,5.22804973099352,1452.36915824085,49.5170345676061
2021-05-07,56507.7594398696,3495.07586903606,635.543298621727,1.60227792673972,1.65814926334912,0.581127758899419,41.5151568947893,37.9957674824695,0.00000154524132165394,0.153044920877996,0.193852737145,0.757920574547941,5.17926396200501,1525.7269330638,47.3137026236305
2021-05-08,57361.5690432889,3493.53450000021,625.094395902676,1.58340404957908,1.65188398438927,0.681841636779641,39.9295591866089,38.2482430170505,0.00000275078163903977,0.14854008392725,0.192652321955598,0.750982145394443,5.34013654348025,1354.67494732297,49.2295555481231
2021-05-09,58771.8816895094,3912.74291659681,645.058576175056,1.56461443618379,1.61608064888673,0.633615145089309,39.6445714282319,38.3954828825431,0.0000156920770488079,0.144075134782255,0.184011061880873,0.84900958681669,5.23662303665777,1399.49021505595,48.5914804962016
2021-05-10,58213.9262937444,3932.75406817097,661.891709320598,1.53317576497691,1.77403226945195,0.573135969934919,40.3050880248236,39.0670182689468,0.0000156905905739001,0.143505750999669,0.180939890663711,0.9703296306075,5.05526599692478,1425.24716127632,51.8515474107331
2021-05-11,55901.6675945614,3979.60865192128,634.58945301263,1.39974375702065,1.65114316676889,0.45112890314566,36.6975774213831,34.9243030685762,0.0000353184566631184,0.12872487549817,0.160021878215897,0.880657030363045,4.74564462105353,1343.41881976929,46.810243928957
2021-05-12,56928.9723566016,4182.79028575229,672.63782516111,1.47666606297582,1.76717017293863,0.496730844301472,38.6292140720666,37.1752443046906,0.0000307775588973521,0.139319821424201,0.177229194781773,1.07635541010568,4.94551716841904,1547.08246486224,48.7994749668423
2021-05-13,50004.7621831369,3906.10890332941,602.435787547298,1.28707099516187,1.56821933430101,0.415191734577422,35.3663213608903,33.4787959998622,0.000018369072507375,0.124228230490475,0.157235508539123,1.08883550705597,4.95057445889546,1245.30162035675,42.1223065645538
2021-05-14,49972.7953983725,3750.34159505928,569.752182218512,1.35947114916965,1.94259283798329,0.488936267090676,40.1045404012725,35.0455326069478,0.0000210408658160343,0.122158184314522,0.165016451319648,1.05523206443752,5.56680215501866,1258.21131713121,43.3288280524493
2021-05-15,49913.2631439882,4088.73170832043,602.905077703247,1.40792429088667,2.0084971185029,0.564850776432006,47.3323536357057,37.1665883141048,0.0000185336801739998,0.125261249953914,0.167325870278167,1.46680606688108,5.74265613824841,1310.23532597521,46.5413053100637
2021-05-16,46780.9023046882,3659.92184421362,563.505299830735,1.47685537330212,2.17096203182617,0.506792371568051,43.1900231486152,34.4758795979206,0.0000156370383972658,0.120675683567146,0.156286420138029,1.61432534583224,5.94197025978238,1175.60391207513,41.3280532926805
2021-05-17,46585.0641353885,3602.0048969299,563.878710635094,1.45994108987294,2.28620857678148,0.515315464512789,42.4956077648453,36.1800021653171,0.0000179266698404791,0.12029631483758,0.156760240881518,1.71280302770473,5.85309675602339,1178.16921102486,40.4545903963233
2021-05-18,43780.8255978248,3288.22988723786,513.879521588598,1.48672351499582,2.03065787758286,0.485147398689515,38.4665647735415,33.5673394874283,0.0000164305996086875,0.112688273639065,0.145140247049905,1.70361185988255,5.68945716106676,1078.79801882412,37.1098906524265
2021-05-19,43091.0414475692,3399.04927965694,510.077365239975,1.598093749792,2.01272685905723,0.478976031265825,40.7844948231431,36.8315482687609,0.0000157656670358228,0.117098034688456,0.149753607973172,2.45004607295968,5.69586365760218,1099.70795970721,42.6394568111632
2021-05-20,37287.3914024274,2505.01494594566,347.446366062558,1.08575654082864,1.51736943363332,0.338740125818742,25.5474310879169,23.9384057542569,0.00000946046006619695,0.0803339396758136,0.124704937932552,1.69609146117554,3.654150907191,722.449942197408,27.4396444806611
2021-05-21,40437.7300962556,2778.2796605603,390.405548915582,1.17564406371688,1.79365753613519,0.397799655366274,28.9676557436594,24.9514114240444,0.00000943800972401414,0.0889077666174433,0.128708578281536,1.82412737231207,4.18252387319529,814.895797541165,30.1556726843887
2021-05-22,37339.6342013463,2419.10321711502,322.286746263313,1.00045119192306,1.54712357636541,0.352330639870161,23.8868621967607,21.7594847330305,0.0000081682486322697,0.0782405633733398,0.12515503098696,1.48155812574932,3.40282760100175,676.075484486801,25.4147376524611
2021-05-23,37520.3176754744,2306.37126686712,301.270199005104,0.907338693141594,1.46893510816599,0.343086742469728,21.9864313798214,18.8698153214048,0.00000846917275181926,0.0759753195450183,0.121141499556317,1.19993278195517,3.17128271817631,631.854113367702,23.3440787678928
2021-05-24,34977.5278019624,2120.03737450994,261.262253448667,0.800098165342829,1.32881807075249,0.30923327935803,18.0555717261412,15.8809819511095,0.00000819513487952937,0.0636695456819886,0.0981365603696967,1.10051021252796,2.69660422968794,560.81895080838,20.0953481701967
2021-05-25,38642.4422973396,2640.15963234882,343.515323853026,0.985859021990727,1.54314619614333,0.363068763473747,23.0682562899238,19.3518951940043,0.0000106101760461655,0.0766473050559199,0.123611429718243,1.70012557999786,3.25175363946326,749.924027634346,26.1995284313398
2021-05-26,38210.8052175939,2695.47780714963,342.961206468283,0.96926126887402,1.54637925481769,0.344895727032689,21.997749037508,19.4977412480163,0.00000940884789872439,0.0772352073702602,0.125072615339051,1.92602220204776,3.31743218206827,716.32957257282,27.3802008705192
2021-05-27,39406.9342441162,2882.48340762401,378.072387907358,1.03320689280122,1.77727596372771,0.354155406564693,24.6635745181224,20.8359072414733,0.00000954770100005654,0.0833587945617908,0.132744015861952,2.21559523566007,3.54418464956274,765.211670151947,33.8863897186968
2021-05-28,38642.8955543422,2742.99086269761,367.2922865229,0.971567155718584,1.65052120513762,0.333812320617994,23.9940310845509,19.0832725503011,0.00000879553727394654,0.0794951088063746,0.130850426788234,2.0358507817158,3.27618164323417,747.231392072591,31.6445229017141
2021-05-29,35710.2209365299,2433.32886572861,330.473645280297,0.8956220322744,1.51538313883264,0.31145516906092,21.4642609922261,16.8385794391286,0.00000792972417088653,0.0723934064260541,0.114729442211559,1.83064798237612,2.93356692417731,689.815494867811,28.0481257408824
2021-05-30,34775.0794134728,2294.62628551279,305.848975084498,0.834465962407628,1.41568474741424,0.302704436719672,19.9182166815423,16.1882448309078,0.00000794484807696662,0.0695654032386352,0.113574116730958,1.68788416442714,2.71224942911246,653.494355991589,25.3695151572517
2021-05-31,35714.7520201807,2395.85322800274,325.574027135229,0.905469978711409,1.57684657772526,0.3014287165124,20.428122524652,16.5080096773003,0.00000785726438832905,0.0719763105714587,0.113135608475708,1.84345665572833,3.10535355026765,662.56447440795,26.8501844934798
2021-06-01,37340.6792659422,2708.42986579397,353.081175871289,1.04141313622016,1.74382356277787,0.326530712421012,23.3280865842131,18.0731249233604,0.0000094266407446228,0.0767033215465974,0.126482602173083,1.87805549950259,3.343435116497,705.691271520799,31.972253061874
2021-06-02,36680.0682018028,2632.65659986965,361.665654806343,1.01133446323847,1.73834099991075,0.373236810407891,22.9025447783899,17.8193366128897,0.00000887790204381362,0.0761727049807552,0.124455600118655,1.82505044161765,3.23935362366574,689.742249682741,30.7415583016442
2021-06-03,37685.7179817483,2717.15403670977,402.610388795083,1.0250645299812,1.75806386326082,0.427387884209433,26.1672843958609,18.740486656539,0.00000946482096067909,0.0782196723350785,0.130821799080116,1.80380757791834,3.32309135986106,698.612857049787,30.8156490804103
2021-06-04,39151.3161838003,2858.27670209791,428.930010620849,1.05072046179771,1.84108054422909,0.398007270048274,27.2349381714219,20.2648794008001,0.0000098648535543126,0.0822537359250789,0.133358496499477,1.83049642819861,3.62456976293883,719.130971449037,32.3542769561694
2021-06-05,36938.7203113919,2694.49766667905,392.280883226645,0.97068479000419,1.71015561976482,0.377712700536943,25.1005606506159,18.2691741982829,0.0000087993032850789,0.0774406578117991,0.122034898907776,1.63057917183994,3.18697994230634,672.687042828391,28.9296756609949
2021-06-06,35546.9859648336,2624.76891505942,388.330190757357,0.923378310995039,1.65905790601514,0.372906113610218,23.8156436089752,17.1455304786767,0.00000837993799580371,0.0756017998508701,0.119355428591723,1.52280018206664,3.29868270774921,647.987109306936,27.0753425943999
2021-06-07,35834.4744744042,2711.54793901116,392.026501240617,0.941945875377369,1.6806272700501,0.372499308302405,24.1458900518474,17.4068557133617,0.00000853602716851938,0.077492811101599,0.12428042048557,1.57913499192769,3.19700848726937,655.071471021342,27.4724865701152
2021-06-08,33451.3834071453,2580.53558005984,356.261414681254,0.854522321127565,1.55309991297137,0.333076797137133,21.3973925698847,15.3702671787141,0.00000764849100781736,0.0711836543678276,0.116144628441414,1.47672389261722,2.91061059702733,592.010181315844,24.5937951269953
2021-06-09,33557.1506830918,2528.02230087869,353.762400467375,0.875760196532116,1.58141046305202,0.327442036507062,21.8651935119518,14.8624523951497,0.00000735198332963745,0.072709414000992,0.114462343190182,1.48478726637025,2.91388936745483,597.965948899987,24.1709752156145
2021-06-10,37553.6437585189,2620.62538930385,376.187367125218,0.911214403091132,1.6219127316031,0.344502301205636,23.1965550461607,15.3600589589124,0.00000740032945848676,0.0755321613415664,0.123695105626995,1.50004334774939,3.23903009127669,634.679193960714,25.6036759329757
2021-06-11,36903.3049067789,2486.60006878868,352.39187862755,0.874816307705867,1.53196820680491,0.329430085199966,22.6800293419105,14.1974807980435,0.0000068585734280461,0.0727076245740319,0.117558111772289,1.36393999847272,2.98506985965076,601.565248805257,23.1033051303269
2021-06-12,37289.4325221022,2356.63477418968,346.077026334588,0.847167567424974,1.43732361102213,0.317059300390613,21.05652469864,13.4428618589502,0.00000618674047475027,0.0692778300162876,0.117882537181704,1.25148296918646,3.02110392834257,577.11600949766,21.4084958337521
2021-06-13,35666.1497787731,2379.99174795022,345.045726699157,0.835015635565932,1.48296148576014,0.313071150111681,20.8472400096282,13.6257696936391,0.00000628129828963329,0.0682843879263286,0.11290357009884,1.34966853544889,2.91198902701347,582.252195983839,21.7912070767846
2021-06-14,39147.7056788,2517.77169552542,365.247646639509,0.886026499732097,1.56682372453333,0.325040440903448,22.0889911236627,14.8060399017543,0.00000685177586706238,0.0714611192685074,0.120740482175431,1.47164379179183,3.14580365355189,612.746144524997,23.3983596666066
2021-06-15,40624.5130531615,2587.38161097915,371.004237623372,0.892814124974063,1.57443033538376,0.32800349020216,25.9349574417324,15.1275372884502,0.00000710093116223305,0.0722133290526686,0.119974995239184,1.54880473474283,3.22731600164547,640.363692682858,24.9324183094299
2021-06-16,40378.2025497111,2561.188330932,369.019734414319,0.872464326158809,1.56653432872574,0.321600762889062,24.1198187370644,14.8212993555406,0.00000912446557123179,0.0721107343088878,0.118315804723964,1.64103427186047,3.23455743802386,631.356279542352,24.7447731261132
2021-06-17,38321.4546565742,2365.87278619065,346.439338418573,0.835830649075327,1.479621020914,0.307260670272193,22.8345409982123,14.015935398998,0.00000826168767726515,0.0687228688375017,0.11479434371135,1.47318622532242,3.04075197577942,592.167630726401,23.0038557741233
2021-06-18,38193.619141944,2380.74451963392,353.212644436997,0.844834908167721,1.48748663732968,0.307648464095995,22.5542919817394,14.8643894724849,0.00000799909039392136,0.0737071269117704,0.115003231596851,1.50897300175456,3.08839882212048,600.218470096876,23.4134736499831
2021-06-19,35881.1113713754,2231.55431549778,337.634792739455,0.798327067426746,1.41913996815648,0.293237441587393,21.4552559694997,13.6351801041429,0.00000723797801921544,0.0695934981291446,0.10624236303526,1.378275296131,2.91692566977129,564.312197720618,21.3278168358656
2021-06-20,35581.642267732,2176.30853631771,335.070181194318,0.761459550633087,1.39022705245796,0.287834914627086,20.3823259177662,13.4490095078875,0.00000761869536337634,0.0687280282335764,0.108317806178225,1.36052333376569,2.8719499116118,554.998304896092,20.461241076418
2021-06-21,35787.0774052323,2251.56055936604,340.22815843442,0.777046324790635,1.43466913854031,0.282546584374761,20.744845672596,13.9733810166249,0.00000782966229715667,0.0680207106528237,0.108315599893494,1.40024664971787,2.88984854513451,558.569196643264,21.7065311544845
2021-06-22,31711.935467727,1900.12229989354,274.270556862939,0.618656744982208,1.18314953351568,0.177158834865676,15.7815355314423,11.2719986122065,0.00000621164510385709,0.0542302668805902,0.0919416961426633,1.0999561541358,2.26539081607459,460.976643192968,17.4741221130414
2021-06-23,32507.7387070268,1875.3576944712,261.432239615209,0.551769361683937,1.14797764762904,0.189457008312152,14.627751874193,10.5600927089729,0.00000633013753181763,0.0508615306560151,0.0892439951866112,1.07098901898902,2.12078370258415,441.253356569324,16.7160088717237
2021-06-24,33702.617793714,1971.10597798094,296.12730220043,0.642617678900747,1.2483605486687,0.236763402018543,15.8614231752876,11.4436756133134,0.00000683961929518352,0.0569518205384515,0.0964128910203467,1.17584636021237,2.15208374901607,472.271221520623,18.3296760388095
2021-06-25,34675.4491053034,1990.07615119106,308.79361050917,0.671601221354725,1.35669739094432,0.264012844057385,16.2624210220462,11.4940561098557,0.00000721739657687684,0.06623232555121,0.101272095780675,1.20255377347192,2.16628642724496,485.332414910985,19.0378214238092
2021-06-26,31943.1364678631,1833.46316099816,284.078230750008,0.620105198108627,1.27692256326211,0.243412683984075,14.7475922755749,10.494226866109,0.00000715402469919074,0.0623810693138137,0.0955852521020677,1.05321369955907,1.93853332233634,460.251832097941,17.241232953126
2021-06-27,32023.9739017749,1817.04766554068,277.399632312421,0.611711687348678,1.24808065728536,0.241789155484543,14.4192725047198,10.2382529053143,0.00000744719800783336,0.0625582474767427,0.0954657815719505,1.06204505761689,1.87720915307947,454.772149052372,16.8158244197412
2021-06-28,34607.2932740834,1973.92686483835,289.224866968883,0.65071320087697,1.34252438765904,0.261878118581885,14.9760842809917,10.9716216819453,0.00000779398224949855,0.0649515406319129,0.105716721122653,1.10813528579247,1.94921687094484,476.575453495529,18.3250846067845
2021-06-29,34556.8421269449,2087.51872378742,291.029835285068,0.648856393991761,1.33185378008193,0.257566982304982,15.7758877220026,11.3589032737974,0.00000808312650112276,0.0654678363969686,0.109160812904437,1.1264268348819,1.96857147489358,502.601583180929,18.8635883106892
2021-06-30,35968.9936679703,2169.40006786598,300.923925573295,0.706366183889607,1.37123449016168,0.263482443128528,16.2790417298186,11.877253393886,0.00000894041708385949,0.067899159203648,0.115984565769325,1.17478642138102,2.08276855662257,524.642794163406,19.5825293155254
2021-07-01,35171.4863048501,2279.35416141965,303.742442659539,0.699653276664208,1.3851628348268,0.253630326569436,16.4120021923384,11.979536647974,0.0000088210854706622,0.0682431802256961,0.115477841614685,1.1634901892536,2.08973454349974,527.925522893269,19.5626337979068
2021-07-02,33677.5662359226,2121.65790063336,289.192450693142,0.663872458772423,1.33762478668542,0.245758224282998,15.281224095869,11.2847935286817,0.00000836998002711745,0.0650364492384273,0.11272200600664,1.08072018637612,2.09404208615285,500.428363528175,18.3360037134059
2021-07-03,33950.786555181,2157.88058486645,288.172172944447,0.65467257679141,1.39509171789713,0.245550247582664,15.3422814395497,11.1258664942349,0.00000835193413913102,0.0666389445842303,0.114532030435126,1.10761113819644,2.10953542801511,496.960436321469,18.3293454875173
2021-07-04,34729.8907780102,2228.53239856857,298.415044356624,0.67476769230406,1.4096155624435,0.247191148893813,15.5078570214185,11.4750721493053,0.00000867047153026868,0.066919057139819,0.118667018126297,1.11589506572477,2.25225471422097,504.823638961158,18.5098024027005
2021-07-05,35394.2130740809,2329.00475099882,308.258716179788,0.696899510404322,1.45668654476562,0.246795791380889,16.0297588196074,12.4271873945056,0.00000875408533003401,0.0674683205138531,0.123051620557507,1.14838344368619,2.29638287148749,531.288242143558,19.3064338746106
2021-07-06,33928.1342183715,2217.30185305988,304.023264604494,0.659039991310875,1.4148843591875,0.232817535689402,15.3188565402004,12.1411848625383,0.00000838095112471462,0.0648974154135492,0.116371348483977,1.10521281739492,2.18680653202512,507.657885342621,18.4897954053014
2021-07-07,34149.9898147741,2320.6549288317,320.367029819794,0.666289999388239,1.41366353036194,0.23396012015803,16.0112544186235,13.3617503026417,0.00000870030194888458,0.0649501604198151,0.122119092472989,1.13002194697214,2.25185173391068,509.73114055702,19.9992953210103
2021-07-08,33932.2546383154,2317.23694270242,328.288314906866,0.653046031259197,1.40191974778298,0.225015104342962,16.8438017036639,13.1053104771771,0.00000856467944348914,0.06444911863987,0.11943012956443,1.12972722328406,2.30578085190343,509.763988765719,19.8596058669075
2021-07-09,32933.5781992924,2126.44246739023,311.533195838953,0.624761064574688,1.34682467409383,0.206084542724239,15.380429468503,12.1775717125422,0.00000805870379067818,0.0613600176644991,0.113042100709678,1.04467767880509,2.10353879244022,491.997939741001,18.518229672285
2021-07-10,33971.297749758,2156.58095695258,318.310756914005,0.642499197373244,1.35634145592466,0.218974077670676,15.7326747306401,12.6508730544434,0.00000796532414978763,0.062580883859682,0.120492569530632,1.0588512504572,2.09848553353804,506.434828840775,18.7295275115022
2021-07-11,33704.5384744051,2123.05859749341,317.674356054243,0.628726460790675,1.34141187889671,0.211767820549464,15.3626835292237,12.1114447390862,0.00000771223122069275,0.0616017196678343,0.118403984150193,1.0350749078633,2.11198951632962,497.933742918656,18.2998523331235
2021-07-12,34299.9380165174,2144.01425727226,322.219354764812,0.638508426779324,1.34867611165351,0.214009786729367,15.5169601794396,12.3921556581426,0.00000785906470906601,0.062098993946625,0.131056572093491,1.04458698399997,2.16968064118078,498.647310464691,18.3664302806315
2021-07-13,33262.6543524462,2042.49918661436,317.758646299275,0.63364487870595,1.31973923575317,0.207763815833703,14.9347940684049,12.2282597863088,0.00000760156951399799,0.0605134826706895,0.124566925383493,0.999017914944804,2.10217029465559,481.453752457529,17.6159703495206
2021-07-14,32676.3838009602,1944.39501663721,308.860313883419,0.619960586568229,1.26467176827516,0.197754877143744,14.143113801683,11.8890118326341,0.00000709850084602477,0.0595103205483866,0.127517147718228,0.943839700132548,1.94005143260147,464.089111355252,16.8586216053118
2021-07-15,32878.5018735715,1997.6633136706,309.433965005298,0.622705215688754,1.26429601258995,0.197139179093259,13.7978016491,11.8017044119365,0.0000072230092059215,0.0601009257714516,0.123570936542504,0.929327347286706,1.99737153919054,467.55213570128,16.9501008948595
2021-07-16,31726.0388339098,1910.726951631,314.63623184259,0.596725519567622,1.22572526407965,0.182761828379027,13.0424729688544,11.3508574977319,0.0000068868718570843,0.0577723087253998,0.114156686004705,0.874493872534391,1.90948579393664,454.650427942195,15.6505394953977
2021-07-17,31399.6531286821,1874.20024968082,302.393869499153,0.591372540442424,1.17157289130684,0.174833571428965,12.0168752876011,10.880822972388,0.00000661922783634154,0.0557954443716368,0.110635422432105,0.812092300004746,1.8389823538914,438.502925934846,15.2484430497119
2021-07-18,31588.6713510167,1899.84275006636,300.92427931101,0.585264199790579,1.17594841923878,0.18367522219138,12.2744099094835,10.9456257932444,0.00000680301145355798,0.0561879083246158,0.112660599505124,0.802522901291609,1.94083877304467,437.433327395222,15.3975980508351
2021-07-19,31919.3939225546,1905.72338284317,304.266231667644,0.589795582332976,1.1900065239474,0.184289570934735,12.7728472580981,10.8325451242755,0.00000668519621068767,0.0563801957040984,0.112866463970282,0.801978042759521,1.92628531267988,440.306906768459,15.604557054572
2021-07-20,30928.2119088492,1824.9293920919,282.237041363023,0.560138360595584,1.12798950179358,0.172887680703419,11.5390377236991,10.3020686819977,0.00000622602655501686,0.0537173240317973,0.10661736697092,0.736631485718699,1.75131319825433,418.40160771973,14.6107234886471
2021-07-21,29971.9037836121,1794.97342518683,266.398094371903,0.532351454343304,1.06006415569481,0.172966487284283,11.0743355718571,9.66826820995774,0.00000593094243326589,0.050939421639118,0.102922591264639,0.698170099057392,1.6921580553193,401.819474525878,13.8750741824245
2021-07-22,32383.7811269687,2003.72392145211,293.843191161554,0.573705581363415,1.1763500815293,0.19158794214575,12.4015420397276,10.4846423834912,0.00000658774122290316,0.0541617135595302,0.110393540218596,0.891662362708023,1.83159651355139,432.648071011906,15.3125811243644
2021-07-23,32409.4997671754,2027.5334479167,293.801665390549,0.595073847634851,1.18819186809001,0.191646989182259,13.2622818747665,10.8954710249432,0.00000648896551988235,0.0554012816098463,0.111942607073455,0.890156974896551,1.93431574100472,443.532121034594,16.0874956927661
2021-07-24,33455.5512727226,2117.1546077945,297.640029164787,0.609463204496391,1.20323982006737,0.193612762176301,13.3511051908171,11.0542831393502,0.00000648033611635094,0.056005655218665,0.113753417037824,0.942841859284755,1.93229898599294,455.200955247562,16.5221714332136
2021-07-25,34213.5999321766,2183.6274145577,301.473899473576,0.611044643072769,1.23075017180971,0.198246458669623,13.8467568072143,11.1591715535976,0.00000645817027200207,0.0574004478118999,0.11485681444943,0.950940995584426,2.12687798378481,458.679953760891,16.6857806331466
2021-07-26,35456.1246607668,2209.49936010301,305.467458361586,0.612559172814481,1.23512039345528,0.202326330101568,13.8011107581932,11.3016277963484,0.00000641825235114324,0.0583595051215258,0.117703720851579,0.941067399839108,2.14052455750623,454.826749582384,16.8084285800437
2021-07-27,37281.9180921766,2230.21206767347,302.95856151379,0.623983788986763,1.2550594474349,0.206030213519961,13.9446391206186,11.418540260062,0.00000633709912757701,0.0584876849563059,0.115853054333669,1.01535132182013,2.12881012190058,480.606142841872,18.0200028000075
2021-07-28,39076.5937706323,2292.57963680381,313.496289735544,0.642263128322803,1.27284037060649,0.204539367368829,14.3260058049283,11.8298167843309,0.00000630485267165874,0.0600347213217986,0.121156028561858,1.03693645340017,2.24010431729408,499.788134016004,19.3473637088401
2021-07-29,40031.198244448,2299.68940593629,313.713483272374,0.724255087617575,1.28401819606932,0.208425439763091,14.5432847347224,12.2481916761816,0.00000618570929672321,0.060536085961602,0.12146459635876,1.0173656428197,2.22688620628746,509.430228817311,19.0727102792396
2021-07-30,39977.7569392276,2383.44325996173,317.115291590364,0.749784496259714,1.28839572052358,0.208612190358967,15.2365690387156,12.3907805994003,0.00000628048173575608,0.0618168436349726,0.124180834046737,1.03092329613675,2.25042760463442,537.215756719773,19.3372494882335
2021-07-31,41936.2614786772,2462.39998264801,322.74375771475,0.754377593714077,1.30609009300029,0.206229722812836,15.7918518345781,12.9440435834535,0.00000627199721600184,0.0632027834501131,0.127757897777061,1.05576122521471,2.32645949604703,552.636079154293,22.3427287767785
2021-08-01,41754.1666043528,2541.6745993659,334.985028515917,0.750296450164455,1.32571562337776,0.213086917026639,16.9125259125217,13.5109601231712,0.00000626293263975268,0.0643287532673299,0.129881186630017,1.08647950650853,2.40766066880712,549.604457957918,22.8353036260901
2021-08-02,39914.8297584879,2555.40817851304,332.37264001845,0.72696493805574,1.31162741210481,0.206802445331721,18.3233458957442,12.8246845397976,0.00000628435028731252,0.0634570313864933,0.123697232026204,1.04732417979681,2.3929403403552,527.065477965455,22.0703772087035
2021-08-03,39278.7665081037,2611.67306994818,331.452599995454,0.741694318879363,1.31409223874502,0.203867134884253,18.1853309859688,13.0648150974098,0.00000635005487277943,0.0647522259663197,0.124958987346606,1.05100963821022,2.35586110197801,546.395001297815,23.6324423164343
2021-08-04,38368.354011979,2521.26847488909,323.099800818109,0.717038407430304,1.36971792071882,0.196504345860019,17.4717332678769,12.6334185314181,0.00000620973441758489,0.0642507095123172,0.119945486563175,1.02289250585939,2.34804136136094,540.392017174419,24.0910983317028
2021-08-05,39751.5845750986,2724.53224271363,334.97950534909,0.731436790408928,1.37819577768395,0.201649700234055,19.1805497367464,13.6547779523881,0.00000623258413767277,0.0675211619709479,0.12618364107763,1.05307621706725,2.45939621523193,548.697654063259,24.2008334693829
2021-08-06,40825.3819404497,2821.64969274614,338.281868774127,0.734172412850372,1.38593627949197,0.200606372435635,19.1400419011398,13.8415655495516,0.00000619842067233317,0.0701913528749324,0.129786481833426,1.06395119429104,2.5039832401416,548.393312623842,24.054585707832
2021-08-07,42802.1371747414,2888.73227427523,342.275209308869,0.745848078696408,1.40279840091504,0.205148462425777,20.4244631625367,14.7951426018416,0.00000631016351449574,0.0717056228483157,0.13140884569743,1.08003532350568,2.52453498374626,556.216186357237,23.8596751964705
2021-08-08,44647.5776030012,3151.21751691768,356.219011288504,0.816389978424771,1.4783359788247,0.25683661402039,21.0352477168718,15.6779844173036,0.00000778917189673186,0.0753346079313391,0.142094928275118,1.16890801516789,2.73811281669211,583.450581256152,24.6056631736413
2021-08-09,43753.2178626463,3012.30855927021,341.456497319121,0.781243183991219,1.42578738818285,0.238877348719468,19.742707991682,14.7571065839949,0.00000735687591375969,0.0716245704469364,0.136692941956369,1.08432355711873,2.5481243418311,558.048001958841,23.0607622104365
2021-08-10,46311.0018985769,3163.06465519489,354.866810821744,0.816004956771157,1.47790456073909,0.255657969047416,20.6280440355657,16.0859475939917,0.0000076391039239952,0.073911074376538,0.141736712839658,1.12615958990563,2.68477849205976,591.510177483242,24.266010124282
2021-08-11,45639.5140189071,3147.84299540175,372.732123638586,0.853818038968765,1.67630466744184,0.257448759945116,20.6535099067058,16.4653911763333,0.00000760030229170077,0.0746937607637753,0.142702391330829,1.15623404068277,2.84057305072503,592.851837081816,24.5523333311676
2021-08-12,45652.0601250693,3166.64721796793,391.944452995398,1.00588725454648,1.79867724525072,0.265928120637321,21.3777320280445,16.7021868103073,0.00000781490097283426,0.0832152515232273,0.146491002053337,1.36590763687438,2.99638694743343,619.544240142535,25.9370340442771
2021-08-13,44495.2097932796,3048.41268168642,385.111143480416,0.965947117364374,1.8076602778206,0.26525161172781,20.762374234824,16.5208320129192,0.00000766472328735141,0.0841338911372656,0.139231632204236,1.32577936453389,3.29643471230323,605.813611605153,24.9310955693681
2021-08-14,47717.270527665,3323.19799054098,410.211231388222,1.08825736558655,2.13753854917569,0.286497472596022,22.6042031760616,18.1047230742493,0.00000812614233349205,0.0893945504061263,0.152631566335758,1.50807280633215,3.4111462194658,654.107243082414,27.717304857797
2021-08-15,47088.8531345147,3268.54817703149,409.323952309088,1.27681236227473,2.19131066979564,0.292454426453003,22.844915663285,18.0219649024045,0.0000081197500538372,0.0926402220431726,0.149889292369244,1.43922113673068,3.23928544038689,686.893819093683,27.1528732827077
2021-08-16,47025.0032301128,3309.75491041324,413.352941129316,1.28177987547226,2.16725657312365,0.338200977189007,23.1114216102585,18.7076506163233,0.00000856184024865206,0.0928922813170332,0.150639508281347,1.46772161122939,3.22678279878673,702.484749912944,27.76766753313
2021-08-17,46031.7575436258,3153.58368376362,416.909348512445,1.19187990711136,2.07936537001054,0.320635587527176,24.5056001140922,19.2746555166951,0.00000907388897279411,0.0896031244478487,0.147719934164005,1.42802184099492,3.43972640566137,676.732806297891,28.0723572958466
2021-08-18,44534.4548542199,3007.14402717127,401.410843823909,1.09448557059727,1.9222342258148,0.2978516281349,23.4755858815408,23.6248264345286,0.0000080851262584206,0.0850266469311275,0.140827397521868,1.35650341533689,3.71353934956432,646.433291072958,26.0977400899552
2021-08-19,45015.4655460854,3037.23025119644,401.11859917961,1.15589725007911,2.11842193043917,0.304977108995252,24.2179988833344,29.8122855262869,0.00000806506137216222,0.085233362028044,0.143102703225151,1.35211338261171,4.395249357697,637.930489148686,25.6917852500597
2021-08-20,46745.0346229699,3144.81843678519,430.262894632964,1.18524894962789,2.29246149949406,0.313909261757096,26.3930796982154,30.9742326817734,0.00000828012810726592,0.0872405236892417,0.147112641482858,1.41045734595766,4.46708982499922,653.130156579254,26.9487085186404
2021-08-21,49195.8786018962,3276.96983664334,453.529761116505,1.25842947150212,2.45572095050977,0.327160138966606,28.1116289652432,38.4994512821938,0.00000846389895056033,0.0899362305867647,0.153831780619163,1.54160693317048,4.41282324560274,692.788466626206,28.6641043990998
2021-08-22,48933.6891513116,3224.00046015215,450.152782312137,1.21973818974445,2.44130858459503,0.316850777381806,27.9824995143877,43.9569433347054,0.00000814221243187637,0.0880067904334517,0.155068821052616,1.58936125870429,6.1395057139542,677.470031137883,27.891285598272
2021-08-23,49250.544869718,3243.48635835374,448.546049857784,1.22464876451205,2.66286669213438,0.314126561537046,27.764219239534,43.5730186018542,0.00000822014802638315,0.0878453706287537,0.15588284870364,1.62869316369528,5.49271235705815,671.65223821914,27.9807017284778
2021-08-24,49518.577487907,3320.40916978106,499.647192243893,1.2487668631389,2.91450237543697,0.318051814152015,27.8745024642773,46.3655211916362,0.00000819175377758852,0.0898188338408789,0.158933628599084,1.62477430646133,5.50482342576737,678.335653597578,28.5002507436719
2021-08-25,47940.6079149608,3177.66379630469,472.567899408258,1.14587936126572,2.74503465973465,0.289501624862237,25.1550272831691,55.7192323707001,0.00000758085830931262,0.0849158353982118,0.15324595954169,1.48605250991299,5.16715028077636,641.817807216114,25.9257035234559
2021-08-26,49002.7037662755,3231.4414517288,503.060019430828,1.17087677687169,2.73788375049086,0.2930733579604,26.0472078444029,47.1849339164477,0.0000075286304732672,0.0874803575026919,0.157789144443886,1.53212000514516,5.47823506621146,647.706045390778,26.567243523335
2021-08-27,47229.0706508761,3122.97179723785,483.59478097365,1.0955133852337,2.58037193512842,0.273032396504546,24.3643860162625,42.3291129938395,0.00000705220566695531,0.0839957013267928,0.149476217316515,1.40387618252586,4.95015190283803,613.351955310723,24.812367083913
2021-08-28,49083.1033058622,3267.539434751,494.49102675491,1.1805811945515,2.93442218478271,0.293720783579374,26.5478370505997,49.9844852169082,0.00000746044208859415,0.088189080016019,0.156744542278384,1.51022763710946,5.31484924139881,633.727901570775,25.9662548256425
2021-08-29,48936.5372541422,3245.43022238763,486.113510626163,1.14848558655292,2.8538529166605,0.285923568194727,25.9909809674621,50.2573874535241,0.00000724561054636915,0.0884225158976462,0.15612758041379,1.4598087505853,5.70754333734514,645.286533110742,25.7027603883191
2021-08-30,48907.2707310622,3233.38315169355,481.112307272702,1.14405258546994,2.86086501998581,0.281765323961558,25.7765888683034,47.5438738420691,0.00000714733332631175,0.0886538985358358,0.160300075987803,1.42276678929964,5.63955040533773,662.114110321085,25.8051802176153
2021-08-31,47124.254224694,3232.73386328546,461.074132805728,1.10618923505316,2.72983908776066,0.272417042815591,26.006611980048,41.2898895774405,0.00000670152048910522,0.0864887500751658,0.153145985387602,1.32219113099883,5.3682471016868,632.553494733116,25.1088979063941
2021-09-01,47335.4202992057,3440.5623358869,466.325068192607,1.19161043358516,2.7852542338045,0.279037911649709,31.6953471195207,39.6223015195866,0.00000688289728452367,0.0889746410282616,0.154325240392439,1.35134753170278,5.30502753783662,636.903834198825,26.7346658276747
2021-09-02,48823.0552096492,3790.61399622156,490.190309741924,1.23185684939473,2.86349075901567,0.293435075928918,32.9727707307168,42.4359677676266,0.00000717817426781696,0.0950287641465196,0.161051357230593,1.4572158622987,5.48953446652111,656.098291499363,29.6260220707651
2021-09-03,49338.7846518333,3793.30074334642,484.923037820648,1.25732551290348,2.96498693831847,0.296201305895123,31.864305506316,47.5306448458401,0.00000709182239922413,0.0998349695641142,0.162608845383557,1.44758825099572,5.50168638971479,664.497696970929,30.0584541200808
2021-09-04,49934.5282762881,3936.16339162445,487.502815535973,1.291252384472,2.96707544958908,0.296034318515634,33.4309715584394,45.8076195323671,0.00000706854053766319,0.101473442935347,0.166680799645824,1.45251303661032,6.17932783204254,710.952065482145,30.7083809131095
2021-09-05,50013.0299469459,3894.93751160507,499.232208323311,1.25322491492247,2.83835667326074,0.300158242507498,32.4889144031348,47.2470970193138,0.00000745077965802346,0.10196586952319,0.17111899479228,1.73551112782168,6.09299089650233,711.56477249404,29.9601365688535
2021-09-06,51696.2064313179,3950.27034452656,502.647899311062,1.29848326437779,2.91119687597155,0.312889033484067,34.2744321654347,48.0218358053826,0.00000750821431012365,0.104810563753487,0.185471589598412,1.67527689066003,6.12364235272477,755.426784350651,33.2847026396947
2021-09-07,52739.8001663455,3943.25678530191,497.362997206609,1.39113044690342,2.84108679445392,0.309712773248244,34.2273990340709,47.2188038193118,0.00000724795472904886,0.10404292567918,0.204232571484457,1.64888168120077,6.11412261228396,785.608546816096,34.894818954636
2021-09-08,46995.1641709598,3440.34175683657,418.719904123258,1.13134806118202,2.51039969416538,0.255336743194524,27.9264888906876,38.1016790946354,0.00000605671608512056,0.085857444545273,0.168392885907757,1.36755938550228,8.64694274932796,672.337602415448,28.3487258608257
2021-09-09,46085.0286157819,3496.85902299607,414.015084725305,1.10566892806622,2.47715291596098,0.256569330919347,27.5319782439443,36.7445713290732,0.00000678796318344695,0.0927538935874372,0.170633763399295,1.3365429588248,10.3651841208397,663.431157019638,27.1674725514955
2021-09-10,46518.9411866024,3435.97993265133,421.904346204302,1.09124619148933,2.51880028901215,0.25280762252716,29.6895102895644,40.9533290352004,0.00000732767085839484,0.0931489182601416,0.181704473537265,1.36543091646897,9.77780111365855,662.500239193303,28.0112084764629
2021-09-11,44802.606402497,3209.9156960905,401.63387407747,1.05355269747237,2.3770169255943,0.240179325523819,28.9967152383235,48.4356661273295,0.00000699134394807842,0.0908588040838155,0.17102595841235,1.30046297505053,9.9074395179828,627.549205565147,26.3124086811258
2021-09-12,45196.4882775582,3268.10416213488,404.145476746277,1.07522093143594,2.61353860103006,0.241200814204774,31.4306468718397,58.2520300080404,0.00000678589967121312,0.0951399833663795,0.178022524128093,1.31078753388389,8.96864990591423,634.637699163209,26.9278587328509
2021-09-13,46195.2183008294,3417.83936676694,417.78466673456,1.1169842609285,2.5979163349568,0.251408750676257,35.7599064133585,59.6939687537199,0.00000688283793362427,0.112866021476722,0.18304410753948,1.33538555058356,9.01402074034505,647.758972174551,29.4206840890954
2021-09-14,45139.8339687327,3301.18677682873,400.888295505188,1.06860414867785,2.41574782530655,0.237080977275362,34.8177754456324,53.5180614725866,0.00000652374771009197,0.10521847721507,0.175815576567173,1.25260879066935,8.23670201057968,617.03136268217,27.1182335913638
2021-09-15,47135.4319956269,3425.25087337488,414.293886240305,1.09631131349567,2.39944443046881,0.241071959327855,37.531724399634,51.4086842244884,0.00000666476672720365,0.118102692842981,0.183761580541496,1.31859807696089,8.63740605816057,640.484653188166,30.4885070320026
2021-09-16,48186.5327570472,3595.96257142923,429.926984938359,1.11888392685543,2.49490584995777,0.247330190548109,36.3293388353332,57.3425342038046,0.00000677574271008547,0.119947842177436,0.190184086584415,1.41078659553415,9.296780737672,652.105132161178,30.6708106095418
2021-09-17,47879.473439921,3573.30751602499,424.928634629775,1.09095763410953,2.42600430257637,0.242580851878877,35.5495242558903,67.4502743178769,0.000008721695121834,0.116510574741028,0.191739934187012,1.38496712342378,8.76740978243457,640.407345746461,29.9203237145777
2021-09-18,47228.6582162326,3412.17718242167,405.924662282961,1.06765825842175,2.3489345410472,0.240937945054932,33.0922731488753,70.459116100316,0.00000843207086189377,0.10540796787619,0.189391960433605,1.41781391695914,8.33063515577316,621.34477132039,27.7020199502268
2021-09-19,48266.6270727906,3427.58426153173,411.492150324853,1.07581271601496,2.37337713090226,0.241894864574874,34.9344107285135,68.4853814796597,0.00000784999766524879,0.106198122513468,0.189170141303185,1.36435678854676,9.08639690953453,629.070452059397,28.4085921523048
2021-09-20,47371.0393323647,3335.88488651412,409.865674198492,1.04902166035705,2.29085435498536,0.234501025666768,33.7407233723622,70.1566869156171,0.00000813974428567947,0.104042100361337,0.185220416661685,1.31722945113559,9.94782223803054,610.701462791741,27.4370250558434
2021-09-21,42932.9465959541,2977.32267934047,363.89281877367,0.921952346213159,2.08122440819236,0.207682319790706,28.3336266009119,57.4102670488027,0.00000700843938817279,0.0919313725815724,0.161814508457547,1.13465347055197,7.69128876314794,542.557753380124,23.5269802075706
2021-09-22,40386.6236352893,2744.1109995297,343.888377819333,0.86677689991244,1.97218115141076,0.199616126553989,25.9420438862376,57.9038560580971,0.00000679091235724757,0.0876871606273382,0.15078272613124,1.0414912651512,6.60426596589241,499.959019655738,21.2100830805708
2021-09-23,43587.2230505847,3074.11976124582,378.304383892215,0.997020245695156,2.24032839323808,0.224661111664105,31.4106781541284,74.2146713929102,0.00000724195885420613,0.0987782000301869,0.166859674433451,1.22028100079156,7.645125639465,545.049929967528,24.3305157306017
2021-09-24,44980.8982148109,3159.26986558177,384.850509384463,1.00043628138136,2.32643819805551,0.225537153075052,33.464521782543,76.3548676774051,0.00000765030787634376,0.0994008604946255,0.171281030849028,1.22516855900337,9.29236035907466,551.329627980271,25.3613179866898
2021-09-25,42752.1681545072,2930.74270607389,355.751217621976,0.94093899259609,2.27125202811257,0.209120627456862,30.7687229503176,72.5496671383632,0.00000735331862282741,0.0921900063251262,0.159551349149358,1.1272097930816,7.9435318118542,512.66613744974,23.1944391327023
2021-09-26,42856.8551642245,2946.9708461402,351.319771635519,0.942552962140965,2.31193399343181,0.210367601958114,30.0437811769547,68.822824597623,0.00000735282860131073,0.0911400994899724,0.15872617467573,1.12650322732134,7.68236523127079,517.918698820387,24.667092178649
2021-09-27,43336.8612332427,3063.31634471348,344.560468358875,0.945767340044055,2.21288377941801,0.205721486086896,28.7397013179047,67.0483383201725,0.00000711742019983553,0.0878513247893498,0.158436643915005,1.12647293278657,7.29441059641769,503.347685997928,24.5523188221761
2021-09-28,42247.3557290064,2939.74228285378,335.637080745775,0.922764762897954,2.13887876439661,0.200310715358749,27.6782065774094,66.5347479789377,0.00000694459919238477,0.0861473588533629,0.154904290033772,1.08508582745301,6.87632056691487,490.427376325531,23.0859017425196
2021-09-29,41010.3751983655,2798.9844172601,332.206963551358,0.898182776890135,2.03786932686366,0.196651522471058,26.2255643998719,61.4354816120738,0.0000069934317010672,0.083125746941858,0.146576130759032,1.04752272433972,6.38370333073274,474.403996273117,22.1075550063262
2021-09-30,41587.667862323,2855.61173052652,368.211371367274,0.928159860044569,2.05852665837281,0.199598965858978,27.3276371413044,65.1946099910886,0.0000070224645560526,0.0861985483937142,0.150108622910094,1.10073464957293,6.67691456653577,485.334060744256,22.9218222831929
2021-10-01,43859.3261472411,3013.49323203208,387.518352468355,0.952996640574888,2.11665193015218,0.204667023872007,28.6181140878395,66.4700724489004,0.00000721318849234068,0.0894986898352884,0.159159246211855,1.12842117345772,6.92504686735329,502.1905700292,23.9299974797914
2021-10-02,48181.8762726001,3305.10704144372,421.467512585366,1.04112321649248,2.2467692592329,0.222705303892244,31.978847883259,67.5459317831292,0.00000766358667838269,0.0947983942237723,0.172797375099048,1.26776634248726,7.8093245470646,542.91456794121,26.3104313645027
2021-10-03,47777.762019063,3393.92424926967,429.350531424262,1.0400949689547,2.24721902108827,0.219271787978282,32.1953983662786,69.4839348617393,0.00000792755198745445,0.0940276746451928,0.175501357402213,1.2961700736347,7.86306464210985,551.413044722299,26.9742477843372
2021-10-04,48282.9711385745,3426.38708085138,431.449015812713,1.05583071107003,2.25883858136428,0.222176205843548,32.200486900159,68.9713263660062,0.00000856053247922935,0.0952120338634058,0.18228071571684,1.32559694079646,8.04799532954171,573.028256933815,27.6090120371867
2021-10-05,49260.2323211307,3390.31040775961,427.545861516534,1.04370723568087,2.19509520542497,0.243219298722992,31.1852459350731,65.2538182840012,0.000013401356955194,0.0938406281620836,0.180053901577442,1.27950879692027,7.66361323257761,551.328341150872,26.6052812941436
2021-10-06,51668.9942243556,3520.3422566394,443.435447728984,1.08538103791722,2.2378489402007,0.251694135242895,31.5410544562294,64.7264307228896,0.0000172164012129311,0.0969179777512997,0.181552756044474,1.31436633562243,8.02037349272624,595.159975444385,27.2714405566049
2021-10-07,55415.005742029,3592.17612950003,435.26200609173,1.07836092915173,2.21330709220604,0.252550719891455,32.4857058662174,60.124740450606,0.0000284509269401202,0.0955676735908368,0.187808143472718,1.25908331527538,7.8092059947992,618.861692065867,26.8943545824727
2021-10-08,53894.5959945211,3594.91835796765,439.932647037365,1.06894110756606,2.27996407086421,0.243439043820845,33.8314597723908,61.0638470694871,0.0000226839560591787,0.0955725775020009,0.18597453756209,1.27929478835444,8.2192120015422,610.54197457378,26.8902379161173
2021-10-09,54010.937473744,3558.54957708341,418.317343062384,1.06146500336006,2.23067796633518,0.242967932575967,33.3700447608339,60.2675757150912,0.0000275060603421805,0.0975361971257426,0.191669673488668,1.33720744935861,8.07642336610992,594.22983058907,26.2668246350785
2021-10-10,55125.4603376805,3588.08092155016,422.312499600526,1.16418462229256,2.26947361921581,0.247163561062575,36.3736984683866,60.857517688866,0.0000267902696490104,0.103030097498346,0.193971629512235,1.35202049053735,8.03080202006174,615.907754168149,27.4453598081108
2021-10-11,54711.869596643,3431.01930691501,404.329842079583,1.13606684122665,2.19601620362843,0.229298522141921,34.3429872122593,56.6418045066983,0.0000261168307709737,0.0979012656394707,0.189437273600017,1.24779160986041,7.38885401675451,584.635563069526,25.6195948088608
2021-10-12,57572.5108555965,3537.84008712407,412.904166217266,1.13303718839803,2.1741154519846,0.231961297732876,34.1137856792544,55.3792077974192,0.0000304172678672781,0.0974783717021136,0.193431579842632,1.24043110363387,7.43298678927018,598.546120122316,25.2133609252573
2021-10-13,56335.0354605115,3498.10529212066,440.367327822185,1.10146764549798,2.11795828198173,0.226351530150141,35.1304815541655,54.1917468875627,0.0000291306897030372,0.0954060543196551,0.186321408920108,1.22281575082921,7.23089892184902,585.945980974995,24.6586699205099
2021-10-14,57487.9858804222,3605.65033429818,469.572148336163,1.12845729168958,2.18933053475095,0.232762912483917,41.7278121743726,55.2141941881999,0.0000290318743229512,0.0979834868205665,0.187250299881524,1.24088760013501,7.26841818567778,592.483922144106,25.5264908022902
2021-10-15,57452.4317850355,3794.51688822482,471.839047583647,1.13232966665457,2.17448731092319,0.232981577903511,40.7205921220117,56.1757661043276,0.0000274216181184171,0.0973433613832617,0.187112187716243,1.26575006289924,8.07218578629483,596.683627322246,26.6789074006195
2021-10-16,61809.0239442703,3885.6417645297,476.060436859167,1.1457595476855,2.22564758940933,0.235038164186111,43.5866296137355,56.4158506165314,0.0000254214407914726,0.0992627715623825,0.190065195106238,1.59312863338282,7.89999011214632,627.262964378211,27.084836499498
2021-10-17,61165.6356421152,3854.49846144934,467.813920635995,1.13859573900037,2.18722909829185,0.238558225372264,41.9682904331092,57.8129212424402,0.0000257146794757642,0.0992479142598266,0.191364096987957,1.51031954400838,7.89486090002315,628.105075195671,27.3832742495858
2021-10-18,61583.7744396134,3854.22368694084,470.603742333331,1.0925155626661,2.15782275392397,0.23793634241309,42.1299462389784,56.2760304619956,0.0000276146810359084,0.0988752564795939,0.188734133352599,1.45670359282083,7.78777806547201,611.360540492227,26.5080308726551
2021-10-19,62017.9727251787,3752.61872738495,484.962830765554,1.08123584928679,2.12842579799445,0.246122250135653,41.1415237978814,55.483903031305,0.0000286328094027405,0.0981536307051389,0.186215441888005,1.47851300918683,7.81873932730852,610.388950675752,25.6878144587302
2021-10-20,64517.6485604228,3884.5872952429,488.575869859711,1.09438710121394,2.11580871539375,0.246548509101407,41.4202304937278,57.0124282908953,0.0000281460347352925,0.100936849689794,0.187648705646241,1.47867820266959,8.19092429627906,620.405200527293,25.9469562571074
2021-10-21,66237.5175502939,4170.10793288627,503.122639019948,1.14354700265994,2.19357163673141,0.254517509251899,44.5532402296587,59.7961067461014,0.0000292415691156184,0.103602063963371,0.191193428265486,1.53073002347645,8.73252908234006,643.847295886593,27.5316371064733
2021-10-22,62541.0869329352,4074.86015752029,472.693206361032,1.09296147394517,2.14529367188084,0.243526637110563,43.0019133094804,61.3952949064908,0.0000275882418036301,0.0999918075994891,0.188545569876975,1.50934441453245,9.4413764052106,622.531125805381,28.4070909350611
2021-10-23,61029.2709318209,3990.71197643347,481.152529000879,1.09349058066911,2.1655165443729,0.24642647590936,43.7686100836497,65.6878628219147,0.0000279766838542271,0.100276574068866,0.187615549524588,1.51833328518938,9.13705298219161,626.691450854721,28.7743706476745
2021-10-24,61572.1404342224,4179.44229816945,484.835853247763,1.09515498681133,2.17415497320016,0.251500062147329,44.1263939642571,65.770947331171,0.0000339068549190401,0.101247736239918,0.194163217147256,1.64612888012959,9.30863675135437,629.563000910356,31.3983045090404
2021-10-25,61173.1663907232,4094.93899341872,477.970401557555,1.08491364185053,2.12855152746846,0.278296550674939,42.5236024127443,64.6995625185812,0.0000359947172883211,0.0996667664617031,0.192578482080606,1.57673657034805,9.66930517316558,617.975471350643,29.7818048524764
2021-10-26,63228.2138258421,4230.20837159404,487.152115413817,1.09582836430262,2.15210818859592,0.265011275933517,44.5933192123961,69.7352038008405,0.0000422579223480794,0.101283124845719,0.201066534317793,1.67133935414792,12.4190239444982,620.320565121846,32.5469132089516
2021-10-27,60604.1888879475,4152.57028873124,478.444589960422,1.10572714338762,2.13882284374745,0.256781259196788,45.3027708175497,69.0229143968667,0.0000476595928854773,0.101364688078388,0.203697652472391,1.74338537953678,12.3429485933957,609.848739998126,32.4516928366696
2021-10-28,58641.0014741949,3944.09086178132,450.856094135721,0.996836752619904,1.92390286322147,0.239166526463374,40.4881961849553,61.707732921511,0.0000819045222902236,0.0911802581021036,0.187619971995505,1.77356445007739,10.8977222354862,551.24417666537,28.9615720631341
2021-10-29,60767.5558520673,4288.09721878663,491.71404073714,1.05878019786803,1.99467872011857,0.299578968100371,42.0734404982867,64.3793755646565,0.0000680519902099519,0.0955399418773763,0.202133447417457,2.12789697364047,11.3743042964907,579.019616218867,30.2212345555897
2021-10-30,62283.1980558735,4422.94053559375,529.288247223027,1.08341038739927,2.0159917138188,0.288814073586286,44.1237681640945,64.6318466782779,0.0000751394476897463,0.0996243019064886,0.224319127027663,2.02491209794828,11.5530827168209,591.975601527624,30.9776539589726
2021-10-31,61837.2570029789,4324.60992571188,526.943922774652,1.07589924535555,1.9513562972177,0.268298081335162,42.7361923297911,62.2659167636721,0.0000650284263087288,0.101139268775244,0.213558514932581,1.86079398790264,10.4722995967635,584.172356556201,29.6743250277384
2021-11-01,61471.8684627626,4292.04047236198,524.704932514074,1.11438829369028,1.96675945909928,0.279767294597298,42.8169093937099,64.2942791283006,0.0000670679910828841,0.101393152634942,0.211463335495929,1.93425725217986,10.1816060480905,596.324869305288,30.0145674916181
2021-11-02,61121.8312010651,4330.55315159525,551.288567860087,1.0934533521015,1.95233147562669,0.272081995446194,50.0926904586512,64.9058154036396,0.0000714347547460093,0.100734973119794,0.214143643863157,1.90742478572998,10.1568968244764,587.955909690375,31.6577931554756
2021-11-03,63247.2089612783,4596.59309058429,555.342758657766,1.13665872778194,1.9706556554731,0.2738800037704,51.2782919126184,67.6814973687253,0.0000689749407381184,0.10764245920709,0.253881878452063,1.93717655839115,10.4761720180918,599.122986598283,32.3036126755579
2021-11-04,63130.9423517154,4607.69927307814,569.416459346011,1.20888239546967,2.06756823877693,0.269688283129265,53.3361576681595,75.0302228676494,0.0000563962951486778,0.10591794983136,0.268148463606245,2.03700514279629,10.9936501126607,612.157070478628,31.9341962279359
2021-11-05,61601.7435720498,4550.0144351427,561.075543935938,1.20091382699043,1.99187341232377,0.263609253199527,54.1428598454623,79.0539335680734,0.0000493572463277638,0.103852591006846,0.288258116855312,1.92537559449293,10.6566406363247,596.981391998425,31.0513561578827
2021-11-06,61247.3849421779,4494.80276090967,607.388311286695,1.1622964291453,1.98646869204821,0.261807276372645,51.990745657999,74.5788902654788,0.000062823851543311,0.103929723271288,0.380612898145268,1.90556382939679,10.4012897001296,599.18593711332,32.9875935509458
2021-11-07,61661.3586637204,4527.10415415062,636.054095734604,1.15199737210598,2.00967276571353,0.262512888655197,52.0777044288901,78.3991192072618,0.0000588322089804848,0.102785380200448,0.339331583352686,1.88871612851716,10.2137841068258,589.247786637448,32.0775345784192
2021-11-08,63153.2301930195,4626.6292884487,650.495518741966,1.21929018556004,2.02718801036857,0.266590863524028,52.3963663969478,88.1197388907213,0.0000571532562879592,0.104859979852682,0.352870410249285,1.88950865780051,10.3586022904917,599.250861743583,32.3675458197625
2021-11-09,67617.0155448617,4815.00463432223,654.548009392986,1.28708905236968,2.12760775435869,0.282271622772979,53.3930573749609,91.1654639768148,0.0000550043323453006,0.109810005787026,0.394943265424829,1.89406681766957,10.7310987051544,640.255248504148,34.5281551453308
2021-11-10,67145.3749353706,4742.08091060724,636.927617911347,1.26171229587679,2.27804698172034,0.274161717239814,50.9694290385156,88.5830530557005,0.0000550656012047954,0.114697740856979,0.353471611511357,1.76730195969841,11.4078720794008,718.616264868825,33.9101980395185
2021-11-11,65061.0544069628,4641.5287648497,611.442280988011,1.1883132886402,2.09709511370188,0.255734250088651,46.9964888301728,85.0450174539414,0.0000506399507426124,0.106718543952643,0.330622254145504,1.70215845753607,10.8003954551659,666.321060042593,34.2865410283201
2021-11-12,65005.6451595668,4732.92445034936,629.711419821976,1.21762873568711,2.08516868342981,0.261400263112132,47.8278506713982,88.1180230660434,0.0000563729800862986,0.109325619361886,0.348089532942619,1.76778436037178,12.2829672893333,676.902442110119,34.8948035447227
2021-11-13,64432.0479473452,4685.10635551733,629.095105176802,1.19421308057186,2.05678814497112,0.259350079942141,46.1153759251748,84.8183830561362,0.000052284898625762,0.108255035315358,0.359546913815029,1.72330184306497,11.2837644675091,669.009249259804,34.4130560956563
2021-11-14,64660.3353526734,4666.49849819429,652.233781780782,1.19369215833454,2.05833090244714,0.262435913551664,47.2752247918416,97.685999066621,0.0000518590797495722,0.11311651955629,0.391011701598198,1.75917332378527,11.2000101184528,667.053816151439,34.1595589283855
2021-11-15,65648.9777911024,4652.94739423887,654.625195826052,1.19293488525669,2.05131261571655,0.264467957874131,46.5914427118633,96.0259187326806,0.0000536459004109024,0.1176493383904,0.440104931244819,1.7363485589452,11.9128172177694,677.4317986976,33.9131727814204
2021-11-16,63933.8354425993,4583.21141875901,635.706010188683,1.17556002545183,2.02523218392164,0.257996491554615,44.9371405303532,94.364173196425,0.0000538300337945663,0.124436626744191,0.448603413722606,1.70044728928596,11.1142075612736,667.42087737685,32.1894492593505
2021-11-17,60448.5625125862,4243.35290680217,591.349112808069,1.09664936537586,1.88453619647386,0.238781164563331,41.183198113849,99.4345405714911,0.0000488892051364685,0.110396005625192,0.417417713599391,1.5720905272403,9.75408663523921,604.24134439487,29.4099390220866
2021-11-18,60603.6558673865,4302.80495896283,580.013314725372,1.10045962509895,1.88143603520758,0.238872920828311,42.6861490104601,108.501737418576,0.0000483368516225578,0.111901698606649,0.52796343680953,1.64121185289463,9.43160287792426,595.060935330684,29.2744336726178
2021-11-19,56987.3223385505,3993.84659516186,530.957012963424,1.03753670967791,1.78641064498912,0.22168020848216,38.926188899914,98.6064628626434,0.000042407317835699,0.100623636644281,0.498629888089579,1.48547536462471,8.77754232358639,552.432735231613,26.4643409264431
2021-11-20,58459.2555166746,4317.60319564617,584.292602127396,1.09130547641425,1.87240461567396,0.234259582108773,41.4292016616748,111.369658536633,0.0000487769339124367,0.104809444836701,0.569875172613149,1.62372789470256,9.47808159468919,576.00514121459,28.4323596893071
2021-11-21,60082.9116684171,4436.19276693045,605.528617044877,1.10030328959309,1.92806077224036,0.234661036424581,42.184786086688,126.06963111589,0.0000479070880051152,0.10580726210675,0.581718266984368,1.67411580151496,9.84230377324817,586.438178660239,28.4337443110054
2021-11-22,59139.7792795272,4319.3615668569,590.2541189075,1.06931631757241,1.85439089220158,0.228668851288724,42.5808438991322,130.169607494144,0.0000444277877865929,0.107959664678751,0.733856897424363,1.61763088525546,9.75655295193001,580.851106594631,29.2732254484115
2021-11-23,56386.8568531522,4101.06287649014,559.988849189419,1.03677251244824,1.77755666564365,0.220222955375221,39.4603139206931,134.469747461731,0.000043219351586834,0.102109834026835,0.727119292272157,1.56091310179998,9.28643459723498,557.844813063542,26.791258610061
2021-11-24,57748.7931737886,4355.42095779647,593.486691663709,1.06664462429627,1.75127859780334,0.226555976126154,40.8938008113548,123.533348550726,0.0000415734626675339,0.103278834094208,0.891544285513551,1.75680777257521,9.95609440978262,574.111445987554,26.9744753231888
2021-11-25,57198.1838462953,4269.43721972804,591.413828404874,1.03243441221018,1.66883103510213,0.218280384249855,38.3382598458317,115.966576237909,0.0000378920710779032,0.0980562749828463,0.88571744448913,1.69326043999477,9.2398543549039,614.569710546223,25.6071953220004
2021-11-26,58897.8469829979,4515.84330014274,638.168273373729,1.04250450053278,1.67905777828216,0.221607646641285,39.3973876308258,118.878940840651,0.0000423689852290724,0.100130029304451,0.806863768890842,1.91342627593187,9.26715937373833,617.3070104506,26.3537957971031
2021-11-27,53827.7928650347,4048.31284407617,585.565593002117,0.939510533382333,1.53698757092849,0.202422570434864,34.6073289827086,104.421962774208,0.0000386192676003024,0.092501509501097,0.687563927834102,1.63853988970642,8.22087609754925,557.676129956302,23.904530218455
2021-11-28,54533.4038824269,4084.08848569596,598.06588265323,0.941035585579153,1.53955034948253,0.204382482182902,34.9513385217015,111.984347693025,0.0000390687125127963,0.0932348108391822,0.771529394973011,1.60601916883148,8.24754988466658,560.642761514357,23.9710301698044
2021-11-29,57237.6611370904,4290.0918625364,611.448233584723,0.966781478331415,1.59257472141129,0.207533882797605,35.6444285048373,110.973520539585,0.0000391145419522003,0.0951160324316028,0.750841572686489,1.64953583633472,8.36671384715985,567.622471370371,24.7844954948832
2021-11-30,57848.7735371299,4444.52827982156,623.819158431465,0.991379234453432,1.60340690990233,0.215240732338937,37.1882620027123,118.610405842527,0.0000445871273187839,0.0969124979323588,0.713610733971828,1.81685465705247,8.42866377372078,574.81135271333,24.9742932021998
2021-12-01,57011.2804742423,4637.1216168314,624.047887141521,0.997649400257919,1.5540123065212,0.214982552967642,38.0034264169044,120.882331927044,0.000047408934899539,0.0965855667246272,0.689680841243274,1.78858964062539,8.71709644989049,570.537261815733,25.3392556495858
2021-12-02,57169.3719938106,4589.61061753915,627.529813527216,0.990309974766962,1.5476591321157,0.209486520376832,36.6990570884854,119.269422603818,0.0000440380578390645,0.0983251331161578,0.720451406866872,2.01459830293219,8.49242160159856,571.070891609212,25.3843307944388
2021-12-03,56508.2680540227,4519.44102802878,620.507087108787,0.979229839654411,1.71418002514826,0.209731994327879,35.7207137296211,108.070856587082,0.0000423291186040086,0.0975666203888845,0.689170690005467,2.126812221996,8.2359218335556,561.819474332225,24.5409539288915
2021-12-04,53785.9671723792,4240.15551680896,596.40436628453,0.921708337341097,1.56257447852887,0.201261509913758,33.7970585825364,108.354515713372,0.0000407366407997273,0.0943459227298343,0.637729026212316,2.28512716161094,9.14864798776406,535.428366989773,23.3365416489493
2021-12-05,49161.9907095752,4101.65679181078,567.249517947693,0.843287410692073,1.419123935811,0.178986555320352,29.2778027919502,92.3639426638703,0.0000366814631471689,0.0869591408460489,0.605430586303454,1.97189964067495,7.96443077984385,469.80970419223,20.5376341512797
2021-12-06,49268.4698905394,4198.57287456246,555.821270393299,0.80210164243471,1.37591943846867,0.171365283174217,28.2906597081298,85.6670947094473,0.00003636720708118,0.0843542084344679,0.563007733473938,2.01906257403282,7.31328909117384,452.457101846419,19.3737701569457
2021-12-07,50461.5768365398,4347.61563059807,588.434826378407,0.824178609120208,1.41765565011975,0.178280608984132,28.2758035676813,92.9076912058853,0.0000370194060793986,0.0875346900835164,0.59615812369352,2.27100273713806,7.3002160701433,474.961278532819,19.8211744585964
2021-12-08,50647.6634063575,4310.56664642453,578.539994633894,0.817000653098653,1.38431061301561,0.177161064960951,30.3437265892878,89.9156911175943,0.0000363407297211551,0.0906054724702251,0.612367437793747,2.37111085300781,7.60927720417158,473.854628107545,20.8053776259767
2021-12-09,50530.4580645934,4431.54064713976,604.991567030087,0.860495073712244,1.39360634799289,0.17913866078393,29.8168252801443,92.9811278366723,0.000037010298063711,0.0926457847190246,0.609171467734753,2.42097391315948,9.38491636103346,480.039359363401,22.7452433207635
2021-12-10,47885.8719894171,4153.33331072419,574.641806152582,0.866818342517638,1.29893971817329,0.170701744945582,27.0141866248117,86.3740288147457,0.000034973068799044,0.0893911103271558,0.56767419447183,2.09951070669999,9.87380504224976,451.89300296609,20.4196415773934
2021-12-11,47303.5641521741,3918.20074340295,553.613387715986,0.798799264490369,1.21486560903531,0.165330521692037,26.5576378325121,81.7540782232769,0.0000338203608176487,0.0881978143223614,0.548460639951542,2.09022270828559,10.0704599401989,440.920811264373,18.5730564310349
2021-12-12,49242.3023240715,4079.81493056987,564.278255493909,0.837044557113963,1.34718579813948,0.168917181258858,27.7446474408653,86.0831266348408,0.0000343971847446273,0.0914661535753127,0.577149346140427,2.12804008195864,11.4997036987708,458.768165951919,19.8931133989622
2021-12-13,50051.0783486749,4135.84151013741,569.000426310578,0.839876396184702,1.34840209245308,0.169910635180674,29.5600373761154,88.2133356924231,0.0000366617474797487,0.0912356550923331,0.601497528382365,2.08486998677192,10.5815624961247,457.737417558236,20.4505773848039
2021-12-14,46696.3046994668,3782.89526223471,522.837622669058,0.781598321841976,1.22417889603083,0.157715181404891,25.9323138115948,78.9003231812951,0.0000330468869822293,0.0850972120906398,0.53108268226741,1.81400166234672,9.11027438646687,423.03165272077,17.719170631626
2021-12-15,48410.5646563093,3858.1644681807,527.287594620165,0.81130314824627,1.26630341330244,0.191220695090851,26.1819835243435,87.2424481138377,0.0000339552493810094,0.0872675316294526,0.544915556734585,1.93603641315171,9.29441590894881,436.220554690535,18.435910639931
2021-12-16,48936.8625824416,4015.72254331389,539.356580859396,0.829167257927252,1.31222718877421,0.181630423373448,27.2313321061495,100.796343479458,0.0000338825838769868,0.0878388191868688,0.557607163497689,2.12505284547673,9.83796225620029,446.419218270306,19.7418986250727
2021-12-17,47694.5305022518,3971.55976634211,526.941835314115,0.809774028735396,1.24516166650784,0.17418598675383,26.002561395416,98.6440709417485,0.0000328727126689361,0.0855595803612658,0.541079541425424,2.07937242120224,9.24482184061604,439.372451644293,18.8306789959735
2021-12-18,46328.6963654447,3886.74736171829,526.485478915017,0.801570603560836,1.22234210224454,0.169651807449482,24.7651121143164,111.600914896233,0.0000312335277486164,0.0798784688192803,0.522882626808274,2.13200943274805,8.41505880351061,426.663556021233,18.3406859750528
2021-12-19,46970.057050727,3966.42535167055,536.187168221986,0.8298301709116,1.24382620565509,0.172487646874158,25.5564856211227,115.694505760099,0.0000315106225036836,0.0805500920508421,0.527666994340942,2.23170588380615,8.42032277271965,435.718755879879,19.5689802699364
2021-12-20,46807.0486164263,3928.84172387162,530.118742247965,0.836081088509201,1.24615050063308,0.170000088366886,24.8027474654783,108.253797675545,0.0000308910283845279,0.0796903984905428,0.515009566144096,2.23004622050374,8.98528293270755,434.611420980602,18.9465641193366
2021-12-21,47117.0082042105,3950.4823919861,526.597852457459,0.887032127003608,1.24667208276969,0.168547645568964,24.2364292638514,114.285171984049,0.000031519039840574,0.077954021642829,0.501578528912028,2.14487923120738,8.55333262596528,432.314890730354,18.9260065679481
2021-12-22,49145.2172584989,4036.54971781343,530.006407504742,0.950544405761574,1.28290895195582,0.172171263587604,25.2747953191378,123.472735730375,0.0000333588948159613,0.0792377927062321,0.530983334309158,2.37065369761139,9.26765695421735,439.34401869909,19.5227550152088
2021-12-23,48755.8956440448,3992.59457663732,534.698136736237,0.958127048218049,1.33232937283805,0.173954168770004,27.2882771792012,116.594590703063,0.0000351644309603081,0.079363283122382,0.538778997064751,2.50982647352496,10.8336110938474,440.369756591005,20.0251417598744
2021-12-24,50900.614949516,4113.52993187461,549.826581719421,0.996180616395759,1.4783371040977,0.184049375971828,29.2396322070493,121.968320225583,0.0000388223377563332,0.0828326958075362,0.595819934828116,2.6769160967342,13.7507465371778,456.200651025888,22.2371145647336
2021-12-25,50888.7210367868,4055.11736693132,542.698359281922,0.91380288970223,1.39748159440919,0.188043998441413,28.1578892698666,115.097663063755,0.0000365389909860672,0.0811922571536567,0.627928487965676,2.46342291240935,14.8438109657225,452.440643507423,21.5190891761704
2021-12-26,50663.4871021322,4110.57187085374,548.744945069022,0.927857138508483,1.45866402422001,0.1923670104047,28.9491571748062,115.300896519539,0.0000379772022560613,0.0818135028375454,0.650041197242009,2.64376020472876,15.2261163141431,457.721209944598,22.2174335415566
2021-12-27,50852.8602595407,4075.03161894955,547.476499943394,0.921873933418014,1.45777695311784,0.190713426423795,31.4205523754633,115.450366902102,0.0000384471798661208,0.0817061677429432,0.626770544428932,2.88171160481254,16.1513421991909,452.324245783468,23.0658714547184
2021-12-28,50774.067814743,4045.05135011933,564.677803044404,0.928151646562935,1.52130364468247,0.188275501501246,31.0460547866435,114.026894398173,0.0000390655815884875,0.0812773189851137,0.62447170277635,2.73529289098231,14.6991803978657,465.992347860608,23.0764094119142
2021-12-29,47725.1480463193,3807.3603674992,536.175330682395,0.857961197267014,1.41158059454358,0.174852481312357,28.0300411424256,107.695930902956,0.0000351505913415431,0.0774646970679914,0.568401305597446,2.50783532086532,13.3611563313191,442.089486617852,20.4892724665195
2021-12-30,46506.9946476794,3644.40551687823,514.186486321188,0.819779443409345,1.33774141457182,0.16821256982323,26.7469214105514,103.601548623311,0.0000336181315495629,0.0767181541165727,0.546926972460771,2.47747333309196,14.9980936776756,430.981935015148,19.7599299889229
2021-12-31,47191.8683898395,3714.94545611534,518.37164113832,0.840466201340802,1.35804957360194,0.171578566169386,27.5383677221765,101.54116096239,0.0000337378428604323,0.0779212805500288,0.55400887255492,2.55284888991932,15.4158933415929,431.235563958498,19.9497767506775
2022-01-01,46319.6510880525,3686.40254230194,511.804766979814,0.83139771810105,1.31071985041846,0.170532247201889,26.7370959733221,109.628152824814,0.0000334489967362059,0.0754757850159939,0.558477504468862,2.5294645647442,14.6092754292991,431.510157611284,19.6288480819373
2022-01-02,47816.0776764085,3780.31587432785,528.865653840287,0.850999499661576,1.3784051988387,0.17362043721611,28.6414230564335,114.021143840251,0.0000341641900485411,0.0769260749022019,0.586681278208802,2.58212635321227,15.231516581397,445.212995179043,20.575090207836
2022-01-03,47387.2121676972,3835.39599149396,531.645840127719,0.859858305358137,1.37950325610947,0.17456485407303,29.7666390915127,113.232286246032,0.0000340487281272666,0.0777775283966127,0.588769892383651,2.54757908021712,14.4356401367197,447.58191014587,21.8614012518938
2022-01-04,46531.1408605305,3769.40494011487,513.236430942769,0.834473396774316,1.32394813004702,0.170441421934132,30.1517010891812,108.285576094454,0.0000332030184292094,0.0772209455663333,0.568043352666136,2.43771349291363,16.4267551452505,435.258907356359,23.6259311826595
2022-01-05,45938.0242717237,3794.90813010045,508.801804806593,0.825144434352437,1.31184269468137,0.168585703941818,28.8556089670694,103.98916803063,0.0000325814882810956,0.0761593022556355,0.552837890974187,2.37365289880128,16.0329329629961,426.631491986212,23.7146504490686
2022-01-06,43647.147508068,3556.90622740787,476.579002016892,0.776786589153406,1.23952783717704,0.159999734420848,26.8879475464963,98.2259470279362,0.0000305781384886256,0.0715850233429208,0.505642107686362,2.19661805648161,15.4398489198876,402.818594010912,25.554109913322
2022-01-07,43216.4586769336,3416.82600861591,474.785145006999,0.783122434419649,1.27960899589022,0.160486743669267,26.8181093316434,95.532984433724,0.0000308511012012903,0.0712405804785678,0.504078693797946,2.25321925909991,15.9669210410479,400.988198319965,25.3812849615178
2022-01-08,41527.1970426448,3201.79457434796,448.578839554355,0.764415144975419,1.21448936638156,0.1552637333285,24.9666175746136,86.8317232906868,0.0000290017791278145,0.0683025105774808,0.464167269048144,2.05865301409929,15.0363431294061,386.318035691496,26.0780181327417
2022-01-09,41756.6623239783,3101.04090161414,430.929422335925,0.748965965232248,1.18862633211194,0.151343759205979,24.0517930621578,84.0622117721494,0.0000278443500054321,0.065526410019218,0.454423542750683,1.99640662762963,13.8532094666017,373.848059116802,25.5439175824829
2022-01-10,41862.3609856517,3156.96726215948,439.156625815727,0.755772517250055,1.17497973737671,0.150535910548345,24.6513294649002,89.0602012039715,0.0000283232632771865,0.0661783286623009,0.462478792993819,2.11420828076519,13.5339515648641,377.302493372713,27.5790162104949
2022-01-11,41869.8590555922,3086.72900243873,425.310879762564,0.741037694695126,1.13072247828646,0.143306860422022,23.7733141783621,84.4471229493251,0.0000267956215357319,0.0635964269780533,0.44558992374225,2.0698081143475,15.4798422850481,364.80685530658,27.9180300648512
2022-01-12,42777.2110204824,3246.41372302855,463.427554736933,0.772729303154385,1.18667167026448,0.153652228849557,25.5498766152147,89.586281024768,0.000027706401768229,0.0650427981601959,0.459535705535814,2.35161931768031,18.0962088426494,369.731449208294,26.7855173157139
2022-01-13,43981.8773271741,3378.03589517159,486.906384927449,0.802594097494461,1.30604354620541,0.16149661055484,27.3491447158586,96.0278534889734,0.0000319723046882957,0.0682373106084202,0.487751089794511,2.3908032962351,17.5493702617418,384.143271179849,26.8381263754367
2022-01-14,42608.4100119502,3256.75886613303,476.597567439573,0.771566611904616,1.23672900154351,0.172678463702961,25.8363413186576,89.7061015180755,0.0000297870572642351,0.0662469682026822,0.45649134098592,2.27056122125224,19.5855218774569,378.001883034156,24.8826944412267
2022-01-15,43120.8545110806,3311.98606127438,490.058745023368,0.774044435480155,1.29135093066309,0.183603459966314,27.7487635365045,90.3775607075904,0.000030872521051532,0.067732708403753,0.456796725732946,2.33891528672575,20.2367612629761,386.120742205109,25.7092642989949
2022-01-16,43226.6502698092,3331.24665515999,495.2248671575,0.782682762601564,1.2961904584039,0.185008038303217,27.778986859945,93.4326533907847,0.0000309095183571943,0.068668086505164,0.468410255458002,2.35556919459923,19.387383599177,391.265378447654,25.2719772617084
2022-01-17,43119.7921430803,3356.29544385904,498.599860698937,0.779472230741773,1.40930514199974,0.177647682050979,27.7381171911212,92.2768449695315,0.0000305706927440728,0.0698959073823616,0.464856763783604,2.32850101193635,20.0559642306011,388.781389604114,25.5921708011327
2022-01-18,42298.3411168723,3216.59298061957,476.394551906195,0.764833622727687,1.58928892710394,0.171458667049903,25.7515058582158,86.8913022846259,0.0000289208287795361,0.0708784428278195,0.445637979661343,2.22300853664309,17.77279150992,381.375455525995,23.8848074246921
2022-01-19,42395.4587915734,3166.45391150462,471.758450978022,0.752606398817006,1.47083241093299,0.165369335641718,25.1180534110066,86.0470152507617,0.000028188515719114,0.0685253677791249,0.445603618704469,2.1309111373789,17.7216859895808,382.150381250219,23.0043071441962
2022-01-20,41749.5514309856,3097.02146606268,464.389296297815,0.739881066058622,1.34277619250044,0.162453897719861,24.1627813645003,82.9671996087723,0.0000273412171429765,0.0691814623073845,0.433659823169461,2.03879608075972,16.2056348384504,369.953259734254,21.6638121592477
2022-01-21,40707.6824143097,3015.58877754384,441.54175720674,0.720201689336947,1.26057431038469,0.155182059831228,23.0243312111713,79.4796654553456,0.0000264716659475988,0.0678013701909923,0.437305097009651,1.95783673695568,15.2525825999369,358.794469791471,20.1562021670852
2022-01-22,36508.7997898308,2564.34334237406,383.864049347163,0.637864456362837,1.12204019522713,0.142102136015368,19.5741876095767,65.9230281451539,0.0000221671642145428,0.0608669988889942,0.363444913699711,1.70118603749459,13.1368591384337,315.371623631343,17.4924266801138
2022-01-23,35180.4354628304,2407.37785160828,359.013441949444,0.599404639083214,1.07190938833088,0.13341061121032,18.287087834268,59.7392272737474,0.0000205350342473589,0.0569660541523492,0.338016164231338,1.5316010783701,11.3594037991827,291.271709108359,15.8845256645374
2022-01-24,36306.4094404647,2537.83672786104,383.377370936147,0.629395347832144,1.12112712472718,0.141665047462549,18.8026711569398,64.7425202828748,0.0000223751729842787,0.0575032791712351,0.377425046312157,1.61200398105202,11.7280284453957,302.204020400485,16.5779126199307
2022-01-25,36774.00714224,2447.83151209529,372.503200622392,0.615295598029845,1.06990815370819,0.137861842634168,18.1264855784341,63.0314405742158,0.0000212596523860339,0.0553583132584989,0.37504676785529,1.50839028035196,10.7206882909682,292.96103332038,15.6523078656099
2022-01-26,36988.9285106674,2465.21922984942,385.10484280422,0.620497233041747,1.04569205707116,0.143776787208232,18.5395852346935,68.148857450003,0.0000212149911851662,0.0560765747128058,0.39263450444144,1.56799013545595,12.1577866941452,293.82568955705,15.5672047812055
2022-01-27,36870.440166931,2470.43041201571,376.45471351258,0.623179787775458,1.07819821111344,0.143977326861746,18.1049256240236,66.1392057637467,0.0000211641733611701,0.0563460984035603,0.399531841924083,1.59232027806689,11.3080886837458,289.824877136624,15.3022153708252
2022-01-28,37276.839558175,2411.86385532542,391.3431655633,0.61020625555034,1.04787476982915,0.141939849489574,18.1894680746813,64.837427249206,0.0000213615716478679,0.0567194682564269,0.400888512112201,1.58927742929075,10.5616457898919,289.426120171306,15.2038910657468
2022-01-29,37852.5790280326,2551.11107351947,386.637467096341,0.613525603536269,1.05296905909878,0.142017427690667,18.3728514079457,67.2115144061648,0.0000213425999273133,0.0577802772912489,0.421547840078937,1.68247360601026,10.7853501501805,296.063562769457,16.1622588424977
2022-01-30,38232.1787321771,2603.60387233906,390.15935659702,0.618269699664696,1.06343056740415,0.14353211358448,18.7635208338784,72.248591742458,0.0000216586585590723,0.0605167722514608,0.433135799561834,1.69712203241805,11.0647556572024,298.781820856434,16.2461150800454
2022-01-31,37983.1514994065,2610.18240559109,378.33701935606,0.604366897240953,1.03912043564384,0.139724390214102,18.2215368715145,68.125978300776,0.0000211300453004295,0.0588566041593834,0.424750411274402,1.60589837694138,10.3502073214563,291.696200035463,17.813689517795
2022-02-01,38555.5344612116,2689.22086722045,376.510477763459,0.620587785473295,1.05475101493475,0.142174726494513,19.4567038401351,70.0709870481619,0.0000214676150741995,0.0591154119028066,0.429027989008444,1.64498184039114,11.1298600005446,285.763528495153,17.2831376887599
2022-02-02,38835.6949432224,2797.43485527368,386.421370009708,0.630223074098051,1.09032868768132,0.142844751153343,19.6403226362412,73.495267150041,0.00002176825360515,0.0600040951144976,0.437613870219111,1.64915534095144,11.2346258802793,288.524215892251,17.0759998934916
2022-02-03,37000.982498642,2690.31973947676,367.780608889763,0.603217428524004,1.03145342236839,0.137585395223034,18.8426986121486,67.9993140772721,0.0000206701752006424,0.0588256534173403,0.404611597232637,1.54127337288601,11.0722606402666,278.667348615008,15.8734880905674
2022-02-04,37101.3515937809,2667.25672821569,370.675916194828,0.609654503297577,1.0564237774531,0.137858695319035,18.7631869023733,68.1097856943278,0.0000207185895724797,0.0597797974277752,0.402276222305924,1.54557128384313,10.9162528198925,279.572507312045,16.1832032466331
2022-02-05,41673.8395543094,2993.0994395136,400.053692896909,0.657299839969462,1.13384831003237,0.148127140087892,20.4937148414251,77.4443146766671,0.0000222293460180065,0.0646972555189533,0.43644577533922,1.68538062789237,13.0398564324961,305.25965106001,17.4187037471014
2022-02-06,41493.6900509105,3018.67339815715,414.642149899209,0.668684342607405,1.12977908738213,0.14736603795617,21.4106550412636,77.4983513665717,0.0000225465534166684,0.0650458826941763,0.450641707833031,1.71969917458443,12.8737047894262,321.213132245168,17.8348469846959
2022-02-07,42475.5432209512,3062.80580845079,419.739267191518,0.68523351462641,1.14723780139317,0.15398746283412,21.9345447638941,78.6884109657344,0.0000280547080476976,0.0663311270569266,0.462978066988802,1.73843155062491,13.5239721008057,325.473507953339,18.0571740757012
2022-02-08,43910.9299864431,3149.95328550978,433.956419895764,0.830039457969628,1.20014943386753,0.165769673448225,22.4211511901707,83.4254250094195,0.0000326604838276605,0.0688320107566662,0.497050499007611,2.02735241273632,13.51072003448,343.15385378643,18.9030720221767
2022-02-09,44184.4475116762,3127.43810674021,409.4113755058,0.880800320485914,1.18150922427332,0.15866249163796,21.7169602627619,86.5416496637559,0.0000311807313219511,0.0682300119361196,0.489023312534473,1.94941932642725,12.8135168344334,336.942426598496,18.4693070356013
2022-02-10,44383.8880554171,3240.92104448773,422.310358063093,0.878942543546288,1.19753924653197,0.159403355065841,21.9582827923745,90.2165518777464,0.0000329164563237665,0.0699655657700697,0.515832297274419,2.05012254498277,12.9914703404388,346.925161619083,18.6752351718877
2022-02-11,43628.1395323523,3081.91150184084,415.51709604752,0.834510514485088,1.1543570963488,0.152067710298362,20.6659046421868,91.1547048680539,0.0000307754469505878,0.06875702565444,0.510835021133211,1.8982187340533,11.8234661452017,341.898570536433,17.5166567332627
2022-02-12,42445.388767938,2930.56316920637,400.974701109945,0.76169650186355,1.08159464086038,0.145017224126285,18.9835698711623,81.6871869461313,0.0000286670737704707,0.0641659118642036,0.48019752546036,1.71547946917853,10.8732803238213,321.013913145662,16.1839651231911
2022-02-13,42254.7381232372,2918.08536742912,403.395777646677,0.824530497847127,1.05705948918945,0.144477426537931,18.8151524625153,81.1680911308107,0.0000290888483739165,0.0634834600587919,0.487156694650739,1.69281125460006,10.7767923537272,327.928360591545,15.9582319982363
2022-02-14,42247.8359532677,2889.23567828107,399.293629731219,0.811931577001012,1.04683700144851,0.14897608985779,18.8407968160734,78.2638664626487,0.0000303560028129263,0.0645080490818905,0.505394550140938,1.67185884114136,10.4247736182353,334.635644780444,15.7414876490659
2022-02-15,42634.5737836631,2935.64549986068,403.577209203498,0.80334837512037,1.05228547269878,0.146074597785876,18.7323141697439,81.9669161539785,0.0000296322076658269,0.0645854678276623,0.470594026764158,1.65955433598071,10.5339302239169,331.315740889839,15.9469395590388
2022-02-16,44574.3205709982,3179.30020653504,433.47281446401,0.852479109500555,1.10832855878892,0.151772344062452,20.1675272283604,92.8039048218964,0.0000312441062293418,0.0667939876160576,0.495801713168449,1.86108560575768,11.5091372353329,342.824569084574,17.3110022307914
2022-02-17,44063.2819827957,3128.64078054246,428.818087571854,0.839180751365273,1.08541904772378,0.149190080426634,19.8316931041567,95.4392170602394,0.0000309581952371246,0.0665308887649566,0.480318463874543,1.8406429796566,11.2101690465094,336.957825679345,17.2363276227168
2022-02-18,40562.9869498282,2881.61312216286,402.668552472707,0.7685094510287,1.02108429919578,0.139000009943597,18.1238781145719,88.2213779841987,0.0000282209257149081,0.0625282121686815,0.430535660367252,1.66164271051433,10.4470653714206,312.671629735646,15.5644041786066
2022-02-19,40073.4953623698,2792.30384771862,399.963964835732,0.787790641487907,0.99859147050897,0.13893287703586,17.8688747306778,84.0854270344219,0.0000281736689435009,0.0632391478879296,0.436419134852888,1.59654608552966,10.2940616858703,311.537216726274,15.2684120214162
2022-02-20,40192.7591214314,2768.97165203486,400.694073829762,0.82510953386685,0.999141879645309,0.141454679442969,17.926197744256,85.2301390026634,0.0000275605994672146,0.063670269469986,0.437995071141204,1.63164376328875,10.0617856026887,312.695454561613,15.5602111795616
2022-02-21,38514.0085362246,2632.49139911745,381.575363041574,0.778277064893224,0.934134075459706,0.137259326179318,16.9483776034774,77.4140134506336,0.0000255434391903923,0.0622997826443838,0.405647205652122,1.5163051306528,9.31118040484045,303.637093844169,14.6588281430487
2022-02-22,37059.9794022875,2574.51338377802,356.956376731511,0.705539342469127,0.860280043073585,0.128526054975724,16.2129675267877,70.0195244827037,0.0000241855042028464,0.0599565669440342,0.386532380084937,1.40862441647819,8.56171164310035,284.261508096319,13.5425814885409
2022-02-23,38337.2038554348,2644.15365554602,374.429568515195,0.725937626972472,0.89138119484134,0.131737975494471,16.5819151903621,74.5319807206677,0.0000249491127129065,0.0627197016522421,0.404111241172,1.4639440370568,8.96610671944781,293.888643383067,14.0431096274656
2022-02-24,37372.2926803477,2594.70095911016,367.52516882536,0.70169572796111,0.870560962960836,0.128187972465736,16.036832530428,73.9086267581712,0.0000250805378620256,0.0610988176984108,0.400380328672616,1.44819523668906,8.58666101738165,289.96066967643,13.4285326137038
2022-02-25,38363.3454885702,2599.93356968702,361.338073496699,0.697687107106419,0.853844979394798,0.123975727829446,16.104118842758,76.6141567313395,0.0000238280522799539,0.0611932339857616,0.394397641550984,1.43932998475391,8.48660625295883,300.299757891304,13.2903992540453
2022-02-26,39316.162075786,2771.89050964643,375.036081371787,0.771247777738527,0.897418561770859,0.127914882150863,17.3100351686448,80.984313230659,0.0000248051901878317,0.0597694175434874,0.418729356743147,1.556227696671,8.95165807861928,308.357935017114,14.3791547860573
2022-02-27,39090.2021536091,2785.33895690174,373.707966144589,0.751770783798891,0.887727842376252,0.127704768285832,18.0066375224957,81.6331548148714,0.0000244234255989059,0.0596893330335802,0.414836292013753,1.51089023685284,9.10932338957048,314.415082588158,14.7150675491794
2022-02-28,37803.5901604493,2629.48312082149,361.294865952281,0.721098576095372,0.860694895821113,0.123668534474092,17.5161427866364,74.9435513057282,0.000023514440560485,0.0581777072294207,0.395644760650202,1.45348539796476,8.50445266648889,304.808910000598,13.6665051089668
2022-03-01,43225.4046774357,2919.29496242566,395.812102822285,0.782855899944641,0.960328139536339,0.133250197645907,18.9432478574016,84.3513629189128,0.0000257801042444655,0.0617446864826121,0.4395226192628,1.61055848277606,9.72916816378992,337.483564965621,15.12756752337
2022-03-02,44459.5916277434,2977.2760397568,409.352849732725,0.787274428375825,0.963676175879507,0.134277965736872,18.877026359552,86.8387438261796,0.0000271164476566427,0.0621012054980082,0.439724566822999,1.62349374740306,11.851831866509,328.278688754909,15.3586851940907
2022-03-03,43980.7073820909,2953.31577628644,409.281669154161,0.768213560558006,0.939003720823163,0.133195047519406,18.6080459487126,83.1837472767549,0.000025912222454446,0.0615534618159685,0.447137229893792,1.63598327167934,11.0687502981017,320.113400601041,15.3003267028926
2022-03-04,42491.978393359,2836.90633660056,402.977584108469,0.753164757665505,0.904602002085653,0.129811812537358,18.0347178336677,78.8204261743839,0.0000251182464169209,0.0600174604042343,0.431144837057372,1.58450233789544,11.0452858458552,315.019327594241,14.915607418268
2022-03-05,39200.2997355741,2619.35613763449,375.026757504234,0.713188159655232,0.843800518175942,0.12263947292403,16.784881153845,75.7693470297849,0.0000235442748138222,0.0582785325024564,0.396896914095304,1.4734178092787,10.4240998509875,290.224465489611,13.7172587055492
2022-03-06,39463.1468114906,2668.70597865687,385.440555448479,0.75586980723784,0.867034735294482,0.125408312200997,17.3303771419111,76.9168590535071,0.0000246184317054556,0.0604907164131034,0.410126247497373,1.5103297557066,10.5124405867324,294.380472689496,14.0165404413361
2022-03-07,38442.9917458868,2558.35987404985,375.282106111074,0.726824181951168,0.82525935890373,0.120914751130623,17.0119894997774,72.5654486638671,0.0000235931218781931,0.0589521231050073,0.392507858154748,1.44013635520386,10.203821592292,283.001157877791,13.3228351949583
2022-03-08,38076.4938225203,2498.65886496522,381.519857500964,0.72415208324614,0.797523073337791,0.117217608988124,16.4269136707437,71.9012142252882,0.0000228942502024901,0.0585091044554038,0.378598740021925,1.41746879052166,9.71121014766446,274.858353652219,12.7144434533783
2022-03-09,38732.9370130259,2576.62715399476,381.743622625336,0.720653155336246,0.80191412317509,0.116952144818607,16.9453467843579,72.9184031003107,0.0000229026649828195,0.0605505878965992,0.387003890440285,1.44415868642503,9.72435499785672,284.392419842967,13.0801665480961
2022-03-10,41986.0344460762,2731.037685294,393.61178701658,0.768086672117399,0.849532517710313,0.121487426691423,17.8762458571595,77.6860125482293,0.0000238661263771904,0.0608130453723492,0.408863174824674,1.5066673190869,11.6360449488541,308.407735596334,14.0143288915617
2022-03-11,39468.3547730019,2611.46472250471,371.96825460939,0.737800031325881,0.807752383888493,0.1169234042048,16.9859588237876,74.0372859223744,0.0000226472427929664,0.0599148918700203,0.389691243181952,1.44035683415995,11.0646887518612,290.287123881291,13.1883227798234
2022-03-12,38775.1755884068,2562.83235353597,372.365436032648,0.802186612999849,0.790632598507373,0.115565103666462,17.7436478281454,71.1975393824158,0.0000221410112382763,0.0602752302079077,0.382170774477387,1.40743435799305,10.2569436963758,288.103628867593,13.0748679625818
2022-03-13,38903.693548006,2579.45813568836,372.861142791542,0.786223481753065,0.791491911507429,0.115080801558526,18.1509357284554,70.9730814670207,0.0000221788758752181,0.0596921268071272,0.389172022881931,1.39853951236628,10.3573537830643,291.103610094222,13.1726644432505
2022-03-14,37852.5251410629,2518.49284527061,362.342136840896,0.761937350166154,0.792262534280996,0.111775713198204,17.2342194645987,68.1293468767722,0.0000215472299268679,0.0594005953167885,0.377169210551382,1.36381102281804,9.88831436818302,280.262445319438,12.7166656185453
2022-03-15,39669.4238120045,2591.54204095914,372.983591518898,0.775148597607115,0.803811432463253,0.113846994963872,17.6873878559442,68.7293168279124,0.0000220465731745311,0.0601258020161342,0.379467945414634,1.37856334953172,10.1443997473895,289.343294131519,13.3991843797909
2022-03-16,39331.8465405945,2620.36385242094,371.551066475193,0.766483765857118,0.800408113778238,0.112750371640962,17.828163307983,69.8606907904321,0.0000216405438726858,0.0605266110539635,0.3848845894359,1.38049290979444,10.1236211130495,289.969842122291,13.7195745006399
2022-03-17,41165.6350614034,2771.75945729237,385.651946371343,0.794380151386367,0.838234132074191,0.116923666966408,19.0555844480572,74.0998908486337,0.0000226370868374404,0.0611032660903159,0.405939471589245,1.46768283535115,10.8179583498171,300.050295778083,14.6775330434568
2022-03-18,41001.7095780197,2817.40107496682,392.376208053385,0.793821884719506,0.837682846852227,0.116494039574336,18.7550741232201,79.6974020965913,0.0000222248971673057,0.0608600324011251,0.401461710947199,1.44998958538394,10.7356025375182,296.62159938572,14.4286064160844
2022-03-19,41837.4131379757,2945.74591018627,397.632314677945,0.798457384517807,0.85405931549436,0.119394394373987,19.0139577540825,85.9769995308867,0.0000223352873244089,0.0617853292412792,0.406242347315194,1.50068657527922,11.4132195003926,305.70523190569,15.0332477655213
2022-03-20,42201.9399206882,2947.22615822409,399.603862569097,0.818980707909861,0.901140941520974,0.123464221503001,19.3459680611018,89.7789238550164,0.0000241339791973247,0.0618761173972925,0.417269357938064,1.52624423930974,11.2912086790914,326.289374977278,14.945473626634
2022-03-21,41283.2590010456,2860.64196090192,390.733936151648,0.806489437791363,0.877226840889801,0.11916397964205,18.6457986018078,84.8385979186193,0.0000231350790372943,0.0614337536821979,0.405514821758297,1.46406822356149,10.6379022219823,326.883496317364,14.5525333248517
2022-03-22,41061.8158938499,2896.58693243175,396.484704163901,0.837980966402986,0.915720851884051,0.119245893095734,18.7882638238725,86.5451082654335,0.000022935911148876,0.0617672451638693,0.405112389871188,1.46624505582272,10.8714478176145,335.14919651012,15.0046904141148
2022-03-23,42401.8955974894,2969.78498365825,403.974420320891,0.837224396598618,0.975749219391533,0.122376772448159,20.3657770745189,84.0875323970193,0.0000234824692218588,0.0634500849039744,0.417285426687513,1.50589240718931,11.0482492358626,377.380683455155,15.4800763680214
2022-03-24,42802.1547101699,3028.83525771073,407.726448809016,0.837650562181665,1.10433153240245,0.129561029889336,20.9804705495021,86.0108306421449,0.0000244886532612347,0.0642675307925234,0.43383376749738,1.55446508007442,12.4835491723454,362.055321333654,15.7669515259844
2022-03-25,43936.0962345406,3106.65702358494,413.519938359923,0.842111402240238,1.12811971442209,0.136226458061489,21.2103564046561,87.4596927580913,0.0000246186311974688,0.065515296902853,0.448340416352832,1.62899960993746,12.8866289096735,365.744588293161,16.1482106561481
2022-03-26,44331.7779570641,3106.0720541587,410.970608440523,0.824421391354203,1.09767702942627,0.13091255411967,20.5470252005256,83.652954503059,0.0000241394817758141,0.0644395188077145,0.455294627977504,1.57897047219866,12.227664580216,364.795043506179,15.5720385328009
2022-03-27,44510.8442176213,3140.87571050644,415.640861013035,0.831001507113635,1.15039116388812,0.135954755773096,20.8739438123419,86.0596242271554,0.0000244282792807621,0.0661006226545785,0.4575613856273,1.60911360489202,12.7142818757263,361.623464954813,15.8022314335655
2022-03-28,46715.1176185105,3285.17309673054,429.792041586049,0.853923650260872,1.17916261447368,0.144318533352255,22.3866168496473,89.5406709246307,0.0000254663129385002,0.0689581266862367,0.483856991652019,1.69124805459365,13.1647758315379,375.9016832087,16.8150914660013
2022-03-29,46994.8791183575,3328.93412468671,429.884089355581,0.864054894829358,1.16829453971427,0.142549011720206,21.9144578831871,89.4593161896,0.0000264619418476496,0.0689895800015523,0.47997679748225,1.6578570930922,12.5862490201724,370.115370518137,16.4959972022295
2022-03-30,47459.2612375391,3401.18443104014,434.269132593759,0.857042231715744,1.19023268806021,0.144392802831336,22.4035523098986,92.7450675215324,0.0000273182361041251,0.0692871088625603,0.480656942977151,1.67370379160411,14.1152590774186,373.499644397678,16.9574075309877
2022-03-31,47063.3658499635,3383.78876178142,442.792745023242,0.860484729339025,1.1901709732346,0.143361061263623,22.5120117851976,96.0385672144634,0.0000275570289415313,0.0730769594160869,0.474414492193131,1.68395823899364,14.027535264816,379.953680376825,17.2352547038528
2022-04-01,45528.4071531384,3283.30284257173,428.763371999927,0.815211783653286,1.14322940411793,0.137822555490615,21.318705302765,95.7064118434011,0.0000258744228673456,0.0738849213322929,0.460628054844468,1.61796972358643,13.1977473677289,383.887691031327,16.9193097301233
2022-04-02,46270.2007058538,3451.19609086728,446.517208778963,0.827125746457913,1.16481629700006,0.141224508115089,21.9967616157323,96.6918517569004,0.0000261170767931055,0.0748043945093556,0.48042601654423,1.69407145611016,14.630861556311,376.78600696838,17.3092145150137
2022-04-03,45842.1447631738,3440.33623848917,436.634609294874,0.824267152152658,1.15910623328473,0.138952111201065,22.6849009085993,96.2666507708467,0.0000258052874993674,0.0732332248098559,0.479684620653207,1.65267099844213,14.7998344326449,372.908337048614,17.4175356835473
2022-04-04,46434.5629826617,3521.58472477853,449.051777344591,0.842596531559755,1.18424870048876,0.146112979027219,23.1932055122901,97.5986083335618,0.0000267392709405201,0.0730263675683158,0.480216688276873,1.68905043813209,16.7711527051429,378.328025866001,18.0797914299341
2022-04-05,46622.635713091,3520.96711750436,447.402175427913,0.828127633817094,1.21273361920456,0.148490713072095,22.5604342754544,95.4841162301616,0.0000265035683188672,0.0707767705093494,0.484497894086451,1.64958668442035,17.164398268113,375.788013368998,17.4754593189859
2022-04-06,45635.4543812667,3422.96988375471,446.692827658386,0.818752456910387,1.17075053144717,0.172165416265143,21.8430166121825,91.0925472328922,0.0000267715505999622,0.0694407358326595,0.471989101107601,1.59268622789286,16.1018119782434,366.625757255111,16.7872585773826
2022-04-07,43198.7752693649,3171.37110449895,420.521417535411,0.762165916926401,1.05439187851432,0.143414797274386,19.8970010755861,82.8862088703357,0.0000243578571687727,0.0632048364155585,0.440631879932037,1.45824993256436,15.2426229751286,331.164467043945,15.4197847954937
2022-04-08,43515.1503227981,3232.83498899958,437.092422414732,0.788300179889034,1.09306341981428,0.146107880212065,20.4416240535673,87.9556001242691,0.0000248186674941869,0.0644530293056103,0.448653430538084,1.51339038528182,17.4290736378929,337.651140767806,15.8302096293592
2022-04-09,42315.7097242181,3192.02509128936,421.468652448469,0.754959847292391,1.02809015533909,0.142530287140473,19.3675905584022,83.7158295168013,0.0000237504848706506,0.0626059931652551,0.436402699847134,1.43572165180538,17.5589758954903,323.255404239899,15.1444699984489
2022-04-10,42796.3974781097,3265.93806772915,426.921553208897,0.763626723626513,1.04606433360137,0.144457306426748,19.792656880328,84.5988854460848,0.000024626635986173,0.0639948313801054,0.445149406555822,1.46510013349749,17.4385641385662,325.983609446002,15.4495346237681
2022-04-11,42274.9073702561,3219.15955345376,419.822851927591,0.756278430009822,1.03340722951094,0.15022872503011,19.3314875589517,82.0892191960344,0.0000246118085076059,0.0626558965310738,0.441328616985649,1.43235914721635,15.8135955601983,320.668755484478,15.3635762447068
2022-04-12,39603.9651592842,2992.70210642524,394.054703147725,0.695584398555977,0.922542989587915,0.13431865795899,17.1824997713911,74.0927849653066,0.0000221134903193975,0.0582439635082301,0.40342812627044,1.33344544949228,15.9615195746124,295.018426895362,13.7732796577345
2022-04-13,40205.6779407321,3038.20942199637,414.591506166585,0.717120629897829,0.957210778491069,0.138435306280876,17.8175274833681,76.5266700189122,0.0000271334539305395,0.0601136528375288,0.417874436317449,1.39453401928294,16.5724855321192,304.991966072956,14.0067739601392
2022-04-14,41205.1687190407,3121.39982346204,423.542876795513,0.725525855986094,0.976213630503022,0.140296590091888,18.206153438223,80.0452372710173,0.0000267770205146267,0.0616451006839995,0.423639422493188,1.42246753442367,16.8570928040161,344.884549889526,14.1988777691622
2022-04-15,39959.4570690337,3023.41721188532,415.280496163138,0.727566687777126,0.933346486980019,0.144111716145352,17.9544759561691,76.8518358202991,0.0000257998506656319,0.0602090503796586,0.411152178884392,1.37404400498045,16.3868231945557,337.437341395854,13.6681378283854
2022-04-16,40586.5973093867,3045.42807480128,417.565355089732,0.787733594217976,0.956217234871878,0.146223359938225,18.3795948474358,77.4178486662168,0.0000258975215263874,0.0619430796488676,0.407838143958827,1.39683205184352,16.0013618452711,341.56052096827,14.1443359816562
2022-04-17,40450.3793054398,3066.35801414498,417.729256129263,0.782999922390831,0.954054575016476,0.14402161401664,18.6605273064956,77.9888236627139,0.0000256667651411342,0.0620386327701206,0.408479466221811,1.39173661460431,15.9703304964326,341.523791957228,14.1761494107646
2022-04-18,39739.1192562221,2995.71942101982,407.526602276229,0.753739403789659,0.917293123138091,0.139383367994948,17.7837165385134,75.7261382253334,0.0000247403333578308,0.0601547885707182,0.405056852681355,1.33884258602341,15.7214033893096,328.702944460618,13.7610642851462
2022-04-19,40833.5379650337,3061.8905711469,416.923677534386,0.768977899909867,0.937322645507554,0.140221215627192,18.1787770889005,77.7603107678984,0.0000252670585265603,0.0615688903547134,0.411794980297873,1.42427700642758,16.2365800421714,340.493646623285,14.0428098304487
2022-04-20,41498.1224466983,3104.68844752611,422.181685889961,0.77544846551482,0.952903655888612,0.142694311315032,18.89087581722,80.2900599633005,0.0000253645539854477,0.0633600889363204,0.417274414392018,1.42759255006115,17.4053096998668,340.427771512841,14.2680097858304
2022-04-21,41397.2204772796,3079.67647760185,418.297296741087,0.752176493769565,0.937282551566138,0.140838223300667,19.0884676111532,78.3048460868706,0.0000248651654909899,0.062652600994678,0.416994130744673,1.41853842917337,16.6408225233389,330.535047476099,14.0368586232704
2022-04-22,40528.5414867596,2987.48887603416,405.007526363807,0.733211769579333,0.910711683817486,0.136436260235047,18.1847203775071,75.1100192666057,0.0000243069482736947,0.0715298020675484,0.407551363840998,1.3805192317622,15.5760718950667,315.880835291993,13.5927194341453
2022-04-23,39756.848993471,2967.08528523821,407.298287683486,0.720239676888811,0.907674243460203,0.13653875040701,18.3185702358871,74.2134058667912,0.0000243448709386255,0.0667947239012392,0.4052542315783,1.39941358174994,15.6012737897547,321.275000960978,13.6084644362078
2022-04-24,39561.7801907561,2940.68797777144,401.840694822284,0.707358817655789,0.88955777779959,0.134233392791357,18.7413193878662,72.9366586301098,0.000024184450825383,0.067670873250718,0.406282579785913,1.36619910905061,15.3383607656627,313.934871868615,13.3565427576493
2022-04-25,39469.0498619815,2922.90186519981,399.06907472547,0.698797836958809,0.886249891079434,0.131901290500706,18.1606539322754,71.601926969706,0.0000239487123467767,0.0656498631676576,0.397857632419266,1.34324548227192,15.0360852257944,307.630947248304,13.2696406709014
2022-04-26,40488.8779176224,3008.3363470853,404.606784011978,0.695632929387411,0.899077526148034,0.157456088635516,18.1281009266006,72.8071544832027,0.0000244042593315349,0.0654045504927987,0.402900790290691,1.35348014533075,14.2941576666882,314.748683128993,13.4556090761861
2022-04-27,38134.2154506894,2806.74883595705,385.027612505518,0.642326343371034,0.827660958445869,0.138032121271608,16.6107056955936,68.6085888091974,0.0000229986400807126,0.0619417109986846,0.37927544804004,1.24277418375574,12.6228076450523,296.100585270482,12.3499249421127
2022-04-28,39237.949317471,2889.59222302308,391.285542945331,0.652834866506693,0.840859135881839,0.140246213342288,16.9382765324162,69.8184492967843,0.0000234608618899866,0.0631801792386106,0.389231017403981,1.25750550241271,12.8371499333498,307.473038661861,12.7262884865832
2022-04-29,39741.7666458096,2932.4550836129,406.326687870899,0.64412684524174,0.842936602194798,0.137214428383023,16.9829544663177,67.2314845193728,0.0000229304386615717,0.0636531090408246,0.38880318096888,1.23821255216026,12.3907275661701,306.538849274613,12.6531638487823
2022-04-30,38650.5501380927,2817.48988219162,392.964374927276,0.612456232474945,0.806221761708803,0.135080142632647,16.1742407724138,63.5125820102756,0.0000222167694473793,0.0636299002419549,0.370535780939003,1.1405865410784,11.2804500175167,294.63305286038,11.9795496759294
2022-05-01,37820.6117652921,2738.17413595277,378.734684522281,0.587810639474169,0.758064281417352,0.127754851843659,14.5698881620402,57.1412952613872,0.0000202373214298269,0.0631023236092311,0.351550921304173,1.04016730613717,10.3744474204479,279.638409721788,11.0392832966685
2022-05-02,38537.6547666953,2832.51310689535,390.865145642293,0.609216660819579,0.790253017398535,0.133034404590139,15.418773824999,58.9082214417714,0.0000216025000677882,0.0710431493469919,0.313744985452001,1.10189381404759,11.853737553719,284.642373139595,11.3265746537687
2022-05-03,38561.5653990236,2861.37237555604,389.804759914992,0.61448649522528,0.783050760015673,0.131146828963437,14.9927530760706,60.4221915516372,0.0000207085678393154,0.0686812446054636,0.276643436523944,1.07715928217395,11.7629013984248,285.131416507597,11.1790593447945
2022-05-04,37758.496107734,2786.04724780111,383.709853671153,0.605470264717953,0.772802565851938,0.12986094021023,14.7273619227227,59.6508524711942,0.0000203376819833455,0.0722683709054754,0.292093120089118,1.07590403405133,11.9333289576744,279.449551672576,11.1230759741754
2022-05-05,39699.0240412539,2942.05231312266,402.619520469009,0.647959419028339,0.895928042717262,0.135994524082153,16.2923680656657,67.0857475029174,0.000021762928303019,0.086360162165452,0.312128979466097,1.17132381567147,12.9971360519207,299.754519361277,12.1556214900139
2022-05-06,36612.229548803,2753.93656654669,379.212364401309,0.600474259476354,0.792969415666982,0.128557046570973,14.5988462990245,59.1674544089009,0.0000203640401064212,0.0748302032221577,0.285142709181335,1.06584736868159,11.2395250218321,277.586089804232,10.938474955163
2022-05-07,36116.394294983,2699.70724708937,379.816811290214,0.603524023635116,0.786089986019528,0.128090137193243,14.3557177851778,57.0521176949034,0.0000200422263208392,0.0863846361163192,0.281110976907539,1.04408344817546,10.8252358235354,275.212851367783,10.8360078205902
2022-05-08,35573.3101988349,2641.22910694024,366.256221579179,0.583844865119951,0.764096862162495,0.127792778524503,13.8003768048216,55.2221273061595,0.0000193161262548509,0.0835493569314974,0.272644047157667,1.02162904111544,10.4660183347359,268.993475428127,10.2626548986956
2022-05-09,34070.3121975796,2517.82992248865,355.66558193095,0.566960804111088,0.74098936801026,0.124223953868624,13.2293609912169,51.3702948940914,0.0000184166132302328,0.0877601172009746,0.256891476639551,0.97352379149104,11.1695189771199,261.827689177042,9.98537216841635
2022-05-10,30269.5869566295,2249.89096222074,301.283755820726,0.49474427121976,0.61629658009654,0.105076755812851,10.8014297854409,42.2991253931041,0.0000144863526713431,0.0737911461141918,0.20975971140914,0.825945409325903,9.53367852562659,222.427410769248,8.25915483660438
2022-05-11,31026.9338683624,2344.79771564399,318.958393832551,0.515090216904051,0.629408286751652,0.108231888413307,11.3250145059088,44.4435976928789,0.0000162083408685176,0.0770891490874762,0.230111617022674,0.890781448139924,9.61347596021972,232.120137457156,8.5843896818299
2022-05-12,28913.4883636543,2080.91024365778,269.006696567035,0.41668999396116,0.516381811206188,0.0842542676468065,8.90120405286533,30.9053887891263,0.0000119862084096516,0.0750308649388126,0.194326703907738,0.663946789491713,6.35738548967619,194.366156068635,6.91154116653123
2022-05-13,29126.1159768601,1966.69917113367,269.772800926051,0.387720967087874,0.475377639797892,0.0830307495134744,8.76932523829661,30.4184929545521,0.0000109294543108842,0.0675780224512386,0.177622713133527,0.601768059302254,6.42919950043295,194.989734812237,6.57555382184338
2022-05-14,29310.7289598583,2010.21405112526,291.055384017291,0.422161110305288,0.5299473399226,0.0884622644734047,10.4879764448722,32.0890417554481,0.0000127926794270128,0.0743354384594773,0.182908054950564,0.665376644841588,6.52202956998527,201.612536171381,7.13268116279274
2022-05-15,30189.333177006,2064.22935751224,298.359218196057,0.430017731304983,0.541135484587086,0.0900262081457357,11.3760919524214,34.0009096795749,0.0000125535531702526,0.0727808530244013,0.189615021284834,0.687053505005599,6.71851535248653,213.130046404778,7.29692423897407
2022-05-16,31319.30911113,2147.04744788057,311.975626728624,0.448154445639136,0.597732330699072,0.093172770085769,11.8006408176294,36.4263510602134,0.0000130082260572166,0.0723695937192272,0.203345778851466,0.735780123533055,7.35998031562979,214.321333918364,7.90054085279631
2022-05-17,29923.6069936397,2025.88869839122,298.165819208087,0.423552235801989,0.5572923491296,0.0879959475015697,10.6617349773164,32.5979270396492,0.0000120286001641383,0.0692079614598324,0.193987162408685,0.676023782318163,6.52562616152956,197.439641119974,7.4195192396677
2022-05-18,30502.1932802769,2095.17888479672,306.535843444981,0.439154212031743,0.579367247586516,0.090419134367195,11.0538194274991,34.522241174182,0.0000125792240202807,0.0724953177375162,0.202626054158909,0.729033128631172,6.67873991257984,206.681231508448,7.74412792991883
2022-05-19,28772.2005011126,1915.17712326645,288.249178406239,0.406475849428143,0.506994925488388,0.0839874056982589,9.51721248412702,29.5406009124299,0.0000115546492405023,0.0711131334558575,0.18534552197846,0.626458602295465,5.89533882302854,188.747636304817,6.81206111156079
2022-05-20,30382.4062421956,2023.84825936082,307.630493551344,0.421630478722768,0.534898458001875,0.0870740525151797,10.0716354567733,30.4818690871178,0.000011865361497655,0.0739535130606196,0.196772055043729,0.662317564134842,6.1295936884662,196.740946879298,7.22640875611885
2022-05-21,29256.8133744163,1963.99093952949,302.90843357289,0.411493365986832,0.518369448822563,0.0845194125482852,9.69575849981333,28.984559165871,0.0000116379636153583,0.0714449639938248,0.187552188325234,0.636165385434187,5.77384905379207,191.275569436082,6.88709421738394
2022-05-22,29491.5079477606,1978.14713256248,312.815428932499,0.415275353028002,0.529492019315807,0.0845343858986514,9.99688541163415,29.9911787244823,0.0000117793736102606,0.0741660802605316,0.189705285344894,0.649914168179044,6.14191814011465,192.676308264793,7.07665602401059
2022-05-23,30351.0504171381,2046.64634965452,319.84943904566,0.422860876447629,0.543298406539427,0.0863370800641066,10.1896298814219,31.8391057386116,0.0000119510304871533,0.078157445939183,0.196409029415354,0.678902838278215,6.26014266405154,199.266029287316,7.36276980238901
2022-05-24,29163.1677757392,1974.58119447909,317.747187528203,0.405500994587318,0.513930048840228,0.083877609802147,9.91795099420656,29.043433043052,0.0000116809751053584,0.0763026331917922,0.18546477227424,0.641022752534396,5.82468329630932,191.900963670609,7.02682953567311
2022-05-25,29655.0261317525,1979.77054500647,328.29958724816,0.40920231512538,0.521399625268225,0.0837454808435665,10.1970086504482,28.9696902863688,0.0000117306080041565,0.0805837964337202,0.19003729125626,0.660876516154734,5.97410695212874,195.671030920077,7.23598586690356
2022-05-26,29584.9498519859,1944.84284450724,326.182222227033,0.406302981995609,0.514349884221202,0.0836745598834525,9.85544994461192,27.2221981628234,0.0000116023854509039,0.0846974107198607,0.184169459015888,0.647959688718728,5.74270386191734,190.898381504643,7.0061625445915
2022-05-27,29346.7814424316,1807.96947428811,307.824192666567,0.39439817694615,0.482851637634537,0.0788158905418532,9.19826198178519,23.5946553274793,0.0000106588653786366,0.082531167698269,0.171021621670548,0.601805744503711,5.25413930872618,181.422806350988,6.62012028308511
2022-05-28,28646.6521819325,1724.87573403234,301.26705095974,0.382283494173777,0.455836051284815,0.0814481963841738,9.13874862040733,22.4328241609151,0.0000104328878804787,0.0806071940954855,0.167814877087721,0.574299618186595,4.79038275299763,173.687632396394,6.26336431116745
2022-05-29,29088.2364528172,1798.69485457888,309.036609716304,0.38701377546048,0.466431685946487,0.082190773815489,9.69515223327347,24.8885563359119,0.0000107997371994104,0.0813944210079635,0.170703157967822,0.588398879121527,5.01480532577638,179.337128712715,6.58231408879664
2022-05-30,29492.5032149536,1814.98315980259,306.149027392544,0.389860359825962,0.481823797276467,0.083535799937801,9.98616692488061,26.067166920685,0.0000114991521843133,0.0806045332086211,0.174989807850487,0.5989108169011,5.17848198846008,185.753527357125,6.71666362336183
2022-05-31,31740.940725167,1995.93648415523,322.188614244582,0.418705384290831,0.570663668030209,0.0879262785589363,10.4618428093182,27.6385950726655,0.0000121861185271742,0.0833595752471593,0.189772611018081,0.657809428981099,5.75971221555772,196.00490519488,7.46334527183696
2022-06-01,31865.7496211732,1944.07876683618,321.677447505109,0.424448030712394,0.630825077384001,0.0860490398850663,10.4482831481415,26.5846360105743,0.000011813386135468,0.0841300520330373,0.189442951869336,0.662650671503849,5.94766514487465,203.526123289717,7.63805595252099
2022-06-02,29833.4503302053,1828.89265460743,300.88079134418,0.399343935997721,0.553677984202444,0.0814612634132019,9.4842224685785,23.8154318800067,0.0000109101432592154,0.0835513686868477,0.179166839450868,0.602880561431066,5.35291209281536,186.306656503284,6.93804200314595
2022-06-03,30481.013996026,1833.08984084575,308.089066722687,0.405954339208951,0.586998487530993,0.0828058259740694,9.8962999453985,24.6675498925532,0.0000112247783900282,0.0841117586539808,0.184856331863231,0.619366669947935,5.60905511224215,188.237620807691,7.20299328302903
2022-06-04,29714.1434871497,1776.97990745819,298.447625033423,0.391417602153943,0.560225537664854,0.0803536641345642,9.37200636857378,22.9707971686527,0.0000108308684067603,0.0811199271396744,0.178481262004148,0.589892342936214,5.24996021046213,183.265914455489,6.8629189593496
2022-06-05,29872.3603087139,1804.26166951125,301.844919984893,0.393226790362465,0.566871669050766,0.0817747579373954,9.43626373344962,24.5794058659316,0.0000108987959190444,0.0804692932692937,0.17957303400909,0.596520247724794,5.33313375121008,188.843935498281,7.41508639638946
2022-06-06,29917.7640524562,1805.33139498944,298.815643524195,0.396182835078659,0.567628065148806,0.0819716412815964,9.33834772806407,24.1679592869572,0.000010807324875571,0.0814485407835347,0.178960585629234,0.59804904265679,5.32849322423207,179.868747981891,7.64357867936051
2022-06-07,31372.5847629755,1860.1813068416,295.589546613254,0.402852203603533,0.608145152290746,0.0830944525497163,9.47204996678128,25.9434768996042,0.0000110590249479799,0.0817614437288922,0.181828943460038,0.632232735670767,5.49253835850125,185.945108378718,7.96863250957101
2022-06-08,31265.4692776933,1818.38771198293,290.92534560918,0.40868543927845,0.616900512209603,0.080825242188652,9.24528736912835,24.747032869712,0.0000107690249083885,0.0825004464419786,0.178679235356133,0.618040256562168,5.21354768302369,183.109882771836,8.75224410505717
2022-06-09,30229.2368361304,1794.53962567183,288.976003499864,0.401364696792222,0.642621451812904,0.0800381546792962,9.00086037542593,24.5049742573508,0.000010613693041646,0.0804977292637198,0.176465743552844,0.607002367198892,5.07504975909822,177.142909834255,8.71266335401915
2022-06-10,30101.1875214315,1788.4182866616,289.802259401004,0.400132867157326,0.632854714899132,0.0802351396445072,9.22440842994005,24.3933025010148,0.0000105669374801816,0.0809175238997746,0.174283768252587,0.632801305973351,5.0770977039785,175.720609794578,9.2836875160838
2022-06-11,29101.2982596468,1663.84436741209,286.081230551987,0.382065862032925,0.574788916411497,0.0756303704463905,8.65693894825005,22.1248938352565,0.0000101292134071093,0.0789797873190954,0.165554416014373,0.59464438411155,4.49954184291326,168.171134077227,8.04303362124278
2022-06-12,28374.144997324,1530.03861743172,269.864619068817,0.36006701963458,0.554015056414625,0.0697705244290136,8.0077738942917,19.7951270960547,0.0000093260665103427,0.0760248033157243,0.153141399012512,0.538399435431258,4.08440196202047,156.588881210916,7.00126457855646
2022-06-13,26767.2691732213,1454.68676017284,256.082807822315,0.347371623849303,0.502398781820934,0.0641546041391792,7.4500279570005,17.57408470512,0.00000864846736497946,0.0769944868575393,0.141283581551488,0.505202447985261,3.73343977101975,147.648108802846,6.31917786833914
2022-06-14,22525.7683503912,1205.59528554048,222.637751912953,0.311382868094064,0.461421558358525,0.0541171517882666,7.00181087527971,16.0281875395194,0.00000797177888851821,0.063842867544773,0.116399343990984,0.427528780734215,3.50118093184581,126.130256640904,5.87376599623997
2022-06-15,22244.8489680013,1214.8662649132,223.454258948455,0.322955071274377,0.485459186122464,0.0556247921729922,7.37903271644984,16.5538395680906,0.00000821865680825395,0.0561053551110402,0.118909642192822,0.416130575176281,3.39507966812482,126.79290816112,6.68968798428162
2022-06-16,22529.1981146498,1230.36433535561,232.696663435005,0.34439382439945,0.532564038433958,0.0634822693700143,8.51671435611612,18.1781769049965,0.00000880354972185337,0.0629947855801169,0.121489408603685,0.435692740448922,3.82998905250811,127.31621116577,7.33078178473099
2022-06-17,20408.6904905918,1068.60357486461,209.833720099371,0.31243655020944,0.475839096280848,0.0551641786014381,7.10584459266579,15.7443422036308,0.00000797733752822237,0.0592031952918264,0.108874506732194,0.382204355329682,3.19480243207894,109.548466433219,6.32982531304719
2022-06-18,20473.0528807951,1087.81392445844,216.15306665314,0.322354415996607,0.488402289016132,0.0571346970057443,7.32546417493106,16.0466644316473,0.00000817617304809948,0.0600050560429206,0.115978398918185,0.400808002644244,3.38253313394349,121.348443455544,6.36962008248783
2022-06-19,19047.417828282,995.252569270791,197.376506251753,0.309330958004928,0.457889958465195,0.0531175932093537,7.0680278281352,14.8974824342891,0.00000773132466118915,0.0609808988099924,0.107073735575042,0.34685900509366,3.10028625172371,116.8423011259,5.95242165818405
2022-06-20,20516.4119797752,1125.75409179427,214.770382331235,0.32568242328235,0.483829362752637,0.0605560090084974,7.50455835829262,16.2322785574576,0.00000820041124186559,0.0614603637915947,0.114445382693598,0.38216913831849,3.28307434348828,120.232125490738,6.59567676766572
2022-06-21,20636.7589124064,1132.0543935828,217.192946240567,0.324097107693419,0.492764453932533,0.0602518267834215,7.89462628031692,17.1652012813954,0.00000815843694452751,0.061324215489852,0.114968948450304,0.40102149714337,3.42654875000133,119.270419510365,7.02163786328092
2022-06-22,20700.9239330391,1124.56139201655,219.480240513216,0.329143540889108,0.479991159000065,0.0656957561372316,7.73685525483115,16.8688004643445,0.0000105862035129942,0.0648476427138537,0.116459367466543,0.418173444005322,3.50901217375922,118.859055955972,6.83755175722518
2022-06-23,19983.5664828631,1051.07406815892,214.568825242991,0.32275428268772,0.459334206720371,0.0617814465850129,7.41962480443387,16.1225609913096,0.00000968428499674136,0.0631835010111004,0.115120566444548,0.458919223145438,3.27585370215424,113.061582185584,6.63639594744105
2022-06-24,21100.2705335111,1144.48075348081,229.084073506679,0.335517462078997,0.480336624262293,0.0641442740491105,7.80628562386109,18.2937129180837,0.0000103223180663597,0.0637734486202068,0.121229686839003,0.562314711839411,3.56113015514756,115.804004818937,7.00168113297678
2022-06-25,21262.7134829561,1229.30408544666,240.946409061641,0.368261234144217,0.502650376657214,0.0672542142050439,8.21567426052568,20.6670545662066,0.0000108765085268551,0.0661974916576441,0.127578991494158,0.616261879520867,4.00883338095804,115.086055988545,7.29365509266073
2022-06-26,21525.8803622114,1244.28620449539,239.917456690933,0.367315471966582,0.498274813019706,0.0685694608365846,8.13550188356591,21.3526732508321,0.0000118026823289048,0.0649177452547541,0.129190483504847,0.600745625315949,4.16850962627717,115.602045085812,7.28108486495281
2022-06-27,21052.8053978357,1201.23779064191,234.532197254079,0.360322871911221,0.491416622951586,0.0737634590821195,7.86185013796753,19.8152000902122,0.0000110507946923003,0.0650950866957276,0.124426932379588,0.56494333539525,3.79585760498956,113.535095353183,6.79685050823028
2022-06-28,20751.4775307908,1194.22450847461,233.841281890854,0.353716500620091,0.486746117007505,0.0725216913140085,7.72479055629487,19.3444450723413,0.0000110640282606814,0.0670929953727712,0.124563580757659,0.53226626080063,3.73709929564629,111.32884780717,6.55768188312997
2022-06-29,20282.5424792697,1143.533535721,227.017554647387,0.337441751906006,0.470182477507178,0.0660034858296664,7.29512308847008,18.1217939469536,0.00000998128526342361,0.0660498625024142,0.1200557121084,0.510593844934902,3.41019001316606,103.096353796956,6.32664817769684
2022-06-30,20108.5294728898,1098.90551761053,219.36837150485,0.329618831659971,0.465197180101746,0.0696032412357616,7.0023235052075,17.5745083320983,0.000010175801655864,0.0648714765735568,0.116907127710635,0.495511456532382,3.40956872691516,104.503578318713,6.20385703423936
2022-07-01,19608.3974934231,1057.6309990608,217.015865032134,0.329248075885895,0.454697298566973,0.0655336510188789,6.9700427155392,16.8236559120928,0.0000101814356627148,0.0639999220378371,0.113534623376872,0.471321169170767,3.30694626811916,102.179856254982,6.17981273543433
2022-07-02,19407.4474302625,1068.8194401302,217.73329223722,0.31563768472334,0.450846795625767,0.0664709217498867,6.78976234057833,16.2270303052309,0.0000100561492377086,0.0652300355298573,0.113288227656525,0.463442485674973,3.37624981945801,101.966604800792,6.11611477745588
2022-07-03,19268.2270026661,1068.54150259996,218.258193051222,0.316485789927625,0.457455268422525,0.0668195303590005,6.82723567045422,16.3544515632843,0.0000100945241844638,0.0648863990373451,0.113181095667458,0.494644110998194,3.31606157550872,106.911611974128,6.23500388195049
2022-07-04,19310.2332185218,1074.60731757876,219.354148928077,0.32252946473795,0.456955551766602,0.0673408399479818,6.84924118008971,16.6711699102216,0.0000100489330644296,0.0663361501102919,0.113422026461588,0.461293857331806,3.32854417434836,105.738905891458,6.20041147908983
2022-07-05,20257.0123285929,1153.34831478809,231.650624339044,0.329083714300877,0.469358110088242,0.0696299739773297,7.1692105181105,17.962994439177,0.0000105052955939822,0.0673220811118335,0.118528333344262,0.492870065726059,3.51633121918859,108.03123602647,6.43689173518937
2022-07-06,20188.7796639733,1134.01706965922,230.749409842893,0.325509709249199,0.457366386653535,0.0671566224721235,6.84020644316616,18.0503483006627,0.0000103158955801866,0.0681892976522401,0.116037043532022,0.511149073902543,3.39417711586052,104.532235059576,6.32896886596935
2022-07-07,20566.68722377,1188.72564292538,238.820783375138,0.332555518263216,0.462568181493705,0.0686903704314194,6.93259908168203,19.1601118553233,0.0000104707647898327,0.0676578467104161,0.119831793644761,0.525646531527173,3.50295875723112,106.412283398755,6.34122355146515
2022-07-08,21660.5968370752,1240.37840566172,241.782161058442,0.342400552311674,0.478340812164487,0.0707375307138453,7.32022338397099,20.2751572367607,0.0000113117707436488,0.0687579677806489,0.1236176611586,0.56275994517869,3.72272339545479,111.888444914348,6.64850960136608
2022-07-09,21858.8187492176,1233.5146792603,242.555699568886,0.344214211094006,0.47114024931855,0.0694883802895412,7.13869073133833,20.0323774228947,0.0000113293583718996,0.0694029141699874,0.123896147565882,0.611858059407954,3.63908072831226,109.77012806877,6.42969737490424
2022-07-10,21589.6281014597,1216.84970684846,243.059056297432,0.344989383116538,0.478738066791374,0.0695179667784451,7.26208365189515,19.9212865771711,0.0000116389425261157,0.0698541561652088,0.124676667657798,0.589290573685061,3.80854853607823,111.409541306243,6.50846970461103
2022-07-11,20859.8140796506,1169.01270766102,234.784036721285,0.325810752451575,0.463376293263444,0.0673518065635111,6.85363629973388,19.1523486639839,0.0000112246955278623,0.06769313270187,0.119500833365389,0.571205819856221,3.52889526791834,107.230400942364,6.19328705390107
2022-07-12,19998.4678395758,1097.44943804773,225.960720624831,0.314852545297055,0.43590193600647,0.0618284809156205,6.54856217053315,17.3741210158276,0.0000103775411333757,0.0647578093805519,0.113302356806039,0.564309894370099,3.23227225046237,99.5111966176908,6.04622416114113
2022-07-13,19350.7373500773,1040.79714550296,221.521544594784,0.312498771641691,0.420516187045956,0.0601000687027873,6.29992068974176,16.9506873881406,0.00000999880343332025,0.0648074324165305,0.110496076743387,0.542326127105107,3.20240950567018,97.9820708718779,5.98142201178819
2022-07-14,20225.2386643319,1112.92078270126,230.442496626924,0.324743703698101,0.437571731892448,0.0620120708768387,6.46671803055424,18.8305491793138,0.0000105312291430004,0.0662309838037704,0.115897566794162,0.637135419568691,3.33166763232671,102.33244302682,6.17764350469979
2022-07-15,20574.8405915004,1191.13083711031,238.369685231016,0.33363610970833,0.44136281822886,0.0624930929746917,6.72203347942248,19.7689386984078,0.0000106280387550242,0.066942309964168,0.11841661136843,0.704997405154825,3.49045513772588,103.306886183021,6.26961413593439
2022-07-16,20794.8119814367,1234.09913897632,238.49730625578,0.333867159088258,0.442463536537537,0.0630347913143567,6.80351452936424,19.3752148478083,0.0000108504309491416,0.0670818111230405,0.119859900161811,0.704776058027675,3.50178404058727,106.340561073212,6.31163143617824
2022-07-17,21193.0833433684,1355.04564021949,249.395649941915,0.349949691805235,0.456915864218129,0.064280409049556,7.18065831222768,21.2445066160699,0.0000110159658625176,0.0688984988618949,0.122626099199303,0.726797395654502,3.64646024636534,109.721491240771,6.57947710798058
2022-07-18,20824.3627516516,1344.7202840019,248.191629145434,0.343949731350043,0.448244532378972,0.0633156480561823,6.94167818683601,20.6754755223974,0.0000107783465388964,0.0675561153591776,0.120841402470938,0.753852910355775,3.54217844498309,110.517730955345,6.36994117553698
2022-07-19,22395.365383104,1570.65895886421,264.106323380858,0.36466339965145,0.491514594760187,0.0675744691208145,7.66354707998897,23.9583657427879,0.0000119718199573403,0.0690741877032222,0.131754300443554,0.959536189189618,4.07293211449496,121.687696409746,7.0421086684459
2022-07-20,23366.9076979279,1542.62982143322,268.387242408666,0.372256269405756,0.515409894695786,0.0689905566699514,7.8054286758747,24.7032106181133,0.0000121533865398288,0.069096977842063,0.135074506302543,0.925175066732544,4.55011081999381,128.375294880138,7.24805646420995
2022-07-21,23313.2967319596,1527.41393075931,258.969221229254,0.360616175676354,0.492080290171651,0.070409956518021,7.49474792383912,23.7225824922835,0.0000119274277782124,0.0676755263035022,0.13231090155714,0.836451930923778,4.1966563240524,122.191272998201,6.85225320711804
2022-07-22,23155.2075552483,1576.82523949768,265.273750866702,0.366414536820436,0.500011246425164,0.0699742593429695,7.52230768133151,25.0590642433012,0.0000120022070365043,0.0680377846663804,0.134577231628521,0.908114690535894,4.37608286044294,123.475027417707,6.9897820832645
2022-07-23,22696.90275429,1536.12492223891,262.638686874917,0.358245388516385,0.48394201304485,0.0676911236690822,7.30533542419639,23.6998367962826,0.0000117331739097099,0.0670835987623664,0.131181712619485,0.853716329508561,4.33162514731792,123.199996548515,6.80014662833071
2022-07-24,22506.199573629,1552.49648919087,259.463393040105,0.360072304027186,0.518766126688814,0.0683263335978117,7.35093910123399,23.7118683070578,0.0000116182363693493,0.067121787509865,0.126835392992959,0.878546027329356,4.32035688265121,123.082778226446,6.86869248793884
2022-07-25,22613.7192082485,1601.2079670127,262.125205639689,0.359130224913258,0.514675641609703,0.0679630248468644,7.41817197343562,23.9737939476396,0.0000116068352014133,0.0669608833462424,0.128731859275407,0.886166586815155,4.35897176675527,132.409869954864,7.11792683247291
2022-07-26,21330.2954507882,1450.48228521394,247.104097158503,0.336507151443336,0.478270671953771,0.0621594791065425,6.80137805471041,21.0714098156388,0.0000107453917763,0.0639822704145293,0.120295168957461,0.778916572325934,3.79367055485088,118.641370182256,6.49679573425605
2022-07-27,21235.6123160858,1438.98803822307,248.851235039794,0.336749849776593,0.467789389060586,0.0626236850416452,6.76148321562653,20.6400774515915,0.0000108171378425566,0.0654320704221921,0.120413672789761,0.778634963111065,3.74809867243817,118.651925366741,6.32864940523054
2022-07-28,22908.8842604687,1636.94918146779,270.305244098005,0.359549421282648,0.509188049612994,0.0669579418035816,7.56194066624669,23.4373443079355,0.000011465103892094,0.0685879878507564,0.131182968285348,0.89275169257843,4.1439394229999,127.304574409837,6.84163131722775
2022-07-29,23822.0675978231,1723.54852067906,276.46795447155,0.372412269461561,0.51390913503652,0.0691453336381152,7.85675884565029,24.2497894379117,0.0000118396028581588,0.0697348687700574,0.135124055237612,0.937040402484538,4.35834138958346,154.817379920007,7.21987716186959
2022-07-30,23847.5833187386,1739.04217713561,294.546621572817,0.36984390040114,0.525656892942035,0.0692844432667518,8.25409942523593,24.6699464111929,0.0000117889297957809,0.0695287517174551,0.138126243990637,0.943484724520269,4.40085339176022,153.265421883288,7.93371035870654
2022-07-31,23653.4595494308,1696.78509821365,287.362164579512,0.387141911749937,0.526478465595695,0.0696721621698345,8.22323750646002,24.242457041934,0.0000119183773078252,0.0692389533422239,0.13788946504936,0.929890909936803,4.35300643410315,144.670560620648,7.81282383302496
2022-08-01,23379.7005250908,1682.01137361475,283.915407397222,0.380909424642512,0.518323483045846,0.0683367443444308,8.67672231816481,23.7650273437402,0.0000117402255617103,0.0691038610757019,0.137443376942157,0.930151943182561,4.25203136870731,139.807894362833,7.67731582389691
2022-08-02,23333.7492433122,1636.01855635736,284.095060661253,0.37947456474882,0.513526959050936,0.0687058682793194,8.18256603873014,23.5882097849336,0.000012017002762339,0.0700346006241922,0.139518865962627,0.8964918151527,4.28870855135291,138.393995712821,7.59886591678764
2022-08-03,23053.8468474827,1638.37868265722,284.858320394225,0.372144360639087,0.499961099701254,0.0668971152181401,7.98713087574266,23.0757952487896,0.0000118124990673867,0.0686167413435739,0.153077220319504,0.883504539022558,4.32130149036537,134.642755349105,7.22908939323894
2022-08-04,22860.4209843832,1621.34132363641,298.491856934789,0.369780227467273,0.502659400636254,0.0663503514907706,8.0199683262578,23.1317266877704,0.0000118307314059321,0.067934889334692,0.146340531521113,0.889551290694902,4.53181965095605,133.988241444675,7.27910722145361
2022-08-05,22678.3636338742,1612.41890672698,310.88357954292,0.372885921419496,0.502382037891111,0.0675833546861257,8.10591351821993,23.4618120715831,0.0000118625315088917,0.0692293957532768,0.143739517608252,0.894417284841778,4.434237761022,134.769096149336,7.37390492440918
2022-08-06,23225.0362019429,1725.38262702115,314.755720215742,0.376739440235342,0.517418092218922,0.069691641528994,8.78231324387411,24.9181961495257,0.0000121208676131805,0.0698450613391545,0.146951190396529,0.927408053516656,5.20051448810129,140.772839780857,7.84175658084966
2022-08-07,22984.5795314486,1693.29659183603,315.514940713409,0.372424910192886,0.512866009031735,0.0688204348411823,8.53576661973441,26.725783602317,0.0000119834662354435,0.0695667456229313,0.144976266680323,0.908714272059212,4.91739486105161,141.564248287615,7.82306818205935
2022-08-08,23197.6034695254,1699.0064178887,323.233394455006,0.372978336162963,0.528960233214959,0.0689804219411479,8.64582692198148,27.9008570348355,0.0000120495035140215,0.0697975233869974,0.146760064565772,0.908351148857805,4.99045632914683,141.412029809122,8.30560231586112
2022-08-09,23823.6794424536,1775.70135552708,324.931020982922,0.379421562113574,0.537455065443683,0.0702117530011225,9.29379347816703,28.0043806222923,0.0000123033971997912,0.0702083314771741,0.150865783216008,0.923447473551309,5.50263283437964,143.28334373731,8.65658363254221
2022-08-10,23203.6806967816,1698.96612901265,325.52182160662,0.369057608535375,0.51625944296123,0.0694431630541064,8.9076625788201,27.5116264542964,0.0000103178805279637,0.0687163995869151,0.146108050900944,0.886911922748542,5.37757307368302,135.17001292205,8.78839369776474
2022-08-11,23948.8295532716,1852.87855526565,327.768510739651,0.381881917067248,0.537791491477239,0.0713514853244244,9.48881502302354,29.1256230241869,0.0000123622939177583,0.0704506547386194,0.151749103615219,0.938742001693563,5.88439626338103,142.218700258509,9.04841650602501
2022-08-12,23948.7517036814,1881.4274054353,323.64985069773,0.381037899072495,0.531631490710337,0.0709838956165207,9.20188465941366,28.566311966212,0.0000123037410592989,0.0704039710845282,0.152040510272366,0.92212873990763,5.75636364797047,142.931214767995,8.95736934914295
2022-08-13,24411.3798715226,1959.33092471874,327.337925950556,0.38068672066788,0.541838358585234,0.072533718913065,9.48056746286304,29.3859242805602,0.0000126715124267474,0.0706407037939895,0.155749386468011,0.935150308931056,5.99536578643573,143.249207427538,9.33856534000686
2022-08-14,24433.6537472437,1982.41182805142,323.888723980833,0.37917470534981,0.561649124851771,0.0731576787727752,9.30467004898312,29.1434831496468,0.0000126413690637475,0.0700337430010916,0.154813676940468,1.02657513089606,5.87136346880604,144.363766483307,9.12835094576144
2022-08-15,24312.5414248916,1936.70116360526,317.701987725002,0.37789173870429,0.572379173508238,0.0819077365324822,8.95595435516122,28.2251658778839,0.0000169471936106638,0.0704515566350301,0.152934510224687,1.00180876258909,5.61183308272216,139.561418881388,8.76813939058527
2022-08-16,24179.0146523092,1908.27764190592,319.97483545151,0.376850989890895,0.552458698151053,0.0769389410329075,8.81193980000512,27.8788614580974,0.0000153333517710023,0.0691202770865525,0.152232943957768,0.954827516649002,5.41620196185233,137.717566719556,8.66902202884397
2022-08-17,23913.3337256285,1880.60010125944,316.698400431029,0.378321621831352,0.559785000907353,0.0871905512610033,8.86355956984518,27.2511636472615,0.0000158477131476048,0.0699285753382275,0.15141189234135,0.937897041792879,5.28561285209204,136.574793075844,8.47948017992851
2022-08-18,23359.41883707,1834.82645264264,306.639286890578,0.381899782013246,0.539301606852749,0.0805990678013448,8.370952417933,25.5300101907737,0.000014765527290459,0.068308791914803,0.143468132591699,0.885642490922367,4.97254320860254,133.905785413253,8.0587077234104
2022-08-19,23248.3842281926,1850.11129104737,298.600699546884,0.372371412822313,0.514486880521632,0.0751082314769056,8.10415324757339,24.299011857313,0.0000135694196372222,0.0676229670034623,0.141038497500275,0.861605248336475,4.85948588570075,128.715839225959,7.67225204842371
2022-08-20,20945.8339660496,1618.53250426335,279.97781375688,0.336473465342662,0.452547220841311,0.0682193863019938,7.33619640799156,22.5354680271282,0.000013258751458538,0.0643305528706923,0.12294826524059,0.774687890553597,4.26622505269303,114.771218343331,6.92395836030628
2022-08-21,21175.2327329895,1579.41572309537,283.656155240003,0.338785556205618,0.452165240343829,0.0696567184944228,7.23495791561334,22.2765322049059,0.0000129131479978962,0.0658942066820363,0.125152689428907,0.788178006781823,4.15830870738393,114.619704930772,6.91237954496647
2022-08-22,21615.761693417,1624.14998288485,303.015147953894,0.347054592708862,0.464937358445353,0.0696154122944649,7.45633586556731,23.0639127501332,0.0000135440068721779,0.0662865517851,0.128355351887222,0.823597485930255,4.24098575449672,119.758787810314,7.10978946298379
2022-08-23,21387.747114774,1622.30703457785,301.156136179622,0.345626842454459,0.461039667685175,0.0684873847856739,7.40216982306919,22.5785869462102,0.0000131673916955779,0.0656141497420741,0.128008388200564,0.810122759997726,4.12374899733711,122.751575704034,7.032781555355
2022-08-24,21562.4515399136,1665.79190739193,299.463376750775,0.347772600184528,0.46619724094261,0.0689398756215981,7.65794979782759,23.5691578413008,0.0000133292539439856,0.0663630344198,0.128963031849094,0.833334217274374,4.30501769847433,133.516447846253,7.25648057262738
2022-08-25,21395.4584697599,1657.79364246634,296.41961244604,0.346792714088904,0.458487331825958,0.0680121357489117,7.58104467057247,23.0370010957762,0.0000130620796393406,0.06490528770877,0.128853044306252,0.812864104274294,4.27449408879319,131.307164089085,7.13981845519644
2022-08-26,21618.0090191766,1697.07697196364,301.817786370401,0.350098114792627,0.465648805179411,0.0692504203129897,7.59438701810938,23.0735520410971,0.0000139660156831466,0.0656021893824522,0.13186286814009,0.820133175135886,4.32627008735533,130.825745964832,7.13908347357412
2022-08-27,20271.322951706,1510.18911148405,279.406424179658,0.339200986089003,0.432467799172604,0.0636592100375638,6.93748934643835,20.6246837771047,0.0000124177826017894,0.0617575248208875,0.120653827018702,0.763888218521644,3.93707574643333,115.862175150215,6.48655254155331
2022-08-28,20069.9533315962,1496.05546594209,277.854189298758,0.337101913520448,0.451846867897088,0.0637812171240771,7.06280723081995,20.1595189926728,0.0000121907970538748,0.0630375700141149,0.120584538538586,0.808816855957572,3.92694021456261,115.69273102367,6.55147604864298
2022-08-29,19659.2467061936,1438.74705032781,277.779366763355,0.325092928650304,0.431754969596983,0.0622807074765686,6.89542479206486,18.50213881722,0.0000118701795049259,0.0617807414459616,0.118848004205643,0.789325870613038,3.77501209892295,113.387655981731,6.29551318913187
2022-08-30,20308.8614478915,1555.17745604159,286.407384662514,0.334230747169195,0.451756956766042,0.0640486624430896,7.29011896827286,19.3943733897704,0.0000125131238323429,0.0634893086117866,0.12328017537898,0.819281131096967,4.03924483556082,119.665095346117,6.71797017896935
2022-08-31,19805.350698858,1525.40011623205,281.293818828559,0.327558035916574,0.452669969934283,0.0616618356793515,6.98439160851739,19.3462566946549,0.0000121842702149925,0.0648504350706549,0.121106764834037,0.815441660720998,4.20856348428793,114.629038397654,6.56188025952087
2022-09-01,20023.5544449125,1552.56296622813,278.578749012152,0.328042991500521,0.446672641887897,0.0613138260071491,7.01934363047164,19.1032658470586,0.0000120906550138008,0.0634534146920129,0.121896553381101,0.831640817089906,4.36454104980928,114.956500950961,6.62245415943138
2022-09-02,20153.9759779825,1588.98035108691,278.867986973627,0.333710016881428,0.458588258493987,0.0625253656080572,7.19308106920605,19.3351834196279,0.0000123509418495236,0.0634273591843922,0.122257257063692,0.887988217141591,4.34604644199185,117.073218234588,6.90405901281787
2022-09-03,19941.4513700472,1575.17663072761,276.777904281154,0.331387976779177,0.454895772891853,0.0616036766438915,7.30197344036137,18.8411849390174,0.0000121658248834188,0.0626314994562533,0.119704923370299,0.872045699802808,4.1781119223945,116.360494877609,6.91218895348019
2022-09-04,19814.5642451146,1555.67407720781,277.518310289339,0.330168935411656,0.480291543128686,0.06272962164846,7.27679995372147,18.8745988586928,0.0000122998388238756,0.0631330120255389,0.11936493148247,0.889759662341583,4.16129836751222,117.554408740149,6.83127536186969
2022-09-05,19980.0132222423,1578.9493013433,278.753052820326,0.332232738278684,0.502611250203615,0.0632609782200488,7.3745504092922,19.0129112957697,0.0000128358916910768,0.0635624525998582,0.12021371092259,0.894745210963596,4.23573349691864,118.037438702537,7.15007252481674
2022-09-06,19785.7335018551,1617.93545548543,276.55056282411,0.333174443435392,0.4997818982448,0.0628454786276194,7.36250524390627,19.3764026376284,0.0000125481949007947,0.0629377120984115,0.120222789512698,0.881757484782123,4.23252379383944,125.670919139205,7.36885555592416
2022-09-07,18859.5000876803,1564.55895403025,264.037271282422,0.322882837554491,0.464312464410224,0.0590944173804406,6.89256516355625,18.2499507610322,0.0000120325275122538,0.0609257115109893,0.112396774360797,0.820566755655766,4.08018808396617,112.85805122039,6.69179610581321
2022-09-08,19280.6254764568,1629.88323116365,278.773050202116,0.337812631402927,0.479831754806689,0.0611784169677477,7.20230839058686,19.0215071850802,0.0000122716602871299,0.0619011969353075,0.113683000371245,0.84255025827087,4.3774798602751,118.689782292224,7.08901804979174
2022-09-09,19322.7777493716,1635.93217601305,280.557676623948,0.340543230491323,0.480036720758892,0.0610397943627616,7.39536016493213,19.1264173338443,0.0000122240557496609,0.0612880595371301,0.115751457756495,0.844395172917924,4.67909397021589,127.219357795921,7.40741860001511
2022-09-10,21359.5825255791,1717.07695698405,293.026217886576,0.356552046605342,0.502127662637198,0.0639501511925167,7.76275055528301,20.3377862470244,0.0000129454993546929,0.0634203181118088,0.120127181443096,0.890996630735846,4.8214519942792,132.476359336586,7.74111393844943
2022-09-11,21707.3873193181,1779.5190288833,297.530879085741,0.357632220723901,0.512566255882606,0.0648259428718644,7.79445231053951,20.5205796348354,0.0000133180287418696,0.0647471666672373,0.124285575076045,0.905803390348232,4.81489000746608,132.818029201868,7.91776791570814
2022-09-12,21739.8043797955,1761.31735588069,294.758023443654,0.354472669844317,0.508571740581583,0.0635829022255878,7.68571258769671,20.596177129632,0.0000129920549675073,0.0640588670541065,0.122926785653687,0.893023681240322,4.88240200562032,130.789151613017,8.00602553466495
2022-09-13,22339.6705026234,1710.16429085152,293.026587671951,0.358590494268941,0.500611791031842,0.0637647723493421,7.64302279448828,21.3247118082465,0.0000128566257777763,0.0637702351813724,0.126355337675558,0.927806234686036,5.05708675256267,128.446304448326,7.73658451544955
2022-09-14,20184.9674918966,1573.20521369517,277.421083717843,0.333134342722964,0.465585112884472,0.0596710370661812,7.08511598607618,18.9046594314851,0.0000121096733022612,0.0607148099666134,0.110428188897395,0.847759304654402,4.42754287463535,117.451977978766,7.06977720850297
2022-09-15,20255.9229783271,1635.36820619213,279.720056949267,0.342297666277334,0.482231828769897,0.0612575640091122,7.21376043642099,19.160957086314,0.0000122247442157881,0.0616711711551039,0.111851653416577,0.866393966201215,4.51432190849459,120.397832731414,7.45879338803395
2022-09-16,19702.1698898117,1471.9995925163,270.729721525187,0.326976162788208,0.466533506207669,0.0587485953773889,6.92599466667271,18.1975041279027,0.0000117136189699107,0.0612901880813158,0.105989182418463,0.824494017039071,4.17772195536141,118.256887520747,7.54216916906377
2022-09-17,19764.4117120438,1432.21580747861,274.349632271076,0.357183053929006,0.474275886041687,0.0604173185701034,6.88516966412,18.0378665502462,0.0000115581620462162,0.0612968007045209,0.105853536207485,0.805952127591812,4.19488195578253,119.275822934423,7.63977743424658
2022-09-18,20131.675305714,1471.20395536304,279.336109404516,0.375535425876886,0.487738017805055,0.0622959924968512,7.06203360978755,18.475086187502,0.0000119766098941343,0.0622402548593706,0.11085875252461,0.830522909434869,4.38146644199448,122.350779738605,8.11084271363352
2022-09-19,19437.1578679826,1335.85255238505,266.623358942821,0.360111691220726,0.448576493733954,0.0576008008185607,6.4513192755694,16.7724232675752,0.0000106411552949772,0.0609798528207091,0.102482733352663,0.754745181999353,3.90776694447901,111.991133996626,7.51762694100334
2022-09-20,19570.3867095235,1379.92070452626,272.294397316546,0.388400333863659,0.45470699229443,0.0587166877143117,6.40014768239347,17.3313983319899,0.0000110156171877583,0.0603731219672905,0.104640123158982,0.767920826328557,4.0617250534917,112.360379512171,7.32018992397167
2022-09-21,18869.9288093905,1324.19056461559,266.308724190927,0.414697547848736,0.442110609918585,0.0585146256132617,6.27355447173471,16.6592285006815,0.0000105245265308155,0.0597801322945921,0.104164303856636,0.733710794888403,3.81238398091981,112.893567896079,6.87761830203743
2022-09-22,18539.6352383126,1252.77456216858,264.643072379699,0.398751686056405,0.441999141354842,0.057494115380323,6.15507954434087,16.6201015752723,0.0000104221498308033,0.0592904372585794,0.102416902877885,0.704767285373224,3.66343616452643,109.207191124705,6.71669392583346
2022-09-23,19464.3226633485,1330.79279292183,275.941680785879,0.487059620235975,0.460222748538173,0.059796875091584,6.45919923113246,17.7211917907297,0.0000108790766022992,0.0603668240058284,0.109226157491749,0.75451746694449,3.87376969171906,116.556990580327,7.12635964360063
2022-09-24,19291.9048024521,1329.55880673032,276.544531652571,0.505546901626138,0.462677543168195,0.0633773249863463,6.43872398676758,17.9789225130722,0.0000111000788773622,0.060542183449488,0.122479647193311,0.779192740599103,3.79358199995242,120.353772519767,7.46371730736085
2022-09-25,18939.9705804994,1318.09934702185,275.439572940825,0.489612153499544,0.45287070381915,0.0633757090192718,6.27919335228358,17.6328426263445,0.0000112495943969319,0.0599061139550751,0.119245070523483,0.754766479052536,3.70476150574971,117.860337603173,7.64179733560069
2022-09-26,18809.4114393324,1294.07509527978,274.088617435996,0.493820684412995,0.44730099342322,0.0613579875804887,6.20903627988943,17.3197739793566,0.000011025564279714,0.0597631072779125,0.115790023554402,0.740871092894874,3.64686169065951,113.504945218406,7.86267946885707
2022-09-27,19219.7277806565,1335.12120519917,275.645021177749,0.467584799379548,0.446767992484125,0.0611266756413842,6.53730545254731,17.5201552715694,0.0000111172932078874,0.0595296098068163,0.115250907051722,0.755121354991982,3.66918436531895,116.307070557046,7.9310907698508
2022-09-28,19116.3311607104,1331.15017693386,272.550204346482,0.449738759574301,0.442534932258504,0.0606600663672184,6.38590769146442,17.3194139815934,0.0000111345763736434,0.0594721854011968,0.111903760109631,0.740410933851386,3.62446633238948,114.48070123972,8.09480931780736
2022-09-29,19444.787771363,1340.02305948165,281.358160848153,0.452319997766128,0.438445904036063,0.0608243247548588,6.40223075314755,17.3008912240336,0.0000111357393391492,0.0597554235744999,0.112401926565389,0.74861688073426,3.58076285003446,114.545265033765,7.83268705602407
2022-09-30,19563.7651617769,1335.73897063357,283.748723141506,0.485497358371327,0.437977016100598,0.0607492454158405,6.42436225893186,17.349429643188,0.0000111280053473156,0.0610106788184306,0.111723294295154,0.763593846999326,3.58128683095237,116.789734571918,7.90551985222862
2022-10-01,19476.9265960041,1329.1460320708,284.007431708343,0.480185607141135,0.434426055544391,0.0617204076127507,6.31888454063023,17.2019452929175,0.0000113528112465136,0.0611507248197145,0.109924477123583,0.778136096344455,3.56162870270828,120.027644115547,7.58847051719848
2022-10-02,19314.4638352174,1311.26332441629,282.869812498504,0.47496133042485,0.430907501250917,0.0606802231335664,6.27017791621026,16.9720047432026,0.0000111775827182397,0.0605233816703703,0.111089829446225,0.76609036425381,3.5538505471602,117.166929734983,7.38812912655034
2022-10-03,19065.153837149,1277.90134527967,284.943142563058,0.450256329953666,0.420335826330714,0.059330878856974,6.17500403197738,16.5583378430216,0.0000109836472258498,0.0609804193191377,0.109791198854704,0.766274809194801,3.48435006810121,114.549765259965,7.13772756587919
2022-10-04,19620.5675435914,1323.50401797229,287.023973377322,0.462616515154029,0.428422884407871,0.0603553042856688,6.38212166276407,17.1764256137937,0.0000111742852891124,0.0613889177081597,0.109568958384445,0.801776016649397,3.54709051121413,116.389982464738,7.32787497720922
2022-10-05,20345.3985201066,1363.2371821945,296.478613863592,0.480355975458225,0.436411614039305,0.0661445269588955,6.49563401228624,17.4458432393439,0.0000116708437584794,0.0623686750573215,0.111823769262892,0.836853507088207,3.62571897405178,121.215730241912,7.7322475119447
2022-10-06,20161.830614985,1352.58652430249,293.994765712581,0.49018876836815,0.431454906784263,0.0646378679606874,6.43424308878623,17.3477563712613,0.0000114338288410125,0.0624265709031164,0.110430366753539,0.852119088182182,3.69345665226971,122.239108674728,7.87527507923706
2022-10-07,19949.0510414185,1351.42736919795,284.683147093837,0.493551021726332,0.428991136314636,0.063500328554914,6.33520516671047,17.047612076832,0.0000111891780619002,0.0627619329427232,0.109243630866426,0.832596857330364,3.61873421589395,118.625469252938,7.63727986217518
2022-10-08,19457.3089512511,1324.89473802906,282.138076123363,0.516032726273221,0.425298096655355,0.0618698359747486,6.30303912878225,16.8251833619114,0.0000110097924560192,0.0625779358712447,0.106778780424238,0.828618914561222,3.54485875807682,116.48383677345,7.61945517457959
2022-10-09,19418.037989244,1315.85779990567,276.200004442636,0.516645518962501,0.422198436370237,0.0616628668177147,6.3072484298728,16.7837805106159,0.0000110020912057593,0.0621101774938903,0.106958704798191,0.813375313029187,3.49567783115409,116.801331083859,7.44920107563676
2022-10-10,19448.1490017576,1322.26975521937,278.211014344564,0.534229236628672,0.422675517506398,0.0621381647638975,6.47421551503095,16.9002648627864,0.0000110417586254776,0.0624745854585847,0.106980490873333,0.824832540840513,3.51672140650575,117.230188516234,7.61824811041072
2022-10-11,19142.6947673929,1291.08165966956,271.885899463403,0.497324251216849,0.402072833683624,0.0595353067752404,6.2613756503573,16.2427777886362,0.0000102417093614074,0.0628311290871065,0.103862875413481,0.817167855058481,3.23691143911078,111.871849491574,7.41882102987871
2022-10-12,19058.6280397383,1279.88330754726,271.366430878298,0.485334255021769,0.390872191148005,0.0602828737414315,6.1784372066677,15.9469156891711,0.0000102435763669717,0.0616041200628167,0.101980117735705,0.790864494489647,3.1731455104214,111.163524322579,7.12168449899156
2022-10-13,19153.039779987,1294.27105138822,270.923085687502,0.488039325997237,0.381467926924362,0.059937900996278,6.17028613179282,15.94816281299,0.0000101793377307826,0.0617944483964789,0.102218900304781,0.783465015361896,3.1544145402564,111.929459258217,7.14727147525435
2022-10-14,19383.9432200889,1288.16401470208,271.808170367531,0.480833068863778,0.378521744482319,0.0596898057700414,6.11810712607107,15.6694146550145,0.0000104245356619066,0.0610249570647858,0.103423806355604,0.776233066966909,3.04515732223119,108.992790111321,7.04274147416523
2022-10-15,19198.1071449518,1297.62760532238,269.201202062565,0.488720273065827,0.367275575407616,0.0586879640629963,6.04829693364568,15.6989307981447,0.0000101882112391707,0.0639784282521361,0.10357691954277,0.792865872194424,3.01035553874026,107.498194082551,6.89716518947868
2022-10-16,19072.7805133589,1275.6937773948,268.811513547489,0.482026865083492,0.364051398235548,0.0586064162151377,6.05384865948894,15.441611088446,0.0000102324091982566,0.0618729326144758,0.104081144477677,0.791642475165484,2.92545937697773,107.932313178924,6.88878660014264
2022-10-17,19272.921847772,1306.94311882884,272.359699567604,0.476693842974017,0.370371679681745,0.0588954262429728,6.18790900285484,15.7594501303705,0.0000102985716434036,0.0618569000812067,0.104797923831611,0.799928744369782,3.00112838890993,110.267681969929,7.17348064386826
2022-10-18,19557.8955488684,1333.44087763017,275.819356625612,0.480654262328842,0.373398320060097,0.0600813364034924,6.26190922076587,16.2136389848478,0.000010418784335063,0.0627390420934255,0.109788106208684,0.84880521642514,3.06496711265502,110.69685054149,7.34586787840578
2022-10-19,19348.0293688104,1311.80672551582,273.352148119738,0.466840813109294,0.362521870177872,0.0599191131503318,6.15984095053368,15.8961211891303,0.0000101904029808109,0.062188561957814,0.108492202932833,0.866501886724442,2.9715448043411,108.741299067364,7.12670668270694
2022-10-20,19134.2426644652,1284.65493370226,271.626167123004,0.451083428400661,0.350022218675596,0.0587198932529612,6.10019253510249,15.1075990899737,0.00000987467464729185,0.0617826832862954,0.105523008053099,0.845456054198095,2.82240849658963,105.898940218835,6.77575702767611
2022-10-21,19031.1598719595,1282.04264677596,268.965032513643,0.447585727055089,0.340137225488079,0.0595274196876462,5.87916409746784,15.1628276422911,0.0000099197918491888,0.0621819465222,0.103746340100019,0.809952730486416,2.86634799425883,106.039955672382,6.66086860296138
2022-10-22,19173.2804688586,1299.80190525064,269.966539906506,0.461082548161885,0.349288262901701,0.0594032108988183,5.83133307377677,15.6920978706169,0.0000100272021473556,0.0616877830451002,0.106045949510923,0.83185306958143,2.88816345857673,106.839703897648,6.81392411298691
2022-10-23,19203.8654711771,1313.7677787231,270.436447125934,0.465675521293166,0.351573190533353,0.0597506356798919,5.84965089016436,15.681633150197,0.00001000493700117,0.061652477078319,0.105598697197346,0.832658934596874,2.91864221502764,108.661090165935,6.87191278453257
2022-10-24,19574.8242318408,1364.48687130637,276.019576456523,0.469278181260106,0.361917090027371,0.0603663669214769,5.95939674032004,16.2968982845918,0.0000101498763167373,0.06184314985635,0.107789875952702,0.900791038496772,2.97979258119421,110.859507641587,7.06085985527193
2022-10-25,19316.9406229421,1343.33449198509,273.655193846497,0.45271572046883,0.35717814739909,0.0594662119985217,5.90816245756534,15.7338172636737,0.00000991845748208345,0.0613033911479937,0.105416065310087,0.892857436659381,2.91523221772204,107.819943922708,6.90336300275609
2022-10-26,20095.1522306749,1462.04893756299,285.154192027135,0.46102773011141,0.403033408032821,0.0627382176221097,6.44873438598634,16.6692659841572,0.0000102440007910166,0.0624268559994784,0.108419556408715,0.920412013180252,3.0095591687421,112.755707885839,7.07865579768972
2022-10-27,20774.247496426,1568.74758557084,290.223086618996,0.469048257417561,0.403244506979139,0.0727288990311258,6.47256110000643,17.02048404328,0.000010811783667295,0.0634300133150772,0.112343554274256,0.938681349688324,3.0616509017931,114.663380779863,7.16002912953892
2022-10-28,20278.3662320522,1514.8635252534,287.011074547805,0.462340790042306,0.388859035599943,0.0772101740831309,6.34140760988678,16.9407619410443,0.0000106734966297946,0.0630159890283788,0.109954656192817,0.905704689974328,2.9689157781638,112.547662723975,6.91097669160723
2022-10-29,20591.2412080986,1555.02921358139,297.704358751921,0.472878010322773,0.404144917173679,0.084122228628101,6.52014660046249,18.3335715610037,0.00001174685334366,0.0635465824923056,0.112206851948798,0.943386658377272,3.02500106172392,115.439428864285,7.11153001095724
2022-10-30,20800.7070877247,1619.42958362774,303.65754404105,0.468764760316777,0.418200271785281,0.119956154038305,6.62861288230066,18.2969267148701,0.000012799503556511,0.0639006887271596,0.11047331907104,0.933577896166145,3.07627370429154,118.347856806885,7.58478947174479
2022-10-31,20623.8714970409,1591.0517734961,313.600560799002,0.457504519534124,0.405308404750803,0.117565181184821,6.64690593140531,18.2488232823092,0.0000119396814709241,0.0630911966836014,0.114011213934224,0.908174826361696,3.10352009356542,116.187553635741,7.7804602350247
2022-11-01,20494.6012098371,1572.97951488598,326.321496554751,0.465017472117314,0.406160626504807,0.126768294689163,6.62976148115975,19.2976081353913,0.0000124792667501556,0.0633504843046357,0.114441609237614,0.903209634323426,3.10699916333953,115.121274765196,7.85893215211674
2022-11-02,20489.6462031608,1580.37873344026,324.694177037455,0.464272905761333,0.40107801303229,0.142498106642396,6.47091930413971,18.6637945057635,0.0000128720307543152,0.0628569050512349,0.111991913563195,0.875184091851532,3.02328184978953,115.023288191641,7.69599528707895
2022-11-03,20162.9809048225,1520.63836437898,320.261394631451,0.451382798880467,0.38621096907437,0.127883541842638,6.24805312926311,17.9052829056186,0.000011779193352365,0.0615820283370341,0.109456433530483,0.872504443536912,2.89937936203041,113.673776787737,7.43305616969764
2022-11-04,20210.9124171113,1531.11263074157,329.584638993755,0.455103421415814,0.389290254489482,0.122486138143193,6.42097253256968,18.033312013526,0.0000117216130562525,0.0617687230812106,0.110537665131194,0.952689009171773,3.02751669989593,115.626464721145,7.7027828398317
2022-11-05,21150.3155839124,1644.19285780894,352.946157903551,0.502057752080939,0.421524113569444,0.125997587588632,7.07066781496406,19.3736693085129,0.0000125275707936211,0.0636881323841696,0.117023187851405,1.16829308636012,3.30097235128392,123.745887390008,8.74837218674008
2022-11-06,21282.9851094227,1626.80643049336,348.703612466824,0.493008928620958,0.426924306838479,0.124334476738741,7.01988186167911,19.596288382819,0.0000124564199644897,0.0635994873965815,0.121253994462988,1.18290184881172,3.3234545250703,123.708139305416,8.66487541519842
2022-11-07,20906.9979269551,1572.94777697216,340.89315208798,0.470862524985169,0.404042971049043,0.114646601429522,6.81917862273244,18.3005137945987,0.0000118204346244205,0.062786057959968,0.118380362193721,1.13822189962255,3.1019717697833,116.781302773791,8.11955874212306
2022-11-08,20597.7550170608,1569.98863600334,337.00165366502,0.466074793175732,0.404243555396821,0.111072720061353,7.11943489672918,18.0461133773481,0.0000118142493626041,0.062340477124366,0.124899531876317,1.24592362281382,3.04599247794662,117.715447522717,8.87713516447165
2022-11-09,18562.3532150896,1334.28793310824,330.699329578072,0.40872139243655,0.372479392650734,0.0887188911213,6.30581952963467,15.9912413482813,0.0000101713301380493,0.0592253651843025,0.103416853946465,1.04846595903128,2.6266300596989,103.177363583255,7.7167436028802
2022-11-10,15742.4443359614,1095.18397711329,264.015682841825,0.331704077462695,0.315974703574948,0.0748087746245456,5.3879350146865,12.8297957809596,0.00000871685460790807,0.0540646707770497,0.0802604400925309,0.807444937517888,2.01435608099988,88.5825600870152,6.20853351795998
2022-11-11,17594.9235002782,1301.55388030744,303.54990812229,0.39896690885411,0.369885496936931,0.0908698385814271,5.95979550399024,15.4095473936272,0.0000102151947286639,0.0577711649374105,0.0962249722297917,1.13037528514889,2.32282795733867,102.791529592515,7.21172352676914
2022-11-12,17080.215260565,1293.91159488715,291.049560306707,0.389626489569167,0.35633389903029,0.0863720904991847,5.77798590741194,14.1150119031059,0.00000993470189442314,0.0561305896109089,0.0864823094883846,1.07381871593842,2.13538909543071,102.942444424451,7.05079984682918
2022-11-13,16797.9874825701,1255.60105075784,281.778970385103,0.36658574825492,0.339932412691979,0.088830878510268,5.77407449492291,13.0560684600413,0.00000954925883613763,0.055027829554066,0.0801456492085248,0.939178235811725,1.99752935915015,102.041806902676,6.24861038782364
2022-11-14,16344.342316001,1223.00644332837,276.632088967308,0.34170749954368,0.33017816780109,0.0857929001020231,5.75157240811921,13.0462769113623,0.0000089994459791134,0.0509739627894489,0.0637448116111053,0.893506455609887,1.95626831259557,99.3178130456507,6.06644186422361
2022-11-15,16645.8285002835,1241.99709272831,278.403972810145,0.37754516418943,0.332581219224887,0.0866982854464644,5.86245733719075,13.1187358952512,0.00000909234341187413,0.0501762778681888,0.0701576131416045,0.91745676182406,1.96324077594694,103.441199827342,6.27764897790341
2022-11-16,16890.5293838646,1252.70673083668,277.135312274113,0.390635968157619,0.337922337864811,0.0874419475983617,5.92492648656859,13.4963754736459,0.00000929434038617752,0.0507646220515315,0.0750331499041249,0.941734500604479,1.9804006490198,103.694306108305,6.42939209732451
2022-11-17,16689.3967327377,1217.7020892163,272.25465844602,0.378098097621922,0.333429163641746,0.0861599785334037,5.72274209521011,13.1027991049018,0.00000916684333352193,0.0503475578072517,0.071209803821888,0.903156303182561,1.92543851990203,104.608722511051,6.19596056799159
2022-11-18,16718.3612280551,1201.78984196413,268.14985634551,0.384195630157317,0.325642723596528,0.0849610738325383,5.68100368059856,12.8987190979426,0.00000908292689442011,0.0501607154989955,0.0706857339846578,0.87530575664342,1.83011608666166,103.774134486932,6.23198207443931
2022-11-19,16707.0227789865,1213.49631006335,274.076526756559,0.384626475161519,0.32719946579238,0.0849860482718154,5.64594855315015,12.9958722211715,0.00000912240359185223,0.050767093047352,0.0731493402272167,0.881750363964807,1.78642339849983,104.853936293058,6.19332620998176
2022-11-20,16712.7295257948,1218.89365711125,272.360266253567,0.386689972470834,0.329132821809475,0.0849551713372947,5.60746054477169,12.8941314105607,0.00000917876288663327,0.0522650349437059,0.0715401067024895,0.878308187959213,1.74991381062782,104.811147831768,6.1505328553756
2022-11-21,16304.0768556236,1144.25315250855,264.402738886147,0.364374865767061,0.313382365666839,0.0777324526038982,5.29973301090253,12.2285277542612,0.00000881311752788309,0.0502185334367851,0.064598148830738,0.809608602419498,1.57126950303244,104.914266710066,5.78001534067524
2022-11-22,15814.3352808553,1110.28821301246,254.403505176166,0.367583115604242,0.305546351851667,0.0751243343604152,5.19965561526678,11.85764197153,0.00000845541556068301,0.051495929885737,0.0643392118477067,0.796972856829337,1.56480833648692,103.401327510863,5.87889281516534
2022-11-23,16171.6289783151,1135.17581189425,266.359955784205,0.376558104890952,0.312195676196673,0.0786899536735425,5.2730283376404,12.3015295258372,0.00000879983488597934,0.0505827702075814,0.0649868063634601,0.850296711792424,1.62141787374772,108.902578488965,6.38651977835302
2022-11-24,16608.0099854436,1184.46175810297,297.752753438801,0.383306281450199,0.319364461911608,0.0823378209934676,5.44316519055993,13.0128992170589,0.00000906597942505484,0.0514796794574525,0.0679409667714199,0.862448016115241,1.68401599891476,114.523828113884,6.72179840541049
2022-11-25,16596.0357584727,1204.20780283312,300.730326500461,0.403823744807474,0.317269354180219,0.0818345924787293,5.38897451052718,12.944684047712,0.00000903183109890205,0.0530057310707894,0.0658762668243375,0.85053917685381,1.64343192467449,116.688271700921,6.83333976008116
2022-11-26,16524.4490077209,1198.97558848891,300.809212389414,0.410613246760358,0.316026392963073,0.0898512647782096,5.2749698281683,12.8409074623818,0.00000920367053716258,0.0530951014919959,0.0656079316049292,0.844548734261423,1.64799137024856,113.902807921224,6.85678543280986
2022-11-27,16456.1560624967,1205.65796021571,311.244599334294,0.398699180318969,0.31432809210318,0.0895024009417501,5.30237350292427,12.7556118630534,0.00000903504273392729,0.0528806465425457,0.0646723711066647,0.848155951699519,1.60742187651283,112.292875221542,7.14936466130485
2022-11-28,16459.1495437559,1196.19621956593,307.569327273467,0.399018927499898,0.313772604419583,0.0992589556096423,5.30344207632432,12.8981157856896,0.00000930044388087901,0.0533981641716701,0.06456768430475,0.845850648858569,1.61537540809855,111.197713206312,6.91982591633765
2022-11-29,16222.2107287312,1170.11574147151,293.649578813591,0.391589895910399,0.307043953795643,0.0954521668745033,5.13367302705357,12.465970957374,0.0000090960422173889,0.0531015198523437,0.0635009779267526,0.824090815301551,1.59144532855506,110.028770828034,7.22399539121233
2022-11-30,16441.9799784191,1216.93642069374,296.412581933567,0.399795753498085,0.310071686628266,0.102481891076008,5.31288974411991,12.4869177319415,0.00000909956304674738,0.053402713282118,0.0636771100443407,0.839293007455287,1.61035187156725,110.927273219603,7.3278511038946
2022-12-01,17186.5025720661,1298.94077037352,301.706165716857,0.411191897161041,0.320363369993693,0.107643565551071,5.47799364201217,13.1948187055833,0.00000935937110103329,0.0547688473073025,0.0657463038445775,0.933451427221249,1.7302636787831,113.524252909888,7.6996953879625
2022-12-02,16972.7340607746,1276.6393714031,292.090246490515,0.39858580461137,0.315337550281615,0.102084781251209,5.40048633193581,12.8852988270441,0.00000921220845828493,0.0542627431951392,0.0654291251803909,0.909319646255148,1.73992260342237,110.212935174132,7.69900988117155
2022-12-03,17084.8733404707,1293.94802317821,292.771285723617,0.398615834145069,0.319961426115922,0.102646034901343,5.64810506915212,13.6270530918731,0.0000093481976867482,0.0544956098778699,0.0651391024356729,0.948659890618856,1.76510024062282,111.958011253076,7.63421609837685
2022-12-04,16923.3828700803,1243.04084232897,291.02096830807,0.389865192341688,0.320838482652682,0.100236509592156,5.50491528216103,13.4623213652987,0.00000922320687131042,0.053765968489683,0.0638745243853302,0.905367860406856,1.67622973475648,109.864335070766,7.25589797961993
2022-12-05,17149.9317509629,1282.41644813941,292.55184152534,0.392701759725573,0.323576351728209,0.104638706144321,5.60603816307006,13.9451377172027,0.00000938088769851364,0.053325311740782,0.0651256311602326,0.922672772992548,1.73475725112941,111.296694026399,7.45824931637314
2022-12-06,16973.3725775535,1259.75757485653,288.588933808516,0.390778666513536,0.320309589576789,0.101822925449966,5.49211770661897,13.6103388030875,0.00000942871446118035,0.0534311302990577,0.0698706152622602,0.912768914119932,1.72033743550945,110.459971913973,7.28262538303125
2022-12-07,17085.6431412514,1271.93547612639,290.194934328868,0.392378053094594,0.319157164533438,0.100453906811688,5.50458215643711,13.6661113542721,0.00000932557810909663,0.0537608285839069,0.0667515255765492,0.918216033623129,1.78660676711276,111.977089424914,7.13670718605245
2022-12-08,16851.3034686318,1233.62504839904,284.459007124897,0.384477924212799,0.310985114005868,0.095999217771682,5.30333526868434,13.2773269453739,0.00000911490323693654,0.0531952897072556,0.0642489020016305,0.897855173859766,1.69402908809332,109.383990106291,6.89185608782463
2022-12-09,17235.0141579921,1281.21063706726,290.519716542942,0.3949164182037,0.314917826384817,0.0986251095022398,5.43180086690617,13.4078642749452,0.00000927120411541805,0.0543484733900155,0.0647621180777506,0.928113764026646,1.70563672689486,111.800929157542,7.0058935277778
2022-12-10,17149.8242039253,1264.47734672157,286.232312617829,0.390223892117346,0.312408745093607,0.0969542468192925,5.30305839167017,13.4791592691283,0.00000922951877854313,0.0547455129400817,0.0639878435559489,0.910442955981972,1.70073734181439,109.837011117459,6.86639932264589
2022-12-11,17125.364927689,1264.79227934951,288.023270099056,0.387759799248256,0.313122350706046,0.0964910061960092,5.27217257681137,13.4754819425715,0.00000920158288777463,0.0548508688484844,0.0644936229510348,0.908654645510888,1.70652383855102,109.05046708578,6.85256453426726
2022-12-12,17101.0380197329,1264.31798555117,284.48746115769,0.382865693436578,0.308259503390184,0.0930352554509985,5.1688048642478,12.977604963175,0.00000910818352735902,0.0540533819427549,0.0636267924221739,0.89317669886668,1.63859088704735,106.41723217458,6.71445104610288
2022-12-13,17179.5960382035,1275.33242115514,276.950700638716,0.387825891809249,0.307182051872382,0.0904317428690663,5.167370021274,12.9889170200105,0.00000895669394407524,0.05351563547071,0.0623447271283674,0.910482529101573,1.62951546075171,105.89146208984,6.68141969584728
2022-12-14,17784.1628940533,1319.41300774312,272.08818853446,0.395013940930074,0.312275324093137,0.0910492671141969,5.28013526697312,13.7358844979182,0.0000091705099166275,0.0544651364751318,0.0623526721596852,0.922484333719959,1.70829441779984,109.838189812646,6.9139077761344
2022-12-15,17808.7161726588,1308.40015234039,268.279196169255,0.386703585202203,0.308364250094288,0.0885433222859256,5.21858154120798,13.7389825888953,0.00000898275147375603,0.0556492038600219,0.0619621982888601,0.903912552141437,1.66268474378143,108.936185323969,6.73434227312724
2022-12-16,17338.3581266326,1263.74642408569,257.292257479073,0.377908557657165,0.299540773872443,0.0845323135991966,5.2148743941093,13.1362090606193,0.00000884166702500773,0.0557121041595074,0.0607259644704396,0.875460917416121,1.58714155135176,106.987210321843,6.43310135892051
2022-12-17,16623.7578261443,1165.97377728233,227.85848413813,0.353329841524054,0.264475573370692,0.0760268966044329,4.64673114481761,11.8221960479207,0.00000819211027645058,0.0530811067569565,0.0555807246038348,0.797091751330114,1.3668752657555,99.6233838232121,5.88066235147542
2022-12-18,16806.4855920615,1189.4275215642,242.828206222539,0.355831532555591,0.267450019663134,0.0794249390364645,4.71580176307932,11.9729595293308,0.00000831359562938572,0.0549444570799216,0.0560154881429067,0.817405952847128,1.39729546522636,103.026675066364,6.03719414303503
2022-12-19,16742.8166638341,1186.77792103625,251.645257121856,0.350710071413483,0.266602797959219,0.0789519303251706,4.66340166752767,11.9196941843654,0.00000855986742608646,0.0539083614909071,0.0569384313143902,0.816233845569287,1.37069705596007,101.785128538637,5.95360472124776
2022-12-20,16422.5622732793,1166.98959051566,241.191505092172,0.339213877412412,0.252834047295625,0.0714868712201971,4.47333997429416,11.3731293642158,0.00000814682502532281,0.053693202475532,0.0552692970900335,0.772737525366787,1.25747849944418,98.5897573589616,5.78881991838771
2022-12-21,16899.3319690468,1217.88889166418,251.675657457842,0.350023890216238,0.259472799420519,0.0750241326104882,4.61460385177544,11.9734432946194,0.00000848095495619217,0.0550483688437859,0.0572508744749901,0.802836062601219,1.3457219035086,101.63268373703,6.01795199068893
2022-12-22,16816.85370119,1213.34316122552,245.837088687149,0.346569764591824,0.253285946091475,0.0737177100774233,4.4800084063219,11.691667566893,0.00000825373177947132,0.0549553053162185,0.0572310743708173,0.792530189176965,1.30452886762544,100.187238976037,5.98668775644163
2022-12-23,16824.7901624415,1217.85254971082,245.948633328181,0.350077891276436,0.2566585951876,0.0770773493574638,4.5290006339533,11.851021209966,0.00000835328677220185,0.0556129279266599,0.0578047833293486,0.796024881755791,1.32222454235509,101.152547952441,6.00395897526062
2022-12-24,16791.4554391649,1220.70174491979,246.220169374164,0.355158330683221,0.259871129561455,0.0773643935551395,4.47366166153152,11.7902316598505,0.00000828050893616101,0.0543095694787931,0.0587958842863027,0.799352579648733,1.34558512193106,101.75585978932,5.94495943925075
2022-12-25,16848.5687083234,1221.35953034845,244.742293977115,0.3531799742857,0.25959621749965,0.0777036522439882,4.45402308682234,11.6877332363381,0.00000833321503754847,0.0548268105694345,0.0604883090208136,0.795975804686078,1.34176980501531,101.738518693715,5.92317993325809
2022-12-26,16842.1770399055,1219.2863432163,243.343417514529,0.346985857544272,0.259638491270803,0.0760374987950036,4.49364298751096,11.6884654524349,0.00000830269466391737,0.0549050445126427,0.0598844240015635,0.794638296757013,1.3379473208361,101.573748378606,5.99063864393399
2022-12-27,16900.0818719381,1226.25341483101,243.750517975432,0.36614264786354,0.265371227729678,0.0757306000818441,4.5703173714711,11.6997175021491,0.00000831345292226515,0.0546163373238384,0.0592996070370931,0.814562380140023,1.36310679073901,102.927378529906,6.03986901373738
2022-12-28,16701.8402106679,1211.81956206386,246.44461842861,0.367885814140544,0.26049180204437,0.0736795048538676,4.47836670199237,11.6475236011952,0.000008191447855441,0.0541582537759536,0.0580579631735997,0.806424609412096,1.36038487656718,101.28123545316,5.89873048349307
2022-12-29,16538.906094002,1188.72866388216,244.034459775129,0.356329623474083,0.248405527275593,0.0703879737379743,4.28084639953096,11.1977576583183,0.00000791366391282377,0.054117264072804,0.05753468156656,0.782641596289679,1.31754837820883,99.079637963688,5.67286237050453
2022-12-30,16644.3790870379,1201.54310605943,246.450758071042,0.343259077255855,0.244314755953148,0.0711006444241716,4.30781134923236,10.9893202188358,0.0000082048120084906,0.054053431908079,0.0580620378476542,0.777481219286535,1.29938349204677,98.1524496687553,5.6003679674888
2022-12-31,16604.0205203734,1199.11049717119,245.837811246679,0.345433360593575,0.245712010870805,0.0684059144912942,4.32419896734681,10.8704473253403,0.00000805869538995947,0.0544467114068485,0.0560098307221331,0.76067106009421,1.2746145157804,96.4644957042645,5.46557362426592
2023-01-01,16540.6936247768,1196.61306480845,246.659361205742,0.340086282953182,0.246398294218559,0.0703383077726796,4.3133241665592,10.8896336194169,0.0000080999570534951,0.0545360602722015,0.0559378931722592,0.759185210100945,1.26282406789311,96.9431791047548,5.56761878467032
2023-01-02,16615.9693180128,1200.65921690107,244.064567343037,0.339065913772758,0.249937724279924,0.0702660360858024,4.3703982341738,10.862361279595,0.00000814405670513832,0.0548746579284333,0.0568903748912412,0.760187672067505,1.27530589866298,96.599869955305,5.62195341840478
2023-01-03,16674.3425363011,1214.37894592535,245.429756282426,0.348570422665226,0.253948463359719,0.0714258860192354,4.48883662612429,11.1532990740064,0.00000820377616952657,0.0551877274665262,0.0573722061117472,0.781046999663922,1.31250360470125,99.0566509063651,5.6819636560702
2023-01-04,16677.6461858503,1214.76096941934,246.21147125205,0.343817829278357,0.253143508463449,0.0705441315157486,4.52761943583677,11.3850082612538,0.00000815411872255995,0.0548277782522673,0.0571707627489656,0.780969498011717,1.3355522484488,99.415502556179,5.62158021468925
2023-01-05,16855.1747387671,1256.43660378349,259.128116488357,0.348148885083171,0.267947921103594,0.0732558924907237,4.63258962104243,12.0826062003021,0.00000838179216195277,0.0547971173693016,0.0593416947511183,0.806797129162275,1.55188610170512,101.574763910905,5.8092581735354
2023-01-06,16832.0989884979,1250.79225223559,256.474013155811,0.338417980055361,0.269366459596555,0.0715367408657999,4.61838748111627,11.7456849601429,0.00000840807413104491,0.0536753831670587,0.0587950447296166,0.78860578141286,1.52650888773341,100.772648301874,5.64541677916577
2023-01-07,16960.2320624751,1270.02861017806,259.800638197021,0.34511953355311,0.278878118604259,0.0726000339251699,4.68749636495854,11.7849370016922,0.0000084563023552467,0.0525456757887063,0.0607551119870825,0.799933890473902,1.59348507260794,101.773132043588,5.71506523969402
2023-01-08,16950.8615218539,1264.83694338372,261.319264781416,0.344753332461341,0.277452465991804,0.0723263902999309,4.66786773119383,11.747206074005,0.00000843307613984368,0.0521369658077604,0.0621508965517934,0.80743690009953,1.56791283043135,101.329119413321,5.83140466688116
2023-01-09,17074.6153957267,1284.5754041343,273.536028799222,0.345225812180316,0.293615204713695,0.0733535710346364,4.78165995093069,12.0262604445417,0.00000864504107657988,0.0537529045689453,0.0621497730133786,0.839085417987075,1.63555678076274,103.460880471404,5.92074071467722
2023-01-10,17194.9093294532,1321.67657117306,272.725701238382,0.349685372338218,0.317170789905526,0.0759400136350239,4.88954996034618,12.2113841210237,0.00000867690917105916,0.054705051575781,0.0634490109485937,0.844248203940365,1.64376573065263,106.664525764221,6.06608741630302
2023-01-11,17436.9023297812,1336.01707177178,277.099011357356,0.351625095914882,0.322658467157147,0.0776417608703692,4.9156673678489,12.7293211606491,0.00000923702094433608,0.0548891326453625,0.0642672319958692,0.858855797953728,1.64449515006058,107.686167479451,6.15482697201297
2023-01-12,17996.8325537416,1389.77166209411,285.46859401203,0.375168041845331,0.323408919568432,0.0783017821760705,5.13353006578212,15.921764769958,0.00000914824664792673,0.0566225945875304,0.0654605969753644,0.897871044745074,1.82276216757816,110.587284719169,6.30065134926872
2023-01-13,18866.810330617,1417.13490874391,287.385888209388,0.375707758724653,0.33002479917156,0.0803095400171008,5.22786829463979,15.4155974158508,0.00000948830973271315,0.057179000629435,0.0666944015636423,0.913609572720585,1.8372033308627,119.507643823737,6.37995355709879
2023-01-14,19941.7805432963,1453.37691020892,294.144284303092,0.386685434867651,0.345371459922863,0.0843157423552742,5.40409738558397,15.9538898521041,0.0000102158858079463,0.060148411020466,0.0715527725747732,0.9323591524425,1.94943295974341,123.432383556368,6.60470212904382
2023-01-15,21019.2066140227,1549.1114740813,305.805934372112,0.395780141578465,0.351911919063723,0.08755368193914,6.02821451514308,17.003317606117,0.0000104334328425835,0.0619720908636067,0.0761119836217772,1.00014773499851,2.26192189187945,125.902968229295,6.84844703075254
2023-01-16,20853.2305694903,1551.3245171753,301.709336004139,0.384660481443094,0.350457321960348,0.0861357201711391,5.93437077764271,16.7702354250633,0.0000106843214509106,0.0623820983927233,0.0741782764119388,0.982654361140489,2.23851772199184,124.797300595921,6.69167900288619
2023-01-17,21175.3377366252,1577.72589048297,298.89731925102,0.387218745145226,0.350282649222877,0.0836854473094544,5.81004823406463,16.7378601813918,0.0000105205284408924,0.0624909528396494,0.0807146678260542,1.0192827225898,2.19262792077359,123.972235360246,6.66841849734434
2023-01-18,21156.7839311671,1569.53083322729,300.186146590495,0.388346089697292,0.346531098299634,0.0830808692578692,5.96339765452031,17.1550778744822,0.0000105545394099629,0.0618195978157815,0.0788811263549773,0.997491985807013,2.15359113016745,122.710991523876,6.83030368478472
2023-01-19,20726.8449694264,1516.5554754737,287.706448728084,0.379767986968462,0.327855887521303,0.0803692099215576,5.65525104512031,15.8205408978374,0.0000111854329513702,0.0591756686058269,0.0710251283631343,0.941648262419239,1.97970120558952,119.04342161157,6.35702374890691
2023-01-20,21081.6710222043,1550.50888755856,294.750156354986,0.39419634576597,0.339537960715192,0.0817234670491553,5.80137926723578,16.20244997479,0.0000115622246990905,0.0601982203961429,0.074000627635476,0.951229378486353,2.09592898768014,121.433338931015,6.51506860152597
2023-01-21,22705.8336788991,1661.33491934054,304.949118557833,0.413599598025418,0.363623084978188,0.0864660552921425,6.25468321053831,17.5153384563529,0.0000122511343463053,0.0629640157204286,0.0785255268736866,1.02452969660637,2.38768523678171,127.680709551222,6.95895697494862
2023-01-22,22771.0232870218,1625.90931098866,298.955975952483,0.404237340268255,0.369336897955242,0.0847089034771974,6.24621700100693,16.8919562324976,0.0000118848291325614,0.0617940926229245,0.0768126703753902,0.989987978376545,2.32754071343985,128.277020077327,6.86661102236467
2023-01-23,22736.6614289297,1630.8448549408,303.168203371952,0.402307171407254,0.377545695854488,0.088499557633707,6.21216784701859,17.3861826912267,0.0000120412495782957,0.0618771674067356,0.0782909938194161,0.995024995007918,2.40594553830745,128.690618347641,6.99508469232422
2023-01-24,22984.8749764372,1632.96172671353,306.086143956309,0.42666931243794,0.376490987404547,0.0889081964204009,6.58929675328248,18.0547562528013,0.0000120603838996834,0.0629910843639776,0.0806430591622788,0.998054462555256,2.55326246407544,133.574414456766,7.03955159303653
2023-01-25,22610.0105982728,1557.05976087217,300.559600686081,0.408772941536042,0.359068699526837,0.0840595543236483,6.18629245759832,16.9997685708212,0.0000112111258892745,0.0602266515244963,0.0783734147266858,0.95538841152841,2.34947728188281,128.139029288522,6.65078780768073
2023-01-26,23180.4226978743,1614.67718506293,307.087083615432,0.418659289679812,0.374283918058975,0.087043637287327,6.42123213700418,17.8448607378848,0.0000116903134026992,0.0620786850639529,0.0819256671450177,0.994481221319244,2.55517787759922,132.127583637411,6.9762841649789
2023-01-27,23024.7461808171,1602.84694925232,304.887626804075,0.41111588524278,0.380743011602853,0.0866636947738671,6.46836603730289,18.1121122498707,0.0000116388731645195,0.061850490361868,0.0809634050757547,1.10965408098795,2.51719168595479,133.946695266047,7.16807374064882
2023-01-28,23082.858382123,1598.47019354501,308.4649150963,0.414001597540983,0.389888604714534,0.0873778171289423,6.56993058725438,21.4288671326811,0.0000117486691359154,0.0634788185005316,0.0819353295087675,1.15836287709827,2.55800860855408,135.093272850529,7.37674519907884
2023-01-29,23022.2329913534,1573.06343943306,305.947608616314,0.409675845304108,0.382632673796722,0.0880253980578361,6.38905796584557,20.5609322893824,0.0000118080580144711,0.0631949315887493,0.0813164486479092,1.14323669170925,2.46731606314303,132.711784680987,7.21031767422103
2023-01-30,23797.4608948812,1646.51599009302,317.305843629344,0.414971343283111,0.396803466556756,0.0903792855078508,6.62109213221535,21.1190602575208,0.0000121037377649793,0.0639285205844763,0.0826810367450181,1.17778342522983,2.57397826343532,136.992667910352,7.38857916481186
2023-01-31,22840.3858587971,1568.64771349631,307.057994281148,0.396333702092398,0.373280992905906,0.0882777341773882,6.19553609471396,19.740195335323,0.0000115031985060787,0.0623700316931329,0.0777821628183483,1.08830719977595,2.30061147665899,130.502128998557,6.91189168672743
2023-02-01,23137.3235540884,1586.53957658369,312.512411100388,0.407366792732801,0.392326934427257,0.0964502488970472,6.26966797620011,19.861474360017,0.0000118290264449206,0.0622959027268181,0.0791741551720918,1.11119027886463,2.33479781931677,133.413622162539,6.96217739182531
2023-02-02,23725.1617961422,1642.8571681586,317.647800138741,0.41485277438362,0.397884366000039,0.0943738824631742,6.470865445518,20.9708692303696,0.0000119724689770816,0.0633233414379685,0.0807777292960657,1.19689117263138,2.42265454155044,135.702331780499,7.21793124349923
2023-02-03,23539.6767701965,1648.67968407687,325.437860765523,0.411209887323288,0.399495295134304,0.0914852376912356,6.55595415775491,21.2272590021901,0.0000121746375768148,0.0639065245628056,0.0803920074300529,1.18753916362041,2.44735958723011,137.213933160793,7.11609926026848
2023-02-04,23451.5776507746,1665.42787122386,332.275959835596,0.412410659413168,0.40493943710819,0.093202168160677,7.01268893512494,21.3730428326797,0.0000127494124564672,0.0641905723260097,0.0822833696356839,1.2474134225071,2.50639136850532,137.651818878202,7.29628314088088
2023-02-05,23340.3495855393,1667.2716925637,330.848080571643,0.412133829817689,0.400012041130663,0.0957494317686772,6.89603169336129,21.0366254922365,0.0000147282847147609,0.063912155709161,0.0838809982313513,1.25236694641317,2.50272696956986,137.923640539485,7.24521158547019
2023-02-06,22946.2865785912,1631.37252336365,327.661585005447,0.399816747516655,0.392854491753269,0.092267926634733,6.6418424957191,20.1181535535043,0.0000143647327112709,0.0641592173395684,0.0811275430886444,1.20611794003381,2.39428627463654,134.404619178347,6.98906787789257
2023-02-07,22786.4830063877,1617.14416328921,324.970511567002,0.393765629446712,0.383023426708065,0.0896951602443914,6.49726670037503,19.6201063329264,0.0000141431792161717,0.06326683539767,0.0800719203355993,1.19134776908306,2.30796826436334,131.531086770832,6.83316662410902
2023-02-08,23294.9136483527,1672.82267777581,333.393467133128,0.404884979461055,0.399502836089133,0.0927972825750893,6.94813456601818,20.8901034605276,0.0000143978721577174,0.0658648433962634,0.0837179722814095,1.26969972253997,2.49109933037879,135.884319872058,7.20348958957999
2023-02-09,22947.5078285685,1651.40837860238,328.365240018007,0.398693199684601,0.394613401076947,0.090412747101479,6.75675518593824,20.1000841781396,0.0000137923166607045,0.0669036222431189,0.0841283630494251,1.30627987229481,2.65622105039577,131.319775991753,7.13274048652011
2023-02-10,21820.8865080928,1546.3837686584,305.750476400734,0.383213944646529,0.362531960429575,0.0816100881647532,6.22976203921808,17.8624959895695,0.0000121418953927133,0.0626193606561869,0.0775271015195315,1.22796299986561,2.25920847267948,126.054968632317,6.98198848549956
2023-02-11,21630.1329795763,1515.53402686155,305.922777928334,0.383554366160132,0.359085249877042,0.0812964797191054,6.18890953050262,17.8071510419815,0.000012935927023932,0.0633534879523497,0.0765954709886813,1.23045994555914,2.24959489278152,124.710572177607,6.9088051510913
2023-02-12,21889.4320800496,1541.96887694127,310.994690086152,0.38527542834721,0.370120834122344,0.0824956489326438,6.28372226448598,18.0454454854005,0.0000129354245324997,0.0639424797463585,0.0776216539354329,1.25346105333285,2.28613675703006,124.936838002002,7.01236056761434
2023-02-13,21779.8744038442,1515.33463118064,313.548945484259,0.376051100078587,0.364262459693136,0.0821566168732759,6.16406251793493,17.7285265000472,0.0000128082463445495,0.0639181214609047,0.0765838489460222,1.23755755169346,2.22968844377172,122.673845072314,6.79539718788256
2023-02-14,21807.8342747231,1506.9162010135,293.318535364514,0.372054628353506,0.36015973791651,0.0824375510975837,6.11858392949532,17.6343954592581,0.0000124884580061518,0.0657478376944785,0.0743350347430286,1.18733843931519,2.18875154320089,123.960902073712,6.67466934545185
2023-02-15,22220.0709974811,1556.96348434539,296.200616678895,0.383227951299221,0.387292217892839,0.0837899612852506,6.23436778577878,18.1725037581321,0.0000127690120040492,0.0668563706084603,0.0762393204674669,1.26035237101001,2.24700659610057,126.870672135831,6.81604338588448
2023-02-16,24307.8751016316,1674.85820747353,317.253716942579,0.401361856233086,0.413085288660464,0.089223204462747,6.60939290065744,19.8827374878035,0.0000137399557130828,0.0709138323797355,0.0810905122317993,1.33027617598502,2.51573396114334,134.594958325232,7.30080781481948
2023-02-17,23756.9072815774,1646.14350188673,306.760770548658,0.386922860831696,0.390815338003529,0.0852917066145691,6.38863235542752,18.6811039637147,0.000012795199157769,0.0674770511969924,0.0768619888701323,1.37885761718296,2.32151122619296,129.114959694999,7.05512600586756
2023-02-18,24628.8245521731,1697.08486657379,313.67158841558,0.395312043053202,0.405016765800851,0.0878021545073928,7.29705042168451,19.5267849826864,0.0000131968684953099,0.0705220240381415,0.0799120023767199,1.53090332599338,2.46303745864092,134.092255925228,7.68113762996822
2023-02-19,24642.7908707384,1692.51896283122,316.207687394505,0.394392966838648,0.406911751371923,0.0889260424803018,7.24764998269018,19.5989356226445,0.0000132202590349445,0.0701829581026888,0.0796256587275848,1.48680815012658,2.58148129563946,136.304880712847,8.00448147153498
2023-02-20,24284.4780037147,1680.37868570007,311.354376398721,0.38560607248731,0.39943309045935,0.0869242254548155,7.43939578831896,19.8070726663247,0.0000133725971765219,0.0703924473944799,0.0798652386149156,1.47823988077753,2.57125628804419,135.587661822367,7.95868322568839
2023-02-21,24786.6659408457,1700.19868149927,314.940535255152,0.397674725218305,0.403082011110996,0.0881631220617099,7.52721832601424,20.7887514924868,0.0000134641897330293,0.0718577302970228,0.0835544164339703,1.47205387158803,2.68887966288094,144.109367458648,8.00208549312575
2023-02-22,24417.3870363095,1656.58236957112,311.075883254878,0.391384240817283,0.392430017769788,0.0854256975849216,7.25033387238143,20.9059499729804,0.000013056574078699,0.0695054444368777,0.0864254118373506,1.38330160976234,2.5588469353318,145.270112088535,7.62938148747431
2023-02-23,24146.1013645452,1643.17339374535,312.464808645494,0.395358651964479,0.388799424715706,0.0854645161625209,7.17030223774746,20.2743206001746,0.0000131106376329005,0.0693698640926437,0.0839350598259591,1.39691354074256,2.50320204930397,141.795344234885,7.71209008176059
2023-02-24,23951.1109842333,1651.85000669143,308.513806240444,0.389572380126246,0.383719711124736,0.0843744130861225,7.0915433448348,19.7117803435581,0.0000131711719271559,0.0696989090683443,0.0828625444126081,1.35552330917143,2.47125016811067,139.063966763134,7.95020769381022
2023-02-25,23172.2865380189,1608.10349365384,301.83002817631,0.379095325737046,0.365932072456213,0.0810244535977524,6.61418484845419,18.3722947839286,0.0000125607894141561,0.0679606729425486,0.080563145413856,1.26465677433916,2.31327683797252,132.754067296898,7.45047970855908
2023-02-26,23157.0381074595,1593.95197379085,302.135816459708,0.378689319605292,0.36265131484872,0.0808869719453444,6.53841568333922,17.9574131273733,0.0000124209895454271,0.0679596532557278,0.0794325374677509,1.24747429305954,2.28848473305903,133.149484757136,7.38603474916502
2023-02-27,23541.1158544936,1640.58271019431,308.574094021969,0.378009471301704,0.369101241435632,0.0822993203095169,6.6842552848963,18.4451766514062,0.0000128473009378997,0.0696198664057773,0.0807913761614941,1.27928016493901,2.3709614889607,135.995528685285,7.49241217043765
2023-02-28,23518.1239062759,1633.97662898338,304.560201472099,0.379336609204452,0.365401318918105,0.0814670274834567,6.58257551506707,17.9287597777974,0.0000125346040549188,0.0694926369588656,0.0803162082248708,1.23423274382737,2.34679173717009,134.734826858009,7.28043224428781
2023-03-01,23155.5437468258,1606.63263945484,301.303164244963,0.378407808940458,0.352743217727508,0.0809510387005462,6.34764302875449,17.0949678959352,0.000012039856117705,0.0691072076443973,0.0785561420247532,1.19393943827056,2.22854785723275,131.613909135951,7.19285720253916
2023-03-02,23634.3334891238,1663.92577729446,303.182318040256,0.384212217330222,0.361084219026942,0.0821266064609203,6.53043977953466,17.752497514198,0.0000122611194835504,0.069953782723004,0.0798681643426223,1.24541774763232,2.31854954286244,133.873431851846,7.53067354878395
2023-03-03,23464.3365418528,1647.66466690777,299.820544961416,0.377827591675373,0.350450311862913,0.0805635447177294,6.32320421209607,17.4429365844032,0.0000120780212134309,0.0697289859506514,0.0771429887252169,1.22446568111704,2.25727113657758,131.634781628745,7.26025758760183
2023-03-04,22367.4330224697,1570.66821059978,290.218135982264,0.37977257839258,0.343687410203364,0.077032915711628,6.0347112561933,16.6711281945137,0.0000113902086551524,0.0672676317853971,0.0733488256364734,1.16969912430319,2.10033056357034,125.638192325622,6.95194278704762
2023-03-05,22348.3299153881,1568.49560105622,289.166433883179,0.375482520911302,0.337275694826111,0.074843152219728,5.91210980350204,16.1206091185977,0.0000111439995661475,0.0669030432638961,0.0732252937124998,1.12624154141583,2.05022214615968,124.552770144231,6.85589723601153
2023-03-06,22421.8858058533,1563.22566200563,288.620486758498,0.368702052339315,0.337738562135667,0.0749640646375149,5.98959953972546,16.1754526319712,0.0000111087344565907,0.0674046931969983,0.0735155243957333,1.13741115624262,2.03402143932687,124.153519362712,6.93878581275938
2023-03-07,22415.1136596948,1567.35014652522,288.021653100305,0.370949886784883,0.331456354148751,0.0750063898881746,5.92335955044652,16.5287997932843,0.0000111675945914895,0.0675111514935655,0.0725288587304344,1.13197356416865,2.05590561354543,124.441772083313,6.85815098015207
2023-03-08,22217.2098849053,1563.8131822475,289.245100739908,0.380919417711554,0.331340014393154,0.0742020860630439,5.86055412749592,16.1794566036176,0.0000111243471148362,0.0663964471155757,0.0704812039877496,1.1503416148565,2.0027539972923,121.828651986868,6.87388505464998
2023-03-09,21712.6511939127,1535.26025209711,286.687108156645,0.389545576925192,0.318386388153705,0.0713169730872609,5.60420507981191,15.1463870714411,0.0000109489838013954,0.0653564326377038,0.0674290779144658,1.05462328313641,1.84025767118671,116.441673348885,6.5901339994936
2023-03-10,20376.3200074288,1440.16766188018,277.48988936683,0.373153463761464,0.310324393284964,0.0661592867256882,5.38380464222157,14.426835804482,0.0000101256696985306,0.0585779131559201,0.0628978175855841,1.01550881378084,1.79147050100528,110.272848714328,6.1657576886478
2023-03-11,20195.2289502733,1429.60316910418,277.032590602458,0.371984268014964,0.315614244227121,0.0661052910416435,5.55786570256869,14.8500775300095,0.0000103133643693956,0.0575344603372594,0.0630203571364444,1.05895998476037,1.80295113634111,111.532279715608,6.22466603239732
2023-03-12,20521.5561517512,1474.40324440156,275.737205126624,0.366037491247988,0.30593096893612,0.0664704735533343,5.47394098239456,14.5326657375958,0.0000103128249788976,0.0590702311669293,0.0646905829074416,1.05910954003596,1.79697895488488,113.337445778609,6.16483326328646
2023-03-13,22095.7133983357,1588.19680205305,289.790251544688,0.372469852650525,0.331014071622358,0.0710114073363209,5.90998512257898,16.2972750604233,0.0000108285745772037,0.0644322177882997,0.0683426971697737,1.15359609488062,1.95120599281981,120.830969499228,6.59167765822444
2023-03-14,24178.9553279747,1678.91563439331,308.718501580965,0.374132662714288,0.343940117742035,0.0730996298395443,6.10409964177178,16.4696709892589,0.0000110654393279614,0.0671415133803968,0.0716104547792368,1.19176782766194,2.03499231581035,127.013401350298,6.76287455292413
2023-03-15,24758.7650858276,1708.30089736667,309.576171677462,0.374892972914057,0.344402986023154,0.0750181533956032,6.24086583946925,17.1971471255277,0.0000113014098179861,0.0671752536819527,0.0730466310558969,1.2012920746321,2.1234549826078,131.306468961028,6.98543284615397
2023-03-16,24470.8820544503,1658.07010856631,307.720138550573,0.362040117559199,0.325547359499502,0.0701450078644844,5.89321437514259,15.6263400577677,0.0000104238420384215,0.0656500155197119,0.069155411327721,1.11672662027757,1.93044969411833,123.877374364466,6.56568050067381
2023-03-17,25161.27201752,1679.79247620809,331.528895327644,0.368342724275367,0.326787958262239,0.0733334427219584,6.1304063240999,15.94036600916,0.000010597367859468,0.0657798465747112,0.0705301559686917,1.15683849491072,1.97965713495888,127.100017543578,6.70738400837699
2023-03-18,27466.6778298299,1793.29880173423,339.76378777561,0.380983512301436,0.350248344924408,0.0767346076865133,6.64352044069839,17.6904260588986,0.0000112117010897012,0.0680230529934335,0.0739427922372002,1.22522275225851,2.16850653369063,135.809691669186,7.22804095801663
2023-03-19,27107.7921835044,1769.42532691239,333.031728896357,0.376413371001936,0.33896790784784,0.0734256813661842,6.35084343009096,17.034991398917,0.0000107588916235233,0.0663113910067496,0.0711764122482171,1.17625383019033,2.09088089001361,131.835641942411,6.96210925319698
2023-03-20,28186.8426523601,1801.36741901146,337.452149257355,0.389286584241771,0.348534487865068,0.0752763578373852,6.50859187881503,17.6947339913475,0.0000110055067401056,0.067151846019687,0.0721525770933941,1.17633673560104,2.16026414022417,136.860554409673,7.1245906792546
2023-03-21,27929.1677331403,1744.44145996002,335.595108948822,0.37723524162746,0.334674587664863,0.0721289579035567,6.12014633313594,16.7602518134781,0.0000105362816288502,0.0656634361266032,0.0717322091574775,1.11137702517607,2.00732122594941,131.390432950768,7.10342442217549
2023-03-22,28264.2396105223,1811.41124366827,336.892848217809,0.470749191774915,0.373103830133536,0.0773331344743854,6.40676971761157,17.545359920864,0.0000110129897043808,0.0675359628480729,0.0718599081574788,1.16094688115554,2.08331339773032,134.526192712884,7.42961977510276
2023-03-23,27449.2548308074,1747.64002811411,323.601305270118,0.425218408126742,0.363063048829725,0.0745355384065101,6.09420190784963,16.861638047923,0.0000106623821642769,0.060218430142022,0.0689988394988978,1.11611822561398,1.96582817019353,126.701852224608,7.21450281178058
2023-03-24,28459.7351135525,1824.95665789493,331.247888678078,0.448219653762451,0.373908056662969,0.0779601712104258,6.35149262466354,17.6356369207948,0.0000109066209223066,0.0656532886686548,0.0703343555464907,1.14074051859705,2.0572524417392,129.070641002686,7.6525115996186
2023-03-25,27595.4947483755,1751.21940782617,324.076810318154,0.426800296597638,0.362435238996333,0.0752435572237354,6.02425257025263,17.0914161384079,0.0000106312379128745,0.0636291314190093,0.068399998193333,1.09735124726328,1.97575611291221,123.88322183651,7.24086824294803
2023-03-26,27670.1994984968,1753.98263650741,324.552364038878,0.449030163296896,0.354722846148466,0.0746701440903033,5.94391898095351,16.970315766929,0.0000105821174684464,0.0642359903300665,0.0688128325660325,1.08504448790789,1.93738044196373,125.430172058878,7.13177763776291
2023-03-27,28048.469978535,1776.86769045672,329.146515285893,0.450798203025897,0.357010572560989,0.074611674383547,6.05354369564339,17.1437377555788,0.0000106338412794378,0.0643601289895608,0.0693492161501756,1.10613128918284,1.96262917661948,124.576781896318,7.26594042134528
2023-03-28,27182.2995599505,1719.17097267486,311.512061064958,0.480489258255684,0.346915866395166,0.0732347770361811,5.88284791870962,16.5504556576327,0.0000104402800423111,0.0637917956517281,0.0665603178366937,1.04915103952171,1.85019507582659,120.442344124805,6.88897140378911
2023-03-29,27291.3500210497,1776.04363932983,313.57729882917,0.516812867087574,0.369322998332901,0.0741402602308759,6.06981678693953,16.7521248873378,0.0000104749875794305,0.064309948785944,0.0673749966902455,1.08827919786403,1.88859366921506,121.215938870668,6.96133086800427
2023-03-30,28394.9977801991,1795.53694782732,314.150938652966,0.545396000447475,0.382589097092363,0.0758373084943424,6.18688436339179,17.3134743787094,0.0000107132498830423,0.0644862078900401,0.069645220380133,1.1247163911297,2.00466900895201,123.412934649049,7.39252327447352
2023-03-31,28041.1230800883,1792.90857830804,317.120667879071,0.537231413018067,0.377092681674743,0.0744721622447042,6.12194092277615,17.2464519882319,0.0000105815948949554,0.0650513470019519,0.0682949846794895,1.09309756905421,1.9283798503915,121.122995047732,7.24120948302259
2023-04-01,28516.7847296886,1824.02000555282,317.260115257865,0.538908717638747,0.399464516929498,0.0772295595273371,6.34493912593144,17.7208100741346,0.0000108625026653135,0.0656899582972658,0.06921703337245,1.11943151123405,1.9952365333609,124.136356015302,7.59643914480084
2023-04-02,28498.9446330486,1823.00037982531,315.083596866553,0.510864338408272,0.393902769702003,0.0818635216563789,6.34966238712118,17.7915125224439,0.0000111970896333777,0.0665232836454423,0.0693514103703307,1.11233064624523,1.98913094516885,126.310477428707,7.54879606443195
2023-04-03,28236.5087389398,1797.73698839386,314.111738524417,0.520639204569756,0.382295535404939,0.0793275675791732,6.27433092815926,17.2965473434574,0.000010848711474595,0.0653872751343276,0.0679056005740727,1.09799008508277,1.9224949706662,123.098550566131,7.26731812147661
2023-04-04,27815.426531248,1810.46625548476,308.846087965986,0.497623149781166,0.387779338836415,0.0961520629761523,6.42582484684776,17.1079114194194,0.0000112720993437028,0.0658752866880292,0.0679573064178743,1.09735007146774,1.94959511481818,127.90982602221,7.23910706630011
2023-04-05,28175.3303342154,1871.33352589864,310.988227582093,0.504208520980194,0.390019373936244,0.0951821896839474,6.439691555375,17.6485040681462,0.0000112375529772728,0.0658253772106529,0.0686511626297601,1.13974122366136,1.9963515364685,127.074033554378,7.3765263540963
2023-04-06,28197.2003412455,1911.33868995175,314.276760883387,0.506489299144327,0.392669708759756,0.0930579813249823,6.40526725286775,17.998827053299,0.0000112409859100836,0.0661960472102706,0.0703059969775932,1.14157997840685,2.02956984542139,127.295404250657,7.32944977032678
2023-04-07,28042.9833864884,1872.24668236791,312.368647906964,0.503390732203452,0.383787253662634,0.0855131888366978,6.27846579813283,18.004222269031,0.0000109724475442241,0.0661442977189614,0.0691852061911398,1.11377796237819,1.98800338993677,126.067019986462,7.19989391086757
2023-04-08,27934.438712849,1866.65754478742,310.825809386124,0.514188615036423,0.384285716751944,0.0825417129966836,6.18686201083858,17.6305783108539,0.0000109725314098395,0.0661952525542623,0.0681795799169546,1.10885197598132,2.01927380947877,124.798279071991,7.28048078144935
2023-04-09,27968.1280470551,1851.05067107062,310.661831194,0.506259243519927,0.386467940102549,0.0814667503292987,6.13631363378198,17.4744809515107,0.0000108924859572,0.0662331254115694,0.0687206978023496,1.10319294122353,1.97087357337101,123.925540669506,7.14592968945821
2023-04-10,28351.2369938501,1859.94038728781,313.011277256604,0.505904935751128,0.389866639025282,0.0833689470468137,6.2137780281853,17.5679755610986,0.0000109806224187382,0.0667226817001215,0.0682289736270342,1.10179656602372,2.01124882455793,125.648954511764,7.21125052577205
2023-04-11,29657.9741368736,1909.88206094159,318.226319186768,0.51823654336456,0.397182419889608,0.084850612788653,6.28795967025835,17.9356096702212,0.0000111458268646264,0.0673688726138178,0.0685628798481135,1.1213579601993,2.06302704050282,128.029697687432,7.34623017488523
2023-04-12,30260.9361094086,1892.93891106958,322.731167346857,0.517487311852024,0.401664495443189,0.0842539606545636,6.42729482189099,18.1715155682705,0.0000110755490240223,0.0664777274834915,0.0686790864481751,1.1139793035125,2.05440024833968,129.133437790244,7.31154871859235
2023-04-13,29904.1386947189,1920.22303119312,320.285856516003,0.505474902242757,0.40540381613328,0.0835234478128991,6.4092779330457,18.2602541721106,0.0000109819400534763,0.0651717327349283,0.0680642948276078,1.10438534970695,2.2308447445052,128.887970299641,7.23526324501476
2023-04-14,30405.0273127811,2012.78541516201,325.034144309016,0.513900127781508,0.426154785421805,0.0875916042145274,6.64489607130753,18.8600046738627,0.0000111268605309413,0.065396314758332,0.0692232230168767,1.1350791115309,2.20393614624563,131.236736585658,7.46615666018834
2023-04-15,30468.4087005908,2102.94618829491,328.975538421903,0.523742771072397,0.4389198844544,0.0887385530570551,6.73211590279968,19.2591131209867,0.0000112820494688359,0.0662464726749875,0.0705473222648587,1.16207359049361,2.22213333663171,132.550309807988,7.74584014834044
2023-04-16,30312.1618796592,2093.16633133196,333.266296467958,0.520805833936621,0.454158063391238,0.0890238974613663,6.80554647389165,19.1017608656537,0.0000115917269068227,0.0660952014173974,0.071257588495505,1.17272588803469,2.31885792260601,132.842972076719,8.01425842830388
2023-04-17,30304.8075147858,2118.59878915389,347.865589309868,0.521175000048689,0.451766208132973,0.0903872074875801,6.82562593528118,20.2167068673586,0.0000115912921475625,0.0665781597767057,0.0724157655851389,1.1840721063601,2.32571269393363,134.270977003207,8.1319306519042
2023-04-18,29467.4598292603,2077.53566463718,340.030046511986,0.511424460156572,0.434619364971882,0.0916102431094907,6.70015657823196,20.5265102072777,0.0000114114106311695,0.0658767270793939,0.0699806780984927,1.15472332865414,2.29145555740046,131.733742470953,8.16873613488792
2023-04-19,30365.9041675414,2103.27881359215,343.00901173127,0.531373890016613,0.443613626484098,0.0939823934649917,6.91936249562859,21.2128049488101,0.0000116134687145305,0.0667786224008577,0.0724841108293786,1.17140153554749,2.34380710930616,133.566139556064,8.56504854750145
2023-04-20,28833.2175012211,1936.42592079836,322.347165717088,0.490940289177807,0.4152497046787,0.0876669753094828,6.3104681841954,18.9476375480182,0.000010863444860115,0.0658647029143928,0.0677539079790248,1.08425183279946,2.15015704164768,125.000458283789,7.76717850962297
2023-04-21,28255.5782486648,1943.43559819258,317.775569388922,0.474618557383757,0.400749500718959,0.0839864521285627,6.10743667486334,18.3176602317109,0.0000106274106136388,0.0655017472509553,0.0678150936162073,1.04704199331041,2.04672357029559,123.036204056832,7.51048530787823
2023-04-22,27300.1571285156,1850.14973842422,321.604218890248,0.449778365982229,0.382983344651501,0.0784955703923239,5.85212807148353,16.9485270129361,0.0000103071059408126,0.0649722238260252,0.0686935708839352,1.01291349828528,1.92595721016463,119.787021046466,7.11803286917879
2023-04-23,27861.6406634765,1877.54132806115,332.412019690373,0.474016700458143,0.396924340199461,0.0805531104107032,5.95874430897513,17.2640537235013,0.0000105155811565937,0.0662356012197828,0.0683352150825606,1.02759758201521,1.95160686899501,122.384456293644,7.20153731869162
2023-04-24,27606.5783476531,1863.63914221422,330.680013755875,0.465374161551967,0.389095799315841,0.0789643813173861,5.92409265771408,16.8802551506566,0.0000103838582283018,0.066770896553248,0.0679622195209095,1.00376792608385,1.91705844077579,120.009886379316,7.08898495098337
2023-04-25,27511.6356821613,1842.63079208716,331.147106632307,0.461374182334892,0.384050708288874,0.0788788988786157,5.88885454041525,16.9363201589633,0.0000103168775768773,0.0661844700821882,0.0667753164728393,0.990506843352018,1.884934995947,119.284265158669,7.07129913068602
2023-04-26,28351.218248373,1870.56522312303,339.096253711716,0.470112411840925,0.395085031414606,0.0799806209978597,6.00976692426028,17.6580596365993,0.0000104181307043647,0.0659818819905468,0.0692054975640352,1.00795278529979,1.96798711308606,120.31028958868,7.27527701267724
2023-04-27,28352.1913205967,1867.58932501249,330.437215683618,0.461766568331851,0.401301254241249,0.0786349106112674,5.84607530589411,17.1660137251558,0.0000101950495606149,0.06520861237903,0.0716109311321834,0.985312376981979,1.88937933798644,117.518563869174,6.99823807083531
2023-04-28,29483.5217049919,1910.4567791029,331.514836479033,0.467123617431354,0.41031911824178,0.0802579145142506,5.97492858973735,17.7304083983982,0.0000103093768918748,0.0658750137415458,0.0748820703128606,1.01317272755136,1.92501302697142,117.209672811968,7.1793285523277
2023-04-29,29339.9949975494,1894.42808395011,324.479902238283,0.480182731895304,0.405228863697774,0.0804320411489875,5.9477401096606,17.5629683231001,0.0000102968810045109,0.066750660327889,0.0783594912056442,0.998712001483658,1.91789740818462,118.084678253237,7.05338020128222
2023-04-30,29217.9440468099,1905.27385227321,321.773911688661,0.477759438456219,0.402617314004964,0.0815734800064934,6.03394447577663,17.4669306285785,0.0000103255706993235,0.0680100574855015,0.0752816958210665,1.00216547245494,1.93605471863505,119.609359042282,7.18018692163398
2023-05-01,29362.0562136254,1885.39193533692,337.62152129947,0.473066823684543,0.398259222890726,0.0799506764514394,5.91333765042854,17.2043069215025,0.0000101358464592863,0.0674947943097359,0.0731677252242256,0.985722553165243,1.94085865427244,118.401956508366,7.06524090265388
2023-05-02,28125.5011556368,1832.72579940675,328.972555008971,0.465231009056714,0.387299269128444,0.0789458833357958,5.67179948001704,16.6701914361594,0.00000999604848768719,0.0685762834290645,0.0705178281529511,0.961638414578613,1.83899064010143,117.099060938506,6.90656501713245
2023-05-03,28654.3901333267,1870.82857278759,322.205943636896,0.465035475655163,0.391564513928578,0.0788253687553888,5.71793356301981,16.8578120026853,0.0000100534139798875,0.0693302097818429,0.0727585896585547,0.977294787312666,1.83702416688039,119.221937360588,6.98510356216972
2023-05-04,28988.3209962493,1903.72821073528,326.011820889428,0.463365173672645,0.393837581451324,0.0797022877525504,5.77523548349029,17.2088944172598,0.0000101457346718706,0.0692552152768052,0.0717347909996314,1.00644623084127,1.90278572906964,120.098802729235,7.12233430909917
2023-05-05,28846.4614586081,1877.40119505254,323.824211487724,0.462304148315604,0.387710319932626,0.0784565546254367,5.66862013816143,16.9221143248504,0.00000991858946193676,0.0695271997882195,0.0706241543305575,0.98324819757428,1.84197025759553,117.431056962018,6.99951184466193
2023-05-06,29520.3222689705,1993.61296574743,326.824902760304,0.467826262519361,0.394534586935941,0.0803673589651061,5.84945245501885,17.3837617415673,0.0000100304864033527,0.0710838662273649,0.0699960740665334,0.998382253129415,1.86774397880319,120.129524586388,7.22778172419972
2023-05-07,28887.7410455234,1900.41059902573,322.69775354102,0.460064639883187,0.380260810798157,0.0769132244422325,5.65047650211553,16.6315615008121,0.00000949629470761665,0.0704414556489538,0.0682361880706994,0.97792239518898,1.7725014539105,117.095027959656,6.94014038891383
2023-05-08,28611.4391976146,1895.23014805489,322.308902871437,0.452958603053127,0.378091127130723,0.0770329824999317,5.65529023366225,16.4911250224411,0.00000942026720996966,0.0695389551183442,0.0692086764962139,0.968247591416413,1.74863534031386,116.90512779861,6.94318032697169
2023-05-09,27696.7607856256,1849.28862956253,313.941568569206,0.429674504277442,0.366145682500427,0.0725593772326632,5.37466123460827,15.4229858762052,0.00000895924297946327,0.0683808469992835,0.0664796593290217,0.901126070522701,1.64395238959688,111.434775029673,6.59358335024326
2023-05-10,27607.391680919,1846.06426402315,312.129401731127,0.430063469892419,0.363578366851617,0.0731730040656461,5.32286694002613,15.3191983463867,0.00000903178211060515,0.0690833828440126,0.0657042305643096,0.876670372163598,1.62253992804248,121.660262341162,6.51698974067495
2023-05-11,27639.7335659359,1842.86555883466,314.575173865274,0.432245207178269,0.370608573943764,0.0733934666826206,5.47554172344284,15.5573815403835,0.00000905126562255426,0.0695562606557258,0.0656951898568764,0.878176310507695,1.66385877501044,116.235873847341,6.60093985069896
2023-05-12,27024.7657292998,1798.07194552626,307.78799868357,0.42295597310874,0.360629171136183,0.072170935253096,5.28588673205195,14.9817936946601,0.00000874067457045904,0.0681003814805746,0.0633645853565908,0.843662640532788,1.59860055949981,113.607430418354,6.37045688818844
2023-05-13,26787.6903959183,1808.69499990157,308.60026080268,0.431633227369881,0.37081213379669,0.0727298532383315,5.34932350553929,15.1980579052649,0.00000891313732146685,0.0692907243072443,0.0627613189532985,0.866437276981863,1.64992629335229,114.951122385561,6.62550128266614
2023-05-14,26798.1262714747,1797.19947013765,311.039205117771,0.425561505139378,0.365092859051644,0.0718988380339232,5.35177190498999,14.9371710160443,0.00000878050734763394,0.0696351570181789,0.062748671298045,0.849138944978189,1.65951860302911,113.106586124143,6.49633625084398
2023-05-15,26911.8052732139,1799.00865861501,311.902343846084,0.42635084659547,0.370818691189172,0.0720958065808787,5.34994439036736,15.0164888356189,0.00000882536425228412,0.0694723966690509,0.0642134140321215,0.860390890707624,1.65465099882553,115.309269369386,6.5390367453096
2023-05-16,27227.7934225588,1820.04475954072,313.937585651726,0.428405441169993,0.368085092366841,0.0721840896644546,5.3276538806023,15.1100574880616,0.0000088427685477048,0.0704806891522655,0.0642091096603968,0.861996266885541,1.66126211928553,116.385673117692,6.64998124891664
2023-05-17,27022.7131739211,1823.66301834752,311.459251128224,0.44080993373461,0.36808686048324,0.0727558916621505,5.29903537486045,14.9002770496162,0.00000879803728942774,0.0705970926502957,0.0632560082917672,0.845836710570996,1.65679991060013,116.905088795084,6.65948465734965
2023-05-18,27389.9715114422,1821.05063470966,313.951610012013,0.448732685022617,0.375194634701385,0.0749047046212059,5.41206234410735,15.1624353487219,0.00000879463219128791,0.0709425417329347,0.0637544795363295,0.887656802238112,1.70008052922553,117.974375006638,6.74669130579441
2023-05-19,26842.9524947179,1802.39095548345,309.500659493349,0.460764109443698,0.372738722966046,0.0736241049579215,5.3397329130521,14.6984673729317,0.00000872887008223672,0.0703517142418997,0.0632295928720725,0.872037556868815,1.65644788373788,115.36267196695,6.53233586072634
2023-05-20,26884.3710595899,1812.13170356059,308.979284496367,0.468876803124447,0.368599245317934,0.073600426550409,5.36963342115892,14.6822308685568,0.00000870728032192905,0.0707290083774419,0.0630435419436729,0.871840023958212,1.6663661131558,115.508737307503,6.50866594225933
2023-05-21,27093.7911014974,1818.96952950358,310.470525732892,0.46959407821869,0.366467589292997,0.0737222355944681,5.40759458259156,14.6169655530873,0.00000875511819607288,0.072721887076574,0.0627289621681273,0.877297333419939,1.67114000675694,116.441323927072,6.50489760259027
2023-05-22,26773.8302436648,1804.92906710728,306.561232083251,0.458641258449867,0.361094378632797,0.0722570232445458,5.27132395898159,14.3223453388385,0.00000856560746366007,0.0753179470259383,0.0619008044877876,0.858055008295365,1.61133273803885,114.767291899274,6.4336690294402
2023-05-23,26869.6860217908,1818.40146449809,309.257748906666,0.462351687595093,0.368246351870376,0.0730933306320069,5.3145975943236,14.6791185866263,0.00000881852282938742,0.0782003997793845,0.062102863817548,0.873102758433527,1.61204281695226,114.79043642234,6.52992678442844
2023-05-24,27222.9377466039,1854.19311827318,313.458617807391,0.466038519840476,0.370582523164172,0.0729555836976685,5.40242397772168,14.7143898500571,0.00000891707931477169,0.0785579597376766,0.0621212649252346,0.890287268161215,1.65075965521058,115.658792311806,6.50477915548255
2023-05-25,26338.9489469987,1800.73601030584,305.964046240095,0.45436486733947,0.364486212685355,0.0708455123166085,5.26226461779776,14.1508766156602,0.00000853501208776966,0.0769361526183245,0.0599312981316054,0.874867908450754,1.57382621258419,112.091005717302,6.32569174247542
2023-05-26,26475.6079025343,1805.80576040569,304.688064302402,0.454115170469686,0.358556612130695,0.0709262257577701,5.23999067872972,14.0883549832369,0.00000852961553211892,0.0768683217135211,0.0599041987821509,0.890561875283185,1.56230755403362,111.956370453436,6.27625917670073
2023-05-27,26717.9875535718,1828.95653661973,307.145363176694,0.469745167137694,0.362998372029945,0.0710948137344983,5.24761762889926,14.3816382386664,0.00000859083081049346,0.0754726619613156,0.0602718410241829,0.911888485651725,1.57962112634498,113.232175246325,6.35121951955766
2023-05-28,26848.2399395925,1830.3066513169,307.454040330442,0.472216408249837,0.367052433900935,0.0727730138046624,5.33488119103013,14.534478739377,0.00000865747756968975,0.0772202238118704,0.0602288586607036,0.921487695330437,1.63645090314487,113.92669331817,6.43813259218687
2023-05-29,28110.3134676093,1913.81624931658,314.336513254322,0.48352330128285,0.383357239261162,0.073680772279483,5.51233440480683,14.9404723425869,0.0000088359016525202,0.0774915009100919,0.0613437476527343,0.942296483079914,1.66930230897374,116.565039943077,6.64437925469249
2023-05-30,27759.7466639207,1893.7142740897,311.565947089187,0.493764866964039,0.379003044055307,0.0732642114651425,5.45898585247861,14.482552161905,0.00000873803856112251,0.0761477885426383,0.0606126140786087,0.909403061039084,1.62907829934113,114.953187589827,6.6401970531861
2023-05-31,27713.9085475295,1901.07831016453,311.603734543353,0.52231916943821,0.37798074581448,0.0723923597164419,5.44335056391837,14.4425446120523,0.00000869423486939248,0.0764602415149198,0.0600573970845089,0.901923984005368,1.60896583272785,114.169121805315,6.61160013875832
2023-06-01,27245.4744651797,1874.69488502708,307.011328414611,0.519347236645673,0.375085597342133,0.0717621435446907,5.31984951304775,14.1336003233138,0.0000085648193805796,0.0753339130969033,0.0597312953637829,0.895104511695826,1.57362896781496,113.264556219884,6.48624530661624
2023-06-02,26824.1014995168,1861.72538694762,304.981315662668,0.508460261244139,0.365174931854158,0.0715627824808464,5.21080647840961,14.1163190180212,0.00000848231682885628,0.0748258839335967,0.058713875004549,0.889133463137558,1.54711879604488,113.375603025227,6.3430513944215
2023-06-03,27247.740081457,1907.21232185101,307.297175626631,0.525913017845491,0.378489980970208,0.0726221230285617,5.27857241257804,14.4880623082471,0.00000861172901806107,0.0827248916889432,0.0596159846632737,0.90072546123551,1.61834030625996,114.711339244509,6.45602155288626
2023-06-04,27066.3713285262,1892.07817646476,306.658361104019,0.519972305893811,0.375948417506368,0.0725142173014852,5.32716468349516,14.5808050513682,0.00000861038040414895,0.0819302998894728,0.0595815163242034,0.899816120834367,1.61638551873299,114.965419048524,6.4204213245173
2023-06-05,27315.4475874877,1893.17828038209,305.573886410577,0.537623744998169,0.378625481213574,0.0726327690254232,5.32671714782714,14.8070664461343,0.00000862552254731554,0.0816867262271103,0.0608466636127064,0.894577159960007,1.62092353782022,115.916799166358,6.4648088043335
2023-06-06,25792.6160902334,1813.6816549004,276.940843047842,0.512255734923267,0.352080074835671,0.0668062765453568,5.07802652733475,13.906856331054,0.00000802465544945873,0.078385785014908,0.058634782079453,0.835935052466693,1.50280787018658,108.954029104376,6.06870064605837
2023-06-07,27216.6155646977,1883.24258462558,281.469969494994,0.531714126325807,0.354104743723099,0.0704105259977312,5.20611377479279,14.6328930785318,0.00000818905002428928,0.0782838420602655,0.0598070908536579,0.823989065401913,1.53327536765417,114.715638199334,6.25834011871319
2023-06-08,26346.2445451376,1832.32040250345,259.225298352814,0.52086160655338,0.322391149646277,0.0674148832349522,5.02132859362537,14.0305473976482,0.0000078981285400006,0.0767553402069072,0.0589320920432484,0.765872370780788,1.41784357383547,111.200033642458,5.91521606288086
2023-06-09,26507.909892203,1846.03000178206,262.168089433753,0.525198957098731,0.323167318682008,0.0680035472477991,5.02488858078101,13.9333051737984,0.00000796015178109349,0.077546307798093,0.0587763610571806,0.78187825000619,1.41405284849056,111.756852287745,5.9923737305652
2023-06-10,26469.581684007,1839.20801265819,260.405386752611,0.538716297328121,0.295222272642438,0.0695855931879699,4.97721098810832,13.7515176901934,0.00000788966156669164,0.0720353627622674,0.0575161415803695,0.726848911419629,1.38775327079969,110.71939969829,5.98244659132263
2023-06-11,25858.1228921856,1754.67322841064,239.265326921533,0.510823106689579,0.276309942890019,0.0620336382628044,4.5258400013559,11.6880519004028,0.0000068993422169149,0.0697718013965753,0.0545596793575235,0.615161811398556,1.2045370070079,103.647827571983,5.24988964602762
2023-06-12,25916.5798963798,1751.72459650425,235.199263267229,0.523465694950799,0.272899185570472,0.0616840299595152,4.51892986554042,11.5647579587501,0.00000666747535252944,0.0702221972199664,0.0551773732543283,0.63506709755502,1.20634607712782,102.780342917266,5.16995872969581
2023-06-13,25910.3627429195,1742.59605256662,231.066307545913,0.527291588854133,0.275656647774495,0.0615685379264812,4.53255675537454,11.5314276179041,0.0000066847139286792,0.0710863368206058,0.0535190904281211,0.64352056102113,1.19884979914797,102.790799523201,5.16430454889711
2023-06-14,25872.2064587951,1736.78943716746,243.252133918677,0.522223172639626,0.274914307271384,0.061775980722454,4.61626179889656,11.7689734509381,0.00000679598408132067,0.071947923068513,0.0523386091946485,0.643558441471142,1.19730405150306,105.176104825563,5.28969341661381
2023-06-15,25107.7546958806,1650.67666755355,237.508183447983,0.481985369471645,0.263209113393556,0.0604793182630934,4.56975538405833,11.3696949207254,0.00000656977460650248,0.071037522494509,0.0518463786270663,0.619437079662311,1.1735669106807,101.7948506584,5.24344369575175
2023-06-16,25564.5996328871,1664.97746239402,236.097058127204,0.4818701232949,0.261700315031372,0.0616160605552088,4.36910873594424,11.3955893967509,0.00000675308369210279,0.0709585802988002,0.0528103390283228,0.589860525839083,1.19329223945039,104.654762614039,5.30095778080654
2023-06-17,26327.3256694539,1716.37728109286,239.036270324213,0.477430395940184,0.2633480273248,0.0621931780479219,4.41613772763015,11.5335066746409,0.00000682713487055171,0.0705400501613137,0.0530110422032427,0.590155367370239,1.21384599544775,107.999407554634,5.31569910208728
2023-06-18,26501.0444422337,1726.372809735,244.42668122365,0.480918016936765,0.266964859031874,0.0622636852538248,4.52024849730849,11.6060439396744,0.00000696125821927707,0.0716017506845877,0.0534455094549376,0.613784920355201,1.2565885729247,106.523736397654,5.27743536350964
2023-06-19,26333.0925296644,1719.27316150687,244.00266831847,0.488737038860199,0.261127246533443,0.0623450248473235,4.52642584947198,11.3327815619602,0.00000722364022169444,0.0701838286093173,0.0535261170767265,0.595973944723981,1.2382843852203,107.065324305152,5.15818281618226
2023-06-20,26779.3874615228,1734.79310344266,242.740726310834,0.493940672627224,0.263035155402966,0.062377878383606,4.51800673537618,11.4394605175573,0.00000721587810247962,0.0701803925913886,0.0539091139355489,0.613446332728349,1.23681313489835,106.659911406756,5.11501083466673
2023-06-21,28330.8914198075,1790.19044073177,247.322778913671,0.492273315622765,0.269663747450615,0.0629457708437166,4.66528956007382,12.0969915610438,0.0000072710233400753,0.070493769950307,0.0545921691084057,0.630365016168928,1.29574742675589,109.769966459917,5.25645965523253
2023-06-22,30101.7648194887,1892.89957191682,249.358236005802,0.500997345241522,0.287147911984601,0.0658272805139118,4.8344161863023,12.931008773939,0.00000756896813599422,0.0724310789793022,0.0566256530221199,0.670358609853531,1.33911473994686,136.310714947395,5.55806264418635
2023-06-23,29935.6321067496,1874.17794701671,240.918042609455,0.495265683530285,0.290259937350515,0.0656762841924945,4.8316811267895,12.6716860906081,0.00000782102041070027,0.0718206745549935,0.0564823501959408,0.657030657230202,1.32561029970672,134.213876350946,5.57443230342109
2023-06-24,30629.2443533358,1891.34500802168,244.299724526653,0.496133278739492,0.295871093018395,0.0682632232211916,5.10105364933582,13.268480737892,0.0000079184360097056,0.0731201868989998,0.0584965193004397,0.673806194126871,1.37838501737692,181.383625318651,6.0529488428474
2023-06-25,30537.8166646348,1875.05996192849,236.506511164561,0.486696861317858,0.289613778185517,0.0667097560714349,5.0052573762849,13.0186124473208,0.00000782720194229628,0.0721881101634242,0.0583803879626367,0.655041303257938,1.41393828943161,213.911794611506,6.14278734646778
2023-06-26,30454.7569744156,1899.1473121046,238.739627246391,0.489572300849981,0.292018442533479,0.0666881057047299,5.19065400315705,13.4319528745963,0.00000786763654796177,0.073170334760342,0.0585557470664494,0.667428414375312,1.39965776295542,197.212402356478,6.14715051344112
2023-06-27,30285.5050640707,1859.8024196428,236.170319178143,0.479149986572276,0.280616300279475,0.0647698789085395,5.02378614377552,13.1468027726568,0.00000755357821102457,0.0737987851519433,0.0564198506787227,0.645299616141345,1.48554398825789,224.741831923412,6.06857522397423
2023-06-28,30693.546356068,1890.01290378371,237.496340685165,0.484369595972134,0.286364376838266,0.0655460617957311,5.09378044399047,13.2053788463715,0.00000759241789854397,0.0743388045698964,0.0566632882429059,0.664397408983881,1.4790060833925,230.006451721395,6.20205810032026
2023-06-29,30083.4772452638,1828.45833640073,230.498039714924,0.464818226811962,0.266987401246258,0.0625619577863621,4.87619665156713,12.3412703595601,0.00000722914452089051,0.0737522342018316,0.0552721099441654,0.614388830316845,1.36327783789724,225.560881182121,5.81617592168796
2023-06-30,30466.6104568935,1853.44524587499,233.406202495511,0.474588229086309,0.275736439998016,0.0634583856579056,4.99223649537212,12.6838842968886,0.00000732478443020995,0.0744807945663181,0.0551680682774317,0.624204132922374,1.35043175343039,253.626441423918,5.90396109229935
2023-07-01,30480.7814819445,1934.04571426178,240.515441001774,0.473647912120312,0.286845573469238,0.0664375235554845,5.1679022817489,13.0189789297371,0.00000756518789594102,0.0761470504389908,0.0563414520809427,0.660604320135041,1.38364210342768,306.665257623564,6.30765471703167
2023-07-02,30583.6195996975,1924.56724086765,247.346428390404,0.473316243564809,0.292131206225278,0.0684283251505879,5.34603080780269,12.9914236495077,0.0000076248832721306,0.0772181888228965,0.057285805561834,0.676364753227158,1.47991973447234,290.695207811706,6.49757739672296
2023-07-03,30571.8870728714,1933.95988138321,245.630907188447,0.483826104078223,0.291575381495781,0.0679059908457506,5.49316634392401,13.088179744076,0.0000076435048062307,0.0759257335283239,0.0566014799139845,0.680649971277709,1.46495424706151,299.258349214071,6.52328047640184
2023-07-04,31134.7131335084,1953.78112764892,246.032298391605,0.489516413863354,0.295717907847982,0.0683152928093624,5.41460402050086,13.2129096989976,0.00000774714777649771,0.0772897266963162,0.0569070546693774,0.71292564364819,1.4531058867306,286.42451199351,6.61578581219626
2023-07-05,30775.6240223753,1937.00042553914,242.477384029452,0.488034293924086,0.292876474400886,0.0689757094351888,5.34866185996192,13.0329611482304,0.00000768928547370627,0.0770611644844987,0.0572276385805493,0.697355260600468,1.39908017859638,271.726880552312,6.5305736263566
2023-07-06,30484.7937744235,1910.50526050974,238.862606815231,0.477805534337343,0.284152970096175,0.0669923270774431,5.20476090300629,12.6723879287575,0.00000746220648018456,0.0770215808929103,0.0576416290843407,0.671003442459769,1.35205941627876,272.187498435536,6.30468375570819
2023-07-07,29990.0551512202,1855.47478363631,232.496271908536,0.464408776284995,0.280017338621877,0.0651763425344668,5.03060148034859,12.4083019886482,0.00000718736400432545,0.0772747017822391,0.0566990241719605,0.664927664498497,1.31739576083016,280.181015609363,6.10120374832867
2023-07-08,30315.2654023516,1869.3171871419,235.338892585665,0.468363840083377,0.284153870658629,0.0653933238854641,5.1126445874152,12.735629726745,0.00000730434415925814,0.0788131645631256,0.056405823314149,0.675566283758944,1.33011999539568,277.979724512047,6.15112206845436
2023-07-09,30264.1973452572,1864.86859191464,236.155431971268,0.47042701869583,0.29059335207526,0.0657845992265081,5.12293165239875,13.6548315989511,0.00000765630022389561,0.0800539379000256,0.0567153230397502,0.679932290981746,1.3842898588014,270.358650113007,6.19392832781188
2023-07-10,30169.8706574792,1866.9167424804,234.140418890857,0.468192144318715,0.284453423745153,0.0653403105651754,5.07575268316851,13.5964045079872,0.00000772987007421066,0.0774556504823514,0.0562458908880136,0.687802592219653,1.32585721595881,265.194128565247,6.14412790616549
2023-07-11,30394.2811463756,1875.27427267205,245.439298226011,0.477317246467579,0.287747574995259,0.0651995462275084,5.12942523489311,13.3828130028261,0.00000754569532788301,0.0776062820121421,0.0560096877880786,0.735781880362546,1.3284073024853,274.394498093876,6.16744459511725
2023-07-12,30620.814246978,1875.86587192949,248.398356154164,0.475463302716449,0.292666992631267,0.0653275228438842,5.21280766451285,13.2576337255684,0.00000752934903016573,0.077338677083773,0.0568528932717542,0.741451488062152,1.3292812952391,273.929909669767,6.20439822248431
2023-07-13,30407.4163143599,1873.5068153774,244.268615347869,0.471375902016668,0.288738157844316,0.0650697286094383,5.14918338240044,13.0378806684618,0.000007517920865279,0.0779058929706067,0.0574435197129079,0.724706115349039,1.3317454810628,282.563483390721,6.25421751332574
2023-07-14,31446.0149710716,2003.25361607431,255.788291476614,0.81250938071148,0.356884443999089,0.0705333317221645,5.54187863850962,14.0734624073736,0.0000079792289206461,0.0816339082119322,0.0601612804704886,0.848911745233158,1.4658083477602,274.299435540549,7.07413290133055
2023-07-15,30311.8278081305,1935.9402407442,247.695854266533,0.71967938981714,0.328667276944097,0.0684711185956521,5.4477098834768,14.6212055448853,0.00000797579974349658,0.0797880532014339,0.0595166262971125,0.808996926550487,1.50162903925957,264.018962400148,6.93892151986367
2023-07-16,30297.9714001255,1931.38938415717,251.092986473487,0.713255590051339,0.325938443138477,0.0720331872633527,5.43079586339453,14.8276556567537,0.00000809626778013002,0.0808598908055022,0.0611143912075196,0.799175205992527,1.49000210732371,253.145394776545,6.91785433721657
2023-07-17,30237.3347851461,1923.03598981604,242.749491415358,0.74766711299662,0.314727725948605,0.0696618212214247,5.30937061517882,14.2969800698005,0.00000787280478893214,0.079805525855761,0.0604904525587899,0.768094211434837,1.44515387085438,250.134004782282,6.61402372575682
2023-07-18,30147.8600792115,1912.12283556956,244.197167874447,0.739496215228487,0.312604239252376,0.069974250904984,5.30213836299188,14.4302447452353,0.00000785218149748381,0.0799469207780106,0.0600772009947251,0.778668042953909,1.49618070201269,242.450946880142,7.19432958802664
2023-07-19,29848.0322725053,1897.19911264464,240.270930450847,0.781263094064342,0.30693267761837,0.0686095281111073,5.17662574118522,13.785500365558,0.00000770245495533516,0.0797947055383935,0.0591924796779271,0.737499628355001,1.4673193694043,244.055001950088,6.92252028038154
2023-07-20,29919.8748382552,1889.22380555177,241.33277289314,0.82123669927695,0.324082279750433,0.0701761712156901,5.1985044441294,14.0039889017944,0.00000774609251857341,0.0803123349840367,0.0594840609943996,0.744694987688251,1.46663069200349,244.384316362961,6.91360495767517
2023-07-21,29787.0415303557,1891.01450545894,242.624777196708,0.793283630832216,0.315764933078644,0.0705964672331652,5.34858313990565,13.8464934726094,0.00000769166720813916,0.0806450614477372,0.0593466973998572,0.766161007228195,1.52432706850464,244.034812586159,8.35528386852523
2023-07-22,29914.682728359,1891.47240282668,243.768841894517,0.77268085633475,0.313170603021303,0.0733683947393119,5.48597375871473,13.9865785256156,0.00000783700628000678,0.0804549720794287,0.0611123946773691,0.770981868572036,1.4798503257648,246.171493130795,8.15720046077452
2023-07-23,29710.1559359918,1858.31119580831,240.537852272489,0.731401593548346,0.308174254452398,0.070417952697866,5.29590702972594,13.4602854793882,0.00000774747235263467,0.0836959163961157,0.0604152664649566,0.743668615791415,1.43696110614179,238.556250051818,7.84686349303052
2023-07-24,30057.9567187146,1887.82698085698,242.381424432134,0.737991076016629,0.317034158161341,0.0718932988052307,5.39733036315388,13.5545596710334,0.00000785387132092661,0.0833261328422598,0.0605633007488643,0.757536761415749,1.45655727196425,250.134154868563,7.89261327040344
2023-07-25,29184.9019130577,1850.4311505875,238.965494449775,0.703525393412687,0.305335404967807,0.0744311139631623,5.21926216275791,13.1120167610471,0.0000076630815352787,0.0815466193573675,0.0589509683149734,0.728411534959131,1.38113810440453,238.815039164581,7.59365259044416
2023-07-26,29222.9746303835,1857.59659274703,237.73034722946,0.710252778978069,0.303890501333733,0.0817191910322918,5.17528712268451,13.3423656060074,0.00000791762436786291,0.0818921399125621,0.0585888259505204,0.708469512136055,1.34794517026006,237.655342291576,7.40054307955082
2023-07-27,29363.6729079786,1871.5331057115,239.020091715103,0.715877488263287,0.306584839821776,0.0779415417501728,5.23860836242832,13.2637785717399,0.00000785539830871121,0.082418058646907,0.0591081490139026,0.722020972473972,1.36530630968057,241.973580475357,7.75623982151702
2023-07-28,29200.2440012913,1858.77702138144,240.417366595843,0.713435782414364,0.30743083311344,0.0775236949679726,5.2324446457136,13.1389646127358,0.00000779714820942849,0.0825583118370071,0.0589969325588,0.716060305805971,1.37826202212573,244.422640712228,7.98613450356451
2023-07-29,29314.0973870984,1874.69399507607,241.857825480044,0.712296586243944,0.309919827256323,0.0772834296971282,5.21672579028907,13.2362892908849,0.00000820844380803405,0.0851972782921555,0.0597068319056003,0.709452693619337,1.39141560456615,241.648850931088,7.79303575890375
2023-07-30,29356.7477459167,1880.91807652994,242.556325402686,0.712607159275655,0.312611987798781,0.0801991002588083,5.25269769753299,13.2474794392507,0.00000853702594311389,0.0833530415306002,0.0602089353419398,0.718810692941339,1.40661283727544,242.024755289604,7.85557454993788
2023-07-31,29277.7558102727,1861.86990979321,242.540331692536,0.70491109347888,0.315337248151496,0.078034670906892,5.18798070951531,13.1323562664474,0.00000828634392134006,0.0800852954396955,0.0592350742494256,0.697724534954006,1.39565843553455,252.949105370374,7.56218222649812
2023-08-01,29233.1363655804,1857.27619576285,241.193556964665,0.699030283131099,0.307346324046092,0.0778725012179818,5.11146958925997,12.8292372205874,0.00000847588664587856,0.0779807771391641,0.0586098807067074,0.688207403290628,1.36947966955426,248.016950572787,7.55168696240305
2023-08-02,29537.1097469274,1869.74510866799,247.428736521304,0.707215510265555,0.309374577258894,0.0778734177576566,5.18994841523107,12.8424854760361,0.0000084032381765703,0.0785905112261206,0.0596556825429484,0.698897571582034,1.40996764859284,244.435400376766,7.64404851060366
2023-08-03,29146.6362708436,1838.01195187603,240.379007612777,0.684739725008234,0.299004849186224,0.0741666103316046,5.05411832617776,12.5246498844726,0.00000815000589079062,0.0764545069712791,0.0594766149203232,0.680096877391513,1.39765180876872,228.903759392766,7.33706918118765
2023-08-04,29176.1505965854,1835.70130267529,241.143787454466,0.664210425082361,0.292437618958545,0.0736420509648009,4.97748637287904,12.4434864810877,0.00000828106561813023,0.0771958414472458,0.0591546054791274,0.66841258161969,1.36033658316596,225.242155811486,7.12557822077907
2023-08-05,29087.9380860076,1828.46119377611,241.492207559817,0.635810052433733,0.293485342715888,0.0734711515199936,4.99054806670666,12.3984152488839,0.00000867706737258779,0.0767287706352082,0.058145778861598,0.664276842134819,1.33976118440226,226.903483235913,7.13603214612152
2023-08-06,29046.8004570232,1835.07057784219,242.881970009968,0.628430233996123,0.293598887061925,0.0756030103532975,4.96834090373508,12.433396826913,0.0000100074129624862,0.077451580851913,0.0576670393467775,0.666194309041833,1.35241584881412,226.576726607789,7.21853773599311
2023-08-07,29044.2043755776,1826.70677927022,242.574998056291,0.622153233718952,0.291697979030685,0.0741486998899473,4.99406083296424,12.5609308541154,0.00000936638801170048,0.0768172108761843,0.0583004160098897,0.665653730275285,1.33520676314089,222.464998621393,7.09086738874535
2023-08-08,29178.1477518731,1826.93348557305,241.738424650589,0.620837959101861,0.290180855153846,0.0733744587854675,4.95728641847338,12.4454704939439,0.00000895268209538875,0.0767514977098048,0.0578969152426606,0.66461492238926,1.33631314634899,237.593871719603,7.28125773753285
2023-08-09,29779.5616712509,1856.84414451204,245.179427489418,0.642624200156265,0.29783160959455,0.075010141400058,5.06194075578673,12.6919603813625,0.00000953843711278496,0.0768109749363831,0.058057950197937,0.685845084061016,1.36007174932459,240.10879847174,7.44621266502317
2023-08-10,29585.4880773792,1855.89072732665,244.010314828361,0.643605206226134,0.301205769574084,0.0753849179850733,5.05817651151548,12.6337857366165,0.00000960199439220427,0.0767276037602476,0.0575612939975339,0.690920211913665,1.34925223830977,238.359877855777,7.69796983665175
2023-08-11,29423.8189159776,1850.87698869935,241.231911915189,0.633213841684874,0.296026863263498,0.0757591468384094,4.99938685088779,12.4726761744737,0.00000993220682809917,0.0772653772767032,0.0574250602130521,0.684658467836338,1.33469223175335,231.899590773995,7.61066564140022
2023-08-12,29396.8479714205,1847.54183511432,239.595821832596,0.631617580467985,0.2933246871373,0.0757137265161053,5.00286361626363,12.440172800952,0.0000104727004111064,0.0771292689211512,0.0570093208887122,0.68038142721446,1.33254433015092,228.957676196916,7.48495002087243
2023-08-13,29412.1422745841,1848.5052386561,240.088445130895,0.627080726779883,0.291665756685171,0.0766963536289926,5.0323570784399,12.3853064359102,0.0000107149386095972,0.0774416836243029,0.057142081264798,0.681371452111874,1.3418066177043,228.588772957868,7.43799813708848
2023-08-14,29284.9697137438,1839.5128095422,240.03079245155,0.625689200580173,0.289372419453352,0.0747777495371326,4.98480728663557,12.2590660285039,0.0000102660603909066,0.077097802648742,0.0568263409546683,0.677199139363195,1.3424488003417,228.387165647939,7.36821360130565
2023-08-15,29400.586804191,1843.51339100535,240.358056122546,0.634680901138994,0.290451813909679,0.0747643472233638,4.98629869116179,12.3524822324661,0.0000102219808636955,0.0774080200605781,0.0568235937761941,0.679426124201089,1.33439825386698,230.119958443945,7.41153100209827
2023-08-16,29170.4903970606,1826.91312815946,236.60728496762,0.609330380015863,0.281729485400344,0.0708181359245061,4.81066036016803,11.8036366719012,0.00000994720868801021,0.0762472614805025,0.0555912639260677,0.63887745183863,1.28042845475633,228.77513239792,7.04142618241971
2023-08-17,28754.1970211126,1809.4604742643,232.095485729584,0.589252880400585,0.274852149222064,0.0673124546238521,4.66440645334008,11.371465141596,0.00000927062227807275,0.0747359831949009,0.0544242024644531,0.623792127237929,1.2106036201458,208.303881833436,6.75930878515635
2023-08-18,26501.5872699197,1675.86217094578,217.795537841004,0.504536441363148,0.254360782786643,0.0610573068227607,4.42195838057006,10.5423314420026,0.00000810657857593443,0.0724471604422715,0.0518188863226286,0.57183042238328,1.11588935968765,183.800453603196,6.17777608317589
2023-08-19,26042.838256849,1660.67910953028,215.972915788473,0.505539126698659,0.263687952805282,0.0631890080167416,4.51015389453263,10.8008184926355,0.00000856948537482446,0.0729947033601264,0.0516431403478539,0.577357902360758,1.14197138991589,187.278073496165,6.16982735812614
2023-08-20,26104.7786307979,1669.23345480833,217.075521750799,0.51973356513889,0.268185926768032,0.0637338983421289,4.51518025224944,10.8073744151444,0.0000084404911723389,0.074093925562207,0.0523050053257859,0.576564527061425,1.16494888710873,186.954622492461,6.17536906648924
2023-08-21,26160.7004198182,1682.46182514093,216.240447954793,0.539031604467154,0.27030755101085,0.0637437314363054,4.51495907804926,10.8635812112683,0.00000831439872846953,0.075802417194268,0.0522548276342284,0.579504089595839,1.16783697806312,188.663551402359,6.20687530269276
2023-08-22,26119.0059585952,1666.84046549851,210.588284681432,0.524405510667191,0.262942263966077,0.0625011570060444,4.43069739409237,10.3604225914465,0.00000797110487327107,0.0751749182514574,0.0519675283738704,0.557395383960927,1.13199218750546,185.981066248096,6.17522986782694
2023-08-23,26033.6754065858,1635.1912941373,210.838316909024,0.520923553496639,0.258382014131222,0.0625787986290826,4.42046396467442,10.1246457589878,0.00000798686760078784,0.0755355994857292,0.0514568347409944,0.548389499190142,1.16587081426863,184.799429870228,6.11051030191396
2023-08-24,26450.0086246135,1679.12399349192,216.469336529006,0.529919379556492,0.268272688149969,0.0638234807081343,4.49063037800521,10.3482936360674,0.00000831506144414414,0.0776594753209732,0.0518829775871368,0.557253427406745,1.21010833870228,193.721237346941,6.34690727426113
2023-08-25,26134.934254516,1658.39965388514,218.29266821494,0.518113608133852,0.265785089657597,0.062984345542394,4.41779093675322,10.1127983690314,0.00000818951423350513,0.0765294731403425,0.0514050198926037,0.546833799118779,1.19446930229199,194.445977574368,6.07299862349753
2023-08-26,26044.0362092891,1653.42931965731,218.177497713546,0.526296206600395,0.261091412545329,0.0630884194267798,4.48451314476327,10.0600032755807,0.00000813887348008209,0.0771817831289983,0.0512425285177568,0.546240176767573,1.18937049470097,191.956947789747,6.0092230890773
2023-08-27,26002.0157173194,1645.90499967943,216.143788000274,0.522908509834692,0.260791425508062,0.0628428098656947,4.50380640332214,10.0934110249291,0.00000808434715079798,0.0774303913385541,0.0511120657965001,0.548068418825682,1.19186430152742,190.164545262911,6.0042750956878
2023-08-28,26082.7171782185,1656.93105847729,218.247027645389,0.52354657797071,0.263256909811008,0.0631236687159735,4.49134336217416,10.1934293024864,0.0000080315447102421,0.0775053084436327,0.0510065080069512,0.555534313086733,1.17705670355431,197.938004332766,6.02238371755352
2023-08-29,26109.2698239287,1653.19856616146,218.660168376982,0.523299778327417,0.267504384971036,0.0634491040613126,4.60548000353982,10.3700484479996,0.00000822997303306488,0.0763211157148157,0.0527796974328101,0.561956490066832,1.19433550771042,190.286355447501,5.97898447064378
2023-08-30,27730.5037355055,1730.19025787625,226.746443395283,0.540024541541374,0.272117611509355,0.0663242821303758,4.67134769558972,10.8081255056364,0.00000836662965673817,0.0773439311569261,0.0528899156099152,0.593121020675868,1.22506135155293,224.146665863072,6.18660407924777
2023-08-31,27297.2614384804,1705.10810322581,223.734749623215,0.527878264309926,0.26556135855689,0.0658458644846256,4.5331226107885,10.4048067923573,0.00000816272443975446,0.0756063765167118,0.0519553469602467,0.575133045871271,1.20388752279974,215.836577896714,5.93198562389243
2023-09-01,25927.4170057793,1645.18152541669,216.564933396272,0.510322586998112,0.255215750389201,0.0637700238147942,4.26613197271951,9.98091880933578,0.00000798108038365216,0.0766747358903093,0.0502461999219235,0.548925725240176,1.15402582475622,207.412561636985,5.87425960418193
2023-09-02,25812.3304944254,1630.60589049993,213.632633025325,0.497837380664543,0.255259569512685,0.0638757177239943,4.2171571566355,9.92383637962405,0.00000788172737827387,0.0760441046866123,0.0499127066934834,0.540785876608966,1.12848790346001,199.714771237633,5.93392019012483
2023-09-03,25853.6568427776,1636.16219895634,214.151705944975,0.498604458030301,0.256049175153576,0.063442528107708,4.25921020171894,9.90567302871477,0.00000782557867280766,0.0769890144208168,0.0503920814978945,0.54017206748784,1.1203297115307,194.900328358761,5.9649969290491
2023-09-04,25959.5963114635,1635.40304311346,214.300186864512,0.504535554347817,0.255736535660295,0.0631518046237873,4.26019452473803,9.88673935669291,0.00000769021055149344,0.076997950694331,0.0508817517948297,0.54199651151448,1.12669474804667,196.415998944702,6.02512712086632
2023-09-05,25829.3647729413,1630.62754666786,215.201631889498,0.508417037375343,0.256161372365697,0.0632265589540286,4.25464193591174,9.80291669404272,0.00000749102568657732,0.0774614419205197,0.0505044728637216,0.553758524471226,1.1265281812428,193.642337032532,6.0158912154372
2023-09-06,25784.4135198304,1633.07700385727,214.361789445708,0.505155934992683,0.25754009155924,0.0639820445767144,4.25322847487892,9.9134538764013,0.00000764183289878247,0.0774054382472224,0.050353566059302,0.557994625457683,1.12763871933684,192.04478790227,6.13681681655525
2023-09-07,25752.9584185894,1632.90241634635,215.089389267457,0.503252728151996,0.257737821241394,0.0635952495870512,4.26787078514706,9.93860817253641,0.00000767744114329635,0.0788824254246888,0.0502650535380496,0.558433600980174,1.12979843256284,192.98474518171,6.29532347602574
2023-09-08,26192.3334330906,1646.30508272779,216.710118872242,0.504243042781387,0.257511881270255,0.0635486740380259,4.28566858227692,10.0692989179861,0.00000767109160245428,0.0790238713167625,0.0515145856344248,0.554362015084815,1.15226663127554,193.20178670343,6.37994317099152
2023-09-09,25907.2281372497,1636.35425859319,214.582875903488,0.504837549314103,0.254360881813523,0.0636654204503824,4.250793966391,9.91935544284503,0.00000759564764798299,0.0791732563165648,0.0527469853088711,0.543650811215116,1.15155108996345,193.115067005553,6.28080221825125
2023-09-10,25889.3250094629,1634.44594629371,214.137519511034,0.503577386113047,0.253270327978365,0.0633739592535793,4.23936804283306,9.8364815267468,0.00000756204004135119,0.0791340392281048,0.0517222475785587,0.539876026033537,1.16519206367102,193.065997404644,6.16001340494603
2023-09-11,25834.5800985629,1617.48617958474,212.213880349119,0.49784668531914,0.249152958321835,0.0613196622164431,4.15142249858228,9.4638233778731,0.00000736458305696805,0.0783173165825927,0.0521097891500602,0.523351997134269,1.15172263358814,190.406863097997,6.01486184300297
2023-09-12,25133.3031065665,1549.89342315929,205.792191001638,0.474376111898298,0.241551717410153,0.0603823113435911,3.98299269672949,9.22101205331355,0.00000703997641520923,0.0775057546347565,0.049860920521968,0.502652102613705,1.10067446076767,183.7191191332,5.81750855213024
2023-09-13,25866.8066631581,1594.97450139353,211.518050465549,0.480806180344396,0.245827763616029,0.0609796072863302,3.98692740178314,9.22696462065859,0.00000718768434810727,0.080773825458072,0.0502403137621037,0.507169460475603,1.07061659795607,198.979733414537,5.96254762913171
2023-09-14,26223.4360756609,1607.73669703968,212.512152053754,0.483876629222476,0.248755149352537,0.0612600077013418,4.00099925663133,9.29744951111716,0.00000725482209214238,0.0811748804772398,0.0504930712818327,0.513858242832472,1.09042148041707,199.76729689543,6.01999096732041
2023-09-15,26531.3955662633,1626.43634068695,212.214868096872,0.489029965331493,0.25111021078175,0.0620489116525669,4.05638158936164,9.38952526763384,0.00000735709848592638,0.0836642220671087,0.0509171072128498,0.521710480363999,1.10666553617615,207.494210163315,6.15007350394421
2023-09-16,26634.6310250006,1641.93475828422,214.10200179916,0.50049279295722,0.250594201510716,0.0625055569571111,4.14034032965694,9.4288391692565,0.00000745409058737012,0.0840327989282328,0.0510319519794907,0.529686417804106,1.12934132694408,217.256867385255,6.36539824152926
2023-09-17,26557.7686919946,1634.41988499909,214.87611605202,0.499274845867112,0.250297654351108,0.0621164656501289,4.18521965560901,9.38013215342528,0.00000740084757844127,0.0834791874442083,0.0510103498539896,0.528223743127323,1.12924462940007,214.895619623494,6.28363206570915
2023-09-18,26520.9882547839,1622.47877705834,216.507421770948,0.492901577866143,0.247088509088106,0.0615201626362152,4.07483032991436,9.10081490824996,0.000007214591657162,0.0833311837844052,0.0511897662295548,0.516781719851694,1.0956942862497,209.628420575892,6.14321411025375
2023-09-19,26741.461110949,1636.63460899146,215.880183097923,0.502683898605271,0.251522754381041,0.0619981993729639,4.1032385682265,9.11032796786521,0.00000726006854041354,0.0840001603925465,0.0510591729782369,0.525978748966364,1.09835833494068,217.27855499848,6.55483310026514
2023-09-20,27219.2968746342,1643.69841825706,217.167772228982,0.514143616541582,0.254992680361923,0.0626982457318174,4.15565319360232,9.22259729027456,0.00000741284323040252,0.0845487756866531,0.0514381547160642,0.544542022952299,1.12154525206496,219.282882612136,6.86025782070645
2023-09-21,27115.8464469708,1621.53295529217,214.187130415953,0.52162768971045,0.251368081858014,0.0625876496738336,4.13813656591739,9.04324036634668,0.00000743848743982197,0.0844304347636731,0.0512087879111799,0.541108872992049,1.12094492091665,215.436414155504,6.90233636540989
2023-09-22,26561.1334541987,1583.8242470066,210.668596408491,0.506685895347241,0.245100137301262,0.0613051087988885,4.0118006367784,8.81981272188071,0.00000724860621100653,0.0830503876584663,0.050224340682267,0.519669259749863,1.12459483248517,208.567766341466,6.67716620781444
2023-09-23,26572.0381115526,1593.47015355046,211.05567704172,0.512190995047631,0.244895281332115,0.0615341301094269,4.02003817908551,8.86849438448034,0.00000730411857808692,0.0833759189416203,0.0503713296640628,0.521048895194342,1.12129875030743,207.814891051147,6.93160589155658
2023-09-24,26573.9234797301,1593.17997443579,210.462745096414,0.507417450470847,0.245974599705356,0.0615184609125791,4.03133813310866,8.89693542281196,0.00000751137856513787,0.0836033991463667,0.0506198380935814,0.520434025742602,1.11530438622962,208.157732075639,7.19496017695918
2023-09-25,26249.5628978452,1580.47779458637,208.145072747243,0.502166452256729,0.24255729068616,0.060646554161206,3.98653518697435,8.77963140156062,0.00000729822347988768,0.0835361932029505,0.0505565052464122,0.513008947531058,1.09381158193568,204.56971357187,6.9814018975913
2023-09-26,26298.6346782812,1588.4711834402,209.98104109174,0.505366403710695,0.245875909432017,0.0609323473629081,4.06208505208158,8.94986266920516,0.00000728801234487371,0.0846547391408706,0.0504851158901088,0.519389156031465,1.10111848619915,210.280145935864,7.4870435881942
2023-09-27,26204.757590836,1592.48612561872,212.326586804908,0.501667251739015,0.245312382422338,0.0605721881222625,4.01161762120999,9.04393035936834,0.00000725958300920667,0.0847087664269273,0.0501498111729025,0.509457521980069,1.07890776648232,214.263218840037,7.36775897900685
2023-09-28,26350.1468954281,1597.4168102615,212.002036471455,0.49922867800463,0.244763313247348,0.0605107055397884,3.98983407567994,8.92450247905893,0.00000721571080630208,0.085464271879229,0.0499717479364111,0.503266653215043,1.07567413649053,228.583794607185,7.6436205021994
2023-09-29,27009.0137507249,1652.19639653543,214.920113567183,0.509504391259888,0.248882071870488,0.0614583025481235,4.07129006514244,9.26079618977924,0.00000730755121984613,0.0867290324386951,0.0507255470919089,0.519398804282519,1.10684703614234,239.190211539777,7.81796388348183
2023-09-30,26917.199101638,1667.98884877096,215.142280384283,0.521289402404896,0.249421090127144,0.0621707655612618,4.07631371256367,9.17010920753782,0.00000731357848547784,0.0890606692901635,0.0507905712806926,0.525583042783599,1.1216727998518,235.382875896265,7.95747851071835
2023-10-01,26969.8761440726,1670.99895575715,214.696953485921,0.515426923781664,0.253792500287349,0.0620985738410596,4.10301730957002,9.24078532319007,0.00000733747815399405,0.0885975276162698,0.0508604790219863,0.532920859208851,1.1330978261073,234.414433243899,8.173275205355
2023-10-02,27967.5105790871,1733.8180349157,217.963846593946,0.524186528464563,0.265891137170391,0.0632179558680231,4.26269464587813,9.74400515824617,0.00000752198337148112,0.090151861883665,0.0518070678647559,0.568620380984574,1.16050173480792,242.307473129944,8.04202624657789
2023-10-03,27615.0648850953,1665.27642511067,214.823044955739,0.513270964837271,0.259716498079392,0.0621091429569352,4.12601203348801,9.34018073969193,0.00000733089930243788,0.0875893087154352,0.0507232295751013,0.547685027677125,1.11620868932263,247.127929501805,7.47203035414235
2023-10-04,27439.1219467051,1656.32200307225,213.577993126551,0.537640436815404,0.261026009905338,0.061407472160028,4.07555980796061,9.40065962769511,0.00000727488430268702,0.090789378554238,0.0502142436392845,0.566665807902272,1.09875325396492,229.891955273098,7.4188798442488
2023-10-05,27792.1112772493,1648.19337252811,213.352545446898,0.532999691780762,0.25941082497695,0.0614961762023905,4.04607447434051,10.1056857661469,0.00000724693268917629,0.088989186662914,0.0502784917429018,0.56443479715908,1.09864433034331,233.599001396367,7.68884398750727
2023-10-06,27435.8746151351,1612.99488924673,210.819524721373,0.523552168547324,0.260204341942826,0.060922725101491,4.02239666015952,10.1387274400087,0.00000714759470605096,0.0882643546122561,0.050183498812365,0.54611192623462,1.07293429863341,231.493668148326,7.47466112605068
2023-10-07,27958.1964373505,1646.39340229289,213.567799877182,0.526052843230149,0.26490496624857,0.0614551383344782,4.07218769754692,10.6545278258129,0.00000724158331275864,0.0872670832045455,0.0507831792666441,0.564141967858184,1.09339337929972,231.1141968981,7.65373525202591
2023-10-08,27977.5434907,1635.08285524898,212.345097950694,0.52186138155141,0.258723127620573,0.0614590857590606,4.05587429752274,10.3696414322391,0.0000072355743797841,0.0881505361124972,0.0506906277744037,0.563592268340513,1.09113865278586,230.309814795395,7.53308838130259
2023-10-09,27948.1036517485,1634.22165514827,211.56557522782,0.517952265032804,0.256503381142699,0.0609963851749202,4.01412737763415,10.1010085049283,0.00000720105329461106,0.0880300205240964,0.0503570230780438,0.561221636574801,1.09403892708553,228.18741871815,7.6782152308084
2023-10-10,27593.7825344397,1580.17776048535,205.692762219041,0.502878242015399,0.251588283113939,0.0587244394208937,3.87505879048556,9.53900864116324,0.00000691262333017276,0.0861297614318555,0.0498063138106163,0.53004703579959,1.04066369419286,218.532773198634,7.28266070635426
2023-10-11,27392.2477027325,1567.4582264893,208.6620254764,0.49726344547575,0.249032890172368,0.0590275064948388,3.81105204016364,9.54313867043317,0.00000690186105088309,0.0862658165810133,0.0494965545520741,0.517294911153051,1.04370037707608,212.74904501225,7.26665900081901
2023-10-12,26842.1904390924,1564.9162030441,206.518688489651,0.488670868326117,0.247783823600783,0.0584439104015968,3.73584666109179,9.29808469120272,0.00000676370242644366,0.085992607670384,0.0489909454580249,0.513699829810523,1.02715333527023,213.912006800326,7.39104784540514
2023-10-13,26729.1372058151,1536.81280470838,204.998915799776,0.482964139414574,0.245658624732186,0.0578361534429257,3.67081447802997,9.10925211253658,0.00000679445020606091,0.084830807357983,0.0509668401834931,0.507703672922122,1.01057000843399,214.089881918099,7.18582020146808
2023-10-14,26841.1362206444,1550.96687299566,205.818037542348,0.485468986280215,0.24582401638982,0.0583487371889176,3.71793011144999,9.14687837846808,0.0000069028671836946,0.085429038022292,0.0522644753036947,0.514462691418068,1.00815618560373,217.088270793797,7.25279816317946
2023-10-15,26863.1835690799,1555.45620793373,206.546888795408,0.486629502990923,0.24699021411913,0.0598437536811189,3.73420396940598,9.14869951630866,0.0000070240930389867,0.0850625482001355,0.0519321497639556,0.517497556106238,1.01073547239708,214.591023620682,7.31992008539791
2023-10-16,27150.297001407,1557.76080924833,209.679284581712,0.487679078014715,0.24714916600343,0.059298779446215,3.75210727113859,9.16624905111063,0.00000698012950911785,0.0866709266521438,0.0522640638355421,0.514836747717404,1.02506042058665,215.190578251922,7.41839848086738
2023-10-17,28513.3099324774,1601.23218964266,214.89035406939,0.498515874303896,0.251306705011874,0.0601131218552422,3.78637272106356,9.41921898817438,0.00000711093070582115,0.088942325684928,0.0527281657583896,0.534358171151023,1.03443022559697,231.586354727138,7.54626555436197
2023-10-18,28417.7217516998,1565.06058772406,211.617254512654,0.491717880947562,0.246493140111974,0.0591243719224762,3.67374584625024,9.11139140771533,0.0000068986217224546,0.088594640822088,0.0525349709551854,0.519198944262797,1.00836009574862,226.968518317012,7.33547553841749
2023-10-19,28328.2451981348,1564.07118720171,210.40183827188,0.487985214763994,0.242964067479308,0.0586783430598515,3.65504081604605,8.91136732390416,0.0000067733377161228,0.0891717155370366,0.0514997641161643,0.51071911633943,0.999473603892197,227.245779246779,7.3600769839812
2023-10-20,28715.748142408,1568.37468334519,211.294389219374,0.5200805573098,0.246949193423226,0.0589141303052596,3.65063210587896,9.06741886805626,0.00000685183301706903,0.0900374025845775,0.0511663109866812,0.517359134510965,0.986718502176283,227.421161659932,7.31080265169744
2023-10-21,29677.3928884762,1603.90993559678,212.211694219601,0.516756721191811,0.251120953262673,0.0599693954406065,3.71950516098817,9.22565900193629,0.00000691258282888079,0.0907000707213931,0.052385320862332,0.53576500090946,1.00498192322111,240.785240619831,7.58007508602942
2023-10-22,29920.0744926514,1629.29552934174,214.229239547808,0.520814943100724,0.25848173086006,0.0611768177671623,3.9006820354448,9.63279978228075,0.00000706360295342005,0.0915799144230349,0.0534668722695815,0.572472930280036,1.04036580433526,243.58260067689,8.89706379511577
2023-10-23,30019.3805008635,1664.57063809393,217.948904370135,0.522895072753257,0.264012218000062,0.0617043580424194,3.96565402563485,10.0652673769015,0.00000712609606777527,0.0904671924774357,0.0538754729541404,0.610917108470102,1.05498903089156,244.014741897601,10.1392343016939
2023-10-24,32953.262760831,1764.9303085804,228.242746173763,0.545774839961107,0.278886583276784,0.0669854980911057,4.33021871760372,10.5507066860138,0.00000746275999139671,0.0922171397184142,0.056766524147687,0.63419998645179,1.09758298433145,260.203294794755,10.5147915233846
2023-10-25,33846.7242573322,1784.77341098858,225.093166460866,0.558247542664013,0.278896379659388,0.066517969360792,4.18758872214506,10.3200402225735,0.00000739025951933551,0.0923774070325011,0.0574747445582761,0.624234437380087,1.13604508240399,251.70465942189,10.4426177054449
2023-10-26,34471.986031672,1785.55514909749,221.944647203418,0.554769697077153,0.280325056790012,0.0682874718252453,4.2825105359023,10.5002484411805,0.00000779517362250548,0.0934763067526227,0.0579054988626707,0.630025189344986,1.14150868131966,253.870429747314,11.010957317806
2023-10-27,34174.4515529126,1804.16176913846,223.092839390299,0.553836819132437,0.287474638655546,0.0718113769835516,4.23689485104826,11.0766529541107,0.00000789835247524916,0.0928638263635228,0.0594078370458972,0.632219471868784,1.19100056839471,247.464362982161,10.9467012460723
2023-10-28,33899.0930564403,1780.57041186229,224.318364996143,0.54594603037128,0.289344216919849,0.0678040360716456,4.13983414522238,10.5945078035722,0.00000769811808551864,0.0935774038487696,0.0592635145722778,0.609626277748697,1.2220228945604,239.305083314055,11.2090716098863
2023-10-29,34092.6309328386,1776.35356583453,225.705956126408,0.545115055581071,0.290799867383772,0.0690126206272903,4.18032615088937,10.9589190882773,0.00000796395139743545,0.0943259110442774,0.0594968754623748,0.620312349122881,1.21817394095619,244.934137945304,10.919137940513
2023-10-30,34556.2428147616,1798.16541354551,227.183871908728,0.55646377942414,0.295102232942689,0.0693530195580988,4.31275161427759,11.3697018633239,0.00000801989258010464,0.0948890307224773,0.060069414724172,0.638555372433465,1.26854741360831,246.363678265824,11.1059620591631
2023-10-31,34498.7039194641,1809.63930134505,228.180387104705,0.578658121257731,0.302811220575692,0.0696705536977969,4.52085929536047,11.4491589065197,0.00000798144489276532,0.0956080360578564,0.0612286282158319,0.649978235330773,1.32331879385434,246.163386978228,11.2303006730118
2023-11-01,34672.2892841885,1816.80314892995,226.565416372044,0.600445706363402,0.293247351846286,0.0682764697378664,4.45527566878055,11.3237251209616,0.00000778687969229846,0.0972252452763251,0.0619799282726126,0.636218128543654,1.33455666940271,245.100737908907,11.3689752299862
2023-11-02,35457.4549121055,1846.48223051347,227.878762169697,0.609384467714086,0.307545646910573,0.0688161190774688,4.72682887737193,12.2005646130479,0.00000794342552893732,0.100238344616091,0.0623168033369732,0.66790266144662,1.52783102932362,245.037265558471,11.6303899584532
2023-11-03,34924.0554504433,1800.90717988063,231.828265636806,0.606563464556931,0.323308490072967,0.0678819645966135,4.63597013628529,11.8845023755135,0.00000785260196741839,0.0992802991209704,0.0665524832036359,0.660310839224899,1.52131443300404,235.406671142585,11.0016684693856
2023-11-04,34731.3813689678,1834.17305670564,230.755982711955,0.612858125338194,0.329064098520086,0.0681384198700005,4.61833448631812,12.1269537409369,0.00000782296466548268,0.0972556973797264,0.0663304625758229,0.671939346535169,1.47681396018886,237.563302703526,11.4912120826706
2023-11-05,35048.4078349011,1855.45438527621,237.292135702972,0.616080191664889,0.328024157052541,0.0690711388256317,4.68686721373469,12.2204355294046,0.00000794217901836159,0.0977170378598517,0.0681935422641255,0.677886238530356,1.51295142692316,240.199209069622,11.4806557345944
2023-11-06,35061.9287491958,1895.93806600742,244.326915113616,0.659180464466165,0.343192575510547,0.0712406874074048,4.77627602415502,12.3740593726915,0.0000081477559077821,0.0981731218970861,0.0701452961614117,0.693563239374184,1.63660179188978,238.503769898079,12.2269854390302
2023-11-07,35031.2688820871,1898.51822558442,253.405493503513,0.715502348198659,0.363336214343668,0.0763856390931453,4.9644386767326,13.0691975666377,0.00000843566386832641,0.0977037008803907,0.0753757126029328,0.733849414007648,1.58230928744543,242.9077049972,13.0022565071059
2023-11-08,35436.5376295796,1887.31532184338,246.195291204444,0.685620534911722,0.351204621216944,0.0734446928182001,4.92618024006091,12.8180950807882,0.00000821510931433371,0.0966236165619824,0.0802743023388391,0.740569611922381,1.44690098907786,243.934390730752,13.0363306735593
2023-11-09,35795.0806307102,1891.49177913715,247.303902910191,0.688229949385059,0.358485931295371,0.0755543787293672,5.06206649619172,13.0363865520409,0.00000830763922732602,0.098410854107425,0.0807012154804052,0.79017362688848,1.47782895987944,246.02099380613,14.9375117569337
2023-11-10,36768.4208191267,2128.60950394386,251.364833224006,0.667769491856625,0.368244137329672,0.073405115612985,5.09143240381537,12.9841486348554,0.00000822925974704175,0.0989877479299843,0.0839825248789682,0.852161076681898,1.43664165934458,239.864478430059,14.6601647375982
2023-11-11,37344.2490007203,2078.85346630406,250.933285161759,0.659591296809527,0.386306802947466,0.0753257235932855,5.30015934065718,14.8014473204445,0.00000852129013717873,0.106266665606985,0.100584255880573,0.843413928174436,1.55378840018552,239.83947698236,15.5437453582749
2023-11-12,37122.7228243066,2052.99458606375,251.592656407051,0.662978077632731,0.384868267734998,0.0783785235341219,5.55424988597025,16.7293210168769,0.0000090702664342342,0.108083102185602,0.108753395146511,0.802781513276805,1.60103707704789,236.646986167967,16.5223660383262
2023-11-13,37067.6969821201,2046.08707997355,247.735253225513,0.661409163902555,0.383147211687181,0.0780230135544782,5.69312512743483,18.8099315721936,0.00000890902752637158,0.10847108360037,0.099269977134557,0.898899556666107,1.69754461153052,236.525482812214,16.001615818403
2023-11-14,36549.1620482984,2060.53285613569,241.357841074224,0.671032998303905,0.35876820566281,0.0748645949783789,5.37575380850917,16.2646381189418,0.00000859136544146267,0.106982843879824,0.0922429269292891,0.884382979093297,1.59309093009865,234.650147566873,14.3863520203904
2023-11-15,35545.2014334541,1980.51543062524,242.142183729493,0.629579757523495,0.35770685690677,0.0724840773323827,5.20542374715385,17.1176480888552,0.00000834925218908652,0.102125834763146,0.087916771939276,0.916124603765906,1.53849407323333,231.653483701169,13.96789049353
2023-11-16,37903.6624516629,2061.63553225306,253.6478135777,0.649901773258772,0.378959436232748,0.0763333904409081,5.56099383805204,20.703879862282,0.00000880407385399813,0.1041263319056,0.104098429735546,0.920831385922228,1.70374715757863,238.192008861073,15.0069115996205
2023-11-17,36201.5161114614,1962.24383958989,242.842704169517,0.61233773617373,0.370515074814481,0.0786398970684146,5.35657692965009,21.6204126929017,0.00000846627069761176,0.102417462296855,0.0964557679017274,0.844371520477913,1.72127445914055,234.228471701324,13.8924551126987
2023-11-18,36527.7602253074,1956.51743211661,244.281692182875,0.612725642387885,0.365720658837356,0.0860232014888204,5.22804738509383,21.9088449640087,0.00000878470462418559,0.103613562082237,0.0992965336076268,0.828651596812468,1.86402054397076,228.84701019211,13.6424785180985
2023-11-19,36582.3684419227,1962.6305661102,244.828396668509,0.610660178500533,0.377610427794478,0.08018985915218,5.28771788365951,21.9855189544785,0.00000855311033725538,0.10296530143308,0.0977976229177065,0.831053369143319,1.7701133108275,227.416414371859,13.7511576215399
2023-11-20,37413.9946079053,2011.12672106353,246.233602816157,0.626990713785466,0.383976139136194,0.0804413692418155,5.44064319035489,22.8071212541492,0.00000867625144980132,0.103381415443041,0.0980098498922621,0.852891295487394,1.9823619505643,230.302129077042,14.9342277952025
2023-11-21,37489.298470802,2022.38814753725,253.372979519433,0.612206578995992,0.379580282744494,0.0776506962465154,5.29692973039739,20.8087101509425,0.00000843581172907586,0.100927991154411,0.0954801458817055,0.810508311482572,1.99450881740279,226.257272422744,14.4393548060265
2023-11-22,35965.3603606808,1940.4448103653,227.950841111948,0.580160510078421,0.358586985434183,0.072258594762583,4.90679663894142,19.1127073646967,0.00000777215504027524,0.0963146963443685,0.0841382047300586,0.734407252100842,1.76829117525768,217.030168511642,13.6182347825027
2023-11-23,37464.8329322091,2065.9414413104,236.081847942586,0.611723936220727,0.380319210663269,0.0757816967103443,5.171568200407,20.8175742428846,0.00000810036319212721,0.101267126616114,0.0945773028343774,0.773738223079335,1.82536777142586,224.015856098563,14.2326605716295
2023-11-24,37293.3161274267,2062.26955185786,233.749473084704,0.620323355211186,0.386138026734835,0.0761652810501323,5.13088681296756,20.6634257870602,0.00000811154258996169,0.102121925006344,0.0924666116102305,0.771908945282471,1.80641657516549,225.18424039799,14.3909290781152
2023-11-25,37738.9316974712,2080.85175751835,232.861337116764,0.62197949054258,0.38619067501156,0.0781835288786519,5.24349075537019,20.8887611086046,0.00000819078172655934,0.104660108037678,0.0976176983955261,0.759365622337276,1.83643479938308,226.613435925724,14.4580751911938
2023-11-26,37809.8528662532,2085.42662154002,234.239914486644,0.623237441020582,0.394579003791545,0.0788763053711924,5.32585035058918,21.2850760771691,0.0000084644378658677,0.108715001897654,0.0974788459715732,0.778876953566217,1.8862161183977,227.419358203191,14.7310832650033
2023-11-27,37491.8381860081,2064.07421816553,232.071044969735,0.616850713418032,0.387873025365517,0.0785653021610728,5.3236643521052,21.1346707224648,0.00000829750398747461,0.10783562146951,0.094937205861255,0.762849539664596,1.82903965894545,226.813489672801,14.7853394508161
2023-11-28,37250.1690514811,2030.00050581186,227.226658733117,0.604079842008653,0.37839467914047,0.0787679006527498,5.16939354454019,20.38528794359,0.00000820617646320397,0.102192280157911,0.0914631473992303,0.74351832646041,1.78401214988352,223.509196340183,14.2263184248836
2023-11-29,37802.2360437747,2048.53525665258,229.527525780339,0.611266134871643,0.385454079007617,0.0806987801327769,5.26571289899862,20.6360739999383,0.00000830277115648434,0.102901225533006,0.0925916084041664,0.7473975204373,1.81754202646073,223.024867224477,14.5066767073522
2023-11-30,37810.3464165413,2025.9373276989,227.196380720935,0.609145110324393,0.381344085421545,0.0804218449600587,5.16131907424166,21.0385518551194,0.00000819949831296648,0.103433603230114,0.090945298498248,0.75621261508909,1.79586783692983,222.985672944084,14.4899773415195
2023-12-01,37711.8183758527,2051.7567179447,227.60255467824,0.605818910822468,0.37563466942651,0.0833373210138399,5.46727535284116,21.3824657774139,0.00000828064317782129,0.103446358918064,0.0887219028516835,0.761983970391925,1.88304381308596,221.524554848514,14.3932089120751
2023-12-02,38688.2587417907,2085.71236132094,228.450998006338,0.613001043493129,0.384134594840798,0.0839010857033843,5.47730805230139,21.8468387706007,0.0000083650285342467,0.103188437232409,0.0919215117539019,0.79897296350407,1.89276430713183,225.204719846497,14.9853452500723
2023-12-03,39481.6664160629,2165.2978809514,229.258652442336,0.620577781522636,0.398054417074939,0.0863693687523189,5.57633401936758,22.2177502995303,0.0000085333054620114,0.10321218767735,0.093197425854856,0.816682350305363,2.01146800002478,228.103401829755,16.005118030312
2023-12-04,39960.2754204105,2190.70404036971,227.881002368675,0.623118055105944,0.394658798434485,0.0855114838014362,5.54147625298916,21.9573773980912,0.00000903181866655965,0.103095678307674,0.0923052724014764,0.814014604469451,1.98195800530078,229.921820070986,15.7258235900644
2023-12-05,41974.3317725433,2242.96154267748,233.285076768827,0.624408675661626,0.406870590936904,0.0917119926472158,5.62592415047282,22.5156039670321,0.0000091954767607937,0.103791799163439,0.0945130412773837,0.80847033189127,2.14044720177445,251.050304096671,15.7604857298906
2023-12-06,44105.9447725994,2294.09516985341,231.142549672659,0.621747909918872,0.42552490597379,0.0942289045396636,5.90384488580012,24.4029462332764,0.00000947681872147715,0.103586839838974,0.0965608147116669,0.813194039365949,2.25226089751399,251.243236066617,15.721532920709
2023-12-07,43788.2888082523,2232.02544021046,229.629170298272,0.641794016151184,0.442089375633086,0.0947588446094331,6.04549363089907,26.2449548854432,0.00000971623816183294,0.104755733105693,0.0938048944412137,0.818812446840159,2.28861492637205,244.603550989776,15.3014706962197
2023-12-08,43270.1195597075,2354.38693094609,232.903887475243,0.643096816218413,0.45587297090926,0.0958834877912593,6.23757317021281,26.2638196132431,0.00000978953036148828,0.104147508316605,0.0944814708450621,0.841248641933115,2.26896738028179,246.846464316277,15.7135868566943
2023-12-09,44202.1761094362,2359.88905648333,238.989027915131,0.673741552021034,0.547403517064915,0.101549496181916,6.85209883935632,30.6754331820589,0.0000102162179881785,0.106769890169979,0.0988215074396664,0.906029658947663,2.3855268926967,253.921015527637,16.9668588578857
2023-12-10,43745.4919918955,2341.07248115182,237.884205540283,0.658922249908494,0.579019196163871,0.0985903571193967,7.1258264546283,31.7642251044941,0.00000999717988533163,0.106604180919633,0.107085582671185,0.883957257138955,2.42511769919069,252.611850934188,16.2282529701213
2023-12-11,43757.9599376192,2352.09872848892,239.573671207557,0.661559770545606,0.595525251347934,0.101799312718237,7.32527279743317,37.0310375338307,0.0000103176841243508,0.107789188809987,0.105836714665228,0.922764919659172,2.51793643140542,250.894622973721,16.3231477164323
2023-12-12,41200.9627261017,2222.34683840003,246.287556677376,0.619558901999032,0.550352202785174,0.0941343255190378,6.70880860309997,38.2000528845514,0.00000950813820415063,0.103740612945997,0.098452944762076,0.84092321198114,2.23441935380523,230.239652978264,14.7575801298926
2023-12-13,41450.8193873774,2200.33371618087,254.954458371687,0.619043129069051,0.576262248749674,0.0937529980208905,7.09409075379533,37.3991176560281,0.00000957707330016557,0.103602599614029,0.100956447042693,0.885835231076864,2.30052161504089,231.766012076951,14.5083026686798
2023-12-14,42931.7618260325,2260.88235257511,252.218064049876,0.628120301152701,0.66138922864537,0.0964117302189695,7.58058960741537,38.9897836321449,0.00000979746933002112,0.104314703070431,0.10267850787271,0.886465431690612,2.32456351971392,235.386731329106,14.7708194117888
2023-12-15,43009.5954563739,2317.4650743737,253.565563503226,0.632198447645926,0.642451404050534,0.0983188900759733,7.52878261415413,39.2462922661505,0.0000100673193206896,0.106050919878773,0.102164562447614,0.884237615675396,2.32248279908186,237.084138855975,15.4014022413945
2023-12-16,41992.014187224,2219.95161787641,244.66851597645,0.615188575517398,0.602039677494028,0.0929608639518439,6.95457509154783,39.9547193193917,0.00000961052495846504,0.101430443017012,0.0978245015878116,0.836856893517493,2.18888180320134,226.716007202105,14.2694107093435
2023-12-17,42247.0678817223,2227.93644713548,244.162557253454,0.619688306185294,0.606499477642322,0.0969680850845845,7.08557736947163,41.9877457695359,0.0000116195536078082,0.102751182543342,0.101328726380278,0.849642138489362,2.36813254458299,229.613837174226,14.3124781476931
2023-12-18,41410.8196345759,2199.54012118839,239.172776768078,0.610028589357127,0.580529648296934,0.0929641540154002,6.78911469704098,40.7080297106276,0.0000103091505355258,0.102117496312923,0.0981335213990731,0.817761753305443,2.26987393168931,225.896409685643,14.0254583400023
2023-12-19,42684.1825546834,2216.92901356349,241.100015954158,0.612533340056916,0.600870972753455,0.0919951790759576,6.87375359503024,41.019503533418,0.0000104228167352496,0.100960249173062,0.0982801031374342,0.800222218742917,2.28390095580832,228.00191117057,14.6485167828499
2023-12-20,42250.2061827975,2176.83941265744,252.047476695692,0.604700338738188,0.575000847827853,0.0901093483812557,6.70157353905373,39.7264324448028,0.0000101244353232832,0.100547312960968,0.0963428650868178,0.763858599454386,2.43538444241611,224.890911717931,14.0710757157019
2023-12-21,43634.1241684964,2198.42140446054,260.25503354808,0.616632609471439,0.589720733114368,0.0913665128862911,6.9373369201607,43.3827196311979,0.0000102329546237717,0.102846841660458,0.0970859812250741,0.774885394529284,2.84219407345717,229.532051769336,14.2087087007393
2023-12-22,43849.6995993962,2236.18696175328,271.073933391598,0.62343549697752,0.636309581517182,0.0947927901430251,8.32493537303307,46.054342042334,0.0000104302316183094,0.104507522532345,0.098965862309727,0.817276860322182,3.51822296300038,233.08597647701,15.2792769863089
2023-12-23,44003.6960216438,2327.04896271153,271.431452730026,0.625127687399978,0.623617570620424,0.0952875421154989,7.9776199792998,45.4956607352862,0.000010918165202128,0.10510786916848,0.102730781735032,0.87612335315532,3.36307101409762,238.659824204207,15.4979200856466
2023-12-24,43752.0308847838,2310.95566299827,271.254301093756,0.619709543430012,0.614803246866822,0.0936125892935944,8.33715791627026,48.1144126448798,0.0000110881786213919,0.10674782840843,0.101406277199587,0.859056046285448,3.89394896579166,233.224954661408,15.6817319481724
2023-12-25,43034.9710630915,2264.91114367166,264.652850014432,0.613347529592536,0.593089740734988,0.0917887830351023,8.65597174861316,47.7908369574592,0.0000106639135622596,0.106227612837267,0.0977369589879851,0.849413437523428,3.8071865230161,229.111576983868,15.2912588989173
2023-12-26,43638.2363022009,2273.63261211465,267.178799862506,0.647087601366001,0.625764497128651,0.0945467478321362,9.22386823892045,48.3595251471839,0.000011021304516636,0.105938235540421,0.10029667108951,0.912218744568932,4.2527038372122,234.926905829476,15.6126461277896
2023-12-27,42516.4269402825,2230.87618439578,297.145422272635,0.621634844507268,0.607916710826476,0.091240903158826,8.81276797210409,44.2548034197079,0.000010568427368549,0.102978799211426,0.0971142543954538,1.01084623895279,4.30104922384956,229.047726605351,15.0682646947059
2023-12-28,43418.4677750429,2376.77124928419,323.416288048064,0.635060919830047,0.63293496561341,0.0935404046869144,8.6961281998288,42.398184322564,0.0000109020064397223,0.105277643920885,0.100278442324174,1.04049499371892,4.08989117810416,264.20647093267,16.6423703675348
2023-12-29,42600.6506331562,2345.26070874469,323.37394756285,0.634697513688598,0.61768195134706,0.0918067478766059,8.45723782884798,39.8673154940165,0.0000106319679741297,0.105490346947978,0.0997304972580629,1.00186955637468,3.77048010225599,262.13875550653,16.0514614725291
2023-12-30,42074.7071561885,2299.52620727526,313.620288572705,0.623072790375626,0.60838686543728,0.0909855432171121,8.28553586255638,40.2049860002866,0.0000104256320236046,0.10578401247625,0.0991351581933483,0.971846871273738,3.61721161170831,254.37850976225,15.5282475537524
2023-12-31,42220.6114012138,2294.3440063451,317.474803951539,0.62177216675343,0.602383195113908,0.0901326667258845,8.37578169911896,39.4262167778301,0.0000104661898745164,0.106024992876366,0.0987695218617465,0.952563151703603,3.67408647984228,271.46864822691,15.1979769662447
2024-01-01,42208.2021761865,2279.94100856896,312.135621417032,0.613556060106655,0.593211667760094,0.0893121264275588,8.1792530667209,38.5387850400015,0.0000103310617993975,0.107630225437294,0.0988710223927718,0.968676725560421,3.65425833965987,259.094934742181,14.9209251044929
2024-01-02,44168.6811868747,2350.02628600851,314.809024301982,0.629683038520704,0.623256101436692,0.0920563612768314,8.59637753271809,41.9453523391329,0.0000106920965327145,0.107773141565324,0.100537891211232,1.01747855077759,3.80302861738903,266.320096445464,15.5317679111796
2024-01-03,44994.6738868924,2360.78211958909,312.128126938932,0.627885793769405,0.606085260978703,0.0912434801788125,8.41742160876622,40.7401354095562,0.0000105703341114711,0.108501029079549,0.103602148539752,0.97007605103961,3.93007557824715,257.248704347088,15.1958134823814
2024-01-04,42821.558989158,2211.17082786388,316.256869814551,0.582424359602583,0.556842720162059,0.08193683499231,7.63603395510519,36.7524477392942,0.00000954518201236347,0.106795320969634,0.0958726985428735,0.854227534914654,3.76601271124737,233.886051395482,14.143246901093
2024-01-05,44195.5785620997,2270.97743933373,323.190890883162,0.587226238523802,0.569546336389111,0.0840910703818086,7.871723447608,38.6811234557304,0.0000100050040566534,0.106997470257494,0.097670143566036,0.882959982381568,3.91452462600479,239.78892754984,14.5440615822977
2024-01-06,44113.6997338908,2267.08703548466,317.136063383879,0.575898386444355,0.539370748390406,0.0826744750100451,7.44537753177187,36.3847373083155,0.0000098187119124104,0.104496510674236,0.0922662089691288,0.850430695664605,3.53205071897106,239.478410314442,14.0700648318201
2024-01-07,43956.1207172015,2241.51082700424,307.58228101585,0.567921664760357,0.5226179816319,0.0805654028365534,7.13479262701101,34.5559694388724,0.00000959344299640804,0.10405164589928,0.0888254890293658,0.827606963501491,3.47175761926881,236.046533258041,13.4194063306947
2024-01-08,43883.7438790517,2220.15156168888,302.344312514946,0.551803967591726,0.492661141005715,0.0782361654175723,6.89371271304281,33.5714622368759,0.00000897199016752165,0.102936085796835,0.0868178750691171,0.799468183504298,3.19839110880891,232.040167923571,13.1050732615103
2024-01-09,46936.1855612175,2331.66032943564,304.407911443688,0.577396001004655,0.540581726676506,0.081298409520157,7.4741300369726,36.0600572211154,0.00000957905125485539,0.104316675466871,0.0919686000537238,0.842739914749928,3.40296748291569,254.102790186784,14.1532968540555
2024-01-10,46105.946078287,2341.1606242641,301.025893700749,0.566417706752114,0.510767880375113,0.0792652300240728,7.11475001970598,34.6747673933951,0.00000962374348705542,0.102682379554381,0.0885714912468211,0.806240144689308,3.20995302874968,245.165492307662,13.7102655635628
2024-01-11,46632.3131480498,2588.76916391914,305.372917654725,0.600349991510349,0.567929294391895,0.0830525605514026,7.97750469157295,38.534606630973,0.00000998904040015958,0.105380327491131,0.0926652867071823,0.897931099750686,3.58046523072509,254.350580392436,15.0299271548564
2024-01-12,46314.3555416027,2618.32986189649,308.288665857819,0.601482639686795,0.581138653922112,0.0846034033781641,8.15716396225048,39.3251117279953,0.0000101362024572944,0.1060663673575,0.0928782471947475,0.925252825672308,3.6192184367481,276.190933643392,14.9977475293525
2024-01-13,42893.9296055048,2524.50169389124,296.783856466719,0.571693460430455,0.547474591178085,0.0801341079974848,7.5784081360831,35.871029750384,0.00000962770661709975,0.10697376437138,0.0886754863954217,0.864486623551238,3.45401089386174,259.522739319476,14.1186230153562
2024-01-14,42848.4745164075,2575.92473543335,302.193734487141,0.574783491244858,0.549560038037604,0.080994523340881,7.61680720225443,36.4418771492961,0.00000989890820116434,0.114104201549523,0.0898215234684621,0.882570349118073,3.40522497659821,254.726027426845,14.368334995323
2024-01-15,41800.9328219341,2477.93747843077,299.402491772599,0.57571209928153,0.525387607025528,0.0799696682999811,7.33265988025684,35.3976948471921,0.0000096024184384087,0.11132816468183,0.0875275973720367,0.837681042929554,3.31624710871915,246.026388258892,14.7969818112792
2024-01-16,42587.3360383544,2515.3199803937,317.969105097733,0.576202703042742,0.528459452179126,0.0812150358129879,7.52401414412659,35.6320944466434,0.00000956666673071062,0.108801731385178,0.0876649504619453,0.845841731732027,3.30496412839641,250.711084823599,15.2120223014273
2024-01-17,43148.0016434269,2589.48263163043,315.480703232915,0.575835844516265,0.535446290453216,0.0812638030202161,7.49025522886083,35.6099229905985,0.00000966205358533699,0.108120316089518,0.0882849756776761,0.84544615546049,3.23593927017742,251.356877795462,15.2723581654698
2024-01-18,42713.859186939,2528.32878545194,309.341750029581,0.567900406980404,0.526572783934149,0.0804374273778883,7.31735020938553,35.9418147112958,0.000009513483881061,0.108323809941438,0.0857223972491877,0.808093847120706,3.29322697731387,244.141719871945,15.6991301106235
2024-01-19,41261.3947980101,2467.32897851373,314.567732922026,0.551654579141647,0.501828072493372,0.0779623778163862,7.01088090681336,33.5395579106252,0.00000919637910873544,0.107967139110592,0.0817519584459399,0.784536068903332,3.07263862083696,237.379636381084,14.6540087204299
2024-01-20,41600.9409325446,2489.61806465338,314.067429326128,0.543986175107425,0.50155557802823,0.0785190506735111,6.86251894982226,32.6314409506325,0.00000928461517481837,0.110476579757412,0.0825597936154599,0.76019320607469,2.99963269368948,236.294544661546,16.086678781552
2024-01-21,41626.1071100366,2470.26361510368,315.976271753843,0.552715966960041,0.514214511022348,0.0876844715871379,6.88854739572837,32.8180729635786,0.0000096752127805527,0.109713307902347,0.0841259393638853,0.78344521951769,2.95084541508977,238.805693856842,15.7228970316786
2024-01-22,41541.8994570626,2454.90954333983,318.632557012334,0.546794894083708,0.503592585899008,0.0853203264168316,6.81502727886636,32.5639607700538,0.00000933855487024104,0.108898779089556,0.0827748233876201,0.78273785822077,2.92011747797477,236.982227727853,15.4087403848909
2024-01-23,39504.7300575844,2307.58700349877,304.722213333311,0.525441418612212,0.477238010965987,0.0801801915078179,6.32239199819032,29.4402168948967,0.00000890335257393963,0.108938139947213,0.0776898677047742,0.744270704751409,2.6439636797548,234.837804868621,14.5159620129255
2024-01-24,39833.4541050169,2241.94277615534,298.509587486643,0.517569793734162,0.477065386974273,0.0782056000256852,6.35245840842694,30.526310667527,0.00000882401160748524,0.107226153820977,0.0768933444704365,0.724329163110358,2.64828446617957,229.558522248591,14.2658550105669
2024-01-25,40123.6710584715,2236.73931309741,293.353808421487,0.51836380442068,0.476850907946624,0.0791013900418547,6.46554584718603,31.2041336717896,0.00000890115247321266,0.108690462848083,0.0791772736649899,0.738908587855417,2.67991916187661,236.421842458178,14.23948595271
2024-01-26,39938.2864415588,2219.61452744592,292.060439259245,0.513785888105121,0.466694428173737,0.0779429301021438,6.43555874922297,30.4622619567485,0.00000885806651120787,0.112132499537193,0.0786242493334634,0.732526932044975,2.69813202556248,236.826045521931,13.7863597387281
2024-01-27,41862.9356109399,2268.87073150747,302.022674211404,0.532112649008374,0.484611447237005,0.0797302165282038,6.67188961542771,32.2732874468655,0.00000902954827794972,0.114433479819365,0.0821019822712398,0.758976377428393,2.92170333574523,241.768761769095,14.1881286068298
2024-01-28,42119.6104946431,2267.90785175253,305.782274160056,0.530012647386174,0.486283212278502,0.080088299696628,6.66822017296977,33.2700685826268,0.00000913116841100318,0.112464462637244,0.0814990095795007,0.788090475104687,2.90870962946788,243.623672793715,14.3429495436703
2024-01-29,42026.5785623214,2257.0544646456,304.80485100718,0.524051455265463,0.489756524331142,0.078808563742207,6.82310312215336,34.8378710895089,0.00000900558654128057,0.112198951666913,0.0805930907139112,0.790304825630484,2.88128785878354,236.93774842689,14.4886369907211
2024-01-30,43267.6092763877,2314.59472753004,310.74808669319,0.535289112154772,0.525468808222218,0.0815974830894171,7.0696981883095,36.0862614611464,0.00000919967470020024,0.113062299557434,0.0836880714562049,0.812956090518692,3.00718710439752,241.391343819588,14.9868844534768
2024-01-31,42892.0345301445,2344.00140001965,307.321591944775,0.510914379622765,0.514745883616207,0.0797572032072466,6.84806162102748,35.1573478238953,0.00000905027015804618,0.112164121513818,0.0836572775292822,0.799407718058384,3.00789458170648,237.425341583361,15.437437826952
2024-02-01,42583.2635466342,2282.48586701584,300.213319796269,0.502797087023544,0.497789409814157,0.0786938827044989,6.64936948542619,33.1544408601777,0.00000893898366338457,0.112196106150553,0.0815401878220866,0.785533580509082,2.82082941361274,234.215664767972,15.4099968447918
2024-02-02,43069.0434209368,2301.73729930867,299.911404899991,0.505953233443947,0.505481741882732,0.0792800814111045,6.78894838373338,33.8173353410986,0.00000902336636102129,0.115417873346759,0.0812494190404794,0.810483377832411,2.85192537799467,236.545153849284,17.1246661106067
2024-02-03,43170.6585615997,2307.43299848309,301.17435439851,0.51006658585585,0.514162535893216,0.0792705998262618,6.93069953768807,36.6956549972339,0.0000090586946112989,0.116250742662556,0.0817730215353667,0.797891376907236,2.90095103837236,236.221717502448,17.7672166419238
2024-02-04,42976.8482999083,2294.71592480441,299.718153248542,0.51902439892906,0.512337456627929,0.0787084071285068,6.83118446721489,35.9279731892244,0.00000910402822090929,0.117204114386808,0.0812195051282201,0.784297248809168,2.81434876945558,238.303037978697,17.6404309163643
2024-02-05,42599.3599705598,2290.08449287709,304.764843208667,0.503319922580031,0.49490229256998,0.0782444755007613,6.67340558183696,34.8608348812021,0.00000889641386536769,0.11832868024674,0.0804228003014201,0.774357217920691,2.75531913542651,235.290471322507,18.1920181049799
2024-02-06,42648.4569211354,2298.66990667428,300.811694358311,0.506074661318749,0.493368102206883,0.0781834846319452,6.72623354350456,34.5111584678814,0.00000888358790254497,0.118882095670562,0.0818092002310534,0.779255876687936,2.74675559845363,235.355923839523,19.1189666045287
2024-02-07,43087.7874081429,2372.76087873452,302.802035397898,0.505109508775817,0.498441333850525,0.078445115291679,6.80528250451908,34.1647020491995,0.00000885947745821778,0.120888464634954,0.0816753538775977,0.806483755453508,2.73490914606634,235.138551684766,18.3023914275281
2024-02-08,44247.4154154793,2424.07304046521,307.879711423421,0.513397690638616,0.501676661037106,0.0800506204783768,6.93872963574788,35.2900309620579,0.0000090529704051923,0.123361381713424,0.0840505173536802,0.834025468032478,2.86365359224254,240.351328332507,18.899427428809
2024-02-09,45338.2711897895,2420.96856147914,319.310800216338,0.514070497125211,0.528540098796648,0.0798621982026257,7.02228342387288,35.4543277226847,0.00000920138488657431,0.121898572874039,0.0842799737288354,0.840538056397589,2.92736198302784,244.362226598506,18.2181206853654
2024-02-10,47143.2429910711,2487.85089719678,323.399265779863,0.525689287213263,0.540789552844105,0.0815486447313838,7.19339155343635,38.1380068239566,0.00000939576133645589,0.123717878788148,0.0882200605804053,0.853763769563008,2.9939083620385,250.360589010667,18.4815602031358
2024-02-11,47768.9952512479,2499.49218415643,322.83361107941,0.523815382646572,0.550691853953995,0.0813651839330008,7.20567513614296,40.2614858086918,0.00000941423351998903,0.124345419146876,0.0872771149256244,0.848515627299803,3.04672519477257,247.618168196681,18.9437462650876
2024-02-12,48189.8817930399,2505.07680845392,320.510494896518,0.525879875914261,0.540770143879236,0.081093413307142,7.09063870223913,39.6993092143642,0.00000938859366137795,0.124222291776021,0.0863399312009441,0.833733146663564,3.1199126067098,276.349148839095,20.1112505932512
2024-02-13,50050.136094564,2657.99040797677,327.913297880821,0.532164296137479,0.560179273597175,0.082369749740823,7.33673685620289,41.0467588542651,0.00000961650888419327,0.125144306647924,0.088907513322916,0.88179494650671,3.39435359603198,281.107689236966,20.4960247321875
2024-02-14,49732.1453695535,2641.53609749216,325.111732556256,0.525058032443623,0.545525782046804,0.0811485567750606,7.36129405430335,39.7851059174675,0.00000947475449788016,0.127081443199154,0.0904127717561645,0.852655684082056,3.2181223550245,270.979178466206,19.8780424422334
2024-02-15,51790.1692975264,2780.37297490656,333.853698507519,0.538165078559271,0.576350930030869,0.0854775462131907,7.64874561972511,42.2698282375733,0.00000973844677399827,0.129562692152908,0.0920152876395847,0.890141577189066,3.33341268531828,280.799838224505,20.2663997014381
2024-02-16,51958.2302910549,2826.82147585518,355.027460030849,0.562670832075339,0.607915026203734,0.0853961909743571,7.77146985697309,41.6114160147665,0.00000987722391468889,0.131166028599046,0.0915884460764065,0.889536693433273,3.38696507810478,270.608787729136,19.9476552704522
2024-02-17,52166.4343097619,2807.37170305396,360.957882878442,0.565122743806855,0.598611835956074,0.085984191908591,7.66030379968126,40.3153263987533,0.00000988854032097143,0.132911842661611,0.0906548813783935,0.953084927685252,3.28449061379147,274.880185263367,19.5675200055104
2024-02-18,51684.5174926453,2788.56133249961,352.829147199928,0.549953007159745,0.608409309084065,0.0836037494130447,7.6919585131512,39.7412870142459,0.00000963487813390869,0.135913163325,0.0892799247073294,0.928646033885772,3.33218827841304,267.400492576953,20.0333035622169
2024-02-19,52138.4857887369,2874.94527604007,350.169009281155,0.556998950839611,0.619136378755181,0.0851864869117097,7.84374489638593,40.2285117517585,0.0000097334113791489,0.135252225061155,0.0906027104688908,0.996242108725614,3.5126514707964,270.438367060245,20.0899655311211
2024-02-20,51764.3131854878,2943.72308477766,351.821406644611,0.562361024698096,0.631128836125748,0.0893710540363609,8.0328115732006,39.4708849571415,0.00000987934053811163,0.136379750555603,0.0920150152371946,0.995387092466961,3.53665849863119,272.878178336664,19.8233602465033
2024-02-21,52286.7937255467,3015.43895206205,355.104997827105,0.563291173498522,0.622375203831551,0.0861442700163756,7.73468576946535,38.5597002826764,0.00000976865746711533,0.13926784321771,0.0909303313631737,1.02627801890154,3.40344977563493,265.723148670049,19.3165340454592
2024-02-22,51842.7567662564,2977.08201668299,378.929503052857,0.549480998182547,0.598971641785522,0.0846404464077439,7.47370445374567,37.6682680534643,0.00000954968991948277,0.13991224706471,0.0902839496787998,0.950337082411093,3.23903726236089,263.407204253873,18.5705533994822
2024-02-23,51319.5001257027,2974.13158613199,382.141399527465,0.541190407995134,0.587030142345939,0.0841675956218804,7.49656259659621,36.8195044782186,0.00000954777989468316,0.139057852377658,0.0930897675088358,0.992576444417211,3.25040689806184,260.276116102603,18.1419224765774
2024-02-24,50841.0810947709,2926.28591290635,375.429712501751,0.534856120192898,0.584253300131943,0.0844641130450721,7.57580168263076,35.956075428537,0.00000951954195748818,0.138184473207045,0.0918123218330781,0.989438971277392,3.36605405433696,264.683227119743,17.9548187827391
2024-02-25,51553.0967128311,2988.31738406357,381.927652740851,0.544778906733145,0.596338561137784,0.0861037024784504,7.80488262535628,36.7621278595568,0.00000963352933428911,0.137406689836838,0.0943248229279081,0.994596266120745,3.85526635771352,267.378591232085,18.5071567908183
2024-02-26,51751.8840549346,3113.40829828772,388.56271382386,0.542607898181704,0.591957675517829,0.0861073182012983,7.93086852184861,37.4424127274962,0.0000096695055928143,0.137578208658705,0.0944655503840664,0.997527868368898,3.70951214981759,267.819965593023,18.7134542488695
2024-02-27,54478.191083123,3173.62994683714,401.214285422481,0.551300304416416,0.618547698482227,0.0893484954453979,8.08929598904857,39.270683293401,0.0000100966680987725,0.139827330871353,0.0980145095497929,1.05893754201205,4.09439732806834,274.699122524707,19.0994227879872
2024-02-28,57003.5267373081,3242.04765382237,395.055555191482,0.587375368508264,0.624165278895088,0.0982270539796039,8.36581517393633,39.231571435506,0.0000109382469768268,0.142856003033503,0.103462095932754,1.02825416478575,3.96572139246169,292.406707993578,19.0493658254182
2024-02-29,62558.5820241931,3380.80395554212,416.253849238585,0.576529221605268,0.631407948706209,0.116629893974643,8.37280897155202,40.2886487867907,0.0000117654248741734,0.142302078181436,0.104301129565031,1.0121038117711,3.88340589769446,297.231035740678,19.4442203345852
2024-03-01,61298.2168611016,3347.69047242334,399.786496325967,0.587286720693494,0.656441802391147,0.118024646144226,8.24845069350136,40.8782276962048,0.0000126040317297717,0.140475893808383,0.109206256182406,1.00199211309106,3.86865587725857,298.257140042804,19.2835961969737
2024-03-02,62426.6405291919,3431.75199772032,407.348844633455,0.60161779488898,0.714961926797337,0.139024930184863,8.64115820751773,42.6832928726066,0.0000165243748691673,0.141522362607088,0.126560543116233,1.02385916052654,3.95388981036423,315.450716036468,20.0366344502504
2024-03-03,62067.8668021218,3421.89214692414,410.836534115448,0.643575149624023,0.74177551242578,0.142764440457809,9.43448359869345,44.2671747146801,0.0000227147477360946,0.141297717143823,0.146620527690138,1.09482067410952,4.45186009561702,501.749123603373,21.4254730868671
2024-03-04,63053.1054390642,3487.19093186678,414.196905784165,0.626699490869615,0.727649150747245,0.153912505521275,9.79543962194184,42.5738708533672,0.0000225323899221934,0.140715937754931,0.142052721904888,1.08967410439121,4.42352204486953,469.217426717867,20.4997906030711
2024-03-05,68186.6459343215,3634.3110675571,420.007559810195,0.651177830288309,0.77226953463691,0.182484797688188,9.92646280388596,43.0826692718377,0.0000354119215944462,0.140547860721394,0.141968524106702,1.14923342161747,4.34633884142804,468.520451951752,20.4819159036295
2024-03-06,64291.5365575695,3581.53488490857,396.656726480403,0.595283270342023,0.697207613496059,0.155774563995797,9.3716289726612,39.7195980480557,0.0000362884102382532,0.136359699858258,0.153356638319637,1.03856531069016,4.27329543397294,403.504548552819,19.0441432511569
2024-03-07,66145.9192785085,3822.36581815615,428.802134490356,0.612915947888232,0.73362593705062,0.158266731307615,10.5085186172056,41.560031140741,0.000033609167483255,0.137866797580122,0.158048777136707,1.11740554752304,5.84639396529135,415.536664494967,20.0894691076336
2024-03-08,66944.8763905357,3861.90099901377,473.46385757404,0.628380182183506,0.744449593191725,0.157833803590151,10.4119385811248,43.3512007161936,0.0000314498745130358,0.137127248354051,0.157842011633355,1.15846516362863,5.52838520361407,431.643280079653,20.1106476667261
2024-03-09,68315.2519207831,3893.6138841967,485.306408619126,0.621482436341939,0.724737530587043,0.164910930179856,10.6812327009686,42.727697513882,0.0000353703574185528,0.137005505608707,0.162712775005694,1.12640159519167,5.7476725320361,436.524430745734,19.7348363015902
2024-03-10,68508.0039626159,3916.0411876991,490.137360643607,0.622514229068739,0.744974608067629,0.179609681537518,10.5381960000315,43.0873171123148,0.0000351028603581266,0.136081934685556,0.158544292702175,1.1566010462124,6.22192554071648,433.972213479696,20.0482264074939
2024-03-11,69075.6668819574,3887.47310473329,528.950196446031,0.608556045528796,0.716057886037533,0.169469394425765,10.2731289357583,42.0154746221974,0.000032796307779097,0.133934555467351,0.165136322551585,1.22779655261274,5.95838037351858,423.417459330361,21.6383524195848
2024-03-12,72130.5530076568,4070.604074987,522.842043101288,0.717049252482876,0.774975317332848,0.182340425176027,11.0606733176613,48.8042084680058,0.0000338614898870714,0.133681770507218,0.169320423819813,1.24369288098424,6.66486384815211,449.099936103163,21.2999515639348
2024-03-13,71467.1735032606,3978.68577137811,539.404206288734,0.688693206245854,0.748191713308547,0.168182626919502,10.7363126026269,55.460020826989,0.0000321769105700373,0.131403611695561,0.161835864331563,1.18051766520392,7.98147760752895,433.465851973718,20.6615165835452
2024-03-14,73097.7670269413,4007.91212607567,628.45430922135,0.689654561198956,0.763928862401884,0.169076171784686,11.2710609676742,54.7787321307835,0.00003200298030142,0.131970411302426,0.160911296169074,1.27201350388495,7.76053436087098,442.367800422514,20.7472724450032
2024-03-15,71420.0318014235,3879.03836664296,603.265750757999,0.669175407717184,0.750550098481413,0.177367086153056,11.4631637362503,54.2014808026045,0.0000322770426036242,0.128896060813778,0.152657900296587,1.21935603609876,8.8159398853399,440.616508270405,20.8947913756921
2024-03-16,69497.7631929463,3738.38118446206,621.656702944523,0.634263743906866,0.7270113979442,0.163284127914111,10.8221755743445,58.2400676748995,0.0000299003463540202,0.126259748436302,0.14318235087334,1.14123324123277,7.49616619353524,416.591778735897,19.5862933560826
2024-03-17,65292.3132933129,3514.22247217816,575.438114180957,0.602307338443056,0.658237125622931,0.142037598384468,9.67133804478049,53.3600019961438,0.0000250575901168204,0.124884331414011,0.132520406451948,1.04101305811215,6.72090876382894,388.013850986332,18.0765540667875
2024-03-18,68425.4156564305,3643.28034737983,572.029730938386,0.619147028106763,0.681772090994549,0.154130825754537,10.0721841442301,58.0107446538256,0.0000292994477658865,0.126574160440562,0.14385987910251,1.08779155441769,8.1701184999306,402.272149086249,18.6497094615626
2024-03-19,67708.9436093081,3525.89364067002,554.207318092333,0.653906622422681,0.662328190907913,0.144061357281418,9.91063355195372,60.3918717043015,0.0000268844515557632,0.123988653567935,0.13524796030247,1.03071523897163,7.01472771406629,402.410045642867,18.3399255412958
2024-03-20,62132.5173787344,3171.29383663982,507.012218147017,0.585240004502555,0.586019350902608,0.128470771348776,8.7851167820267,53.6490322419687,0.0000249239019423135,0.11248468092493,0.121419887066161,0.930820111424953,6.36229213257606,359.14862419568,16.8468260641777
2024-03-21,67819.0557068403,3515.68843185486,556.508204265314,0.611701579325299,0.639139961637811,0.151297532462556,9.48813695407311,57.1035135002209,0.0000277073536390133,0.120873777096474,0.13998487918759,1.00875848024436,6.88990932154532,409.078772353866,18.3747793294663
2024-03-22,65535.9784484766,3493.43043877987,553.722543491249,0.64132905627659,0.632776346379945,0.155598491013747,9.1777331382073,53.993535276079,0.0000271943656240181,0.121058429368084,0.137605353583803,0.99485606790839,6.45919478475836,414.156662473762,18.4323097914697
2024-03-23,63509.0449652313,3322.89127732032,549.860754398008,0.610573456968842,0.612303779680399,0.152093697043465,8.9035072499724,53.0742832206459,0.0000264385176309692,0.117194637859723,0.132820661693396,0.968390639685214,6.45583640608184,426.691289182741,18.2298001434304
2024-03-24,64285.802791022,3353.37124153849,554.164415399766,0.61812079945003,0.626207258573385,0.162450478597716,9.0151436002389,53.558369538732,0.0000272608467997687,0.118522716764245,0.137140247558038,0.982463710062409,6.64330176305509,457.140150650398,18.1174524926554
2024-03-25,67310.9832681011,3454.25707138956,568.740767977112,0.63371182394326,0.64602479039824,0.176653471533149,9.37592264743369,55.6372220091344,0.0000280896064761479,0.120184723455074,0.144023740732679,1.01204838996825,6.96338581399405,483.127501977095,18.5458901306793
2024-03-26,69938.9453020024,3588.49340218929,586.42850399359,0.640037612903288,0.656199944873147,0.175062037351577,9.72684866239983,57.6283801748831,0.000028666900488207,0.120432458114398,0.147625529520005,1.04414841232433,7.45737892072468,488.03828427048,19.3495053179035
2024-03-27,70082.0512247598,3591.54852790284,580.852023000918,0.632865919490278,0.66537903845725,0.182528851345165,9.70040818408168,55.9056053666176,0.0000306994683908102,0.120863144135976,0.149333454169559,1.04695699390022,7.6669509670978,480.617138193849,20.0364616794944
2024-03-28,69435.7504030521,3505.2181161827,575.54793743849,0.612301666174284,0.648157286733494,0.189663275474282,9.44319790523814,54.2444593211454,0.000030150225545421,0.119672670661212,0.148886101481858,1.00923523844932,7.26203329284648,541.641480392233,19.3309016031635
2024-03-29,70710.1953486331,3560.26151146781,583.29074412568,0.624080729099987,0.650176399951593,0.219902635907078,9.52050172806286,54.5805431053597,0.0000320021833156739,0.120336938735984,0.159054529839718,1.00165332748531,7.19589117742795,568.612537531183,19.1631842397243
2024-03-30,69919.0554614861,3516.09605762798,616.582920554828,0.630584870314616,0.664243898525475,0.213122966293939,9.58864129822226,53.4491244704586,0.0000308454955611978,0.120028251355751,0.155586502541896,0.991496728189323,6.97454980735696,621.971419468836,18.9992114737186
2024-03-31,69702.3087473573,3507.66065594747,601.206505745637,0.621010408717339,0.644486539721464,0.199890447200943,9.43756774182971,53.0205896085022,0.000029857539055414,0.122520964148136,0.151758117825785,0.980731347009201,6.9451635839668,597.272221709771,18.9493110630295
2024-04-01,71246.9514406014,3644.7675987849,606.625982080198,0.628962632431961,0.650449791081512,0.220254964452646,9.62957523124774,54.0801146097992,0.0000307385765690033,0.122898739126936,0.153079270541561,1.00290781474453,7.27997093485034,680.344462121967,19.1096221325054
2024-04-02,69785.9250380237,3508.24772010854,577.957353986315,0.612152699789119,0.622240084846313,0.205770505372639,9.17128966778876,51.4960006733096,0.000028680178203584,0.120634264709726,0.153063850099349,0.952479133289166,6.76653527365971,650.700737655457,18.3941978557858
2024-04-03,65440.4192258716,3274.90120354441,550.859300835756,0.585237206522267,0.580372174563656,0.182535363011433,8.58267231739186,46.8813966681073,0.0000264052502770828,0.116665320268775,0.141052199553423,0.900016948089969,6.22352563109364,638.880370683263,17.9770251211227
2024-04-04,66123.938539074,3316.68295467753,563.599177836266,0.575390505485038,0.571746626742285,0.175604528942293,8.43587810168235,45.9657829368574,0.0000263883553272325,0.117282360267131,0.143187805140307,0.895668549647791,6.62315868919441,595.535929168722,17.7249452463247
2024-04-05,68542.1771527951,3332.08983661591,585.5721433827,0.593462440169265,0.582465181373526,0.179845931212946,8.48912177649427,46.5107435732902,0.0000276796532255479,0.119217747822516,0.14461930304178,0.90528904595342,6.72505948878916,667.325142702978,17.7897124439384
2024-04-06,67978.6102340851,3320.28158898344,580.067520721652,0.58805824893715,0.575685105979831,0.178025330456827,8.40221277287981,45.4317210471964,0.0000268461479965129,0.117905533338928,0.14134167002472,0.885627031863986,7.22504583200306,659.180606683542,17.3417375291551
2024-04-07,69000.6499164776,3362.83890750329,585.393972044468,0.593399180755894,0.58375664703524,0.185692949416002,8.49611641724302,48.1525525861946,0.0000275124937315935,0.119513952719922,0.145852857057642,0.898177719762372,7.02117743827813,695.336259089788,17.5633632730828
2024-04-08,69401.9736091101,3453.43612617929,584.29894553874,0.594670603247894,0.588914373495614,0.199498260552941,8.70132523099602,49.1194421874648,0.0000282378610564782,0.120511668770358,0.146215520219231,0.912234441609635,6.91466601417087,684.178521878157,17.9181162927119
2024-04-09,71624.18486237,3695.23939114191,587.456851693511,0.615543456428266,0.613946483584366,0.20272749884003,9.03544690715797,49.9207626570095,0.0000287479487077851,0.122958762258641,0.150757199036911,0.945920510513197,7.35620379556242,680.325755428585,18.0939131650303
2024-04-10,69158.6438120767,3503.6535996841,581.164703742128,0.613693937782081,0.592220359906436,0.188926249387562,8.66139298864298,46.511897033646,0.0000274829344693171,0.121040207756074,0.146346188089187,0.89785055388352,7.20771901462606,673.52433914996,17.3611845777667
2024-04-11,70527.8899757896,3539.76306406494,609.123248047515,0.617372749699949,0.585721019706881,0.19961017686297,8.40983822455127,47.2972151060654,0.0000279788166882364,0.119127117275006,0.145520128003631,0.886461527247021,6.98043993470889,628.666341731824,17.4069766696078
2024-04-12,70106.6641307095,3508.57849844864,605.506716491974,0.60885350697472,0.586180316934367,0.194111963759602,8.37288816059786,46.0666888491678,0.00002754440524512,0.120378613773268,0.14932218778253,0.878676914807782,6.81215746689708,614.365748101263,17.5519363844036
2024-04-13,67252.1050422663,3245.50059269832,596.658133469092,0.548462250711436,0.504534378488965,0.174803317698813,7.24591484282257,39.4299076439181,0.0000248064730332098,0.114986967910428,0.137632160563442,0.766965501768894,5.79580643482813,534.583852610296,15.1767656407609
2024-04-14,64404.8254890741,3022.0057852476,557.279411451163,0.480866999952484,0.449027951216224,0.153871871734136,6.44682758218384,34.1735900789076,0.0000213084419468653,0.110274458264337,0.126441214848655,0.656748624459855,5.25154540861276,482.778791277102,13.3750921362629
2024-04-15,65752.6600472888,3157.6837658278,567.902176887771,0.505139450638775,0.468726510942779,0.162499520584365,6.87729917187502,37.46766833259,0.0000227403158496809,0.112620336405092,0.133032709939799,0.713286899222239,5.70262043655735,528.790572874956,14.1196616023199
2024-04-16,63430.5714573684,3101.19073567477,553.301763364125,0.497455787571913,0.46031261829989,0.161708573747491,6.71376794825481,35.1522028433605,0.000021941213078817,0.111627055096922,0.127219212917152,0.707588992038676,5.22247687058266,507.80533495207,13.576761153393
2024-04-17,63720.5015874807,3083.70601476607,536.83488029467,0.496433916418177,0.45835920849193,0.155912044154501,6.70073515466258,34.7865736552427,0.0000226782783678924,0.111831709903095,0.126974540298732,0.703449476029053,5.49721203490012,487.245207364097,13.5046195262013
2024-04-18,61328.8979886072,2982.6157347098,535.017517697155,0.494797857906557,0.444589896986397,0.147889892618716,6.58404725043435,33.6101180255455,0.0000221167910531101,0.10973450055036,0.121209631981381,0.668382606584501,5.42532864515763,464.630490894487,13.1478013274141
2024-04-19,63461.5926951072,3064.91159222943,551.580753344524,0.502630196282461,0.457827652274448,0.151960247846244,6.78119907940273,34.8255774646953,0.0000227678160396324,0.109278555513125,0.123666375494276,0.676528572226754,5.70347518057941,482.954406518505,13.8816337280743
2024-04-20,63988.8184717857,3065.68256156591,556.766348717498,0.504336886490601,0.469916709022351,0.156043997639363,6.69993896526441,34.8056439271188,0.0000229127326039117,0.110084989882478,0.123365002671112,0.674750069907879,5.6014178728604,478.371491192935,13.9920893008723
2024-04-21,64894.4186910918,3152.19150665195,570.61834742822,0.528648920014542,0.504783554361883,0.162586495498378,7.21300987079515,38.2224898620057,0.0000262452698362132,0.111051872915255,0.13064298634837,0.73638092379163,6.21320692160937,514.919432243268,14.9368075469697
2024-04-22,64936.4207567739,3147.13775429932,578.897083214871,0.524269371071795,0.499100440170612,0.158133419324252,7.13406179997795,37.1004276227369,0.000026280754051695,0.11123216132447,0.129017111752512,0.71329014172752,6.43766897327543,502.391192641192,15.0673666605094
2024-04-23,66841.6668520736,3199.76958989407,605.25628333532,0.556080360024797,0.516369447410661,0.161157104816407,7.47488781177214,39.2193484863661,0.000026894235073998,0.112282080200517,0.132754911468366,0.743428418712605,7.02767962279647,522.183993604726,15.4613148722288
2024-04-24,66406.9524439267,3218.96726864281,606.999045777537,0.5453395286463,0.500444491693891,0.159923125261847,7.24498208133306,38.2658987300259,0.0000267600710076545,0.113340435221335,0.131144305393242,0.728227497115521,6.89495870024103,505.612465069087,15.1980354059593
2024-04-25,64279.5181285752,3138.8143570094,607.553118806195,0.527146375506535,0.474898959584288,0.151312862007472,6.93256156874525,36.3760656727469,0.0000256442273423551,0.113216827612673,0.124773528195747,0.704661137799011,6.88154275657047,479.083730820193,14.5332090626643
2024-04-26,64486.183359159,3157.61931748159,614.401106857244,0.525427810947414,0.47057883062344,0.151544784702551,6.86135395264999,35.5863632138248,0.0000257139948946021,0.117224152479652,0.127881669128848,0.720267127538311,7.14887211273682,478.745356728795,14.5976837741548
2024-04-27,63802.3300492588,3131.41921974005,597.883608705861,0.525941526023357,0.462434494232254,0.14782872364691,6.75749212662591,34.4125076553926,0.0000252313642842452,0.120043214306002,0.124262846632227,0.702818101237187,6.91963966194822,482.600184066377,14.4774234956019
2024-04-28,63517.2487434096,3259.25222276544,596.398620819615,0.518538919338364,0.467810297929045,0.147971202625847,6.81015104900152,34.4961554360793,0.000024818688554163,0.11985415943371,0.127101976522546,0.733167836564905,7.17201724069318,477.95301645444,14.275231492879
2024-04-29,63030.4336166819,3259.50340425603,599.575119183512,0.510010493961171,0.459942096718784,0.146669419742674,6.714183204502,33.9210019166613,0.000024217775007594,0.121359573280287,0.131480248751671,0.72087989659413,7.05171765726504,470.285695545816,13.7867340531806
2024-04-30,63797.6796358996,3213.68900049481,593.249113386671,0.514870914682578,0.457076361419326,0.143464015903815,6.59091589393778,35.4423807694206,0.000024141908108538,0.118984138107863,0.131746985887354,0.704902932972649,6.86766509023717,465.491773528246,14.061254005928
2024-05-01,60749.4720921639,3018.54963587782,578.189862251005,0.500177540302519,0.440954149930704,0.133401410771534,6.42411893372135,32.7318702456366,0.000022432170719496,0.119341012624387,0.134514867568693,0.667399358693047,6.18118527952406,434.538661197163,13.1358967767863
2024-05-02,58297.5740753255,2976.0902075157,562.220221163871,0.516016493106364,0.449550883957606,0.130189650920526,6.85579629978107,33.2311682588558,0.0000226253839386282,0.12017797030699,0.127939026193047,0.690420893765669,6.1553536178781,424.114164371139,13.3235332209016
2024-05-03,59135.1733607733,2988.54864904527,560.705341458081,0.518377641316468,0.458153805755292,0.132228507348518,7.28940475481816,33.6236576664102,0.0000228763159621885,0.12226117530128,0.128306388737632,0.720873069053001,6.09091676525615,429.568102996531,13.5962763946436
2024-05-04,62839.3407356938,3102.15129236566,586.432944142985,0.531530134140714,0.467114937714102,0.145985374230054,7.25524539335117,35.5717543947234,0.0000244489982071999,0.122749915287485,0.133386934001647,0.732510708923903,6.8751744026855,452.950171790321,14.1077368470525
2024-05-05,63820.451902925,3115.02332157301,585.709191989958,0.53001056079365,0.463075749899171,0.159954764328202,7.12384050631514,37.3566488221853,0.0000250373049837014,0.122308154031803,0.132709938595673,0.72922239257502,6.87759844059113,463.055698134946,14.3173497797592
2024-05-06,64010.0086521089,3136.57511039041,591.569686423441,0.529497942054905,0.458059257523548,0.160874656347562,7.30547352319124,37.4061896376643,0.0000246982461739766,0.121091475732313,0.132338286550903,0.734222834739575,7.48878848143613,469.18166451312,14.3653954917703
2024-05-07,63172.4812955134,3064.59139956034,587.997527670391,0.540402368765477,0.454169093893354,0.156536480034457,7.12125005429101,37.1364100479387,0.0000238727946865866,0.118609339174937,0.129508720780372,0.710479820017847,7.31001030923327,473.254134053017,14.506570976121
2024-05-08,62363.0571917186,3015.15976961669,577.820758078718,0.524688375472194,0.441719232744615,0.150255545614717,7.00285099349799,35.3502240545044,0.0000230391002835507,0.120566191348118,0.125918809909247,0.693337602763245,7.13161150156361,471.288569021457,14.0291894562736
2024-05-09,61215.5040087919,2975.72696606529,588.600181681706,0.517824089359953,0.453368704262868,0.14350155359653,7.00075910458163,34.0663513038495,0.0000225702101968098,0.122895326661604,0.125015192058879,0.682415807944712,6.8295793247796,448.637868288353,13.9103517863525
2024-05-10,63148.599943097,3038.34470466682,596.363404922741,0.521111843013099,0.463699173295604,0.152084599304425,7.04886339631256,35.0612413767904,0.0000235156552288965,0.126286901918849,0.127495175300503,0.694378503129874,7.46863116415878,455.155229871953,14.2437202942932
2024-05-11,60888.2167495716,2910.68450001747,585.63209486269,0.502225797175963,0.44843722989091,0.144053656261458,6.75306721145993,33.707244232196,0.0000224298091462402,0.127394162263909,0.123045544689482,0.672000731415073,7.27238819032003,426.619391543881,13.5677909915725
2024-05-12,60776.9720791721,2908.98278490319,591.532270564387,0.505465690623026,0.438572394434385,0.142809402586098,6.65471018385246,33.4558475678527,0.0000224796801617891,0.12635045299701,0.124051184630428,0.675800271007848,7.01311971292973,429.083289878561,13.2889527295051
2024-05-13,61507.0540041214,2931.31066691391,594.047892821934,0.499639015386823,0.437780925754015,0.141157532883822,6.62155852674943,33.1669506086904,0.0000223157709706174,0.127340884737103,0.124929374657977,0.670952964990067,6.88787919583898,433.252063834569,13.5431414306917
2024-05-14,62878.7833007293,2948.30345526594,591.443030244664,0.504534406188425,0.43622276278213,0.148418048197525,6.66495226318035,32.4159878785075,0.0000233030660041308,0.125687730195288,0.123609639187598,0.663089151200074,7.27053765485262,437.261548161989,13.3678674306497
2024-05-15,61569.1130057734,2881.79599161529,566.654079710865,0.499702671895524,0.427894814492481,0.145421800391146,6.47611441545605,31.5757285869777,0.0000229525834875843,0.125384698919804,0.119733368027519,0.649122417272859,7.02142051668177,428.899817222697,12.9820568149004
2024-05-16,66220.5183143283,3035.7589551263,582.277666854306,0.518594150276074,0.452864888438397,0.155709846115315,6.95895183025766,34.6322150333831,0.0000252359321256301,0.126308538999517,0.125592049363948,0.686025039462778,8.04309588610388,464.477394817032,13.8896186712977
2024-05-17,65260.8798033462,2943.58512838422,569.183392114482,0.515796241470746,0.459582048799565,0.149711074500886,7.02804931636176,34.4835853106616,0.0000245193369218268,0.125080967883539,0.123745373288696,0.694310130365437,8.01533729208977,444.856445612468,15.5003652289976
2024-05-18,67053.1232650956,3095.99684429297,581.352834800721,0.524203183233084,0.481735737929436,0.155671396999867,7.19975318292138,36.4444611116024,0.0000250373879666658,0.124525935683709,0.126100428399645,0.714364676629522,8.04390700674258,466.385632878438,16.265869753444
2024-05-19,66912.618614037,3120.54937825411,579.673328962123,0.520811321183837,0.482045877706605,0.152984767238522,7.15205721579181,37.169223040991,0.0000247540282744858,0.122980442928518,0.12497582975848,0.709052916910767,7.92093078238017,475.592553166124,16.2944987577044
2024-05-20,66252.7125959161,3071.32441809376,574.231873901316,0.509693996151629,0.467454095584356,0.149052713182448,6.93127256255364,35.5948241077429,0.0000238530739276875,0.121154543455246,0.121842091934511,0.683417970959849,7.78864622443732,484.823894190348,16.5855061166688
2024-05-21,71430.2970021514,3656.39009029932,600.777766011947,0.537264811844893,0.50172308974398,0.165235142350668,7.56854806813881,40.1401757140989,0.0000259860331671128,0.124428265050857,0.128165031078005,0.750492085317541,8.27544166891842,515.135742120236,17.3114625866685
2024-05-22,70189.8358177002,3792.48622021177,618.819256528706,0.537002209807034,0.494721928736099,0.170770534501268,7.61140211240872,41.1596767326193,0.0000260718682083495,0.12365714970931,0.124971100653315,0.729718434384406,7.81665118180321,514.800601433441,16.7525542926736
2024-05-23,69181.2008567776,3741.89774056091,614.719377822749,0.52654382108452,0.483201894476323,0.166107093663027,7.45247743114669,39.9739916854232,0.0000253012597525472,0.120128584890246,0.126286580488961,0.723877607947652,7.97309437114098,498.848576858435,16.346469160878
2024-05-24,67906.4653427611,3766.39809134194,598.799140933079,0.529068823089098,0.465342750678977,0.15961778434931,7.2042606343652,38.5311252783502,0.0000245846575088133,0.11520897234375,0.122162980598645,0.742003234286974,7.6869484288639,490.716035456785,16.5884298335292
2024-05-25,68539.9164655299,3727.06598158321,600.023743035289,0.53509150413393,0.459628260269742,0.16354097163125,7.24527390161931,37.9815825691025,0.0000243756626476216,0.115405196199522,0.120596245760565,0.723009751079831,7.9057986620202,494.509588782089,17.2448194614279
2024-05-26,69268.4455897377,3750.07715938968,602.185289762264,0.541463277063268,0.461977953014657,0.17289907262276,7.42820048300248,38.2837637695302,0.0000250010791586605,0.113738695101162,0.120898007196741,0.729626895709962,8.20286933557758,493.37185695448,17.4356235710507
2024-05-27,68508.831108757,3825.27795757771,600.009956753279,0.528232395510039,0.458304490910526,0.166209261218384,7.55321672876456,36.7688029976058,0.0000243223642161282,0.113134453204216,0.119206094281615,0.716663497046112,7.80298721265549,484.009449571089,17.048630177857
2024-05-28,69367.2387175573,3893.39210589411,603.737986316048,0.533995656929831,0.467957940826228,0.169126909938027,7.62802780205508,38.2221720115013,0.0000254879170749974,0.112479443881108,0.121652782846205,0.743490256257047,7.81236979391211,489.16163569279,18.7889150135356
2024-05-29,68316.6358804963,3840.68886040005,601.027199842003,0.528089927059843,0.456826249535975,0.165014930190734,7.36680304673988,37.0129297672572,0.0000266578937631662,0.111160254342451,0.117749966874485,0.731765488336098,7.70633172548036,469.875877362816,18.5159538752676
2024-05-30,67577.2655899596,3765.30255677808,595.190694930827,0.523022602933952,0.450738740656646,0.163693930755198,7.16906907241618,36.1449758966653,0.0000276156402327268,0.111941987986234,0.116517633855762,0.714092801591913,7.5680394302922,465.543393308127,18.4550377951546
2024-05-31,68372.4928843409,3748.63915233346,595.081943564791,0.518928009769097,0.446340201984995,0.159510926632533,6.99812179101849,35.980316951402,0.0000259049267708988,0.112021925254858,0.116385597282674,0.696483671234663,7.28528278119559,465.232758416267,17.9574510617553
2024-06-01,67474.9548369841,3761.06924564763,593.707315996722,0.518016794598671,0.447535589223587,0.159115525890398,6.98673892075476,36.0892467456918,0.000025447648523124,0.112066388156084,0.11340575699068,0.69494552168208,7.25350215977748,455.213551388732,18.4154443173338
2024-06-02,67704.3264181152,3813.45244155993,600.923978984339,0.518039378608958,0.449869812151476,0.160153079728342,7.05833121885906,35.7727288625154,0.0000252820274786154,0.112482380397633,0.111685556642891,0.69838181022807,7.36917259475927,463.06104551069,18.4085379148773
2024-06-03,67740.0169022248,3780.71198473491,602.947139863289,0.513117539851072,0.446383884700356,0.157016376418797,6.98102645732175,34.9350028507148,0.0000246207900078589,0.114705211810258,0.109701523717367,0.689538920400407,7.18735689835277,458.379173750024,18.126241404209
2024-06-04,68808.2936859055,3766.63764994126,626.564554887942,0.520061253227223,0.456805304350416,0.158219318361447,7.01112800533666,35.0367310541254,0.0000244163467625657,0.113417874434666,0.10918303566467,0.70447631710508,7.11819626883388,464.742407003343,17.59241879891
2024-06-05,70600.0111667609,3814.9320301465,686.510667577228,0.525877758400316,0.461415768462375,0.161542870498626,7.19104795614354,36.0917570795959,0.000024648471048879,0.114491368838375,0.111367397447494,0.715488888849803,7.42548642718484,477.324874190264,17.7345518417988
2024-06-06,71184.599430592,3871.08209062167,699.924112025121,0.526266121276277,0.46167843628047,0.163507978893958,7.2540354391377,36.5359810755311,0.0000259339097504408,0.114695386397449,0.119030553375469,0.725447243719041,7.66088896179947,495.594455601968,17.7566638427936
2024-06-07,70759.5881930143,3812.7018565492,710.043483058906,0.521672647527637,0.458149030059497,0.160167946539773,7.14166758912784,35.9261696027143,0.0000252572612098929,0.114710950911701,0.113784347094686,0.725625459952386,7.34002505476796,495.600494722982,17.2697371478833
2024-06-08,69325.3623884722,3679.37665237418,683.338327979796,0.498860537944905,0.449496907306035,0.148306938132725,6.65896671551773,33.5099097680695,0.000023700776800416,0.112704077389806,0.113173811363952,0.666961922003043,6.88093862021387,477.974828249521,16.3292002421469
2024-06-09,69315.1041233966,3683.02538013465,682.782749746862,0.493173264649418,0.436710735037462,0.146109151219034,6.38760790141342,32.3003838965774,0.0000232427991665347,0.114753182032896,0.110836538812159,0.650090972357412,6.57091754685746,469.840718455297,15.9480564748179
2024-06-10,69654.1607376036,3705.89988440455,673.495305137746,0.498548296931328,0.444217359975159,0.146777656188016,6.51940039190193,32.9600186960164,0.0000234996151727284,0.116876638640105,0.110123167378602,0.65577555329768,6.59338852724472,474.391645506199,16.3702154787127
2024-06-11,69493.1776091574,3666.82766472582,624.111186588273,0.496732831055978,0.441001888071844,0.144834185362341,6.51022872406257,32.3057200003653,0.000022918379894672,0.117590723234176,0.107209662721528,0.650976945916227,6.39262837149958,468.855734620792,15.8944166344677
2024-06-12,67329.1523272432,3498.55595422158,601.689249968719,0.480254555818986,0.421831692834448,0.138050634389369,6.37957640396834,31.525061767097,0.0000216093771904292,0.116449537465388,0.100867843872972,0.617871415098098,6.06599344044966,446.237567652948,14.9837847016587
2024-06-13,68224.5196750199,3559.44753362576,618.838773402837,0.491424162878571,0.437622202417755,0.146085488926331,6.74083714789572,33.2562673386629,0.0000222097538822101,0.116415639187441,0.104140199946871,0.643863391246576,6.3940211167128,454.334314641352,15.9944465603395
2024-06-14,66700.3169656438,3465.31658419948,599.156652066457,0.476517078032318,0.420746443768714,0.140989786350885,6.36079685093913,30.9624855913754,0.0000211702433759666,0.116794980559806,0.100161215541076,0.60391712979414,5.91062818031774,431.222650486895,15.1211400330495
2024-06-15,66011.0787371373,3478.77483498892,603.053817593413,0.47410991032566,0.41154227146275,0.134951162509217,6.16292983187854,30.3019040330154,0.0000202819893336231,0.116386403453724,0.100586260836088,0.590792788095065,5.57938990931124,422.626410374405,14.7410392761477
2024-06-16,66190.4874891135,3565.12325918626,607.806556216913,0.490627000737896,0.413718978283244,0.136558936693158,6.22069069681128,29.9676318464731,0.0000207573531805411,0.115203424861648,0.0999232125028206,0.617281014469015,5.60061447171218,429.614731656178,14.8598700876127
2024-06-17,66615.5378213177,3618.5086529761,609.833030933243,0.488585114821889,0.416188117390079,0.13683276112182,6.37781476492429,29.9890241478909,0.0000209116935441559,0.117180567836856,0.098747500693154,0.618880170606561,5.64000655032353,428.16568643412,15.1145689121251
2024-06-18,66460.3889790995,3510.3586935289,603.931770595882,0.504434504473629,0.401636504115766,0.128881150817754,6.0703053327972,28.4673112396462,0.0000192913601773294,0.116756830959478,0.0944176828184035,0.584010825806574,5.15902646162935,420.033503871433,14.5260592158563
2024-06-19,65109.3148121905,3480.47133842761,588.354729933259,0.490690188105547,0.383715847185004,0.122145705939885,5.7666389180788,26.6094538083958,0.0000181339244803586,0.115408105345915,0.0929319250902186,0.556706830750819,4.73008397993209,389.371934340647,13.9487715948457
2024-06-20,64907.0746076032,3555.96583955354,598.182399570793,0.492996348017319,0.383289550093092,0.122209492028025,5.79045028842966,26.8519979056798,0.0000180722036218738,0.115804963212246,0.0936721673621813,0.575670687353491,4.95384135108515,388.307278241982,14.321971785054
2024-06-21,64844.6744179776,3511.28482815368,586.90593534942,0.488590957994582,0.383980948194368,0.1243971253676,5.63759955115956,27.5309736718356,0.0000180474183046553,0.116643017124132,0.0938474685332117,0.573028658855292,5.15758890869224,389.824780801963,14.2522860027665
2024-06-22,64071.6242847097,3516.88098000528,585.861103028514,0.488644184993194,0.375911617627854,0.124026024092801,5.60976358464472,27.4411502515284,0.0000178397787025935,0.118295403455998,0.0928975226837358,0.568329046949086,5.40715397330504,382.761313640499,13.8566140100154
2024-06-23,64239.9034881315,3494.79856217318,590.559648618049,0.486272592065979,0.384692375359604,0.123764353917419,5.74506276540644,25.6099147661305,0.0000179801231836038,0.119594137721884,0.0933964104671251,0.570982331599085,5.17286630487471,392.115507817304,13.4727421130216
2024-06-24,63221.3573843748,3417.79713729782,577.112305791683,0.478959493025931,0.379721445549897,0.122068563339939,5.63785164966331,25.0495024181898,0.0000174941377057921,0.119125726973879,0.0914053582817933,0.560608653215452,5.18279760737386,381.172701260491,13.1670181285215
2024-06-25,60363.2349752963,3357.10064007276,568.286625792048,0.474309643447513,0.377748321104431,0.119146541563232,5.72916246204386,24.8562647933024,0.0000170960049240684,0.119138124638954,0.0885163231376298,0.561452228493855,5.38240644711729,364.409542930153,13.6245231984647
2024-06-26,61770.4138700954,3395.30468733969,578.10170306042,0.47552676206523,0.391884122457777,0.126121577302766,5.84328746324197,25.4066189463941,0.0000177362896420486,0.121878242170278,0.0906258430704441,0.567562107693782,5.41603913354996,388.597856306587,14.1983033733296
2024-06-27,60749.8961940201,3365.94466970839,571.965390194302,0.46941827415664,0.384614870948131,0.122617971151122,5.79078538323161,25.8020810354409,0.0000171087474188928,0.122462893249157,0.0891766973479629,0.551072312261606,5.1690876769418,373.433464474327,13.8992552004263
2024-06-28,61562.6453255004,3442.91015811012,580.484809831635,0.474568997547635,0.390538497833994,0.126906615570245,6.27788332270044,27.8674932180083,0.0000175278412531965,0.121859802201201,0.0915496419222538,0.566103717966184,5.20959687514558,388.617414611901,14.3787982289196
2024-06-29,60317.0969794512,3374.60513030679,566.779183523564,0.470758119075824,0.385175667979408,0.122822791124433,6.16820080240728,27.8975568951929,0.000016952077036943,0.122975886241025,0.0900650098975555,0.552172087680291,4.95740261108613,385.44822085287,13.7618798844237
2024-06-30,60864.4431619343,3371.27822796746,569.037979199843,0.471671544476482,0.383257376497192,0.121633942004633,6.06872958470133,27.7014674031117,0.0000168699478570569,0.125295438148056,0.0900111786936884,0.54667328326213,4.95067091590655,380.310406752114,13.5004181006585
2024-07-01,62734.3938394547,3435.31832763374,581.778594648198,0.475446750901768,0.392039816665166,0.124426284294022,6.20711582200695,29.3068053112958,0.000017228656833518,0.124589635131887,0.0916498026154863,0.559840326897192,5.30228033013141,393.755002019075,14.2417821460814
2024-07-02,62819.8222692185,3438.00907899991,576.458210444657,0.476417897031731,0.402757363811448,0.123356251474648,6.33637455286242,28.8179691456735,0.0000170745624744584,0.127708633733985,0.0918330815041013,0.557470387130119,5.25738871216178,384.051621907314,14.3157956343868
2024-07-03,62042.5650371006,3417.89842554784,579.024450271027,0.484408097330287,0.417407242234927,0.124981808334597,6.51025173233143,28.6279919394188,0.0000172295606027762,0.129085192709069,0.0903895559519267,0.570471175599007,5.50865335636062,381.603071229255,14.3930197489439
2024-07-04,60244.6807643309,3295.80846442998,556.979715422894,0.466831288301495,0.406529834020095,0.118501474565196,6.06159483762893,26.4917423180955,0.0000163878447203956,0.12850429505171,0.0888707767608667,0.530851077592468,5.03411543993486,373.13376118937,13.6297937630482
2024-07-05,57189.1741240864,3069.04340083408,513.945375549693,0.43371636504867,0.363160959745249,0.10484475469613,5.56172670611507,24.4660654082849,0.0000146383478005707,0.127413742377731,0.0848926082713907,0.49624353567949,4.63563404053269,331.668843180374,12.5892607831693
2024-07-06,56739.862851072,2984.39810249826,498.621967801353,0.425391421013909,0.349841069170338,0.105835522794368,5.67043852539192,25.1336956431144,0.0000149603931061191,0.126971904657311,0.0840896430008602,0.467676530485248,4.41537377903163,325.95234580882,12.305651653176
2024-07-07,58230.4841542266,3066.24743795406,527.456637163523,0.448870658036335,0.37100809198509,0.113359170535361,6.23930274124871,27.4199645976622,0.0000173703237997057,0.129928948525337,0.0874823061146427,0.50654513481946,4.81494225582822,342.856083576859,13.1753616590753
2024-07-08,55880.3753776708,2928.60123100617,489.8966088738,0.41917891785722,0.345910244731333,0.104006864496734,5.89709757776664,25.6489419377686,0.0000154681749351107,0.124573109516733,0.0821325461327199,0.476804321323268,4.40062275133627,312.152983727835,12.3343194249855
2024-07-09,56665.1407335203,3016.08335379461,510.232462786271,0.431464892274953,0.368863161058422,0.107496246437026,5.93941528677849,25.2280159568797,0.0000161779820448806,0.126108386464374,0.0838325668459964,0.501283890761352,4.47533428292928,333.220278270874,13.116696966878
2024-07-10,57988.303512084,3064.09236051979,516.670050453339,0.435768263582184,0.375281271380254,0.107507045578942,6.11278121159281,26.4123204408769,0.0000163583755332442,0.129848989456645,0.0857433248049081,0.500950334036812,4.52730683535407,330.949698943814,12.8223013458284
2024-07-11,57704.2022844629,3099.71018613135,524.293468395548,0.438883202610577,0.388915581125528,0.107943998729734,6.09653939586708,25.7750260378236,0.0000163953312364091,0.131415747211681,0.0846859416791833,0.512853326891324,4.62499580624307,340.771385025759,12.800745943245
2024-07-12,57388.1924791667,3102.09023022911,525.424356848624,0.449314761840815,0.395745404588245,0.10666739163868,5.90821647473313,25.2523351499792,0.0000162277254874752,0.134424005278913,0.0863599260031109,0.49844329162128,4.92998700230909,347.386958065426,12.3573553372486
2024-07-13,57899.2889574959,3132.9808386097,533.79693592098,0.47500366588265,0.416085421575256,0.107605078315472,6.09692259233768,25.9469763557417,0.0000164721686517563,0.13723229094035,0.0880163353880729,0.506738496855107,5.18091558392984,368.408917728772,12.7357879909232
2024-07-14,59152.7191388729,3173.50423413802,531.830086241339,0.526839519388817,0.440748663840601,0.112175343948782,6.23904507334098,25.8661199421923,0.0000170891942790036,0.139243955467702,0.0913450765907743,0.531030354238048,5.2064571492159,376.103317595206,13.0060963356925
2024-07-15,60942.3277399629,3252.65418470736,544.992377731892,0.523429202963232,0.43261199857728,0.115662819911961,6.3313438435918,26.4370980041659,0.00001765494651737,0.137669484342369,0.0922767719370615,0.531366179913005,5.40525678079115,377.234030857935,13.4430566640319
2024-07-16,64835.4897332157,3488.53875802772,586.502162941087,0.537661645358145,0.445662358355972,0.125229646700949,6.50447135158817,27.8365316127472,0.0000193282788348275,0.137462254042173,0.0952787788165975,0.54922583614405,5.92442913591347,400.671575002837,14.4215299708193
2024-07-17,65162.2362523435,3446.7658893041,577.073332002525,0.578763481501323,0.438221045510481,0.125042308732096,6.34584164031216,28.045012907879,0.0000193190227993025,0.13406186316396,0.0949777912910215,0.543491631359137,6.24907331123565,387.403454962163,14.2310313027429
2024-07-18,64136.3138436069,3389.44128703812,568.662986818851,0.62738515649982,0.436824373817111,0.121818905321317,6.2584074955404,27.2623668975523,0.0000186141482494871,0.133475575958215,0.09283339297191,0.540018190540352,6.07033651184708,375.314663926013,13.7400802915168
2024-07-19,63959.5690080938,3428.55201876673,571.973279148494,0.569228751468978,0.423926477692281,0.119466211909168,6.09101345239054,27.1403609359965,0.0000173925269444525,0.134225991019488,0.0933604477338139,0.516474728983285,6.0338143984846,382.989383856359,13.5930314530309
2024-07-20,66689.5488073496,3505.22253638845,593.628668776851,0.574155823260572,0.438694060374963,0.125457971610212,6.34238127997702,28.1732553642906,0.0000178302731142442,0.13466467406802,0.0945909904753136,0.533366538383378,6.43440973482229,391.51946664384,14.078565507617
2024-07-21,67206.0647061489,3522.80130281225,593.758391296393,0.595029933937848,0.437861365072936,0.134532674333779,6.33819831323721,29.1384003998127,0.0000181331771201486,0.13472706739016,0.0940735697751655,0.541841935071917,6.29140189835217,395.569857526288,14.2696880312441
2024-07-22,68088.1399632453,3533.11834953115,601.817243994619,0.598016038947325,0.446436168904405,0.140120789621301,6.41972952746491,32.6104091590749,0.0000182256933088952,0.134388761612711,0.0951628856224582,0.548212185464335,6.32821873583526,400.369970210895,14.7938424878362
2024-07-23,67607.7133991887,3443.07335081714,589.292647245785,0.607432197578535,0.426397195695267,0.138049928443359,6.11194722452298,31.933795932011,0.0000175845440348191,0.13238948785273,0.0928863874379176,0.530838637624479,6.04052884970355,385.814561785694,13.9526184073462
2024-07-24,65942.4174652284,3482.98377059319,582.452913623197,0.598191282564656,0.410284130279379,0.130555412057082,5.9246200350442,29.8741756050853,0.0000170710885780673,0.134063076414653,0.0919849891351759,0.533161480047118,5.76944502165714,366.566833033344,13.9243588094546
2024-07-25,65403.5351302253,3336.38025303824,574.41064723269,0.61854535531613,0.406675210803386,0.128018803665249,5.74892761633407,28.3961870818595,0.0000167977174936222,0.134367385630194,0.0918106691681835,0.516891907489743,5.60551002561346,362.214834602589,13.3799034762705
2024-07-26,65749.9636196533,3173.76339832747,570.928383633227,0.599767931715213,0.394633994425812,0.125171486000131,5.75248352776515,27.2573207574584,0.0000164042684571226,0.135445814353838,0.0892145287817929,0.49711994684529,5.41928100354115,361.58454836353,12.9396262171126
2024-07-27,67920.2964857025,3278.18695752795,581.068819715962,0.603804397346995,0.417611089793497,0.134347225082572,5.86862738480354,28.691237084756,0.0000169770737818072,0.137560284110576,0.0914152904745602,0.514742093158015,5.72895418910201,377.454891999975,13.5414242151746
2024-07-28,68055.4083896874,3254.61167258279,582.163165239056,0.597771857687517,0.418518190459466,0.132074025075385,5.84008370096713,28.1452579155072,0.0000170755360779307,0.137289492498394,0.0907945923253368,0.518556982103762,5.68449706395016,392.515627239567,13.5793468334406
2024-07-29,68242.2474440493,3272.85013067014,584.421479807375,0.602178081671987,0.407433212801083,0.130001585890118,5.72300855572889,27.4063404764964,0.000016796754281613,0.138705911722695,0.0901470283381363,0.508629238432522,5.44597037819488,416.500986885827,13.2945498793196
2024-07-30,66770.3209184827,3316.94218877321,574.721273089321,0.601354187457191,0.4039064348172,0.128365920525295,5.64366214092091,27.1309840377509,0.0000166523278365363,0.137459541289755,0.0897551688358208,0.510762881900566,5.2714610676629,439.639089994316,13.5412156078493
2024-07-31,66219.051024861,3276.98177951674,585.8203686347,0.627331702923322,0.401484204278116,0.125474221867217,5.51836947582478,26.3397522536127,0.0000164093829088209,0.132926217075868,0.0890643518258581,0.505253015147462,5.15161650804241,432.625209936186,13.137894004463
2024-08-01,64679.7786470325,3233.07680486312,576.723590502098,0.624135948437877,0.388713875769257,0.122077325091216,5.38524505905693,25.7198928996391,0.0000159307229018144,0.12883224192125,0.0862823934870481,0.496131059080297,4.99630047201638,414.947457882701,12.8281939888457
2024-08-02,65357.5296076743,3204.24652374636,575.395511787604,0.59649486530836,0.39226287318066,0.11931984474415,5.34394420357316,25.7082578563475,0.0000158027372597801,0.128254836384732,0.0873922567232944,0.491729949629321,4.97940571733449,413.449246061389,12.9133495283576
2024-08-03,61407.2954739745,2983.30097669429,542.953643167148,0.560821156262561,0.363982174318363,0.111210288365131,5.11775497459796,23.5655986774374,0.0000146485392267989,0.123402953651584,0.0831451805709498,0.467663012266238,4.59713861147477,380.513706507863,11.8972206700115
2024-08-04,60738.7449250574,2906.7150241765,529.824763245154,0.55612237508451,0.364001218974603,0.108275650337181,5.0468218929299,22.6855623776712,0.0000142599658015622,0.125279489596283,0.0822021737341736,0.454998589374381,4.36839440627322,364.558776116106,11.6999235868563
2024-08-05,58006.2065866867,2682.43739281879,495.964297435195,0.523000237013472,0.343439639880174,0.103635971123799,4.67678025056402,21.1962609990105,0.000013304286890977,0.126104542932606,0.0777367374765413,0.42012713824161,4.1285194863348,331.228783313467,10.8601022571993
2024-08-06,53956.2618415974,2415.63113943121,464.91722306557,0.490257398038689,0.314085740518512,0.0944442241233578,4.20571994302626,19.5604685970192,0.0000132891857740461,0.121632169218875,0.075177301184422,0.384298563479336,3.52623331103153,310.505802331118,9.51338937546668
2024-08-07,55959.8410739936,2455.51137665051,483.581470315453,0.504586575114679,0.330262911555001,0.0963016093168984,4.50307246425794,20.8538503132552,0.0000134427800302533,0.123343234151139,0.0795508829481415,0.407736787570639,3.66615690809268,314.334203233554,10.0445700073784
2024-08-08,55099.9518114673,2341.59034602825,474.915175481753,0.604711774073116,0.323784118760106,0.095641838846861,4.5672003811794,19.8528376606056,0.0000128618151773943,0.124706899445874,0.0776221243162502,0.391941912119813,3.57096866586059,312.404633191777,9.49453042789809
2024-08-09,61859.0315990416,2685.01275068749,517.020021236148,0.618025316311613,0.352004443956303,0.107443930445958,4.87763789580702,22.7302444355292,0.0000143102738132321,0.127075353447517,0.0843174701536414,0.43201460347808,4.06934468776008,354.572689694555,10.7415178999581
2024-08-10,60912.5885333508,2602.18407127619,508.505989662366,0.58183869938522,0.348040210616628,0.10396504042952,4.79100399759728,21.7753599017212,0.0000140171098187127,0.128453319236473,0.0929772154885786,0.421502892858854,4.05370038722795,348.073159254253,10.5538461450202
2024-08-11,60887.708616415,2608.0357436287,523.408197237144,0.585966599803018,0.34575255637316,0.105173556279216,4.75428547652582,21.5867676164116,0.000014095215387247,0.129097937791471,0.0945122382540964,0.425571971889432,4.16877606587299,354.471067276526,10.5552607506641
2024-08-12,58804.2344999261,2558.79087073074,503.472305645419,0.552884306214029,0.328139712056267,0.100570236486341,4.49723732676529,20.4415474090249,0.0000134032265529883,0.127715919076581,0.0880642264549433,0.403236534511794,3.86420861125552,330.440521112578,10.0125369035248
2024-08-13,59350.074332707,2726.77798855193,518.752216971258,0.568612153749158,0.338874053524894,0.107646795677403,4.58631643828149,21.289136976909,0.0000139243176365235,0.126660586491104,0.088735809690966,0.426485843300591,4.11414678922597,354.155287751288,10.5616480401375
2024-08-14,60601.2231778973,2703.55055876413,523.553454829407,0.576439793524415,0.340316794400422,0.106468878407112,4.54900811847262,21.4194864754605,0.0000138887757340787,0.128872897950987,0.0886687540093223,0.422609198849655,4.31483558357616,352.234629090711,10.577495487589
2024-08-15,58739.1938223102,2662.78039509249,523.842262496248,0.568488461134045,0.335251040444132,0.102529052877275,4.38579387490248,20.9664181159825,0.0000136205287109869,0.130504460300216,0.0904062099260468,0.423594086268617,4.16601116471054,338.005714150893,10.3969837173816
2024-08-16,57624.1169285219,2569.86048121593,519.989791414418,0.561136707280893,0.32539334235367,0.100275273296365,4.28117525551622,20.1309919871635,0.0000132757908420039,0.130136298335678,0.0880538120326649,0.40174055255071,4.02640095347953,334.436578825495,10.1710032092103
2024-08-17,58881.9257915122,2592.24900621231,519.717838331949,0.56395025152382,0.329866741983187,0.100332431729818,4.28999540122713,20.3845035210573,0.0000132069643360467,0.134076519585749,0.0880182853264962,0.403492636852315,3.96821113315042,338.136006406875,10.1294887969743
2024-08-18,59430.7916344586,2613.1392614461,542.028372504351,0.566181906156675,0.336764748021936,0.102699639024481,4.3616236034264,20.6574183414133,0.0000133683579184465,0.134860564794079,0.0882145193247416,0.409991616454687,3.98625380130441,340.923894016774,10.1434718104903
2024-08-19,58438.2937426854,2614.60128062637,530.603582072112,0.56414026213515,0.334229355748853,0.10009194285799,4.38417830307427,20.7784926882437,0.0000132548747977505,0.134924709828295,0.0860744981872748,0.411321789158983,3.90299059753366,332.926684822472,10.088911103102
2024-08-20,59574.9458129409,2640.59042073306,561.346693304553,0.59911419232862,0.336906427537455,0.101595991599595,4.48451032560798,21.2505433535198,0.000013360724731209,0.143117988694956,0.0862946854032354,0.430331855228799,4.0014263479047,338.357601977301,10.1920569002537
2024-08-21,59060.1261007414,2575.64343550357,569.512922338825,0.594394755189024,0.343559623560891,0.103064587350826,4.5218929590847,22.2810395934101,0.0000136547471213271,0.160540598759785,0.0869531656059813,0.462302893942342,4.00335190034098,335.326123210634,10.2458546073668
2024-08-22,61144.6876286661,2630.29880176425,569.554507635321,0.600397067236161,0.369081399391775,0.106083502855012,4.66957413800599,23.5002267592828,0.0000140906367364387,0.153994159283933,0.0867996487915586,0.525916561067638,4.23910026243252,349.172529120407,11.2076272875892
2024-08-23,60387.5406232136,2623.28917136454,583.756753676223,0.59768711876267,0.376525821553886,0.105350545464386,4.69555737034887,25.2293803487029,0.0000140457915927403,0.155552174275257,0.0868247940857706,0.531162370163547,4.30073528970548,346.471314195934,11.4532344027965
2024-08-24,64049.6856155558,2763.25540736407,590.468896442936,0.610250638253265,0.390803293264519,0.112852139096448,4.90105804404195,26.5701877851526,0.0000152900770469678,0.15842403748637,0.0910888929846304,0.538252142576212,4.83058444135494,365.254404233956,12.0537849105831
2024-08-25,64157.1606134782,2767.84073354623,580.911561847724,0.613939168785039,0.394550563520138,0.1126628144984,4.98983341268299,27.1397393902896,0.0000156238820392003,0.159022424461916,0.0908608476721898,0.57283846821382,5.04790538203682,363.702857973079,12.362041088124
2024-08-26,64265.8163127286,2745.16467160521,573.1076363055,0.599512757898472,0.384466097982937,0.109623195477355,4.82120159943338,27.0024540535914,0.0000151364993988481,0.166433576758333,0.0885070898246664,0.523742131352201,4.9145655434868,355.836513857237,12.107547330246
2024-08-27,62922.5863467626,2683.0801154903,548.853012203123,0.587279017123506,0.366819648548151,0.105222759929912,4.5619316959755,25.9480591395376,0.0000146425019275891,0.161595087743338,0.0852441896132257,0.502777361836981,4.77889412006064,342.126361576096,11.8656103623365
2024-08-28,59526.560879591,2457.27735175474,534.672325425021,0.567025224653513,0.350119390818443,0.0989315185098402,4.37793930967038,24.0784597846095,0.0000137667463205434,0.157790971237816,0.0818904439837123,0.466029919525757,4.52763276052687,324.366698896217,11.1654812891566
2024-08-29,59015.2963388794,2527.02698140177,536.557997747426,0.569699328460157,0.350197173899955,0.0995322076387523,4.25679397106999,23.4890054361494,0.0000138631870174873,0.158030408911564,0.0814805880062762,0.436846757944214,4.34600186149633,322.249698660278,11.1817693201084
2024-08-30,59351.5794909728,2526.73835530034,536.803684457074,0.561506372583823,0.356182977635443,0.100390607302152,4.24673155185345,22.8692266006882,0.0000140762134508185,0.159894113456866,0.0804292193801203,0.425128800880841,4.21224704583765,322.212869953052,10.9299552326942
2024-08-31,59156.2460364636,2527.6902049158,535.454765722919,0.567349079611134,0.347237133349444,0.102217208667972,4.2822370193969,23.2982384924023,0.0000140197173815255,0.159924039400174,0.0812930313798301,0.421140048826421,4.1196697256179,325.198058269414,11.1274404889685
2024-09-01,58960.2365866459,2513.36435010045,532.714218959286,0.565800820884224,0.345141848375791,0.101311418847644,4.25650369817721,22.7863453681081,0.0000138286847740553,0.15759794184236,0.0816147950411994,0.420042361781638,4.03617429544988,322.118946702989,11.0259963303332
2024-09-02,57357.7161728225,2430.02026614393,512.864544157512,0.548257834706827,0.331915609644211,0.0954377933438396,4.07275958702312,21.4647987313262,0.0000131606458358952,0.155657416219762,0.078727689896497,0.402206073519239,3.8530974802562,312.492643422634,10.3643624369203
2024-09-03,59108.7323586369,2534.90481684037,526.134660846213,0.567155731031515,0.335623510566175,0.0991014871561107,4.20621778686536,22.353339433363,0.0000136530941111617,0.154099341695407,0.0807861998002937,0.410753615184248,3.98939391799047,323.659973756175,10.7549489297237
2024-09-04,57504.5385862204,2437.14715575565,518.976991927993,0.557429889452098,0.318774935259303,0.0966982582091012,4.06093369693365,21.3598296986181,0.0000131013301478117,0.150268955195554,0.0785748205593163,0.399679468049975,3.71978267536226,309.074462452266,10.315362264011
2024-09-05,57987.8460141007,2448.30785784089,508.000182607575,0.557923438598932,0.323205309850635,0.0980016492727853,4.10956227124177,21.883856861894,0.0000135649064725869,0.150040091464211,0.0784963692928264,0.381322873025288,3.88509605864177,315.195950755465,10.3321545193007
2024-09-06,56132.4047320886,2367.7700509506,502.336480294383,0.544109891420112,0.325234196276752,0.098369958682436,4.01765197948093,21.3652954619332,0.0000131858079517818,0.149742721816223,0.077639774279863,0.369672069792468,3.70409348383817,307.392057517832,10.0114165196286
2024-09-07,53923.356110719,2223.78042838268,486.611337227831,0.521313055880489,0.31474678840666,0.0924960532840428,3.95982904883934,21.126627953567,0.0000128026767920592,0.147909181851475,0.0748160567897993,0.366451557126442,3.54550092340647,294.789360747941,9.57258208687081
2024-09-08,54150.9383589072,2272.69728499519,493.169772582562,0.524798029181572,0.324881795929258,0.0952131582559908,4.07572208496866,21.7904173674722,0.0000128520821672634,0.151569687903721,0.0760353405670198,0.369033582951247,3.66024013069088,299.730798152753,10.0187435517154
2024-09-09,54792.4075576858,2296.40295207645,502.473276489811,0.528529170920162,0.338227769388774,0.0959939579323541,4.16315846246847,23.1781731376407,0.0000130592379107901,0.152955221124737,0.078211917714114,0.375714753553933,3.74854791953781,305.163619698479,10.3205151547173
2024-09-10,57049.1187511433,2359.56576683163,519.038144194719,0.539608961410165,0.343414561866197,0.10385510242432,4.28771878563717,23.8816372525328,0.0000135355282337686,0.15439662641801,0.0796635716035312,0.382107627008356,4.0192010159026,322.253727464184,10.5551677984203
2024-09-11,57624.1617833614,2389.47401112565,517.371526189411,0.540998952027804,0.343557296699934,0.102698979921046,4.25639252447444,24.3447612769449,0.0000135500153260359,0.153070863015935,0.0797590741558645,0.388392358036675,4.04248757262012,329.504815356575,10.5937078136171
2024-09-12,57381.7644450005,2342.96392369414,530.726155608222,0.535503558614115,0.352815791451231,0.101380586866775,4.19029887375958,23.317308552906,0.0000132738810988702,0.153277366260453,0.0783899370186205,0.375250649140547,3.97336281509753,337.559484232627,10.4082508858939
2024-09-13,58106.9512298153,2362.30023817459,543.994113109409,0.562511083518427,0.356200425554298,0.102753648419695,4.29049454998349,23.990752379367,0.0000135249297158888,0.151969301505755,0.0794438007286388,0.380023232779688,4.25254644507689,333.059528083151,10.7853975628671
2024-09-14,60620.6274729575,2445.08621032297,557.300101433576,0.573158676243742,0.360910397185219,0.107011153837475,4.42714179815458,24.9483747465079,0.0000139894335032673,0.149048515473011,0.0837436702409563,0.413193145700553,4.29126380765829,335.857640489087,11.4603260715925
2024-09-15,60003.2994008304,2418.08280831799,553.460154768321,0.596312900798036,0.354386793773666,0.105472896958262,4.4398879826827,25.319385838067,0.0000137373511803237,0.147492546648473,0.0823539123381042,0.40613753212177,4.19406666621986,327.158597026809,11.2946927965923
2024-09-16,59214.8022680181,2322.64333174806,553.531768443783,0.571058256384837,0.338762229591289,0.102984250664337,4.40480484798247,23.8536462251766,0.0000133975278363874,0.148990579970462,0.0805795810830945,0.391501481533919,4.02474803608702,316.687814164637,10.8323176113975
2024-09-17,58211.1232312863,2295.13483865408,534.030782864206,0.585505254996175,0.330149255648766,0.09969733835449,4.20122082239373,23.4994852800064,0.000013180083985469,0.148701615589039,0.0790888005717962,0.375485587937491,3.87914150450526,311.894428373203,10.5573367733788
2024-09-18,60317.0319794625,2341.09241325975,545.859155781787,0.584988978345898,0.334016600035544,0.101162584334745,4.15353856672188,23.7665426238269,0.0000133090074008993,0.150015391287759,0.0798399163764424,0.381139744954216,4.13045361430674,314.231574508441,10.6300926183712
2024-09-19,61440.4120849451,2361.96099210071,559.262203375666,0.585435428172555,0.342471994879523,0.10350898134372,4.16114847204189,24.5400300971964,0.0000136541613838654,0.149704828623743,0.0806227818881114,0.389161680193593,4.23687134587631,323.784436665865,10.8385448887512
2024-09-20,62966.5293191051,2465.2347833173,565.722643477353,0.587408387185975,0.350815078877799,0.105080305128714,4.2541707350902,26.642527664805,0.0000141275116875344,0.151364373264826,0.0827561971165778,0.399095458518687,4.3692236050808,340.25876177041,11.2099969460479
2024-09-21,63128.2245407483,2557.62185554425,568.141969969606,0.584938952252364,0.351971668531039,0.105382266850547,4.33440161107078,27.5370696759372,0.000014353491954337,0.152057208814161,0.0844849881406189,0.400654733405178,4.38028962674608,335.623205991686,11.4197687840743
2024-09-22,63403.4023492594,2614.5996047535,589.127897108834,0.597998222921499,0.358670913674279,0.110158631624435,4.4655084486916,27.8742643167546,0.0000150016163005133,0.152096840658358,0.0880839335782055,0.411366073369386,4.66776422118715,345.642384357488,11.5104511785641
2024-09-23,63582.5995692482,2582.84768374126,588.00084914671,0.587947681837433,0.351657338678235,0.1063157804887,4.31484068505999,27.3176812724667,0.0000145478323150122,0.151893352045195,0.0857826768755431,0.401565995863589,4.52158214427476,343.019465640259,11.1250418905022
2024-09-24,63327.026544502,2647.99316220333,604.29072050925,0.585063893554206,0.36371199186671,0.108217536544509,4.45342689410233,27.4034001257732,0.0000144970922395699,0.152315315800067,0.0858282801531877,0.406207376387642,5.16853768284375,342.503575688977,11.3908282445295
2024-09-25,64334.142748761,2653.84434530801,606.319619363922,0.591440851803544,0.387846627043985,0.109780515652964,4.64150412537502,28.4353062700586,0.0000148444326524036,0.151271417659819,0.0866286248441145,0.409601147333751,5.35333292747431,347.721747853686,12.1521401694539
2024-09-26,63151.8995940134,2578.56635956348,587.452845968753,0.583894967517245,0.380728303428241,0.108514232982119,4.63589856882252,27.2900800570595,0.0000152322588666489,0.150110311962709,0.08468969395358,0.409449078715344,5.14581667555383,343.528784381724,12.1108217880329
2024-09-27,65130.7688402323,2630.94983700893,596.650056868492,0.590001948405351,0.40177478222265,0.118145141279221,4.81272683485889,29.1159232011415,0.0000186610583167422,0.153114221158238,0.0871582280846232,0.425500377684527,5.55342298662171,351.958555926204,12.5402962761038
2024-09-28,65791.0021254174,2698.1928212346,608.532676553366,0.58911498448204,0.402291715153698,0.123822768884318,4.89330571319194,30.456252356341,0.0000203761774425559,0.155184457145501,0.0878721756472332,0.434611811149503,5.46113832210504,358.977028084322,12.6895648197731
2024-09-29,65934.1070944136,2680.21870206247,601.884462188505,0.615009363949233,0.401239302294246,0.128836403823897,4.80929602141967,29.3554480173167,0.0000197085798648444,0.155174639518975,0.0862354119593899,0.424661473893007,5.57113447505909,353.373954097858,12.9471559375849
2024-09-30,65663.6898666233,2659.61121161169,596.612462262339,0.64259192776989,0.397474259999027,0.124759670325937,4.76593949794382,29.0856605645498,0.0000193601598380066,0.156436605399508,0.0861934520406257,0.421683321802731,5.49022514763939,352.853744102937,12.4777512897598
2024-10-01,63243.2753246438,2597.34115168344,566.613299689503,0.611933937923967,0.372656578263655,0.114093731236351,4.43224587084255,27.6767426309105,0.0000175636242818176,0.155941188067581,0.0836269839660226,0.395979582421191,5.28073635232926,337.643916174394,11.8317988102076
2024-10-02,60872.6685437255,2451.63152258977,547.666208585036,0.597467504731454,0.352415614060629,0.107144907655976,4.15799743125643,25.8893225355959,0.0000164236100198371,0.153555514042687,0.0797045830043712,0.376097833082751,4.84072799114985,317.94421191514,11.02491432349
2024-10-03,60655.5597919685,2365.23104024302,542.136161081616,0.538831067396764,0.34377113266905,0.104656418854433,4.1012263310713,25.3876597029701,0.0000162523466610356,0.154425047569488,0.0792473303571537,0.372982872094429,4.63098365781777,316.160434066611,10.6580176431274
2024-10-04,60727.863951693,2348.00483692474,543.926863432285,0.521659089768206,0.344775744950289,0.105032404877703,4.1189899932844,24.6401333033874,0.0000160387939282225,0.157410942355148,0.0790687515793482,0.375673877548706,4.62779684323954,319.991243474229,10.6415123771617
2024-10-05,62103.0104728325,2416.91840555526,555.731951286354,0.534746495185639,0.351692171468194,0.109288893003991,4.19711500719361,26.2453820022988,0.0000174032305210629,0.156668555280359,0.0810661799441632,0.384352148957958,4.82411285475093,324.761214183209,11.0715025884753
2024-10-06,62091.932585194,2415.40381374455,563.057625761513,0.529571423116506,0.350857679439308,0.109555074754984,4.13797029595317,25.6866478222981,0.0000174467313452527,0.153612957349769,0.0800716763122586,0.379812719777894,4.78099720138386,321.709362183144,11.2639794045904
2024-10-07,62811.7997281127,2438.03091254401,570.388710681217,0.533179984316505,0.357220395945485,0.111432320865573,4.18586059863082,26.9065322471909,0.0000181197798012908,0.154225519235857,0.080625216467757,0.382579723836296,4.95468277509798,324.205178974368,11.2742637199157
2024-10-08,62287.3901051068,2422.7506412955,564.553014408946,0.529816499002527,0.351342742833808,0.108889426639444,4.13665445785563,26.5804515967875,0.0000175158461498622,0.155731188693909,0.0784071308773847,0.374320054047038,5.05227950677884,323.82760948656,11.1435957899325
2024-10-09,62185.2304237276,2441.46516962003,580.583456380423,0.530463286478465,0.344650318623754,0.107114827916391,4.09699617427888,26.355221562863,0.0000172522255554855,0.159708308013092,0.076136757996073,0.37667306119714,4.8928684107823,328.741771077862,10.8292499738884
2024-10-10,60597.1504561828,2367.6150967894,570.423344537507,0.524158680276385,0.339785706996339,0.107940731911211,4.02275079579348,25.7751360823204,0.0000169272169440283,0.160408606858303,0.0750579446693445,0.367339079184729,4.60701697076635,320.455272772039,10.5316204392087
2024-10-11,60195.1807377245,2381.78170880148,562.287609218479,0.529665174474163,0.338566874461502,0.105952710886737,4.06171501374387,25.8511562900907,0.0000167319849000088,0.158654518882124,0.0759111747873397,0.36757816017583,4.58635410561562,322.816973159631,10.527626659386
2024-10-12,62392.3404829316,2435.71378436922,572.697378218119,0.538303420522549,0.351115373850475,0.110759731208393,4.1692619761234,27.4081371506634,0.0000176267956341994,0.159743703650395,0.0773866137696253,0.373209974984682,4.7292677780606,326.712178557245,10.8967441007654
2024-10-13,63207.7706212756,2477.61302755782,576.421806367855,0.539528485068978,0.353240782650887,0.111387914920228,4.20683521752416,28.6314187879611,0.0000178499942716593,0.162525820141442,0.0771813541480123,0.371524743112278,4.84477439291363,329.402928932187,11.0165799235601
2024-10-14,62829.5336860889,2466.86072670867,572.04645551454,0.531680796404068,0.347870085418822,0.111338178745416,4.1546304630876,29.1722915951455,0.0000175809683896236,0.162677411878036,0.0758336183913455,0.365760605051909,4.68515188498505,321.168595600667,10.7267039523421
2024-10-15,66049.9949270802,2628.50437615775,588.714578274119,0.547600996619704,0.363437701863857,0.116546360055863,4.36639934178925,29.0788909567395,0.0000187063335443799,0.160431980246053,0.0785751530099165,0.376077393183808,5.02162114240823,366.810351856506,11.2594595163386
2024-10-16,66962.2199449679,2602.0760435961,593.785958516612,0.540963299364903,0.358094558498038,0.117149735771712,4.39992657848141,28.1645906362439,0.0000181777454552386,0.158712678423495,0.0780501608695209,0.370451633873369,5.05730071953962,354.714176046518,11.4174631290556
2024-10-17,67647.5441476687,2611.7001591824,600.717129937019,0.547958380442946,0.352564804353775,0.125689870948444,4.31751770751741,28.038990777456,0.0000185652263411526,0.160002227352726,0.0786596304574561,0.371196220642875,4.94996624378559,365.460140406165,11.2349302910526
2024-10-18,67328.1052700299,2603.12029233461,592.06562034803,0.543704294960126,0.343172211650279,0.129031887919874,4.18824154887187,27.2591564964476,0.0000181721448169243,0.159209176601429,0.077500719738307,0.365135421360761,4.76578875811182,369.388914519104,11.0185681113956
2024-10-19,68465.6192066873,2643.1565209871,599.7937020053,0.546564450257502,0.350728421252729,0.137382866369926,4.30488829533547,28.1108235008198,0.0000187976230520597,0.158548847633333,0.0780530029981222,0.369724848510681,4.89150171505051,367.067485693786,11.4754492094471
2024-10-20,68388.8712896527,2649.97928958021,598.058451571313,0.544328394598943,0.351605068581156,0.144816838116006,4.43608870035275,28.1090242494751,0.0000190512506704331,0.157235799762265,0.0778967136249295,0.371704681472072,4.83110710282423,363.688020287992,11.4267060007746
2024-10-21,68962.8291804569,2742.95914116004,604.73644656688,0.546583197907346,0.364635741991663,0.141795559677932,4.56452219304199,28.8957349917699,0.0000189650080998459,0.156631389682939,0.0792523469761769,0.384467740974958,4.96411731826826,369.082490067307,11.9490984928589
2024-10-22,67394.8577573562,2665.73193897401,598.844191611046,0.544505651231007,0.361083243176199,0.143679384444576,4.37802585943046,27.7695451280406,0.0000183656286485173,0.15817551754691,0.0775167790992202,0.370846817157365,4.78280679692184,363.84656075362,11.7104680565964
2024-10-23,67351.047935125,2619.56531305064,593.253735788255,0.533539665048176,0.363861047687541,0.139506636096514,4.32074359837393,27.6037043088485,0.0000181287342204833,0.160068925199366,0.0771296965675055,0.366300165600575,4.6785290014663,357.099583303522,11.9590235403603
2024-10-24,66683.9680654231,2524.10385630912,584.516007560374,0.525826465588378,0.350023967461459,0.139899876655529,4.20955886221867,26.7667399150416,0.00001767427823223,0.160177916265609,0.0757456333307357,0.355350665049565,4.65477079826113,348.169967310127,11.3298222123748
2024-10-25,68214.052051574,2536.23404131988,594.325893184941,0.53202824240204,0.346466524237624,0.142123322538842,4.20538940494704,26.8516685385287,0.000018050032364171,0.164653354475415,0.075856850740346,0.355844181744576,4.71307259262726,367.281560510981,11.5774376851909
2024-10-26,66585.6653550145,2422.09328922875,573.50279771792,0.500895433917532,0.3239727285537,0.130521667796126,3.97974731849412,24.7292865186885,0.0000165091080000597,0.162419358253239,0.0716478328615059,0.321132890620667,4.14136275665474,348.039802035727,11.0345789125175
2024-10-27,67018.1650170265,2479.37360324433,582.700284426863,0.512479962720648,0.333065984242029,0.137438294497687,4.03032678419317,25.3763911364619,0.0000170022250321279,0.164973673182873,0.0727714977907758,0.328694794891669,4.23154834715732,347.986034552368,11.0067473616685
2024-10-28,67938.5541288567,2505.50294713888,588.346658788352,0.51635641669338,0.339549877835412,0.144264170445117,4.122145657846,25.7109979006698,0.0000172186328703562,0.163850383637502,0.074266698428365,0.330367320189524,4.30238626096829,351.932080619245,10.9650610406356
2024-10-29,69845.304531169,2564.8138556783,600.295156510512,0.519100271566942,0.343772257399461,0.161075009601923,4.12760731868484,26.2609379144667,0.0000182157114029178,0.164040055191548,0.0744049976281098,0.325621998630709,4.3015253153504,365.597547379122,11.1811791291911
2024-10-30,72781.1130815813,2638.63735127812,605.99236606483,0.528517656350638,0.355837845765037,0.176218399119108,4.19215002595126,26.8480489128801,0.0000190985660545902,0.166349464728625,0.0767753795690834,0.335213003195995,4.42823497266322,385.951991906624,11.7957746766676
2024-10-31,72342.6217112799,2657.61418184944,595.762831113109,0.522652034586725,0.354942434796192,0.168413529602984,4.19023813756155,26.1901766367377,0.0000184498578644223,0.16915693303697,0.0756921715643045,0.332578228446895,4.31956654989069,369.931452638194,12.3819738818116
2024-11-01,70264.9973557328,2514.75078724107,575.582735071699,0.509112255210533,0.341602098242367,0.161611573863923,3.95542263434757,25.0305975095623,0.0000179310576905098,0.168065157053704,0.0730077814099097,0.320332879217297,4.05184539760957,358.143460923094,11.4269852225442
2024-11-02,69507.9225639565,2513.83728706121,572.917830929441,0.513142476284453,0.357044332395391,0.159292957735537,3.90569609876164,24.7905266838017,0.0000175957818648944,0.167409663553333,0.0733212146067424,0.318132780005396,3.927881575706,349.813765058279,11.2596809405009
2024-11-03,69299.1603669941,2491.35215005866,568.178870586782,0.509764343543952,0.34761902771437,0.159314426610992,3.90001855823951,24.090883193347,0.0000174264786644978,0.166063277988476,0.0722437638590033,0.312806185213179,3.80438106396972,353.272248756352,11.1708798105829
2024-11-04,68803.5062627747,2456.97968734471,557.971938809282,0.503000042931451,0.334520626447951,0.151972700814391,3.79168524001627,23.5489417546759,0.0000169293233001471,0.165224949202612,0.0719013862337158,0.30098773431425,3.69449765040186,340.563832763418,10.7640781746448
2024-11-05,67793.2978270476,2395.94721391328,552.00026982369,0.502874149574692,0.325794710713949,0.158151510172109,3.74654218218493,22.7104091660569,0.0000168149479326038,0.162906557329238,0.0704870818804751,0.291738699308013,3.61726714376828,329.118476297117,10.250359883543
2024-11-06,69335.4255313376,2422.36847985564,563.181585575143,0.512803359112585,0.333300438548423,0.170163897159929,3.85181581394643,23.9636045215772,0.0000178306010502438,0.159968708455766,0.0721543210898822,0.303121434141885,3.8090892822687,342.463139031144,10.8309939709391
2024-11-07,75620.8860696319,2720.62174500688,591.169150327501,0.542482435618488,0.363015844838086,0.196054472980338,4.11750965083485,27.020498613844,0.000019068693732702,0.162445272185027,0.0857590637914756,0.334512639637011,4.23182889554086,378.337767291313,12.1556575510655
2024-11-08,75987.2417832067,2894.97187338384,598.61181147415,0.55435545252162,0.403778198660393,0.193187359612799,4.1624157767586,27.3817708692379,0.0000191314502529839,0.16035759768361,0.0918434567412922,0.345390373004651,4.23268066218336,377.585254054011,12.6054706252499
2024-11-09,76550.0213845611,2960.95933693821,598.054012017106,0.554094134772691,0.443895423402825,0.202016152969935,4.33308358626866,28.6764275106786,0.0000190354527367697,0.161084524591682,0.108197602252381,0.392250311660707,4.33885720105093,377.645637879777,13.7342653657557
2024-11-10,76630.2263141538,3130.035524074,623.034514716982,0.557429882017703,0.487342419548512,0.217812169800372,4.61567709274088,30.1126312739198,0.0000203417259120258,0.16177292904313,0.103420060550326,0.384668767459087,4.64123745254049,404.507246633031,13.7343595185589
2024-11-11,80466.7165483354,3191.90445555182,628.49822089153,0.589438933752133,0.588734921251616,0.277843964749448,5.22751553216154,31.979476271305,0.0000261127629135,0.164029947300522,0.124365319250068,0.407327952617233,4.71756614615892,442.299439995744,14.2862520236365
2024-11-12,88637.4200032291,3372.79148634301,655.001920202732,0.619384694525662,0.614582609684593,0.348134358521668,5.71717395420721,35.5490751973566,0.0000278012412016381,0.167774662503809,0.207698855502249,0.427546894270564,5.55388067158804,472.910042321824,14.8717261484542
2024-11-13,88264.599745829,3260.93438613115,629.140544909075,0.712569638483174,0.576111679672035,0.386352049027874,5.35927424836984,34.2857419608211,0.0000268591412582636,0.188868591284057,0.176904283699664,0.404016160123416,5.40054774330508,436.654609497032,14.0669777772752
2024-11-14,90488.1000749785,3191.89918439879,620.6711241408,0.691178581800772,0.578957939601873,0.399476944034358,5.08741973654595,33.1406624498938,0.0000258644078038682,0.177096854782922,0.172863408328768,0.375911851671692,5.168451313178,439.333002505364,13.4607349538148
2024-11-15,87407.5127371013,3059.8122969325,620.714958149424,0.774048056959667,0.58023205743599,0.362206396833341,4.7670818458394,31.1976825974757,0.0000232502478306393,0.176708416010057,0.149006954213416,0.357427725405937,5.41617225682547,414.456822123601,12.9536408650937
2024-11-16,90947.975094437,3093.91304339038,618.572097847943,0.890755108445616,0.697020147422828,0.378310588022017,5.13873141265705,33.0662315018524,0.0000254066674061112,0.189677585719511,0.167190991086625,0.370628043869981,5.57054236600566,431.074261146019,13.8166477502315
2024-11-17,90606.4548938071,3133.88022341914,622.520009428879,1.12289636327476,0.736958012045342,0.364055540215367,5.75656192332683,35.1772514907756,0.0000246259238341963,0.200153493383059,0.164868018744306,0.428034984461015,5.9647939969705,462.376454536808,14.5224888744416
2024-11-18,89841.471941351,3075.53453260162,617.84730406471,1.06022372809526,0.702151518322491,0.367076741076734,5.41125205838018,34.7099497806996,0.0000248065684160661,0.199635219228323,0.159941752152711,0.400278332786007,5.70062638821068,431.708713285051,13.762374671765
2024-11-19,90534.6245965029,3209.42390733268,619.66360098492,1.11936609421442,0.736351816837133,0.372319345466855,6.02675736327077,35.3407323047945,0.0000248581378918091,0.201991664185932,0.17228286483954,0.455815783592873,6.0263323573102,452.011966416851,15.1989357641064
2024-11-20,92251.6524073831,3112.90980101502,615.918034147442,1.10121261230747,0.738902470417879,0.391557323115951,5.80009003534362,34.329366467988,0.000024817065053946,0.199863664005638,0.171247758060536,0.433869263709652,5.78585076523471,446.93932962952,14.659244613462
2024-11-21,94217.022296342,3075.19385664933,607.29542463795,1.10706312923109,0.803001084841874,0.378825994471476,5.73751826918446,33.6894513750918,0.0000239503501485242,0.195279669317758,0.17819441657238,0.433458487301101,5.50054086883483,441.391351055996,14.2887321412117
2024-11-22,98509.1185910243,3365.93697154661,623.504726106326,1.23239095524235,0.818166012275723,0.387505758120017,5.93829216132066,35.835569912317,0.0000247971819802626,0.198611280463907,0.186497451331495,0.453159353756169,5.79135554648961,486.75125305013,14.9295737228833
2024-11-23,98927.494945534,3327.75719517196,633.020258883226,1.46085078321275,1.0044164266561,0.410714960528041,6.65456887156888,43.0488428616325,0.0000253907349960886,0.204633780604567,0.191542886598869,0.491983825561581,6.16368875495343,489.507624399323,16.4975217316423
2024-11-24,97679.4638164303,3394.03696178255,651.53241560296,1.46473305278277,1.06320998806143,0.429588428225056,8.48057361751584,41.4443213361396,0.0000259292749025839,0.211886992704655,0.204057987951902,0.56849048015111,6.18916400431613,509.120629301088,17.3846535572351
2024-11-25,98015.9355289458,3368.70276194299,661.686730648444,1.43167928533954,1.02590593322571,0.429861390701081,8.82888970681315,42.088987653132,0.0000257295739813224,0.209270205219523,0.191618448226704,0.573375114754088,6.91691894455398,515.51146571582,17.9993929683744
2024-11-26,93004.7009310329,3417.29122369194,635.262428453956,1.41386431399917,0.946302755048585,0.392787741992816,8.2322330332485,41.415174089885,0.0000247766796219642,0.195949760735437,0.177022067743544,0.547658037300405,6.45720475149676,491.641340522683,17.4053871053691
2024-11-27,91931.8307729183,3325.63653258764,613.725426021786,1.39954506600875,0.958732356286957,0.385706069218205,8.05558385440798,42.6508602651813,0.0000243416795996302,0.193979062106033,0.173331745620314,0.527744414791723,6.5485261224321,491.743673773623,17.3010105568319
2024-11-28,95981.1805721056,3666.18849043776,645.151491731851,1.47237321460328,1.01331271770872,0.40210599150633,8.47041672913218,43.9498010832682,0.0000257153131303371,0.201271075339504,0.180643973654306,0.580688593104609,6.83410973025642,520.074683099242,18.6884162815621
2024-11-29,95661.5959581785,3579.2407862475,654.591315851983,1.53217538247926,1.03240270186879,0.402173834333839,8.62592835186129,42.9057157628642,0.0000255144864573133,0.203238000262017,0.178588487734825,0.564508693573864,7.05620438851364,512.138595598513,17.966291930916
2024-11-30,97453.2473451042,3598.19332122536,654.771684845135,1.80896068226639,1.07958041947688,0.425898934028802,9.01310368744932,45.0002867858402,0.0000260702966915654,0.204573607680553,0.190145355570724,0.585653373863898,6.98465140757466,518.759157133546,18.314884538081
2024-12-01,96513.1423469822,3709.90943910733,655.034108863973,1.93941274813005,1.07944019292563,0.42190266599561,8.98753687147399,44.970877287422,0.0000267745518692676,0.205281193138712,0.186899568351719,0.598759494711205,7.01287194921028,524.713788527176,19.0664519523938
2024-12-02,97311.7071908432,3708.8072387383,655.734888638191,2.28633958857072,1.14789225636976,0.441087813036463,9.28444328934127,45.2498197679413,0.0000308162389124541,0.207125663039972,0.191414717916948,0.602607686375382,6.92756727511984,531.035515364625,18.9050715368641
2024-12-03,95833.1362300365,3643.85537570424,647.119939736358,2.70884747452171,1.19954793091461,0.424050457566143,10.0253578932378,52.0850079276598,0.0000297635374184475,0.220032927796168,0.184609960734633,0.646988782371645,7.41814228790217,537.814580317709,24.9905460259531
2024-12-04,96031.6309775983,3625.71045794972,740.034936744166,2.53192409708149,1.20100402961237,0.409146466035436,9.86446039111704,51.2224517887803,0.0000286898956258858,0.415589841439312,0.200513413830863,0.702484091287536,7.37744982268336,583.1577295388,24.278700273622
2024-12-05,98881.4694561823,3839.44346071587,736.442684240493,2.34763331354943,1.18424504139749,0.429431962983589,10.5385023332455,52.7544355074159,0.0000328423205979839,0.328735149159586,0.214772532989113,0.709728202934073,7.46833104606175,582.564064757389,24.0533503683164
2024-12-06,97201.5003640774,3796.86886716013,719.762350062648,2.25452348546207,1.16627910046004,0.429131779257174,10.4527484099958,50.6218677390527,0.0000306228965362748,0.322760415247021,0.204501044985749,0.683626323298643,7.66368877913393,590.066501963588,23.265352601617
2024-12-07,99973.8515065983,4013.72614538871,732.542429013048,2.41722605148321,1.23300180392189,0.43569429743752,10.7336238447675,52.6571797302814,0.0000308488355214967,0.325198678744085,0.206558997055547,0.716281309381864,8.02407153092556,619.298701681976,25.8160778581372
2024-12-08,99781.8299919817,4000.99207650219,750.245493874723,2.59272696959983,1.21444349348433,0.454204331471124,10.6425542991761,51.7575396844291,0.0000320629100093785,0.319595571586874,0.20301778448065,0.701237840378266,7.76420935865905,609.613027455185,24.802040868628
2024-12-09,101235.371702532,4015.78202123288,745.375837404021,2.61814216645768,1.19796353591032,0.466503091391787,10.4351055916828,54.181288628436,0.0000322531253424345,0.320017326527065,0.200730455080732,0.706446701400346,7.87907494277735,624.78847748144,26.2643426292604
2024-12-10,97353.9470082089,3713.31389799717,688.007367318765,2.21584704871227,1.00770864908741,0.414031546433674,8.51467443605485,45.1887165342283,0.0000274089661431689,0.261950855342254,0.173991860596151,0.584816163960719,6.5304043710047,552.445339737,22.3131617342734
2024-12-11,96649.7144677153,3626.5886417775,675.421380122109,2.35348480758526,1.01661479996554,0.393383708495277,8.37663110257137,44.5999296221537,0.0000271559033348652,0.269808840657553,0.17438490232224,0.579296130474062,6.42610905592684,515.464711945134,22.2259464839638
2024-12-12,101123.618110337,3828.10758834041,710.690018475311,2.40087642829369,1.08793220795952,0.413908546865928,9.00696807434411,48.2533541769833,0.0000287903498594854,0.282115332733364,0.18462245545022,0.629388296798876,6.8393471444776,546.677280764768,24.027974473725
2024-12-13,100000.808365352,3878.85001207305,705.678964975445,2.34288310257194,1.12313145008908,0.406079649036298,9.02186508400569,52.9365404488185,0.0000281316875144489,0.296762680175588,0.183400625818016,0.624619821425046,6.89915300665849,539.323563112202,29.0010603677576
2024-12-14,101352.229712923,3907.42965950534,726.77223065721,2.42025411456723,1.11672976098535,0.407563199835012,9.04535087174996,52.4299728413301,0.000028453217183331,0.29047582729051,0.185010407355564,0.619922489810506,6.88206084881747,540.275641097341,28.8308920483512
2024-12-15,101367.010645534,3866.9958020348,715.448603813036,2.39776377970485,1.06010344338455,0.397784512520107,8.54835248619712,49.8908345305465,0.0000274525975457762,0.282130289842362,0.175916942720722,0.600813572014986,6.68054254475956,533.941846301437,29.0470021376374
2024-12-16,104721.50151809,3961.31546618023,722.558193206378,2.45583949000308,1.10593764952941,0.407203946591746,9.05414521419371,51.0020973901421,0.0000279438642228981,0.285913137834876,0.180763827384751,0.617708619005097,6.88321869816742,548.840101372852,29.4320308596868
2024-12-17,106074.107235412,3992.85719584606,720.682934180879,2.49363386521848,1.0805022755135,0.402300225503378,8.76055785132614,49.1375406550335,0.0000272495494791502,0.296871002996198,0.17781890536347,0.594245320569001,6.62650582707888,538.630722069945,28.8359219413315
2024-12-18,106034.913402645,3879.40622401009,715.652008973376,2.55619125100901,1.0494519394113,0.393670998503589,8.45287484582328,47.8125733498604,0.0000262839350180741,0.278932670264476,0.196021523473729,0.565749566570357,6.37281483434054,528.770460346359,27.8395124596457
2024-12-19,100355.57614815,3628.2624780445,687.662433150758,2.29766688095942,0.968991711481811,0.358238496018254,7.69804330804817,42.8307932021572,0.0000240489448450575,0.257980870589007,0.173731326383043,0.517878116300533,5.70566451521118,480.753660638653,24.9162054664826
2024-12-20,97851.353770758,3434.67546953808,669.022879392883,2.25527945756367,0.885629400867328,0.316221750560626,7.00007787897627,39.0813468522917,0.0000217052755942169,0.251983821622973,0.163807142073223,0.47719001360698,5.23287121507116,441.277770067527,22.9457415369228
2024-12-21,97691.4343169265,3468.65892005645,677.848576848302,2.27399688352526,0.95061505400963,0.317402307979497,7.29354188370595,39.7816680040716,0.0000225153978269074,0.248533523108679,0.16349852465246,0.498063392945283,5.34610982021056,449.020901203508,23.3428380937604
2024-12-22,97202.8249684763,3337.59722311668,662.424881377647,2.23659696276989,0.904659911308958,0.320435261299751,6.95339656212469,37.3790724794928,0.0000217108240294526,0.24474592390054,0.157129128485014,0.472597324945804,5.00690986864453,455.035049684221,22.0986522577935
2024-12-23,95094.2739486217,3275.88942740151,648.572139840284,2.19830609007553,0.882795611926118,0.311910963263643,6.82417160136331,36.519089589755,0.0000214705008498347,0.2437324014691,0.153800552765666,0.472405372480404,5.02851724561777,444.828648258657,22.0308139112018
2024-12-24,94644.9108546432,3414.6414419808,692.286109231179,2.25488404920566,0.922875261298801,0.32340153651431,7.35643404418084,39.0080786731423,0.0000224690645083279,0.252053282714261,0.161906521367997,0.50020579245314,5.42620378691607,460.108033438813,24.446403248252
2024-12-25,98695.714007826,3497.55528792757,697.953756367206,2.3273593261078,0.936856382817998,0.337322006128339,7.56939070758851,41.248534157769,0.0000235417011309442,0.256734420659528,0.164046180697842,0.528622001567813,5.55724933704081,470.987426188674,25.5034652991129
2024-12-26,99344.9541736723,3494.5109273631,702.346600165936,2.29718978977756,0.916751541184192,0.334477549311157,7.49597096544503,40.2683611298753,0.0000228874083293805,0.257833948128167,0.157899390796716,0.515006325294045,5.44013505641558,465.011005339,24.4462270282546
2024-12-27,95678.312445654,3327.78977616835,687.517869603736,2.15407142341043,0.859341935141468,0.311922115769685,6.93080834167613,37.2715056144662,0.0000215159897233613,0.253226140874689,0.150483931696772,0.475442643963579,5.08414014933915,437.262941855222,22.6490796587598
2024-12-28,94331.9472705308,3328.61115530918,690.363942345009,2.14158677198617,0.874169917128798,0.311161070447297,6.89582260820845,36.4729304691169,0.0000216228266862778,0.258903224939965,0.148318011365529,0.478510402374404,5.10594696710447,439.856056891062,21.5150049337278
2024-12-29,95184.619452886,3397.83412050852,720.5679127131,2.18086951010125,0.88758510816137,0.323835215617248,7.10244597508803,37.6628919775777,0.0000221333862125894,0.257944468888492,0.150205753624225,0.488528485358356,5.32371954432269,451.136948244206,21.9645913199832
2024-12-30,93663.4475196407,3357.33074297146,694.482680450617,2.09567191572765,0.859143347518628,0.314983711757173,6.86760973302904,35.8595551715677,0.0000213868555803719,0.257335557356142,0.144654560685005,0.46638594711402,5.13135857437728,438.749091251608,20.9568015493222
2024-12-31,92627.2821311328,3359.51394175739,703.106617431042,2.05673046774334,0.859130588851535,0.313434275604493,6.6942247249132,35.9054945005414,0.0000210967867452306,0.252956031948896,0.141340737862838,0.460809588098174,5.03103163866538,443.148537706377,20.5735820622876
2025-01-01,93507.8587474149,3336.61751376595,701.572326401263,2.07933346035461,0.844261018432353,0.316157377173323,6.64234286250617,35.6748852583468,0.0000211679628608458,0.254390916254514,0.141357350920148,0.451717904796834,4.9057655207145,434.270188440481,19.9991179997488
2025-01-02,94384.1761153871,3348.96724712359,705.813036586602,2.31514979679743,0.914758331926217,0.324090126198408,7.01183192595455,37.6279380263894,0.0000216083360155585,0.255150337664789,0.150130582058844,0.472618745870362,5.2756384384226,448.975734758999,21.6215448918229
2025-01-03,96852.1468123508,3448.14043696094,705.831242079515,2.40463192614464,0.961848097335144,0.339021025019003,7.1725945436369,39.2338315627144,0.0000228890544141773,0.265090867038556,0.150404304926936,0.483707589160606,5.43040495243671,461.14065430146,22.0366896852882
2025-01-04,98084.3427928075,3604.29137959318,713.047565510201,2.45485987121837,1.09048654696248,0.379241909701786,7.74302868440023,41.8190664360828,0.0000243794053003084,0.269789271747585,0.159444579399601,0.51778186508452,5.79326341407542,472.671977412574,23.3620636295934
2025-01-05,98256.7387684993,3660.37804173532,714.085773026795,2.4239342995924,1.07192050776128,0.394713601998299,7.69628029351323,42.6832988262105,0.000024327078842406,0.269983854910785,0.161687996248932,0.524663806973178,5.79628679176249,478.78097989538,23.6348103371641
2025-01-06,98364.5894659984,3635.85499618071,709.30175789032,2.40389792929538,1.09397671118279,0.382652831776486,7.68334715171397,43.0569611659616,0.0000239441941469749,0.262605044389118,0.159172492903107,0.516999380340315,5.91034804713918,470.961297655297,23.6486311371505
2025-01-07,102229.394531897,3687.14471405883,730.710927499617,2.41917031399062,1.09414754135012,0.387798426302328,7.76920036577899,43.9953098941607,0.0000240315068102059,0.26867702180909,0.161833663172285,0.524354935508839,6.00076838367426,482.595650512346,23.8181956365066
2025-01-08,96952.0988677496,3380.02112630902,696.83399745048,2.27717338225646,0.993334740006878,0.349004213805197,7.0279065420506,39.3552321050688,0.0000218280371651304,0.252839445363062,0.149418812092501,0.470361598467198,5.38163385812211,437.925650977686,21.4167951999027
2025-01-09,95016.7144098918,3325.13002935374,695.726620439794,2.37496018813923,0.947899528428254,0.342459603301955,6.76152651968147,37.4061169829489,0.0000213025527370848,0.250298985936668,0.145438454429121,0.463250217200552,5.1571216652417,434.206322413088,20.4605813789642
2025-01-10,92376.275783461,3219.09284475812,686.294216607382,2.27667906976994,0.906058211341477,0.321231560390283,6.55754219737803,36.2081255586153,0.0000210840337228335,0.240330082532468,0.138652281000339,0.44939185667701,4.98008589850475,421.391637064079,19.6450271194867
2025-01-11,94736.6267420969,3269.17599540607,693.742780175023,2.34255697398572,0.931671314815531,0.334187359334317,6.73814997245744,36.7210791833016,0.0000215816169672859,0.244482448496998,0.143581878156057,0.458362230468455,5.08602694909658,449.804068448705,20.2807194214099
2025-01-12,94559.5516722421,3283.5913228285,696.734455733712,2.57500170254651,0.996136878939902,0.34147312562352,6.74405664034419,37.1253563316479,0.0000222125864202129,0.241005962401477,0.141492189165392,0.459122898567663,5.08448304351143,440.794086351438,20.1931001761671
2025-01-13,94454.7708963881,3264.07096853369,693.058442693983,2.5062652368521,0.969186964876666,0.335823444566389,6.62579511801925,36.5211641327338,0.000021531690930433,0.233215987543068,0.137629885682662,0.450107105997226,4.9681583955839,447.502532121948,19.8260610217252
2025-01-14,94456.3493746993,3134.55203945965,688.357650722825,2.5217906885967,0.945061002779469,0.338210906793853,6.39746390370092,35.2987799032885,0.0000212033410589204,0.222881389410321,0.134746056450815,0.43904433043313,4.7535396499957,428.305776010612,19.3676418445513
2025-01-15,96574.0776879919,3224.80064834141,698.74344424996,2.66568379995898,0.994421449891984,0.356394690318903,6.66328798642884,36.5102559000464,0.000021643081526904,0.220896207061934,0.136867636419129,0.454851948559814,5.04415170778315,438.335134693753,20.2901860519006
2025-01-16,100313.152398284,3447.0340476748,714.791948148074,3.17176695458608,1.0844809922159,0.386974480171991,7.18636193629722,39.8502028126909,0.0000228343572218177,0.238189857554259,0.144781425415799,0.488653531811963,5.31954655350394,461.375051526517,22.1357538852228
2025-01-17,100044.579267764,3309.44661399002,708.782976881652,3.24355913551492,1.09067006753158,0.377652414488954,7.1509504842068,40.0030912404688,0.0000219984084795315,0.237116586679339,0.143780461892456,0.473945769409522,5.16167595394867,461.959360311792,22.9967713367106
2025-01-18,104160.693584842,3477.28428508481,721.135938388395,3.30716062621021,1.13695372292728,0.414914259353429,7.51568232570964,41.441507452143,0.0000242221386887728,0.249033592384603,0.146762159900594,0.508445272154226,5.75696309249823,489.63849527926,25.1039478649813
2025-01-19,104334.615757244,3309.09956762,709.848578937929,3.27913973256254,1.10093105553531,0.396422274804002,7.03527240050088,39.2888258064715,0.0000227196490573646,0.242050577317261,0.134368570560935,0.483339880175832,5.45649967741764,466.144887466463,24.1359152643084
2025-01-20,101275.337148142,3208.13654398915,682.349570503562,2.95949832762788,0.991782938672894,0.357860961864882,6.23951624273994,35.7522701052129,0.0000202929414205358,0.228700318514621,0.131417944062009,0.443994674098591,4.97666134887628,428.839559678517,24.411071164698
2025-01-21,101764.908601705,3263.06986988081,677.261730158234,3.0942466604472,1.00682015618762,0.353584072633265,6.35543266905787,35.7817349853361,0.0000202742461236371,0.237474813430222,0.131662492099905,0.440068801618885,5.07873172421098,429.911695978483,24.9763626187878
2025-01-22,106182.236820181,3326.02854047091,693.063473167148,3.17189708695212,1.00463102190014,0.371512413733206,6.65000343848581,36.9542373673443,0.000020901949634384,0.245056260191837,0.139360086824111,0.453147714194388,5.25190699550817,447.10709807353,26.6159402468018
2025-01-23,103673.535095378,3237.29966712914,694.421933457576,3.16521163798535,0.98025034209181,0.363201480288942,6.4345177363915,36.7159766903466,0.0000201817388759302,0.25327415914346,0.140089934686613,0.441408822097657,5.08697868334887,434.26468189342,25.2751594711162
2025-01-24,104067.609912069,3332.58089314616,689.692651581856,3.12217507879836,0.988034095654144,0.352270198667877,6.35603687560814,35.5927645376406,0.0000201477075711497,0.252609790152761,0.139773460772524,0.441937702569022,4.98767778981382,437.297257851892,25.6106629738152
2025-01-25,104835.19253556,3311.8499838687,680.331260963174,3.10309369293529,0.971569091888503,0.350574475664333,6.31307645274695,35.3007477765459,0.0000199118879542166,0.254406045942775,0.138292221944112,0.432532007746707,4.99008377180175,431.417123398546,25.2044154816237
2025-01-26,104796.040777382,3320.13141017895,686.46247517426,3.11120889146654,0.977599030489974,0.354329652453573,6.3345258882594,36.6789785556878,0.0000199756547601229,0.253422199078323,0.138363698665635,0.435356387598711,4.94047947393943,445.568486457893,24.93287373059
2025-01-27,102552.248742802,3232.27677447056,664.466708788728,3.0173114670832,0.954178043002065,0.335923781426499,6.1738181169082,35.830053917045,0.0000190758383781112,0.245715473476095,0.134365416797205,0.433509731957392,4.75822109915371,424.97421487177,24.892077186534
2025-01-28,101958.469537456,3173.53460793972,679.677845136322,3.05080242193861,0.933164623118915,0.333462811385715,5.93439859247462,34.1667575460407,0.0000189375595696133,0.246461522842549,0.132357307359712,0.413991886420255,4.62701254804825,426.667050556144,24.1088540698462
2025-01-29,101313.112644983,3076.49376928572,661.631159871541,3.06111475565166,0.916235889252979,0.319046127321958,5.65404522384697,32.1860520228801,0.0000179680496674821,0.240042424171294,0.127691165560403,0.390102529223556,4.28325296573253,410.276298136927,22.595170695192
2025-01-30,103718.979398136,3114.43588543631,667.745952530571,3.06917568385335,0.941632605895979,0.32444430413017,5.77041494831404,32.8540284242419,0.0000183011756086998,0.240091734576218,0.128566278256986,0.395092724286198,4.41315403489506,415.343461165406,23.6839114392903
2025-01-31,104781.51351001,3248.2494843523,676.945295990198,3.13193658123129,0.96096844450444,0.331229318699267,6.12769546582128,34.3068533277383,0.0000186844440478259,0.252109095279629,0.13097905567055,0.411884379665638,4.60466343914447,434.736724072926,24.4907327021796
2025-02-01,102382.394097222,3296.39063484365,677.112420768607,3.03780894395229,0.942530781889711,0.32860118827872,6.31493064457011,34.4032752568396,0.0000188741766134596,0.253773352466006,0.12968697824949,0.407300406593353,4.61557088244071,424.119234309871,25.1100473721514
2025-02-02,100674.78762545,3125.03868013209,654.217143435919,2.88086499180842,0.898263005312043,0.308276733050111,5.92574265024571,32.2246723052243,0.0000176846104941852,0.244694882551364,0.123918373758608,0.375381111680203,4.27163348959257,404.146380444537,23.0566328163573
2025-02-03,97568.3165302488,2862.69761887163,616.642828986436,2.57013433378732,0.798105681529005,0.26495513491451,5.12234988916756,27.4405347305311,0.0000154614784244566,0.224998224829976,0.107841565957433,0.332136800350024,3.72230758223086,358.342520574959,20.3797881835327
2025-02-04,101466.860665704,2877.81382394988,616.406805545219,2.69267186955184,0.809525280041562,0.284744550871564,5.17734419223199,28.3845206808125,0.0000167586523217276,0.228803314999534,0.113572385917442,0.341045862036782,3.76527950116436,352.830029358347,21.6171234045806
2025-02-05,98118.4392166447,2740.38097627601,573.604206976008,2.53963589597279,0.74697035940229,0.264661296453128,4.74656882651662,26.502613436324,0.0000157954831290336,0.224874081463707,0.106985426878206,0.313606382563232,3.41229577896043,330.736544231964,20.0874021963669
2025-02-06,96582.8868291905,2790.55216092561,569.518104881876,2.38273935863242,0.733266343287761,0.256309313183639,4.69230582277559,25.9069643258166,0.0000157687988225908,0.222725126276224,0.101769271419379,0.311445556033967,3.28263712897895,327.871290024789,19.1980246329362
2025-02-07,96635.4187533221,2686.66231679365,572.211260806478,2.32209188694319,0.703981546049451,0.24769940269333,4.48802498668355,24.4842751608846,0.0000148459470876141,0.231693138980868,0.095827752493437,0.296485404189779,3.14495002947401,315.761806356165,18.5616469961589
2025-02-08,96558.4563096667,2623.45070178248,578.499266808204,2.39243592250159,0.706860336649286,0.24661171411098,4.58497462953671,24.4006000566635,0.0000150946858405963,0.230100460299583,0.0943174913705923,0.298487863261707,3.19878384316039,318.452193574428,18.3692294434214
2025-02-09,96558.2376250109,2635.60114180234,614.709486540794,2.4256391631678,0.702178478697803,0.25315789848927,4.7477843361067,24.5886905389318,0.0000159601762698097,0.231885427358988,0.0944209441234977,0.308848997096653,3.28898655333217,323.426435756582,18.4721534036093
2025-02-10,96548.5786537958,2632.53582205525,617.283855074677,2.39842185006273,0.682908513154786,0.249349293466018,4.76848421312257,24.8932743210179,0.0000156983717870747,0.233636264927357,0.0934975136930627,0.304523131486072,3.18376042742907,325.014635014441,18.2796459168366
2025-02-11,97399.981613832,2660.29679964364,617.627763476681,2.42051021482923,0.709288477277755,0.254853588259244,4.83542312606369,25.5899765290276,0.0000157934613235222,0.246399433160175,0.0941830260343639,0.312702534670261,3.20174339157833,328.805400483649,18.7354392683887
2025-02-12,95739.9773707924,2603.03336980493,643.374116169739,2.41599970708146,0.779874443943635,0.253146744735989,4.80906655929142,25.3700559034185,0.0000157002337494124,0.241063703585732,0.0923166126521061,0.307261994426998,3.20423544563374,331.275148247093,18.632100758166
2025-02-13,97836.1885612748,2736.27031360324,698.071521954677,2.4718580852975,0.797975426585155,0.264043551839749,5.23180480763978,26.4973185353787,0.0000170091093295316,0.243455332496338,0.0950711021857745,0.328354759620385,3.42622130137547,343.091684822948,19.1706242324077
2025-02-14,96561.6639990985,2675.70900070376,669.913652826718,2.54699154830071,0.810256048877354,0.262315338856242,5.12920170585531,25.4252898527645,0.0000163063118712978,0.234096344019788,0.0909608875426923,0.316926483562036,3.3715822776106,335.209523096797,18.5509341822821
2025-02-15,97488.4814853646,2724.6698335874,657.410706012491,2.7396888464817,0.800915838420313,0.271985377735109,5.19150360628848,26.381658989648,0.0000167319408149635,0.23144357905549,0.0912879693417356,0.323370872368093,3.54768780234414,341.58021106337,19.415518125826
2025-02-16,97569.9516943046,2692.82138638643,661.967916262828,2.7619820914368,0.78147830630352,0.271641169694659,5.02391283330915,25.4892069749127,0.0000163260461034672,0.237365174106169,0.0886947640172197,0.317584488179533,3.40583664953918,332.759041440866,18.9634413649513
2025-02-17,96149.3484548204,2659.90174740935,674.732274633325,2.72518942894239,0.771350301120702,0.265457345441302,4.87630948070839,24.8553180961766,0.000015962850160103,0.242824530308501,0.0875688637811204,0.325159998691366,3.41611768424882,326.313538437441,18.6902220505362
2025-02-18,95776.1572385272,2741.90508009561,667.181812934796,2.65717755654144,0.807287284214181,0.258086758610164,4.88435607028769,25.0161361385976,0.0000157335644651849,0.238608335457419,0.0878172045018349,0.319213398851922,3.2539884659641,323.464025236988,19.0755543886013
2025-02-19,95495.8915329929,2669.49450068961,647.73376035914,2.55986439916891,0.753457339094969,0.250849615110775,4.76107040779192,23.4917681656765,0.0000152157279950267,0.239164946663058,0.0848526484034468,0.301759059617265,3.13216642158443,316.037911058241,17.8416981684286
2025-02-20,96554.8715625928,2714.80183647205,651.269960260113,2.73519920039081,0.772053835685434,0.254536611908942,4.87707727826562,23.7122494347253,0.0000153932409703359,0.242223999384261,0.0843634715678516,0.301227430206219,3.15578205471238,322.386688352839,17.9703738767264
2025-02-21,98384.3173824031,2741.59336259948,657.235718373167,2.69222983131778,0.804819441447984,0.254897831805889,5.04953268856883,25.160681534914,0.0000155682197532666,0.24648544622754,0.0861019575322949,0.307623621238829,3.46922791417306,326.056533189511,18.3024461048888
2025-02-22,96135.1554130528,2658.34709429194,646.803172473084,2.5717797656908,0.76163802076722,0.239444589841358,5.05576477636496,24.5626927557227,0.0000150859886538654,0.237602510722089,0.0836157343964591,0.292439378019448,3.30612913978597,313.800182535461,17.3839217391686
2025-02-23,96564.1541429024,2764.35523340429,668.785472644957,2.57586423045967,0.774250207730734,0.246781691130059,5.04560042045104,25.798541141063,0.0000156204607323173,0.237519938985014,0.0855707104577684,0.29768808720462,3.47513245097828,320.981632489109,17.7688259127032
2025-02-24,96327.4630912784,2827.18440848798,658.304070833422,2.57988512719091,0.770943800768447,0.243109839379303,4.96296525047121,24.8792979243422,0.0000154757627264712,0.246119619587435,0.0851949708239046,0.296231513175112,3.42780875420586,328.328619995491,17.6539587685615
2025-02-25,91396.7668693027,2503.1034200986,611.653800806176,2.27618402082626,0.679995803216139,0.210187062430353,4.40917313508858,21.8196169624351,0.0000136180308159787,0.239431947437624,0.0776234838508656,0.265973175967116,3.05639612873499,290.092738096597,15.213989535558
2025-02-26,88755.7693356979,2495.31545169305,623.430675278815,2.32234504405898,0.682632538000032,0.211323764397772,4.63083321486128,21.9603208218309,0.0000140897197624578,0.230971411116505,0.0763760222028747,0.272449584159061,3.00489591414203,291.823104739561,15.310279199839
2025-02-27,83900.1149652484,2325.85393469937,610.357861679934,2.18956172200153,0.644620804069957,0.202567764783355,4.73722781494653,21.7754343143038,0.0000143704585501862,0.226817616876611,0.0734225254838438,0.27249333931572,3.00396002589834,293.762609559685,15.1993142434922
2025-02-28,84709.1447784796,2305.32293780298,605.310653401125,2.19828952530668,0.646128694460598,0.20687435148383,4.92979335471315,22.5007112762824,0.0000144309946153393,0.228120053255195,0.0742180697705757,0.276777209613822,3.05605755733791,296.745825687731,15.1184967197258
2025-03-01,84441.9012237131,2235.20420860896,587.546926689134,2.14659904476419,0.634071865642629,0.202090703165187,4.71893335233852,22.3645872408828,0.0000139437221240823,0.233242223268426,0.0737524518122378,0.272178868034288,3.06536782371787,316.135643856906,14.8344177400476
2025-03-02,86005.2562968102,2212.824351497,608.288566982893,2.1894731626979,0.658260200411185,0.206364331824947,4.66349265736792,21.86694431466,0.0000136404589758574,0.233950765989726,0.073720163195022,0.282463942398919,3.26543298404127,311.273109609604,14.7989250957384
2025-03-03,94261.5328653844,2517.3382391623,623.642227036619,,1.13834013472142,0.239848262701282,,24.9056220252355,,,0.0824131252252535,0.303673585972377,,334.040749181091,17.354656291723
2025-03-04,86124.7141872217,2148.19953347023,574.333282295644,,0.856807966884482,0.199208020236908,,20.9682087146976,,,0.0768209614145485,0.254869563291168,,320.648505924241,14.4633174523246
2025-03-05,87310.805310783,2171.49694353502,583.15320871814,,0.943544575903701,0.199210218197535,,20.0273665597768,,,0.0739144972361436,0.24942246627131,,320.181095803273,14.8707068642089
2025-03-06,90604.0809852364,2241.38411491873,597.848549405523,,0.975747116176035,0.204725436104955,,21.753879321995,,,0.0803424600833781,0.255921354395017,,392.470517465047,16.4766508595637
2025-03-07,90001.4008760704,2202.32073634954,595.93831381704,,0.907346039088462,0.20179543870507,,21.0627193989206,,,0.0891143538908287,0.250244240022272,,394.683322249369,17.0916534553724
2025-03-08,86773.3359755537,2140.74980894289,594.552800685621,,0.817231244698283,0.198188997540561,,20.0992138058967,,,0.0828048867921057,0.241436674549458,,389.180979069175,15.9570534222005
2025-03-09,86142.9833586432,2199.99950008057,593.080697594326,,0.804467726740253,0.19200855651731,,20.4657171144133,,,0.0846372254924487,0.245574852121043,,385.455057824346,15.2449863897139
2025-03-10,80751.138933009,2017.26546018433,554.730003938837,,0.721388146040346,0.167818803975739,,17.9744783951955,,,0.0804257974633445,0.220435352516629,,358.069698710885,13.781843995715
2025-03-11,78783.9405793426,1879.1231054991,532.565881054999,,0.675098711751055,0.154738023411614,,16.3886756804668,,,0.0765196612040155,0.206522708024875,,332.243958346008,12.7186353815141
2025-03-12,82799.1080292053,1921.3099227587,552.625427957757,,0.7229736562075,0.164538627427924,,17.5151107142742,,,0.0801928517373943,0.215449898476901,,340.312519241417,13.1277614033777
2025-03-13,83884.2457882899,1910.65513810325,570.720770276645,,0.736666917455641,0.172436934316666,,18.9023078255885,,,0.0842585740148859,0.217529999870968,,353.973764376909,13.4976978240327
2025-03-14,81098.9005243623,1862.79493664904,578.715621373217,,0.701727688433808,0.164948868547461,,18.4952260151195,,,0.0811058579973173,0.210742230119204,,326.297200881003,13.0204020564789
2025-03-15,83971.7091606463,1910.6662703455,586.970249976433,,0.738652709371827,0.171819556100006,,18.5723631621002,,,0.0825554998560778,0.215550344396615,,330.0854725965,13.6983115815679
2025-03-16,84391.6908764717,1939.78568817213,618.76663483597,,0.747793320699479,0.176145978453996,,19.4239728631999,,,0.0840823675797873,0.219803847524957,,342.972978795668,14.047444476882
2025-03-17,82610.6175034392,1887.76434296928,602.015349528613,,0.706322656689522,0.168301953972781,,18.3198293516056,,,0.0828818302038846,0.20968567146739,,333.312966412101,13.374563192901
2025-03-18,84075.3655969447,1929.18335776187,630.446954011945,,0.718247537168588,0.1736204186749,,18.8308185051107,,,0.085210924517628,0.214304765008018,,337.406760760669,14.0342011521303
2025-03-19,82780.0304868827,1932.79640590507,628.621409832348,,0.70283266125019,0.168276109954284,,19.0172531679652,,,0.0786246079530922,0.211707999429379,,335.189848247641,13.9286173489217
2025-03-20,86815.441094707,2060.72860106827,619.565921413486,,0.745467692407961,0.178003484569393,,19.7320762580802,,,0.080792968249086,0.220267281000331,,346.070506273518,15.0050006169838
2025-03-21,84270.8435896623,1980.83178052464,630.218391026264,,0.717781798930574,0.169562149526807,,18.7353941164331,,,0.0798796477848735,0.211472875725349,,333.403649510791,14.2142739928585
2025-03-22,84009.532917822,1964.52938331683,634.615675920694,,0.704225326587959,0.167005751357897,,19.1535040779053,,,0.0782304647366996,0.205851931742833,,323.297447405145,13.9546704514503
2025-03-23,83793.3085419255,1979.5449257666,626.135946458246,,0.700488813072424,0.167212406799153,,19.397493932739,,,0.0802138305375504,0.208858191319302,,321.83738453795,14.2156208987116
2025-03-24,85787.7091490177,2001.04702309519,622.808568853935,,0.708589878997602,0.172177692305162,,19.7776031251179,,,0.0805352412274578,0.212700654034728,,325.081386881577,14.428602973898
2025-03-25,87327.7296966908,2077.73932583198,635.815478760381,,0.729960891394543,0.182616252319591,,21.4847626230538,,,0.0941542499615057,0.219542026385538,,332.072735721239,15.062729748207
2025-03-26,87520.5839153056,2068.59843504915,630.311221401916,,0.745620940509449,0.190982071883125,,22.9183972235437,,,0.104901515405513,0.229015040247394,,335.905349443711,15.4539936523542
2025-03-27,86960.8555491039,2009.88354329024,617.885500090793,,0.728009617388484,0.194932248416658,,22.0945427618728,,,0.100379079130819,0.232496335095904,,334.333465007612,15.231193092532
2025-03-28,87227.2715803237,2003.30342412921,637.613212526987,,0.73813077666197,0.190741070977096,,22.0101384792622,,,0.106441079751155,0.231352148332814,,324.842018103838,15.5111805870629
2025-03-29,84359.46915506,1896.917360046,619.522455927466,,0.705450005470421,0.180276884680278,,20.39390510238,,,0.104951270158274,0.21260361311305,,307.576289482134,14.2523006802044
2025-03-30,82679.1725538505,1829.27452118035,604.043444233364,,0.674055935652976,0.169556295605671,,19.671156601394,,,0.101012297461971,0.202696862742713,,303.133844065294,13.5502090632632
2025-03-31,82356.3811118376,1805.33787794359,601.470647840562,,0.660115218134633,0.166424925559536,,18.8608701432645,,,0.101868325041172,0.203821122606978,,298.834351013921,13.381664699695
2025-04-01,82514.0936539785,1824.20713676098,605.503011770793,,0.661137677308776,0.166584162797483,,18.7724131313647,,,0.0990570175103979,0.202582700462599,,303.066823302233,13.5158217656278
2025-04-02,85237.5876052852,1907.16715229942,611.028377649011,,0.678291898678153,0.174268904641263,,19.8195149638748,,,0.104325167203882,0.202464705301906,,308.677226629942,14.0563332465233
2025-04-03,82526.4221526433,1795.76185056748,589.869267819166,,0.641681019974173,0.16424145213076,,18.0054603485733,,,0.0963656286956645,0.189262340558166,,294.378809835304,12.9462262620979
2025-04-04,83163.9875738772,1818.28441995421,592.464252212179,,0.650635234098672,0.162019468252382,,18.1670085559558,,,0.0964040413732697,0.190780668385888,,300.741680689138,12.8788280194585
2025-04-05,83852.0076539959,1814.48077534495,597.759204774633,,0.660559048888514,0.17105607575055,,18.1862393340647,,,0.0941102786828628,0.190591944302423,,301.215763437319,12.9285075813036
2025-04-06,83595.8855017749,1809.9358271722,594.088807789354,,0.656218737532119,0.169368346605858,,17.894951698811,,,0.0915943107456018,0.188436791873612,,303.981697285671,12.8506603124394
2025-04-07,78211.4835819999,1574.63216114556,554.437955921458,,0.573016902460604,0.148943254283257,,15.9764586815687,,,0.0815811791828126,0.17063788814327,,271.726592152868,11.2389080568514
2025-04-08,79179.2922675778,1555.90981257087,554.160101976294,,0.584665368833791,0.149184970204435,,16.6895087674266,,,0.0859134583384825,0.17387366571359,,275.274072841198,11.4496565284541
2025-04-09,76329.090356324,1471.36088543655,553.396266941815,,0.557610926877708,0.14198151472944,,16.101319758649,,,0.080479540180945,0.167019506273814,,268.92150974971,10.8932650545045
2025-04-10,82622.170295463,1662.53316046416,582.259781003305,,0.632009219240043,0.160558945045827,,18.445156414551,,,0.0877734964577104,0.186792799916027,,303.324088171094,12.6479566021389
2025-04-11,79596.3573225077,1523.92862424253,577.292176930716,,0.609945310146674,0.153902988495791,,18.3148928809923,,,0.0845965969295373,0.182435282906031,,290.779827556885,12.084469273618
2025-04-12,83439.2881804376,1568.13169012594,586.129724406329,,0.624013663949495,0.159988998384171,,19.1494045102259,,,0.0875158990799079,0.182636751305315,,312.77029572102,12.6621859194895
2025-04-13,85305.0972839267,1645.86257331565,596.949674325254,,0.658135992436163,0.16766497781395,,20.4678690739491,,,0.0898896084995423,0.190027548011483,,344.975278106908,13.1540910087601
2025-04-14,83600.8201005454,1595.42274600011,583.644111243963,,0.637004258693412,0.162669377140881,,19.5212416750372,,,0.0850692794227411,0.182512183440352,,342.449508544835,12.5955048003177
2025-04-15,84523.4524914945,1621.54319559669,584.513037355843,,0.634738943866273,0.158599492542544,,20.1029243297828,,,0.0850831180210794,0.182544492449389,,323.869003441681,12.6184368766309
2025-04-16,83656.4924885804,1587.82222440214,579.711734298838,,0.60806392442719,0.153466099124026,,19.0305673284347,,,0.08249955710731,0.179913378065603,,319.178871481689,12.2326635163191
2025-04-17,84105.779421671,1577.70735167601,582.988489544532,,0.610665346978869,0.15471755583388,,18.7673583664644,,,0.0818882440713478,0.178428486472354,,322.522744877018,12.3565384800865
2025-04-18,84930.90857601,1583.47644970023,590.144942487034,,0.61689501611062,0.155871537875308,,19.0687028148391,,,0.0834856071819239,0.18234542597825,,333.2118269939,12.5252036730024
2025-04-19,84433.7501721539,1589.15162082708,591.75582490487,,0.627304379461254,0.157616700174839,,19.0877191347464,,,0.0837305085149527,0.188752972176515,,335.165405932738,12.5586971304783
2025-04-20,85126.6624430184,1615.05025491586,592.11919224186,,0.628085297571384,0.15731122043324,,19.9235448245452,,,0.0838296377629328,0.191758676249222,,335.372949068844,12.9474532243359
2025-04-21,85073.165448581,1585.46002534434,592.901553259658,,0.620208773182458,0.15502979487902,,19.4886781836303,,,0.0824471302435704,0.190969419692228,,335.865503747284,13.2692006548062
2025-04-22,87452.0469906829,1577.44655959223,596.742721454172,,0.622637141272792,0.159084362271695,,19.8402367885234,,,0.0825165878166908,0.199125663981632,,344.629706538513,13.0814246018748
2025-04-23,93576.1658857398,1759.70645993111,617.649700911688,,0.682136291147123,0.178468283022546,,22.0824856764788,,,0.091796396691696,0.219855322256931,,362.980462761273,14.1342250045358
2025-04-24,93605.4523087321,1793.96984948553,606.174282009011,,0.697264647248149,0.178401008327384,,22.3420637699254,,,0.0899167717261464,0.221379352951337,,357.783424028648,14.9869493631071
2025-04-25,93872.8142286729,1769.39251073544,602.197067666068,,0.722067639792474,0.182766755258744,,22.3585692270384,,,0.0912469217820458,0.247502593558282,,356.452133422277,15.050493317966
2025-04-26,94773.1120064354,1788.79818043313,600.191388395808,,0.713885903805567,0.182031039686753,,22.2122469834982,,,0.0914520191020591,0.249569167867667,,373.596833043388,14.9441352706344
2025-04-27,94644.0663712011,1821.26953032914,607.808537722905,,0.707593533151949,0.181881971941568,,22.4226615371448,,,0.092033768845902,0.245195797225201,,356.163713653176,14.8692584574844
2025-04-28,93809.3378196822,1793.69184407301,603.537146013548,,0.704070171794187,0.179618271191087,,21.761313744209,,,0.0904952410788403,0.239989014204895,,345.960848601249,14.5858284679535
2025-04-29,95030.6064547444,1799.50191449199,606.128551715825,,0.705290674035416,0.179069016401299,,21.856346347626,,,0.0904647739477869,0.239049003266228,,364.170516869886,15.0466502022925
2025-04-30,94256.3594631806,1796.97204567689,600.588957539948,,0.695735479297017,0.174399457202997,,21.4951044157598,,,0.0897149727329954,0.236063760669995,,363.531101742388,14.616960308101
2025-05-01,94235.7533104817,1794.04954086178,599.630200273299,,0.682027506399813,0.172410348519747,,20.911718399489,,,0.0882609267865377,0.23710994178604,,366.111061958267,14.3056154760866
2025-05-02,96426.9452227303,1838.85432859258,599.579691441088,,0.704854055906334,0.180703741090474,,21.64039979214,,,0.0902538878558796,0.239922484190924,,361.145046826365,14.7514009481282
2025-05-03,96855.5681343944,1841.42759083696,601.324467853796,,0.697498641429168,0.181388087156242,,21.2362302897075,,,0.0919089766946137,0.23901092263538,,382.691250784236,14.649887366126
2025-05-04,95922.8684240442,1834.50191187642,599.24688429028,,0.70134672530592,0.17576785161702,,20.5586272895634,,,0.0897921363243136,0.230294020366225,,363.238469215419,14.2623898098998
2025-05-05,94326.6204852925,1808.1560938441,585.889921656284,,0.67637564948055,0.170712326569774,,19.883841658206,,,0.0882509052218811,0.230003891950706,,356.159746343337,13.8656793567774
2025-05-06,94758.8237105546,1820.00445988936,597.966157869828,,0.663163915150488,0.170654906211171,,19.6909376452544,,,0.0883526681804066,0.223990072581281,,353.476149679604,13.6528807941923
2025-05-07,96854.5319881588,1816.16869438184,603.01752119844,,0.678776190307422,0.17232477779628,,20.0592038012727,,,0.0904872339054795,0.217855564327292,,372.525804439288,13.842817575886
2025-05-08,97026.493769668,1810.31692692845,603.144369158166,,0.671376495581957,0.172115626728252,,19.5363040999014,,,0.0914865503584568,0.218228645459757,,382.93313809735,13.8290299024897
2025-05-09,103076.275555129,2197.56118932388,628.279823737586,,0.76515374647555,0.197186426579488,,22.0613552950658,,,0.0982355282704977,0.250116618453825,,421.669122021445,15.8213508273115
2025-05-10,102962.540456923,2341.40796300262,666.660682409111,,0.777302477817416,0.205183154821453,,23.2393175866066,,,0.101376663973221,0.252524503237219,,410.189069718191,15.9967872177486
2025-05-11,104630.879299417,2583.68290514295,662.337908525333,,0.840059655757181,0.248086180109654,,25.9058406983797,,,0.104739921301633,0.274350549073334,,430.352613322296,17.3480681286375
2025-05-12,103994.061616746,2507.46931075974,650.86646139017,,0.804862992467939,0.23156210463127,,24.7577616430026,,,0.0984639793710261,0.254519993063946,,408.074132318763,17.0288579660884
2025-05-13,102876.830428601,2492.42639107737,660.953353686108,,0.819110376912654,0.231418137641565,,24.8676996751423,,,0.101360821531,0.255258777437783,,410.850956354334,16.7390749738996
2025-05-14,104184.490392707,2676.63916312791,666.24025784117,,0.831254109016443,0.240636155049653,,25.7680071902245,,,0.103392447551856,0.25991213740767,,410.932495439954,17.4260926554287
2025-05-15,103594.425750907,2603.71808871996,651.649015018035,,0.798581595551989,0.23268806780384,,24.9509405534608,,,0.101620106698213,0.249390096678239,,402.31870957823,16.9605248840207
2025-05-16,103708.851364236,2542.2966924668,651.136264811316,,0.760909266948887,0.218819391297898,,23.385562464678,,,0.100769730338875,0.234924796726654,,395.147052658031,15.9706620926961
2025-05-17,103556.034939824,2544.38703772357,647.341201878285,,0.760580235088505,0.222578049576194,,23.1492261686811,,,0.100064137438021,0.238296890155106,,396.926930626508,15.8034210978605
2025-05-18,103212.364838855,2475.05439336969,639.597976976318,,0.742478416193697,0.214883115906101,,22.1986744290576,,,0.0975517510928948,0.231450883347043,,391.703431328424,15.3213675156585
2025-05-19,106030.637683136,2465.34098561391,649.380668682191,,0.751839482088036,0.230646755875564,,22.7457205352679,,,0.0990107853155771,0.238929751992366,,404.980224248033,15.7010776707738
2025-05-20,105629.415804367,2526.98964389132,651.038980454094,,0.742604604809776,0.22450514333501,,22.2453760645466,,,0.0960957274100278,0.232417101943791,,392.958785758377,15.7940597891014
2025-05-21,106786.71995834,2524.27434331461,650.951301036078,,0.745644185829031,0.226252432095293,,22.6231240424189,,,0.0967304894966543,0.231969408489192,,394.072726967558,15.7215006744147
2025-05-22,109665.863716253,2558.95023437695,674.713832655159,,0.772065003489696,0.234144230071692,,23.2623306547481,,,0.0977398434357689,0.242211955817561,,407.473743906251,16.170724080492
2025-05-23,111560.356938144,2657.16744475661,686.030239325507,,0.807754819584375,0.24486878935118,,25.1394696799649,,,0.100271530877935,0.250557723022701,,444.721145501966,16.7418456644043
2025-05-24,107216.668568706,2519.81380904514,655.368111051037,,0.748254247966839,0.225605068138922,,23.0560200936609,,,0.0948336830244957,0.236870433829423,,428.011486356607,15.6075594755104
2025-05-25,107831.363743804,2529.44298422844,667.964795329407,,0.746026192516076,0.225266057710652,,22.9164739248716,,,0.0957072308125792,0.232996189422415,,421.596307285783,15.327059917143
2025-05-26,108861.810377443,2546.62011633709,670.012139393109,,0.758976169261258,0.224100518587317,,23.3399661826812,,,0.0961910574833748,0.235104676706453,,422.591551519341,15.4808541659367
2025-05-27,109377.715132631,2562.17292863922,673.783760533326,,0.758247075246593,0.225723512712777,,23.0508885030419,,,0.0968901375814799,0.230455830193151,,415.219696428705,15.4963659301602
2025-05-28,109068.456949014,2662.09405682414,687.436302629312,,0.75780181728855,0.226137010890729,,23.3556901367798,,,0.0982122286484897,0.229853447664215,,414.346277667648,15.8964635213267
2025-05-29,107838.184311002,2676.2674124507,687.631059296252,,0.74652056623975,0.221064437726871,,23.4814186615462,,,0.0977142006495039,0.227952391567244,,418.753334293826,15.641892990393
2025-05-30,105745.41660358,2633.13920652867,675.41108128159,,0.724272085506191,0.215836533182155,,22.3459898869468,,,0.0944633928985486,0.226397292095324,,409.83186419712,15.1195374115217
2025-05-31,104010.919562426,2524.47623480507,656.203138076188,,0.691261435270664,0.192938983621155,,20.614867406355,,,0.0996334306586122,0.206477034179664,,400.121403548196,13.9191729397914
2025-06-01,104687.507429349,2532.36278530909,658.572694275016,,0.686303540671384,0.192957073368118,,20.8254611486771,,,0.106012620143025,0.214183901248147,,414.511158523926,14.0023563682954
2025-06-02,105710.005938228,2538.33005843675,661.345226143439,,0.685355951030592,0.193961665114014,,20.8822365522937,,,0.106224216675488,0.215335255302144,,404.427381596085,14.0677577367461
2025-06-03,105884.742632211,2609.73725395943,666.056110490663,,0.690062040291211,0.195614629071092,,21.2069107106918,,,0.103400496455137,0.218725127445296,,403.991558812906,14.0975268851692
2025-06-04,105434.47745145,2595.4689570063,661.17332497159,,0.684833771475063,0.193201582449331,,21.1273537952515,,,0.102458668945169,0.214850288429022,,401.859333166504,14.1154065230436
2025-06-05,104812.918218807,2610.34318982826,663.70338541173,,0.666235252515127,0.18839829903336,,20.1821883030095,,,0.100191576424342,0.213444004153047,,401.218622294806,13.8547083228067
2025-06-06,101650.738754543,2421.6011037635,634.147971586176,,0.627998971721617,0.17187121244306,,18.7991727193147,,,0.0982381177838698,0.199906977846274,,385.689953890004,12.9301986943937
2025-06-07,104409.749679591,2481.40398366903,643.75668414565,,0.656415631823644,0.179303027608212,,19.7037009348552,,,0.0967243265756403,0.214408942127305,,396.433507146447,13.5915269130482
2025-06-08,105681.454614176,2526.29199588978,650.793799793299,,0.665097118031322,0.185016640410683,,20.706495593757,,,0.0968958255140554,0.213211955101301,,409.503345711004,13.8318878545744
2025-06-09,105692.24740699,2508.78412358458,652.274428548494,,0.669647503242919,0.184222703959667,,21.1158393753412,,,0.0979409964959605,0.209699349665338,,411.596728044169,13.6947762575425
2025-06-10,110261.574859485,2685.00018504132,666.337414322244,,0.705192787595985,0.194819788528018,,21.9384018108279,,,0.101295969636899,0.2184839532902,,425.79094641571,14.3749957555519
2025-06-11,110212.732521096,2808.50320831492,673.476059584496,,0.716108405169104,0.197859710930179,,22.5097139343748,,,0.101891289719978,0.225463396374928,,437.93587511959,15.4273963117493
2025-06-12,108679.976091617,2776.13719158223,667.738893010949,,0.697860955777032,0.19303354309827,,21.5884145762001,,,0.0989191414842119,0.230605360270101,,428.937325159716,14.9036004326759
2025-06-13,105979.229023759,2653.15896845267,656.48049640034,,0.664561639660764,0.181697446215064,,20.375053278551,,,0.0967543730665377,0.211669117319635,,425.548563482077,14.0303439974526
2025-06-14,106045.564408192,2577.04861752583,654.909546261651,,0.64152871162594,0.180136787470498,,19.3908650828175,,,0.0919826538849404,0.204191827273256,,448.226412226836,13.4148365789764
2025-06-15,105482.906116289,2534.07021953595,645.808667704834,,0.624953141116547,0.178416271121716,,18.970402412952,,,0.0910468803141525,0.199366988416483,,430.624820428729,13.1661947465643
2025-06-16,105554.493830617,2547.84560409204,648.20426009974,,0.633809167568236,0.175779067246777,,19.1151040661409,,,0.09090343681939,0.198713669608661,,461.453594244927,13.2943325855463
2025-06-17,106951.27201815,2561.32984356943,651.481357117145,,0.634809226777733,0.173785999345664,,19.1935748637724,,,0.0907917685868792,0.200809007994278,,467.238209529522,13.6547852957716
2025-06-18,104683.424798357,2514.98670057615,648.799470473488,,0.611422484319087,0.169937339499075,,18.6393962685087,,,0.0881335438104339,0.194811933693022,,464.583343032132,13.0262981312637
2025-06-19,104722.695052907,2521.33342339649,643.772872789295,,0.603152054126973,0.170379719459446,,18.1535798431361,,,0.0912223330566468,0.189504442250609,,459.033990786367,13.0741727435638
2025-06-20,104690.650024581,2522.17919036422,644.362664713102,,0.6022517506298,0.170920980708024,,18.0696061174044,,,0.090871594512661,0.187303551964772,,499.161715794756,13.0759121613186
2025-06-21,103290.105144757,2405.69543421318,641.466075415664,,0.576848056177242,0.162331933336165,,17.3467458002986,,,0.0879667729357877,0.18261179686375,,473.619545353485,12.5064908620397
2025-06-22,101532.568384733,2270.58199605559,626.568767223108,,0.550708365354187,0.153080022151187,,16.6650179946241,,,0.0841161970495954,0.172467788219789,,463.545550268098,11.8949655162568
2025-06-23,100852.582646488,2227.42872663717,615.920083990837,,0.54113015100065,0.151147817889742,,16.5041948149212,,,0.0798927139451143,0.172701862257346,,454.837230073971,11.6585386732627
2025-06-24,105511.624379331,2423.89964426861,640.254318032458,,0.583240117841506,0.164472566943072,,18.0899897258643,,,0.0849159815113801,0.181679158499408,,463.424538570019,12.869646220182
2025-06-25,105976.069298084,2446.53930154505,643.413364092062,,0.587219464927059,0.165615161049686,,18.2179579026346,,,0.0842389101112275,0.183680238303574,,453.683797860694,13.4024342258637
2025-06-26,107238.530450163,2417.22678552773,645.866573223578,,0.566772148256854,0.16448390661543,,17.5440547474165,,,0.0822243477213057,0.177639755999613,,481.493125923394,13.1287421011511
2025-06-27,106984.012537757,2415.03186487659,642.457203072854,,0.5541621947717,0.160042329181102,,17.2263358882291,,,0.0805869449397971,0.173047631724318,,488.552866876888,12.9330933908007
2025-06-28,107078.915606441,2423.03028967317,645.999555077824,,0.558699841121199,0.161008598647812,,17.5697247737177,,,0.0809724221188682,0.17449078892953,,505.09104399162,13.058413789479
2025-06-29,107331.585484636,2437.13300178024,648.766805209224,,0.565597600902261,0.16373132880441,,17.9857246071226,,,0.081117375582654,0.178395194206549,,492.250499698352,13.3994250977918
2025-06-30,108396.616313179,2502.66727211771,655.076413619566,,0.577507472418047,0.169547609700676,,18.7397669751726,,,0.0818879900541075,0.185150172291881,,503.919236220916,13.7282018941349
2025-07-01,107132.799107019,2488.1907816898,657.010956611594,,0.572018014065241,0.165136479592197,,17.9745484590357,,,0.081969230047069,0.188726896063936,,505.904781044648,13.3864888168497
2025-07-02,105613.399741631,2405.10455928002,646.177789160006,,0.54215126268931,0.157595242594189,,17.0915992418935,,,0.0799045070889052,0.176628472240266,,500.163299463222,12.8889232698805
2025-07-03,108824.444231679,2574.06771849513,660.025482364015,,0.584695259155271,0.168925810013558,,18.5100939063082,,,0.0825419211280071,0.188160703041224,,509.756817168304,13.5708212205625
2025-07-04,109602.20483914,2590.13223159022,663.015469008833,,0.598783933689999,0.171970458226776,,18.5310638508884,,,0.0831015973269674,0.187075682246579,,496.809331130291,13.6641911764652
2025-07-05,108040.89194001,2509.23634578336,653.161627047935,,0.572814638080278,0.162877924734683,,17.8007674608422,,,0.081116106069348,0.179640862984329,,484.452579346802,13.1627209957652
2025-07-06,108217.468499924,2517.37917835065,655.925369839868,,0.576013169861416,0.164314339706405,,17.922309969494,,,0.0810532606474717,0.182632292064845,,489.493324966276,13.2233186708648
2025-07-07,109215.197718403,2571.35819211598,663.018514932226,,0.585705693586678,0.171846307767207,,18.2993196575288,,,0.0812029109892889,0.183878489787014,,492.138226813275,13.493713435967
2025-07-08,108300.71675785,2543.63170280675,661.287696709964,,0.579810094486714,0.167863566006189,,17.9950456652124,,,0.080800882182662,0.184920847336136,,495.982458786844,13.4204841120266
2025-07-09,108953.191877278,2615.7759888945,660.704215066409,,0.588296151635852,0.17098496244237,,18.3646246411058,,,0.0965221070338327,0.193078635860041,,501.371224382904,13.968870663311
2025-07-10,111327.530542457,2772.57956266092,669.261399430744,,0.623621875882207,0.180825479206314,,19.5047799626506,,,0.0963479808337903,0.207845111175113,,515.387541335392,14.2575228554323
2025-07-11,115879.650301125,2948.44620270291,685.105448211172,,0.677132831074926,0.193933835107903,,20.6530112185437,,,0.0980703194696728,0.219927562024273,,518.154485087514,15.2326863258202
2025-07-12,117571.02510036,2958.8514450991,689.841842097202,,0.710820733488201,0.201047324735332,,20.6816705002915,,,0.104380697359799,0.228598981247718,,531.848577372836,15.3028406873161
2025-07-13,117418.957450077,2942.96160553881,685.470316545892,,0.708730392138429,0.196931686351677,,20.6639985699328,,,0.101615240438047,0.225920238619547,,506.552409288209,15.0914983229841
2025-07-14,119117.556663276,2974.26549523334,692.042927566742,,0.73789839236504,0.198183042985049,,21.1855844404067,,,0.106710196866627,0.232347995888529,,507.617399372114,15.6471717823449
2025-07-15,119833.674467124,3012.17970690593,689.315277107379,,0.733985780563862,0.197201595652292,,21.2413099144826,,,0.106924086313125,0.228510219237761,,504.883397333879,15.7713430459298
2025-07-16,117678.194934043,3133.06985774701,689.863427315096,,0.747277634667093,0.198807386576087,,22.4996353399025,,,0.10820607235223,0.233308480761513,,497.349890802193,16.0801694215416
2025-07-17,118748.162736775,3368.12652152611,708.558080973266,,0.764150765530026,0.213170198693794,,22.6868632847259,,,0.108392450921444,0.232276666574858,,499.304575686774,16.6719871253866
2025-07-18,119445.36520434,3481.8828152374,722.398128367847,,0.825335106167974,0.219048544825349,,23.834869960135,,,0.118707027287344,0.237436885366827,,501.37539408703,17.9817455955038
2025-07-19,117988.946644558,3547.31707900121,729.514910776386,,0.816174151018167,0.236233104742507,,23.4874255653064,,,0.118174594820676,0.234840697095254,,514.312771584574,17.8193371122499
2025-07-20,117901.626559009,3594.31850108097,732.927251405585,,0.830433057675365,0.241362733713976,,24.5283344351488,,,0.12105893038033,0.240166018775486,,513.565616609649,18.4377523419815
2025-07-21,117256.920822268,3758.60558181396,758.139222460837,,0.858335463131287,0.272946342008351,,25.0675404841525,,,0.12071425964801,0.252125841456977,,548.058847246843,19.3045434589212
2025-07-22,117482.469777673,3765.45362402357,766.395879052808,,0.890418287994153,0.271267665663791,,25.4649674549646,,,0.122218865857344,0.257620398687131,,523.412022087987,19.5404755794855
2025-07-23,119955.795706077,3746.94066873163,786.480720475715,,0.902760517644955,0.269653058686711,,25.82363888496,,,0.125423457051506,0.254224704231913,,526.005555973745,19.6548945437744
2025-07-24,118629.055881304,3630.05353148092,776.222690226261,,0.815884567414226,0.240654552414908,,23.9417069747716,,,0.121756553501389,0.231192095186939,,512.176606624494,18.1661728974662
2025-07-25,118354.435174386,3708.42993523834,771.23126221682,,0.80501618368269,0.231756125113587,,23.6648762739562,,,0.126536994916742,0.22907542869232,,511.956504929336,17.9302505493823
2025-07-26,117540.808370857,3723.05290927856,784.785601354632,,0.814821531721796,0.236482468339684,,23.9887306692555,,,0.132299473560726,0.233102421840646,,556.973292117789,18.2872037917207
2025-07-27,117959.542343606,3742.43142586599,794.286723623922,,0.819079995827333,0.235804574847376,,24.9386545800138,,,0.14088093185817,0.237269754081918,,560.223489266484,18.4182507298031
2025-07-28,119418.914051415,3864.12483746548,843.449638843771,,0.831249582355049,0.240516488081223,,25.9603612029266,,,0.144607065373464,0.239797976537667,,590.107377581232,19.2185792537968
2025-07-29,118003.302016078,3786.30384599596,822.276597691509,,0.79065188772073,0.225139756900369,,25.1162871538678,,,0.137594829646527,0.226296511926839,,570.383793152793,18.036809740867
2025-07-30,117853.308928638,3788.59837160582,805.143819319347,,0.78232460454913,0.223431674387102,,24.3404408994957,,,0.145261844986889,0.221206832412777,,563.469650203991,17.8071203494385
2025-07-31,117833.240879959,3807.41660108242,793.873461417553,,0.76428351909558,0.220317449804927,,23.3444923503894,,,0.146887947200726,0.21652255851707,,590.899330212009,17.7183454789168
2025-08-01,115700.002439158,3696.66285308512,783.002391077286,,0.739604567264158,0.209646314420645,,22.4703469796109,,,0.139193439515045,0.205093500689533,,562.017823484871,16.9474835685737
2025-08-02,113234.605134319,3483.17895515795,756.457411484707,,0.714522191412818,0.201020306975015,,21.5369471736591,,,0.131697478214396,0.197213249359002,,535.233269102956,16.1001409537033
2025-08-03,112554.902322217,3397.48554841432,736.658776938591,,0.698098133064995,0.191626954046916,,20.8934138357696,,,0.124399703841759,0.193710171903848,,520.194660178631,15.6991058124811
2025-08-04,114199.109664608,3497.5731278224,751.400154811812,,0.726237402844956,0.198863287792426,,21.3842753759853,,,0.130227245663488,0.202024705276082,,544.366637080301,16.2952179657644
2025-08-05,115138.686130702,3715.70901485507,768.554434073723,,0.755270234726608,0.210479556777086,,23.0778467207425,,,0.140220530701287,0.21161925521943,,574.368828043643,17.0954597048511
2025-08-06,114128.354088817,3612.44243223667,754.787800084693,,0.726378159345155,0.199642189355211,,21.8967392520966,,,0.13911856390653,0.212954199440434,,551.414988430444,16.3918884382327
2025-08-07,115022.095768309,3684.04591957267,769.855550682691,,0.741488046275239,0.205244816786243,,22.2341706442142,,,0.144014468443138,0.223979498374121,,571.046923190858,16.6847769078331
2025-08-08,117463.474510852,3911.26094626908,787.194828537456,,0.786568972561977,0.22242594906093,,23.3311198042399,,,0.149899416035303,0.236303628569232,,582.316468444758,18.4757888932568
2025-08-09,116688.366631861,4012.97697001236,793.17772878502,,0.791987039727075,0.230352018830701,,23.7889570674238,,,0.155486771043262,0.243971127435897,,586.56351379617,19.9021824761934
2025-08-10,116510.083932138,4265.56325833352,799.19910470675,,0.803497900790397,0.240791076033393,,24.2527387465232,,,0.157310735936078,0.247812113115998,,568.405465122238,21.9006189766998
2025-08-11,119266.925168806,4253.59161895119,804.895633471956,,0.801297952544827,0.233915150365098,,23.8115047424348,,,0.164556854175646,0.240781597131055,,570.854446521469,22.0925594718745
2025-08-12,118773.79960861,4228.82421326116,806.831218513275,,0.774244111307733,0.222796695054343,,22.8649990081109,,,0.165607338972345,0.23669031119703,,579.247642389158,21.1683883076644
2025-08-13,120202.534855032,4606.80942770952,834.446637547768,,0.84212305873292,0.23628639605846,,24.6844044533203,,,0.16458243982426,0.247524545848028,,618.747451303099,23.4768636491165
2025-08-14,123560.993635773,4763.65253532216,849.552866334234,,0.90832623069938,0.245499194379709,,25.5412324068837,,,0.168122211248989,0.256534784819045,,616.986897232824,24.0682258512342
2025-08-15,118405.59579824,4554.29150153862,842.264319155995,,0.925790775044725,0.224189918085675,,23.6976050691187,,,0.154297082382215,0.238201187913985,,594.312824533632,22.4996026110578
2025-08-16,117339.791902133,4430.53246501784,827.291681119208,,0.941799328844993,0.228212636711303,,23.7224013643891,,,0.151751690324292,0.232861209564881,,592.456207803747,21.7469918308878
2025-08-17,117501.21653395,4426.82691331133,839.056661198347,,0.920232317978604,0.231019206160383,,24.3107472308719,,,0.150876874427813,0.236513593042281,,587.786835720585,22.6594422162567
2025-08-18,117542.836877781,4487.11801375923,856.942456058294,,0.963209796203191,0.23543563785815,,25.0939570379649,,,0.150977135706937,0.247004026299074,,583.28122625206,25.6799026569291
2025-08-19,116256.412767409,4317.27575732823,848.22987927582,,0.923455190545782,0.222460564823736,,23.6958756605868,,,0.14829380868589,0.257849525577809,,569.443998007038,25.7460398866174
2025-08-20,112778.344835558,4074.49578610052,823.456668243056,,0.844852910211689,0.209110474994855,,22.3601487448039,,,0.135968328786131,0.232806817193574,,548.086046933677,23.5162387578165
2025-08-21,114252.397551954,4330.49159876808,870.038854897308,,0.881432513268137,0.221586507768342,,23.4385791341365,,,0.143085293105355,0.243470490199669,,560.415570723402,26.4126353987883
2025-08-22,112414.399873365,4224.4385925807,838.36716022941,,0.850062063666931,0.214603680346182,,22.7581457565828,,,0.141102432467708,0.23566646407625,,553.775818385978,24.7591782947991
2025-08-23,116834.249482023,4829.22554179833,899.04475907071,,0.929215371100294,0.240618835568123,,25.2323083817647,,,0.152273648598537,0.253458142029035,,599.936934241717,26.7463512218729
2025-08-24,115359.983467147,4773.88408859878,880.214546282266,,0.913167202403738,0.23590379540474,,26.1975986436762,,,0.157921295017019,0.248868080416875,,591.011882723275,26.2809153410467
2025-08-25,113399.54847315,4778.10916071381,876.072941367235,,0.910347700249799,0.231750022870495,,25.7507846173303,,,0.156905491753927,0.252747095698146,,584.369190362119,25.837594806275
2025-08-26,110185.354439004,4381.62617607147,840.286810458281,,0.838308588878764,0.209774855689184,,23.3609899215206,,,0.154850146510838,0.23283025207624,,544.62107746937,23.3931219461563
2025-08-27,111842.709992606,4602.36968533397,864.121302447441,,0.86678727309288,0.218481824403897,,24.1655194443137,,,0.200302833144931,0.244333468310356,,550.740091650015,24.3957930725523
2025-08-28,111216.084796292,4500.14514799823,856.055231297924,,0.850097060940421,0.21947732580866,,24.4274221867626,,,0.259198181225655,0.240152488679896,,550.099667660887,23.7747528403678
2025-08-29,112525.597406698,4507.56043103272,874.748753467729,,0.857181606593121,0.224365538689127,,24.8985933049545,,,0.330634231732233,0.247922464515355,,557.618581643146,25.1590030440405
2025-08-30,108480.306666394,4364.35852143043,863.657548525421,,0.82725418316835,0.214128245942631,,23.5903239902292,,,0.285543325041158,0.24069928718601,,531.549686227217,23.4577595014824
2025-08-31,108781.957279257,4373.36035762091,861.923469050824,,0.821961853006033,0.215824886319588,,23.7861402640545,,,0.303439767103806,0.256380468860286,,553.45033483947,23.4742866233184
2025-09-01,108253.360923856,4388.93146451936,857.819601972643,,0.811692932357134,0.213812188153999,,23.4229695216282,,,0.294208137422594,0.27764456476724,,544.799367423052,23.2290752174784
2025-09-02,109162.685579923,4303.20222274554,845.916487927506,,0.799421995426129,0.210120146897209,,23.1571285420002,,,0.26951580839117,0.271251059443651,,544.262740290471,22.4409180593712
2025-09-03,111190.182098454,4325.85630622594,851.693744528086,,0.834569045498819,0.214814843364773,,24.4413750575776,,,0.267705179878043,0.289640678340593,,584.582619228812,23.4764228928879
2025-09-04,111711.519777251,4449.86709772833,855.111025682816,,0.835819396050253,0.220608697121582,,25.1799615718941,,,0.280090676651015,0.282065391556017,,602.962555021763,23.6903002755842
2025-09-05,110724.736377486,4298.0946605446,843.67359343628,,0.810335676150342,0.212484332463228,,24.2561697991088,,,0.267956799655098,0.280117420826287,,586.734696393767,22.3634351956239
2025-09-06,110662.181126285,4306.61351310035,849.718490245928,,0.830855133830852,0.217905222803472,,24.4723096813227,,,0.266154954656025,0.278273960071094,,606.862152706076,22.2877254614247
2025-09-07,110209.188824778,4273.11002415784,861.663936983814,,0.8185531180764,0.216011578929714,,24.385308538883,,,0.266346402377239,0.273274725622868,,595.266732996153,22.2069826639471
2025-09-08,111131.992386841,4304.03242107604,881.384536324656,,0.836304801267247,0.228492093075933,,24.7311787742762,,,0.261708271057724,0.277738480491356,,603.262291506638,22.4790336173735
2025-09-09,112025.128781188,4309.685702772,878.233924232954,,0.864680027785404,0.24204451984068,,25.2527497363831,,,0.251531084534272,0.273464286564006,,588.224098410704,23.0319569678708
2025-09-10,111547.439564348,4309.34274612001,879.833817211316,2.94711316566773,0.864929840905778,0.240932914270613,4.14064162981298,25.934911243396,0.0000128838112796228,0.335130980033098,0.25919547829111,0.269741038481428,2.63349913976426,580.431345316157,23.0601845990302
2025-09-11,113975.324894688,4347.47680367066,893.578793274879,2.98311153710917,0.885321874978811,0.245438764564289,4.21185342694983,29.4105720404216,0.0000130586922969991,0.338625421262654,0.260730202558491,0.270734065928096,2.72562543748663,580.464066451694,23.56217095205
2025-09-12,115503.16663193,4459.31901599882,902.876846974473,3.04218959287032,0.893952263586421,0.255683099558961,4.24273161921237,29.1805513531076,0.0000132482397606164,0.3463463951122,0.259502358325026,0.272115218552049,2.74283759952482,595.992601849778,24.4487786725808
2025-09-13,116160.143445945,4708.84174415,925.166041838148,3.10756197271793,0.916947814662389,0.275513642799547,4.31970695163619,28.9094017717588,0.0000138589851826477,0.352488999966299,0.256793388782219,0.272990375814164,2.79056322507529,599.118642292431,25.1315264251731
2025-09-14,115970.58488443,4667.69965263032,933.897170499495,3.12267350939637,0.929955078194193,0.289384407339774,4.49968449396343,30.0410738718538,0.0000142857202241922,0.349739656290292,0.249568090909926,0.28344510578062,2.81168594344548,598.492550880504,24.8739561738073
2025-09-15,115373.555558868,4609.78611095078,926.841281739054,3.03126373235122,0.888437088314647,0.278455810277,4.31893140552871,29.5249520231973,0.0000136938231886702,0.348371337033223,0.236076493720243,0.271876947069763,2.70574074463837,601.100631423403,24.1118916856643
2025-09-16,115397.252727275,4524.24493910251,919.22503514847,2.99408612705434,0.862328881626052,0.268538794698692,4.1480735266118,29.8241386973662,0.0000130703582535218,0.344648897071087,0.231106254709641,0.257258185496411,2.6265734547875,593.610074915552,23.5802328951597
2025-09-17,116762.849686419,4504.26663552281,955.348749924155,3.03813341656953,0.88038725167252,0.26965312183283,4.2538552931745,30.0700515241985,0.0000131609787081258,0.342299441031274,0.232625659717623,0.257454994348605,2.71176038781491,598.780379832147,23.4899012282826
2025-09-18,116455.946482253,4591.76879433133,991.39731814323,3.08398346832855,0.912623639596826,0.282117441910369,4.40034654862681,31.7531438497723,0.0000134941451528604,0.343335711074587,0.237583823397174,0.262021259239809,2.82319132472883,617.928550003354,23.997110500481
2025-09-19,117145.49508952,4590.63673721352,982.076570691383,3.0778034182572,0.92520281185708,0.278764326647709,4.54070389421058,35.2810791929027,0.0000134146721625591,0.350489893033367,0.237321284721003,0.261197126052681,3.19685247589706,624.35247385412,24.6506465773724
2025-09-20,115655.810464413,4470.47947400939,982.687973818948,2.99116780947869,0.89055957446473,0.265306713719193,4.35712941169162,33.7379085090504,0.000012871158732854,0.343794222998268,0.233085814336725,0.250025774648679,3.12616014677867,600.53355606776,23.5537234746875
2025-09-21,115715.515367818,4481.79947236821,1042.40607806643,2.97673167258408,0.892575891556931,0.267555674041539,4.35716212000246,33.1507069708844,0.0000129248030419107,0.346734039136145,0.229266557421881,0.249919335526677,3.15689710462963,594.917474614681,23.3375612694597
2025-09-22,115304.47999407,4452.87113037789,1048.56498510485,2.97334969132125,0.885022453494104,0.261334826554518,4.27160653468361,33.0563898810675,0.0000127606627778546,0.342875429487097,0.217406523109041,0.245835062124976,3.13696306207485,594.178591362535,23.0024186922426
2025-09-23,112696.741017119,4199.95177401764,992.388190500671,2.85113919467817,0.825573599568111,0.241283868872731,4.03524283417125,33.63166074971,0.0000121326703609773,0.339835261493903,0.213488189777204,0.227402989622169,2.97715779691883,567.859266446465,21.651584436517
2025-09-24,112022.165878612,4166.19054987753,1017.46450093076,2.82905563795052,0.808907797123611,0.237610197335972,3.97591325565095,33.6572423210042,0.0000121010237414958,0.336173114537701,0.205840448693635,0.225441067334427,2.92240329656197,557.274455221276,21.5520548522434
2025-09-25,113320.56908541,4148.65682762035,1018.06779271273,2.92858896812399,0.812384150947917,0.240737405785293,3.99401287371921,32.3432580799147,0.0000121327426213225,0.338254814567676,0.2005866526442,0.224764384869528,3.02233398574038,556.127452088708,21.5899838060965
2025-09-26,108963.530135956,3863.06328759072,944.400375844778,2.73912263870217,0.76192645649023,0.22239388412704,3.79748075752495,28.6777370228484,0.0000116278980480122,0.331917258946307,0.185876271083864,0.216086409344303,2.72854361882924,536.059355453568,20.0939650035905
2025-09-27,109710.208746677,4037.09792102609,960.680587419608,2.78626651562758,0.79136106376378,0.232457648942946,3.92643948798574,29.0868621500489,0.0000119150495663047,0.338485695191941,0.191733619872063,0.221356170614691,2.77646674600079,548.420618744267,21.0862783983883
2025-09-28,109654.810210757,4018.16745310573,968.680671589613,2.80777611976072,0.781147066628435,0.23082670579624,3.89405034485859,28.8023137395176,0.0000118147038577896,0.336803407360312,0.186124340001137,0.223001456806122,2.73112805303671,544.195294915636,20.9356191359404
2025-09-29,112142.573627527,4141.8396640865,993.207904844228,2.86495673930686,0.808037082312996,0.237358424012097,3.99806713629669,30.0125322911553,0.0000120206207451896,0.335776957575445,0.194654572490628,0.228494283373215,2.80185486078396,556.197185714204,21.675112633143
2025-09-30,114309.150411194,4215.61278947927,1030.03096311149,2.88206778705619,0.80713373050909,0.235170935560735,3.98285081489309,30.4421734240945,0.0000119755432057788,0.336995576060983,0.190509992249941,0.226208386521206,2.7781166286433,561.145356182946,21.7413033766998
2025-10-01,114024.227835501,4144.23046337158,1008.92253117141,2.84493340181726,0.806863785307213,0.232770385301574,3.90466539071352,29.9938070397104,0.0000118178385014087,0.333500157269788,0.1976841665972,0.224406109190395,2.62532879966068,559.905509544359,21.3268006384759
2025-10-02,118503.244517525,4343.95198344049,1025.81878501232,2.94479751207665,0.84917730151539,0.248066930177501,4.1208264315443,30.6807947067942,0.0000123756389984681,0.341791716791851,0.202962946079956,0.238386207335814,2.82598139153753,592.856778980796,22.577894311182
2025-10-03,120611.719115911,4484.00624590948,1090.31156406637,3.03715243402797,0.869213984815526,0.261767457149434,4.30645959678889,30.9903114104804,0.0000126338231836866,0.342995223983128,0.218381094242954,0.240372194132868,2.9681553399202,595.020055145138,22.7543430818023
2025-10-04,122250.151868428,4515.75906815972,1190.05409383141,3.04136639019045,0.866456172558383,0.25859906893828,4.32107904360153,31.3830265205463,0.0000126699816057169,0.342062877742889,0.213747245397544,0.240753757289057,3.03309227649463,609.540389142565,22.5419968070655
2025-10-05,122380.937084633,4487.70665167328,1149.53637609348,2.96972462771191,0.839909041800044,0.25088714295062,4.2008286381906,30.1399251110085,0.0000123792211649639,0.34039225290282,0.207169574031788,0.236454297568216,2.96647566664761,590.551284158983,22.035498557694
2025-10-06,123506.185200277,4515.3213919653,1165.47780231621,2.9707200123023,0.837547531077569,0.252962840275368,4.13765705030147,30.0001040227299,0.0000124574621128898,0.341376675899963,0.209250196874442,0.237723917914844,2.95943945068354,594.116053577536,22.0118377946592
2025-10-07,124773.508230744,4689.1317347466,1224.57421022244,2.99160262669526,0.87210111254655,0.26630634975156,4.38742913480717,30.728304595759,0.000012852292116332,0.346268103119937,0.210846386895202,0.249805261627661,3.04835427867979,599.602131995581,23.3832651671146
2025-10-08,121518.755935751,4454.32846286666,1311.7129146917,2.85705763236518,0.821065061772826,0.247401999836352,4.14792810124494,27.9395844969581,0.0000122115487689418,0.338058730878648,0.195240375957097,0.237540159397829,2.95178871021218,576.840028234456,21.8680867377225
2025-10-09,123352.504875232,4527.57800454795,1306.48123205105,2.8805684212621,0.83882296513004,0.255477970521566,4.19658642413826,28.8121165705045,0.0000123361952888831,0.342132559332029,0.198606403337388,0.241275097736214,2.96544183157323,583.227486899129,22.6176574725067
2025-10-10,121698.030667783,4368.64943938532,1255.87866462424,2.80507591019081,0.815304028130714,0.24844379648914,4.07697034068822,28.3819112018349,0.0000120238449854183,0.336305794822918,0.193323562260971,0.236365356453746,2.88363751138489,580.214639283199,22.0060032155066
2025-10-11,113201.740641389,3835.63284205013,1110.81417559747,2.38383507267305,0.638689803090401,0.193985606807875,3.0102571563748,21.0250083794764,0.00000981819478407043,0.321137277454591,0.149278151959155,0.184833093742257,2.39866726393726,520.250914188107,17.4723348585117
2025-10-12,110853.116638839,3749.21818595495,1138.12468234421,2.38590453625808,0.631959064431091,0.185633018241718,3.00038714080846,21.5162797224572,0.00000995081978577493,0.31465798752143,0.155892282225399,0.185961011377295,2.30206433692964,500.514016203888,17.2204570324669
2025-10-13,115189.571463726,4159.72930779192,1298.79080059751,2.53126309341477,0.701168763366361,0.207536597448536,3.24325016355693,22.5195550630895,0.0000107180713181376,0.322962861823824,0.172620624042752,0.199899221232649,2.45868020551916,541.640240913514,19.0216141411446
2025-10-14,115222.283021165,4246.21746155477,1293.07223134766,2.60498951616126,0.728534866201648,0.213949898380129,3.37429903026686,23.8279017810419,0.0000111232931305524,0.322921047217316,0.172838765145211,0.209752599061191,2.61487940132624,546.679962123787,19.8721907081187
2025-10-15,113156.569438269,4128.88844703395,1212.28335197449,2.50618129941199,0.699744811904923,0.204680997912013,3.25238720126313,22.7818798568089,0.0000107479739713031,0.316980267176674,0.163150471602895,0.202185211432126,2.46583139657828,539.248986446901,19.1141638822608
2025-10-16,110708.669608794,3983.15443568942,1161.73480479818,2.41078516794889,0.668223314092828,0.196125970301963,3.13539619168818,21.9194768902119,0.0000103169195290616,0.319397340643143,0.157200802732005,0.19539431203127,2.32548395370575,522.537208439117,18.0563246422301
2025-10-17,108076.728620332,3890.19930124799,1143.73136992284,2.3252186675017,0.64454106133576,0.188206521354995,3.01165063376913,20.9363453277761,0.00000998439306616053,0.315324989846554,0.147493042679168,0.188252797335034,2.19747183457501,503.975947687749,17.385508064649
2025-10-18,106443.611949846,3831.24417583567,1071.54864325742,2.29573278190621,0.625207663278974,0.184914108192076,2.89319942047581,19.9537877435753,0.00000974853730354324,0.309096160709319,0.142984357710977,0.186358717665093,2.15285440756684,470.02656857604,16.6114713229973
2025-10-19,107156.003376477,3889.49903020432,1092.45687369832,2.35963153160884,0.6340674459609,0.189543257597345,2.93168076128928,20.199089239727,0.00000991686086164256,0.313112299817938,0.144388121143836,0.18926588400462,2.1657079425961,468.305607053381,16.8154905297778
2025-10-20,108621.134857428,3985.07656440468,1109.74637581329,2.38962552763337,0.65228733805312,0.195205011249766,3.00694602597072,20.59188544843,0.0000100774842028002,0.320378119810153,0.146840800615455,0.195137662245934,2.25808349333345,472.858453021802,17.2692366739589
2025-10-21,110608.571493266,3978.79015513444,1100.5942190414,2.49011703144971,0.66332675769323,0.19996595879779,3.0868177362752,20.3596362478359,0.0000101989104990227,0.322703685460217,0.150802904158063,0.200544297496541,2.26037706584063,479.120708888489,18.6473016693763
2025-10-22,108486.102627166,3877.48719795501,1057.85020601449,2.42359301805468,0.642586850570685,0.194499911550151,3.00610460119598,19.5525399141139,0.0000100788509001271,0.32180162618802,0.144951805509049,0.193901708515275,2.22385971612692,481.553581930892,17.6251256123906
2025-10-23,107618.42667154,3801.79079523829,1071.33542200224,2.36312485481375,0.622949660638003,0.190013239561557,2.92069484968166,19.0021402009797,0.0000098634975074148,0.322048836362983,0.140039396316239,0.189545624654513,2.16496143326053,473.476320430387,17.1905018002022
2025-10-24,110048.518272916,3855.84211624012,1127.35807143389,2.39420467381113,0.642473648909984,0.194776910267901,3.00246250117226,19.119508191766,0.0000100997856687499,0.313891829672999,0.143620936649826,0.192728649103313,2.20040459620256,480.989755489905,17.4037584876418
2025-10-25,110997.804371297,3933.23226990102,1109.17839374472,2.50482518003383,0.655323651162058,0.197641327798502,3.07818195277584,19.4908168011729,0.0000102352082334836,0.303833633942651,0.148519389730698,0.194974626298273,2.27119337806948,502.31347647368,17.8736766321834
2025-10-26,111620.309373135,3952.21355793558,1116.64152023388,2.59372539092098,0.655259183600283,0.196594304675467,3.09213799381665,19.7184420393227,0.0000102001737259939,0.297021761728269,0.152079002708841,0.195839195915305,2.27995946518987,508.23708772891,18.0163723559093
2025-10-27,114476.012275086,4161.59089624925,1136.87909244802,2.64588150838471,0.681843396458641,0.205841510361723,3.20087399705554,20.8412059520108,0.0000105720019151728,0.300612798669918,0.153843496287158,0.20239982196171,2.37083772237842,558.248633354504,18.5498487332661
2025-10-28,114182.794428068,4123.20622067168,1140.4846092726,2.63527431695453,0.667778313618902,0.200521688409149,3.140135007561,20.3228338020634,0.0000103891529992205,0.298330854274381,0.149756000237384,0.199712788007462,2.33209084635633,556.288512200215,18.2213998911007
2025-10-29,112950.348632595,3982.31278931754,1103.5953000802,2.6078841844987,0.646234481515102,0.193762475977026,3.0545006480875,19.5073913160816,0.0000101179113999274,0.295747926862122,0.151283188517659,0.194839845082121,2.23832902032145,558.302790340647,17.849717926439
2025-10-30,110046.669258373,3897.35926761696,1106.78711262447,2.55214558099316,0.639641559482764,0.192355270780765,3.07685697010633,19.6436342933992,0.0000101554475957895,0.296112460077336,0.146625754199336,0.195013592779996,2.27456054109618,557.343257197064,18.082754356968
2025-10-31,108240.765287257,3802.29536453318,1078.71885210298,2.43733650118022,0.600502030823715,0.182664942365342,2.87099426199306,18.110292496267,0.0000097292564008782,0.292382253869693,0.1456886458629,0.184596639106431,2.09685252272644,541.288684011916,16.7901537819371
2025-11-01,109573.905556291,3847.2981773652,1088.73317669985,2.50811313169155,0.609136646351569,0.186457891002385,2.8822290833792,18.1928564660465,0.0000100278304962421,0.296201820523152,0.145611492338239,0.184252723584296,2.09851194849419,536.735979766556,17.2381352405446
2025-11-02,110014.135567761,3872.21189619576,1094.45416286668,2.50461353472133,0.612462743680752,0.187270353059804,2.96453305587414,18.6701052890468,0.0000101828944044148,0.297450022404965,0.147123676530492,0.192514224134556,2.17168890889002,554.571155570746,17.1053178724222
2025-11-03,110650.209282315,3910.09476916273,1083.69841651333,2.5276233661039,0.608448791366248,0.186380519831446,2.98156544940065,18.8439256881208,0.0000101717611293355,0.298179642368993,0.146017402338317,0.19241551178568,2.19325468578722,536.22794660306,17.5647051219405
2025-11-04,106521.086738258,3600.71550248779,992.195531851008,2.30752080804293,0.551562892983078,0.167088259411484,2.57954842686773,16.658252572026,0.000009178838706322,0.281060066520064,0.129493762827983,0.168181908070252,1.90817995467111,504.931979462231,15.2343945824303
2025-11-05,101635.274022723,3296.74376043131,938.891751599157,2.21392286101224,0.522197951476244,0.162880150043013,2.51452013599212,16.0338102605109,0.00000887208415627007,0.285395056922376,0.121792091045908,0.162743392640477,1.83615718484265,481.439883289306,14.7525183500169
2025-11-06,103877.959659552,3427.69059137068,959.970145877664,2.34683004244604,0.546356714172151,0.167363638481799,2.67218119619348,16.6597966796298,0.00000917377659914518,0.288991896602045,0.125163739778617,0.169028917397205,1.95227732176068,489.759420959743,15.1747371973397
2025-11-07,101322.640294586,3308.91816492195,948.679377840946,2.20918413025058,0.530197671828039,0.16117653508606,2.65946298376872,16.0714479451812,0.00000899983000372111,0.283551726330624,0.122373945246932,0.163428921889858,2.08602741298076,471.8769988548,14.6964652009767
2025-11-08,103396.084215925,3434.35122852996,990.589979053418,2.31583932872237,0.577428419352757,0.178982532584945,3.25116079453863,17.7230360893057,0.0000100342156231171,0.292168751219083,0.129730397732332,0.181045937667688,2.76450065578783,510.852199002776,15.7799596909753
2025-11-09,102290.137146552,3401.45940033971,989.886240398806,2.28488170638292,0.56930838861139,0.176260142804234,3.24780519717851,17.4757867355813,0.00000995860507475726,0.291244444449177,0.125145444872659,0.179213842704238,2.94368746335049,495.673110703234,15.5165126026183
2025-11-10,104709.678616563,3576.25470466271,996.308790029525,2.36605707076926,0.578066995891999,0.179089250001947,3.22685962162687,17.7332836334218,0.0000099981788222015,0.29065348585102,0.127831255258468,0.179907175969429,3.03448203961179,502.537203604782,15.9136567927904
2025-11-11,105909.072723217,3564.61059579993,991.365378728957,2.52810782421986,0.592851408303951,0.182017944574462,3.2629210368896,18.180996926146,0.0000101381364922952,0.296171416856437,0.136381044282417,0.182523790933261,2.79294190481203,517.091357933254,16.3450090577794
2025-11-12,102960.775645006,3416.78132825932,957.149279725558,2.39017226626089,0.556326822003241,0.171954861451557,3.05271623312117,17.010581780265,0.00000963501961232976,0.29705002507398,0.125493117918763,0.171357922515575,2.54586917606234,505.136049490135,15.2893877857662
2025-11-13,101521.708594536,3409.61445554116,952.917011591862,2.38323894578467,0.544922736109235,0.169943243837694,2.91959639303761,16.8081265394716,0.00000948866234477634,0.294500332680349,0.124984281660323,0.169109958906699,2.53212490809725,506.648946658803,15.1302519135506
2025-11-14,99730.4533956204,3235.72763629685,927.121987691332,2.33138857733174,0.529951665531888,0.164198439452947,2.85838118193247,16.1316178633392,0.0000093057265278842,0.293116510604789,0.12268249920799,0.166308269412247,2.45346407735013,509.084432660278,14.5769782232331
2025-11-15,94456.3936823534,3106.60128786505,917.70223982014,2.24884733485613,0.499740459999027,0.15788017890783,2.82204368273293,15.1765955209756,0.0000089857890864938,0.292543664563402,0.113952246648087,0.151903411863859,2.35948678486035,481.879707752668,13.8579833744932
2025-11-16,95508.310198892,3170.11298074047,931.974328614104,2.23545577373087,0.503532576283571,0.163172320509269,2.8337829221609,15.524769494575,0.00000905203190399994,0.294326376277056,0.115126346124894,0.155715678138777,2.40838175475244,502.15921283276,14.1191601302813
2025-11-17,94411.3294718297,3101.686799467,928.50797964707,2.2182199885066,0.485437217553635,0.158885342685653,2.7975430857946,15.1972050771977,0.00000891093186056084,0.292375526798684,0.109859768599594,0.150524196450093,2.29319575967267,484.367043806663,13.7708643866825
2025-11-18,92036.7255045672,3021.30215763013,906.71978118311,2.160590388036,0.464335886238186,0.151725911265567,2.65785106670062,14.4829776120344,0.00000856461970732126,0.291250037660294,0.103895913232241,0.144416004234427,2.2554730141027,490.282094950166,13.2912053965803
2025-11-19,92819.759215009,3117.22258715832,932.059743056988,2.21390347711893,0.474275843732925,0.161571559273133,2.75182794745422,14.5610034122254,0.00000886167728775333,0.290122131766832,0.114037011739664,0.149071499613232,2.27516839278891,523.136151077884,13.7866811466803
2025-11-20,91363.2783869337,3017.7483614098,894.789614130532,2.10668349095274,0.462365995290165,0.154175945916104,2.68568661105438,14.2533507894323,0.00000853729791659262,0.286442006610913,0.109192400531597,0.144948134497408,2.36145720577059,485.205800872165,13.5054720183401
2025-11-21,86649.9725791823,2832.06835833429,866.721297547567,2.00004071837312,0.433278640858074,0.149369918027232,2.54085246283875,13.8448940204271,0.00000826547347481643,0.280323357726441,0.102431028886819,0.140500931625441,2.07284162411146,480.863732575351,12.9430303571167
2025-11-22,85051.8019295002,2764.73521867517,831.164847857817,1.95009146126579,0.409251735344111,0.140136505142252,2.34917478328418,13.3105214471445,0.0000078518775894162,0.276272279912338,0.0990133354427373,0.132634652842682,1.86265909618093,533.609941522437,12.1435338730896
2025-11-23,84682.6242914775,2768.61782949964,833.47825292973,1.95082354901705,0.404227111812837,0.140337445650208,2.30972457517267,13.2271168537156,0.00000780376858155366,0.274176012526285,0.100065328381061,0.13376823350282,1.84136122156291,557.331167511553,12.1629611329125
2025-11-24,86783.8476683958,2799.81493409246,843.03274089985,2.04492101677313,0.408785583051188,0.145036979361775,2.25871716046455,13.2850258927765,0.00000786044481412788,0.2750856497664,0.106189812491545,0.134195776524355,1.82224923094616,539.786831755697,12.5070216783923
2025-11-25,88229.3574071977,2953.32764575223,864.354015439801,2.22414842241647,0.428173804407285,0.151865452250175,2.34182828917998,13.8960053936806,0.00000832309517427848,0.274768871071135,0.109821139141836,0.137268262192299,1.90857406925616,549.748002730782,12.9696591536303
2025-11-26,87310.3315995044,2955.04646932127,861.917145130405,2.19894373465682,0.421989622191282,0.153133415915494,2.29633101888678,14.1750144313917,0.00000879052181498,0.274191662944038,0.110329236132214,0.136518599572178,1.91182563777347,527.166329130878,13.0718460561058
2025-11-27,90474.226779697,3027.47724913255,891.723282371388,2.22425482180433,0.435297187275861,0.154770765959783,2.34380474296677,14.9149136430329,0.00000859299624498178,0.276422806254546,0.111841829208461,0.13786410945793,1.93684560452899,544.457695712954,13.453565582402
2025-11-28,91279.0605717642,3015.61181969209,895.397923188524,2.20112223272318,0.4341785061218,0.152767756343935,2.33954899964295,15.025131479675,0.00000876770658580862,0.280231989323152,0.111401740936444,0.137737154706671,1.90810285497147,532.63720222181,13.3483855586086
2025-11-29,90950.3769591099,3033.13564541415,887.555849359328,2.18063138476335,0.420294984454506,0.15031711838483,2.28579630198074,14.8562668939135,0.00000865847115147765,0.281030140949554,0.108791968892773,0.135229821180493,1.87980125941604,549.497352763761,13.1406026739021
2025-11-30,90841.4525819368,2991.23301170326,873.762686775443,2.20280968353236,0.415522389374913,0.148570218505891,2.26035868271409,14.2476824809954,0.00000854530922119681,0.280968431751792,0.107183552643254,0.133660121777204,1.85432296199476,521.670521242732,13.0020736342086
2025-12-01,90406.2844857114,2992.8341859496,877.799024110837,2.16524614377504,0.4159030076033,0.146697281755776,2.22129796467137,13.8233999759714,0.00000839188418763313,0.281718727217974,0.106462290016535,0.133402638571146,1.81357308742649,541.899939790393,13.0207578230048
2025-12-02,86281.4951977692,2799.03679199016,827.488033331057,2.03105987952288,0.385916671829555,0.135778290772632,2.04377274856747,12.7990658820999,0.00000797399260525869,0.277164673548325,0.101904744579975,0.119830830396876,1.62898694192392,522.779836666826,12.0885044412355
2025-12-03,91344.7327515016,2995.75114932277,876.746988050284,2.15708879573349,0.434083998088978,0.146107771227993,2.2478061427513,13.6504162604338,0.00000845775478888136,0.281105913375189,0.108839192099442,0.129382623719157,1.80299457955908,546.634507905045,13.5190838840873
2025-12-04,93619.437508171,3195.40899190856,922.345282468027,2.2033216278542,0.450601398305943,0.15194900790142,2.36678627238412,14.8293079411823,0.00000901012653640955,0.280580603056481,0.110396271308034,0.129398024103729,1.85281508565833,591.795153091736,14.6921531874021
2025-12-05,92140.7041979579,3133.69823561862,900.231113089107,2.09718298114619,0.439416108452509,0.147506738840524,2.2742817650884,14.3991518634346,0.00000872140946281921,0.286000967151975,0.1063852243614,0.124612473969473,1.79607479437131,574.553927780639,14.2540957958332
2025-12-06,89307.0915451296,3022.6564205232,883.670705489714,2.03583030926638,0.416057563248813,0.139557489902559,2.12732581590911,13.2335435437329,0.00000830558604089842,0.285506266841724,0.103654577358202,0.120231908790878,1.68419643492807,558.897244344411,13.6109356464718
2025-12-07,89244.7620814118,3039.35857313324,890.244286683128,2.03267777753306,0.413480145150631,0.139611959084505,2.12900719064271,13.3942041901775,0.00000843283349334448,0.287510340970063,0.104113753264644,0.122998208622071,1.70728830153216,583.58240612699,13.9178446654736
2025-12-08,90162.9071400713,3052.97633043655,892.865934451324,2.03966034897233,0.416366693458186,0.138190707153077,2.08629776189161,13.4125298091513,0.00000831771369142387,0.286856751146336,0.103451921173449,0.120318832812955,1.69806315270422,598.106082999493,13.6255124033368
2025-12-09,90618.0535204608,3125.32146218399,897.400370968433,2.07303904493978,0.431887574924683,0.142578375267999,2.13110508246726,13.6369588279522,0.00000857385696638781,0.281429397371169,0.103548049326336,0.123619828665866,1.74359935223751,579.955293687275,13.7421579619314
2025-12-10,92723.2137206963,3322.46921783663,899.403588299445,2.1094322825595,0.469616156636725,0.148142065433824,2.29246338594159,14.6023387860822,0.00000874091648471252,0.282237088134854,0.10592120517634,0.126766868850476,1.81175125510127,585.372509115598,14.4295405919336
2025-12-11,92005.1371495741,3326.26021163752,894.402111679461,2.04433984689812,0.453473556555527,0.143571189588764,2.1972481809288,14.1454264268607,0.00000855618612926652,0.280187110841051,0.103802828826544,0.123713425890764,1.7627305864824,573.281387778851,14.1143547581366
2025-12-12,92494.1769164042,3236.09862085786,885.632035639231,2.03602830199172,0.425212836224369,0.140452199042453,2.0678150827291,13.4271816301114,0.00000850907023577422,0.28066785238013,0.101779607168473,0.121460413006082,1.67363831719757,574.780592291109,14.0656396805652
2025-12-13,90307.260285678,3085.3166943581,882.16129678078,2.0098066187067,0.409166451613389,0.136993879282878,2.01368347193496,13.113878843809,0.00000828027700288666,0.273730735045951,0.100400916469107,0.119364872088086,1.63693767181671,580.591949705301,13.6467814573077
2025-12-14,90257.4292885891,3115.22542883528,897.311044456304,2.0236207828673,0.410857841768354,0.139136452013051,2.03986285095706,13.3840250134755,0.00000836566381639312,0.270999182260258,0.0996228938803874,0.121086834576873,1.66585783597738,580.721931105633,13.7431292966325
2025-12-15,88230.7740936791,3065.49123555636,878.38851753482,1.98086080197994,0.396816239434454,0.134251132727027,1.95635569627186,12.8935445580056,0.00000807766453142338,0.277128506709669,0.0967541530780519,0.117154027907526,1.59297691544374,558.794071447163,13.2946809660871
2025-12-16,86413.9190195637,2964.4885576921,858.411662337706,1.89678320927861,0.387829948785921,0.12966703130472,1.90188307050806,12.3453137182524,0.00000790328031386557,0.278141979900998,0.0963173728451042,0.112767213716889,1.54874857969092,535.690423926983,12.8731074226978
2025-12-17,87821.8891910913,2964.26279150547,874.672083856499,1.92957963013441,0.385165509796446,0.131633413002301,1.89558967626637,12.3337179098379,0.0000078611942923179,0.280290117355868,0.0955350308337995,0.113820556425231,1.56694753165891,546.102815481961,12.9284382716725
2025-12-18,86064.94716216,2827.80417550243,842.788878033554,1.86170535291917,0.36654251864586,0.126175298888732,1.81341486356738,11.839626067012,0.00000752132673846938,0.279261854052851,0.0912395365195744,0.106950880596771,1.47807962679957,546.221107308881,12.23854252051
2025-12-19,85450.3312009302,2826.59484651077,829.17193787006,1.80761542741787,0.35136999509042,0.121989468404163,1.75879513158952,11.4348050096477,0.00000701776722683626,0.279417600635201,0.0902041793092928,0.103584935915835,1.42615112553211,564.600808457975,11.9337097667599
2025-12-20,88103.8607572102,2976.79686955777,855.957117266356,1.90612951307783,0.376604874956265,0.132231521450744,1.84933872435241,12.2487871544413,0.0000075166579313981,0.279998340860879,0.0952599928349111,0.109020873787285,1.53855374509894,624.743085302259,12.5310580557122
2025-12-21,88347.94310568,2977.16226320744,853.563526315935,1.93196488604204,0.372990434876259,0.131960898991215,1.83235147432407,12.2070022511369,0.00000743400288636827,0.28128327084952,0.0960175081375968,0.110383008590418,1.52216480030731,592.452473499869,12.5550452855182
2025-12-22,88577.4203835884,3001.60083778102,857.861845958403,1.92295504585616,0.365908369620839,0.131073327643144,1.80171860177939,12.145386957955,0.00000727909849687121,0.288207087394651,0.0957660966787655,0.107499502042585,1.50869240105229,589.955294268474,12.4369646621722
2025-12-23,88491.120207881,3005.78678069155,858.018474136862,1.9022227646374,0.370530012287581,0.132435225036363,1.78309418384459,12.397063114499,0.00000720207902283829,0.284292971622546,0.0956540651473458,0.107914105047456,1.50311573558093,589.622540490395,12.5731400902707
2025-12-24,87406.4363673797,2965.1936600405,843.915655874014,1.87327116311672,0.362945696110794,0.129282875611804,1.76436974520217,12.1829815306843,0.00000712204656458219,0.283367077093041,0.0947187195166524,0.10667513773611,1.48697808948635,572.418183992738,12.3907356958597
2025-12-25,87642.6088811995,2945.98781450199,846.612795490244,1.86199265732434,0.356436035101619,0.128546374994007,1.73627317781662,12.1078899636593,0.00000721568088051863,0.280195514976563,0.0931077495956975,0.106393193696259,1.45359766830836,568.467740473155,12.2745680440755
2025-12-26,87229.7806601094,2904.25234459999,828.869554028407,1.83162496237825,0.342976560588455,0.123473569237675,1.68274007142464,12.0868179356226,0.0000070619038355841,0.27853752901437,0.0922749949401307,0.102767508178222,1.43785701163462,589.570203603912,12.0452640615877
2025-12-27,87305.9565596139,2926.69563911276,834.340828326213,1.84296529137006,0.349581753385134,0.121997018285206,1.72246053706955,12.339908033289,0.00000711677871953143,0.279539251277219,0.0916704766183728,0.103667319307148,1.51807070667071,593.551285461937,12.176126406315
2025-12-28,87807.003210775,2948.86212625761,844.678049396086,1.87339318413479,0.369202118338963,0.124273729739882,1.91316979364639,12.6864876007495,0.00000736983180977733,0.28451512884092,0.0926775963477826,0.107553982246069,1.58969574862329,622.987268422548,12.4773600886886
2025-12-29,87822.9082907679,2947.85976057205,858.791572988669,1.86455856660573,0.367979309649581,0.123855954133274,1.84847965845539,12.6354327028986,0.00000739329221741674,0.284890852510074,0.0927094042317006,0.107306173939425,1.58003001309229,621.505461410338,12.4713439490665
2025-12-30,87156.5626608012,2934.21560175893,851.190044257819,1.84753979873653,0.352824571422063,0.122713861782295,1.82148109140571,12.3533098227221,0.00000718766093673804,0.284567347024863,0.0917731187136827,0.103860810770217,1.52174922785373,598.38455368955,12.2887482456198
2025-12-31,88414.6285607336,2970.055474481,860.338424743777,1.87510043183247,0.351110252832786,0.123261148633781,1.81092373925403,12.5558166765149,0.00000709344339545899,0.28615609930335,0.0924533967951247,0.102844954150945,1.51357189876611,595.083362788234,12.4114962407997
2026-01-01,87520.1804874287,2966.77417981341,863.1574666286,1.83934051622894,0.332668485446084,0.117286726562357,1.78983771497425,12.308339132007,0.00000690449772536164,0.284352918543373,0.0906237247873019,0.100439474408379,1.51240664190921,599.191493750503,12.1934925720136
2026-01-02,88727.6700424974,3000.41911688792,862.920278680633,1.876580133618,0.356162038590147,0.12661129710225,1.99782481326043,13.5423941342717,0.00000745822012156738,0.286451626059226,0.093726550282819,0.106153411226466,1.62676813739337,591.850659652277,12.5843840213851
2026-01-03,89926.2792495342,3121.90067245376,880.598198751678,2.00674306706808,0.393104970156807,0.141535875616905,2.15575479148365,13.77776255708,0.00000811438062795849,0.288663435903813,0.098232495166611,0.113194214197172,1.68872340709194,607.468853411467,13.2602288499128
2026-01-04,90593.8544318042,3126.04109139629,878.732928870277,2.01750627315798,0.389344261556702,0.143028275934892,2.12478760094554,13.9868689611504,0.00000808748368289617,0.295182057496082,0.0999411534064739,0.115532715320853,1.71184911784054,654.649144927018,13.2292087959484
2026-01-05,91373.2158810844,3139.05704191268,894.45083442731,2.09023203843617,0.399381988318746,0.149243155427517,2.13886769773662,14.2296690582158,0.00000902851699237374,0.293811186242263,0.107651098844809,0.121442597176558,1.72455048874486,638.97897784238,13.3958967180446
2026-01-06,93926.7956485658,3228.29622478421,910.907940359528,2.35709653263987,0.422405619895873,0.151939325602151,2.21082192593201,14.4663646516365,0.00000923044465770624,0.292064443437862,0.110542076317635,0.125244941908435,1.7810671057422,646.267462240913,13.9436989317761
2026-01-07,93666.863873143,3295.10192787964,917.634587831479,2.3061818950748,0.419720566150968,0.150679495157488,2.23292849336372,14.5956120989463,0.00000911670410120111,0.293968137157577,0.108548176936138,0.128324721344979,1.80844197719852,639.541647594093,14.0361958334195
2026-01-08,91257.1554403591,3164.79475024921,899.311579127391,2.16474320800232,0.401570397732274,0.14618070296027,2.14119958714198,14.1016531769051,0.00000876384883154977,0.297892573189902,0.103446853267052,0.127851710352257,1.71707771500672,629.248824353273,13.4155049043671
2026-01-09,90983.5157814262,3104.22032247492,891.599256983832,2.12517176890233,0.395676270570171,0.14198298288525,2.11114340919879,13.8812426402441,0.00000876651381020031,0.294708422888221,0.101208497868086,0.13576505365365,1.68781841319877,631.749688574826,13.2143395031624
2026-01-10,90363.8614047376,3076.46302301133,902.380545392047,2.086497616732,0.385646818738369,0.13912692983905,2.08820697110646,13.6915379775437,0.00000862763602970177,0.300679427632511,0.100575812260165,0.177219246378033,1.68409099446515,643.677876984448,13.1089743480644
2026-01-11,90438.2112064672,3105.1191717124,901.521801813375,2.05986461632999,0.387924986575748,0.137045536272857,2.05302509249887,13.6051213909984,0.00000841836411499546,0.299130702953137,0.100163826486003,0.163451889066441,1.68276080241768,644.774215550833,13.1309680119535
2026-01-12,91152.8506298493,3093.96089382885,904.675584798804,2.05198915368329,0.386702136046164,0.136800439676278,2.05225214342815,13.5297143210471,0.00000838337230850533,0.299506749178212,0.0989469171639128,0.151278401395528,1.67967814254308,619.219494440404,13.0610255926316
2026-01-13,95724.3237495012,3330.1019109696,945.738539366782,2.17291656680305,0.421727723623574,0.149674651335009,2.31972484709893,14.7564451085772,0.00000905198457210237,0.305203851925265,0.10320066700371,0.158741032733373,1.87810981089571,621.471443489115,14.1302196169725
2026-01-14,96918.0666166711,3351.26843624338,945.194248142304,2.13721297455364,0.412676133442301,0.146720681229616,2.22069739355427,14.5843418441384,0.00000869854783002074,0.303652732303952,0.103532998616505,0.155335283773913,1.79570697061776,597.751308293385,14.1067385567228
2026-01-15,95576.102188735,3305.67136143165,931.980588092918,2.07639768867722,0.393336017993881,0.140083448645035,2.11420855378033,13.7875172182542,0.00000840785788186726,0.312122951843675,0.100695996879943,0.149929874608736,1.72307781498762,584.756091239084,13.7457643122317
2026-01-16,95457.2110712028,3292.17295553457,937.284178840083,2.07260583177077,0.396052508014329,0.138047139357146,2.12670974088658,13.6012642238794,0.0000085756171778422,0.310844070827785,0.101462773455164,0.145095535059321,1.7402141578114,601.503180603824,13.6903954061124
2026-01-17,95136.1483756512,3301.99872191355,946.275401457653,2.06387435758402,0.396306205029276,0.137748937735848,2.17913593611448,13.7439396912984,0.00000845836368052221,0.318266327429303,0.101532486761448,0.144340671426915,1.75368406391434,592.29218978577,13.7011639666137
2026-01-18,95419.0493425061,3347.2908368798,950.736650323282,2.05921880072521,0.395728415142131,0.137618042196182,2.19071311378908,13.7372707263323,0.00000840946146883494,0.319974050538331,0.101472797732929,0.143623258086401,1.72814716010864,599.727266870377,13.8321906654925
2026-01-19,92565.4085021959,3197.69845597938,922.790061731031,1.98299949302223,0.367770509885013,0.128839480177141,2.01557081940203,12.6764309333182,0.00000802949100525923,0.311495802187208,0.0936539128746982,0.13537031586031,1.58214845022784,582.352801197192,12.8354208548731
2026-01-20,88348.4418716624,2943.51404292875,889.868779831901,1.88759820591527,0.350241217291592,0.123521819908337,1.90850431687909,12.1328982022259,0.0000077398144062319,0.297521925173157,0.0902024565012062,0.130461186402415,1.51022344247936,571.716033732313,12.1341408759889
2026-01-21,89724.204131257,3008.75584024106,887.250186165532,1.96590012735635,0.368488761096804,0.127286099972389,1.97325427931249,12.5130229562905,0.0000080860019737369,0.299307738210729,0.0925111432826565,0.136169510293611,1.55025915918049,587.069237447743,12.5237281376437
2026-01-22,89260.5322872785,2950.01081603837,886.46930391474,1.92516326276682,0.359296767251665,0.124133164542919,1.92658448396392,12.1595168166328,0.00000781818395066431,0.306550535375408,0.0915916912445163,0.132544661434505,1.5106993887194,596.261283130809,12.2391315086475
2026-01-23,89487.8436661497,2955.0654863597,891.523677454564,1.92245089657738,0.361869619865151,0.124848815240884,1.92645205822506,12.1438880560991,0.00000789379531089638,0.296817643707918,0.0914389754620992,0.128533166100829,1.51257722992621,593.392591845564,12.2207784890995
2026-01-24,89294.1339448913,2958.41752390249,887.536368889098,1.91790379157715,0.359356102724225,0.124388067532653,1.92733528176774,12.0845175140573,0.00000782836886814019,0.295216419416409,0.0922933126983828,0.127150269789058,1.5088769697818,593.950078960525,12.2297537355494
2026-01-25,86319.2074868614,2801.87214666336,860.972499982872,1.8192486137315,0.337183603059933,0.118844472316454,1.80841126840325,11.3616797661434,0.000007448654144766,0.295069675768721,0.0883721686675814,0.117560201600678,1.41911697080579,567.277756995843,11.4193819782396
2026-01-26,88019.524402777,2922.37668819372,876.938443554597,1.8977263135382,0.352173493675928,0.122490701747194,1.87801227430421,11.7399405679462,0.00000770184521013709,0.296480532794182,0.090787219598434,0.119812612854224,1.46559053612772,578.360389579237,11.9645232706192
2026-01-27,89119.6835782546,3016.36605750212,898.245267147964,1.91783551832559,0.360724070144656,0.126146683183347,1.88039047376912,12.0858049782775,0.00000784676288055819,0.294383950482618,0.0910484205250117,0.119581052440951,1.48964773456495,602.002708043569,12.0518668785397
2026-01-28,89259.3207146506,3014.8293846586,903.105472103336,1.91531373369146,0.35981599784932,0.125333899879902,1.88129234535507,12.0993964721926,0.00000781659342544856,0.294652820343797,0.0907247873300947,0.119115379579177,1.49469847747505,590.33347586421,11.8864048783783
2026-01-29,84419.9690502148,2815.63907466124,866.071265120558,1.80777792065484,0.334629750946332,0.116878363206662,1.7383106967775,11.0144781650328,0.00000734216504731275,0.294408816498769,0.0880482905929839,0.112644263159424,1.37591873970638,555.522111047612,11.1040898931997
2026-01-30,84022.4173812501,2703.63761344951,858.214673174909,1.72592585063267,0.323029847470515,0.115962642801433,1.6919794143432,10.8788223841335,0.00000721731791575868,0.293461374449112,0.0834605147957711,0.11189439714941,1.3240286852905,552.925340781525,10.7736574796182
2026-01-31,78078.5454430695,2417.55189428249,773.072893272712,1.61120162046085,0.288174959378214,0.102185791072951,1.52011335860721,9.95143806907803,0.0000066470578083889,0.285332678543881,0.0778405605118632,0.101814336311626,1.17763544847793,493.314589915895,9.80150365014035
2026-02-01,77145.4354686243,2313.84559794525,760.22863952598,1.59741559825636,0.287917297189931,0.104552588816942,1.51022273947543,9.97750099808862,0.00000666448992561866,0.284991909636765,0.0786749977523257,0.103423617970909,1.17746710594584,522.075997698396,9.54737272137733
2026-02-02,78698.2370057224,2348.33560879618,775.053148394956,1.62445137855204,0.30005618016819,0.10838896904771,1.55154360612411,10.1635868668858,0.00000691124257454083,0.283075216015064,0.0833789698180752,0.113357149843386,1.20958695482808,538.970862028031,9.83325838247108
2026-02-03,75560.9865039268,2235.82459316573,755.917833387892,1.58669408510287,0.292744182498693,0.106186497810225,1.50484007215019,9.96701008888427,0.00000673155558144704,0.285891390648606,0.0815515188565034,0.108588667506971,1.18333922282855,526.856929065179,9.51384197326784
2026-02-04,72402.7841902543,2116.10345505351,689.601457664817,1.51198711977647,0.283747651692073,0.102912954139898,1.45088409805098,9.64982902087844,0.00000656293691601444,0.282212564273274,0.0803884455247959,0.106922443346227,1.15056117200526,528.544450642572,9.18740799887821
2026-02-05,63819.5049418331,1875.34263406589,616.260981595825,1.22321105029587,0.249680593357032,0.0896923643054935,1.27386398106444,8.4088710609677,0.00000572449948533721,0.270409075262275,0.0718496008478626,0.0930165599063761,0.985314295392482,465.895729373091,8.04141867744936
2026-02-06,71297.6351993055,2072.30603629743,665.190308865755,1.48447118091143,0.278832170474119,0.0994034845128844,1.38379593700715,9.3090700904516,0.00000637155119922915,0.273611439662637,0.0798949518460893,0.0991484366313356,1.09637062017715,529.201939934529,8.96351108495912
2026-02-07,69375.5322793176,2089.49838409256,648.676819292363,1.42272679647116,0.272405388444944,0.098332048877105,1.37633429249085,9.24371868578167,0.00000630784036435999,0.278377826762511,0.0792374190178784,0.096941295413974,1.07491801280985,533.351261431379,8.93334882705493
2026-02-08,71010.3081185476,2107.43159529611,643.529958697161,1.43327073463858,0.270810195410142,0.0968790112570373,1.33967162166231,9.06812150575705,0.00000612971658385174,0.278333259436209,0.0802419919425131,0.0957552441339096,1.03922123203848,527.634992832659,8.84399864711655
2026-02-09,70339.1669417581,2113.46413708561,637.598568514795,1.44422423518688,0.270413568100609,0.09637058895912,1.325590311748,9.07390694574628,0.00000612553401370334,0.27908703414008,0.0791039733395268,0.0945340241741728,1.03630746950771,533.851052266289,8.86594825070629
2026-02-10,68661.022968537,2014.66772189991,618.720263159775,1.39933665536479,0.261767500976508,0.0926172642681404,1.27820579450473,8.7236779620411,0.00000601442730818516,0.278121317183185,0.0781862461286675,0.0907616164748936,0.989478496668492,524.035975024825,8.54477766661657
2026-02-11,67390.9263277793,1950.47822909204,608.814675214136,1.3713692033508,0.25658996227835,0.0910238295782213,1.2608569186626,8.67210321656834,0.00000591271991321861,0.277552957292094,0.0760666081155907,0.0894580918301321,0.971174291316314,517.232430302257,8.34152804982916
2026-02-12,66246.0381995125,1941.47438982248,611.344802085147,1.36249072932022,0.261945417904358,0.0924345652376446,1.27731546580938,8.81437099288211,0.00000601767101629474,0.279757362150305,0.076349203156113,0.0954073277890516,0.954352665349102,502.372934096343,8.3631863488954
2026-02-13,68930.8561564921,2051.77633976535,619.584490363126,1.40155083642255,0.272297461882261,0.0969613752144929,1.33158868333403,9.18741946617996,0.00000635872771465678,0.281658851226797,0.0795635230146268,0.100426180429209,1.02352412205147,551.616563376906,8.80956371719166
2026-02-14,69924.9165317671,2089.64335658597,632.189581691723,1.50088105657103,0.297476272210402,0.11274638634196,1.43232449715544,9.65223301094844,0.00000720892060686241,0.282677104169431,0.0839003865568647,0.109401797339377,1.09362228207706,564.47302473576,9.14653977998934
2026-02-15,68923.2601162337,1968.2342580929,615.980673637493,1.48617039702203,0.281977899700531,0.103269495654203,1.35545815730048,9.28149418841038,0.00000654086594800287,0.280554480874801,0.080008852976288,0.107159105887237,1.05133415822619,556.0304495674,8.77056260351798
2026-02-16,68589.2218087526,1990.14150518575,626.003520429578,1.48337126407008,0.284965495929797,0.100551846167031,1.37672112939924,9.26459426183326,0.00000657339691890012,0.284276898292501,0.0802899722092586,0.10800471373814,1.05708344310004,570.005119012096,8.90205632031068
2026-02-17,67511.0810051007,1992.87491335375,617.584407369112,1.4741446518763,0.281428790032267,0.100592510160104,1.3478093965635,9.16335866247419,0.00000650482877724353,0.282296722412661,0.0791954720598104,0.108609278337247,1.04269088687397,565.688010167514,8.85063817966894
2026-02-18,66395.0230041778,1947.76340136792,604.87890571662,1.42123448901483,0.273529520455573,0.0984705759689429,1.30802511106581,8.85227110154294,0.0000062896504343711,0.278724240421355,0.0780234095118198,0.108509974871995,1.01259280839329,555.586538889498,8.57541448025072
2026-02-19,66915.1097813609,1943.89944810913,606.347310368241,1.40034191726605,0.272022798689532,0.0980161527672225,1.28208622910977,8.87127877330147,0.00000618739660402168,0.284657730921494,0.0780111404716677,0.104923342721357,1.00229300875194,561.103976817687,8.51648826589601
2026-02-20,68041.9989547035,1970.39914529347,626.741831831704,1.42807226093406,0.285182760696912,0.100238768013013,1.3417950286089,9.14251615149758,0.00000640795665026784,0.285453133443002,0.0786480930417709,0.105915287620924,1.05287759124267,559.133548447173,8.9639933722398
2026-02-21,67951.1559128277,1973.26233825044,625.600062657833,1.43440194275806,0.28015228502501,0.0991631876050389,1.35821183973995,9.16782498400614,0.00000639620026783607,0.288678540189702,0.0777800047005138,0.110973374517923,1.05137793450003,564.818195134912,8.88392755854282
2026-02-22,67654.0355829786,1958.29673963668,615.691388395221,1.39958838767507,0.271624771929502,0.0957621068112798,1.31447769127311,8.85673810732509,0.00000619845074510192,0.290420166032614,0.0756822265716349,0.106169673091683,1.01504765282716,572.744141428598,8.68965876967342
2026-02-23,64719.4472046772,1860.65272528654,596.986870137143,1.35699501162309,0.263583716642569,0.0931848036792993,1.2702676474004,8.4146057567866,0.0000060280106961808,0.281229687149177,0.0748989002678099,0.106464617917281,0.98503329574612,501.009389376486,8.30835670141966
2026-02-24,64113.9657402143,1860.07938773482,585.603210618146,1.3526796449654,0.259403752308808,0.0919853449839688,1.24146396441249,8.30567484157048,0.00000591328989116108,0.283174150892868,0.0739184363548066,0.113362355489587,0.969289022018216,484.378668461464,8.21336606895123
2026-02-25,68441.721452911,2082.86372763255,631.573897608347,1.45341239673519,0.300440437993311,0.102843042565841,1.65390551809797,9.56976437765363,0.00000634040715164782,0.286063730569099,0.0791345993534027,0.115458986066565,1.1956829704743,501.95581788551,9.41521477968653
2026-02-26,67559.7781809775,2033.11964297185,625.922052903882,1.40220178603947,0.287198286929045,0.0969013746331402,1.58904374619001,9.32012935178603,0.00000597118598543582,0.285619614201397,0.0773389243272835,0.110614259642125,1.12563919271533,479.114608038144,9.12480711302782
2026-02-27,65612.7960926539,1920.73092814951,611.75679985349,1.35438559998505,0.27647020553105,0.0931168746401201,1.58383488626013,8.88643542484792,0.00000576367995891727,0.282723541973343,0.075468594146688,0.108086775157016,1.08513770652235,459.023739229516,8.67327677002517
2026-02-28,67185.7455106012,1967.80039214728,618.765870880337,1.3817158260285,0.281102284383804,0.0940535069312278,1.65177521361894,9.20476527717261,0.0000058026763976322,0.282223002485614,0.0764812471040854,0.109227264414403,1.1663356273788,462.025526601814,8.86321563401263
2026-03-01,65226.8553903572,1923.05817149681,615.18144096313,1.34339093442126,0.271887515752202,0.0919665935731833,1.52244542766143,8.9704351554413,0.000005513401221274,0.280513445714753,0.0745086120988924,0.104418750246816,1.13228790231933,438.554314402453,8.61261250798967
2026-03-02,69388.3446252352,2052.11950706658,639.788119596182,1.39933391531915,0.28050228562106,0.0947592648739526,1.52262057905273,9.26564071488428,0.00000557684266881249,0.283127346671919,0.0761010542077458,0.102502742324785,1.37971231349567,448.503453136626,9.05768164987996
2026-03-03,68265.4107580933,1982.07691585693,633.620468465041,1.36283636256372,0.263472969299094,0.0902039316264204,1.52044084943383,9.17247912829302,0.00000550535527487737,0.280386040254255,0.0754048787704816,0.100796872582654,1.34861505626755,446.438462488865,8.8060619608518
2026-03-04,72719.8140652107,2132.17527316997,657.312859087245,1.43060163112274,0.276281221740937,0.0992490212479041,1.53203520809161,9.49207536281344,0.00000569256785054946,0.287377620010817,0.0779212880156145,0.10395840607748,1.31012055068506,466.26580707872,9.3618432737911
2026-03-05,71233.2187123617,2081.39645786605,648.755931018221,1.40724506174656,0.269444246529876,0.0939187095754394,1.53164932447349,9.42019439089752,0.00000555728317810035,0.28508116418556,0.0772008558757512,0.101407923602345,1.28028607833536,462.140338842451,9.23516921341897
2026-03-06,68413.3320155198,1987.92793782649,630.382327566324,1.3696638249541,0.259904387689231,0.0913968709101288,1.49614027849382,9.06267893172433,0.00000541506136348967,0.28484543687326,0.0761002453690224,0.0985082845975393,1.2393878021626,449.764939227952,8.81729745608605
2026-03-07,67249.1135918925,1965.65741374675,619.628607577621,1.35345817186204,0.253654068720043,0.0897381945535245,1.43892643531838,8.89187717542473,0.00000530618890752952,0.286349048187737,0.0745923312070095,0.0941533609223209,1.21122488780282,447.482546965991,8.6763066064235
2026-03-08,66243.6111802714,1942.54489312277,614.528144628533,1.34510843392541,0.250664501220594,0.0894065466124751,1.45626098662789,8.84852995192504,0.00000531366890399344,0.28925157696873,0.0741883746012883,0.0955578663284029,1.21752508955453,446.163314506874,8.55747680677338
2026-03-09,68646.004299425,2002.51118683178,636.803767029344,1.36474078422195,0.25514673392025,0.0906711202393065,1.48721747080367,9.25679717057856,0.00000542769221895071,0.285883336215944,0.074984651172004,0.0955142209121682,1.22462520887878,447.34465614329,8.90252250688883
2026-03-10,69707.3589654712,2027.7078323111,641.984619071258,1.38438229881793,0.261208177598718,0.0943919720872278,1.48615600722578,9.5140524272955,0.00000564384441400669,0.285511830088187,0.0756181211210931,0.0961579169457705,1.27999689327223,446.098401517868,8.9591219755708
2026-03-11,70399.5678459311,2063.26770321612,652.571505986381,1.39010505155319,0.263724660726023,0.0935219784104392,1.53544809400491,9.60005788492208,0.00000574795874858057,0.290601752695785,0.0757836116794288,0.0979570188248851,1.29896690382374,456.150498233132,9.04457466082367
2026-03-12,70168.7542773972,2064.72314012726,651.101323214845,1.37528412840761,0.26290610182464,0.0943406327695127,1.51489639524753,9.64264227107136,0.00000587562431317053,0.289039330933282,0.0754741770585655,0.0989484640275137,1.35782079843075,454.055566886763,8.99368807539267
2026-03-13,70794.0944735239,2089.38352912902,655.78476421652,1.39397789203306,0.264893219496977,0.0959323571629495,1.4558480817909,9.70654200285968,0.0000059161495552062,0.292612289026939,0.0765450012433559,0.0952321627874347,1.33138558001616,460.354160151329,9.06086196655404
2026-03-14,70723.7806043257,2083.96065875191,655.072394482937,1.39709216482511,0.260423299246712,0.095134897409126,1.40797220833793,9.62685219973068,0.00000584488478859455,0.297736019274897,0.0775307691415306,0.0961073303079148,1.31508514517675,465.495391319675,9.07963396224391
2026-03-15,72783.286696353,2184.56799448242,676.760917110782,1.45721306002466,0.270669434625304,0.0974076743822156,1.44052714203015,9.97839773150705,0.00000594394231008584,0.298522732685957,0.0787246901791954,0.0974023455078566,1.35498115490072,469.152443735885,9.47906514926256
2026-03-16,74717.3894011731,2357.56173815734,681.359521062867,1.54977088059648,0.29114300275201,0.103145174027428,1.63175816176214,10.4930471533001,0.00000620042665100961,0.295616948661463,0.0809282553881645,0.102104752659967,1.50542427082933,481.315108081231,9.98291944668999
2026-03-17,74313.1169442332,2329.48486574933,671.283936900145,1.52779983440015,0.291318034318275,0.100892070242323,1.62284883468664,10.2596033738481,0.00000609891697663463,0.30611921612067,0.0798459140778239,0.0995165577313591,1.45959794251482,473.465415363575,9.84875308970536
2026-03-18,71136.5237615008,2193.6981820092,651.590344572378,1.46172836192033,0.273666603738128,0.0949597385030402,1.56557135807948,9.69753621078617,0.00000581437318808351,0.304066486849286,0.0766339749168749,0.0967833883548355,1.38600559609008,455.305338373216,9.2076304054397
2026-03-19,70147.4529078293,2138.6404092774,640.163978559624,1.44836524886691,0.266427148169453,0.0932590600557717,1.5169171225771,9.45482535143611,0.0000057661652725243,0.304338300888038,0.07504383665852,0.0953256728460897,1.32812666279687,454.787862336849,9.04282685035128
2026-03-20,70781.08357698,2155.88450932347,643.864511776454,1.44856353731293,0.2669666101397,0.0943961422851843,1.51679202510451,9.59176830534072,0.00000596304417322692,0.310578878451624,0.0751789960371576,0.0984285027613524,1.32515479716314,472.980092418092,9.13946148748202
2026-03-21,70292.2638818633,2149.82640814244,642.014757577674,1.43933940485889,0.264777102483759,0.094012544927858,1.49548903630658,9.49352423020336,0.00000599571679222109,0.311900132013044,0.0752290049428302,0.0962883528548972,1.31515776169067,467.68551241019,9.07548182170454
2026-03-22,68296.8629586187,2061.28046385202,629.720836350024,1.39034717602139,0.251933851066171,0.0904707933559649,1.41750072135892,9.05012809747113,0.00000571578397645946,0.311684730257278,0.0738131783951766,0.0923767072385185,1.28162991510287,469.199857646378,8.71856193462521
2026-03-23,70754.1129409734,2153.05708890562,638.431163999819,1.42841629288715,0.261537908751891,0.0942840001443191,1.41188786601813,9.55334729482926,0.00000612465837002697,0.306032733961482,0.075694735965749,0.0960573118233932,1.31155663105353,477.107814322903,9.10848022219378
2026-03-24,70327.56965564,2146.18988009378,636.722244314031,1.41047757828608,0.265206407627856,0.0946231335965273,1.39252409166416,9.56985494352779,0.00000619154485835062,0.307696275555236,0.075030799364849,0.0954686971746142,1.28945868204307,477.576264768886,9.19436164945829
2026-03-25,71343.1228501428,2173.42820195924,648.678665734425,1.41773178569519,0.27050148310092,0.0963712341403262,1.35772652738839,9.68225195125283,0.00000614534030183024,0.316162697393233,0.0750710185640528,0.0981392902948752,1.28137720801288,473.917049979539,9.37520190517838
2026-03-26,68826.3068685042,2063.67492204155,629.138656842167,1.36134785247956,0.254985903552044,0.0920180333077005,1.31926829933911,9.10724518185648,0.00000593317414224465,0.31133490832009,0.0736866898446838,0.0946268732836127,1.22345038760208,460.814640070369,8.92184316225137
2026-03-27,65981.9737718319,1984.18704433322,610.365305841048,1.32385111915491,0.245661284694689,0.0899715071095583,1.28633404660852,8.75524059354222,0.00000577257907573682,0.310214503386094,0.0707830949530371,0.0901420241334595,1.17603029660212,471.46145895095,8.51887294753529
2026-03-28,66694.139781946,2010.13713844231,615.335206519119,1.34029077517351,0.248441853069996,0.0916209563210483,1.26731279541379,8.82766949129173,0.00000587440887196074,0.316387811806003,0.0717674314570341,0.0919762169848332,1.17803090195005,482.25314398729,8.56703708814513
2026-03-29,65813.3236524164,1972.58258281138,603.902366253912,1.31414738176172,0.237121978715458,0.089592332845359,1.24797186058767,8.47533428249346,0.00000572168261855059,0.322308181395798,0.0700798315075987,0.0902936570792478,1.15576548405556,450.309309168676,8.33383063592242
2026-03-30,66734.1956194314,2030.07461819154,610.74108139756,1.32755069157142,0.244276988826636,0.0909957628246935,1.24590482779897,8.81330793436685,0.00000596456632890115,0.320005345157116,0.0698655594662999,0.0917426214559043,1.16418471225072,460.449791231259,8.63728048995174
2026-03-31,68146.9485623242,2094.49869942739,616.532945011166,1.33494013203961,0.240018637586689,0.0916843124164419,1.25443085338433,8.88534352214678,0.00000592799830448442,0.313153417499615,0.0701857956008552,0.0903562295182298,1.17922179552081,467.11157715891,8.7390804908795
2026-04-01,68114.0300638173,2140.02174699711,610.723362199651,1.34827143542422,0.247477724003405,0.092425654673691,1.25454354332775,9.12144632467956,0.00000600241969208254,0.315937379827924,0.0708702975833597,0.0929321392123829,1.19135824703688,454.113879858089,8.94360021149211
2026-04-02,67019.9861775036,2061.08499946324,583.37844960399,1.31769658820258,0.239727279146164,0.0904614557282822,1.23013341837173,8.74282546487648,0.00000586330243886465,0.315037516717991,0.0701215174113978,0.0912282129655813,1.16124710214816,444.391152857605,8.63804530519149
2026-04-03,66894.4701420676,2051.95984036996,587.288000794998,1.31744378372813,0.246488645460403,0.0916415728853111,1.23597046234263,8.90607483271322,0.00000599464976842493,0.315247664500508,0.070075010809656,0.0922825307610987,1.20704841530473,443.302725848355,8.65466937900616
2026-04-04,67387.6616818924,2069.01680166558,594.18810755725,1.31701506477987,0.247973933976106,0.0920568689057873,1.24960298028059,8.99395853779169,0.00000597580060711643,0.317764069433826,0.0698492284885868,0.0926816451271909,1.25506895634267,442.013360473262,8.71180144654371
2026-04-05,68319.4375325393,2084.13889664837,596.9088023237,1.31018415092066,0.246225689254657,0.0912872082679366,1.23613684762575,8.94091307955597,0.00000589795550161249,0.319074325095372,0.0694297439328497,0.0900397189234844,1.24006642656024,424.226432719315,8.69420551717295
2026-04-06,69831.8001596643,2149.2816621049,606.635697903446,1.34149097027817,0.25234620942173,0.0918713857131979,1.27284591926965,9.33285970526323,0.00000595015467239391,0.315799389690537,0.0698919661683211,0.0923080068598694,1.27734503113001,438.286689604191,8.9960206742879
