date,stable_peg_n,stable_mean_downside_bps,stable_median_abs_bps,stable_max_downside_bps,stable_depeg_breadth_count,stable_depeg_breadth_share
2020-01-01,8,49.8175878993803,32.0891083617525,181.530092735378,2,0.25
2020-01-02,11,45.6090124430453,40.5325422330982,273.941991075992,1,0.0909090909090909
2020-01-03,11,86.4554012079198,55.5743744960724,247.703234791264,5,0.454545454545455
2020-01-04,11,39.2742729447422,17.0612853182317,182.814698139092,3,0.272727272727273
2020-01-05,11,51.9451111503644,18.2939513989888,298.66257324378,2,0.181818181818182
2020-01-06,11,66.0351332936607,9.2682813298095,264.241235158953,3,0.272727272727273
2020-01-07,11,29.2824825808193,18.1721335703244,206.834070499909,1,0.0909090909090909
2020-01-08,11,43.0051580887619,26.2751653535198,319.832112356422,1,0.0909090909090909
2020-01-09,11,37.8319882580862,34.6331846656955,90.7568057027031,0,0
2020-01-10,11,21.9465589163646,7.43073985151499,117.764340539698,1,0.0909090909090909
2020-01-11,11,24.9885897422833,28.0034869085544,205.125702966396,1,0.0909090909090909
2020-01-12,11,56.132625457891,24.74625559308,224.959636841768,2,0.181818181818182
2020-01-13,11,34.345379236322,11.0280363814041,237.673233925187,2,0.181818181818182
2020-01-14,11,33.0860412025648,14.4747476788865,160.724210390074,1,0.0909090909090909
2020-01-15,11,15.6637385812883,22.5627049931243,52.4738137434522,0,0
2020-01-16,11,58.2609211436675,19.1936559787775,308.55041778444,2,0.181818181818182
2020-01-17,11,41.1666205561545,17.2229727532391,274.663815992963,1,0.0909090909090909
2020-01-18,11,49.9328931978251,42.1254162143803,142.535821345343,2,0.181818181818182
2020-01-19,11,35.2071264823725,24.4701400587621,190.492731118758,1,0.0909090909090909
2020-01-20,11,47.3407320060031,28.039477488,250.245991946096,1,0.0909090909090909
2020-01-21,11,64.3362653737221,51.3322379787018,298.485825662292,2,0.181818181818182
2020-01-22,11,17.1510859415778,39.1196730118293,63.0596496735125,0,0
2020-01-23,11,26.3604113999229,25.2596559925244,104.883261662786,1,0.0909090909090909
2020-01-24,11,18.8815166032863,32.6077399312497,167.397400349548,1,0.0909090909090909
2020-01-25,11,23.9006407819137,29.2110958097558,183.035195093142,1,0.0909090909090909
2020-01-26,11,67.3381232703621,28.4466898963442,358.044761290907,2,0.181818181818182
2020-01-27,11,51.6949785627207,21.0768633697489,372.19082238708,2,0.181818181818182
2020-01-28,11,7.12869979054903,26.7973222723505,27.6833496997642,0,0
2020-01-29,11,15.0787914522612,59.5833909781573,124.226505394456,1,0.0909090909090909
2020-01-30,11,32.4149023226106,40.8118875237884,93.5273736914721,0,0
2020-01-31,11,24.7317072622947,32.3938336612128,198.649940921616,1,0.0909090909090909
2020-02-01,11,46.9138067784638,37.8222716152676,137.488768990337,2,0.181818181818182
2020-02-02,11,46.5896331726685,22.4301626862999,265.154562626224,1,0.0909090909090909
2020-02-03,11,42.5389804398387,25.3667086079234,286.961259083498,1,0.0909090909090909
2020-02-04,11,35.5068360687682,33.3545680851555,309.335434608512,1,0.0909090909090909
2020-02-05,11,40.6768344203896,26.6688396186687,335.72787132604,1,0.0909090909090909
2020-02-06,11,46.3204546937832,23.9103318435385,388.1160890022,1,0.0909090909090909
2020-02-07,11,51.8442862213036,28.7983734783248,442.8385786705,1,0.0909090909090909
2020-02-08,11,14.4851352348754,28.570414447302,123.21100429948,1,0.0909090909090909
2020-02-09,11,21.0803121215024,18.0829067121324,115.68236344688,1,0.0909090909090909
2020-02-10,11,10.4343404451544,38.5538990803536,114.777744896698,1,0.0909090909090909
2020-02-11,11,30.2984436008632,14.0563143154648,252.910009337224,1,0.0909090909090909
2020-02-12,11,31.7228023487696,39.1114579535479,176.200679009676,1,0.0909090909090909
2020-02-13,11,26.3277824716926,20.4859416451475,168.096109455508,1,0.0909090909090909
2020-02-14,11,28.9797487404888,28.1198003621386,194.842709447588,1,0.0909090909090909
2020-02-15,11,148.974447912503,31.4842455882758,1529.38177566323,1,0.0909090909090909
2020-02-16,11,63.8595810129204,62.4573780138982,294.38644601502,2,0.181818181818182
2020-02-17,11,46.9080878830195,38.696256334052,338.802673901056,1,0.0909090909090909
2020-02-18,11,22.7024440239995,31.5244070983489,249.726884263995,1,0.0909090909090909
2020-02-19,11,61.0856152100838,41.9830658434084,413.79232896974,1,0.0909090909090909
2020-02-20,11,152.102732864205,48.0354340694866,508.15311910062,3,0.272727272727273
2020-02-21,11,83.9603979545161,33.6148292587057,508.184244337939,3,0.272727272727273
2020-02-22,11,67.5945025173708,21.5680758618475,325.601477457187,2,0.181818181818182
2020-02-23,11,79.9150083713478,23.5407818024602,303.134805096364,2,0.181818181818182
2020-02-24,11,67.8860765587963,30.5510905216644,420.6081558426,2,0.181818181818182
2020-02-25,11,44.3175421325575,19.6206160084889,300.73271346774,2,0.181818181818182
2020-02-26,11,72.9693970278404,18.2241506177339,484.727499750168,3,0.272727272727273
2020-02-27,11,79.9234383669224,11.7595994388009,698.2732569891,2,0.181818181818182
2020-02-28,11,93.3168936045011,39.934369692467,820.627139224398,2,0.181818181818182
2020-02-29,11,99.546646020206,43.10463835974,611.453523213844,2,0.181818181818182
2020-03-01,11,108.740543807664,44.8741017071841,586.441520452587,3,0.272727272727273
2020-03-02,11,55.3179175161999,33.0745139149391,421.96648993574,1,0.0909090909090909
2020-03-03,11,65.6683764969317,13.8954274741321,598.7867171686,1,0.0909090909090909
2020-03-04,11,51.8374458889562,9.12430088063632,421.688722511642,1,0.0909090909090909
2020-03-05,11,59.0410840022245,16.4858140500757,421.6540217352,1,0.0909090909090909
2020-03-06,11,103.561869536698,33.9207269358799,395.562251386036,3,0.272727272727273
2020-03-07,11,92.3478919249715,19.9230224181923,558.937659785412,3,0.272727272727273
2020-03-08,11,128.230614126406,18.114510057794,533.786760404058,4,0.363636363636364
2020-03-09,11,201.717925016848,40.9987343195362,894.36137103453,5,0.454545454545455
2020-03-10,11,55.2297856644151,32.7148109138764,484.72281143136,2,0.181818181818182
2020-03-11,11,109.190427221396,35.791583102287,414.477223123773,4,0.363636363636364
2020-03-12,11,28.9363722717618,43.1938147094268,263.274268644051,1,0.0909090909090909
2020-03-13,11,466.880163713204,547.63967382317,1634.66612828382,6,0.545454545454545
2020-03-14,11,84.5626272535304,139.280102738188,384.905590765599,3,0.272727272727273
2020-03-15,11,165.686459137267,78.8625206534643,466.375987574561,4,0.363636363636364
2020-03-16,11,87.6101615979807,45.9947823106432,556.897016870915,3,0.272727272727273
2020-03-17,11,3.42058133316892,47.3728927222727,37.6263946648581,0,0
2020-03-18,11,550.374010218069,102.11199161584,5617.28368485806,3,0.272727272727273
2020-03-19,11,6.72260433599258,83.1587748258889,27.2049865369262,0,0
2020-03-20,11,54.8174139594372,38.145056523512,277.665501121073,2,0.181818181818182
2020-03-21,11,24.7018114001822,51.8478102809117,218.336383959052,1,0.0909090909090909
2020-03-22,11,90.0196479287826,61.6568117380201,413.342079665493,3,0.272727272727273
2020-03-23,11,66.7338023277686,53.9073823973035,432.80378219016,2,0.181818181818182
2020-03-24,11,28.668865694282,44.7228699763258,136.443778322276,1,0.0909090909090909
2020-03-25,11,45.2108944194096,45.3372245464101,233.265023382361,2,0.181818181818182
2020-03-26,11,51.9602915933076,26.8808084176575,316.988559086372,2,0.181818181818182
2020-03-27,11,17.7568218503713,23.8108737769083,138.083124068612,1,0.0909090909090909
2020-03-28,11,156.283866981802,116.952523183604,556.46809268458,5,0.454545454545455
2020-03-29,11,19.1064526740289,25.4009108714315,101.246679025609,1,0.0909090909090909
2020-03-30,11,76.1327380421377,151.647307437519,211.772390147714,4,0.363636363636364
2020-03-31,11,40.5397411851387,67.3442563643356,115.19256629252,1,0.0909090909090909
2020-04-01,11,19.1964905561116,30.8210578321755,78.3257754781741,0,0
2020-04-02,11,10.7238846661476,64.3491062416324,90.4578919646237,0,0
2020-04-03,11,48.5508954175787,52.8536135811675,332.46795626395,1,0.0909090909090909
2020-04-04,11,38.4336756609565,51.5177846203219,209.513214717666,1,0.0909090909090909
2020-04-05,11,21.2253595672855,52.7389897416164,89.1510572882015,0,0
2020-04-06,11,40.861886264865,32.3553564129075,166.560465773326,2,0.181818181818182
2020-04-07,11,2.35801104709383,11.7155332861463,13.96410455903,0,0
2020-04-08,11,67.2659642391055,52.5116234016088,208.0525994264,3,0.272727272727273
2020-04-09,11,35.6030604072911,34.4024522508513,156.162046699625,1,0.0909090909090909
2020-04-10,11,43.1912203160715,14.0838281072264,273.056088537083,2,0.181818181818182
2020-04-11,11,28.7564205125252,19.0987225135042,171.706288365431,2,0.181818181818182
2020-04-12,11,17.5851256424236,36.0406726624185,157.395709404241,1,0.0909090909090909
2020-04-13,11,101.426752978582,103.706554038494,340.74491757825,4,0.363636363636364
2020-04-14,11,74.9542166328203,51.0394497486211,377.220166673853,3,0.272727272727273
2020-04-15,11,39.1625965977301,29.344045465588,215.251506519627,2,0.181818181818182
2020-04-16,11,35.8068926434493,82.6348722067705,164.462596837487,2,0.181818181818182
2020-04-17,11,25.7625920334888,46.9921945246277,76.7056260868315,0,0
2020-04-18,11,20.1946749514413,38.2194316990636,48.212688171696,0,0
2020-04-19,11,4.70028809707469,33.0667038439447,18.0702378778597,0,0
2020-04-20,11,42.5524546557212,14.4328095850121,299.512240709172,1,0.0909090909090909
2020-04-21,11,33.6680356097418,55.3992229869937,199.65465476743,1,0.0909090909090909
2020-04-22,11,56.2509253758935,45.2991204325537,261.588669511269,2,0.181818181818182
2020-04-23,11,23.6389336592603,18.1341849182126,100.700344805457,1,0.0909090909090909
2020-04-24,11,74.9046799296886,98.3411633713605,167.045173407258,4,0.363636363636364
2020-04-25,11,9.82581904162469,15.0283832856379,53.9278982919877,0,0
2020-04-26,11,10.3480969755299,34.8085989612157,55.0033352750279,0,0
2020-04-27,11,2.35959326832695,14.7611125323965,14.7611125323965,0,0
2020-04-28,11,3.74432157658371,26.9993848602201,31.9370160083043,0,0
2020-04-29,11,8.67890282609907,24.4823685214557,31.981611120464,0,0
2020-04-30,11,15.3975069697691,21.1854161197245,77.9089918582232,0,0
2020-05-01,11,39.6668458684335,20.7287773625264,245.669299360278,1,0.0909090909090909
2020-05-02,11,20.0318023619892,37.3640389767083,83.8621872934897,0,0
2020-05-03,11,5.18501928567203,27.545184419473,37.6768872085043,0,0
2020-05-04,11,8.19041698227905,9.70079054398942,53.5876899244259,0,0
2020-05-05,11,9.13866202812166,19.2516162154699,39.1087060908801,0,0
2020-05-06,11,1.85780828330913,27.3531212031952,20.4358911164004,0,0
2020-05-07,11,99.8521672898565,111.763175189328,210.297527836062,6,0.545454545454545
2020-05-08,11,20.0870707088249,29.4176167532645,82.2112550360021,0,0
2020-05-09,11,28.0458434114281,32.0853772975416,114.988910563372,1,0.0909090909090909
2020-05-10,11,120.71323962495,41.6861172707361,612.816509700768,3,0.272727272727273
2020-05-11,11,14.3294099853656,40.5086612921846,116.063675095001,1,0.0909090909090909
2020-05-12,11,48.3865174213902,31.4105655077523,217.022591474816,2,0.181818181818182
2020-05-13,11,20.7597626127246,16.117469029644,75.8131792909,0,0
2020-05-14,11,5.02963363387206,29.4119525808378,18.4450858527618,0,0
2020-05-15,11,18.6017588384571,19.1537644016659,66.3679961769237,0,0
2020-05-16,11,18.3373568332324,32.5540767108268,106.674469486243,1,0.0909090909090909
2020-05-17,11,9.894855962927,15.5014335367798,36.2992704633103,0,0
2020-05-18,11,1.45969094073343,13.9983019788359,13.9983019788359,0,0
2020-05-19,11,21.0500858370728,18.5358607562336,143.503526306444,1,0.0909090909090909
2020-05-20,11,16.9010644606416,21.780709852024,58.2186150361885,0,0
2020-05-21,11,5.44099203569873,17.628687864446,21.7811741465912,0,0
2020-05-22,11,35.1975640555145,34.4028062307578,157.413180841208,1,0.0909090909090909
2020-05-23,11,48.3726592372603,29.0189845738476,185.352304842384,2,0.181818181818182
2020-05-24,11,34.0477425074805,12.8407513838336,178.605009427325,1,0.0909090909090909
2020-05-25,11,77.4538691440229,58.8989585852162,208.593773595144,2,0.181818181818182
2020-05-26,11,36.2790271697315,26.2107479152895,148.566139177452,2,0.181818181818182
2020-05-27,11,23.3619568136925,7.36202854228818,126.245085608609,1,0.0909090909090909
2020-05-28,11,20.8741882604162,9.18338415124786,102.594443855814,1,0.0909090909090909
2020-05-29,11,15.990359811515,21.2008118790241,79.5044314919668,0,0
2020-05-30,11,25.2658527951158,43.4747228375276,74.8065026218803,0,0
2020-05-31,11,2.06648725509109,18.6584863862826,21.4988878065159,0,0
2020-06-01,11,10.6810709006327,38.4348469908824,58.5943638761033,0,0
2020-06-02,11,20.8412430058165,75.4070028126441,98.5047346107337,0,0
2020-06-03,11,22.7250412103384,23.748585033001,125.091073666193,1,0.0909090909090909
2020-06-04,11,39.11758440896,16.3373345243678,339.287579686124,1,0.0909090909090909
2020-06-05,11,25.6067100382425,13.6067877793722,259.31118901581,1,0.0909090909090909
2020-06-06,11,36.7008215916611,13.2400165223923,168.515985118523,2,0.181818181818182
2020-06-07,11,21.3207906199094,11.6583551024951,119.521767533671,1,0.0909090909090909
2020-06-08,11,26.0599474192826,6.45467589254434,201.212216549562,1,0.0909090909090909
2020-06-09,11,21.855272627023,21.0835546471411,57.4573101486875,0,0
2020-06-10,11,30.1972628789904,16.4459822848895,267.002414008828,1,0.0909090909090909
2020-06-11,11,38.6152942868335,6.08712369731146,199.479199123394,2,0.181818181818182
2020-06-12,11,36.2038409759517,35.9869539088575,203.185300546082,2,0.181818181818182
2020-06-13,11,20.9579403836173,17.0422695391648,112.89708144413,1,0.0909090909090909
2020-06-14,11,18.3773633367953,9.26319224593408,166.982883038315,1,0.0909090909090909
2020-06-15,11,32.8291092003983,10.5462595200201,215.788020518836,2,0.181818181818182
2020-06-16,11,34.5062016500609,45.8463492006422,177.704783569551,1,0.0909090909090909
2020-06-17,11,10.3915695701758,12.8675045817617,67.3576685577903,0,0
2020-06-18,11,8.5009258175102,12.4816369562797,34.7175840854241,0,0
2020-06-19,11,17.0046123661429,11.4205901068609,74.1554767605423,0,0
2020-06-20,11,22.879605582836,18.5022933163048,104.430522571659,1,0.0909090909090909
2020-06-21,11,19.9386822340988,6.70872369809783,87.3573556538698,0,0
2020-06-22,11,39.16316438692,23.6266571946264,200.596302024587,2,0.181818181818182
2020-06-23,11,28.0390432803464,13.0773393801142,276.309447083471,1,0.0909090909090909
2020-06-24,11,22.668346645883,15.2029976982448,169.361624640233,1,0.0909090909090909
2020-06-25,11,22.7579952933367,48.6117812325204,75.2048236508152,0,0
2020-06-26,11,12.5094287671675,24.1455241627953,82.0098363636434,0,0
2020-06-27,11,25.5362716677741,14.3887847012714,162.298894416519,1,0.0909090909090909
2020-06-28,11,34.2245748733491,13.1743272177509,237.001449201829,2,0.181818181818182
2020-06-29,11,15.1100820433741,19.6385159564749,146.57238652064,1,0.0909090909090909
2020-06-30,11,17.4934596507115,5.35099618824808,92.3196003171645,0,0
2020-07-01,11,25.771326936603,10.3857991697665,165.796514665497,2,0.181818181818182
2020-07-02,11,13.2175103819892,34.1837420831403,111.208872118741,1,0.0909090909090909
2020-07-03,11,20.9550660567221,18.4761336766237,187.540483762427,1,0.0909090909090909
2020-07-04,11,28.5478815497135,8.43060898436887,218.393431844622,1,0.0909090909090909
2020-07-05,11,19.1396981698619,16.2539795847882,127.353858268539,1,0.0909090909090909
2020-07-06,11,32.690874941705,6.1415750216276,232.71715935,1,0.0909090909090909
2020-07-07,11,5.21081940498219,16.5665811883875,40.7524322664166,0,0
2020-07-08,11,24.0191810446164,23.8375845599359,140.405407039266,1,0.0909090909090909
2020-07-09,11,23.3738915373703,11.0922573916361,213.228289023474,1,0.0909090909090909
2020-07-10,11,11.2920766899101,27.9507643894783,51.372095438833,0,0
2020-07-11,11,5.82282383991687,8.23964571161184,41.7345363667299,0,0
2020-07-12,11,14.1091035477959,25.9022809795217,93.9242798055817,0,0
2020-07-13,11,19.8499584164383,36.6372936722481,147.275433983202,1,0.0909090909090909
2020-07-14,11,26.8078298970986,10.592595764024,247.687418121582,1,0.0909090909090909
2020-07-15,11,22.4787721218669,9.87612390711989,214.769210816392,1,0.0909090909090909
2020-07-16,11,16.9382313006111,24.0460725518565,124.463879258717,1,0.0909090909090909
2020-07-17,11,29.7814074696945,10.62540866829,179.288574065798,2,0.181818181818182
2020-07-18,11,17.3726064029335,6.31526727001619,160.962873736437,1,0.0909090909090909
2020-07-19,11,15.0424693975126,9.90152557147961,131.951268272726,1,0.0909090909090909
2020-07-20,11,16.0390530829613,7.71986678341441,164.326694454864,1,0.0909090909090909
2020-07-21,11,46.3490496688404,9.04557433592745,279.814757693816,2,0.181818181818182
2020-07-22,11,32.2739309070324,4.77390029107516,231.577842212483,1,0.0909090909090909
2020-07-23,11,26.2893129250789,12.6524415049456,171.817489648954,1,0.0909090909090909
2020-07-24,11,30.0113477911512,19.0320754533857,151.635875495451,2,0.181818181818182
2020-07-25,11,23.7335728568886,14.6501770151841,185.869969664694,1,0.0909090909090909
2020-07-26,11,15.311851233291,18.1416045335658,103.819980866721,1,0.0909090909090909
2020-07-27,11,36.9229198307865,18.3691067690783,196.424199661812,2,0.181818181818182
2020-07-28,11,31.2615291505204,42.6317348348215,92.4831560648864,0,0
2020-07-29,11,25.2425527750397,31.0869273972159,124.582009683811,1,0.0909090909090909
2020-07-30,11,22.8600890716996,28.5328866510337,131.070799753406,1,0.0909090909090909
2020-07-31,11,21.7770512898044,23.0702504232183,100.216631464514,1,0.0909090909090909
2020-08-01,11,12.5414991665053,43.3374510413254,50.2423053451684,0,0
2020-08-02,11,292.804249293439,30.7483926153684,3082.50595201003,1,0.0909090909090909
2020-08-03,11,363.85149092675,30.3595010675117,3455.95674467763,3,0.272727272727273
2020-08-04,11,26.2253373485224,27.5131298431286,185.348060326053,1,0.0909090909090909
2020-08-05,11,38.6865631217859,12.5260442879294,229.8038890115,1,0.0909090909090909
2020-08-06,11,5.10673729149642,22.2566614261033,23.5358395962915,0,0
2020-08-07,11,13.774247307376,4.85093980202578,112.042253202796,1,0.0909090909090909
2020-08-08,11,31.7435950658857,24.8158712420476,253.159502702199,1,0.0909090909090909
2020-08-09,11,11.4804927159536,5.02129564114773,91.718072993161,0,0
2020-08-10,11,15.3599521345944,22.3800569541099,128.446928651834,1,0.0909090909090909
2020-08-11,11,5.30304845453618,8.43161009525972,47.4237025291002,0,0
2020-08-12,11,26.0279716749424,54.3612518998637,125.994551413326,2,0.181818181818182
2020-08-13,11,22.8294967772653,26.8024388255639,212.914254876367,1,0.0909090909090909
2020-08-14,11,12.8968232900593,66.8598216701177,96.107426472275,0,0
2020-08-15,11,30.3763262381415,16.5863029050817,225.855727334988,2,0.181818181818182
2020-08-16,11,32.0641458895219,22.1438955004638,289.569192453627,1,0.0909090909090909
2020-08-17,11,22.9187606772669,25.6315113078309,247.069463140868,1,0.0909090909090909
2020-08-18,11,21.6479248015523,32.1399616335505,66.6093958350578,0,0
2020-08-19,11,54.6557806242487,33.4930372326236,191.144101136752,3,0.272727272727273
2020-08-20,11,39.4008307068475,61.1352074198801,216.392923728216,2,0.181818181818182
2020-08-21,11,25.8457467733379,18.8892275131169,149.257404525024,2,0.181818181818182
2020-08-22,11,48.9170312717637,28.3549394271643,256.129762706739,3,0.272727272727273
2020-08-23,11,15.1871616908038,29.6982699081494,160.749750871505,1,0.0909090909090909
2020-08-24,11,18.9829250117258,25.4583813185139,95.9414092529409,0,0
2020-08-25,11,20.5413734077527,32.1638293785098,132.25342013309,1,0.0909090909090909
2020-08-26,11,22.154639164924,14.2747961471279,178.501660169653,1,0.0909090909090909
2020-08-27,11,21.7380386229808,14.1616323035076,103.084504908554,1,0.0909090909090909
2020-08-28,11,33.7525064402438,52.0399645933722,103.336070458228,2,0.181818181818182
2020-08-29,11,1.26946531768469,10.717425607174,8.01682889437494,0,0
2020-08-30,11,6.87500997492676,13.7982031602679,33.4027334680853,0,0
2020-08-31,11,14.2685722737901,20.2679257152361,65.1023130699002,0,0
2020-09-01,11,33.602752982479,14.9425955380766,247.183179367465,1,0.0909090909090909
2020-09-02,11,17.3681380017272,42.9802762191978,83.8648165691258,0,0
2020-09-03,11,27.7089388402339,21.3864904738204,199.171860074695,1,0.0909090909090909
2020-09-04,11,53.3881263000294,51.0496614721878,291.336047048922,2,0.181818181818182
2020-09-05,11,15.7083994570823,30.441829461616,101.58220459038,1,0.0909090909090909
2020-09-06,11,14.7264415913918,67.0365206991397,80.8048278581364,0,0
2020-09-07,11,13.2441067831813,40.1282355196564,79.8373699871935,0,0
2020-09-08,11,18.4456023465246,11.0123467327117,122.551961905124,1,0.0909090909090909
2020-09-09,11,29.4392620740235,34.9676516903208,315.475801678579,1,0.0909090909090909
2020-09-10,11,24.147939265493,21.3455259131301,212.079952644941,1,0.0909090909090909
2020-09-11,11,13.2456102649924,17.8540116663983,145.409173446046,1,0.0909090909090909
2020-09-12,11,8.50130795364426,28.3048864850488,81.762176331377,0,0
2020-09-13,11,8.49581186179827,33.2013563520839,93.453930479781,0,0
2020-09-14,11,35.1612031646395,17.1067792456103,339.357123848628,1,0.0909090909090909
2020-09-15,11,22.520753266855,14.6559491324705,198.500370039785,1,0.0909090909090909
2020-09-16,11,15.567414327169,27.4428621200107,91.7364519890163,0,0
2020-09-17,11,14.3543011199899,38.3166504734911,92.5340716237377,0,0
2020-09-18,11,17.0339252393969,11.4860070509937,98.8549506073599,0,0
2020-09-19,11,18.8110104954709,26.441856461874,147.087352828941,1,0.0909090909090909
2020-09-20,11,10.029758059679,18.8921901456629,67.0943222871156,0,0
2020-09-21,11,18.2751907039619,24.2849690354319,138.470003065697,1,0.0909090909090909
2020-09-22,11,21.5703007528798,16.5219691548157,175.863106586824,1,0.0909090909090909
2020-09-23,11,0,22.3612002584317,0,0,0
2020-09-24,11,26.4345418176673,11.9998495323437,214.967254498796,1,0.0909090909090909
2020-09-25,11,32.490708326927,19.773017669904,314.8583930099,1,0.0909090909090909
2020-09-26,11,35.4565512464845,28.8038075309593,349.266574240846,1,0.0909090909090909
2020-09-27,11,34.4572428644482,18.4955067240367,317.894239213986,1,0.0909090909090909
2020-09-28,11,28.2649086631559,46.3866023713111,304.816297719671,1,0.0909090909090909
2020-09-29,11,22.2687539664222,28.0780594474217,82.856415514172,0,0
2020-09-30,11,8.58652939195575,10.148662958418,75.9456401180358,0,0
2020-10-01,11,16.9921206683455,14.4736713022686,98.7805692652832,0,0
2020-10-02,11,50.5613272635265,23.7918705916407,419.902818502192,1,0.0909090909090909
2020-10-03,11,5.93975104558084,12.204934435518,61.744482197299,0,0
2020-10-04,11,13.778258574927,12.7715026934883,70.0186704818406,0,0
2020-10-05,11,8.66374737308531,10.5694551778579,71.7344838940748,0,0
2020-10-06,11,33.5268211285791,10.5234767930651,321.215571308178,1,0.0909090909090909
2020-10-07,11,41.8204891123177,16.7942952615152,430.962915457094,1,0.0909090909090909
2020-10-08,11,11.8422178174179,9.45758337126512,75.6444722850036,0,0
2020-10-09,11,32.3789199536825,16.6927739770895,293.856127383069,1,0.0909090909090909
2020-10-10,11,12.1313183345089,17.9997289388922,88.5743526209037,0,0
2020-10-11,11,37.1559424857846,17.0727736270093,266.643827576264,1,0.0909090909090909
2020-10-12,11,17.4414575609319,25.1161970513447,189.549848385513,1,0.0909090909090909
2020-10-13,11,1.06080498713887,10.9395656105304,5.3336793560721,0,0
2020-10-14,11,8.51719175599039,23.220878208885,54.2743126026102,0,0
2020-10-15,11,8.78821476055972,37.7276218408085,58.9427405253484,0,0
2020-10-16,11,10.6481667763803,11.8139107164639,89.9065343766448,0,0
2020-10-17,11,8.21015465193743,9.8818145862567,47.4160865307582,0,0
2020-10-18,11,5.27012160924273,17.2806309420559,57.97133770167,0,0
2020-10-19,11,4.32552526077647,28.2825476405191,28.5770155362997,0,0
2020-10-20,11,14.7221610840616,15.5855761131529,120.533360969314,1,0.0909090909090909
2020-10-21,11,12.8860065790338,13.6957200837318,99.6021434934047,0,0
2020-10-22,11,36.562837119209,69.6220284528315,181.625314635928,1,0.0909090909090909
2020-10-23,11,26.1605831253141,33.8770100147445,100.28853938076,1,0.0909090909090909
2020-10-24,11,12.0325412844318,22.0002981900191,86.2346494220279,0,0
2020-10-25,11,7.54558237539297,35.1789126461921,41.5348331931686,0,0
2020-10-26,11,26.5148090531027,17.733941378264,157.775689946905,1,0.0909090909090909
2020-10-27,11,10.2274878341055,11.9634339473795,84.4316069437423,0,0
2020-10-28,11,17.7776312138876,50.0567879719038,138.547038679377,1,0.0909090909090909
2020-10-29,11,0.556379173238203,28.4116152337455,3.82722568933236,0,0
2020-10-30,11,4.65294354308592,10.1429730524871,17.1120400942881,0,0
2020-10-31,11,9.47607591892677,32.8424643289726,39.4655430209156,0,0
2020-11-01,11,8.05448399863195,22.114154814612,22.114154814612,0,0
2020-11-02,11,10.5202233788889,18.1224712488703,26.6090158049659,0,0
2020-11-03,11,35.9790567343569,35.9081051226828,252.563265457513,1,0.0909090909090909
2020-11-04,11,6.85796094072579,23.8934371698707,28.6066657211703,0,0
2020-11-05,11,12.8613853398905,5.92119600663965,119.80116940449,1,0.0909090909090909
2020-11-06,11,18.3711872026701,58.6408782935499,101.944359861167,1,0.0909090909090909
2020-11-07,11,9.02101467736868,21.2617608393584,23.8005604475355,0,0
2020-11-08,11,31.1501719689646,21.0387546096769,147.604991293957,2,0.181818181818182
2020-11-09,11,10.2722431985437,38.5741114211369,72.8502621873817,0,0
2020-11-10,11,7.73711689263717,15.7369435378096,61.3539198456281,0,0
2020-11-11,11,31.3324257160815,44.079587268302,178.353493716552,1,0.0909090909090909
2020-11-12,11,21.790653518447,34.4045895223477,117.053440200552,1,0.0909090909090909
2020-11-13,11,16.9950988525494,23.4095063009565,112.724429502304,1,0.0909090909090909
2020-11-14,11,1.61878020347475,12.5527259218883,7.09796638316051,0,0
2020-11-15,11,10.9046225356614,14.1076776835236,63.2489302995298,0,0
2020-11-16,11,18.8813082809801,30.2102083485423,98.1064084592898,0,0
2020-11-17,11,13.0489758061352,20.0364476707038,68.2954781605638,0,0
2020-11-18,11,2.70218800915429,67.736716407234,14.4319448067765,0,0
2020-11-19,11,5.85819935990354,17.104443402578,41.4130120313361,0,0
2020-11-20,11,8.09503011623667,16.7133726977142,77.345931975148,0,0
2020-11-21,11,10.8893791125087,28.6888504106342,35.6616384441122,0,0
2020-11-22,11,14.0675466237454,39.4289240930323,39.4289240930323,0,0
2020-11-23,11,34.0896468282619,32.7668799887182,142.055940674583,1,0.0909090909090909
2020-11-24,11,6.87007727831873,8.09617318737965,22.0388319690357,0,0
2020-11-25,11,24.5218081772943,32.0327118954722,118.773430493477,1,0.0909090909090909
2020-11-26,11,45.6592170996414,26.7337878823437,186.998950438692,2,0.181818181818182
2020-11-27,11,9.09097938047852,25.2591860437312,43.8274708106845,0,0
2020-11-28,11,11.8018693225034,42.7206814590919,129.820562547537,1,0.0909090909090909
2020-11-29,11,12.32109423259,14.4485884770229,43.0940246408107,0,0
2020-11-30,11,0.931168431226718,38.3031302287673,4.71888118216413,0,0
2020-12-01,11,12.7801403285414,34.4196563381205,34.4196563381205,0,0
2020-12-02,11,25.7896962410521,23.9596203612824,121.286192074204,2,0.181818181818182
2020-12-03,11,9.28982683661503,17.4831922821461,91.8225961682739,0,0
2020-12-04,11,11.0824573210619,32.547088764161,81.5009633934249,0,0
2020-12-05,11,23.3529923059508,25.7144239604901,138.679073014851,1,0.0909090909090909
2020-12-06,11,5.77459211297715,19.6772551281277,43.8432581146209,0,0
2020-12-07,11,7.89934235856766,40.7408482732086,82.1671112801026,0,0
2020-12-08,11,1.7314284432347,10.3188308826319,10.3188308826319,0,0
2020-12-09,11,13.661226362808,35.3407532137517,48.5881382216891,0,0
2020-12-10,11,7.53919284911379,15.645016191318,67.2861051489337,0,0
2020-12-11,11,21.7114058039096,34.2364984759191,117.793326281712,2,0.181818181818182
2020-12-12,11,16.6339085675873,10.0085282722251,104.996113155216,1,0.0909090909090909
2020-12-13,11,4.27851030953804,12.0634712455636,27.1819371328585,0,0
2020-12-14,11,8.77303145844121,33.0924920317099,58.1185186935762,0,0
2020-12-15,11,12.0478734359974,15.915121586545,84.5203232828751,0,0
2020-12-16,11,3.11690463745926,13.6149160248955,32.0180393878522,0,0
2020-12-17,11,22.6789326529723,17.6996417916964,111.677929108233,1,0.0909090909090909
2020-12-18,11,6.6987496779556,24.0498806668676,27.046907030176,0,0
2020-12-19,11,4.72044310248286,24.1009534370407,37.1422948711075,0,0
2020-12-20,11,24.9725477469577,17.0435243366696,171.978187270783,1,0.0909090909090909
2020-12-21,11,12.3364238848164,28.0979854200702,63.6048844732118,0,0
2020-12-22,11,13.9768844763514,20.2979390819658,52.6607028438408,0,0
2020-12-23,11,0,39.7633945769016,0,0,0
2020-12-24,11,15.6309793914509,40.1264317962524,66.2813727824962,0,0
2020-12-25,11,8.27809436814325,23.8262315076909,91.0590380495757,0,0
2020-12-26,11,5.55328946451757,34.1344416962919,59.6943410963036,0,0
2020-12-27,11,2.06310680596491,22.694174865614,22.694174865614,0,0
2020-12-28,11,16.3615630778479,45.8591939832242,70.1717453076134,0,0
2020-12-29,11,2.86184253412082,29.5334931418212,29.5334931418212,0,0
2020-12-30,11,2.44891200067735,37.8289398089615,26.9380320074508,0,0
2020-12-31,11,0,15.6448772383633,0,0,0
2021-01-01,11,10.5587507523564,14.906084668167,111.608372640402,1,0.0909090909090909
2021-01-02,11,5.21412722770842,25.8924355656376,25.8924355656376,0,0
2021-01-03,11,0,31.2050931624119,0,0,0
2021-01-04,11,46.3591412340831,78.5146603858289,117.221610288362,2,0.181818181818182
2021-01-05,11,143.67040810318,191.056806276853,273.762189915282,7,0.636363636363636
2021-01-06,11,1.18962276727495,6.55992165723429,5.65688383408758,0,0
2021-01-07,11,3.11601087110995,33.3144190753032,31.2146217826959,0,0
2021-01-08,11,15.6634165516236,53.434970650279,172.29758206786,1,0.0909090909090909
2021-01-09,11,11.895120874076,14.3060099949321,66.5438044968936,0,0
2021-01-10,11,12.7436956891677,28.5094507093597,64.9514376196037,0,0
2021-01-11,11,14.0870766835594,32.9488924904142,120.124979347372,1,0.0909090909090909
2021-01-12,11,8.35674097581572,37.3557360180477,53.6347271901849,0,0
2021-01-13,11,14.1420506015845,36.5241245052239,155.56255661743,1,0.0909090909090909
2021-01-14,11,15.7249445444934,37.880600929312,63.77772536592,0,0
2021-01-15,11,1.93058513659674,37.2355866066321,21.2364365025641,0,0
2021-01-16,11,8.94382547606613,22.7316290461221,55.6336465016882,0,0
2021-01-17,11,11.5716970536524,12.8271805585922,66.2097514790128,0,0
2021-01-18,11,16.067819165268,21.3141349369605,53.8308744640836,0,0
2021-01-19,11,6.67762798932054,13.6740684710224,30.974777899212,0,0
2021-01-20,11,21.9046430547672,27.7385140253528,80.7695610473125,0,0
2021-01-21,11,3.71015750445715,22.2989008998109,22.4369150639603,0,0
2021-01-22,11,66.2943957843557,28.3191382127157,259.371012415107,3,0.272727272727273
2021-01-23,11,21.7091841158924,34.4368722533317,145.684615682624,1,0.0909090909090909
2021-01-24,11,3.21979735047581,14.1832919543516,14.1832919543516,0,0
2021-01-25,11,1.11121197767673,9.24931005479523,7.26376760561198,0,0
2021-01-26,11,4.87546080181897,17.8885329912082,41.8595752499085,0,0
2021-01-27,11,8.55736321792033,32.012535425443,69.7889241650906,0,0
2021-01-28,11,26.6722418854793,21.158142823019,275.289148356109,1,0.0909090909090909
2021-01-29,11,24.5979663147719,49.4441067259099,72.5547907457202,0,0
2021-01-30,11,22.7703102015857,49.596930171808,57.5046646045119,0,0
2021-01-31,11,43.6374171892811,50.2977288142958,215.116847169038,1,0.0909090909090909
2021-02-01,11,32.9335038232733,28.9950951453477,250.924361743972,1,0.0909090909090909
2021-02-02,11,25.5908811220643,25.4353704116495,128.757809677188,1,0.0909090909090909
2021-02-03,11,5.32502783956183,16.597407140444,22.8357123733525,0,0
2021-02-04,11,0.967905699470371,16.308247257899,6.5967067910877,0,0
2021-02-05,11,31.0593727001547,47.7621852979715,127.896799565432,1,0.0909090909090909
2021-02-06,11,0,40.5262387639893,0,0,0
2021-02-07,11,13.5709815902724,12.4761711839039,117.68865409864,1,0.0909090909090909
2021-02-08,11,34.2960457424178,44.4258405392195,118.443638885086,1,0.0909090909090909
2021-02-09,11,4.06713258018019,24.3010484984285,24.3010484984285,0,0
2021-02-10,11,9.71826036702045,18.705346726231,44.3869138681319,0,0
2021-02-11,11,39.4143333523358,32.2140662633341,180.229387277924,2,0.181818181818182
2021-02-12,11,29.2667681614723,31.1675762435459,185.389552029569,1,0.0909090909090909
2021-02-13,11,27.9358531286401,28.3393636779439,198.845752721797,1,0.0909090909090909
2021-02-14,11,39.1703806645315,41.2510199901195,242.482244386742,1,0.0909090909090909
2021-02-15,11,68.4335935800462,36.9877469502777,361.148633242833,2,0.181818181818182
2021-02-16,11,38.5629225634736,25.7683252864538,354.942599989368,1,0.0909090909090909
2021-02-17,11,16.6594606205547,30.4526236277458,183.254066826102,1,0.0909090909090909
2021-02-18,11,4.68479668809807,12.8916210867303,42.3062861803469,0,0
2021-02-19,11,9.14117496905539,20.460348463045,75.0885743147633,0,0
2021-02-20,11,13.8411879813666,63.6082425742579,152.253067795033,1,0.0909090909090909
2021-02-21,11,30.5397220055968,87.647084211564,335.936942061565,1,0.0909090909090909
2021-02-22,11,33.8191652850314,59.3811776605113,372.010818135345,1,0.0909090909090909
2021-02-23,11,18.8483073732465,86.0708566147883,207.331381105712,1,0.0909090909090909
2021-02-24,11,53.1985845267692,67.391790847211,498.62372141905,1,0.0909090909090909
2021-02-25,11,41.647432558663,99.8085124878223,415.608161907771,1,0.0909090909090909
2021-02-26,11,75.269090795657,25.4822991690173,370.911702044175,2,0.181818181818182
2021-02-27,11,23.1778125365259,75.7344250250247,188.875105330582,1,0.0909090909090909
2021-02-28,11,26.730634087241,116.281470245865,233.996618948507,1,0.0909090909090909
2021-03-01,11,47.4025283325476,47.216088336548,277.915502778038,1,0.0909090909090909
2021-03-02,11,0,53.2682410488072,0,0,0
2021-03-03,11,5.00004173838735,66.1348432882569,55.0004591222608,0,0
2021-03-04,11,14.1883234541932,26.737307355631,76.1061543711328,0,0
2021-03-05,11,4.61075234821801,71.9640512815078,30.2882414804184,0,0
2021-03-06,11,2.98969390571118,50.7915451973551,17.7786352577314,0,0
2021-03-07,11,2.36109018312462,19.1589288423999,25.9719920143708,0,0
2021-03-08,11,0.599501790539641,65.6057155206047,6.59451969593605,0,0
2021-03-09,11,0,40.6433124272798,0,0,0
2021-03-10,11,0,25.888213945604,0,0,0
2021-03-11,11,26.8254566526428,21.0615345684162,179.83263910421,1,0.0909090909090909
2021-03-12,11,4.42571313667599,22.3349517870441,24.0608599754188,0,0
2021-03-13,11,23.9541751037019,30.7039051166291,197.929457648047,1,0.0909090909090909
2021-03-14,11,0,41.4811493814682,0,0,0
2021-03-15,11,30.0555030520125,51.4687758962684,102.694907796422,1,0.0909090909090909
2021-03-16,11,11.833471343729,26.0493523852923,59.1961321175682,0,0
2021-03-17,11,1.18710066778418,61.237229622233,13.058107345626,0,0
2021-03-18,11,0.016278160636399,62.0923568574394,0.179059767000389,0,0
2021-03-19,11,15.1279910728875,38.757839141883,166.407901801763,1,0.0909090909090909
2021-03-20,11,6.38198878391994,26.8518360837988,62.0010113548941,0,0
2021-03-21,11,7.92441615280097,42.3659431259615,53.0648107987464,0,0
2021-03-22,11,4.61342287715489,33.9185888401117,50.7476516487038,0,0
2021-03-23,11,52.5984982238377,35.848662534359,307.112516400058,2,0.181818181818182
2021-03-24,11,24.7035889458347,16.4359431543037,165.363263659993,1,0.0909090909090909
2021-03-25,11,37.8399281645259,24.277058017792,216.844459494394,2,0.181818181818182
2021-03-26,11,67.3596282426336,19.4683744840307,285.8583091295,2,0.181818181818182
2021-03-27,11,0.726719878634566,23.9589871487111,4.40979570142441,0,0
2021-03-28,11,15.3987703579833,23.8540522248432,69.2381005286891,0,0
2021-03-29,11,22.9929768761488,29.096648225948,127.534327654122,1,0.0909090909090909
2021-03-30,11,1.70924105956992,35.1578863048663,7.76390292661411,0,0
2021-03-31,11,3.64573562845441,10.7695435320276,22.2052179525323,0,0
2021-04-01,11,8.00456313626847,9.6836656090038,46.5493445201837,0,0
2021-04-02,11,8.70964152434584,10.588984950497,76.4995727528361,0,0
2021-04-03,11,6.34510939343888,23.4715409361042,23.4715409361042,0,0
2021-04-04,11,40.3878848451779,30.4454070382076,210.530165707276,1,0.0909090909090909
2021-04-05,11,4.82605877686741,8.64692166345105,44.5467606502914,0,0
2021-04-06,11,13.1366043626968,9.91947975955032,120.821290294721,1,0.0909090909090909
2021-04-07,11,25.1830470280174,3.03105810151694,186.344638001952,1,0.0909090909090909
2021-04-08,11,45.3861757579132,22.6881159308689,200.661623979065,2,0.181818181818182
2021-04-09,11,9.42899849137,28.9476398432642,74.7066688192299,0,0
2021-04-10,11,23.4386446718787,19.8749373743912,150.228713971035,1,0.0909090909090909
2021-04-11,11,31.7024708022724,34.2305256926712,198.351451325114,2,0.181818181818182
2021-04-12,11,30.9227964472041,20.8062536371711,235.202231063478,2,0.181818181818182
2021-04-13,11,30.1266796797585,10.1699683561618,171.97846617914,2,0.181818181818182
2021-04-14,11,14.63778011966,13.3760694579044,137.691693811514,1,0.0909090909090909
2021-04-15,11,17.3573157416283,3.71694616952301,145.486194815678,1,0.0909090909090909
2021-04-16,11,30.8128648970816,15.2550045896716,226.052589328404,1,0.0909090909090909
2021-04-17,11,80.2337188924962,33.3377583758099,462.386219132747,2,0.181818181818182
2021-04-18,11,35.4186915487507,30.8513333471439,267.16127605518,1,0.0909090909090909
2021-04-19,11,73.4292263064568,24.3130287974325,558.020566579335,2,0.181818181818182
2021-04-20,11,75.3886160916124,23.9234172904823,658.756096850126,1,0.0909090909090909
2021-04-21,11,45.5216326384324,32.2422871498196,422.626957797418,1,0.0909090909090909
2021-04-22,11,76.821379344721,57.364587316352,338.75098059765,2,0.181818181818182
2021-04-23,11,39.7994177456218,25.9944936875889,417.869998087951,1,0.0909090909090909
2021-04-24,11,28.5267832238858,36.7653152319924,313.794615462744,1,0.0909090909090909
2021-04-25,11,56.2579444876454,26.6794266538239,431.237790081819,1,0.0909090909090909
2021-04-26,11,42.2239994312479,21.9311271320888,443.450240110799,1,0.0909090909090909
2021-04-27,11,19.7654500790084,12.0774949187363,206.477151233117,1,0.0909090909090909
2021-04-28,11,26.0577794230424,25.6281468089981,163.002029371981,1,0.0909090909090909
2021-04-29,11,21.0597794863461,16.0044588886121,194.098530013469,1,0.0909090909090909
2021-04-30,11,14.5417155080497,18.4496581426496,128.916704914704,1,0.0909090909090909
2021-05-01,11,4.06419096340447,21.9251747236848,38.6462358345896,0,0
2021-05-02,11,8.14543832289577,11.8615997104898,76.132512656556,0,0
2021-05-03,11,13.8519913378222,22.3146155890319,78.903863014822,0,0
2021-05-04,11,94.7818910518153,13.4808400022757,848.550271428398,2,0.181818181818182
2021-05-05,11,65.4403168740905,68.2687815052641,324.530011206093,2,0.181818181818182
2021-05-06,11,21.5708360952003,15.0756403692165,222.16142895999,1,0.0909090909090909
2021-05-07,11,29.0220079684764,24.4298155704881,278.976526890585,1,0.0909090909090909
2021-05-08,11,19.4000647187506,24.741310848051,203.074816633037,1,0.0909090909090909
2021-05-09,11,23.0671649887126,19.0022559062109,235.018805248253,1,0.0909090909090909
2021-05-10,11,44.4938820600539,30.2839876943561,377.057685672421,1,0.0909090909090909
2021-05-11,11,65.2937210800401,33.9385699238104,577.537276141129,2,0.181818181818182
2021-05-12,11,29.4171960961435,27.1407696642578,323.589157057579,1,0.0909090909090909
2021-05-13,11,138.647805401137,86.4832396018444,521.280383509659,5,0.454545454545455
2021-05-14,11,85.4762730216893,98.708089624262,702.312382677224,2,0.181818181818182
2021-05-15,11,57.198611203734,26.3779425883115,445.575707552808,2,0.181818181818182
2021-05-16,11,70.1018229356071,48.6619664121057,466.62663247456,2,0.181818181818182
2021-05-17,11,42.835494104812,97.6580377447811,447.656014810399,1,0.0909090909090909
2021-05-18,11,285.049042856677,42.3480760884798,3024.57787671051,1,0.0909090909090909
2021-05-19,11,42.9502590251671,17.199118044835,346.698953716053,1,0.0909090909090909
2021-05-20,11,178.331782018186,102.577499172508,649.504053938036,7,0.636363636363636
2021-05-21,11,68.1897861403684,74.1478556138997,394.385277579018,2,0.181818181818182
2021-05-22,11,51.507411062265,32.789487179824,436.810579737028,1,0.0909090909090909
2021-05-23,11,51.1354037423874,48.304033757548,307.98973514613,2,0.181818181818182
2021-05-24,11,28.7916392559343,31.4871800329031,243.89742022553,1,0.0909090909090909
2021-05-25,11,35.7261992398933,13.769777811028,349.108671281358,1,0.0909090909090909
2021-05-26,11,22.0693119489209,13.5433890429959,180.005429370854,1,0.0909090909090909
2021-05-27,11,11.6465438088072,17.5820274742522,84.019830924873,0,0
2021-05-28,11,14.805534312963,11.6586471962687,106.122615751846,1,0.0909090909090909
2021-05-29,11,13.1220077093035,56.5128936229753,128.261681884202,1,0.0909090909090909
2021-05-30,11,33.4343425108089,28.6442548349419,309.977566716544,1,0.0909090909090909
2021-05-31,11,30.9662141363821,19.5130479509675,225.602333506216,1,0.0909090909090909
2021-06-01,11,11.6609129217719,24.4962546087435,102.753760762027,1,0.0909090909090909
2021-06-02,11,14.2426304615246,31.6625764470624,147.251133978672,1,0.0909090909090909
2021-06-03,11,9.29603470700167,11.5789699933544,63.7944236743015,0,0
2021-06-04,11,0,21.7278556207656,0,0,0
2021-06-05,11,6.15055930634924,14.4435716943403,34.3349635116075,0,0
2021-06-06,11,15.5300283847004,26.088494269898,168.857650101104,1,0.0909090909090909
2021-06-07,11,18.2946327812441,34.1500662609562,180.234288640209,1,0.0909090909090909
2021-06-08,11,52.4794216405647,53.9000790347555,134.649502350407,2,0.181818181818182
2021-06-09,11,13.0982794255178,24.2262847738517,144.081073680696,1,0.0909090909090909
2021-06-10,11,3.72475280240072,40.9722808264079,40.9722808264079,0,0
2021-06-11,11,20.8535710480175,39.809916905793,128.537196676018,1,0.0909090909090909
2021-06-12,11,7.83441311799264,20.5094695737529,86.178544297919,0,0
2021-06-13,11,12.6211893125033,35.1332402217142,138.151349714568,1,0.0909090909090909
2021-06-14,11,2.25948907492855,61.599387413831,19.1057735846423,0,0
2021-06-15,11,0,45.8684667138609,0,0,0
2021-06-16,11,0,30.578923887703,0,0,0
2021-06-17,11,8.18406767901529,6.76871736718154,40.1911170286084,0,0
2021-06-18,11,0.219692267227673,49.7374869150646,2.4166149395044,0,0
2021-06-19,11,17.6439378116251,24.3852226283847,107.397740752845,1,0.0909090909090909
2021-06-20,11,20.957158290666,36.2361901240915,118.848805798354,1,0.0909090909090909
2021-06-21,11,0,38.5492729653558,0,0,0
2021-06-22,11,23.6397004385329,27.9065347652041,227.413151767042,1,0.0909090909090909
2021-06-23,11,1.93417452238261,31.7121253609298,21.2759197462087,0,0
2021-06-24,11,0,38.3091048022033,0,0,0
2021-06-25,11,2.88212764374155,15.8343673132921,23.2024298499678,0,0
2021-06-26,11,4.7237802058345,36.33727720459,37.5977854370202,0,0
2021-06-27,11,6.78256674964986,55.1453817903247,74.6082342461485,0,0
2021-06-28,11,0,53.6384553484304,0,0,0
2021-06-29,11,0,49.9007788620509,0,0,0
2021-06-30,11,2.52506871562853,8.15871917271394,8.15871917271394,0,0
2021-07-01,11,0,44.5957292447274,0,0,0
2021-07-02,11,0.912073423116454,48.9616563945883,10.032807654281,0,0
2021-07-03,11,0,53.0627179193544,0,0,0
2021-07-04,11,0,52.132974114647,0,0,0
2021-07-05,11,7.10425392061988,27.9833841314714,48.5371998847695,0,0
2021-07-06,11,14.2703269848482,38.2999341327905,68.4250559975086,0,0
2021-07-07,11,1.33707823522652,25.2655907742239,10.0974484526417,0,0
2021-07-08,11,3.00535749415374,6.69085039332051,26.7726633615117,0,0
2021-07-09,11,2.21441268234,34.0255387130384,24.35853950574,0,0
2021-07-10,11,0,32.084037069362,0,0,0
2021-07-11,11,0,25.8834664999497,0,0,0
2021-07-12,11,0.94159544096074,16.6838111818723,8.79872059763587,0,0
2021-07-13,11,1.11279185333127,39.1496734850127,12.240710386644,0,0
2021-07-14,11,7.0059178960708,17.2392654339504,37.3219798063595,0,0
2021-07-15,11,0,25.0013344547195,0,0,0
2021-07-16,11,9.92353620032915,30.6094037269111,71.6869043991697,0,0
2021-07-17,11,20.3661841576068,11.8737071937158,59.7115550840599,0,0
2021-07-18,11,12.7304946890276,24.6531118653204,103.449766043108,1,0.0909090909090909
2021-07-19,11,0.890432678212912,47.9663541307929,9.79475946034203,0,0
2021-07-20,11,2.39242507608731,23.4069158717953,16.6008735171763,0,0
2021-07-21,11,1.08340577748183,32.8415845760421,11.9174635523001,0,0
2021-07-22,11,1.88102541690256,73.9765810190951,20.6912795859282,0,0
2021-07-23,11,9.35352208333942,41.2206838599405,61.6680590567931,0,0
2021-07-24,11,0,47.6188191565341,0,0,0
2021-07-25,11,0.166330538295955,33.9507853342003,1.82963592125551,0,0
2021-07-26,11,0,99.020832961283,0,0,0
2021-07-27,11,31.9435393188437,40.0058184486041,85.3900388843953,0,0
2021-07-28,11,2.78858242391489,26.0913933965967,20.140177922372,0,0
2021-07-29,11,8.65450469216326,13.2888572803513,33.9374656302671,0,0
2021-07-30,11,12.2328958755661,21.0236625849625,39.9738296195618,0,0
2021-07-31,11,0,31.9452552680688,0,0,0
2021-08-01,11,14.0452559092418,13.787848737592,57.2021667965972,0,0
2021-08-02,11,48.9178813356015,25.7012686724323,258.032370293581,1,0.0909090909090909
2021-08-03,11,17.6311773528426,12.9366758174798,113.902366524532,1,0.0909090909090909
2021-08-04,11,19.9730413081278,35.4795736925784,131.852114919334,1,0.0909090909090909
2021-08-05,11,13.096227947323,11.0919051835923,63.6986803986439,0,0
2021-08-06,11,8.7119215572014,15.7794812996526,27.1896108906322,0,0
2021-08-07,11,16.02011206446,13.0324833377382,158.467004251077,1,0.0909090909090909
2021-08-08,11,11.4191386149877,34.2195860259298,123.385914989712,1,0.0909090909090909
2021-08-09,11,29.058886462058,35.513408294281,82.8621356412296,0,0
2021-08-10,11,0.0704835429654605,39.8513061500783,0.497472881400007,0,0
2021-08-11,11,1.07313421648986,14.9848561153809,11.8044763813885,0,0
2021-08-12,11,8.16605728315414,9.13694482758354,31.1446265426563,0,0
2021-08-13,11,6.97806239965818,12.3579999570889,55.6519272953915,0,0
2021-08-14,11,1.26317609886673,10.8442432928801,9.61047381295765,0,0
2021-08-15,11,2.70557890989469,7.00867513566905,21.5638793264461,0,0
2021-08-16,11,8.14720555562845,16.2168741198143,42.2892053919,0,0
2021-08-17,11,9.54230818336827,9.01172883404078,42.5917274643983,0,0
2021-08-18,11,39.7121108302046,23.9238344608605,158.231561976391,2,0.181818181818182
2021-08-19,11,11.596311516527,11.9685182076035,63.2941219013761,0,0
2021-08-20,11,0,72.9278069542971,0,0,0
2021-08-21,11,4.63572039204723,11.6137886816192,24.7159043820055,0,0
2021-08-22,11,18.5299048068412,15.4268019024828,81.0268908279543,0,0
2021-08-23,11,5.84778233842832,24.1856605110413,24.1856605110413,0,0
2021-08-24,11,8.37599136165646,4.36040180724739,64.0244330787776,0,0
2021-08-25,11,31.9936050991295,23.4865070313051,126.829207550728,1,0.0909090909090909
2021-08-26,11,6.0165225113118,5.55508030765095,34.1405185033583,0,0
2021-08-27,11,31.4024593945385,17.9159217155744,147.726978710602,2,0.181818181818182
2021-08-28,11,2.45730726763401,25.5751671739479,25.5751671739479,0,0
2021-08-29,11,4.36618144877529,15.8363772801118,32.1916186564164,0,0
2021-08-30,11,19.9566329992033,21.2922909095203,78.314894227256,0,0
2021-08-31,11,57.9876067567622,24.1639328797283,182.710756717304,4,0.363636363636364
2021-09-01,11,9.35878961516034,18.3031590069005,61.8682214106325,0,0
2021-09-02,11,2.39346300623591,14.5365505647432,25.1048491884232,0,0
2021-09-03,11,22.7738120691993,14.4782436554758,77.4228069717464,0,0
2021-09-04,11,8.75810573497201,15.2893347580707,45.6494801790841,0,0
2021-09-05,11,7.93445761580519,19.3663837157843,28.9780195913003,0,0
2021-09-06,11,8.4316149361995,11.5608888064811,35.6491305214424,0,0
2021-09-07,11,6.85990412065417,21.3506105293271,43.5246537785239,0,0
2021-09-08,11,9.11830313899247,16.9920607125607,45.5398672521123,0,0
2021-09-09,11,19.2274971491202,25.0594245319569,88.6438112636267,0,0
2021-09-10,11,17.4555288578588,22.329598326547,105.178305311315,1,0.0909090909090909
2021-09-11,11,22.797928773249,10.1550034419584,120.385361269607,1,0.0909090909090909
2021-09-12,11,21.9124677522278,20.1873922619455,120.700611800745,1,0.0909090909090909
2021-09-13,11,16.8856800955074,47.6275990362818,74.5654436892296,0,0
2021-09-14,11,6.63285482997585,31.171595081585,47.7938173897707,0,0
2021-09-15,11,3.15484907409947,19.7574987065141,19.509414804888,0,0
2021-09-16,11,8.98589957652079,14.9969441787035,60.1436610965289,0,0
2021-09-17,11,3.16624252446597,18.2284475192107,28.5587237281637,0,0
2021-09-18,11,7.79387248050823,41.8844568115406,75.2285737129821,0,0
2021-09-19,11,13.6459529407423,30.4705171171282,84.1156722462888,0,0
2021-09-20,11,25.8996333271554,39.5950851588744,204.841362621008,1,0.0909090909090909
2021-09-21,11,141.416191355765,42.4423314926681,1124.11868649738,3,0.272727272727273
2021-09-22,11,56.7127075223209,38.1939142355081,154.545967969412,2,0.181818181818182
2021-09-23,11,13.1594587052945,10.9307226657585,93.4086293555359,0,0
2021-09-24,11,0,34.7740584381828,0,0,0
2021-09-25,11,19.1367013436989,22.6152560110582,160.05672007133,1,0.0909090909090909
2021-09-26,11,5.15470043727358,33.1198356275264,33.1198356275264,0,0
2021-09-27,11,8.13942936198499,39.2214789119949,50.4717679377853,0,0
2021-09-28,11,44.6103162412225,55.0759602841078,105.511922158603,1,0.0909090909090909
2021-09-29,11,38.1459661346305,41.8806014830875,87.2165000808955,0,0
2021-09-30,11,1.16555963229368,38.5775837526192,12.8211559552305,0,0
2021-10-01,11,0.168862450739599,31.9872366709983,1.85748695813559,0,0
2021-10-02,11,0,21.8308738532569,0,0,0
2021-10-03,11,1.40397655284598,22.7322136120334,5.97185675118794,0,0
2021-10-04,11,0,24.8816154128195,0,0,0
2021-10-05,11,1.44969610840479,14.1353262984745,8.82047733309244,0,0
2021-10-06,11,0,17.6267792699636,0,0,0
2021-10-07,11,0,18.5203780389265,0,0,0
2021-10-08,11,3.45799901068604,18.8645266810106,38.0379891175464,0,0
2021-10-09,11,7.09867607215243,19.2390591192915,32.9325999267815,0,0
2021-10-10,11,5.18206436361327,19.0430043717793,48.2327128735316,0,0
2021-10-11,11,4.64449419451109,12.3065198381589,48.4751905046377,0,0
2021-10-12,11,0,53.4071368756961,0,0,0
2021-10-13,11,2.0146163978486,15.2331843293307,14.5667087134538,0,0
2021-10-14,11,1.26044515714145,28.3726180721766,13.864896728556,0,0
2021-10-15,11,4.24489408679421,27.7902135219832,46.6938349547363,0,0
2021-10-16,11,7.27421900261033,52.4432841383959,52.4432841383959,0,0
2021-10-17,11,6.21739531274917,29.0127656560979,51.4147202221282,0,0
2021-10-18,11,1.53803320932622,45.8257908249271,16.9183653025884,0,0
2021-10-19,11,13.8591393699473,11.9660887286721,56.4780998202941,0,0
2021-10-20,11,6.5543285474846,30.9022269701908,39.7303096616919,0,0
2021-10-21,11,0.34044919681357,13.5463667643299,3.38964823411336,0,0
2021-10-22,11,7.61874048386347,14.7637010697244,30.7880768360169,0,0
2021-10-23,11,0,45.5434554522283,0,0,0
2021-10-24,11,0,58.3773582948233,0,0,0
2021-10-25,11,0.366495331768761,50.7531047710752,4.03144864945637,0,0
2021-10-26,11,0.208334071045803,41.0785481534393,2.29167478150383,0,0
2021-10-27,11,15.8027155725177,5.61783916817493,140.97420560429,1,0.0909090909090909
2021-10-28,11,29.951622630528,15.33833075547,140.083100946412,1,0.0909090909090909
2021-10-29,11,4.1435489744904,24.8871815163287,27.1463352028001,0,0
2021-10-30,11,5.17129891881472,18.957381019673,50.6713276312298,0,0
2021-10-31,11,2.85676618807619,23.6170728298024,29.0691059587378,0,0
2021-11-01,11,18.4374985898027,12.9727781655919,76.7198947673542,0,0
2021-11-02,11,3.08457827084309,13.5639738575821,33.6495284615523,0,0
2021-11-03,11,0,26.6413552922518,0,0,0
2021-11-04,11,7.28449311133695,21.3063215291287,79.6200771126199,0,0
2021-11-05,11,0,46.4731719270439,0,0,0
2021-11-06,11,0,32.4900961178432,0,0,0
2021-11-07,11,0,32.716119624403,0,0,0
2021-11-08,11,1.52827992303933,31.9073782250179,9.5177917752276,0,0
2021-11-09,11,1.63405779716459,6.21910974548889,12.5966981923165,0,0
2021-11-10,11,2.21923054381098,15.2735759665457,17.8190150618995,0,0
2021-11-11,11,0.928519230995512,44.2136628366918,7.18994506842652,0,0
2021-11-12,11,1.91105415415267,13.9191816332129,21.0215956956794,0,0
2021-11-13,11,0,55.3069329931799,0,0,0
2021-11-14,11,2.0121336685509,36.219648543312,12.9692293045314,0,0
2021-11-15,11,0,83.5514124624237,0,0,0
2021-11-16,11,3.48622483250365,21.1494019794944,38.3484731575401,0,0
2021-11-17,11,4.61611189172468,23.9754439820095,46.8289171096758,0,0
2021-11-18,11,0.958532733314427,74.3593044799806,10.5438600664587,0,0
2021-11-19,11,12.4524782285374,19.090739265184,71.5317722112163,0,0
2021-11-20,11,1.6272975356438,47.626915490997,17.9002728920818,0,0
2021-11-21,11,5.85809924394902,47.2919307461317,43.5968440861512,0,0
2021-11-22,11,0.805826836665988,30.0270141322856,5.92768080421635,0,0
2021-11-23,11,10.9744566217784,16.9261679664001,52.2173090470435,0,0
2021-11-24,11,1.25464951153398,13.3908030951368,13.6142692918684,0,0
2021-11-25,11,5.62653673002486,16.8185927204378,32.9739495420678,0,0
2021-11-26,11,35.3534574118316,20.6979485981684,84.7982367033495,0,0
2021-11-27,11,24.6330289245437,19.16600173828,108.858749840701,1,0.0909090909090909
2021-11-28,11,26.8967748000985,10.9604914189398,107.200716085591,1,0.0909090909090909
2021-11-29,11,18.0669903794408,16.3782884399999,61.3005481959483,0,0
2021-11-30,11,17.2204628748204,15.424465253232,52.4372279311758,0,0
2021-12-01,11,22.4124942066684,24.0959093633475,71.1199395073792,0,0
2021-12-02,11,68.1862308975661,7.83422556717595,729.47996115774,1,0.0909090909090909
2021-12-03,11,21.6690596964591,22.5660570357955,50.9409837828845,0,0
2021-12-04,11,17.6733995090331,20.6632033237408,85.7572376705684,0,0
2021-12-05,11,15.9501060168515,23.101404485677,60.9401281697441,0,0
2021-12-06,11,20.1397914281947,21.9564778714365,117.327051330003,1,0.0909090909090909
2021-12-07,11,10.9707207250591,10.238609330977,60.7003788590299,0,0
2021-12-08,11,6.75435956753617,17.9816353384399,35.8498862327805,0,0
2021-12-09,11,4.57010723224289,11.4752494964021,27.846839728134,0,0
2021-12-10,11,18.4290641791138,19.9199216049062,50.1604082286722,0,0
2021-12-11,11,49.6441111961963,47.7078478913395,125.530684250547,1,0.0909090909090909
2021-12-12,11,13.8120321204726,13.5435206321821,37.6895184213122,0,0
2021-12-13,11,16.7747720417006,10.223784288016,49.5219082768861,0,0
2021-12-14,11,25.4761651411741,25.064002679136,91.5756527909417,0,0
2021-12-15,11,4.18958276017345,24.4341157927597,26.2270884246141,0,0
2021-12-16,11,9.13406932089341,7.00544420978555,33.5958491818955,0,0
2021-12-17,11,13.8439452968046,11.861954974588,45.6401740666201,0,0
2021-12-18,11,16.7229609145089,14.9760138610544,84.8114743277017,0,0
2021-12-19,11,7.62246909724222,9.10020743197126,36.7873228580407,0,0
2021-12-20,11,24.1464437839083,28.2288823204757,44.2864391876563,0,0
2021-12-21,11,3.44432306706665,31.1543525447777,19.7291298423496,0,0
2021-12-22,11,0.979071833768269,18.7093126933435,10.5732521770363,0,0
2021-12-23,11,3.62199184508042,15.7494577782513,29.8653144240346,0,0
2021-12-24,11,2.48824968833505,35.8401209796688,22.9825094277836,0,0
2021-12-25,11,2.2822787339954,30.6381212942908,25.1050660739494,0,0
2021-12-26,11,1.44502433253924,17.1154745173152,9.102063282872,0,0
2021-12-27,11,0,18.7702609594709,0,0,0
2021-12-28,11,10.8027478377904,13.2252823488699,87.7933625912763,0,0
2021-12-29,11,6.87942518293163,7.58763617837444,29.0111708661356,0,0
2021-12-30,11,10.1430843774903,25.1356161007998,65.1907847925071,0,0
2021-12-31,11,4.54486603684291,20.8267533380968,31.5457000295782,0,0
2022-01-01,11,17.35638016508,17.6407502213438,93.3304893814779,0,0
2022-01-02,11,3.40327323837012,53.6731689391456,28.2550639554402,0,0
2022-01-03,11,1.18135286114111,12.9948814725522,12.9948814725522,0,0
2022-01-04,11,2.74208424425685,15.5560548505163,30.1629266868253,0,0
2022-01-05,11,10.3280291917999,13.1655192915103,49.2940629651839,0,0
2022-01-06,11,0.749690703125492,30.243967228385,8.24659773438041,0,0
2022-01-07,11,17.0380446526054,14.311441236845,104.960158465314,1,0.0909090909090909
2022-01-08,11,11.0817246170933,25.5037650500656,96.5675277514044,0,0
2022-01-09,11,53.7363075308952,23.0691051457443,294.097389633845,2,0.181818181818182
2022-01-10,11,27.702992192829,15.2433485758441,94.5253313631245,0,0
2022-01-11,11,1.09237276457114,10.9641780538561,6.97880067431655,0,0
2022-01-12,11,1.35298901559934,4.22236056293213,5.38548259510385,0,0
2022-01-13,11,3.52070495776245,14.0872693631966,15.7851622788951,0,0
2022-01-14,11,2.78186771695807,6.19253669565056,13.2552043163781,0,0
2022-01-15,11,8.4159041536895,9.69597496528474,41.6160993334103,0,0
2022-01-16,11,9.72331909489199,9.51514490079575,68.8103822858799,0,0
2022-01-17,11,3.22629981693786,5.08864497328232,15.2294460481484,0,0
2022-01-18,11,6.04165046298435,22.2603799661525,41.2102059314323,0,0
2022-01-19,11,23.3581620430087,10.6834116288479,167.379085517914,1,0.0909090909090909
2022-01-20,11,21.5749805298067,26.7568472926738,70.3132565829723,0,0
2022-01-21,11,11.8032703486604,16.0784930981839,67.9244221741237,0,0
2022-01-22,11,26.8360949998346,24.3671837901993,89.7099643258037,0,0
2022-01-23,11,1.99534101097682,25.1202961861696,7.93521460990654,0,0
2022-01-24,11,1.86308612731571,30.0989420122155,20.2917703439964,0,0
2022-01-25,11,43.6611781522414,45.3977091341073,456.181133308372,1,0.0909090909090909
2022-01-26,11,8.83105821905852,18.360098062411,97.1416404096437,0,0
2022-01-27,11,35.5420667571559,16.4586371869246,285.111943960541,1,0.0909090909090909
2022-01-28,11,47.2266727350745,54.4227075745241,519.49340008582,1,0.0909090909090909
2022-01-29,11,2.04924792352729,22.5417271588002,22.5417271588002,0,0
2022-01-30,11,0,31.2109460075871,0,0,0
2022-01-31,11,7.27016208302915,18.8475425180923,40.0907392794447,0,0
2022-02-01,11,0,16.1346368433879,0,0,0
2022-02-02,11,2.6020261150881,12.1834552405919,12.1834552405919,0,0
2022-02-03,11,1.08049478075745,19.361690616142,11.8854425883319,0,0
2022-02-04,11,1.5589374420029,14.0221289456899,13.6951881060721,0,0
2022-02-05,11,9.91286599233602,66.4742700163812,92.1852127724121,0,0
2022-02-06,11,9.23102046929529,6.77796968213018,76.6238856768919,0,0
2022-02-07,11,0,25.3647909067589,0,0,0
2022-02-08,11,2.15277475517528,15.02525364242,15.02525364242,0,0
2022-02-09,11,1.46728829497854,14.5483020406045,14.8121589860195,0,0
2022-02-10,11,2.16986121982349,12.1592317657115,23.1141658130785,0,0
2022-02-11,11,1.41583711747924,16.5656747789034,8.38647166815587,0,0
2022-02-12,11,0.264433351456055,4.98301305067006,2.81511317618444,0,0
2022-02-13,11,5.46976441115061,14.9145716687138,53.8181319608211,0,0
2022-02-14,11,0,11.599948503922,0,0,0
2022-02-15,11,0.43041723148618,5.91401000998859,2.61341784871583,0,0
2022-02-16,11,2.6792956907995,8.34260090393779,8.34260090393779,0,0
2022-02-17,11,7.95160056977582,10.0549849688203,56.6150088461637,0,0
2022-02-18,11,5.69191989422805,8.8315092721658,17.2303317928424,0,0
2022-02-19,11,1.95386751545966,7.03512413489538,21.4925426700563,0,0
2022-02-20,11,1.22259691962345,27.1279109263967,13.4485661158579,0,0
2022-02-21,11,7.74992637552864,13.6505111779495,30.1954025878204,0,0
2022-02-22,11,4.06792665606594,6.71486033543278,17.916455101743,0,0
2022-02-23,11,4.88865562555754,20.9346188695325,20.9346188695325,0,0
2022-02-24,11,21.4485554060806,13.2922539606928,229.230417401595,1,0.0909090909090909
2022-02-25,11,1.26343257210806,11.2095801097523,13.8977582931887,0,0
2022-02-26,11,9.7881234588314,16.3420630587674,49.4613877157712,0,0
2022-02-27,11,10.2062879557815,23.6747934866433,97.054104972305,0,0
2022-02-28,11,0,25.3604261907392,0,0,0
2022-03-01,11,12.9142758012818,9.99072399833212,125.191111898169,1,0.0909090909090909
2022-03-02,11,4.74497849742113,19.339159406,26.7591315337445,0,0
2022-03-03,11,5.90408126720348,9.60074031321367,53.1853014211847,0,0
2022-03-04,11,6.33631194817065,11.2903118787977,48.8480412580539,0,0
2022-03-05,11,0.717022541442731,15.1349831209324,3.30545574284358,0,0
2022-03-06,11,0,16.3833998091789,0,0,0
2022-03-07,11,5.40580384874993,15.0999412584873,28.5675473584002,0,0
2022-03-08,11,16.3971458686191,14.3130402299263,75.9819635446879,0,0
2022-03-09,11,17.263728965967,5.47237888713248,159.870115463695,1,0.0909090909090909
2022-03-10,11,3.10449234893136,2.41925409153909,22.1611154125945,0,0
2022-03-11,11,0.0065456728869474,7.26798356042835,0.0720024017564214,0,0
2022-03-12,11,11.2209557603653,8.84252650414807,27.3257489129208,0,0
2022-03-13,11,9.90635077080153,11.0520026191363,43.3711594180197,0,0
2022-03-14,11,4.33733220547072,8.06213076272488,35.5937165125952,0,0
2022-03-15,11,7.74172406439521,7.2022014796369,32.337082927486,0,0
2022-03-16,11,10.8768544111476,9.75395891648301,43.7462593089022,0,0
2022-03-17,11,11.4264743028118,8.95969525085194,76.2460810318721,0,0
2022-03-18,11,2.92787280109195,8.63220300500789,27.9292745369697,0,0
2022-03-19,11,6.14390561562347,11.8863230314781,40.2731811357138,0,0
2022-03-20,11,9.94820724714837,3.54757725338772,81.5805169314177,0,0
2022-03-21,11,8.08008199817512,5.7224318389204,41.0064798341925,0,0
2022-03-22,11,8.34755355914262,7.02712500640135,61.4220364144757,0,0
2022-03-23,11,13.5414434267451,6.71795839673583,68.2357848276338,0,0
2022-03-24,11,9.61854106455591,9.94672119944973,34.7644726912799,0,0
2022-03-25,11,7.01801510197932,7.33633446969417,14.829823244672,0,0
2022-03-26,11,5.37917999523306,7.43394140928832,20.8460744390859,0,0
2022-03-27,11,5.53562998308615,8.82522002299546,12.5606780248966,0,0
2022-03-28,11,12.1117463107152,16.702077211832,30.5296895678442,0,0
2022-03-29,11,34.575093932965,25.9940418384841,171.556930937353,1,0.0909090909090909
2022-03-30,11,12.2008086601993,4.28203048415954,104.272272441684,1,0.0909090909090909
2022-03-31,11,5.14290320075711,12.1762360242283,19.4292041446742,0,0
2022-04-01,11,5.66810020685765,22.6580715683555,40.2747533492798,0,0
2022-04-02,11,8.80246724656202,8.2565370874832,55.6124700451566,0,0
2022-04-03,11,19.7062297113622,23.6712085627799,73.5049193032822,0,0
2022-04-04,11,15.6166675798199,13.0682028065698,55.9922886794051,0,0
2022-04-05,11,4.95620908806121,4.61234534460786,21.6412018493362,0,0
2022-04-06,11,15.6901651290063,16.007344637039,50.56537298052,0,0
2022-04-07,11,21.0975725740815,23.7210780871455,67.0864801311222,0,0
2022-04-08,11,10.1764179757299,8.77343437484357,35.050125878926,0,0
2022-04-09,11,4.83434681812536,16.6263472469996,30.8039589169651,0,0
2022-04-10,11,6.74102784817155,13.0351449647925,56.4175341385087,0,0
2022-04-11,11,25.1311627242325,22.9160436458564,65.0367350855663,0,0
2022-04-12,11,10.5794986179847,9.82408493504172,40.3625986395695,0,0
2022-04-13,11,13.023022145014,23.6927291648592,83.7254840939583,0,0
2022-04-14,11,2.0419326285344,19.3895483974682,19.5573777146785,0,0
2022-04-15,11,10.8475566411608,11.9701601067956,68.1492851872323,0,0
2022-04-16,11,8.94347947574683,16.1980621878022,48.3011481504536,0,0
2022-04-17,11,9.13367823239233,17.1937364350883,28.1859344795721,0,0
2022-04-18,11,13.1947400882326,12.8472522741352,88.2433457459875,0,0
2022-04-19,11,6.93344286685075,8.90579159433358,33.9495519586164,0,0
2022-04-20,11,20.5218948870432,8.75604945692166,156.842819211001,1,0.0909090909090909
2022-04-21,11,17.6505867789724,11.9803560529474,106.244105001032,1,0.0909090909090909
2022-04-22,11,12.0718993011293,6.71180951473005,76.5153853953804,0,0
2022-04-23,11,7.59824432173726,5.77362216724442,34.1505208447479,0,0
2022-04-24,11,5.48268441960108,10.5210604225792,35.4084464363724,0,0
2022-04-25,11,7.13761199178936,13.6642469729964,40.4563238407862,0,0
2022-04-26,11,4.23269447658924,6.27337801081151,29.1509448947003,0,0
2022-04-27,11,18.6272203528891,15.2034648694954,184.236620872074,1,0.0909090909090909
2022-04-28,11,18.665964268062,5.48524464096589,179.709711974826,1,0.0909090909090909
2022-04-29,11,28.2248940995425,8.66298508654273,154.397281752459,1,0.0909090909090909
2022-04-30,11,24.8873578156182,14.5910541616323,176.761501398268,1,0.0909090909090909
2022-05-01,11,8.47346568248626,11.3752538929601,65.3320780637245,0,0
2022-05-02,11,32.7316519458892,15.201383152943,265.195983968944,1,0.0909090909090909
2022-05-03,11,38.7329100214614,16.3140895787961,317.37584368654,1,0.0909090909090909
2022-05-04,10,36.4889461719097,12.031217882158,312.270890981964,1,0.1
2022-05-05,10,10.1986577109104,5.43449739605961,71.4333778498322,0,0
2022-05-06,10,33.6366063905942,20.3341947552938,254.49449610852,1,0.1
2022-05-07,9,8.59725394534076,10.5876009646644,37.1825871181986,0,0
2022-05-08,10,19.203984472447,14.6672274232385,99.1683551576117,0,0
2022-05-09,11,17.9458990541137,27.1269567940169,99.1683551576117,0,0
2022-05-10,11,47.0495227887551,7.9707559464115,389.452395169663,1,0.0909090909090909
2022-05-11,11,23.0206634156665,16.0263565187901,113.023103590464,1,0.0909090909090909
2022-05-12,11,25.8518297758123,14.2573130633084,211.645607414978,1,0.0909090909090909
2022-05-13,11,15.6436199838475,20.4324407710232,137.994230160468,1,0.0909090909090909
2022-05-14,11,29.3185659027997,24.1012702541199,128.157992021847,1,0.0909090909090909
2022-05-15,11,10.7459822028634,43.3953617907923,85.6225693535917,0,0
2022-05-16,11,17.3200608533591,31.4042552896754,98.464111868769,0,0
2022-05-17,11,30.5981806447837,23.7752719109396,186.59087196634,2,0.181818181818182
2022-05-18,11,1.55632969709299,18.9770780224108,17.1196266680229,0,0
2022-05-19,11,21.9824181986547,16.9705373745233,182.668193005667,1,0.0909090909090909
2022-05-20,11,13.9116198284685,33.5295719181561,118.649222063245,1,0.0909090909090909
2022-05-21,11,6.36269612475749,17.9077681016127,53.6486548508297,0,0
2022-05-22,11,5.87333223509043,23.2075150357391,51.8451027311007,0,0
2022-05-23,11,18.3136702523259,11.2862866204488,145.071354399314,1,0.0909090909090909
2022-05-24,11,11.1158576652741,14.5287484685297,112.245073738094,1,0.0909090909090909
2022-05-25,11,1.75112955626575,11.6264125173737,19.2624251189233,0,0
2022-05-26,11,8.48457708575567,13.8564557374721,79.4738922058402,0,0
2022-05-27,11,10.6659622852351,21.2075421204383,50.4577026792596,0,0
2022-05-28,11,4.68638073700193,12.5157426402689,22.9866404257073,0,0
2022-05-29,11,4.29044624985992,17.1861835553477,17.1861835553477,0,0
2022-05-30,11,7.97152362857943,17.0105020236688,38.9428732010821,0,0
2022-05-31,11,2.39804015724482,8.10546730211525,17.6858024344095,0,0
2022-06-01,11,3.8669646377798,10.2350785770966,13.8017067053875,0,0
2022-06-02,11,16.0657331845388,4.30811736801595,129.792558135367,1,0.0909090909090909
2022-06-03,11,12.352855592731,12.3761917671195,74.8688936144759,0,0
2022-06-04,11,5.73894912804987,17.1987726519984,63.1284404085486,0,0
2022-06-05,11,4.9373930609222,25.521653247873,54.3113236701442,0,0
2022-06-06,11,2.8401217512714,10.6850284928184,31.2413392639854,0,0
2022-06-07,11,5.44339199839407,8.51227318861891,56.7275741338424,0,0
2022-06-08,11,8.58789830800999,20.0844537433542,81.7841682044218,0,0
2022-06-09,11,0,14.1904220345968,0,0,0
2022-06-10,11,0.130837047297842,14.5633905423082,1.43920752027626,0,0
2022-06-11,11,2.77421926588942,20.009782764765,30.5164119247836,0,0
2022-06-12,11,6.09840083630086,15.5159631492063,40.4108107279699,0,0
2022-06-13,11,7.78895456605457,18.2416805434038,45.776809387934,0,0
2022-06-14,11,0.587016052882533,60.6679451736492,6.45717658170786,0,0
2022-06-15,11,0,35.1745498014333,0,0,0
2022-06-16,11,7.52580769267218,29.3517976688262,82.783884619394,0,0
2022-06-17,11,0.288527175885678,37.0194836818549,3.17379893474246,0,0
2022-06-18,11,7.30434532893776,16.4609913460989,34.5483024184445,0,0
2022-06-19,11,14.1454935742882,28.5213874976553,136.252164966456,1,0.0909090909090909
2022-06-20,11,2.84703699233674,20.0745726467177,31.3174069157041,0,0
2022-06-21,11,8.82272776634016,24.3500714358369,70.6376042377332,0,0
2022-06-22,11,13.1138487152532,4.87028904648357,110.734926274575,1,0.0909090909090909
2022-06-23,11,1.46525649575685,13.9889938013349,13.9889938013349,0,0
2022-06-24,11,5.74960506044856,8.11270582462331,61.9885758474026,0,0
2022-06-25,11,19.376057152318,21.2260650795515,78.8781372483138,0,0
2022-06-26,11,4.50753469675885,14.8621923639292,49.2711140109592,0,0
2022-06-27,11,12.7651595620949,24.4118328062326,68.3968101153865,0,0
2022-06-28,11,1.72358534981523,12.1490876752661,13.9270099796185,0,0
2022-06-29,11,0.961555937862343,10.4502195359446,10.0815144250699,0,0
2022-06-30,11,5.17824300080445,20.0520429447848,56.960673008849,0,0
2022-07-01,11,65.7481318317878,108.375536872444,158.980023773919,4,0.363636363636364
2022-07-02,11,6.29131426863786,21.6059386312129,46.848438878081,0,0
2022-07-03,11,2.15681280759378,15.8201648456968,23.7249408835316,0,0
2022-07-04,11,2.99597857968121,20.0409286357361,22.0002561800248,0,0
2022-07-05,11,0.184819210410156,16.9805710797077,2.03301131451172,0,0
2022-07-06,11,1.74962724605508,11.3858593709093,10.8850631648039,0,0
2022-07-07,11,4.96760958541181,9.48112093509534,26.9503762044943,0,0
2022-07-08,11,3.9372335450846,17.517473851727,43.3095689959306,0,0
2022-07-09,11,9.13666841700063,28.7473430283303,47.1142353433629,0,0
2022-07-10,11,3.50893789684791,8.74464724147428,34.8014215922687,0,0
2022-07-11,11,0,8.46666515713412,0,0,0
2022-07-12,11,9.04741421899225,5.37557324822191,93.4200028061405,0,0
2022-07-13,11,13.6230611051187,22.1775608829855,99.7042734511133,0,0
2022-07-14,11,3.74030892089125,14.7273511549084,41.1433981298037,0,0
2022-07-15,11,14.2601044151699,16.4546263688248,122.015516852738,1,0.0909090909090909
2022-07-16,11,14.4823465742285,18.6714343096661,62.5938042922414,0,0
2022-07-17,11,8.70395594647794,7.93500586466989,59.3043088371792,0,0
2022-07-18,11,30.6150646858357,27.9600012423442,142.911619000625,2,0.181818181818182
2022-07-19,11,17.0336559013857,23.3298895687795,155.393077056536,1,0.0909090909090909
2022-07-20,11,14.9352738967222,14.4444743970218,68.6719987923201,0,0
2022-07-21,11,25.8758196946102,49.5516643608362,76.372151136278,0,0
2022-07-22,11,9.97961126018586,5.95877751669804,49.832226889226,0,0
2022-07-23,11,4.6803653335259,6.98176574681408,49.4087918632691,0,0
2022-07-24,11,1.61135620942705,17.7249183036976,17.7249183036976,0,0
2022-07-25,11,16.2024611178027,15.05751161614,40.87085239738,0,0
2022-07-26,11,20.8991653247986,38.649014697103,127.11781790256,1,0.0909090909090909
2022-07-27,11,1.21301339031059,13.2790088281265,13.3431472934165,0,0
2022-07-28,11,5.71156612991371,12.7342670909725,39.9938577986791,0,0
2022-07-29,11,9.19861812631353,9.21179075629386,53.8663455205424,0,0
2022-07-30,11,17.4201752850568,24.7858078494556,106.921005144244,1,0.0909090909090909
2022-07-31,11,3.04607515532356,16.97214866476,33.5068267085592,0,0
2022-08-01,11,8.02680909232654,22.6497420435023,48.9213218693496,0,0
2022-08-02,11,0,11.0725064965811,0,0,0
2022-08-03,11,7.72773303504367,11.9709350746322,70.6032667885925,0,0
2022-08-04,11,13.3833415890683,29.4714948721553,82.9242661408402,0,0
2022-08-05,11,3.45623129847569,20.0246038612861,21.7186911144707,0,0
2022-08-06,11,11.7955499242375,9.44267043592628,87.8381684424323,0,0
2022-08-07,11,16.0066972174132,9.09549532814857,109.001554038289,1,0.0909090909090909
2022-08-08,11,12.0791850974931,11.5970361660644,47.0958053026582,0,0
2022-08-09,11,7.70618258375473,16.1814047948128,40.7780495650756,0,0
2022-08-10,11,14.9358453848292,20.6443198548123,151.678872897575,1,0.0909090909090909
2022-08-11,11,10.088391654922,9.25434169365191,63.1498860921165,0,0
2022-08-12,11,40.2893154750086,19.9107980450308,179.860097154388,2,0.181818181818182
2022-08-13,11,4.70369124213318,16.7776634968231,21.4433295550154,0,0
2022-08-14,11,16.2806355622251,16.7832712719096,104.373602494188,1,0.0909090909090909
2022-08-15,11,5.8122723728913,7.34078058632459,23.1654787658642,0,0
2022-08-16,11,9.06596050215258,19.1135373355045,54.0057431169683,0,0
2022-08-17,11,8.05863507383007,11.3691660246151,62.999026391628,0,0
2022-08-18,11,8.36294425711799,11.1433429331442,49.602390712874,0,0
2022-08-19,11,12.6725545511605,12.4051300325445,131.430512761076,1,0.0909090909090909
2022-08-20,11,13.6067661943406,34.2910654695849,52.9143594670922,0,0
2022-08-21,11,25.9206269002685,25.2132095800017,113.343844362116,1,0.0909090909090909
2022-08-22,11,3.91449599905558,27.5324405028488,32.4403817468355,0,0
2022-08-23,11,15.1989672135277,32.2161082216232,67.8255922141813,0,0
2022-08-24,11,6.57699195867465,13.1407166787767,34.2583994396639,0,0
2022-08-25,11,16.1439605768001,9.41198536675847,99.7497108791034,0,0
2022-08-26,11,5.65285215169793,8.4993155073354,62.1813736686772,0,0
2022-08-27,11,16.1817790247014,36.7895927410711,118.362339710129,1,0.0909090909090909
2022-08-28,11,25.3018526643253,32.1439902081,125.819178710294,1,0.0909090909090909
2022-08-29,11,23.6630594428556,37.9516716710948,144.544387286458,1,0.0909090909090909
2022-08-30,11,6.23072234322099,18.3859164748923,30.5931636881496,0,0
2022-08-31,11,32.4903535673677,14.6624974513243,172.326023756928,1,0.0909090909090909
2022-09-01,11,14.8757316242571,20.7195491645085,40.5091035476202,0,0
2022-09-02,11,21.2174844429651,17.9566515064189,108.671045319799,1,0.0909090909090909
2022-09-03,11,14.949409636904,5.66780602182293,109.295446990387,1,0.0909090909090909
2022-09-04,11,18.2963585774721,15.1416552511918,118.110187494577,1,0.0909090909090909
2022-09-05,11,16.9125780894091,11.806071741588,134.120142355536,1,0.0909090909090909
2022-09-06,11,30.1705962056394,21.0589929923721,108.442910561974,1,0.0909090909090909
2022-09-07,11,25.3985763567009,10.2756646492463,125.536966962791,1,0.0909090909090909
2022-09-08,11,22.3865209723293,6.10102059070416,138.640069128412,1,0.0909090909090909
2022-09-09,11,32.5940148733612,9.198821491192,142.118913199554,1,0.0909090909090909
2022-09-10,11,14.6192622805131,7.94994816179839,93.320881915786,0,0
2022-09-11,11,12.706188020628,12.5905529548831,81.0815890533856,0,0
2022-09-12,11,29.1235700268059,16.4303183366121,138.346468187817,1,0.0909090909090909
2022-09-13,11,26.7231704374063,12.464037671992,159.343748056594,1,0.0909090909090909
2022-09-14,11,24.4059688334654,7.37133238523091,115.621431547457,1,0.0909090909090909
2022-09-15,11,22.4552779491784,7.10514526121808,131.812693769811,1,0.0909090909090909
2022-09-16,11,21.3966783566709,13.5962923000044,104.497806987477,1,0.0909090909090909
2022-09-17,11,25.6434978857369,18.7738185545139,97.1422340392003,0,0
2022-09-18,11,15.3469478577234,12.438878886516,102.004566992425,1,0.0909090909090909
2022-09-19,11,16.9441801578958,17.3575199751741,91.8797905421875,0,0
2022-09-20,11,17.5310470926312,6.92820069011613,114.488020988412,1,0.0909090909090909
2022-09-21,11,14.4044449059448,8.38319536898835,109.554064673241,1,0.0909090909090909
2022-09-22,11,19.9688939361978,9.89305762013615,94.0871036817414,0,0
2022-09-23,11,1.58605997676819,12.0168413522448,13.4454068032797,0,0
2022-09-24,11,26.8259331956983,13.8579809651285,141.013365521998,1,0.0909090909090909
2022-09-25,11,27.8334850291665,5.14273149503364,144.137764076646,2,0.181818181818182
2022-09-26,11,7.47257908404201,15.9276580681578,40.7903716615399,0,0
2022-09-27,11,19.0979612039078,10.6808818424575,92.7886765792052,0,0
2022-09-28,11,14.9315224259181,6.75304454685666,159.748746171555,1,0.0909090909090909
2022-09-29,11,11.5042862486586,16.8904591689789,122.131635853028,1,0.0909090909090909
2022-09-30,11,24.2288602733602,11.7110834412959,101.13073060139,1,0.0909090909090909
2022-10-01,11,15.1614509381089,17.7748811005585,86.5007308946786,0,0
2022-10-02,11,21.9945175228058,12.8163950683802,104.831831678173,1,0.0909090909090909
2022-10-03,11,18.7934775009694,19.7586896139756,118.656362294349,1,0.0909090909090909
2022-10-04,11,36.9825173610127,10.8122361112717,253.230281493338,1,0.0909090909090909
2022-10-05,11,4.20611214378732,9.09169175564162,18.2337869298921,0,0
2022-10-06,11,6.0320893287815,8.5818508370239,34.9309053623792,0,0
2022-10-07,11,12.0249341507565,13.2191034299201,66.1716471825702,0,0
2022-10-08,11,18.7694561740701,22.0591180491736,94.873579467204,0,0
2022-10-09,11,33.000345845703,8.96292769023255,158.060677329153,2,0.181818181818182
2022-10-10,11,14.4098529717753,4.28370716083037,151.25104135415,1,0.0909090909090909
2022-10-11,11,20.3059223459259,8.13112599254429,175.521545461359,1,0.0909090909090909
2022-10-12,11,15.2626720851876,8.73581057513118,98.1781956583616,0,0
2022-10-13,11,25.7321101472459,10.5290040324835,175.06546227666,1,0.0909090909090909
2022-10-14,11,11.3544440943176,5.7448884269562,76.3291118007126,0,0
2022-10-15,11,25.7783409687141,9.74429343492789,114.440902255158,2,0.181818181818182
2022-10-16,11,27.00482591449,12.528254447921,126.533530031347,2,0.181818181818182
2022-10-17,11,27.1846394134557,8.95171667882,185.449935821433,2,0.181818181818182
2022-10-18,11,14.1885046954704,3.27289178956969,88.4313012017812,0,0
2022-10-19,11,9.26529442760716,12.3808614419418,30.8583554641351,0,0
2022-10-20,11,21.867404572782,10.9246108911609,133.234765959812,1,0.0909090909090909
2022-10-21,11,27.1942752852476,18.2512911415156,189.102633297957,1,0.0909090909090909
2022-10-22,11,14.5091683612815,12.030544931414,102.873291991229,1,0.0909090909090909
2022-10-23,11,15.7457660740198,7.73381195280809,103.019789163243,1,0.0909090909090909
2022-10-24,11,15.1730482441802,13.3407440798905,106.410515287809,1,0.0909090909090909
2022-10-25,11,23.7353845284217,10.615918885486,161.155897730969,1,0.0909090909090909
2022-10-26,11,35.5432397955232,6.82774121135599,204.148085570114,2,0.181818181818182
2022-10-27,11,8.34645051668737,11.1597447798217,32.0309317617395,0,0
2022-10-28,11,9.75532320483378,12.4230835759997,43.076280886708,0,0
2022-10-29,11,23.0599217214657,8.80580305739564,94.947711592035,0,0
2022-10-30,11,19.3025301984545,8.99444265453964,67.7901073666676,0,0
2022-10-31,11,4.03693822363372,4.23981800455997,34.841179999725,0,0
2022-11-01,11,24.4025660812481,7.64144842631209,142.553873993339,1,0.0909090909090909
2022-11-02,11,18.640963118953,8.17361553014817,103.083268445178,1,0.0909090909090909
2022-11-03,11,3.18248045857016,6.28778907993288,18.4194350180678,0,0
2022-11-04,11,39.3719536898546,11.1113984690103,263.463790143933,2,0.181818181818182
2022-11-05,11,6.30034183053397,9.93354555800963,33.6899892959763,0,0
2022-11-06,11,9.09669100678346,17.9891635967677,50.2921848531068,0,0
2022-11-07,11,32.4259651609126,4.96204939983591,204.071942020596,1,0.0909090909090909
2022-11-08,11,21.3552312943881,11.5114928623949,170.970830781438,1,0.0909090909090909
2022-11-09,11,38.7385601885775,18.0513124332071,208.436777597066,1,0.0909090909090909
2022-11-10,11,67.8819757742212,64.1284722259283,118.6330977869,4,0.363636363636364
2022-11-11,11,33.3467880487359,30.3479857685751,163.4875995975,2,0.181818181818182
2022-11-12,11,24.4761614504954,48.1763593998807,243.010162046667,1,0.0909090909090909
2022-11-13,11,31.6181573647024,22.6052318817094,179.701455406771,2,0.181818181818182
2022-11-14,11,32.5478800984682,30.8803660069379,90.3129227289445,0,0
2022-11-15,11,12.2364936974359,19.5495784058952,132.479268910188,1,0.0909090909090909
2022-11-16,11,18.7889877188211,21.90095499641,163.267396336479,1,0.0909090909090909
2022-11-17,11,33.8486847956705,28.7176232014885,372.335532752376,1,0.0909090909090909
2022-11-18,11,28.498527576846,15.5267635010781,247.537118007048,1,0.0909090909090909
2022-11-19,11,35.2723009342881,17.5850060578209,233.535543579835,2,0.181818181818182
2022-11-20,11,51.3644411075664,14.145813161075,440.565532993186,1,0.0909090909090909
2022-11-21,11,46.0423192944416,25.9029497631391,455.600168071315,1,0.0909090909090909
2022-11-22,11,29.8443995628108,19.9004910676459,249.207591559751,1,0.0909090909090909
2022-11-23,11,27.668906110571,10.5057351264026,222.099030789126,1,0.0909090909090909
2022-11-24,11,34.4133075019126,14.1600069274039,307.990587084791,1,0.0909090909090909
2022-11-25,11,25.642877751609,14.4907402233918,175.800706680865,1,0.0909090909090909
2022-11-26,11,26.336010397155,24.9081494027259,163.548110331144,1,0.0909090909090909
2022-11-27,11,34.7029543657953,9.95727825988224,216.28165583099,2,0.181818181818182
2022-11-28,11,45.828603365344,23.9718340367356,397.350996783874,1,0.0909090909090909
2022-11-29,11,25.4081015234904,13.0819582904684,146.597788482478,1,0.0909090909090909
2022-11-30,11,38.8976043616976,12.7759371994896,284.546586438458,2,0.181818181818182
2022-12-01,11,62.7239626038832,48.522442928074,595.851513410098,1,0.0909090909090909
2022-12-02,11,54.5133626039736,7.47129444593098,385.644299522422,2,0.181818181818182
2022-12-03,11,45.38404329256,15.2095892652504,388.789154281041,1,0.0909090909090909
2022-12-04,11,41.8292150973977,22.0915037253022,333.995720679261,1,0.0909090909090909
2022-12-05,11,43.3125911160805,14.1558040786882,389.383053863319,1,0.0909090909090909
2022-12-06,11,30.3999920669695,8.78470060535541,241.973490305495,1,0.0909090909090909
2022-12-07,11,33.3812932496213,9.85778151376793,274.396846251251,1,0.0909090909090909
2022-12-08,11,24.0129997981744,9.6628759292039,233.374330508096,1,0.0909090909090909
2022-12-09,11,35.4039941133707,10.2739778649719,303.864081957819,1,0.0909090909090909
2022-12-10,11,43.3330039293738,5.72795953086347,438.18690612001,1,0.0909090909090909
2022-12-11,11,25.4932456604638,11.2310644270475,215.537239963172,1,0.0909090909090909
2022-12-12,11,28.2815439498473,16.0082147286889,266.768699840404,1,0.0909090909090909
2022-12-13,11,39.4759943348906,18.1145765173563,271.509808724026,1,0.0909090909090909
2022-12-14,11,23.0542211018947,9.02070550940826,205.348297046353,1,0.0909090909090909
2022-12-15,11,19.1599947385344,10.8044327197443,179.968232633564,1,0.0909090909090909
2022-12-16,11,10.817887697231,13.7660095068115,33.6255645267169,0,0
2022-12-17,11,21.6769465057736,17.3167145152942,172.675631206437,1,0.0909090909090909
2022-12-18,11,16.7399152993207,13.3017391581847,133.427397532315,1,0.0909090909090909
2022-12-19,11,23.7803420323424,5.07519623629493,163.291493180792,1,0.0909090909090909
2022-12-20,11,25.2068584350104,7.2891983866441,130.760238435244,1,0.0909090909090909
2022-12-21,11,14.1207208657008,5.80798271365035,96.515419787786,0,0
2022-12-22,11,9.4104793654433,8.53570309801155,78.0928819795656,0,0
2022-12-23,11,22.7062808688063,5.57578045453422,213.397743901347,1,0.0909090909090909
2022-12-24,11,22.3168917857909,12.234471656245,180.342229557213,1,0.0909090909090909
2022-12-25,11,21.4863267759434,4.93371410414944,103.597114292855,1,0.0909090909090909
2022-12-26,11,7.89001586497872,10.109407499288,69.7815217454922,0,0
2022-12-27,11,1.78866298306768,8.86225165285692,10.5764525365248,0,0
2022-12-28,11,7.74116367109637,9.60115895783709,44.4303790413925,0,0
2022-12-29,11,12.0279821850718,9.38952471201127,60.8462122979836,0,0
2022-12-30,11,4.29863208321057,6.67477374560965,41.4256138006319,0,0
2022-12-31,11,6.72862338328347,10.9266709523248,41.7433564762038,0,0
2023-01-01,11,14.3749998247021,26.451526348622,62.5561583479683,0,0
2023-01-02,11,13.4172613604267,9.84602745106589,80.0408804149577,0,0
2023-01-03,11,13.1867312334672,7.85810486423233,65.9245585410839,0,0
2023-01-04,11,18.2309749453303,13.5309013482221,88.2455148977257,0,0
2023-01-05,11,0,7.80731308740013,0,0,0
2023-01-06,11,31.8502050364587,4.12560170251819,287.714620092198,1,0.0909090909090909
2023-01-07,11,0.0146154392117131,5.0616325804298,0.160769831328844,0,0
2023-01-08,11,2.5812405913655,13.0875103150563,15.3061361899642,0,0
2023-01-09,11,20.4750120841869,18.0373891789554,81.1933255585351,0,0
2023-01-10,11,8.34596386912311,13.8017429482451,68.5542361492619,0,0
2023-01-11,11,19.6703036914152,4.13005605613082,109.032068535742,1,0.0909090909090909
2023-01-12,11,9.42488603689244,12.9369268239232,54.9525663369888,0,0
2023-01-13,11,21.4065662622418,8.86364499023573,106.840118978316,1,0.0909090909090909
2023-01-14,11,16.7022502255662,6.65167371007191,127.041559641133,1,0.0909090909090909
2023-01-15,11,10.5788219730887,10.4573052408719,70.0505290206055,0,0
2023-01-16,11,15.6870045551196,11.1908707342123,74.6566969976359,0,0
2023-01-17,11,12.7370489498242,6.49028497130555,92.4269583638626,0,0
2023-01-18,11,17.2520058869265,1.97910039818616,117.749442249732,1,0.0909090909090909
2023-01-19,11,11.2324164090784,7.94099784003022,98.7386664140455,0,0
2023-01-20,11,11.3394225058939,8.05570988913207,113.572110546784,1,0.0909090909090909
2023-01-21,11,12.4799124858303,7.31083019481549,132.726101704125,1,0.0909090909090909
2023-01-22,11,14.6206736014081,5.48160525988828,123.654408842757,1,0.0909090909090909
2023-01-23,11,9.59060697371414,18.557305998621,69.6621807013575,0,0
2023-01-24,11,17.1324570732735,17.5351555043979,91.8865752470799,0,0
2023-01-25,11,21.4460806466726,13.6924668245042,85.0150438771646,0,0
2023-01-26,11,4.66140151399725,17.1913467511819,34.9763627055655,0,0
2023-01-27,11,6.45285017129006,8.60222043843617,25.0102084299153,0,0
2023-01-28,11,5.49330190420169,12.8108828906237,24.2813363136607,0,0
2023-01-29,11,15.0727724012937,8.94574927382985,87.0615869641589,0,0
2023-01-30,11,10.2716430360772,12.302529763577,51.6306583617765,0,0
2023-01-31,11,8.31772869025553,16.5265366339296,64.678405430807,0,0
2023-02-01,11,22.0395212757702,12.8593961480661,117.401729762809,1,0.0909090909090909
2023-02-02,11,24.5786706025787,11.515412050378,202.864183928532,1,0.0909090909090909
2023-02-03,11,4.92647218043692,21.9569203981729,32.2342735866332,0,0
2023-02-04,11,41.7389763542556,6.2446347268752,216.442388568697,2,0.181818181818182
2023-02-05,11,36.4842222434492,21.9614993354678,242.105966602196,1,0.0909090909090909
2023-02-06,11,12.5006200459579,8.31407791420435,76.3095074431042,0,0
2023-02-07,11,3.85529280389051,9.14742439570349,21.820490924167,0,0
2023-02-08,11,15.4230422436562,7.26912525441215,94.0037944888639,0,0
2023-02-09,11,19.8591959034242,5.74624769386078,108.506789479316,1,0.0909090909090909
2023-02-10,11,12.8242986140274,5.51271124314079,88.281839020331,0,0
2023-02-11,11,28.3944110645277,4.46537770023236,193.739934108261,1,0.0909090909090909
2023-02-12,11,20.6141130781109,11.8771787533056,153.381348182866,1,0.0909090909090909
2023-02-13,11,21.9323124870334,24.0330995874105,149.579581875612,1,0.0909090909090909
2023-02-14,11,33.9577996269251,5.71436214344967,290.114618312913,1,0.0909090909090909
2023-02-15,11,0.401464598434547,5.25081693934615,4.41611058278002,0,0
2023-02-16,11,8.48471215052463,6.90293744264769,42.3807658107356,0,0
2023-02-17,11,5.84452154479311,53.7021762583745,55.1679252692605,0,0
2023-02-18,11,3.68198461561594,17.0397126687338,40.5018307717753,0,0
2023-02-19,11,1.15031660951261,5.18056664825073,12.6534827046387,0,0
2023-02-20,11,23.2401277114829,8.65878299837641,119.797626620537,1,0.0909090909090909
2023-02-21,11,18.976763907422,9.74275552798831,91.4973546387421,0,0
2023-02-22,11,19.2505306105382,11.4007560172502,100.605353781864,1,0.0909090909090909
2023-02-23,11,21.7992339040238,7.26958214881779,80.6030015105896,0,0
2023-02-24,11,6.74135273407287,11.3700265201411,45.905410919046,0,0
2023-02-25,11,24.4219748400994,12.8955376023121,128.672268300583,1,0.0909090909090909
2023-02-26,11,26.5995977555294,3.32680363604787,160.099335274151,1,0.0909090909090909
2023-02-27,11,13.0327545838052,4.50525347663433,66.7575002021059,0,0
2023-02-28,11,5.33395116593217,7.53130426148774,22.4587804437948,0,0
2023-03-01,11,27.2195136013669,16.0442905463598,135.945046074699,1,0.0909090909090909
2023-03-02,11,6.50961497134596,9.15088694050992,20.1242853013694,0,0
2023-03-03,11,11.2758148875672,2.24855487114484,88.6505017920702,0,0
2023-03-04,11,3.2574620000406,7.49100736290309,21.5358788711495,0,0
2023-03-05,11,0.695528293080243,14.154968930491,7.65081122388267,0,0
2023-03-06,11,9.80187157655062,8.0311847001191,53.958816686831,0,0
2023-03-07,11,5.30041099692297,9.04205362597832,38.3834102871339,0,0
2023-03-08,11,1.99047511438763,11.7620553891151,16.068821459424,0,0
2023-03-09,11,21.9623653492548,8.41599526967496,175.520813733292,1,0.0909090909090909
2023-03-10,11,17.2769166909282,15.1134743731074,128.129790135908,1,0.0909090909090909
2023-03-11,11,27.6030176028373,36.925291219575,71.9495939660042,0,0
2023-03-12,11,112.061040776999,125.399480442392,344.217649419376,5,0.454545454545455
2023-03-13,11,21.7096306147903,56.8920386517169,70.4603997180398,0,0
2023-03-14,11,0.786938969732364,19.6717110391553,5.80394139386375,0,0
2023-03-15,11,1.50908168733421,26.782942305188,10.5176290440401,0,0
2023-03-16,11,0,44.9454054686016,0,0,0
2023-03-17,11,31.3899223388847,50.7564836482177,345.289145727732,1,0.0909090909090909
2023-03-18,11,3.44869848251489,35.5211665528432,37.9356833076638,0,0
2023-03-19,11,1.18744981671274,51.2976610190674,13.0619479838401,0,0
2023-03-20,11,4.16049968263731,11.0919877924309,20.4482527435634,0,0
2023-03-21,11,0,70.8995204266927,0,0,0
2023-03-22,11,0,61.9040746879129,0,0,0
2023-03-23,11,5.63024736168154,57.485480431454,61.932720978497,0,0
2023-03-24,11,0,36.0860166343091,0,0,0
2023-03-25,11,4.3648522239146,22.5909300305804,25.4224444324802,0,0
2023-03-26,11,0,68.6908048985191,0,0,0
2023-03-27,11,9.3963836723659,11.0255723893204,47.7032587878512,0,0
2023-03-28,11,17.4606792539588,31.6548503298231,95.8790250751118,0,0
2023-03-29,11,0.471616562106592,14.2931303851568,5.18778218317251,0,0
2023-03-30,11,15.3856178285986,6.02202712400635,126.207180798468,1,0.0909090909090909
2023-03-31,11,7.67355003783372,8.5715505811379,76.9304164829354,0,0
2023-04-01,11,3.91394459183862,8.8992822426559,24.1186375612967,0,0
2023-04-02,11,2.19387476935496,6.35897468475255,9.74434648894462,0,0
2023-04-03,11,3.51220423211714,13.6934162379698,37.0192310895268,0,0
2023-04-04,11,13.4944112295981,7.51599502936795,61.2901464290416,0,0
2023-04-05,11,0,19.7489478389645,0,0,0
2023-04-06,11,6.74573377203557,4.14393228858168,30.7836339535372,0,0
2023-04-07,11,6.08576037558432,6.41432539198794,36.5350653220375,0,0
2023-04-08,11,5.3308374204917,5.84460050567226,26.8636289435764,0,0
2023-04-09,11,7.10981687998395,7.61393847308778,38.108188573962,0,0
2023-04-10,11,3.77235027523162,4.44907993330856,41.4958530275478,0,0
2023-04-11,11,8.98196437547899,10.9241166106244,55.7280437852281,0,0
2023-04-12,11,14.4627689175435,12.1447656858997,91.2321633868396,0,0
2023-04-13,11,19.3527267714004,10.8696947443176,93.6877441268635,0,0
2023-04-14,11,6.29542831347943,17.6594589407109,67.4254862853618,0,0
2023-04-15,11,19.1398674049608,11.1528127331795,82.5089965136794,0,0
2023-04-16,11,18.0403380602391,6.99671200245833,89.6322296496477,0,0
2023-04-17,11,1.48232861014982,8.96970664833185,9.02241475123966,0,0
2023-04-18,11,3.79558983809904,9.66557326038897,36.1330216542166,0,0
2023-04-19,11,3.1183206593378,6.49612276848455,14.0340522881499,0,0
2023-04-20,11,10.9110054104185,26.1203757381123,79.8407656829947,0,0
2023-04-21,11,15.9644869828247,7.7379392783361,108.076507489098,1,0.0909090909090909
2023-04-22,11,13.9925117316621,7.27084610306239,119.494606771716,1,0.0909090909090909
2023-04-23,11,12.8074452445998,16.5729665365077,96.6920826538953,0,0
2023-04-24,10,13.4923753364727,13.7904747021061,52.800653890166,0,0
2023-04-25,10,4.08076388595147,7.85643086492093,15.2795943419037,0,0
2023-04-26,11,10.0742473936827,11.2719857619559,55.1616880432493,0,0
2023-04-27,11,18.6505039250611,11.4546792876002,106.073086909287,1,0.0909090909090909
2023-04-28,11,8.62168158356006,11.5461966770991,69.7627420183222,0,0
2023-04-29,11,11.2021661316715,11.352554645998,39.9443572833191,0,0
2023-04-30,11,8.63093724628299,9.52488788205974,37.1261717306415,0,0
2023-05-01,11,12.812822557638,31.2687134823997,51.022289793492,0,0
2023-05-02,11,15.1845247287685,16.4060629146645,62.2359098951963,0,0
2023-05-03,11,10.7946283949526,13.6225506046017,39.5300073624294,0,0
2023-05-04,11,5.32527544074352,13.3043443434511,18.2629885739638,0,0
2023-05-05,11,7.67964212280708,5.7358685629505,44.3904337483247,0,0
2023-05-06,11,14.3559867537839,6.42668748764175,89.3184379421708,0,0
2023-05-07,11,16.1519181241407,12.6671991951921,69.9669796773383,0,0
2023-05-08,11,25.4906033398452,29.9694390251515,98.4362107296255,0,0
2023-05-09,11,2.47287303652351,8.93394682260906,16.4377574254682,0,0
2023-05-10,11,10.5030077018096,14.9164667239676,33.4712953429195,0,0
2023-05-11,11,8.39591402944903,10.224496416118,49.502361860152,0,0
2023-05-12,11,5.91331076689244,6.69206790346211,47.6816351185116,0,0
2023-05-13,11,2.1053015610297,10.5973071430121,17.0764253590527,0,0
2023-05-14,11,14.8559539266016,16.5332624924996,55.3600203924876,0,0
2023-05-15,11,5.97524494442967,5.98148023765566,38.2619872036449,0,0
2023-05-16,11,16.2607915335121,16.3502049701281,129.281751624271,1,0.0909090909090909
2023-05-17,11,14.1831838593725,7.26899353855393,140.428484918361,1,0.0909090909090909
2023-05-18,11,3.95815132930188,5.37045872743169,12.9199256665768,0,0
2023-05-19,11,12.9278122992225,12.7891254957557,64.8818118313765,0,0
2023-05-20,11,18.5272752384131,9.90250494461997,144.700231695996,1,0.0909090909090909
2023-05-21,11,9.15637046487571,13.6785715281107,30.3404663855522,0,0
2023-05-22,11,7.69639104102994,7.19998047998827,31.2084893013176,0,0
2023-05-23,11,2.53829231439129,4.05327629318775,21.1327456502042,0,0
2023-05-24,11,4.90252652206066,6.80337134870812,27.4215161222924,0,0
2023-05-25,11,16.0147576218061,6.24194525164379,125.186124615659,1,0.0909090909090909
2023-05-26,11,1.89099522592808,1.98249450567567,7.5295442623835,0,0
2023-05-27,11,5.13167651634005,3.39386101640415,23.723071369236,0,0
2023-05-28,11,6.53376689112311,7.50461462200702,18.0093298839601,0,0
2023-05-29,11,1.74294468000365,8.54980798425498,17.8970650470123,0,0
2023-05-30,11,17.2228560060155,11.5246593409524,81.7095829159598,0,0
2023-05-31,11,5.65457748129973,7.69430442647989,38.5561986328675,0,0
2023-06-01,11,7.52234967041405,8.70346332435101,65.1080607719479,0,0
2023-06-02,11,1.52909221551373,6.05192100288754,12.5037187696098,0,0
2023-06-03,11,12.943726031518,3.76571450540819,127.155774120808,1,0.0909090909090909
2023-06-04,11,23.449359108822,3.84531542182209,171.629322446476,1,0.0909090909090909
2023-06-05,11,5.66046953383117,12.035570706137,49.6230056676772,0,0
2023-06-06,11,35.3851981508722,14.5991081658114,225.98780665689,2,0.181818181818182
2023-06-07,11,13.8947153220972,4.5456408254041,134.130005975199,1,0.0909090909090909
2023-06-08,11,22.3199834272685,5.74893780451502,119.754602592872,1,0.0909090909090909
2023-06-09,11,26.7828723973612,7.91202114450384,221.402850896061,1,0.0909090909090909
2023-06-10,11,29.1295061241854,5.29948344502817,241.087177337125,1,0.0909090909090909
2023-06-11,11,32.477646081953,2.96115163238353,219.370455082457,1,0.0909090909090909
2023-06-12,11,30.2487409298756,8.91325531115816,235.180157623268,1,0.0909090909090909
2023-06-13,11,25.6311173060655,6.22798473207897,164.670556356431,1,0.0909090909090909
2023-06-14,11,30.4774881196771,8.56484211820163,193.811515848139,2,0.181818181818182
2023-06-15,11,21.7355700585559,9.42456468933761,123.826667160555,1,0.0909090909090909
2023-06-16,11,21.8083342756289,9.17531437854224,171.696253425354,1,0.0909090909090909
2023-06-17,11,16.0325566552671,6.34481201992387,107.044925891466,1,0.0909090909090909
2023-06-18,11,31.623633956286,11.1619915918315,183.46584513517,1,0.0909090909090909
2023-06-19,11,20.0974428999849,5.92358002675208,142.252990225944,1,0.0909090909090909
2023-06-20,11,14.9611139780643,6.75339518763196,139.515281317045,1,0.0909090909090909
2023-06-21,11,19.4454332362734,19.4161433990558,105.518639433672,1,0.0909090909090909
2023-06-22,11,11.4509797594401,11.9599706137108,59.3392774420842,0,0
2023-06-23,11,11.4759748108112,13.6530517337941,74.9916198625777,0,0
2023-06-24,11,8.8575374776869,6.98926146333045,51.3677138194779,0,0
2023-06-25,11,10.1360262536405,6.012127042897,56.7869900542028,0,0
2023-06-26,11,30.0169409247081,8.87430304506998,167.42627914723,2,0.181818181818182
2023-06-27,11,15.3168325349892,13.9020838761983,92.6039324925754,0,0
2023-06-28,11,5.6734578358159,9.63140143026453,35.5238366389299,0,0
2023-06-29,11,12.8700794985691,5.49376394987755,74.3886029626739,0,0
2023-06-30,11,19.1259980467572,8.09156745596562,73.66680433329,0,0
2023-07-01,11,14.2691856192881,8.54279042387773,47.7550633613244,0,0
2023-07-02,11,7.7203447059181,2.43631675423961,47.1650938533452,0,0
2023-07-03,11,14.7588998644961,8.02191921980389,85.8851819796802,0,0
2023-07-04,11,19.6313270168654,6.02983171880345,175.525960870393,1,0.0909090909090909
2023-07-05,11,26.5112208077705,7.16018724861267,163.773663427131,1,0.0909090909090909
2023-07-06,11,17.4438978192351,7.67581030848619,144.281687330713,1,0.0909090909090909
2023-07-07,11,23.5029491444,7.25122211608475,126.306575928887,2,0.181818181818182
2023-07-08,11,9.65860385800215,3.77322766381805,53.9677614432443,0,0
2023-07-09,11,12.5196433446871,8.04192493906619,61.5820006229528,0,0
2023-07-10,11,20.7086987434922,8.16527788659149,114.456950812332,1,0.0909090909090909
2023-07-11,11,17.0623421951209,5.32238011518249,147.659803482779,1,0.0909090909090909
2023-07-12,11,24.0906507751629,3.41045727448419,162.716931787135,1,0.0909090909090909
2023-07-13,11,18.4132884922982,9.47211442138163,94.4193569383334,0,0
2023-07-14,11,10.2397026758158,9.91942282752012,83.7236700765853,0,0
2023-07-15,11,33.8694250130813,6.88701138019665,178.614376108247,2,0.181818181818182
2023-07-16,11,25.2269983031606,11.3268214375806,174.971517872724,1,0.0909090909090909
2023-07-17,11,23.0117035595179,13.8539851424457,143.083217566052,1,0.0909090909090909
2023-07-18,11,22.152189611791,3.35618736158949,225.086192014868,1,0.0909090909090909
2023-07-19,11,18.5282193746789,6.49150838285983,197.318904738608,1,0.0909090909090909
2023-07-20,11,21.3263791858783,6.87673150115531,213.410685580233,1,0.0909090909090909
2023-07-21,11,19.1677319443734,5.32488289396782,153.117280464174,1,0.0909090909090909
2023-07-22,11,22.2287176295447,4.71889503995793,199.715718897225,1,0.0909090909090909
2023-07-23,11,28.5563328856971,5.59121488122427,206.87132095616,1,0.0909090909090909
2023-07-24,11,17.574445771662,4.51432508988603,166.323690063885,1,0.0909090909090909
2023-07-25,11,14.8643367362344,2.76816509809041,140.670279731201,1,0.0909090909090909
2023-07-26,11,19.3632035450238,5.85710130484918,136.360808683246,1,0.0909090909090909
2023-07-27,11,8.6341935088132,11.0596659946505,90.5831646075805,0,0
2023-07-28,11,12.960613023289,6.02192796931411,45.2656657778927,0,0
2023-07-29,11,4.5454208535039,4.68783160383568,19.5617373787926,0,0
2023-07-30,11,7.75857934741261,5.54303275079215,26.3115579729101,0,0
2023-07-31,11,5.82403878757732,3.16187045951044,45.6638494218042,0,0
2023-08-01,11,5.52280497382823,6.88371353874784,22.0118985324114,0,0
2023-08-02,11,0.836213556030756,22.0064225221761,5.4376590500782,0,0
2023-08-03,11,15.1039879314683,8.95652805144365,60.9385806321894,0,0
2023-08-04,11,24.9986256494574,9.4692953877018,167.846623821201,1,0.0909090909090909
2023-08-05,11,8.20975144528441,10.8750452904205,38.6934646076098,0,0
2023-08-06,11,6.16191261756635,5.92310969881993,35.5010076152684,0,0
2023-08-07,11,4.09982797592695,5.10637475006348,16.8015832165358,0,0
2023-08-08,11,2.35710772540506,5.12635988018095,11.2684669907237,0,0
2023-08-09,11,3.7522646022813,5.6129817407391,23.631430002844,0,0
2023-08-10,11,13.8321021174343,2.87991759890027,132.29046951351,1,0.0909090909090909
2023-08-11,11,5.57365056617621,10.8742977475185,19.5128942987,0,0
2023-08-12,11,7.95278388411293,6.75366931364496,45.0811083226066,0,0
2023-08-13,11,10.1896116618213,4.0844974422638,78.3522159556194,0,0
2023-08-14,11,8.87334167873586,12.8590033289455,40.4460280264596,0,0
2023-08-15,11,8.68291587882789,12.8735074025399,28.8466541097321,0,0
2023-08-16,11,11.1646091789711,8.74170640296379,48.3314298710114,0,0
2023-08-17,11,4.41474836991307,6.52333391411908,19.4489423318578,0,0
2023-08-18,11,57.7458288741087,38.2556928440125,161.25079267109,2,0.181818181818182
2023-08-19,11,15.6413286144495,8.94639176942436,91.58820972201,0,0
2023-08-20,11,17.1927949273598,8.12253472593838,89.9305355644531,0,0
2023-08-21,11,16.3539331924853,9.99449036159006,78.3525633628512,0,0
2023-08-22,11,16.2874595928524,7.35194630822611,118.425772323932,1,0.0909090909090909
2023-08-23,11,13.2926093519997,9.94666249866105,83.45929235966,0,0
2023-08-24,11,11.0006411535251,10.0825215200073,57.9739693877435,0,0
2023-08-25,11,17.0855641220164,10.6859073760956,69.4415435742557,0,0
2023-08-26,11,16.2196258350667,4.98849139390023,86.8477078673657,0,0
2023-08-27,11,15.6737047799453,9.09027952273211,77.1757032560627,0,0
2023-08-28,11,16.7068801892266,9.50683062004409,91.7226363132817,0,0
2023-08-29,11,16.2301410817248,6.45720892421098,108.218284125654,1,0.0909090909090909
2023-08-30,11,15.0302605427482,3.37694373565567,134.048160070162,1,0.0909090909090909
2023-08-31,11,16.3850628088703,2.8488708727481,108.201510506857,1,0.0909090909090909
2023-09-01,11,21.9640487331709,9.86652258484044,128.161353829442,1,0.0909090909090909
2023-09-02,11,23.0214049253034,5.92169013113986,147.506532337149,1,0.0909090909090909
2023-09-03,11,26.4695186695573,5.51304786691964,154.802174272454,1,0.0909090909090909
2023-09-04,11,24.25553328934,10.6756970232802,130.022214522983,1,0.0909090909090909
2023-09-05,11,16.6466376912675,16.1397569236799,66.9191973731653,0,0
2023-09-06,11,13.125200390728,4.69773079253999,72.6125655492449,0,0
2023-09-07,11,19.2738352490656,6.95980187859213,118.885114727638,1,0.0909090909090909
2023-09-08,11,15.0211428407353,8.86160997925711,102.259938504204,1,0.0909090909090909
2023-09-09,11,18.5680056712099,6.41880671253148,121.851933437632,1,0.0909090909090909
2023-09-10,11,22.3013295894346,14.4872604657797,142.714954557736,1,0.0909090909090909
2023-09-11,11,22.9433959432701,4.23480109836172,149.039334742821,1,0.0909090909090909
2023-09-12,11,15.1572378256938,11.313939073353,86.1872284200294,0,0
2023-09-13,11,12.9348858588377,9.43227496383203,95.8188136826244,0,0
2023-09-14,11,15.061299574227,10.2828914890518,97.8738895237785,0,0
2023-09-15,11,20.8618085583531,16.1681946355763,124.79815468589,1,0.0909090909090909
2023-09-16,11,15.7917171700597,14.7596708756881,50.4118198140568,0,0
2023-09-17,11,9.90106547743867,4.2660110175885,66.9739428772187,0,0
2023-09-18,11,10.583804821743,5.75208732012555,82.9646833946107,0,0
2023-09-19,11,12.9984614591504,10.2617297830565,79.5821412706932,0,0
2023-09-20,11,7.9073973951019,6.26018367370418,47.6531835471949,0,0
2023-09-21,11,8.76133341476697,6.720106609448,26.6321117834556,0,0
2023-09-22,11,17.2337996766901,16.0302312319438,77.416829164012,0,0
2023-09-23,11,17.9000054387676,12.7248713184369,73.552396635922,0,0
2023-09-24,11,14.4783928213418,14.7788534397519,65.1172694005553,0,0
2023-09-25,11,9.99220567943246,5.7376946250165,49.211876991595,0,0
2023-09-26,11,6.1616771254034,8.3874294672659,25.8796447401521,0,0
2023-09-27,11,7.02370118845329,9.02828255291976,34.0972010100082,0,0
2023-09-28,11,10.9166633234402,6.05668214330835,40.1233791303657,0,0
2023-09-29,11,14.0073989964656,6.78696497664388,51.7404325540527,0,0
2023-09-30,11,11.1619199555013,9.1978693967365,38.6445430649229,0,0
2023-10-01,11,5.31682456050519,3.17634729213645,16.7809998830026,0,0
2023-10-02,11,2.89963389419869,7.80494509584839,18.6240219679201,0,0
2023-10-03,11,3.41542725770411,9.76391438650803,14.1207398097376,0,0
2023-10-04,11,7.76586771168381,2.3505079551045,43.5072372622081,0,0
2023-10-05,11,7.1654328103969,9.69090849512577,26.9246862035444,0,0
2023-10-06,11,7.17790102119798,4.03117177049217,44.9955372675681,0,0
2023-10-07,11,4.64905441396253,6.4200770962608,16.6988082377195,0,0
2023-10-08,11,14.7392014123867,7.53626422212328,91.1453873628354,0,0
2023-10-09,11,5.99973759488393,5.97665095892319,31.8365271167365,0,0
2023-10-10,11,6.09976719214479,4.81294171400748,43.8421220940111,0,0
2023-10-11,11,14.714293619233,14.1078047445575,39.0331428735124,0,0
2023-10-12,11,8.65269392629805,3.96159193104983,29.2701148208696,0,0
2023-10-13,11,14.4201928804787,6.53919260992786,77.5600367627116,0,0
2023-10-14,11,7.50025562084649,6.40980150587556,46.8827163156205,0,0
2023-10-15,11,6.22130869823404,4.006883445965,37.5406256805022,0,0
2023-10-16,11,11.3031586665196,7.99158737079919,49.4965728291585,0,0
2023-10-17,11,16.237790656543,7.32742279923593,74.0603945529017,0,0
2023-10-18,11,17.3000194352558,9.10691571928579,128.87948320927,1,0.0909090909090909
2023-10-19,11,10.2426571433092,11.8978283515137,35.5155708756005,0,0
2023-10-20,11,14.4812663196813,12.2757784739402,112.39401262861,1,0.0909090909090909
2023-10-21,11,17.9052695218552,11.318691008696,95.1985416892376,0,0
2023-10-22,11,11.9657605614243,7.37224905475897,97.5171702556599,0,0
2023-10-23,11,9.76473790714265,7.37044812507692,60.9561071672371,0,0
2023-10-24,11,6.89657035300278,11.582520520641,51.4978444750991,0,0
2023-10-25,11,11.5575279755328,8.33246767197204,81.888166772921,0,0
2023-10-26,11,16.250640513788,7.36026885942764,146.17431287464,1,0.0909090909090909
2023-10-27,11,12.8118276983294,5.65869312256106,102.938253107642,1,0.0909090909090909
2023-10-28,11,2.62956797406319,3.76141143938136,7.73634083479635,0,0
2023-10-29,11,7.0627983320199,8.92453069793575,22.7339355042822,0,0
2023-10-30,11,12.5315372322449,18.3437777734519,78.8014010146543,0,0
2023-10-31,11,11.8505795563183,5.83593271511917,101.028606009779,1,0.0909090909090909
2023-11-01,11,9.09094034251919,7.66507995791699,74.9593481710709,0,0
2023-11-02,11,19.5892481697963,5.07886660198964,107.689621869503,1,0.0909090909090909
2023-11-03,11,26.2022855773224,6.82847815621779,138.304305262339,1,0.0909090909090909
2023-11-04,11,14.1193231749628,8.47623491060379,83.9494956579812,0,0
2023-11-05,11,13.6459874593779,4.98753612005132,103.485174800528,1,0.0909090909090909
2023-11-06,11,31.8812279529956,14.524291759912,169.102088884012,2,0.181818181818182
2023-11-07,11,8.89400043853073,8.99464532010397,60.6759084333686,0,0
2023-11-08,11,13.9003074409125,7.08622028715578,65.8284678341592,0,0
2023-11-09,11,24.3933384549566,12.4349794290901,84.6717688883281,0,0
2023-11-10,11,8.55269481912432,10.9815218063081,47.8724339581216,0,0
2023-11-11,11,26.7135896331972,9.94775070217169,154.644839118921,1,0.0909090909090909
2023-11-12,11,20.0447529734316,14.6355087968231,162.318038455541,1,0.0909090909090909
2023-11-13,11,12.7294073615158,9.35110090295566,88.0433850452045,0,0
2023-11-14,11,30.4224192830027,3.18803322241212,176.731723286752,1,0.0909090909090909
2023-11-15,11,34.0948650738276,12.604838926914,175.239650674772,2,0.181818181818182
2023-11-16,11,13.7581705509036,13.7798295200331,130.429642852466,1,0.0909090909090909
2023-11-17,11,23.6636416611206,4.90948966337612,166.980086584947,1,0.0909090909090909
2023-11-18,11,22.828504136379,11.6692910187777,119.706613642174,1,0.0909090909090909
2023-11-19,11,17.6692327130759,7.84438084860395,149.738863141597,1,0.0909090909090909
2023-11-20,11,31.3411169667723,16.9418081178041,91.1487400840139,0,0
2023-11-21,11,23.5823358047874,11.0065493638645,133.666912333078,1,0.0909090909090909
2023-11-22,11,23.0358276782485,18.4728617128682,109.638735373917,1,0.0909090909090909
2023-11-23,11,12.4092638488096,6.24463862854086,63.9053247519039,0,0
2023-11-24,11,19.6672831127244,8.28210186231582,78.8097827013856,0,0
2023-11-25,11,8.69088447819572,6.46466886172425,41.3690859868443,0,0
2023-11-26,11,11.1525010790664,7.91734687767054,60.307546099615,0,0
2023-11-27,11,24.4278451957173,7.85035532397171,136.980059126087,1,0.0909090909090909
2023-11-28,11,25.2399729271282,19.4032826631996,81.4989569778468,0,0
2023-11-29,11,19.3714305229245,8.30967929552395,72.8855445752585,0,0
2023-11-30,11,18.8489515433576,26.9476885553443,64.5087510003051,0,0
2023-12-01,11,18.821146274051,10.5647538430875,112.197448811633,1,0.0909090909090909
2023-12-02,11,5.33683460954565,8.61036001879589,24.9956160111542,0,0
2023-12-03,11,4.07844328368257,5.13098815862811,19.4118244297758,0,0
2023-12-04,11,12.0702387087278,6.55239225711979,77.7042351880475,0,0
2023-12-05,11,6.22664959248715,9.04663077524015,28.3115655028443,0,0
2023-12-06,11,11.0837923713236,8.80360063073571,42.2949215734969,0,0
2023-12-07,11,20.1693275470994,9.8259015323765,133.538654062202,1,0.0909090909090909
2023-12-08,11,13.0001522557529,11.9865135259356,62.0829119643118,0,0
2023-12-09,11,14.7322415044593,10.477635953221,120.160710902237,1,0.0909090909090909
2023-12-10,11,23.2487288673207,8.18019866542175,191.030160556621,1,0.0909090909090909
2023-12-11,11,15.0276221977512,3.71104275334377,120.529198256075,1,0.0909090909090909
2023-12-12,11,25.0643183693613,8.98825405034165,99.1727083761207,0,0
2023-12-13,11,28.6729908563125,22.9104691032178,92.9494401617947,0,0
2023-12-14,11,32.3261227016368,16.4950065900082,126.111860902163,2,0.181818181818182
2023-12-15,11,19.734325436749,18.1247522302908,130.186852796889,1,0.0909090909090909
2023-12-16,11,35.6068081670497,13.4636191571158,202.361123064365,1,0.0909090909090909
2023-12-17,11,34.1530619529742,10.8313558003181,233.997006421074,1,0.0909090909090909
2023-12-18,11,29.2296067030225,9.20898022138572,119.408099833364,1,0.0909090909090909
2023-12-19,11,20.8271807992842,7.07701610444644,81.0668303876294,0,0
2023-12-20,11,17.2417528986697,9.52567189181242,66.2598543641824,0,0
2023-12-21,11,21.675956254363,6.62290566932899,97.316500173168,0,0
2023-12-22,11,26.1145354628832,10.293470657865,129.584451790081,1,0.0909090909090909
2023-12-23,11,28.0893082722553,11.3448534912908,127.094541377264,1,0.0909090909090909
2023-12-24,11,35.4644487619436,10.9128301616879,137.736457182526,2,0.181818181818182
2023-12-25,11,35.2050387809742,18.891751788096,135.119193235722,1,0.0909090909090909
2023-12-26,11,26.5728980365252,13.1128130749203,118.829175104567,1,0.0909090909090909
2023-12-27,11,33.7789850752514,7.65854348876771,123.381570827836,1,0.0909090909090909
2023-12-28,11,24.4331682563963,11.6144688215281,115.586420023399,1,0.0909090909090909
2023-12-29,11,38.6451060649709,20.254799479712,133.041399339991,1,0.0909090909090909
2023-12-30,11,31.7784952735249,16.0303622459823,124.497957261529,2,0.181818181818182
2023-12-31,11,43.1170604820749,15.3302540368838,166.084832115816,2,0.181818181818182
2024-01-01,11,56.0875048302942,36.76521625948,177.464010134009,3,0.272727272727273
2024-01-02,11,32.5852057317351,18.8247175265244,193.316544729485,1,0.0909090909090909
2024-01-03,11,22.5159690349272,22.8572568214225,88.5681301387242,0,0
2024-01-04,11,29.7047016163174,10.2696426297832,147.700729267436,1,0.0909090909090909
2024-01-05,11,18.058144388747,10.5714017281033,79.6254670681773,0,0
2024-01-06,11,19.8757432611083,10.5844171114167,76.4288470407382,0,0
2024-01-07,11,25.5122095218876,15.2297463410245,98.8672406546476,0,0
2024-01-08,11,19.1547523204524,21.5561427034006,65.5598521871081,0,0
2024-01-09,11,28.1362705787262,9.12906782924994,140.700558327012,1,0.0909090909090909
2024-01-10,11,26.6163491952354,10.6136885486996,109.839727831639,1,0.0909090909090909
2024-01-11,11,26.302968048136,6.53956181208226,151.815015409934,1,0.0909090909090909
2024-01-12,11,32.8689280920982,15.7434523385602,156.735589750087,1,0.0909090909090909
2024-01-13,11,19.5296481706769,20.6035419155071,72.2245109271746,0,0
2024-01-14,11,29.3391265945471,17.123348969893,96.6089002326198,0,0
2024-01-15,11,43.948021304551,39.0008706455636,193.764013797589,1,0.0909090909090909
2024-01-16,11,19.5174425698699,8.1799375459024,120.10750391276,1,0.0909090909090909
2024-01-17,11,27.8023466370345,18.5483447931423,112.246250571229,1,0.0909090909090909
2024-01-18,11,28.9343998164433,15.6853340037133,145.797810427688,1,0.0909090909090909
2024-01-19,11,36.3220452441069,26.2598664773694,137.0008531527,1,0.0909090909090909
2024-01-20,11,29.3945335266487,15.4334045019744,143.992675835172,1,0.0909090909090909
2024-01-21,11,24.2220484631338,11.8460442207924,112.617978702284,1,0.0909090909090909
2024-01-22,11,26.5310533416477,8.56774754372069,120.33885791826,1,0.0909090909090909
2024-01-23,11,48.8169424951807,31.4535492494095,194.565871598588,2,0.181818181818182
2024-01-24,11,27.0551503774449,17.963957866749,136.444945524022,2,0.181818181818182
2024-01-25,11,26.7947146620645,20.8699102035914,141.828833639772,1,0.0909090909090909
2024-01-26,11,29.8799750290671,7.92284742064164,168.307516134768,1,0.0909090909090909
2024-01-27,11,28.1229262959824,18.5915632090639,112.491301397647,1,0.0909090909090909
2024-01-28,11,32.2740201102754,14.3658404226676,112.239150326988,2,0.181818181818182
2024-01-29,11,27.2409647285211,10.9931859296974,112.861436585598,2,0.181818181818182
2024-01-30,11,29.6188733643821,7.79019099163003,140.020667212774,2,0.181818181818182
2024-01-31,11,23.1296459087419,13.5910834782393,113.743419928386,1,0.0909090909090909
2024-02-01,11,41.4654579242883,28.348958220592,133.67815310252,1,0.0909090909090909
2024-02-02,11,32.3242225112908,14.2455695163235,123.004764862708,1,0.0909090909090909
2024-02-03,11,32.7730924512978,6.25914575413944,157.444906573775,2,0.181818181818182
2024-02-04,11,36.6298744106732,10.0808124880369,159.155713352884,2,0.181818181818182
2024-02-05,11,23.4921127088243,19.0627228459561,142.068517451134,1,0.0909090909090909
2024-02-06,11,32.1581882358424,7.47109809032809,191.769750499168,1,0.0909090909090909
2024-02-07,11,32.1801634000874,10.9673209740024,152.4956196543,1,0.0909090909090909
2024-02-08,11,28.8497413116112,7.34200132302965,123.23950576199,1,0.0909090909090909
2024-02-09,11,31.9231218636895,11.7425338697197,178.106795073072,2,0.181818181818182
2024-02-10,11,36.0585515289881,8.95261172866424,147.142066799968,2,0.181818181818182
2024-02-11,11,36.6378729984623,20.6035196358401,165.946366412459,2,0.181818181818182
2024-02-12,11,32.1650373475789,14.4819173062938,174.930492804238,1,0.0909090909090909
2024-02-13,11,38.2271355689439,38.6474603598663,174.939680689864,2,0.181818181818182
2024-02-14,11,19.087767133107,19.34166580428,110.811340666634,1,0.0909090909090909
2024-02-15,11,30.3537848514446,16.3284356175797,118.961812102312,1,0.0909090909090909
2024-02-16,11,32.9394025041759,12.649973476091,186.126416663632,2,0.181818181818182
2024-02-17,11,37.9276455832386,17.3025146518513,215.142569765382,1,0.0909090909090909
2024-02-18,11,42.2782982030891,22.3361317147674,253.920316502833,1,0.0909090909090909
2024-02-19,11,41.3797889269283,8.02921264391188,199.704647077468,2,0.181818181818182
2024-02-20,11,52.2277663483283,10.3542020029979,240.475851750788,2,0.181818181818182
2024-02-21,11,36.2456000972318,8.66198615339098,230.37234650729,2,0.181818181818182
2024-02-22,11,42.5075456880503,11.042014887066,224.332972596378,2,0.181818181818182
2024-02-23,11,39.4858364678583,5.90806060695614,261.009431926056,1,0.0909090909090909
2024-02-24,11,38.226787731165,21.8506394329621,259.601967701134,1,0.0909090909090909
2024-02-25,11,42.0986951516445,14.0812086978037,263.08814646458,1,0.0909090909090909
2024-02-26,11,46.7172178053186,18.6646697771509,252.509619142632,2,0.181818181818182
2024-02-27,11,44.6414682698218,18.6267518471517,244.370840717566,2,0.181818181818182
2024-02-28,11,44.468536365762,12.1797678116164,320.756423823448,1,0.0909090909090909
2024-02-29,11,46.4309822843821,12.228730354924,385.11976188802,1,0.0909090909090909
2024-03-01,11,43.1645863595555,15.6318069175598,269.426193062681,1,0.0909090909090909
2024-03-02,11,23.8350867057758,14.5550082135004,131.846955424177,1,0.0909090909090909
2024-03-03,11,18.6734173985436,15.9855938563036,93.9647509029207,0,0
2024-03-04,11,29.6804375360324,14.4407505549671,288.163828287349,1,0.0909090909090909
2024-03-05,11,26.8406221646594,24.3371944101156,242.580227312932,1,0.0909090909090909
2024-03-06,11,24.012915232338,27.1453610338757,142.78048641556,1,0.0909090909090909
2024-03-07,11,32.7225526636767,14.7245711042099,202.773304265793,1,0.0909090909090909
2024-03-08,11,33.6529794369089,27.1006325127798,177.582505001892,1,0.0909090909090909
2024-03-09,11,21.1691382621174,17.3653345273705,165.630066799595,1,0.0909090909090909
2024-03-10,11,22.6174066933624,17.6346269003402,163.077534536875,1,0.0909090909090909
2024-03-11,11,23.396264701865,15.1983293240354,174.123584457456,1,0.0909090909090909
2024-03-12,11,18.1341527154235,12.1135512769355,82.5365555404733,0,0
2024-03-13,11,23.093119647472,8.57382682285301,124.471924376645,1,0.0909090909090909
2024-03-14,11,17.1806097062639,33.0494554846461,59.1182020152936,0,0
2024-03-15,11,28.0942915339129,23.5416046212256,119.150964671353,1,0.0909090909090909
2024-03-16,11,37.2720147149412,17.40058710202,160.131380159232,2,0.181818181818182
2024-03-17,11,52.8013566065524,24.5562120755594,276.237131973804,2,0.181818181818182
2024-03-18,11,19.0646265437872,35.7434366345588,120.824463529251,1,0.0909090909090909
2024-03-19,11,19.7968987065226,13.2575445613303,63.3009413888763,0,0
2024-03-20,11,17.099602888602,15.639283611254,117.340287603001,1,0.0909090909090909
2024-03-21,11,26.342142252972,27.8085079414581,131.809157378192,1,0.0909090909090909
2024-03-22,11,1.95237455153203,17.1271929410755,17.1271929410755,0,0
2024-03-23,11,14.3062395781503,8.03456653206802,74.4269063581471,0,0
2024-03-24,11,30.4871582360005,24.3188946179185,94.0052372093525,0,0
2024-03-25,11,16.1869397832806,20.3671968569041,39.4860100899364,0,0
2024-03-26,11,15.8565429291761,8.99528811256989,117.228548942683,1,0.0909090909090909
2024-03-27,11,15.9832725374734,14.3521755716902,122.201182144651,1,0.0909090909090909
2024-03-28,11,17.7260584248253,22.1283459572752,135.079849966289,1,0.0909090909090909
2024-03-29,11,12.2482559290933,9.28175122988817,41.3582508874322,0,0
2024-03-30,11,7.81078377235763,6.96633196169971,41.3773779480986,0,0
2024-03-31,11,8.52236289037381,10.8933468606098,35.7388769153133,0,0
2024-04-01,11,4.46062825738285,10.7734852585517,25.9904008528777,0,0
2024-04-02,11,20.4013686103001,5.72675471260387,125.846682303062,1,0.0909090909090909
2024-04-03,11,24.6998717824724,29.8912742037727,62.1493194738099,0,0
2024-04-04,11,14.4217110001635,10.0088570090162,47.3146961469828,0,0
2024-04-05,11,14.3997148117364,14.5478772908159,75.5859416008286,0,0
2024-04-06,11,15.1000855672252,11.0600792176097,114.939693259342,1,0.0909090909090909
2024-04-07,11,25.8119954770845,17.1470441296195,137.780917110946,1,0.0909090909090909
2024-04-08,11,32.5613813632119,9.41436540848772,200.937949431009,2,0.181818181818182
2024-04-09,11,31.5813417922811,15.6372272655059,183.894778412333,1,0.0909090909090909
2024-04-10,11,19.1569069877465,8.34496768497672,125.060648145966,1,0.0909090909090909
2024-04-11,10,9.83594168263058,11.2414471868561,36.6656101424523,0,0
2024-04-12,10,13.8774194831863,9.37189556287965,115.447301959103,1,0.1
2024-04-13,10,18.0198016385384,11.5181606622994,152.722055351536,1,0.1
2024-04-14,10,14.6175802005817,19.2972043589163,61.1494790166922,0,0
2024-04-15,10,3.57952285442597,15.4137816931688,29.6767931844721,0,0
2024-04-16,11,14.4493614293393,10.7750218781999,82.6603019384386,0,0
2024-04-17,11,22.4625050160209,7.73601270416369,110.98355803473,1,0.0909090909090909
2024-04-18,11,17.2005998822526,9.45915091614902,92.4984265673134,0,0
2024-04-19,11,7.49534153391831,10.9203971027294,39.3579743149219,0,0
2024-04-20,11,3.01094933251397,14.607351683309,20.58322429493,0,0
2024-04-21,11,12.8919434351029,6.03039294214125,92.2996801734755,0,0
2024-04-22,11,14.493718849897,3.04131500385108,87.6091196653517,0,0
2024-04-23,11,12.6652407870183,15.6515929926759,53.4778670902736,0,0
2024-04-24,11,15.4850980246708,28.4065064749117,77.1154100995597,0,0
2024-04-25,11,18.7966419730562,7.19744660369726,118.243354703533,1,0.0909090909090909
2024-04-26,11,16.3217649631999,9.7963710824045,99.3753746482218,0,0
2024-04-27,11,12.9212886012009,4.89007649735251,51.7605137810673,0,0
2024-04-28,11,7.56673775810255,6.23600017606418,36.4722747132318,0,0
2024-04-29,11,8.97709099881122,8.37145412201368,50.0505049044042,0,0
2024-04-30,11,12.7320907574457,12.4886764913956,73.2827241745482,0,0
2024-05-01,11,10.7683872134592,8.43646813527998,46.7990115849604,0,0
2024-05-02,11,17.5857630945361,9.76647369269945,103.013397947802,1,0.0909090909090909
2024-05-03,11,24.2445666355628,9.44498667663995,82.8175002388964,0,0
2024-05-04,11,24.2481233065104,22.1135500360414,97.2149837629721,0,0
2024-05-05,11,19.9223491897069,13.7477017225063,64.3404430347205,0,0
2024-05-06,11,27.7860584334043,15.0627713807239,80.5622920289661,0,0
2024-05-07,11,22.7083891960301,9.450819878708,78.3319615523759,0,0
2024-05-08,11,27.6262265261939,16.5339914079032,100.599817603926,1,0.0909090909090909
2024-05-09,11,22.240105860212,7.47630905925112,105.457399647212,1,0.0909090909090909
2024-05-10,11,25.1131487167463,9.659474909125,136.987146836233,2,0.181818181818182
2024-05-11,11,33.7877540060326,7.88829963681126,167.680693560042,2,0.181818181818182
2024-05-12,11,39.7104019101124,12.9100162540641,175.221818234198,2,0.181818181818182
2024-05-13,11,16.986705183693,11.6554414222159,114.447186380684,1,0.0909090909090909
2024-05-14,11,46.1718127589054,8.59205853997458,312.268959176724,2,0.181818181818182
2024-05-15,11,42.0750682309847,28.0414839141041,196.460829724508,2,0.181818181818182
2024-05-16,11,26.6254536782049,7.97646071762026,185.456561358928,1,0.0909090909090909
2024-05-17,11,49.6265019299581,4.75049306862818,422.16655074808,1,0.0909090909090909
2024-05-18,11,21.714524352568,12.2107931436966,238.859767878248,1,0.0909090909090909
2024-05-19,11,21.3634754823785,3.91877726432233,191.427567276724,1,0.0909090909090909
2024-05-20,11,27.4447743227541,6.33069113513574,136.47054759764,2,0.181818181818182
2024-05-21,11,8.37502740877682,10.5214282745658,71.7175566642658,0,0
2024-05-22,11,10.4728564391086,12.809762888496,44.4062851636684,0,0
2024-05-23,11,1.70579792692093,6.95108839090408,6.95108839090408,0,0
2024-05-24,11,5.35549953213971,10.8552436678677,37.6270032962234,0,0
2024-05-25,11,13.2915418742612,15.0050118567369,62.5495868792558,0,0
2024-05-26,11,3.37488040437751,5.87222082745309,17.9097677637119,0,0
2024-05-27,11,4.47868400054356,3.79892222005074,19.1184371726583,0,0
2024-05-28,11,10.2118820638501,8.84704406716397,30.433058962972,0,0
2024-05-29,11,5.8876204553163,15.2585553915041,22.2316857150995,0,0
2024-05-30,11,16.575793639948,18.2740229546241,61.5243036250257,0,0
2024-05-31,11,8.92257056968413,6.35175470387495,33.849826761907,0,0
2024-06-01,11,6.92388644808251,6.3416796651472,46.343661341588,0,0
2024-06-02,11,13.2655937069213,4.62352804280197,61.2754437834817,0,0
2024-06-03,11,21.9697038845785,12.1985245561951,103.864692918342,1,0.0909090909090909
2024-06-04,11,7.57079513203494,3.53769671914916,36.1322095548966,0,0
2024-06-05,11,3.02202919369897,5.42649164823938,23.1253803940423,0,0
2024-06-06,11,5.29778110900441,7.00010489985359,38.1013602982172,0,0
2024-06-07,11,6.54430577045113,8.67032829063197,48.0953358759129,0,0
2024-06-08,11,25.2851053468935,6.96895501996031,150.973015807596,1,0.0909090909090909
2024-06-09,11,25.5299570488078,6.53340668761992,149.583080328408,1,0.0909090909090909
2024-06-10,11,7.58802288168704,6.05732556486438,67.3310432936403,0,0
2024-06-11,11,6.56252789246727,8.36778282226502,58.3883144128128,0,0
2024-06-12,11,22.3005396569257,10.8557720491897,82.19479097473,0,0
2024-06-13,11,11.9852092131668,4.94041839542714,78.2484333709221,0,0
2024-06-14,11,34.2799247701386,9.2136211620264,221.838740438248,1,0.0909090909090909
2024-06-15,11,10.7970328802056,6.33353167335815,73.3944303180156,0,0
2024-06-16,11,15.0120657115824,6.30973841087235,66.3220629618277,0,0
2024-06-17,11,22.9330669803102,7.36612924023605,182.670447063136,1,0.0909090909090909
2024-06-18,11,23.2501942482628,7.63111334444178,168.376589110956,1,0.0909090909090909
2024-06-19,11,13.4355163993706,5.13259730157145,49.8519999179525,0,0
2024-06-20,11,36.2122947892942,7.21136691197555,264.643920613384,1,0.0909090909090909
2024-06-21,11,69.6358231303473,11.827041644028,539.62462261992,2,0.181818181818182
2024-06-22,11,85.4440413562499,10.9197167478436,654.518900953888,2,0.181818181818182
2024-06-23,11,61.1536898686461,12.321048617342,321.821754119936,3,0.272727272727273
2024-06-24,11,83.1285371254393,22.8055761982016,596.936984215908,2,0.181818181818182
2024-06-25,11,26.1548750542393,5.43976428880044,161.25550787995,1,0.0909090909090909
2024-06-26,11,11.2328823102214,8.02375858943272,54.7164678914114,0,0
2024-06-27,11,22.4555046143916,13.1598303431035,85.7747453999791,0,0
2024-06-28,11,24.2389506202606,20.9280251438604,93.761339808196,0,0
2024-06-29,11,23.7754946017024,18.692677855664,94.6717332516023,0,0
2024-06-30,11,28.02550012555,16.3391363468957,105.761736172498,1,0.0909090909090909
2024-07-01,11,23.420905884025,14.9390938797356,87.7056618165095,0,0
2024-07-02,11,22.3212777431451,16.7263312372679,69.0018380239599,0,0
2024-07-03,11,24.1473906656248,18.7678607089103,101.441220745659,1,0.0909090909090909
2024-07-04,11,21.9744785850534,9.17807660066994,105.865324849692,1,0.0909090909090909
2024-07-05,11,60.1306293758701,29.6231856771922,211.218860135888,3,0.272727272727273
2024-07-06,11,22.7397861781662,8.93370668463178,148.989787942873,1,0.0909090909090909
2024-07-07,11,11.3791692825921,12.282432868802,72.8611228214393,0,0
2024-07-08,11,35.2570113680346,22.7637051511009,134.66135427615,1,0.0909090909090909
2024-07-09,11,16.2746466683963,11.083477839744,72.2744604661285,0,0
2024-07-10,11,26.5777897827379,7.58592656405654,128.089629758681,1,0.0909090909090909
2024-07-11,11,27.3125995606179,16.2876856741523,127.438863904089,1,0.0909090909090909
2024-07-12,11,13.2986582482777,4.00224678186789,64.5743693853673,0,0
2024-07-13,11,11.197911778171,7.21973685713584,61.0756205466534,0,0
2024-07-14,11,18.4409439434008,7.09661444672216,80.2303334348642,0,0
2024-07-15,11,20.9206463796279,14.8316616696742,77.3953499458679,0,0
2024-07-16,11,13.1484112113479,9.42319895987254,138.050265513464,1,0.0909090909090909
2024-07-17,11,17.9311592066124,6.03199055333903,88.4024140924489,0,0
2024-07-18,11,35.7592656325224,7.93381723578568,222.04189211516,2,0.181818181818182
2024-07-19,11,57.2642487364958,5.21728556867385,590.00087876378,1,0.0909090909090909
2024-07-20,11,18.53163243197,5.94505235074871,129.711113684146,1,0.0909090909090909
2024-07-21,11,9.29773711558214,3.49660129264073,56.1428122481145,0,0
2024-07-22,11,0.705908361311256,15.8562491458936,7.76499197442382,0,0
2024-07-23,11,5.56258320452545,5.47387971727153,47.8604370992264,0,0
2024-07-24,11,9.7132049971347,5.90501635386764,55.7602671448443,0,0
2024-07-25,11,29.7209189600959,4.95500087652201,216.775658230944,1,0.0909090909090909
2024-07-26,11,4.23360370366883,3.65756543128204,29.1519262589324,0,0
2024-07-27,11,5.63399093379717,5.32047226741161,39.4282114258959,0,0
2024-07-28,11,7.91801464787563,2.261459407632,63.1259372395199,0,0
2024-07-29,11,5.77763238033228,7.45169751593,55.4496299338525,0,0
2024-07-30,11,6.81992348471206,10.2974205670303,31.1930588958875,0,0
2024-07-31,11,29.852006299422,9.73640000461407,193.826944495388,1,0.0909090909090909
2024-08-01,11,20.1171732268613,8.62742759676349,114.609055447398,1,0.0909090909090909
2024-08-02,11,34.3309426261111,15.2238368839241,118.478929510593,2,0.181818181818182
2024-08-03,11,23.5027254652697,16.176825658748,68.6621275640742,0,0
2024-08-04,11,19.6994847487873,13.0620152771832,78.6817303604404,0,0
2024-08-05,11,39.7917675836503,25.9363048202155,182.252837800808,1,0.0909090909090909
2024-08-06,11,38.864053780982,28.4117654247518,107.460856352989,1,0.0909090909090909
2024-08-07,11,18.3130945388583,7.22293355951642,127.226585036,1,0.0909090909090909
2024-08-08,11,19.0914861192062,5.4624738529363,96.3369528338676,0,0
2024-08-09,11,9.62361000195937,8.47302559821683,55.0688677585642,0,0
2024-08-10,11,8.11956760493434,15.3202065532598,67.3655014024721,0,0
2024-08-11,11,11.1703006131959,4.64316143952037,102.839566808369,1,0.0909090909090909
2024-08-12,11,16.2952852220504,11.5208954013835,73.364566483094,0,0
2024-08-13,11,20.6327266103615,18.4570477419377,107.817316174528,1,0.0909090909090909
2024-08-14,11,17.4823982950306,15.4386538916751,93.4217901999113,0,0
2024-08-15,11,10.4816999810365,7.25196919946769,46.3198787636909,0,0
2024-08-16,11,15.544702366824,12.4892602104998,48.3546028580206,0,0
2024-08-17,11,5.0045772839712,3.32456509937629,29.054137982143,0,0
2024-08-18,11,5.31937013826559,3.16503638661203,43.7867577377704,0,0
2024-08-19,11,36.568752151953,20.0665107932396,99.9370016357515,0,0
2024-08-20,11,15.2360918631179,8.28649178663099,66.8600704340094,0,0
2024-08-21,11,14.3882654047006,10.8714339380678,36.4150384726714,0,0
2024-08-22,11,1.74313076102929,4.70413823816074,11.6999602001078,0,0
2024-08-23,11,21.4728999241026,2.76502134014756,96.2153540507693,0,0
2024-08-24,11,6.07139903058879,15.5772046725344,29.8826795973062,0,0
2024-08-25,11,0.616151186942511,14.1648512738546,6.77766305636762,0,0
2024-08-26,11,19.9022433478885,6.39085012314244,110.266625782434,1,0.0909090909090909
2024-08-27,11,10.2394297051818,9.73518654058037,26.55579308804,0,0
2024-08-28,11,17.7615273032991,13.0069825406198,68.9082972984489,0,0
2024-08-29,11,21.8600768746571,14.5188373829419,78.9541623132273,0,0
2024-08-30,11,10.6406013675161,5.23384555738637,58.904580927881,0,0
2024-08-31,11,16.9846382974099,8.78680909393914,107.754561572136,1,0.0909090909090909
2024-09-01,11,32.8623272106791,17.2420697409947,112.85721965292,1,0.0909090909090909
2024-09-02,11,11.9988378297865,12.9141005628919,34.1500715715814,0,0
2024-09-03,11,15.7249760171462,11.6941590685948,43.6290041266463,0,0
2024-09-04,11,42.1078115301481,38.2576821513958,131.392768001216,1,0.0909090909090909
2024-09-05,11,22.2422334485521,10.9069672193751,91.9820054950682,0,0
2024-09-06,11,20.4577372781788,13.7792577943441,65.4271916518523,0,0
2024-09-07,11,22.5216998929511,15.9739704074158,78.4447482274842,0,0
2024-09-08,11,27.0402642136813,9.21742883344012,109.731309816671,1,0.0909090909090909
2024-09-09,11,22.7163327565356,11.5168205171867,95.0125370117438,0,0
2024-09-10,11,16.7140821027048,10.6249251613932,87.2229037524275,0,0
2024-09-11,11,25.2557113752378,13.7871513685983,89.1992844871736,0,0
2024-09-12,11,25.6531036916662,11.4449797112814,102.548749314123,1,0.0909090909090909
2024-09-13,11,29.4950139847413,17.5135097487256,76.1527644514959,0,0
2024-09-14,11,11.3751390281512,7.49941348356931,71.3856947525182,0,0
2024-09-15,11,12.489453802898,8.2278151610915,87.9311146066864,0,0
2024-09-16,11,16.337185778106,8.31743894540438,99.1990640768337,0,0
2024-09-17,11,16.7300671827248,12.936171054192,86.1386581584644,0,0
2024-09-18,11,26.3951365973894,16.507775823511,145.509183973038,2,0.181818181818182
2024-09-19,11,28.0798244023748,31.5775938123419,111.097680678108,1,0.0909090909090909
2024-09-20,11,55.2961668062211,7.04453337827982,267.353661492068,3,0.272727272727273
2024-09-21,11,14.4239775167805,9.05161088366802,63.2113331495021,0,0
2024-09-22,11,10.9246724007572,5.42844909969586,48.8199699541059,0,0
2024-09-23,11,18.7700121034546,9.41106755826482,168.762494187348,1,0.0909090909090909
2024-09-24,11,27.4695738946081,8.32404902773032,169.7975535358,1,0.0909090909090909
2024-09-25,11,14.8645643821033,3.98087216153975,77.0007780282478,0,0
2024-09-26,11,27.5537136349039,10.0459963521504,213.8953094822,1,0.0909090909090909
2024-09-27,11,2.96200849354434,2.7567476015955,16.6521018234156,0,0
2024-09-28,11,10.6113834653919,4.94901003035952,75.9588455054283,0,0
2024-09-29,11,3.43149097262397,6.17195003960846,31.5868211614323,0,0
2024-09-30,11,15.1582349283683,8.09881188505224,144.257289601774,1,0.0909090909090909
2024-10-01,11,24.2217958788819,6.99725009805974,201.341931962032,1,0.0909090909090909
2024-10-02,11,22.5148189976177,9.27571832141982,168.496855990105,1,0.0909090909090909
2024-10-03,11,36.9107971535397,12.5417947976081,366.83779666246,1,0.0909090909090909
2024-10-04,11,7.53626007928225,5.25973788301548,46.9345516243624,0,0
2024-10-05,11,17.814147990737,13.2070154505204,107.655035621836,1,0.0909090909090909
2024-10-06,11,12.2334715468773,10.34415715917,59.6742441314202,0,0
2024-10-07,11,13.2667632850248,8.65659418133546,91.3811353408145,0,0
2024-10-08,11,22.1788910418375,17.3910412167877,100.253940848406,1,0.0909090909090909
2024-10-09,11,12.849431366301,8.98595057464813,63.0829808173361,0,0
2024-10-10,11,30.4874830939367,13.3615311403756,199.234860674397,1,0.0909090909090909
2024-10-11,11,18.2496044164461,10.639376108057,85.8149706810363,0,0
2024-10-12,11,11.3453373087052,9.853745857763,56.4213812291403,0,0
2024-10-13,11,7.99079105046053,8.60828133748326,46.1352996959596,0,0
2024-10-14,11,9.33826841900081,12.5807625024743,67.5352468677959,0,0
2024-10-15,11,20.8665487970255,11.411839467681,169.505617473964,1,0.0909090909090909
2024-10-16,11,20.1974888174689,6.88084143229628,117.306450318896,1,0.0909090909090909
2024-10-17,11,14.2822370271878,7.41307176446826,102.104709026022,1,0.0909090909090909
2024-10-18,11,36.6972314982997,3.91800381624563,275.625159503468,1,0.0909090909090909
2024-10-19,11,19.5915525183077,10.8505308609519,163.911131313756,1,0.0909090909090909
2024-10-20,11,28.1778983642661,6.782216923924,256.577059291974,1,0.0909090909090909
2024-10-21,11,22.5159265751795,11.5604256007062,179.632514410316,1,0.0909090909090909
2024-10-22,11,41.8531837200222,6.31975135848339,391.93391192085,1,0.0909090909090909
2024-10-23,11,23.7021032297349,5.09063832882406,201.794109138383,1,0.0909090909090909
2024-10-24,11,13.8358582077825,8.81218099425651,69.658031537394,0,0
2024-10-25,11,11.0402835382911,13.544534296559,84.2442347215777,0,0
2024-10-26,11,2.1695908636094,6.35419685787175,23.8654994997034,0,0
2024-10-27,11,18.3077086133535,11.7214831252244,73.5747956860544,0,0
2024-10-28,11,14.8628376287584,12.3922178585756,74.8162410917563,0,0
2024-10-29,11,37.0997758208069,6.69363308159032,363.718744515344,1,0.0909090909090909
2024-10-30,11,16.806763154679,19.6546341358617,59.8823777651869,0,0
2024-10-31,11,14.7614876848894,11.090060915,62.7541581088065,0,0
2024-11-01,11,32.7894074516342,17.9298238050118,92.3490920174441,0,0
2024-11-02,11,16.0121510024333,13.0167873749443,80.2447813395479,0,0
2024-11-03,11,22.5168486487434,9.60628091857041,144.055314314884,1,0.0909090909090909
2024-11-04,11,25.1493702187228,21.0538011032924,163.728158866721,1,0.0909090909090909
2024-11-05,11,20.6090963555287,23.2697266399295,67.5396070308743,0,0
2024-11-06,11,19.8839286668168,23.2397914395643,70.2812787529783,0,0
2024-11-07,11,12.5516364911202,18.6833854129098,61.0842200781125,0,0
2024-11-08,11,10.5082636070834,14.370654271878,57.2353645706758,0,0
2024-11-09,11,8.55618732071325,10.7969097489224,39.6835139622065,0,0
2024-11-10,11,27.1712013279624,39.5712101455281,99.2943494292087,0,0
2024-11-11,11,10.7279242439489,11.4232803974978,53.3659025672106,0,0
2024-11-12,11,10.0509477086611,26.1566043183636,31.5478204314101,0,0
2024-11-13,11,18.029028919621,24.65820888369,163.426091874429,1,0.0909090909090909
2024-11-14,11,13.3400582165588,27.8167517854366,101.557751045732,1,0.0909090909090909
2024-11-15,11,14.2611576184528,28.8834108680658,73.8779165090908,0,0
2024-11-16,11,14.1019388738445,17.4741115906818,66.9492065543975,0,0
2024-11-17,11,16.3962811022854,8.95519141024814,151.945376947532,1,0.0909090909090909
2024-11-18,11,14.4034920874023,9.0295470424917,61.2891136186033,0,0
2024-11-19,11,16.806465387322,10.1315444391537,91.3912734063738,0,0
2024-11-20,11,8.54561823109228,15.3439334562422,52.0989310307396,0,0
2024-11-21,11,6.9958912987606,17.128261773578,54.3932412330506,0,0
2024-11-22,11,13.8890557544724,10.4097184213736,137.787494636648,1,0.0909090909090909
2024-11-23,11,9.767595551932,9.53776396397377,100.313325432508,1,0.0909090909090909
2024-11-24,11,6.36637581916677,5.58268462313993,68.6442815783583,0,0
2024-11-25,11,8.20894108276399,20.6889851015579,46.3701418230544,0,0
2024-11-26,11,13.1957874134711,5.09689027871185,96.3754788377724,0,0
2024-11-27,11,16.6846617058982,12.3608529059327,90.4435308601703,0,0
2024-11-28,11,8.87552374283062,12.14870666018,60.0181829669721,0,0
2024-11-29,11,52.1257875811903,9.20216867296597,413.93091219544,2,0.181818181818182
2024-11-30,11,9.7794753965096,9.47673942138572,79.00779176366,0,0
2024-12-01,11,8.57806646564329,18.1963876012681,94.3587311220762,0,0
2024-12-02,11,2.17441194775817,13.0565141142258,13.0565141142258,0,0
2024-12-03,11,19.2096638961583,14.7515823789601,168.08505351973,1,0.0909090909090909
2024-12-04,11,40.9215473137236,13.6693248034536,438.708567908612,1,0.0909090909090909
2024-12-05,11,43.3473842354729,16.842707749849,261.938083793934,1,0.0909090909090909
2024-12-06,11,38.8121899321851,29.9341259639085,372.140232712626,1,0.0909090909090909
2024-12-07,11,10.0561706372441,17.6312407647217,53.1142250707672,0,0
2024-12-08,11,16.2689809597299,19.4642957908597,52.9728798705809,0,0
2024-12-09,11,123.000134244391,36.5103328083749,1281.10828076702,1,0.0909090909090909
2024-12-10,11,10.233470380117,9.06706304667271,63.5946132965293,0,0
2024-12-11,11,9.94612920837043,9.9488950294957,44.0036268548627,0,0
2024-12-12,11,52.1316378514221,17.9824436952603,460.954200739648,1,0.0909090909090909
2024-12-13,11,5.20096229026631,4.22319475533506,41.0662345977997,0,0
2024-12-14,11,12.8577585724107,4.54746452634325,124.48614354864,1,0.0909090909090909
2024-12-15,11,27.6277122482231,13.9669828398681,152.068838514864,1,0.0909090909090909
2024-12-16,11,10.8612255797076,29.873468054733,39.6340669781958,0,0
2024-12-17,11,3.30257497900943,17.7562635963691,18.3980791332405,0,0
2024-12-18,11,48.9473168641075,16.1024026768475,416.17562379038,1,0.0909090909090909
2024-12-19,11,54.0207411878556,18.5191108467375,345.997506205724,3,0.272727272727273
2024-12-20,11,20.8404666229444,12.6391918701207,78.8524219010056,0,0
2024-12-21,11,11.0862097487402,12.2988587433692,59.949207050044,0,0
2024-12-22,11,5.34244372533779,7.61399379208605,42.0232214736505,0,0
2024-12-23,11,46.2232215872483,12.6982001865683,275.140265993956,2,0.181818181818182
2024-12-24,11,14.7692212412314,7.73211960650055,63.9506383869803,0,0
2024-12-25,11,9.54753768154187,10.7729783049648,58.9887198322458,0,0
2024-12-26,11,29.7660022836877,12.6310434776,140.760629064484,1,0.0909090909090909
2024-12-27,11,37.9016238290456,11.7682031862965,181.270292152428,2,0.181818181818182
2024-12-28,11,28.6069370892978,14.8918254151531,151.32299040204,1,0.0909090909090909
2024-12-29,11,22.4141301628961,9.88357057886802,160.914359225997,1,0.0909090909090909
2024-12-30,11,28.7833438316356,13.796804347963,176.841422967556,2,0.181818181818182
2024-12-31,11,37.7293852901169,15.0780690041719,277.610590452114,2,0.181818181818182
2025-01-01,11,41.6722264692346,18.7299504105964,304.432638642138,1,0.0909090909090909
2025-01-02,11,54.448931210926,24.8074495993778,367.967308775816,1,0.0909090909090909
2025-01-03,11,42.8633698986184,8.19954540109635,290.792401739822,1,0.0909090909090909
2025-01-04,11,42.1723331055985,8.53652892002787,345.793737569694,1,0.0909090909090909
2025-01-05,11,37.5964451976808,7.67716701596477,328.113166041842,1,0.0909090909090909
2025-01-06,11,59.7781520306451,10.602377461999,342.699676023728,3,0.272727272727273
2025-01-07,11,46.3974778904683,16.0958258033173,369.608651974526,1,0.0909090909090909
2025-01-08,11,53.7918997873723,5.1595795773296,379.221983891476,2,0.181818181818182
2025-01-09,11,48.0184434512335,7.6507231002243,430.62996872309,1,0.0909090909090909
2025-01-10,11,39.2531585160901,12.7826141579479,392.929087582952,1,0.0909090909090909
2025-01-11,11,79.3054545024717,3.58617495578195,426.012486354438,2,0.181818181818182
2025-01-12,11,47.251995817913,7.93823360877188,373.44026346399,1,0.0909090909090909
2025-01-13,11,73.4860357366369,5.30141823113173,429.732088639856,2,0.181818181818182
2025-01-14,11,28.7099350787191,20.0026048216606,231.035577853268,1,0.0909090909090909
2025-01-15,11,53.6066248939699,4.50544572627054,342.083537572748,2,0.181818181818182
2025-01-16,11,26.0669103547434,13.959600942195,212.735371093584,1,0.0909090909090909
2025-01-17,11,11.1853197518057,2.55369755791435,117.192010200552,1,0.0909090909090909
2025-01-18,11,16.0517320960729,10.4227249486699,120.967550879992,1,0.0909090909090909
2025-01-19,11,22.8082993592921,14.9369037038205,127.468582444712,1,0.0909090909090909
2025-01-20,11,26.0224062429592,12.8365461109758,137.405533193576,1,0.0909090909090909
2025-01-21,11,72.9031151906728,49.1428043828224,223.77685615643,2,0.181818181818182
2025-01-22,11,26.3832007919362,12.4953239217152,98.7340396914238,0,0
2025-01-23,11,37.3241923319783,9.64738180862956,150.70043213378,2,0.181818181818182
2025-01-24,11,54.4899676977773,27.1021494921153,180.411752534499,3,0.272727272727273
2025-01-25,11,37.3301160865149,12.1840891917002,198.195634969698,2,0.181818181818182
2025-01-26,11,34.5596640681425,23.9944418678117,194.824391569536,1,0.0909090909090909
2025-01-27,11,57.0287688162748,48.4673783984713,246.864670342792,2,0.181818181818182
2025-01-28,11,23.7330141723294,4.50117823429186,204.218935588552,1,0.0909090909090909
2025-01-29,11,16.8767200683124,7.57841365335632,110.294481144984,1,0.0909090909090909
2025-01-30,11,40.2490290713556,31.9643941183123,247.006876902944,1,0.0909090909090909
2025-01-31,11,39.1138389026684,12.9528371024601,323.683953976516,1,0.0909090909090909
2025-02-01,11,45.0410869893758,12.4096910848237,318.570876872286,2,0.181818181818182
2025-02-02,11,69.3502916944796,21.120055783056,349.704620088792,2,0.181818181818182
2025-02-03,11,50.5284478128773,11.1529824304235,357.30661158744,2,0.181818181818182
2025-02-04,11,125.506034346514,11.598700718638,975.70810974328,2,0.181818181818182
2025-02-05,11,12.3040694070338,18.5293032759559,67.6401535190652,0,0
2025-02-06,11,6.16528705348714,5.07959679612036,50.3074093525835,0,0
2025-02-07,11,13.2063965432368,14.1168644495404,61.0062247387078,0,0
2025-02-08,11,23.6929392669636,8.73515719227891,135.321063649794,1,0.0909090909090909
2025-02-09,11,15.6262730892276,24.2108329123947,52.8348944272916,0,0
2025-02-10,11,10.6436181869296,14.8007495097702,56.8919089624864,0,0
2025-02-11,11,18.4726420627183,26.2851556724442,80.3605083049541,0,0
2025-02-12,11,28.7309403688627,16.005398257235,158.424160650431,1,0.0909090909090909
2025-02-13,11,13.3978384037371,11.3231535510794,119.743027785784,1,0.0909090909090909
2025-02-14,11,24.9889280453026,21.7094736530421,118.955162226946,1,0.0909090909090909
2025-02-15,11,43.6652505410927,13.39992697866,138.026485594486,2,0.181818181818182
2025-02-16,11,51.0053977239593,10.3877225742044,203.54845489712,3,0.272727272727273
2025-02-17,11,65.0357259923986,16.8236673110278,286.955734139552,3,0.272727272727273
2025-02-18,11,34.5553611670389,14.9956177285193,153.685502316108,2,0.181818181818182
2025-02-19,11,30.0368656379592,22.5484634588513,258.54560663504,1,0.0909090909090909
2025-02-20,11,48.7103597404594,15.3704733436244,223.284363710616,2,0.181818181818182
2025-02-21,11,29.0696362821619,15.8354799047522,206.04215120298,1,0.0909090909090909
2025-02-22,11,42.1774153447148,18.4478662864096,170.658236659211,2,0.181818181818182
2025-02-23,11,48.7240306124433,17.5535970564955,160.287822632422,3,0.272727272727273
2025-02-24,11,32.2997120915752,19.905115702239,159.461680667682,2,0.181818181818182
2025-02-25,11,48.7184121899679,56.9708961678483,227.779675039026,1,0.0909090909090909
2025-02-26,11,28.8568145944772,21.9712296519292,170.2550070523,1,0.0909090909090909
2025-02-27,11,20.9712105929233,15.8145838786194,131.740131229356,1,0.0909090909090909
2025-02-28,11,18.9445969802728,12.0756609019324,142.280394109026,1,0.0909090909090909
2025-03-01,11,23.7289287107318,8.64287124510033,184.42285577389,1,0.0909090909090909
2025-03-02,11,23.6195966431021,6.08816787041389,176.122020780822,1,0.0909090909090909
2025-03-03,11,21.8617997687531,10.1114959338078,171.104143253654,1,0.0909090909090909
2025-03-04,11,35.3860280252883,14.9528560585499,148.35335186292,2,0.181818181818182
2025-03-05,11,33.121823500666,9.78477649677623,154.003845758152,2,0.181818181818182
2025-03-06,11,22.210259306976,5.58067414750729,133.002374826868,1,0.0909090909090909
2025-03-07,11,23.0639979244138,7.67379504021948,139.329444342352,1,0.0909090909090909
2025-03-08,11,18.9855841325202,18.8144419637826,80.4914889665298,0,0
2025-03-09,11,17.4346969165394,19.8304126220405,63.2569619303691,0,0
2025-03-10,11,33.2616671498385,18.555190612296,129.057921274175,1,0.0909090909090909
2025-03-11,11,20.9331129355111,12.7555034297921,71.1004617097211,0,0
2025-03-12,11,9.47395788917076,15.6186527864999,59.0257139226102,0,0
2025-03-13,11,8.96665663157825,16.6357590290245,51.0017309817401,0,0
2025-03-14,11,10.1904251728163,14.3308267611997,41.7468933599718,0,0
2025-03-15,11,12.2533257542301,7.78394019273154,57.8742846848246,0,0
2025-03-16,11,6.1186650753234,4.80574811541512,44.9686180219677,0,0
2025-03-17,11,16.6532923519059,5.50464898779301,72.19677631635,0,0
2025-03-18,11,7.81758031163638,12.1304278019307,39.0821979294098,0,0
2025-03-19,11,8.37889588240573,6.52566073127137,59.5855584928839,0,0
2025-03-20,11,6.18102795176974,6.42060203186245,59.1383764647557,0,0
2025-03-21,11,17.1936893112912,8.61093648619637,166.936256515486,1,0.0909090909090909
2025-03-22,11,19.0758309318922,10.9440032687291,160.212998183696,1,0.0909090909090909
2025-03-23,11,24.9470597318581,6.98519043506374,171.972083023648,1,0.0909090909090909
2025-03-24,11,23.3508473391531,11.7437771578321,169.488527136036,1,0.0909090909090909
2025-03-25,11,27.4699486551198,11.5620722707144,283.567571008252,1,0.0909090909090909
2025-03-26,11,32.035157948358,8.63512725256976,349.511992184294,1,0.0909090909090909
2025-03-27,11,32.2727876384132,7.89742610758037,340.899047931464,1,0.0909090909090909
2025-03-28,11,38.3764955033258,13.0291223230961,343.4497994605,1,0.0909090909090909
2025-03-29,11,37.964842626942,13.4917926849987,328.053897876,1,0.0909090909090909
2025-03-30,11,51.1996650876874,23.1582397585817,374.920525036602,2,0.181818181818182
2025-03-31,11,80.7160782797432,7.77508279116157,707.572208739524,2,0.181818181818182
2025-04-01,11,63.2738729804927,10.1469563275158,535.495798205582,1,0.0909090909090909
2025-04-02,10,78.146284194041,10.5059479720471,701.581276613986,1,0.1
2025-04-03,10,73.5364560761612,10.5266009967226,449.804667207152,2,0.2
2025-04-04,10,63.8824706271633,14.583518796798,482.097247235896,2,0.2
2025-04-05,10,74.4625650586533,13.298426404601,548.111267426572,1,0.1
2025-04-06,10,96.862116526671,15.737942860532,571.556579327616,2,0.2
2025-04-07,10,79.1263837404277,26.1910941192711,621.3245004278,1,0.1
2025-04-08,11,82.0114006245714,15.4694518610798,725.514247186994,2,0.181818181818182
2025-04-09,11,88.5347317423954,15.3612912041523,804.869474610488,1,0.0909090909090909
2025-04-10,11,116.888631682679,21.4472189183656,1053.92861415912,2,0.181818181818182
2025-04-11,11,134.864241731096,13.7506180095426,1305.05756385574,2,0.181818181818182
2025-04-12,11,117.230350821005,25.1141679553057,1112.84988762348,2,0.181818181818182
2025-04-13,11,96.6058299919856,10.4070153045011,992.67343703546,1,0.0909090909090909
2025-04-14,11,102.366187398807,26.3005943364758,990.179322746376,2,0.181818181818182
2025-04-15,11,133.419182388083,14.8619410332917,1331.11817571106,1,0.0909090909090909
2025-04-16,11,148.403084612705,10.7808385510688,1388.25849556428,2,0.181818181818182
2025-04-17,11,176.398920240146,12.9384189339798,1789.06509276484,1,0.0909090909090909
2025-04-18,11,254.343528042793,14.9476596241405,2691.10921821963,1,0.0909090909090909
2025-04-19,11,194.716126392642,16.957958755226,1729.67440572017,2,0.181818181818182
2025-04-20,11,196.77599275076,3.02303511936053,1943.8571255468,2,0.181818181818182
2025-04-21,11,259.390378876001,4.41717802571739,2298.45434743358,2,0.181818181818182
2025-04-22,11,243.674158438362,13.6281239364278,2216.89416035945,3,0.272727272727273
2025-04-23,11,178.928212881997,6.36092233373908,1956.5308727495,1,0.0909090909090909
2025-04-24,11,120.943104771443,3.85268605730182,1207.67805325914,1,0.0909090909090909
2025-04-25,11,128.914988891303,4.13681688982037,1237.70931978657,1,0.0909090909090909
2025-04-26,11,115.363759382884,6.49880171906592,1117.61391585178,2,0.181818181818182
2025-04-27,11,102.69735001219,10.997368621336,1107.26620007868,1,0.0909090909090909
2025-04-28,11,137.538363599552,9.692019590406,1169.06407770052,2,0.181818181818182
2025-04-29,11,138.517231774464,5.79194256323579,1256.60750268144,1,0.0909090909090909
2025-04-30,11,133.717518957629,2.71389731947291,1215.34165109623,2,0.181818181818182
2025-05-01,11,116.90203589517,5.91594513697169,1246.27457334823,1,0.0909090909090909
2025-05-02,11,117.445042932896,9.62554806448801,1151.20671829027,1,0.0909090909090909
2025-05-03,11,120.301403293421,10.6717413469681,1119.96824721522,1,0.0909090909090909
2025-05-04,11,114.778689734069,3.77726988777916,1082.04206568528,2,0.181818181818182
2025-05-05,11,107.685965375503,11.9737180504043,1051.63429684284,1,0.0909090909090909
2025-05-06,11,116.442395234441,1.8515555446541,1034.26342032788,2,0.181818181818182
2025-05-07,11,91.3813759867787,5.55980903440445,977.428102615148,1,0.0909090909090909
2025-05-08,11,106.017170901046,18.5209182142998,960.610881062528,1,0.0909090909090909
2025-05-09,11,79.2416224534693,7.64016775369192,861.78541497844,1,0.0909090909090909
2025-05-10,11,56.4945035839504,0.993955676076297,610.875646002446,1,0.0909090909090909
2025-05-11,11,59.3923518409788,3.87356028809571,556.346321458946,1,0.0909090909090909
2025-05-12,11,56.8081262032932,20.9951227722116,574.141118018984,1,0.0909090909090909
2025-05-13,11,64.960813060558,13.7466693742039,593.236694528548,1,0.0909090909090909
2025-05-14,11,75.6055507487173,12.1233596754844,646.248745211524,2,0.181818181818182
2025-05-15,11,76.9758672992317,12.4449053181797,683.187978063437,2,0.181818181818182
2025-05-16,11,77.9527123396635,17.7498228618922,602.40549207034,2,0.181818181818182
2025-05-17,11,58.1789438432768,17.6507310411655,461.356186806774,2,0.181818181818182
2025-05-18,11,43.3079606259609,5.56133057012298,318.66498557982,1,0.0909090909090909
2025-05-19,11,46.530986294582,12.0387852176229,341.674476276856,2,0.181818181818182
2025-05-20,11,49.8736260945132,10.372639284344,392.891217231052,1,0.0909090909090909
2025-05-21,11,45.3945744616769,10.0217238917877,397.238923279802,1,0.0909090909090909
2025-05-22,11,31.2066286363897,10.5568831483094,314.458892067182,1,0.0909090909090909
2025-05-23,11,35.7596333771952,7.0767154006901,297.543584019856,1,0.0909090909090909
2025-05-24,11,62.3654724422783,10.2303523969915,340.940563710548,3,0.272727272727273
2025-05-25,11,46.8228627977946,18.0788294526724,359.73407462744,1,0.0909090909090909
2025-05-26,11,47.7532987925881,15.7445715678517,388.635419838472,1,0.0909090909090909
2025-05-27,11,54.9057232709377,15.437419481068,383.111086128166,2,0.181818181818182
2025-05-28,11,64.7026567764492,27.1985929032481,400.668220679762,3,0.272727272727273
2025-05-29,11,49.2503541530522,17.7844475760425,367.6192192117,1,0.0909090909090909
2025-05-30,11,59.5087175109959,11.377116741188,492.10160755268,2,0.181818181818182
2025-05-31,11,58.4773008082075,18.2000486349876,394.814581126408,2,0.181818181818182
2025-06-01,11,66.8488019982251,16.207427003081,547.655328956296,2,0.181818181818182
2025-06-02,11,74.9974923863963,15.5237962582699,531.418427897848,2,0.181818181818182
2025-06-03,11,50.4984942733636,13.1467307861155,502.650632121224,1,0.0909090909090909
2025-06-04,11,45.5072739647155,15.414634891675,358.67827509621,1,0.0909090909090909
2025-06-05,11,43.7133951748722,4.20058485252506,220.723344114392,2,0.181818181818182
2025-06-06,11,49.3884155452386,14.1351032834236,247.798346708225,2,0.181818181818182
2025-06-07,11,40.2969234602118,14.7676199412583,271.11071714497,1,0.0909090909090909
2025-06-08,11,29.0553559372131,9.16090490389432,232.802522062432,1,0.0909090909090909
2025-06-09,11,44.3930490421227,13.0805489366359,286.188836370362,1,0.0909090909090909
2025-06-10,11,36.5974773869314,12.5495194937597,317.09827250188,1,0.0909090909090909
2025-06-11,11,50.1620554553381,10.256647057918,293.657891535,2,0.181818181818182
2025-06-12,11,61.5289012399185,29.9850388049627,360.25950173288,2,0.181818181818182
2025-06-13,11,51.9277140367721,2.9172050543913,384.164376617264,2,0.181818181818182
2025-06-14,11,40.338166848054,3.76678880319892,424.565310325274,1,0.0909090909090909
2025-06-15,11,31.0711864215429,11.7142223850197,289.17689528891,1,0.0909090909090909
2025-06-16,11,42.9930090827353,11.2753337102456,380.514775033064,1,0.0909090909090909
2025-06-17,11,40.3752215149504,22.6104680556527,311.888602133216,1,0.0909090909090909
2025-06-18,11,40.18918453743,23.8629914563959,332.040804208315,1,0.0909090909090909
2025-06-19,11,39.825233584712,3.75825752070846,357.881573626084,1,0.0909090909090909
2025-06-20,11,45.4512657377928,18.5984517541282,381.1761348161,1,0.0909090909090909
2025-06-21,11,43.6616375035764,17.8560990632437,383.755782309648,1,0.0909090909090909
2025-06-22,11,49.8740341372878,21.262613780576,435.569714416512,1,0.0909090909090909
2025-06-23,11,50.7333366061522,11.4069474893241,426.990943228796,1,0.0909090909090909
2025-06-24,11,49.5828909319464,6.84403884467111,429.273705591436,2,0.181818181818182
2025-06-25,11,47.2256609994095,10.0908070283645,429.718077841088,1,0.0909090909090909
2025-06-26,11,87.234018807257,16.855278127057,604.880218421292,2,0.181818181818182
2025-06-27,11,76.4353245772673,12.4664397615359,541.63677848878,2,0.181818181818182
2025-06-28,11,62.8277337414544,7.04512760361431,605.664863279444,1,0.0909090909090909
2025-06-29,11,70.8549125312367,20.6328819958901,603.881555948784,1,0.0909090909090909
2025-06-30,11,70.5223942164718,4.37489896703669,645.553147152712,1,0.0909090909090909
2025-07-01,11,60.4027396262327,6.5551966577837,580.113813855514,1,0.0909090909090909
2025-07-02,11,79.8206582627546,9.91054998533802,627.241000024156,2,0.181818181818182
2025-07-03,11,63.5529068006426,15.1742904711982,613.5612083654,1,0.0909090909090909
2025-07-04,11,58.3922655529211,2.52923146872197,632.936979571278,1,0.0909090909090909
2025-07-05,11,64.9709421244613,8.89634391155303,644.383376528313,1,0.0909090909090909
2025-07-06,11,70.8725003777986,3.23964363920126,659.047669355984,1,0.0909090909090909
2025-07-07,11,69.7345270119998,19.8873429292035,710.928389479436,1,0.0909090909090909
2025-07-08,11,79.5477199819048,8.72023721746551,705.435400208748,1,0.0909090909090909
2025-07-09,11,75.8203466760361,5.17797874576731,777.16245847779,1,0.0909090909090909
2025-07-10,11,80.6043084752404,9.5608905458433,794.457133966524,1,0.0909090909090909
2025-07-11,11,68.6339353289519,5.13956648791947,721.743129220008,1,0.0909090909090909
2025-07-12,11,55.2707581896027,7.15839753204772,574.170329115212,1,0.0909090909090909
2025-07-13,11,59.6951321279974,21.6795289642324,594.333978501312,1,0.0909090909090909
2025-07-14,11,61.3237291651177,10.0679886553734,560.078838887532,1,0.0909090909090909
2025-07-15,11,91.0939456540607,5.16968959947572,911.31093146853,1,0.0909090909090909
2025-07-16,11,101.237765701683,10.0293483358338,1063.62675189638,1,0.0909090909090909
2025-07-17,11,111.590854854339,4.13034018476033,1187.8556702337,1,0.0909090909090909
2025-07-18,11,149.539616321736,11.5886452836822,1156.41809157301,2,0.181818181818182
2025-07-19,11,125.501667168473,20.119723344274,1241.40916853113,1,0.0909090909090909
2025-07-20,11,130.537158647856,4.62465688029656,1354.21191466498,1,0.0909090909090909
2025-07-21,11,129.1405569771,4.77084589166399,1287.89538145937,1,0.0909090909090909
2025-07-22,11,165.194695417958,15.4557639311204,1731.6743638703,1,0.0909090909090909
2025-07-23,11,183.968915417083,3.68380742109764,1837.37087339035,2,0.181818181818182
2025-07-24,11,77.0865605739461,3.66588431509607,806.797800034794,1,0.0909090909090909
2025-07-25,11,68.3869154335955,7.29098189206967,671.110413681064,1,0.0909090909090909
2025-07-26,11,68.4336222710463,14.3862164896991,699.380237715564,1,0.0909090909090909
2025-07-27,11,74.4449776615628,2.30481988216846,726.23631130138,1,0.0909090909090909
2025-07-28,11,70.91503306253,5.22088789830066,713.667665163968,1,0.0909090909090909
2025-07-29,11,63.9211866932879,21.5657757110277,654.4075644409,1,0.0909090909090909
2025-07-30,11,79.8688733184372,24.9590465192417,712.340162655106,1,0.0909090909090909
2025-07-31,11,76.0601358054382,3.70035300792049,723.031485638764,1,0.0909090909090909
2025-08-01,11,64.4158158077616,19.8209649914238,516.851880706106,2,0.181818181818182
2025-08-02,11,58.253225716618,23.8654755944356,484.378603106522,1,0.0909090909090909
2025-08-03,11,39.7521757737217,12.2710977096285,386.312633114292,1,0.0909090909090909
2025-08-04,11,50.3547730109134,11.5704135528438,455.585119614844,1,0.0909090909090909
2025-08-05,11,53.2501362351579,16.38152586519,516.152124009966,1,0.0909090909090909
2025-08-06,11,50.3587643859174,12.8979825685249,474.755474139588,1,0.0909090909090909
2025-08-07,11,40.5490330819748,6.43655851427782,212.09159718386,2,0.181818181818182
2025-08-08,11,19.6615550725899,2.90678769725772,163.522999272484,1,0.0909090909090909
2025-08-09,11,61.3732666650902,11.8531743835026,384.613668561026,2,0.181818181818182
2025-08-10,11,25.0181967785168,11.4980545451637,144.406265802484,1,0.0909090909090909
2025-08-11,11,29.2227666823393,8.47995927201639,140.88169802205,2,0.181818181818182
2025-08-12,11,15.0840360428452,7.63171688641595,119.360528614688,1,0.0909090909090909
2025-08-13,11,15.9017605740348,9.39025225650036,99.3106519647524,0,0
2025-08-14,11,18.0697318676502,20.9852419273082,75.7887210653307,0,0
2025-08-15,11,23.7002100253033,6.69611774713363,110.963478158124,1,0.0909090909090909
2025-08-16,11,18.0877266254388,6.53393961804305,79.5382089590035,0,0
2025-08-17,11,40.6670196659364,13.5952660470762,297.766058207298,1,0.0909090909090909
2025-08-18,11,10.4568777751413,9.15284594800836,55.0105272588797,0,0
2025-08-19,11,25.8866026872431,7.19682673771205,106.53896358241,1,0.0909090909090909
2025-08-20,11,18.67376898575,26.9174834207353,89.7992365050682,0,0
2025-08-21,11,8.81041866603508,14.5478777096464,26.7688714555192,0,0
2025-08-22,11,20.615422512074,17.5623397822844,95.4863403957351,0,0
2025-08-23,11,9.18318465386592,8.20757708803077,47.2741772608576,0,0
2025-08-24,11,27.8344911990731,22.2002521046416,251.269875179904,1,0.0909090909090909
2025-08-25,11,22.623916901405,6.40211880119312,163.139569206908,1,0.0909090909090909
2025-08-26,11,24.2686146341555,15.9936371723957,139.232498988916,1,0.0909090909090909
2025-08-27,11,20.1442254008423,3.05303844663207,134.651272724816,1,0.0909090909090909
2025-08-28,11,20.9578142034057,15.6727354962205,154.675741070744,1,0.0909090909090909
2025-08-29,11,32.2166215259734,22.310960711478,164.742161204164,1,0.0909090909090909
2025-08-30,11,18.9136072693849,12.5677008473568,159.979869306922,1,0.0909090909090909
2025-08-31,11,22.8592538415666,9.34952658443233,178.330510600832,1,0.0909090909090909
2025-09-01,11,27.6418456858762,9.47203846848099,194.39667316093,1,0.0909090909090909
2025-09-02,11,22.9918807614389,4.22558083369662,164.878829333598,1,0.0909090909090909
2025-09-03,11,19.1789094143023,12.7758784430121,144.343834483336,1,0.0909090909090909
2025-09-04,11,20.123734110988,17.513721909268,159.489261817288,1,0.0909090909090909
2025-09-05,11,20.7910804123782,7.71562799462111,117.875806857296,1,0.0909090909090909
2025-09-06,11,26.7467045096084,15.9738221902195,155.644205415434,1,0.0909090909090909
2025-09-07,11,48.8281142932537,36.7672851940282,191.052064715554,3,0.272727272727273
2025-09-08,11,43.6660237824306,21.2455751670682,168.857164112252,3,0.272727272727273
2025-09-09,11,31.3914484193005,18.1330651420264,180.125399841023,1,0.0909090909090909
2025-09-10,11,27.8528134886591,6.92394619627001,190.602058456968,1,0.0909090909090909
2025-09-11,11,58.9534189935318,14.3868875245678,343.73663499938,2,0.181818181818182
2025-09-12,11,29.2248572959758,10.3416880835305,219.158814914004,1,0.0909090909090909
2025-09-13,11,40.4923556994589,4.12633247342975,422.912146892848,1,0.0909090909090909
2025-09-14,11,45.36742027086,6.65866439606422,271.29613298281,2,0.181818181818182
2025-09-15,11,47.6044531216747,17.5440084243683,332.809057257792,2,0.181818181818182
2025-09-16,11,48.066555451862,12.5669868090417,331.843587300008,2,0.181818181818182
2025-09-17,11,40.4996358446894,14.0807500737983,346.115236317868,1,0.0909090909090909
2025-09-18,11,34.6610138693091,4.19322036902425,314.346743296626,1,0.0909090909090909
2025-09-19,11,40.6743191570366,20.4709993564778,331.713190841316,1,0.0909090909090909
2025-09-20,11,33.1688402526363,15.814926197798,274.333027790484,1,0.0909090909090909
2025-09-21,11,35.3329255152039,9.21075960294004,290.376288883326,1,0.0909090909090909
2025-09-22,11,42.5035150817674,11.8238142718563,281.5566630627,1,0.0909090909090909
2025-09-23,11,59.1767599738446,8.1493690729384,376.11749180294,2,0.181818181818182
2025-09-24,11,31.1265720931677,14.3737899714347,295.753984449232,1,0.0909090909090909
2025-09-25,11,23.3202151212898,6.32756396107381,244.285664868866,1,0.0909090909090909
2025-09-26,11,49.2636510556097,4.60775694292925,255.494696369808,2,0.181818181818182
2025-09-27,11,22.4943744061674,10.6073133059559,217.018682829352,1,0.0909090909090909
2025-09-28,11,29.3956759912675,7.46839229415208,185.584246371436,1,0.0909090909090909
2025-09-29,11,25.0264265420684,8.953636141108,106.54258186574,1,0.0909090909090909
2025-09-30,11,13.7918201156403,5.68080954123973,60.6279334524251,0,0
2025-10-01,11,15.3175477995898,7.92165183737592,75.1053317384798,0,0
2025-10-02,11,5.74296564182326,4.7616796084482,38.1350401729441,0,0
2025-10-03,11,8.61337535978522,7.41767036446794,59.3398827795422,0,0
2025-10-04,11,12.2381849973342,8.90225405960954,71.1202053952464,0,0
2025-10-05,11,10.0018474496461,4.43489442599643,72.1092176923443,0,0
2025-10-06,11,17.0045187850298,3.4806135835963,68.6918373447731,0,0
2025-10-07,11,18.9859220633738,11.3306134309976,99.6673734647158,0,0
2025-10-08,11,14.3371654035073,5.5440757699321,78.3011056535965,0,0
2025-10-09,11,6.8744728257261,10.2772807298002,34.9288139284398,0,0
2025-10-10,11,3.98965884968734,4.75140733708357,34.3508817768801,0,0
2025-10-11,11,41.0535167956874,22.5451725864168,339.838011796949,1,0.0909090909090909
2025-10-12,11,35.8259675205477,8.38056694612566,180.444507480547,2,0.181818181818182
2025-10-13,11,14.9460650188201,4.07696627157561,68.0585415340362,0,0
2025-10-14,11,18.7525407360597,2.54971377051993,147.718456277559,1,0.0909090909090909
2025-10-15,11,32.1849506601714,6.78176642712636,151.042987242898,2,0.181818181818182
2025-10-16,11,23.9489762416638,13.5093739150716,147.240698826772,1,0.0909090909090909
2025-10-17,11,24.5812530185134,19.0892859401237,90.4971710333102,0,0
2025-10-18,11,51.9913101848375,7.73577614046839,222.860077362645,3,0.272727272727273
2025-10-19,11,49.6766264736659,12.5927598934916,216.926440017428,2,0.181818181818182
2025-10-20,11,24.0841147584689,13.6154885590878,84.7322568927189,0,0
2025-10-21,11,26.4327814360815,9.8449193708916,104.097170044153,1,0.0909090909090909
2025-10-22,11,25.9939236960892,14.98420782718,114.793092423382,1,0.0909090909090909
2025-10-23,11,28.6718598614667,24.5809406678044,103.785485157698,1,0.0909090909090909
2025-10-24,11,20.4296914248788,12.0926648020836,111.982626952818,1,0.0909090909090909
2025-10-25,11,23.1084288503331,14.4138745732458,148.274741986566,1,0.0909090909090909
2025-10-26,11,10.2226577201929,12.4851950237514,66.5373498444777,0,0
2025-10-27,11,13.1769311964088,9.63002714879813,54.0127091556419,0,0
2025-10-28,11,20.023241143048,14.1855280692715,102.918054643254,1,0.0909090909090909
2025-10-29,11,39.2480579036137,13.4607759958483,152.977845577686,1,0.0909090909090909
2025-10-30,11,32.7111605386299,8.54532488270054,118.283363776152,1,0.0909090909090909
2025-10-31,11,23.7228985290515,25.6006389739438,152.567656190338,1,0.0909090909090909
2025-11-01,11,23.9866279062094,12.7511213233877,167.000368893812,1,0.0909090909090909
2025-11-02,11,18.9571976362084,7.30583526654782,144.764490698568,1,0.0909090909090909
2025-11-03,11,20.5197052245633,6.30136067879206,125.838128842642,1,0.0909090909090909
2025-11-04,11,32.4544086631631,10.0921445645197,213.992287537568,1,0.0909090909090909
2025-11-05,11,26.7031790455135,9.0646692009444,143.985984579634,1,0.0909090909090909
2025-11-06,11,32.8572314811102,22.2775036452316,192.088498368466,1,0.0909090909090909
2025-11-07,11,40.8351043541278,25.9004450639277,233.823357812644,1,0.0909090909090909
2025-11-08,11,40.1660016389371,27.6033168921219,203.040010107084,2,0.181818181818182
2025-11-09,11,44.3105465040819,21.0337346139244,278.367135564216,1,0.0909090909090909
2025-11-10,11,48.4664548194667,9.66761517523951,249.362456525598,2,0.181818181818182
2025-11-11,11,42.3893005795721,16.370517288522,270.134847540768,1,0.0909090909090909
2025-11-12,11,60.1780646036814,15.2157904161365,331.760644523914,2,0.181818181818182
2025-11-13,11,51.8160889913563,20.0667053412884,272.656642330192,2,0.181818181818182
2025-11-14,11,60.5026108206649,9.70172320766793,315.07524752542,2,0.181818181818182
2025-11-15,11,71.201604352881,17.3385779790181,222.774909418946,3,0.272727272727273
2025-11-16,10,65.3068079853381,16.2486869893863,317.323748139988,2,0.2
2025-11-17,10,59.530932766759,14.2185739667799,372.399727448136,2,0.2
2025-11-18,11,167.923419948695,23.2152365797356,1255.96029296617,2,0.181818181818182
2025-11-19,11,183.312542827232,24.2464944084042,1270.56847385855,4,0.363636363636364
2025-11-20,11,823.373062904833,13.393453905608,8473.52812889605,3,0.272727272727273
2025-11-21,11,61.7470627027668,21.2622723719236,401.825962918686,2,0.181818181818182
2025-11-22,11,85.404467318355,19.8123651059678,443.03045797216,3,0.272727272727273
2025-11-23,11,94.5191915708491,12.2429273030256,421.597941448892,3,0.272727272727273
2025-11-24,11,72.009769086639,8.26921890609511,430.445862049432,3,0.272727272727273
2025-11-25,11,120.041276452952,23.4097189645421,602.634764836258,4,0.363636363636364
2025-11-26,11,986.886017908519,15.3937627074663,9708.86502722537,3,0.272727272727273
2025-11-27,11,91.4629536575864,24.6109722751242,812.839492374,2,0.181818181818182
2025-11-28,11,90.90073621004,19.828214908868,760.101847741796,2,0.181818181818182
2025-11-29,11,80.1617843300115,13.0206602992122,731.77137638771,1,0.0909090909090909
2025-11-30,11,43.5671685073483,17.5722995072602,279.39175310797,2,0.181818181818182
2025-12-01,11,58.414045804434,18.8817764426596,334.833308386474,2,0.181818181818182
2025-12-02,11,59.9448411093318,16.0558733868355,368.009090609848,2,0.181818181818182
2025-12-03,11,57.3482758386347,12.6552700525562,272.914549250008,2,0.181818181818182
2025-12-04,11,49.90242610274,8.81231497080415,426.93261553295,1,0.0909090909090909
2025-12-05,11,46.9308517867181,19.6013771792958,412.26462438978,1,0.0909090909090909
2025-12-06,11,61.4737758920438,12.1649672721991,291.214279308842,2,0.181818181818182
2025-12-07,11,57.4806663549937,18.2053464178078,435.36666339634,1,0.0909090909090909
2025-12-08,11,41.0129896425367,9.7998591178261,352.657626115972,1,0.0909090909090909
2025-12-09,11,61.4346647784814,11.2369009811697,448.335751454596,2,0.181818181818182
2025-12-10,11,50.6123460100297,13.9556847257782,286.431121508311,2,0.181818181818182
2025-12-11,11,54.1760769724355,15.1802278052438,348.815780395976,2,0.181818181818182
2025-12-12,11,65.966768052749,27.5894281173406,291.62747309724,3,0.272727272727273
2025-12-13,11,66.4365707986086,21.9864621782206,344.03477521953,3,0.272727272727273
2025-12-14,11,63.9025511525969,7.36110002133361,490.845283485852,1,0.0909090909090909
2025-12-15,11,95.6250195455532,20.0432187855604,661.25242975345,3,0.272727272727273
2025-12-16,11,127.783966535394,10.3450571309405,936.615336051282,3,0.272727272727273
2025-12-17,11,92.8202038068828,17.6502556270042,773.071068619846,2,0.181818181818182
2025-12-18,11,99.383621344575,29.2774512523764,822.976309548245,2,0.181818181818182
2025-12-19,11,120.17326241218,11.5337607032695,965.257482781886,2,0.181818181818182
2025-12-20,11,106.542369466435,22.8187833627624,1026.47521595737,1,0.0909090909090909
2025-12-21,11,134.040040474708,28.5384567742564,1035.61611493267,3,0.272727272727273
2025-12-22,11,140.371432642393,43.7217981061322,1004.65921079407,4,0.363636363636364
2025-12-23,11,111.398661162009,10.1538971046922,1050.11286172396,1,0.0909090909090909
2025-12-24,11,110.986699957791,12.0208769043895,1005.01602027975,2,0.181818181818182
2025-12-25,11,134.067901958847,13.7889007342962,961.659730277578,3,0.272727272727273
2025-12-26,11,100.042185888627,12.0118390046897,1003.71835520698,1,0.0909090909090909
2025-12-27,11,125.834282513902,16.6328533678317,1126.08028253718,2,0.181818181818182
2025-12-28,11,99.8017601089869,14.1647966015634,938.189709175968,1,0.0909090909090909
2025-12-29,11,111.216813263361,13.757886909036,1015.48338602431,1,0.0909090909090909
2025-12-30,11,148.917805971942,23.8699839417356,1296.80781349005,2,0.181818181818182
2025-12-31,11,157.458297151817,14.049774515752,1478.18912434893,1,0.0909090909090909
2026-01-01,11,207.363951018074,24.0178453353823,1840.33276934415,2,0.181818181818182
2026-01-02,11,184.220858403709,15.9632229562157,1715.21362006337,2,0.181818181818182
2026-01-03,11,161.58939219927,4.01666690586833,1610.42235587246,2,0.181818181818182
2026-01-04,11,171.08307139884,8.48534391962974,1677.08132097985,1,0.0909090909090909
2026-01-05,11,184.430244770952,9.21131126650154,1680.16081070706,3,0.272727272727273
2026-01-06,11,153.348367299634,3.95869798454962,1634.74239160288,1,0.0909090909090909
2026-01-07,11,141.922981166096,9.33243409955598,1376.92690636483,2,0.181818181818182
2026-01-08,11,137.754183913297,8.78803382589832,1450.30743363749,1,0.0909090909090909
2026-01-09,11,132.59074641439,14.9411199950755,1360.21730936255,1,0.0909090909090909
2026-01-10,11,149.144672814029,30.6683351456438,1451.05768273144,2,0.181818181818182
2026-01-11,11,156.163087279375,21.8442957998377,1522.35376470538,2,0.181818181818182
2026-01-12,11,166.626209200398,28.7623151540317,1592.13192609786,1,0.0909090909090909
2026-01-13,11,221.28556890064,10.9384530304524,2156.85754963295,2,0.181818181818182
2026-01-14,11,193.905184646048,9.28848439881169,2107.48911229346,1,0.0909090909090909
2026-01-15,11,158.150719048107,4.90947754726356,1728.75411120098,1,0.0909090909090909
2026-01-16,11,171.318175295647,4.18855320990841,1861.1826368549,1,0.0909090909090909
2026-01-17,11,171.840864177567,4.3902858108702,1852.86768509141,1,0.0909090909090909
2026-01-18,11,163.743451386638,5.52994311203037,1768.75127875881,1,0.0909090909090909
2026-01-19,11,185.597873686116,5.37878080980381,1941.05104149301,1,0.0909090909090909
2026-01-20,11,206.04830383983,7.32133193738438,2076.97725798701,2,0.181818181818182
2026-01-21,11,244.738521334376,13.2244854744923,2206.37819496909,2,0.181818181818182
2026-01-22,11,211.345607512694,11.1096877174022,2107.58408271431,2,0.181818181818182
2026-01-23,11,228.256032599787,12.2916180750521,2287.35654488472,1,0.0909090909090909
2026-01-24,11,236.339876975657,14.5502728533564,2237.27889402466,3,0.272727272727273
2026-01-25,11,223.201892858677,20.1982148900803,2260.12630820826,1,0.0909090909090909
2026-01-26,11,278.446334552739,10.4175448167143,2362.02168365025,4,0.363636363636364
2026-01-27,11,247.325561976234,10.4524648984761,2346.36566923329,3,0.272727272727273
2026-01-28,11,222.924015395632,16.4363973742743,2295.1891907178,1,0.0909090909090909
2026-01-29,11,270.959389309493,15.1468714334124,2601.39773913071,3,0.272727272727273
2026-01-30,11,279.888441340618,15.1272044473805,2694.34554149501,2,0.181818181818182
2026-01-31,11,316.099356517819,14.7695227729439,2767.29902672769,3,0.272727272727273
2026-02-01,11,335.86856513126,17.6424687521237,3086.24665831464,2,0.181818181818182
2026-02-02,11,282.340003990656,13.9097282830003,3045.08383342328,1,0.0909090909090909
2026-02-03,11,272.258162241772,10.7772023375041,2924.91156428618,1,0.0909090909090909
2026-02-04,11,301.357118671095,16.2837815016958,3048.7298937231,2,0.181818181818182
2026-02-05,11,313.072823905955,20.3873189194059,3119.22167589187,2,0.181818181818182
2026-02-06,11,381.12318388953,49.6457235851178,3988.37987241123,1,0.0909090909090909
2026-02-07,11,361.745092461836,13.2550486428384,3920.41174308879,1,0.0909090909090909
2026-02-08,11,315.382405451752,7.3914575859757,3434.03226316828,1,0.0909090909090909
2026-02-09,11,292.39096521162,12.8210231828119,3169.16942642581,1,0.0909090909090909
2026-02-10,11,295.073908013331,18.3690648128998,3162.98830289779,1,0.0909090909090909
2026-02-11,11,311.15552983798,9.81763139323966,3381.70600507248,1,0.0909090909090909
2026-02-12,11,327.796502840982,10.3783970117444,3296.30017138695,2,0.181818181818182
2026-02-13,11,191.525077425013,8.43335017763569,2055.89551172695,1,0.0909090909090909
2026-02-14,11,186.478793552487,6.53170802853764,2018.64263109903,1,0.0909090909090909
2026-02-15,11,198.796919039817,9.08201122883145,2139.70495617615,1,0.0909090909090909
2026-02-16,11,183.217424188119,10.4300877196639,1958.49728701961,1,0.0909090909090909
2026-02-17,11,182.491445724242,17.9355351023358,1890.88779582225,1,0.0909090909090909
2026-02-18,11,176.32022632066,10.0947506663118,1883.05109223154,1,0.0909090909090909
2026-02-19,11,172.722283678628,3.38713088329556,1869.91442295051,1,0.0909090909090909
2026-02-20,11,156.011777690207,17.1479081142001,1681.74638938274,1,0.0909090909090909
2026-02-21,11,136.068880495321,10.8412567219585,1475.73249722121,1,0.0909090909090909
2026-02-22,11,129.828707765718,6.3309254963162,1404.0278093292,1,0.0909090909090909
2026-02-23,11,127.841160892955,8.78145052237822,1383.0095488615,1,0.0909090909090909
2026-02-24,11,172.349614956282,7.25371375163375,1847.3381154022,1,0.0909090909090909
2026-02-25,11,179.214431933727,1.23839465871356,1959.4638027485,1,0.0909090909090909
2026-02-26,11,164.008969670053,9.66112125338037,1789.13618021101,1,0.0909090909090909
2026-02-27,11,177.023542429279,7.55540704934443,1924.47114226484,1,0.0909090909090909
2026-02-28,11,167.257941190936,9.41643439733575,1682.98558316407,1,0.0909090909090909
2026-03-01,11,173.568644436735,10.7079194092996,1887.85585653947,1,0.0909090909090909
2026-03-02,11,184.5105902837,9.62433207006952,1886.02475054505,2,0.181818181818182
2026-03-03,11,183.191998663981,15.0619591382717,1727.37436206044,2,0.181818181818182
2026-03-04,11,170.570607840905,3.51032131716167,1792.3194691327,1,0.0909090909090909
2026-03-05,11,167.096222135256,14.5870150969984,1680.9719491274,1,0.0909090909090909
2026-03-06,11,159.771758406556,6.84078778164787,1741.48845468795,1,0.0909090909090909
2026-03-07,11,189.160918511311,4.96439139796356,1890.39778587623,2,0.181818181818182
2026-03-08,11,168.290855599591,3.78183550714839,1840.13095374637,1,0.0909090909090909
2026-03-09,11,175.137761330115,2.61369331575945,1884.39022394002,1,0.0909090909090909
2026-03-10,11,168.302108358186,4.39752513716751,1809.79778745268,1,0.0909090909090909
2026-03-11,11,207.68229331035,1.83798517485623,2098.92087553737,2,0.181818181818182
2026-03-12,11,211.068807413126,4.89660017763516,2127.62376414109,2,0.181818181818182
2026-03-13,11,159.871708032145,3.53568574325447,1564.55661488078,2,0.181818181818182
2026-03-14,11,164.536341159792,4.13399207707554,1551.22341674461,2,0.181818181818182
2026-03-15,11,162.737660695165,4.91030917351587,1560.30636503427,2,0.181818181818182
2026-03-16,11,135.28919945912,6.58387254081294,1347.80861656191,2,0.181818181818182
2026-03-17,11,169.865175847754,2.52265190953227,1543.94332849952,2,0.181818181818182
2026-03-18,11,213.830194134008,3.25246944140822,1723.97472538981,3,0.272727272727273
2026-03-19,10,197.927534518767,5.10608258157574,1891.05125678786,1,0.1
2026-03-20,11,202.605464218387,17.8616933071019,1803.99654212099,2,0.181818181818182
2026-03-21,11,215.660121098626,9.48487631681982,1969.75426303697,2,0.181818181818182
2026-03-22,11,253.937568229578,7.09376426165975,2172.10737553959,3,0.272727272727273
2026-03-23,10,253.187758234492,6.4314551876349,2500.03950297024,1,0.1
2026-03-24,10,246.622025747262,3.15130423951982,2446.31969974529,1,0.1
2026-03-25,11,266.67967351185,5.94792778241149,2439.42267749073,2,0.181818181818182
2026-03-26,11,209.690436464678,13.8831985149435,2062.22469037302,2,0.181818181818182
2026-03-27,11,243.856121039352,6.22239176631845,2343.05248180832,2,0.181818181818182
2026-03-28,11,239.869628511067,6.90978988386437,2433.32332735334,2,0.181818181818182
2026-03-29,11,226.639253438759,14.4515352913543,2302.7052160624,2,0.181818181818182
2026-03-30,11,222.799947574479,22.3127305281845,2283.75167391764,1,0.0909090909090909
2026-03-31,11,226.581725946047,13.33996327332,2343.92248361353,1,0.0909090909090909
2026-04-01,11,222.236429570838,14.9375683864861,2378.05991584158,1,0.0909090909090909
2026-04-02,11,228.753519072117,18.7375029383197,2456.99913253249,1,0.0909090909090909
2026-04-03,11,250.369916326141,10.0153278315285,2609.52613418471,2,0.181818181818182
2026-04-04,11,247.042237470431,3.57686944551627,2579.39007750542,2,0.181818181818182
2026-04-05,11,236.426883349418,5.9843140414162,2565.80859584763,1,0.0909090909090909
2026-04-06,11,233.945472062599,7.52551698564363,2530.07628447563,1,0.0909090909090909
2026-04-07,11,231.377852816975,6.92792809684595,2512.39553569071,1,0.0909090909090909
2026-04-08,11,261.355416377432,15.0493785191363,2525.28133252735,2,0.181818181818182
2026-04-09,11,324.996188473879,5.49032438786901,2737.62775619067,2,0.181818181818182
2026-04-10,11,271.956975872192,9.70953158047183,2741.84268743621,2,0.181818181818182
2026-04-11,11,271.887609476574,4.42145409091044,2608.6398241049,2,0.181818181818182
2026-04-12,11,282.421232632953,25.9562650723488,2590.7787928385,3,0.272727272727273
2026-04-13,11,253.754107925377,11.0571223152078,2640.10431994665,2,0.181818181818182
2026-04-14,11,255.0325598107,6.13229207249044,2717.75503412617,1,0.0909090909090909
2026-04-15,11,256.861270734652,6.13134370152424,2770.49550053831,1,0.0909090909090909
2026-04-16,11,279.850280345706,8.19093858937192,2741.90939094843,2,0.181818181818182
2026-04-17,11,279.180543954881,9.88711402297393,2728.89017165929,2,0.181818181818182
2026-04-18,11,260.717359509183,6.56902677207971,2714.05796293252,1,0.0909090909090909
2026-04-19,11,289.71929018312,4.29536900926952,3021.50575039599,2,0.181818181818182
2026-04-20,11,309.94716683819,5.1939338659901,3073.17003096475,2,0.181818181818182
2026-04-21,11,284.654801094846,15.7409465925562,2867.38675956751,2,0.181818181818182
2026-04-22,11,286.387179973782,7.68942210503498,2816.70293944772,2,0.181818181818182
2026-04-23,11,259.092885357633,5.75149890385873,2640.7832132338,2,0.181818181818182
2026-04-24,11,275.788799369418,13.9741199735444,2680.70171683355,3,0.272727272727273
2026-04-25,11,249.665361345531,5.61478875591437,2689.43654503044,1,0.0909090909090909
2026-04-26,11,217.734597226306,4.79755228877221,2322.09538569278,1,0.0909090909090909
2026-04-27,11,241.957048345527,4.4100073091502,2248.87276173779,2,0.181818181818182
2026-04-28,11,301.067803757643,14.8050893677798,2879.82028006912,2,0.181818181818182
2026-04-29,11,293.455740735678,5.42482042731995,2936.21569683551,2,0.181818181818182
2026-04-30,11,270.118374861264,7.06680131196014,2836.85456487206,1,0.0909090909090909
2026-05-01,11,274.172697758454,8.3247150029564,2893.30441519085,1,0.0909090909090909
2026-05-02,11,264.012556366399,11.3678893579683,2808.00585763332,1,0.0909090909090909
2026-05-03,11,268.632109568067,14.00029786912,2765.60119109204,2,0.181818181818182
2026-05-04,11,278.330205702778,13.6836442370358,2700.59444375433,3,0.272727272727273
2026-05-05,11,250.983841125663,19.5183232578278,2678.76355700628,1,0.0909090909090909
2026-05-06,11,270.883531494495,12.039986064516,2856.13527855281,1,0.0909090909090909
2026-05-07,11,268.000474104868,11.5537703579138,2744.14254692892,1,0.0909090909090909
2026-05-08,11,257.65030542007,8.30130995095768,2767.69202143852,1,0.0909090909090909
2026-05-09,11,260.426252977935,4.76230092162799,2795.79080048896,1,0.0909090909090909
2026-05-10,11,274.471930321546,7.97009535768001,2874.51393210371,1,0.0909090909090909
2026-05-11,11,274.070879890097,5.7577293128297,2834.23440922552,2,0.181818181818182
2026-05-12,11,395.83293845766,5.19921739940199,4210.15853925523,2,0.181818181818182
2026-05-13,11,371.592886246753,5.43899611469167,3876.56178272903,2,0.181818181818182
2026-05-14,11,320.377653447285,7.91009882991189,3383.73487348124,1,0.0909090909090909
2026-05-15,11,324.368121568347,7.86752589445161,3370.24214060145,2,0.181818181818182
2026-05-16,11,342.096630876058,5.84410704147054,3511.63457282118,2,0.181818181818182
2026-05-17,11,342.108955632802,9.82800651443627,3626.73676914633,1,0.0909090909090909
2026-05-18,11,368.405041766501,10.7527695792864,3712.69279107555,2,0.181818181818182
2026-05-19,11,369.9551710705,9.80426949179214,3913.63414945973,2,0.181818181818182
2026-05-20,11,361.178137498552,7.63832952070387,3930.91474220055,1,0.0909090909090909
2026-05-21,11,329.866867948056,10.1462625821402,3470.51330530141,1,0.0909090909090909
2026-05-22,11,316.544771298103,9.69284602944431,3309.54304556446,1,0.0909090909090909
2026-05-23,11,310.928443972206,11.9893068724242,3310.86807404417,1,0.0909090909090909
2026-05-24,11,323.474995909704,12.4298768602882,3519.91630366559,1,0.0909090909090909
2026-05-25,11,332.468057601487,16.9894491023359,3581.16516874378,1,0.0909090909090909
2026-05-26,11,312.88251689202,9.32817562463994,3385.64078309851,1,0.0909090909090909
2026-05-27,11,285.628422284142,18.425202444784,2954.04331449851,1,0.0909090909090909
2026-05-28,11,314.212896624935,17.3485460700484,3376.88217225196,1,0.0909090909090909
2026-05-29,11,284.66654552638,13.5554322400155,3003.82067541274,1,0.0909090909090909
2026-05-30,11,280.243507106086,16.3508810694357,2984.24966071342,1,0.0909090909090909
2026-05-31,11,304.157703644329,16.2434964562919,3070.0249695393,2,0.181818181818182
