"date","dpi_primary","state","active_count","stablecoin_count","macro_count","mean_active_count","stablecoin_inclusion_rate","macro_inclusion_rate","stablecoin_share_of_selected","year"
2020-04-01,1.33156637574846,"Severe",110,73,37,10,0.663636363636364,0.672727272727273,0.663636363636364,2020
2020-04-02,1.18000912051197,"Elevated",115,75,40,10.4545454545455,0.681818181818182,0.727272727272727,0.652173913043478,2020
2020-04-03,1.47576445670791,"Severe",111,73,38,10.0909090909091,0.663636363636364,0.690909090909091,0.657657657657658,2020
2020-04-04,1.41291603735503,"Severe",110,69,41,10,0.627272727272727,0.745454545454545,0.627272727272727,2020
2020-04-05,1.49974657290129,"Severe",111,75,36,10.0909090909091,0.681818181818182,0.654545454545455,0.675675675675676,2020
2020-04-06,1.47018789335499,"Severe",112,75,37,10.1818181818182,0.681818181818182,0.672727272727273,0.669642857142857,2020
2020-04-07,1.52400724403582,"Severe",100,68,32,9.09090909090909,0.618181818181818,0.581818181818182,0.68,2020
2020-04-08,1.52987342136327,"Severe",106,73,33,9.63636363636364,0.663636363636364,0.6,0.688679245283019,2020
2020-04-09,1.66927888442486,"Severe",104,71,33,9.45454545454546,0.645454545454546,0.6,0.682692307692308,2020
2020-04-10,1.45236316164872,"Severe",107,68,39,9.72727272727273,0.618181818181818,0.709090909090909,0.635514018691589,2020
2020-04-11,1.26587907255668,"Elevated",109,74,35,9.90909090909091,0.672727272727273,0.636363636363636,0.678899082568807,2020
2020-04-12,1.46988444655454,"Severe",106,68,38,9.63636363636364,0.618181818181818,0.690909090909091,0.641509433962264,2020
2020-04-13,1.37498815002347,"Severe",104,72,32,9.45454545454546,0.654545454545455,0.581818181818182,0.692307692307692,2020
2020-04-14,1.15186482743882,"Moderate",110,77,33,10,0.7,0.6,0.7,2020
2020-04-15,0.984432962165976,"Low",114,80,34,10.3636363636364,0.727272727272727,0.618181818181818,0.701754385964912,2020
2020-04-16,1.0299883866636,"Low",112,74,38,10.1818181818182,0.672727272727273,0.690909090909091,0.660714285714286,2020
2020-04-17,1.23503275309057,"Elevated",114,73,41,10.3636363636364,0.663636363636364,0.745454545454545,0.640350877192982,2020
2020-04-18,1.18525599794592,"Elevated",109,74,35,9.90909090909091,0.672727272727273,0.636363636363636,0.678899082568807,2020
2020-04-19,1.09469197877784,"Moderate",113,77,36,10.2727272727273,0.7,0.654545454545455,0.68141592920354,2020
2020-04-20,1.35796349853591,"Severe",106,71,35,9.63636363636364,0.645454545454546,0.636363636363636,0.669811320754717,2020
2020-04-21,1.38696392678326,"Severe",105,72,33,9.54545454545454,0.654545454545455,0.6,0.685714285714286,2020
2020-04-22,1.22185798575212,"Elevated",106,71,35,9.63636363636364,0.645454545454546,0.636363636363636,0.669811320754717,2020
2020-04-23,1.40062977017261,"Severe",105,68,37,9.54545454545454,0.618181818181818,0.672727272727273,0.647619047619048,2020
2020-04-24,1.46406880485735,"Severe",99,64,35,9,0.581818181818182,0.636363636363636,0.646464646464647,2020
2020-04-25,1.52264495975769,"Severe",98,67,31,8.90909090909091,0.609090909090909,0.563636363636364,0.683673469387755,2020
2020-04-26,1.40063101214004,"Severe",96,62,34,8.72727272727273,0.563636363636364,0.618181818181818,0.645833333333333,2020
2020-04-27,1.55299509922998,"Severe",93,65,28,8.45454545454546,0.590909090909091,0.509090909090909,0.698924731182796,2020
2020-04-28,1.29040416529795,"Elevated",99,65,34,9,0.590909090909091,0.618181818181818,0.656565656565657,2020
2020-04-29,1.41777899117094,"Severe",95,63,32,8.63636363636364,0.572727272727273,0.581818181818182,0.663157894736842,2020
2020-04-30,1.47533020841033,"Severe",94,65,29,8.54545454545454,0.590909090909091,0.527272727272727,0.691489361702128,2020
2020-05-01,1.37262071683298,"Severe",100,68,32,9.09090909090909,0.618181818181818,0.581818181818182,0.68,2020
2020-05-02,1.22267776346047,"Elevated",106,70,36,9.63636363636364,0.636363636363636,0.654545454545455,0.660377358490566,2020
2020-05-03,1.41581060828148,"Severe",102,70,32,9.27272727272727,0.636363636363636,0.581818181818182,0.686274509803922,2020
2020-05-04,1.27224997372188,"Elevated",108,74,34,9.81818181818182,0.672727272727273,0.618181818181818,0.685185185185185,2020
2020-05-05,1.2955346950677,"Elevated",106,70,36,9.63636363636364,0.636363636363636,0.654545454545455,0.660377358490566,2020
2020-05-06,1.40043860923257,"Severe",103,66,37,9.36363636363636,0.6,0.672727272727273,0.640776699029126,2020
2020-05-07,1.42596762696847,"Severe",104,70,34,9.45454545454546,0.636363636363636,0.618181818181818,0.673076923076923,2020
2020-05-08,1.39946154230447,"Severe",106,75,31,9.63636363636364,0.681818181818182,0.563636363636364,0.707547169811321,2020
2020-05-09,1.20279218628368,"Elevated",108,71,37,9.81818181818182,0.645454545454546,0.672727272727273,0.657407407407407,2020
2020-05-10,1.36746378211312,"Severe",103,70,33,9.36363636363636,0.636363636363636,0.6,0.679611650485437,2020
2020-05-11,1.44250479784458,"Severe",103,70,33,9.36363636363636,0.636363636363636,0.6,0.679611650485437,2020
2020-05-12,1.41312807186972,"Severe",108,72,36,9.81818181818182,0.654545454545455,0.654545454545455,0.666666666666667,2020
2020-05-13,1.30932189596938,"Severe",109,73,36,9.90909090909091,0.663636363636364,0.654545454545455,0.669724770642202,2020
2020-05-14,1.4458076238286,"Severe",104,68,36,9.45454545454546,0.618181818181818,0.654545454545455,0.653846153846154,2020
2020-05-15,1.54693412853727,"Severe",98,68,30,8.90909090909091,0.618181818181818,0.545454545454545,0.693877551020408,2020
2020-05-16,1.25849165814284,"Elevated",100,69,31,9.09090909090909,0.627272727272727,0.563636363636364,0.69,2020
2020-05-17,1.35392291978936,"Severe",98,69,29,8.90909090909091,0.627272727272727,0.527272727272727,0.704081632653061,2020
2020-05-18,1.26936173002134,"Elevated",101,70,31,9.18181818181818,0.636363636363636,0.563636363636364,0.693069306930693,2020
2020-05-19,1.3127774573818,"Severe",104,71,33,9.45454545454546,0.645454545454546,0.6,0.682692307692308,2020
2020-05-20,1.32737907201109,"Severe",107,71,36,9.72727272727273,0.645454545454546,0.654545454545455,0.663551401869159,2020
2020-05-21,1.17742786888584,"Elevated",116,77,39,10.5454545454545,0.7,0.709090909090909,0.663793103448276,2020
2020-05-22,1.2765730010247,"Elevated",109,72,37,9.90909090909091,0.654545454545455,0.672727272727273,0.660550458715596,2020
2020-05-23,1.24583170669654,"Elevated",108,71,37,9.81818181818182,0.645454545454546,0.672727272727273,0.657407407407407,2020
2020-05-24,1.32613931542899,"Severe",104,72,32,9.45454545454546,0.654545454545455,0.581818181818182,0.692307692307692,2020
2020-05-25,1.29370975038829,"Elevated",108,73,35,9.81818181818182,0.663636363636364,0.636363636363636,0.675925925925926,2020
2020-05-26,1.30157601066554,"Elevated",110,74,36,10,0.672727272727273,0.654545454545455,0.672727272727273,2020
2020-05-27,1.33991934197897,"Severe",110,73,37,10,0.663636363636364,0.672727272727273,0.663636363636364,2020
2020-05-28,1.28314216442801,"Elevated",107,71,36,9.72727272727273,0.645454545454546,0.654545454545455,0.663551401869159,2020
2020-05-29,1.37339515146869,"Severe",102,68,34,9.27272727272727,0.618181818181818,0.618181818181818,0.666666666666667,2020
2020-05-30,1.52627116623409,"Severe",94,62,32,8.54545454545454,0.563636363636364,0.581818181818182,0.659574468085106,2020
2020-05-31,1.42730005896098,"Severe",98,66,32,8.90909090909091,0.6,0.581818181818182,0.673469387755102,2020
2020-06-01,1.3207634545477,"Severe",106,71,35,9.63636363636364,0.645454545454546,0.636363636363636,0.669811320754717,2020
2020-06-02,1.80800875493957,"Severe",104,71,33,9.45454545454546,0.645454545454546,0.6,0.682692307692308,2020
2020-06-03,1.33759911118525,"Severe",105,73,32,9.54545454545454,0.663636363636364,0.581818181818182,0.695238095238095,2020
2020-06-04,1.30368377243981,"Severe",105,72,33,9.54545454545454,0.654545454545455,0.6,0.685714285714286,2020
2020-06-05,1.33558966146443,"Severe",104,71,33,9.45454545454546,0.645454545454546,0.6,0.682692307692308,2020
2020-06-06,1.3182741389564,"Severe",104,70,34,9.45454545454546,0.636363636363636,0.618181818181818,0.673076923076923,2020
2020-06-07,1.36043516929137,"Severe",105,72,33,9.54545454545454,0.654545454545455,0.6,0.685714285714286,2020
2020-06-08,1.49732589844812,"Severe",98,67,31,8.90909090909091,0.609090909090909,0.563636363636364,0.683673469387755,2020
2020-06-09,1.43340984944414,"Severe",100,66,34,9.09090909090909,0.6,0.618181818181818,0.66,2020
2020-06-10,1.50158714513717,"Severe",103,71,32,9.36363636363636,0.645454545454546,0.581818181818182,0.689320388349515,2020
2020-06-11,1.06367055599601,"Moderate",108,74,34,9.81818181818182,0.672727272727273,0.618181818181818,0.685185185185185,2020
2020-06-12,1.04096392822544,"Low",109,74,35,9.90909090909091,0.672727272727273,0.636363636363636,0.678899082568807,2020
2020-06-13,1.28677562748625,"Elevated",101,62,39,9.18181818181818,0.563636363636364,0.709090909090909,0.613861386138614,2020
2020-06-14,1.18923382983639,"Elevated",107,69,38,9.72727272727273,0.627272727272727,0.690909090909091,0.644859813084112,2020
2020-06-15,1.08680883693549,"Moderate",106,74,32,9.63636363636364,0.672727272727273,0.581818181818182,0.69811320754717,2020
2020-06-16,1.18781787979881,"Elevated",98,65,33,8.90909090909091,0.590909090909091,0.6,0.663265306122449,2020
2020-06-17,1.22027131114283,"Elevated",101,70,31,9.18181818181818,0.636363636363636,0.563636363636364,0.693069306930693,2020
2020-06-18,1.16188260675473,"Elevated",99,66,33,9,0.6,0.6,0.666666666666667,2020
2020-06-19,0.957245966464869,"Low",108,69,39,9.81818181818182,0.627272727272727,0.709090909090909,0.638888888888889,2020
2020-06-20,1.12830028214812,"Moderate",101,66,35,9.18181818181818,0.6,0.636363636363636,0.653465346534653,2020
2020-06-21,1.24890078540551,"Elevated",100,64,36,9.09090909090909,0.581818181818182,0.654545454545455,0.64,2020
2020-06-22,1.35120022707465,"Severe",98,62,36,8.90909090909091,0.563636363636364,0.654545454545455,0.63265306122449,2020
2020-06-23,1.20623547165093,"Elevated",103,65,38,9.36363636363636,0.590909090909091,0.690909090909091,0.631067961165049,2020
2020-06-24,1.06479335349702,"Moderate",107,70,37,9.72727272727273,0.636363636363636,0.672727272727273,0.654205607476635,2020
2020-06-25,1.11637955811059,"Moderate",110,73,37,10,0.663636363636364,0.672727272727273,0.663636363636364,2020
2020-06-26,1.52825542344916,"Severe",96,65,31,8.72727272727273,0.590909090909091,0.563636363636364,0.677083333333333,2020
2020-06-27,1.26696488666175,"Elevated",96,64,32,8.72727272727273,0.581818181818182,0.581818181818182,0.666666666666667,2020
2020-06-28,1.16803907057304,"Elevated",102,67,35,9.27272727272727,0.609090909090909,0.636363636363636,0.656862745098039,2020
2020-06-29,1.04814103329214,"Low",109,71,38,9.90909090909091,0.645454545454546,0.690909090909091,0.651376146788991,2020
2020-06-30,1.32081963363563,"Severe",97,65,32,8.81818181818182,0.590909090909091,0.581818181818182,0.670103092783505,2020
2020-07-01,1.05300243810579,"Moderate",99,64,35,9,0.581818181818182,0.636363636363636,0.646464646464647,2020
2020-07-02,1.29751377079704,"Elevated",91,62,29,8.27272727272727,0.563636363636364,0.527272727272727,0.681318681318681,2020
2020-07-03,1.13717575937089,"Moderate",95,64,31,8.63636363636364,0.581818181818182,0.563636363636364,0.673684210526316,2020
2020-07-04,1.13472211056903,"Moderate",94,66,28,8.54545454545454,0.6,0.509090909090909,0.702127659574468,2020
2020-07-05,1.10029818190354,"Moderate",94,66,28,8.54545454545454,0.6,0.509090909090909,0.702127659574468,2020
2020-07-06,1.14114615134643,"Moderate",95,66,29,8.63636363636364,0.6,0.527272727272727,0.694736842105263,2020
2020-07-07,1.28030603265638,"Elevated",93,64,29,8.45454545454546,0.581818181818182,0.527272727272727,0.688172043010753,2020
2020-07-08,1.36046925196181,"Severe",97,67,30,8.81818181818182,0.609090909090909,0.545454545454545,0.690721649484536,2020
2020-07-09,0.997955698675886,"Low",103,71,32,9.36363636363636,0.645454545454546,0.581818181818182,0.689320388349515,2020
2020-07-10,0.93786992987095,"Low",102,68,34,9.27272727272727,0.618181818181818,0.618181818181818,0.666666666666667,2020
2020-07-11,1.06811415301018,"Moderate",97,65,32,8.81818181818182,0.590909090909091,0.581818181818182,0.670103092783505,2020
2020-07-12,1.07535298121069,"Moderate",100,65,35,9.09090909090909,0.590909090909091,0.636363636363636,0.65,2020
2020-07-13,0.890330087454915,"Very low",107,70,37,9.72727272727273,0.636363636363636,0.672727272727273,0.654205607476635,2020
2020-07-14,0.891820440109514,"Very low",99,69,30,9,0.627272727272727,0.545454545454545,0.696969696969697,2020
2020-07-15,0.896360530486786,"Very low",101,73,28,9.18181818181818,0.663636363636364,0.509090909090909,0.722772277227723,2020
2020-07-16,0.891531738285897,"Very low",102,70,32,9.27272727272727,0.636363636363636,0.581818181818182,0.686274509803922,2020
2020-07-17,0.928204356485727,"Low",101,69,32,9.18181818181818,0.627272727272727,0.581818181818182,0.683168316831683,2020
2020-07-18,0.988281960992792,"Low",97,69,28,8.81818181818182,0.627272727272727,0.509090909090909,0.711340206185567,2020
2020-07-19,1.09344491745329,"Moderate",96,66,30,8.72727272727273,0.6,0.545454545454545,0.6875,2020
2020-07-20,1.08511250770853,"Moderate",98,69,29,8.90909090909091,0.627272727272727,0.527272727272727,0.704081632653061,2020
2020-07-21,1.17106202477916,"Elevated",93,64,29,8.45454545454546,0.581818181818182,0.527272727272727,0.688172043010753,2020
2020-07-22,1.10107157647469,"Moderate",100,68,32,9.09090909090909,0.618181818181818,0.581818181818182,0.68,2020
2020-07-23,0.987306350614059,"Low",106,71,35,9.63636363636364,0.645454545454546,0.636363636363636,0.669811320754717,2020
2020-07-24,1.05348873815024,"Moderate",101,68,33,9.18181818181818,0.618181818181818,0.6,0.673267326732673,2020
2020-07-25,1.02613479984183,"Low",105,71,34,9.54545454545454,0.645454545454546,0.618181818181818,0.676190476190476,2020
2020-07-26,1.01342152445804,"Low",109,76,33,9.90909090909091,0.690909090909091,0.6,0.697247706422018,2020
2020-07-27,0.935498898649909,"Low",105,76,29,9.54545454545454,0.690909090909091,0.527272727272727,0.723809523809524,2020
2020-07-28,1.01568620990632,"Low",103,75,28,9.36363636363636,0.681818181818182,0.509090909090909,0.728155339805825,2020
2020-07-29,0.803565665112153,"Very low",107,76,31,9.72727272727273,0.690909090909091,0.563636363636364,0.710280373831776,2020
2020-07-30,0.840875815412358,"Very low",112,76,36,10.1818181818182,0.690909090909091,0.654545454545455,0.678571428571429,2020
2020-07-31,1.10195993929391,"Moderate",103,72,31,9.36363636363636,0.654545454545455,0.563636363636364,0.699029126213592,2020
2020-08-01,0.933443233068289,"Low",109,76,33,9.90909090909091,0.690909090909091,0.6,0.697247706422018,2020
2020-08-02,0.990865621377232,"Low",101,69,32,9.18181818181818,0.627272727272727,0.581818181818182,0.683168316831683,2020
2020-08-03,1.34751847193766,"Severe",95,68,27,8.63636363636364,0.618181818181818,0.490909090909091,0.71578947368421,2020
2020-08-04,1.38026462135463,"Severe",93,64,29,8.45454545454546,0.581818181818182,0.527272727272727,0.688172043010753,2020
2020-08-05,1.30229445094611,"Elevated",99,70,29,9,0.636363636363636,0.527272727272727,0.707070707070707,2020
2020-08-06,1.23699850786388,"Elevated",93,62,31,8.45454545454546,0.563636363636364,0.563636363636364,0.666666666666667,2020
2020-08-07,1.20836181589753,"Elevated",99,64,35,9,0.581818181818182,0.636363636363636,0.646464646464647,2020
2020-08-08,1.37118676055602,"Severe",96,66,30,8.72727272727273,0.6,0.545454545454545,0.6875,2020
2020-08-09,1.42321856839107,"Severe",95,64,31,8.63636363636364,0.581818181818182,0.563636363636364,0.673684210526316,2020
2020-08-10,1.51393687556934,"Severe",95,63,32,8.63636363636364,0.572727272727273,0.581818181818182,0.663157894736842,2020
2020-08-11,1.52418496943842,"Severe",92,62,30,8.36363636363636,0.563636363636364,0.545454545454545,0.673913043478261,2020
2020-08-12,1.528470371522,"Severe",92,62,30,8.36363636363636,0.563636363636364,0.545454545454545,0.673913043478261,2020
2020-08-13,1.44575601029,"Severe",99,66,33,9,0.6,0.6,0.666666666666667,2020
2020-08-14,1.44767780623078,"Severe",94,60,34,8.54545454545454,0.545454545454545,0.618181818181818,0.638297872340426,2020
2020-08-15,1.44727781268823,"Severe",96,66,30,8.72727272727273,0.6,0.545454545454545,0.6875,2020
2020-08-16,1.57871207320184,"Severe",96,65,31,8.72727272727273,0.590909090909091,0.563636363636364,0.677083333333333,2020
2020-08-17,1.63977370949954,"Severe",98,68,30,8.90909090909091,0.618181818181818,0.545454545454545,0.693877551020408,2020
2020-08-18,1.58274966976419,"Severe",99,68,31,9,0.618181818181818,0.563636363636364,0.686868686868687,2020
2020-08-19,1.68523261594822,"Severe",95,66,29,8.63636363636364,0.6,0.527272727272727,0.694736842105263,2020
2020-08-20,1.5959123485868,"Severe",95,65,30,8.63636363636364,0.590909090909091,0.545454545454545,0.68421052631579,2020
2020-08-21,1.55803864946095,"Severe",98,67,31,8.90909090909091,0.609090909090909,0.563636363636364,0.683673469387755,2020
2020-08-22,1.6590055085666,"Severe",107,72,35,9.72727272727273,0.654545454545455,0.636363636363636,0.672897196261682,2020
2020-08-23,1.652068564756,"Severe",101,68,33,9.18181818181818,0.618181818181818,0.6,0.673267326732673,2020
2020-08-24,1.69925367517225,"Severe",104,69,35,9.45454545454546,0.627272727272727,0.636363636363636,0.663461538461538,2020
2020-08-25,1.66366406269326,"Severe",100,66,34,9.09090909090909,0.6,0.618181818181818,0.66,2020
2020-08-26,1.72152117350412,"Severe",99,67,32,9,0.609090909090909,0.581818181818182,0.676767676767677,2020
2020-08-27,1.73420049554731,"Severe",104,75,29,9.45454545454546,0.681818181818182,0.527272727272727,0.721153846153846,2020
2020-08-28,1.71292935613798,"Severe",110,75,35,10,0.681818181818182,0.636363636363636,0.681818181818182,2020
2020-08-29,1.6283965702384,"Severe",108,73,35,9.81818181818182,0.663636363636364,0.636363636363636,0.675925925925926,2020
2020-08-30,1.55312970944542,"Severe",106,68,38,9.63636363636364,0.618181818181818,0.690909090909091,0.641509433962264,2020
2020-08-31,1.43770437377135,"Severe",101,66,35,9.18181818181818,0.6,0.636363636363636,0.653465346534653,2020
2020-09-01,1.51339311217094,"Severe",98,65,33,8.90909090909091,0.590909090909091,0.6,0.663265306122449,2020
2020-09-02,1.56786442472289,"Severe",101,67,34,9.18181818181818,0.609090909090909,0.618181818181818,0.663366336633663,2020
2020-09-03,1.56759699031168,"Severe",96,65,31,8.72727272727273,0.590909090909091,0.563636363636364,0.677083333333333,2020
2020-09-04,1.76858558495075,"Severe",102,69,33,9.27272727272727,0.627272727272727,0.6,0.676470588235294,2020
2020-09-05,1.63669719755974,"Severe",104,70,34,9.45454545454546,0.636363636363636,0.618181818181818,0.673076923076923,2020
2020-09-06,1.58514369027672,"Severe",99,65,34,9,0.590909090909091,0.618181818181818,0.656565656565657,2020
2020-09-07,1.59502362785485,"Severe",104,68,36,9.45454545454546,0.618181818181818,0.654545454545455,0.653846153846154,2020
2020-09-08,1.56486826215483,"Severe",104,70,34,9.45454545454546,0.636363636363636,0.618181818181818,0.673076923076923,2020
2020-09-09,1.66725279746731,"Severe",100,69,31,9.09090909090909,0.627272727272727,0.563636363636364,0.69,2020
2020-09-10,1.78768739408607,"Severe",101,67,34,9.18181818181818,0.609090909090909,0.618181818181818,0.663366336633663,2020
2020-09-11,1.78014499484352,"Severe",96,65,31,8.72727272727273,0.590909090909091,0.563636363636364,0.677083333333333,2020
2020-09-12,1.75618858498247,"Severe",101,67,34,9.18181818181818,0.609090909090909,0.618181818181818,0.663366336633663,2020
2020-09-13,0.938169454102164,"Low",113,75,38,10.2727272727273,0.681818181818182,0.690909090909091,0.663716814159292,2020
2020-09-14,1.39004186759172,"Severe",98,66,32,8.90909090909091,0.6,0.581818181818182,0.673469387755102,2020
2020-09-15,1.29745734397116,"Elevated",101,69,32,9.18181818181818,0.627272727272727,0.581818181818182,0.683168316831683,2020
2020-09-16,1.60775273197365,"Severe",100,68,32,9.09090909090909,0.618181818181818,0.581818181818182,0.68,2020
2020-09-17,1.32744737049509,"Severe",100,68,32,9.09090909090909,0.618181818181818,0.581818181818182,0.68,2020
2020-09-18,1.13016073956559,"Moderate",103,69,34,9.36363636363636,0.627272727272727,0.618181818181818,0.669902912621359,2020
2020-09-19,1.23550210330521,"Elevated",106,70,36,9.63636363636364,0.636363636363636,0.654545454545455,0.660377358490566,2020
2020-09-20,1.35993846692434,"Severe",107,71,36,9.72727272727273,0.645454545454546,0.654545454545455,0.663551401869159,2020
2020-09-21,1.24959663339328,"Elevated",110,72,38,10,0.654545454545455,0.690909090909091,0.654545454545455,2020
2020-09-22,1.00945706159937,"Low",118,78,40,10.7272727272727,0.709090909090909,0.727272727272727,0.661016949152542,2020
2020-09-23,1.14734343591034,"Moderate",109,76,33,9.90909090909091,0.690909090909091,0.6,0.697247706422018,2020
2020-09-24,1.06547529537299,"Moderate",110,76,34,10,0.690909090909091,0.618181818181818,0.690909090909091,2020
2020-09-25,1.20115022366349,"Elevated",109,72,37,9.90909090909091,0.654545454545455,0.672727272727273,0.660550458715596,2020
2020-09-26,1.1134411870305,"Moderate",107,71,36,9.72727272727273,0.645454545454546,0.654545454545455,0.663551401869159,2020
2020-09-27,1.14926483736498,"Moderate",113,74,39,10.2727272727273,0.672727272727273,0.709090909090909,0.654867256637168,2020
2020-09-28,1.16840156973498,"Elevated",104,69,35,9.45454545454546,0.627272727272727,0.636363636363636,0.663461538461538,2020
2020-09-29,1.20019297808274,"Elevated",110,72,38,10,0.654545454545455,0.690909090909091,0.654545454545455,2020
2020-09-30,1.13938762857613,"Moderate",113,74,39,10.2727272727273,0.672727272727273,0.709090909090909,0.654867256637168,2020
2020-10-01,1.42135639662219,"Severe",113,74,39,10.2727272727273,0.672727272727273,0.709090909090909,0.654867256637168,2020
2020-10-02,1.67330392159387,"Severe",104,67,37,9.45454545454546,0.609090909090909,0.672727272727273,0.644230769230769,2020
2020-10-03,1.11938782550868,"Moderate",109,73,36,9.90909090909091,0.663636363636364,0.654545454545455,0.669724770642202,2020
2020-10-04,1.02883118913354,"Low",110,73,37,10,0.663636363636364,0.672727272727273,0.663636363636364,2020
2020-10-05,1.28053907952468,"Elevated",107,71,36,9.72727272727273,0.645454545454546,0.654545454545455,0.663551401869159,2020
2020-10-06,1.06384292297398,"Moderate",114,74,40,10.3636363636364,0.672727272727273,0.727272727272727,0.649122807017544,2020
2020-10-07,1.09091950127809,"Moderate",115,79,36,10.4545454545455,0.718181818181818,0.654545454545455,0.68695652173913,2020
2020-10-08,1.28517231551526,"Elevated",107,71,36,9.72727272727273,0.645454545454546,0.654545454545455,0.663551401869159,2020
2020-10-09,1.31005377109831,"Severe",103,71,32,9.36363636363636,0.645454545454546,0.581818181818182,0.689320388349515,2020
2020-10-10,1.2023604836307,"Elevated",104,70,34,9.45454545454546,0.636363636363636,0.618181818181818,0.673076923076923,2020
2020-10-11,1.31759668586399,"Severe",98,69,29,8.90909090909091,0.627272727272727,0.527272727272727,0.704081632653061,2020
2020-10-12,1.17313902987568,"Elevated",107,72,35,9.72727272727273,0.654545454545455,0.636363636363636,0.672897196261682,2020
2020-10-13,1.16826432327147,"Elevated",106,72,34,9.63636363636364,0.654545454545455,0.618181818181818,0.679245283018868,2020
2020-10-14,1.28898130892097,"Elevated",106,72,34,9.63636363636364,0.654545454545455,0.618181818181818,0.679245283018868,2020
2020-10-15,1.1506398502252,"Moderate",107,73,34,9.72727272727273,0.663636363636364,0.618181818181818,0.682242990654206,2020
2020-10-16,1.15061373883613,"Moderate",108,74,34,9.81818181818182,0.672727272727273,0.618181818181818,0.685185185185185,2020
2020-10-17,1.14233253042215,"Moderate",107,73,34,9.72727272727273,0.663636363636364,0.618181818181818,0.682242990654206,2020
2020-10-18,1.12503706145655,"Moderate",110,74,36,10,0.672727272727273,0.654545454545455,0.672727272727273,2020
2020-10-19,1.11442073719049,"Moderate",112,74,38,10.1818181818182,0.672727272727273,0.690909090909091,0.660714285714286,2020
2020-10-20,1.05895226187355,"Moderate",112,73,39,10.1818181818182,0.663636363636364,0.709090909090909,0.651785714285714,2020
2020-10-21,1.25161291724325,"Elevated",106,72,34,9.63636363636364,0.654545454545455,0.618181818181818,0.679245283018868,2020
2020-10-22,1.75519681230867,"Severe",88,55,33,8,0.5,0.6,0.625,2020
2020-10-23,1.51817428027874,"Severe",89,57,32,8.09090909090909,0.518181818181818,0.581818181818182,0.640449438202247,2020
2020-10-24,1.27540048390994,"Elevated",93,61,32,8.45454545454546,0.554545454545455,0.581818181818182,0.655913978494624,2020
2020-10-25,1.36768177273148,"Severe",94,60,34,8.54545454545454,0.545454545454545,0.618181818181818,0.638297872340426,2020
2020-10-26,1.45376150360804,"Severe",97,63,34,8.81818181818182,0.572727272727273,0.618181818181818,0.649484536082474,2020
2020-10-27,1.3748026491364,"Severe",93,61,32,8.45454545454546,0.554545454545455,0.581818181818182,0.655913978494624,2020
2020-10-28,1.6228951439893,"Severe",90,60,30,8.18181818181818,0.545454545454545,0.545454545454545,0.666666666666667,2020
2020-10-29,1.48693480970737,"Severe",97,63,34,8.81818181818182,0.572727272727273,0.618181818181818,0.649484536082474,2020
2020-10-30,1.6060038756878,"Severe",90,59,31,8.18181818181818,0.536363636363636,0.563636363636364,0.655555555555556,2020
2020-10-31,1.28645773137784,"Elevated",105,69,36,9.54545454545454,0.627272727272727,0.654545454545455,0.657142857142857,2020
2020-11-01,1.27247714722197,"Elevated",104,68,36,9.45454545454546,0.618181818181818,0.654545454545455,0.653846153846154,2020
2020-11-02,1.23599974978256,"Elevated",111,74,37,10.0909090909091,0.672727272727273,0.672727272727273,0.666666666666667,2020
2020-11-03,1.0050302383029,"Low",111,72,39,10.0909090909091,0.654545454545455,0.709090909090909,0.648648648648649,2020
2020-11-04,1.02407057593192,"Low",115,73,42,10.4545454545455,0.663636363636364,0.763636363636364,0.634782608695652,2020
2020-11-05,1.11340048125149,"Moderate",106,66,40,9.63636363636364,0.6,0.727272727272727,0.622641509433962,2020
2020-11-06,1.07333275082486,"Moderate",108,71,37,9.81818181818182,0.645454545454546,0.672727272727273,0.657407407407407,2020
2020-11-07,1.1376901615528,"Moderate",106,69,37,9.63636363636364,0.627272727272727,0.672727272727273,0.650943396226415,2020
2020-11-08,1.36368720320533,"Severe",103,67,36,9.36363636363636,0.609090909090909,0.654545454545455,0.650485436893204,2020
2020-11-09,1.1200726654966,"Moderate",106,70,36,9.63636363636364,0.636363636363636,0.654545454545455,0.660377358490566,2020
2020-11-10,1.12907154208291,"Moderate",106,70,36,9.63636363636364,0.636363636363636,0.654545454545455,0.660377358490566,2020
2020-11-11,1.10408530240287,"Moderate",108,69,39,9.81818181818182,0.627272727272727,0.709090909090909,0.638888888888889,2020
2020-11-12,0.980964037906148,"Low",107,71,36,9.72727272727273,0.645454545454546,0.654545454545455,0.663551401869159,2020
2020-11-13,0.961743976210643,"Low",111,69,42,10.0909090909091,0.627272727272727,0.763636363636364,0.621621621621622,2020
2020-11-14,0.874115678678246,"Very low",110,69,41,10,0.627272727272727,0.745454545454545,0.627272727272727,2020
2020-11-15,0.896821820097256,"Very low",112,73,39,10.1818181818182,0.663636363636364,0.709090909090909,0.651785714285714,2020
2020-11-16,0.987756142715338,"Low",107,70,37,9.72727272727273,0.636363636363636,0.672727272727273,0.654205607476635,2020
2020-11-17,1.16098740301482,"Elevated",104,70,34,9.45454545454546,0.636363636363636,0.618181818181818,0.673076923076923,2020
2020-11-18,0.848320092775152,"Very low",115,77,38,10.4545454545455,0.7,0.690909090909091,0.669565217391304,2020
2020-11-19,1.0735033867614,"Moderate",110,69,41,10,0.627272727272727,0.745454545454545,0.627272727272727,2020
2020-11-20,1.08049818381468,"Moderate",111,74,37,10.0909090909091,0.672727272727273,0.672727272727273,0.666666666666667,2020
2020-11-21,1.09192780406806,"Moderate",113,75,38,10.2727272727273,0.681818181818182,0.690909090909091,0.663716814159292,2020
2020-11-22,1.28211656882902,"Elevated",107,75,32,9.72727272727273,0.681818181818182,0.581818181818182,0.700934579439252,2020
2020-11-23,1.409878546737,"Severe",96,69,27,8.72727272727273,0.627272727272727,0.490909090909091,0.71875,2020
2020-11-24,1.4489067450107,"Severe",95,64,31,8.63636363636364,0.581818181818182,0.563636363636364,0.673684210526316,2020
2020-11-25,1.45817356752262,"Severe",93,62,31,8.45454545454546,0.563636363636364,0.563636363636364,0.666666666666667,2020
2020-11-26,1.40138655220475,"Severe",98,66,32,8.90909090909091,0.6,0.581818181818182,0.673469387755102,2020
2020-11-27,1.39771201368905,"Severe",96,63,33,8.72727272727273,0.572727272727273,0.6,0.65625,2020
2020-11-28,1.12490218159132,"Moderate",105,72,33,9.54545454545454,0.654545454545455,0.6,0.685714285714286,2020
2020-11-29,1.14960025915957,"Moderate",102,70,32,9.27272727272727,0.636363636363636,0.581818181818182,0.686274509803922,2020
2020-11-30,1.09252032859752,"Moderate",105,74,31,9.54545454545454,0.672727272727273,0.563636363636364,0.704761904761905,2020
2020-12-01,1.2982649987864,"Elevated",103,70,33,9.36363636363636,0.636363636363636,0.6,0.679611650485437,2020
2020-12-02,1.14479692885985,"Moderate",102,71,31,9.27272727272727,0.645454545454546,0.563636363636364,0.696078431372549,2020
2020-12-03,0.989791599001342,"Low",108,75,33,9.81818181818182,0.681818181818182,0.6,0.694444444444444,2020
2020-12-04,1.06464172335415,"Moderate",105,74,31,9.54545454545454,0.672727272727273,0.563636363636364,0.704761904761905,2020
2020-12-05,0.85017107455764,"Very low",113,78,35,10.2727272727273,0.709090909090909,0.636363636363636,0.690265486725664,2020
2020-12-06,0.873609308333425,"Very low",115,79,36,10.4545454545455,0.718181818181818,0.654545454545455,0.68695652173913,2020
2020-12-07,1.22569920458635,"Elevated",111,74,37,10.0909090909091,0.672727272727273,0.672727272727273,0.666666666666667,2020
2020-12-08,1.12861633777869,"Moderate",108,74,34,9.81818181818182,0.672727272727273,0.618181818181818,0.685185185185185,2020
2020-12-09,1.14916908489148,"Moderate",106,76,30,9.63636363636364,0.690909090909091,0.545454545454545,0.716981132075472,2020
2020-12-10,1.26600946579894,"Elevated",102,71,31,9.27272727272727,0.645454545454546,0.563636363636364,0.696078431372549,2020
2020-12-11,1.22653164151024,"Elevated",108,79,29,9.81818181818182,0.718181818181818,0.527272727272727,0.731481481481482,2020
2020-12-12,1.3968939201288,"Severe",101,72,29,9.18181818181818,0.654545454545455,0.527272727272727,0.712871287128713,2020
2020-12-13,1.07662496688801,"Moderate",108,77,31,9.81818181818182,0.7,0.563636363636364,0.712962962962963,2020
2020-12-14,1.18092551764128,"Elevated",107,76,31,9.72727272727273,0.690909090909091,0.563636363636364,0.710280373831776,2020
2020-12-15,1.74983927797301,"Severe",103,72,31,9.36363636363636,0.654545454545455,0.563636363636364,0.699029126213592,2020
2020-12-16,1.14037780811693,"Moderate",108,74,34,9.81818181818182,0.672727272727273,0.618181818181818,0.685185185185185,2020
2020-12-17,1.12391009464551,"Moderate",106,74,32,9.63636363636364,0.672727272727273,0.581818181818182,0.69811320754717,2020
2020-12-18,1.23029643396946,"Elevated",101,70,31,9.18181818181818,0.636363636363636,0.563636363636364,0.693069306930693,2020
2020-12-19,1.07630090855082,"Moderate",109,75,34,9.90909090909091,0.681818181818182,0.618181818181818,0.688073394495413,2020
2020-12-20,1.21198272460712,"Elevated",104,69,35,9.45454545454546,0.627272727272727,0.636363636363636,0.663461538461538,2020
2020-12-21,1.13525080449806,"Moderate",103,74,29,9.36363636363636,0.672727272727273,0.527272727272727,0.718446601941748,2020
2020-12-22,1.03141000777483,"Low",103,68,35,9.36363636363636,0.618181818181818,0.636363636363636,0.660194174757282,2020
2020-12-23,1.08048636071046,"Moderate",102,69,33,9.27272727272727,0.627272727272727,0.6,0.676470588235294,2020
2020-12-24,1.16427876061136,"Elevated",98,64,34,8.90909090909091,0.581818181818182,0.618181818181818,0.653061224489796,2020
2020-12-25,1.11147042506069,"Moderate",104,71,33,9.45454545454546,0.645454545454546,0.6,0.682692307692308,2020
2020-12-26,0.95674720348112,"Low",109,72,37,9.90909090909091,0.654545454545455,0.672727272727273,0.660550458715596,2020
2020-12-27,0.984371171636734,"Low",111,73,38,10.0909090909091,0.663636363636364,0.690909090909091,0.657657657657658,2020
2020-12-28,1.05345752108405,"Moderate",112,75,37,10.1818181818182,0.681818181818182,0.672727272727273,0.669642857142857,2020
2020-12-29,1.12857872846902,"Moderate",106,74,32,9.63636363636364,0.672727272727273,0.581818181818182,0.69811320754717,2020
2020-12-30,1.16772184005504,"Elevated",112,76,36,10.1818181818182,0.690909090909091,0.654545454545455,0.678571428571429,2020
2020-12-31,0.978712325046328,"Low",112,74,38,10.1818181818182,0.672727272727273,0.690909090909091,0.660714285714286,2020
2021-01-01,0.925768685437871,"Low",117,79,38,10.6363636363636,0.718181818181818,0.690909090909091,0.675213675213675,2021
2021-01-02,0.932335705342536,"Low",116,76,40,10.5454545454545,0.690909090909091,0.727272727272727,0.655172413793103,2021
2021-01-03,1.08004525048051,"Moderate",117,80,37,10.6363636363636,0.727272727272727,0.672727272727273,0.683760683760684,2021
2021-01-04,1.00986683500902,"Low",115,79,36,10.4545454545455,0.718181818181818,0.654545454545455,0.68695652173913,2021
2021-01-05,1.22592048745102,"Elevated",106,69,37,9.63636363636364,0.627272727272727,0.672727272727273,0.650943396226415,2021
2021-01-06,1.50781862210138,"Severe",95,63,32,8.63636363636364,0.572727272727273,0.581818181818182,0.663157894736842,2021
2021-01-07,1.68672331957233,"Severe",93,64,29,8.45454545454546,0.581818181818182,0.527272727272727,0.688172043010753,2021
2021-01-08,1.51651454962116,"Severe",97,68,29,8.81818181818182,0.618181818181818,0.527272727272727,0.701030927835051,2021
2021-01-09,1.31923439750529,"Severe",99,69,30,9,0.627272727272727,0.545454545454545,0.696969696969697,2021
2021-01-10,1.30005045234257,"Elevated",104,68,36,9.45454545454546,0.618181818181818,0.654545454545455,0.653846153846154,2021
2021-01-11,1.12967032241672,"Moderate",103,72,31,9.36363636363636,0.654545454545455,0.563636363636364,0.699029126213592,2021
2021-01-12,1.3231035721625,"Severe",103,71,32,9.36363636363636,0.645454545454546,0.581818181818182,0.689320388349515,2021
2021-01-13,1.21905392788972,"Elevated",104,72,32,9.45454545454546,0.654545454545455,0.581818181818182,0.692307692307692,2021
2021-01-14,1.20134177276595,"Elevated",102,70,32,9.27272727272727,0.636363636363636,0.581818181818182,0.686274509803922,2021
2021-01-15,1.27271402677579,"Elevated",98,69,29,8.90909090909091,0.627272727272727,0.527272727272727,0.704081632653061,2021
2021-01-16,1.13941779680145,"Moderate",101,70,31,9.18181818181818,0.636363636363636,0.563636363636364,0.693069306930693,2021
2021-01-17,1.11879623683599,"Moderate",98,66,32,8.90909090909091,0.6,0.581818181818182,0.673469387755102,2021
2021-01-18,1.18500994813859,"Elevated",104,66,38,9.45454545454546,0.6,0.690909090909091,0.634615384615385,2021
2021-01-19,1.17388850365177,"Elevated",106,66,40,9.63636363636364,0.6,0.727272727272727,0.622641509433962,2021
2021-01-20,1.2878279806099,"Elevated",103,63,40,9.36363636363636,0.572727272727273,0.727272727272727,0.611650485436893,2021
2021-01-21,1.31075216687462,"Severe",99,61,38,9,0.554545454545455,0.690909090909091,0.616161616161616,2021
2021-01-22,1.20557475887111,"Elevated",101,63,38,9.18181818181818,0.572727272727273,0.690909090909091,0.623762376237624,2021
2021-01-23,1.09175984718026,"Moderate",99,62,37,9,0.563636363636364,0.672727272727273,0.626262626262626,2021
2021-01-24,1.07759771307113,"Moderate",98,62,36,8.90909090909091,0.563636363636364,0.654545454545455,0.63265306122449,2021
2021-01-25,1.16092558871239,"Elevated",99,62,37,9,0.563636363636364,0.672727272727273,0.626262626262626,2021
2021-01-26,1.13728422343143,"Moderate",103,65,38,9.36363636363636,0.590909090909091,0.690909090909091,0.631067961165049,2021
2021-01-27,1.18188985768629,"Elevated",101,62,39,9.18181818181818,0.563636363636364,0.709090909090909,0.613861386138614,2021
2021-01-28,1.2779524558769,"Elevated",101,62,39,9.18181818181818,0.563636363636364,0.709090909090909,0.613861386138614,2021
2021-01-29,1.27125817126587,"Elevated",90,57,33,8.18181818181818,0.518181818181818,0.6,0.633333333333333,2021
2021-01-30,1.23242876566268,"Elevated",95,62,33,8.63636363636364,0.563636363636364,0.6,0.652631578947368,2021
2021-01-31,1.36321259979236,"Severe",95,61,34,8.63636363636364,0.554545454545455,0.618181818181818,0.642105263157895,2021
2021-02-01,1.41824569961176,"Severe",95,61,34,8.63636363636364,0.554545454545455,0.618181818181818,0.642105263157895,2021
2021-02-02,1.22220047327804,"Elevated",99,62,37,9,0.563636363636364,0.672727272727273,0.626262626262626,2021
2021-02-03,1.32307152935885,"Severe",97,62,35,8.81818181818182,0.563636363636364,0.636363636363636,0.639175257731959,2021
2021-02-04,1.5073995721234,"Severe",94,61,33,8.54545454545454,0.554545454545455,0.6,0.648936170212766,2021
2021-02-05,1.64885231847339,"Severe",93,59,34,8.45454545454546,0.536363636363636,0.618181818181818,0.634408602150538,2021
2021-02-06,1.23392992440957,"Elevated",106,70,36,9.63636363636364,0.636363636363636,0.654545454545455,0.660377358490566,2021
2021-02-07,1.15329002500309,"Moderate",105,64,41,9.54545454545454,0.581818181818182,0.745454545454545,0.60952380952381,2021
2021-02-08,1.19726709088415,"Elevated",101,64,37,9.18181818181818,0.581818181818182,0.672727272727273,0.633663366336634,2021
2021-02-09,1.65177971815583,"Severe",92,60,32,8.36363636363636,0.545454545454545,0.581818181818182,0.652173913043478,2021
2021-02-10,1.41113816368505,"Severe",103,68,35,9.36363636363636,0.618181818181818,0.636363636363636,0.660194174757282,2021
2021-02-11,1.69370186228708,"Severe",95,59,36,8.63636363636364,0.536363636363636,0.654545454545455,0.621052631578947,2021
2021-02-12,1.38549347538298,"Severe",102,63,39,9.27272727272727,0.572727272727273,0.709090909090909,0.61764705882353,2021
2021-02-13,1.25561272631469,"Elevated",102,62,40,9.27272727272727,0.563636363636364,0.727272727272727,0.607843137254902,2021
2021-02-14,1.07224239384374,"Moderate",105,63,42,9.54545454545454,0.572727272727273,0.763636363636364,0.6,2021
2021-02-15,1.23751558868085,"Elevated",105,70,35,9.54545454545454,0.636363636363636,0.636363636363636,0.666666666666667,2021
2021-02-16,1.13763924767126,"Moderate",110,72,38,10,0.654545454545455,0.690909090909091,0.654545454545455,2021
2021-02-17,1.01214662275839,"Low",102,68,34,9.27272727272727,0.618181818181818,0.618181818181818,0.666666666666667,2021
2021-02-18,1.02905412255271,"Low",102,66,36,9.27272727272727,0.6,0.654545454545455,0.647058823529412,2021
2021-02-19,1.11775421748955,"Moderate",103,69,34,9.36363636363636,0.627272727272727,0.618181818181818,0.669902912621359,2021
2021-02-20,0.9647833476607,"Low",109,72,37,9.90909090909091,0.654545454545455,0.672727272727273,0.660550458715596,2021
2021-02-21,0.92812220859099,"Low",104,70,34,9.45454545454546,0.636363636363636,0.618181818181818,0.673076923076923,2021
2021-02-22,1.06299007419743,"Moderate",103,66,37,9.36363636363636,0.6,0.672727272727273,0.640776699029126,2021
2021-02-23,1.01916759425994,"Low",103,65,38,9.36363636363636,0.590909090909091,0.690909090909091,0.631067961165049,2021
2021-02-24,1.11516605103608,"Moderate",105,69,36,9.54545454545454,0.627272727272727,0.654545454545455,0.657142857142857,2021
2021-02-25,0.932155622383414,"Low",105,70,35,9.54545454545454,0.636363636363636,0.636363636363636,0.666666666666667,2021
2021-02-26,1.13433864848973,"Moderate",101,65,36,9.18181818181818,0.590909090909091,0.654545454545455,0.643564356435644,2021
2021-02-27,1.04915948226246,"Low",109,67,42,9.90909090909091,0.609090909090909,0.763636363636364,0.614678899082569,2021
2021-02-28,1.13814974816936,"Moderate",103,67,36,9.36363636363636,0.609090909090909,0.654545454545455,0.650485436893204,2021
2021-03-01,1.2691794323003,"Elevated",101,67,34,9.18181818181818,0.609090909090909,0.618181818181818,0.663366336633663,2021
2021-03-02,1.21426086981123,"Elevated",102,71,31,9.27272727272727,0.645454545454546,0.563636363636364,0.696078431372549,2021
2021-03-03,1.2353513676323,"Elevated",107,71,36,9.72727272727273,0.645454545454546,0.654545454545455,0.663551401869159,2021
2021-03-04,1.00420413810836,"Low",108,69,39,9.81818181818182,0.627272727272727,0.709090909090909,0.638888888888889,2021
2021-03-05,1.20764707885018,"Elevated",99,64,35,9,0.581818181818182,0.636363636363636,0.646464646464647,2021
2021-03-06,1.15908632310255,"Elevated",102,65,37,9.27272727272727,0.590909090909091,0.672727272727273,0.637254901960784,2021
2021-03-07,1.08443095683235,"Moderate",105,67,38,9.54545454545454,0.609090909090909,0.690909090909091,0.638095238095238,2021
2021-03-08,1.07036702709145,"Moderate",105,67,38,9.54545454545454,0.609090909090909,0.690909090909091,0.638095238095238,2021
2021-03-09,1.16785369065426,"Elevated",106,70,36,9.63636363636364,0.636363636363636,0.654545454545455,0.660377358490566,2021
2021-03-10,1.06323815302749,"Moderate",112,76,36,10.1818181818182,0.690909090909091,0.654545454545455,0.678571428571429,2021
2021-03-11,1.11851415427086,"Moderate",114,78,36,10.3636363636364,0.709090909090909,0.654545454545455,0.68421052631579,2021
2021-03-12,1.06540401254942,"Moderate",109,74,35,9.90909090909091,0.672727272727273,0.636363636363636,0.678899082568807,2021
2021-03-13,0.985303424275457,"Low",112,74,38,10.1818181818182,0.672727272727273,0.690909090909091,0.660714285714286,2021
2021-03-14,0.75548706236777,"Very low",117,79,38,10.6363636363636,0.718181818181818,0.690909090909091,0.675213675213675,2021
2021-03-15,0.834954755646173,"Very low",110,72,38,10,0.654545454545455,0.690909090909091,0.654545454545455,2021
2021-03-16,0.784621203244297,"Very low",114,78,36,10.3636363636364,0.709090909090909,0.654545454545455,0.68421052631579,2021
2021-03-17,0.925840894794022,"Low",114,77,37,10.3636363636364,0.7,0.672727272727273,0.675438596491228,2021
2021-03-18,1.1182346357576,"Moderate",114,77,37,10.3636363636364,0.7,0.672727272727273,0.675438596491228,2021
2021-03-19,1.03006202746941,"Low",114,74,40,10.3636363636364,0.672727272727273,0.727272727272727,0.649122807017544,2021
2021-03-20,1.08593923501662,"Moderate",111,75,36,10.0909090909091,0.681818181818182,0.654545454545455,0.675675675675676,2021
2021-03-21,0.998827912681848,"Low",111,76,35,10.0909090909091,0.690909090909091,0.636363636363636,0.684684684684685,2021
2021-03-22,1.10964335741749,"Moderate",109,72,37,9.90909090909091,0.654545454545455,0.672727272727273,0.660550458715596,2021
2021-03-23,1.26576713735931,"Elevated",100,69,31,9.09090909090909,0.627272727272727,0.563636363636364,0.69,2021
2021-03-24,0.797193864829826,"Very low",117,79,38,10.6363636363636,0.718181818181818,0.690909090909091,0.675213675213675,2021
2021-03-25,0.933115066503713,"Low",114,78,36,10.3636363636364,0.709090909090909,0.654545454545455,0.68421052631579,2021
2021-03-26,0.794340717564092,"Very low",116,79,37,10.5454545454545,0.718181818181818,0.672727272727273,0.681034482758621,2021
2021-03-27,0.869651472379945,"Very low",110,77,33,10,0.7,0.6,0.7,2021
2021-03-28,1.16726647728791,"Elevated",106,74,32,9.63636363636364,0.672727272727273,0.581818181818182,0.69811320754717,2021
2021-03-29,1.03191153249149,"Low",112,80,32,10.1818181818182,0.727272727272727,0.581818181818182,0.714285714285714,2021
2021-03-30,1.01166691630314,"Low",109,74,35,9.90909090909091,0.672727272727273,0.636363636363636,0.678899082568807,2021
2021-03-31,0.927787610069736,"Low",111,78,33,10.0909090909091,0.709090909090909,0.6,0.702702702702703,2021
2021-04-01,0.929279341042855,"Low",110,74,36,10,0.672727272727273,0.654545454545455,0.672727272727273,2021
2021-04-02,0.821454651573514,"Very low",113,78,35,10.2727272727273,0.709090909090909,0.636363636363636,0.690265486725664,2021
2021-04-03,0.849498572430171,"Very low",111,76,35,10.0909090909091,0.690909090909091,0.636363636363636,0.684684684684685,2021
2021-04-04,1.23846790538254,"Elevated",102,70,32,9.27272727272727,0.636363636363636,0.581818181818182,0.686274509803922,2021
2021-04-05,0.954479625070564,"Low",104,74,30,9.45454545454546,0.672727272727273,0.545454545454545,0.711538461538462,2021
2021-04-06,0.726180541677093,"Very low",108,74,34,9.81818181818182,0.672727272727273,0.618181818181818,0.685185185185185,2021
2021-04-07,1.00160653466204,"Low",107,73,34,9.72727272727273,0.663636363636364,0.618181818181818,0.682242990654206,2021
2021-04-08,0.865518368820999,"Very low",110,74,36,10,0.672727272727273,0.654545454545455,0.672727272727273,2021
2021-04-09,1.08225356659253,"Moderate",107,73,34,9.72727272727273,0.663636363636364,0.618181818181818,0.682242990654206,2021
2021-04-10,1.1101795405723,"Moderate",98,65,33,8.90909090909091,0.590909090909091,0.6,0.663265306122449,2021
2021-04-11,1.07717122730386,"Moderate",102,69,33,9.27272727272727,0.627272727272727,0.6,0.676470588235294,2021
2021-04-12,0.986838452320168,"Low",102,66,36,9.27272727272727,0.6,0.654545454545455,0.647058823529412,2021
2021-04-13,1.10030122409519,"Moderate",103,66,37,9.36363636363636,0.6,0.672727272727273,0.640776699029126,2021
2021-04-14,1.14294929032056,"Moderate",101,65,36,9.18181818181818,0.590909090909091,0.654545454545455,0.643564356435644,2021
2021-04-15,1.1195094583366,"Moderate",103,63,40,9.36363636363636,0.572727272727273,0.727272727272727,0.611650485436893,2021
2021-04-16,1.31052909849883,"Severe",100,66,34,9.09090909090909,0.6,0.618181818181818,0.66,2021
2021-04-17,0.865693691797796,"Very low",115,76,39,10.4545454545455,0.690909090909091,0.709090909090909,0.660869565217391,2021
2021-04-18,1.21203161228626,"Elevated",104,68,36,9.45454545454546,0.618181818181818,0.654545454545455,0.653846153846154,2021
2021-04-19,0.946771679879009,"Low",107,66,41,9.72727272727273,0.6,0.745454545454545,0.616822429906542,2021
2021-04-20,0.78769033808962,"Very low",112,67,45,10.1818181818182,0.609090909090909,0.818181818181818,0.598214285714286,2021
2021-04-21,0.855811742003166,"Very low",106,63,43,9.63636363636364,0.572727272727273,0.781818181818182,0.594339622641509,2021
2021-04-22,0.840666749571108,"Very low",104,65,39,9.45454545454546,0.590909090909091,0.709090909090909,0.625,2021
2021-04-23,0.864213762078009,"Very low",109,67,42,9.90909090909091,0.609090909090909,0.763636363636364,0.614678899082569,2021
2021-04-24,0.847354688756701,"Very low",112,73,39,10.1818181818182,0.663636363636364,0.709090909090909,0.651785714285714,2021
2021-04-25,0.990423670665399,"Low",99,63,36,9,0.572727272727273,0.654545454545455,0.636363636363636,2021
2021-04-26,0.95352918653945,"Low",107,72,35,9.72727272727273,0.654545454545455,0.636363636363636,0.672897196261682,2021
2021-04-27,0.797450755444295,"Very low",105,71,34,9.54545454545454,0.645454545454546,0.618181818181818,0.676190476190476,2021
2021-04-28,0.935799027046426,"Low",107,71,36,9.72727272727273,0.645454545454546,0.654545454545455,0.663551401869159,2021
2021-04-29,1.03583778269659,"Low",107,71,36,9.72727272727273,0.645454545454546,0.654545454545455,0.663551401869159,2021
2021-04-30,1.19108868164532,"Elevated",102,64,38,9.27272727272727,0.581818181818182,0.690909090909091,0.627450980392157,2021
2021-05-01,0.948630878786362,"Low",106,68,38,9.63636363636364,0.618181818181818,0.690909090909091,0.641509433962264,2021
2021-05-02,1.21199733569464,"Elevated",105,67,38,9.54545454545454,0.609090909090909,0.690909090909091,0.638095238095238,2021
2021-05-03,0.998037691929348,"Low",103,68,35,9.36363636363636,0.618181818181818,0.636363636363636,0.660194174757282,2021
2021-05-04,0.969754154959408,"Low",108,66,42,9.81818181818182,0.6,0.763636363636364,0.611111111111111,2021
2021-05-05,1.15631927765755,"Elevated",101,65,36,9.18181818181818,0.590909090909091,0.654545454545455,0.643564356435644,2021
2021-05-06,1.0992048926918,"Moderate",110,70,40,10,0.636363636363636,0.727272727272727,0.636363636363636,2021
2021-05-07,1.08509154746187,"Moderate",104,68,36,9.45454545454546,0.618181818181818,0.654545454545455,0.653846153846154,2021
2021-05-08,1.19323628114603,"Elevated",98,63,35,8.90909090909091,0.572727272727273,0.636363636363636,0.642857142857143,2021
2021-05-09,1.27077482021598,"Elevated",100,64,36,9.09090909090909,0.581818181818182,0.654545454545455,0.64,2021
2021-05-10,1.07674553282148,"Moderate",103,66,37,9.36363636363636,0.6,0.672727272727273,0.640776699029126,2021
2021-05-11,1.17779339685242,"Elevated",102,65,37,9.27272727272727,0.590909090909091,0.672727272727273,0.637254901960784,2021
2021-05-12,1.33387039748671,"Severe",85,58,27,7.72727272727273,0.527272727272727,0.490909090909091,0.682352941176471,2021
2021-05-13,1.43049245557972,"Severe",85,55,30,7.72727272727273,0.5,0.545454545454545,0.647058823529412,2021
2021-05-14,1.3475840910509,"Severe",94,61,33,8.54545454545454,0.554545454545455,0.6,0.648936170212766,2021
2021-05-15,1.5955811999963,"Severe",90,58,32,8.18181818181818,0.527272727272727,0.581818181818182,0.644444444444444,2021
2021-05-16,1.32560596612848,"Severe",91,60,31,8.27272727272727,0.545454545454545,0.563636363636364,0.659340659340659,2021
2021-05-17,1.437741031576,"Severe",96,64,32,8.72727272727273,0.581818181818182,0.581818181818182,0.666666666666667,2021
2021-05-18,1.28119045510899,"Elevated",95,66,29,8.63636363636364,0.6,0.527272727272727,0.694736842105263,2021
2021-05-19,1.00951946312315,"Low",100,71,29,9.09090909090909,0.645454545454546,0.527272727272727,0.71,2021
2021-05-20,1.01202745745036,"Low",99,66,33,9,0.6,0.6,0.666666666666667,2021
2021-05-21,0.822902575586278,"Very low",105,74,31,9.54545454545454,0.672727272727273,0.563636363636364,0.704761904761905,2021
2021-05-22,0.833704583688946,"Very low",109,76,33,9.90909090909091,0.690909090909091,0.6,0.697247706422018,2021
2021-05-23,1.19440448953367,"Elevated",97,67,30,8.81818181818182,0.609090909090909,0.545454545454545,0.690721649484536,2021
2021-05-24,1.02611231949776,"Low",103,70,33,9.36363636363636,0.636363636363636,0.6,0.679611650485437,2021
2021-05-25,0.824413041704109,"Very low",108,75,33,9.81818181818182,0.681818181818182,0.6,0.694444444444444,2021
2021-05-26,0.967836260977727,"Low",104,68,36,9.45454545454546,0.618181818181818,0.654545454545455,0.653846153846154,2021
2021-05-27,0.784151642218715,"Very low",99,68,31,9,0.618181818181818,0.563636363636364,0.686868686868687,2021
2021-05-28,1.24666730886397,"Elevated",94,60,34,8.54545454545454,0.545454545454545,0.618181818181818,0.638297872340426,2021
2021-05-29,0.833042911232542,"Very low",105,70,35,9.54545454545454,0.636363636363636,0.636363636363636,0.666666666666667,2021
2021-05-30,0.817245435275092,"Very low",106,69,37,9.63636363636364,0.627272727272727,0.672727272727273,0.650943396226415,2021
2021-05-31,0.764790919794974,"Very low",114,73,41,10.3636363636364,0.663636363636364,0.745454545454545,0.640350877192982,2021
2021-06-01,0.911612783181364,"Very low",111,72,39,10.0909090909091,0.654545454545455,0.709090909090909,0.648648648648649,2021
2021-06-02,0.864558490105309,"Very low",110,70,40,10,0.636363636363636,0.727272727272727,0.636363636363636,2021
2021-06-03,0.957742458869257,"Low",110,70,40,10,0.636363636363636,0.727272727272727,0.636363636363636,2021
2021-06-04,0.756214183241423,"Very low",114,74,40,10.3636363636364,0.672727272727273,0.727272727272727,0.649122807017544,2021
2021-06-05,0.857273344150981,"Very low",111,70,41,10.0909090909091,0.636363636363636,0.745454545454545,0.630630630630631,2021
2021-06-06,0.819054700204342,"Very low",107,65,42,9.72727272727273,0.590909090909091,0.763636363636364,0.607476635514019,2021
2021-06-07,0.826439915736044,"Very low",112,73,39,10.1818181818182,0.663636363636364,0.709090909090909,0.651785714285714,2021
2021-06-08,1.06034479714848,"Moderate",98,62,36,8.90909090909091,0.563636363636364,0.654545454545455,0.63265306122449,2021
2021-06-09,0.855713553113255,"Very low",108,66,42,9.81818181818182,0.6,0.763636363636364,0.611111111111111,2021
2021-06-10,0.861262178784537,"Very low",111,73,38,10.0909090909091,0.663636363636364,0.690909090909091,0.657657657657658,2021
2021-06-11,0.948261765127008,"Low",105,67,38,9.54545454545454,0.609090909090909,0.690909090909091,0.638095238095238,2021
2021-06-12,0.95882459298834,"Low",110,68,42,10,0.618181818181818,0.763636363636364,0.618181818181818,2021
2021-06-13,0.957601334597135,"Low",107,68,39,9.72727272727273,0.618181818181818,0.709090909090909,0.635514018691589,2021
2021-06-14,0.932263665989607,"Low",110,71,39,10,0.645454545454546,0.709090909090909,0.645454545454546,2021
2021-06-15,0.881273783548278,"Very low",108,70,38,9.81818181818182,0.636363636363636,0.690909090909091,0.648148148148148,2021
2021-06-16,1.18231239894351,"Elevated",110,72,38,10,0.654545454545455,0.690909090909091,0.654545454545455,2021
2021-06-17,0.984142698460105,"Low",108,71,37,9.81818181818182,0.645454545454546,0.672727272727273,0.657407407407407,2021
2021-06-18,0.942435999227811,"Low",104,65,39,9.45454545454546,0.590909090909091,0.709090909090909,0.625,2021
2021-06-19,1.13541753937524,"Moderate",106,69,37,9.63636363636364,0.627272727272727,0.672727272727273,0.650943396226415,2021
2021-06-20,0.995619501720216,"Low",108,68,40,9.81818181818182,0.618181818181818,0.727272727272727,0.62962962962963,2021
2021-06-21,1.0573477117011,"Moderate",106,69,37,9.63636363636364,0.627272727272727,0.672727272727273,0.650943396226415,2021
2021-06-22,0.999745423651803,"Low",103,68,35,9.36363636363636,0.618181818181818,0.636363636363636,0.660194174757282,2021
2021-06-23,1.08169294846569,"Moderate",100,63,37,9.09090909090909,0.572727272727273,0.672727272727273,0.63,2021
2021-06-24,0.955630036605259,"Low",109,69,40,9.90909090909091,0.627272727272727,0.727272727272727,0.63302752293578,2021
2021-06-25,1.23934188867464,"Elevated",103,70,33,9.36363636363636,0.636363636363636,0.6,0.679611650485437,2021
2021-06-26,1.28157858216674,"Elevated",97,64,33,8.81818181818182,0.581818181818182,0.6,0.65979381443299,2021
2021-06-27,1.12713203077186,"Moderate",101,69,32,9.18181818181818,0.627272727272727,0.581818181818182,0.683168316831683,2021
2021-06-28,1.07639909280245,"Moderate",98,65,33,8.90909090909091,0.590909090909091,0.6,0.663265306122449,2021
2021-06-29,0.919306854092713,"Very low",106,69,37,9.63636363636364,0.627272727272727,0.672727272727273,0.650943396226415,2021
2021-06-30,1.01150095538878,"Low",110,72,38,10,0.654545454545455,0.690909090909091,0.654545454545455,2021
2021-07-01,1.17890483613065,"Elevated",95,62,33,8.63636363636364,0.563636363636364,0.6,0.652631578947368,2021
2021-07-02,1.15199704987915,"Moderate",98,63,35,8.90909090909091,0.572727272727273,0.636363636363636,0.642857142857143,2021
2021-07-03,1.02837932333705,"Low",104,67,37,9.45454545454546,0.609090909090909,0.672727272727273,0.644230769230769,2021
2021-07-04,1.07443403068506,"Moderate",99,64,35,9,0.581818181818182,0.636363636363636,0.646464646464647,2021
2021-07-05,1.21986852883197,"Elevated",96,63,33,8.72727272727273,0.572727272727273,0.6,0.65625,2021
2021-07-06,1.05256978745696,"Moderate",98,64,34,8.90909090909091,0.581818181818182,0.618181818181818,0.653061224489796,2021
2021-07-07,0.943885856883918,"Low",102,66,36,9.27272727272727,0.6,0.654545454545455,0.647058823529412,2021
2021-07-08,0.866292844104167,"Very low",107,69,38,9.72727272727273,0.627272727272727,0.690909090909091,0.644859813084112,2021
2021-07-09,0.848919496306034,"Very low",111,69,42,10.0909090909091,0.627272727272727,0.763636363636364,0.621621621621622,2021
2021-07-10,1.09508867889839,"Moderate",97,63,34,8.81818181818182,0.572727272727273,0.618181818181818,0.649484536082474,2021
2021-07-11,1.2188055027762,"Elevated",94,62,32,8.54545454545454,0.563636363636364,0.581818181818182,0.659574468085106,2021
2021-07-12,0.894940069025225,"Very low",100,65,35,9.09090909090909,0.590909090909091,0.636363636363636,0.65,2021
2021-07-13,1.15204164542917,"Moderate",96,62,34,8.72727272727273,0.563636363636364,0.618181818181818,0.645833333333333,2021
2021-07-14,1.05061407494454,"Moderate",99,62,37,9,0.563636363636364,0.672727272727273,0.626262626262626,2021
2021-07-15,1.24667689007967,"Elevated",94,62,32,8.54545454545454,0.563636363636364,0.581818181818182,0.659574468085106,2021
2021-07-16,0.974990646696695,"Low",99,63,36,9,0.572727272727273,0.654545454545455,0.636363636363636,2021
2021-07-17,1.18586837594001,"Elevated",95,64,31,8.63636363636364,0.581818181818182,0.563636363636364,0.673684210526316,2021
2021-07-18,1.07846735486427,"Moderate",101,68,33,9.18181818181818,0.618181818181818,0.6,0.673267326732673,2021
2021-07-19,1.11568651090788,"Moderate",102,69,33,9.27272727272727,0.627272727272727,0.6,0.676470588235294,2021
2021-07-20,1.10854162749169,"Moderate",98,66,32,8.90909090909091,0.6,0.581818181818182,0.673469387755102,2021
2021-07-21,0.920866813754159,"Low",101,69,32,9.18181818181818,0.627272727272727,0.581818181818182,0.683168316831683,2021
2021-07-22,0.972015940885798,"Low",106,70,36,9.63636363636364,0.636363636363636,0.654545454545455,0.660377358490566,2021
2021-07-23,1.48972295099987,"Severe",92,60,32,8.36363636363636,0.545454545454545,0.581818181818182,0.652173913043478,2021
2021-07-24,0.995419484852035,"Low",104,67,37,9.45454545454546,0.609090909090909,0.672727272727273,0.644230769230769,2021
2021-07-25,1.40933655733401,"Severe",100,65,35,9.09090909090909,0.590909090909091,0.636363636363636,0.65,2021
2021-07-26,0.970200265686908,"Low",100,65,35,9.09090909090909,0.590909090909091,0.636363636363636,0.65,2021
2021-07-27,1.35423566816522,"Severe",101,63,38,9.18181818181818,0.572727272727273,0.690909090909091,0.623762376237624,2021
2021-07-28,1.27569729709252,"Elevated",102,66,36,9.27272727272727,0.6,0.654545454545455,0.647058823529412,2021
2021-07-29,1.20201270495824,"Elevated",100,68,32,9.09090909090909,0.618181818181818,0.581818181818182,0.68,2021
2021-07-30,1.09230847517194,"Moderate",101,66,35,9.18181818181818,0.6,0.636363636363636,0.653465346534653,2021
2021-07-31,1.19699736287009,"Elevated",95,63,32,8.63636363636364,0.572727272727273,0.581818181818182,0.663157894736842,2021
2021-08-01,1.40430653774585,"Severe",92,64,28,8.36363636363636,0.581818181818182,0.509090909090909,0.695652173913043,2021
2021-08-02,1.48812085875543,"Severe",91,59,32,8.27272727272727,0.536363636363636,0.581818181818182,0.648351648351648,2021
2021-08-03,1.14830998653969,"Moderate",95,61,34,8.63636363636364,0.554545454545455,0.618181818181818,0.642105263157895,2021
2021-08-04,1.18269920476833,"Elevated",95,56,39,8.63636363636364,0.509090909090909,0.709090909090909,0.589473684210526,2021
2021-08-05,1.02649491860465,"Low",103,66,37,9.36363636363636,0.6,0.672727272727273,0.640776699029126,2021
2021-08-06,1.19848892881332,"Elevated",90,59,31,8.18181818181818,0.536363636363636,0.563636363636364,0.655555555555556,2021
2021-08-07,1.14985618341127,"Moderate",89,58,31,8.09090909090909,0.527272727272727,0.563636363636364,0.651685393258427,2021
2021-08-08,1.23624051560239,"Elevated",86,55,31,7.81818181818182,0.5,0.563636363636364,0.63953488372093,2021
2021-08-09,1.2908495543589,"Elevated",87,56,31,7.90909090909091,0.509090909090909,0.563636363636364,0.64367816091954,2021
2021-08-10,1.34746639861245,"Severe",85,57,28,7.72727272727273,0.518181818181818,0.509090909090909,0.670588235294118,2021
2021-08-11,1.03960456119418,"Low",96,60,36,8.72727272727273,0.545454545454545,0.654545454545455,0.625,2021
2021-08-12,1.12050174125161,"Moderate",95,62,33,8.63636363636364,0.563636363636364,0.6,0.652631578947368,2021
2021-08-13,1.28812638338559,"Elevated",93,61,32,8.45454545454546,0.554545454545455,0.581818181818182,0.655913978494624,2021
2021-08-14,1.19718266311888,"Elevated",93,63,30,8.45454545454546,0.572727272727273,0.545454545454545,0.67741935483871,2021
2021-08-15,1.34413035863802,"Severe",92,62,30,8.36363636363636,0.563636363636364,0.545454545454545,0.673913043478261,2021
2021-08-16,1.04529544960802,"Low",93,62,31,8.45454545454546,0.563636363636364,0.563636363636364,0.666666666666667,2021
2021-08-17,1.03774443219862,"Low",88,60,28,8,0.545454545454545,0.509090909090909,0.681818181818182,2021
2021-08-18,0.918388027705591,"Very low",103,71,32,9.36363636363636,0.645454545454546,0.581818181818182,0.689320388349515,2021
2021-08-19,0.976363504416302,"Low",100,67,33,9.09090909090909,0.609090909090909,0.6,0.67,2021
2021-08-20,0.929128345914248,"Low",101,67,34,9.18181818181818,0.609090909090909,0.618181818181818,0.663366336633663,2021
2021-08-21,0.921555873378054,"Low",101,67,34,9.18181818181818,0.609090909090909,0.618181818181818,0.663366336633663,2021
2021-08-22,1.14944095900411,"Moderate",93,60,33,8.45454545454546,0.545454545454545,0.6,0.645161290322581,2021
2021-08-23,1.07519029643222,"Moderate",99,65,34,9,0.590909090909091,0.618181818181818,0.656565656565657,2021
2021-08-24,1.05946390545668,"Moderate",101,66,35,9.18181818181818,0.6,0.636363636363636,0.653465346534653,2021
2021-08-25,1.02797908945044,"Low",102,68,34,9.27272727272727,0.618181818181818,0.618181818181818,0.666666666666667,2021
2021-08-26,0.872086498491176,"Very low",111,76,35,10.0909090909091,0.690909090909091,0.636363636363636,0.684684684684685,2021
2021-08-27,0.860396468817046,"Very low",109,70,39,9.90909090909091,0.636363636363636,0.709090909090909,0.642201834862385,2021
2021-08-28,0.830578737815415,"Very low",106,67,39,9.63636363636364,0.609090909090909,0.709090909090909,0.632075471698113,2021
2021-08-29,0.770004535337401,"Very low",111,74,37,10.0909090909091,0.672727272727273,0.672727272727273,0.666666666666667,2021
2021-08-30,0.97185260061384,"Low",105,67,38,9.54545454545454,0.609090909090909,0.690909090909091,0.638095238095238,2021
2021-08-31,0.795200974112786,"Very low",106,71,35,9.63636363636364,0.645454545454546,0.636363636363636,0.669811320754717,2021
2021-09-01,0.929941536642611,"Low",103,69,34,9.36363636363636,0.627272727272727,0.618181818181818,0.669902912621359,2021
2021-09-02,0.957632827687066,"Low",100,68,32,9.09090909090909,0.618181818181818,0.581818181818182,0.68,2021
2021-09-03,0.919343986520778,"Very low",105,73,32,9.54545454545454,0.663636363636364,0.581818181818182,0.695238095238095,2021
2021-09-04,1.04439062207534,"Low",100,69,31,9.09090909090909,0.627272727272727,0.563636363636364,0.69,2021
2021-09-05,1.14334843298825,"Moderate",105,70,35,9.54545454545454,0.636363636363636,0.636363636363636,0.666666666666667,2021
2021-09-06,0.889976221016196,"Very low",109,73,36,9.90909090909091,0.663636363636364,0.654545454545455,0.669724770642202,2021
2021-09-07,0.895832100604786,"Very low",108,70,38,9.81818181818182,0.636363636363636,0.690909090909091,0.648148148148148,2021
2021-09-08,0.885487804045544,"Very low",107,74,33,9.72727272727273,0.672727272727273,0.6,0.691588785046729,2021
2021-09-09,0.925768605671898,"Low",106,69,37,9.63636363636364,0.627272727272727,0.672727272727273,0.650943396226415,2021
2021-09-10,0.866167377515633,"Very low",99,65,34,9,0.590909090909091,0.618181818181818,0.656565656565657,2021
2021-09-11,0.901052383840924,"Very low",99,66,33,9,0.6,0.6,0.666666666666667,2021
2021-09-12,1.0367497578172,"Low",99,64,35,9,0.581818181818182,0.636363636363636,0.646464646464647,2021
2021-09-13,0.853965575497174,"Very low",104,69,35,9.45454545454546,0.627272727272727,0.636363636363636,0.663461538461538,2021
2021-09-14,0.884230320301265,"Very low",99,66,33,9,0.6,0.6,0.666666666666667,2021
2021-09-15,0.883724139719806,"Very low",98,60,38,8.90909090909091,0.545454545454545,0.690909090909091,0.612244897959184,2021
2021-09-16,0.731772137968512,"Very low",111,68,43,10.0909090909091,0.618181818181818,0.781818181818182,0.612612612612613,2021
2021-09-17,0.841271420184198,"Very low",108,66,42,9.81818181818182,0.6,0.763636363636364,0.611111111111111,2021
2021-09-18,1.13000077706403,"Moderate",93,64,29,8.45454545454546,0.581818181818182,0.527272727272727,0.688172043010753,2021
2021-09-19,0.93069802880713,"Low",106,68,38,9.63636363636364,0.618181818181818,0.690909090909091,0.641509433962264,2021
2021-09-20,1.31805462235279,"Severe",87,55,32,7.90909090909091,0.5,0.581818181818182,0.632183908045977,2021
2021-09-21,1.21031574287091,"Elevated",97,64,33,8.81818181818182,0.581818181818182,0.6,0.65979381443299,2021
2021-09-22,1.07396082643993,"Moderate",99,68,31,9,0.618181818181818,0.563636363636364,0.686868686868687,2021
2021-09-23,1.09308785325846,"Moderate",98,66,32,8.90909090909091,0.6,0.581818181818182,0.673469387755102,2021
2021-09-24,1.03543158583213,"Low",105,69,36,9.54545454545454,0.627272727272727,0.654545454545455,0.657142857142857,2021
2021-09-25,1.11970357643333,"Moderate",102,69,33,9.27272727272727,0.627272727272727,0.6,0.676470588235294,2021
2021-09-26,1.04237889247966,"Low",101,70,31,9.18181818181818,0.636363636363636,0.563636363636364,0.693069306930693,2021
2021-09-27,1.25888284253368,"Elevated",95,65,30,8.63636363636364,0.590909090909091,0.545454545454545,0.68421052631579,2021
2021-09-28,1.11368669464199,"Moderate",99,68,31,9,0.618181818181818,0.563636363636364,0.686868686868687,2021
2021-09-29,1.06136833568916,"Moderate",100,67,33,9.09090909090909,0.609090909090909,0.6,0.67,2021
2021-09-30,1.18693960963055,"Elevated",96,63,33,8.72727272727273,0.572727272727273,0.6,0.65625,2021
2021-10-01,1.01634417162389,"Low",104,67,37,9.45454545454546,0.609090909090909,0.672727272727273,0.644230769230769,2021
2021-10-02,1.03048871191327,"Low",103,68,35,9.36363636363636,0.618181818181818,0.636363636363636,0.660194174757282,2021
2021-10-03,1.27909487889514,"Elevated",89,57,32,8.09090909090909,0.518181818181818,0.581818181818182,0.640449438202247,2021
2021-10-04,1.20048929679693,"Elevated",99,64,35,9,0.581818181818182,0.636363636363636,0.646464646464647,2021
2021-10-05,1.02390661934709,"Low",100,65,35,9.09090909090909,0.590909090909091,0.636363636363636,0.65,2021
2021-10-06,1.17906084810878,"Elevated",99,68,31,9,0.618181818181818,0.563636363636364,0.686868686868687,2021
2021-10-07,1.2393956439246,"Elevated",94,65,29,8.54545454545454,0.590909090909091,0.527272727272727,0.691489361702128,2021
2021-10-08,1.30978475441948,"Severe",98,65,33,8.90909090909091,0.590909090909091,0.6,0.663265306122449,2021
2021-10-09,1.29622278981751,"Elevated",96,65,31,8.72727272727273,0.590909090909091,0.563636363636364,0.677083333333333,2021
2021-10-10,1.23618714578406,"Elevated",99,65,34,9,0.590909090909091,0.618181818181818,0.656565656565657,2021
2021-10-11,1.31562678179679,"Severe",95,64,31,8.63636363636364,0.581818181818182,0.563636363636364,0.673684210526316,2021
2021-10-12,1.30465499219186,"Severe",100,66,34,9.09090909090909,0.6,0.618181818181818,0.66,2021
2021-10-13,1.3309744324108,"Severe",101,69,32,9.18181818181818,0.627272727272727,0.581818181818182,0.683168316831683,2021
2021-10-14,1.27727591571489,"Elevated",104,70,34,9.45454545454546,0.636363636363636,0.618181818181818,0.673076923076923,2021
2021-10-15,1.41738417849793,"Severe",101,68,33,9.18181818181818,0.618181818181818,0.6,0.673267326732673,2021
2021-10-16,1.25281009647285,"Elevated",100,69,31,9.09090909090909,0.627272727272727,0.563636363636364,0.69,2021
2021-10-17,1.33728073308864,"Severe",100,68,32,9.09090909090909,0.618181818181818,0.581818181818182,0.68,2021
2021-10-18,1.4153808760427,"Severe",95,63,32,8.63636363636364,0.572727272727273,0.581818181818182,0.663157894736842,2021
2021-10-19,1.19280061977579,"Elevated",103,70,33,9.36363636363636,0.636363636363636,0.6,0.679611650485437,2021
2021-10-20,1.53418892362649,"Severe",90,62,28,8.18181818181818,0.563636363636364,0.509090909090909,0.688888888888889,2021
2021-10-21,1.49448935915025,"Severe",96,63,33,8.72727272727273,0.572727272727273,0.6,0.65625,2021
2021-10-22,1.66816932263341,"Severe",93,60,33,8.45454545454546,0.545454545454545,0.6,0.645161290322581,2021
2021-10-23,1.66141104312563,"Severe",94,64,30,8.54545454545454,0.581818181818182,0.545454545454545,0.680851063829787,2021
2021-10-24,1.41685528285871,"Severe",98,66,32,8.90909090909091,0.6,0.581818181818182,0.673469387755102,2021
2021-10-25,1.34556044590176,"Severe",101,67,34,9.18181818181818,0.609090909090909,0.618181818181818,0.663366336633663,2021
2021-10-26,1.25372189505238,"Elevated",100,66,34,9.09090909090909,0.6,0.618181818181818,0.66,2021
2021-10-27,1.28842942513138,"Elevated",103,70,33,9.36363636363636,0.636363636363636,0.6,0.679611650485437,2021
2021-10-28,1.24551302004198,"Elevated",102,69,33,9.27272727272727,0.627272727272727,0.6,0.676470588235294,2021
2021-10-29,1.28563719917973,"Elevated",104,68,36,9.45454545454546,0.618181818181818,0.654545454545455,0.653846153846154,2021
2021-10-30,1.21347630149423,"Elevated",110,73,37,10,0.663636363636364,0.672727272727273,0.663636363636364,2021
2021-10-31,1.27602364181462,"Elevated",99,64,35,9,0.581818181818182,0.636363636363636,0.646464646464647,2021
2021-11-01,1.22238757818421,"Elevated",105,69,36,9.54545454545454,0.627272727272727,0.654545454545455,0.657142857142857,2021
2021-11-02,1.25583165597537,"Elevated",101,66,35,9.18181818181818,0.6,0.636363636363636,0.653465346534653,2021
2021-11-03,1.14411818707467,"Moderate",106,70,36,9.63636363636364,0.636363636363636,0.654545454545455,0.660377358490566,2021
2021-11-04,1.10409503535639,"Moderate",103,65,38,9.36363636363636,0.590909090909091,0.690909090909091,0.631067961165049,2021
2021-11-05,1.07070765944301,"Moderate",104,66,38,9.45454545454546,0.6,0.690909090909091,0.634615384615385,2021
2021-11-06,1.1245473818188,"Moderate",105,68,37,9.54545454545454,0.618181818181818,0.672727272727273,0.647619047619048,2021
2021-11-07,1.34802522830654,"Severe",95,63,32,8.63636363636364,0.572727272727273,0.581818181818182,0.663157894736842,2021
2021-11-08,1.2942013732081,"Elevated",99,65,34,9,0.590909090909091,0.618181818181818,0.656565656565657,2021
2021-11-09,1.24217410185974,"Elevated",98,61,37,8.90909090909091,0.554545454545455,0.672727272727273,0.622448979591837,2021
2021-11-10,1.40309437793378,"Severe",96,62,34,8.72727272727273,0.563636363636364,0.618181818181818,0.645833333333333,2021
2021-11-11,1.37103014422253,"Severe",96,62,34,8.72727272727273,0.563636363636364,0.618181818181818,0.645833333333333,2021
2021-11-12,1.303099380842,"Severe",94,60,34,8.54545454545454,0.545454545454545,0.618181818181818,0.638297872340426,2021
2021-11-13,1.03727065348965,"Low",98,65,33,8.90909090909091,0.590909090909091,0.6,0.663265306122449,2021
2021-11-14,1.18522787933041,"Elevated",102,66,36,9.27272727272727,0.6,0.654545454545455,0.647058823529412,2021
2021-11-15,1.23682196905691,"Elevated",102,67,35,9.27272727272727,0.609090909090909,0.636363636363636,0.656862745098039,2021
2021-11-16,0.923780064572351,"Low",106,64,42,9.63636363636364,0.581818181818182,0.763636363636364,0.60377358490566,2021
2021-11-17,1.24382340950718,"Elevated",98,58,40,8.90909090909091,0.527272727272727,0.727272727272727,0.591836734693878,2021
2021-11-18,1.02734818918125,"Low",101,64,37,9.18181818181818,0.581818181818182,0.672727272727273,0.633663366336634,2021
2021-11-19,1.16241929299341,"Elevated",103,64,39,9.36363636363636,0.581818181818182,0.709090909090909,0.621359223300971,2021
2021-11-20,1.02261077417096,"Low",105,65,40,9.54545454545454,0.590909090909091,0.727272727272727,0.619047619047619,2021
2021-11-21,0.928444506584464,"Low",96,59,37,8.72727272727273,0.536363636363636,0.672727272727273,0.614583333333333,2021
2021-11-22,1.00661566915629,"Low",97,62,35,8.81818181818182,0.563636363636364,0.636363636363636,0.639175257731959,2021
2021-11-23,1.0113623181619,"Low",98,63,35,8.90909090909091,0.572727272727273,0.636363636363636,0.642857142857143,2021
2021-11-24,0.840420047865181,"Very low",103,66,37,9.36363636363636,0.6,0.672727272727273,0.640776699029126,2021
2021-11-25,0.929846406550695,"Low",104,65,39,9.45454545454546,0.590909090909091,0.709090909090909,0.625,2021
2021-11-26,0.903190543070353,"Very low",104,65,39,9.45454545454546,0.590909090909091,0.709090909090909,0.625,2021
2021-11-27,0.932677430223581,"Low",101,66,35,9.18181818181818,0.6,0.636363636363636,0.653465346534653,2021
2021-11-28,1.16937362339259,"Elevated",101,65,36,9.18181818181818,0.590909090909091,0.654545454545455,0.643564356435644,2021
2021-11-29,1.26952274314145,"Elevated",97,61,36,8.81818181818182,0.554545454545455,0.654545454545455,0.628865979381443,2021
2021-11-30,1.36329176386411,"Severe",97,63,34,8.81818181818182,0.572727272727273,0.618181818181818,0.649484536082474,2021
2021-12-01,1.53545826516565,"Severe",96,63,33,8.72727272727273,0.572727272727273,0.6,0.65625,2021
2021-12-02,1.36963408113648,"Severe",100,63,37,9.09090909090909,0.572727272727273,0.672727272727273,0.63,2021
2021-12-03,1.21852232347564,"Elevated",97,64,33,8.81818181818182,0.581818181818182,0.6,0.65979381443299,2021
2021-12-04,1.16513814245335,"Elevated",100,64,36,9.09090909090909,0.581818181818182,0.654545454545455,0.64,2021
2021-12-05,1.16715968504909,"Elevated",99,63,36,9,0.572727272727273,0.654545454545455,0.636363636363636,2021
2021-12-06,0.984561806953481,"Low",101,65,36,9.18181818181818,0.590909090909091,0.654545454545455,0.643564356435644,2021
2021-12-07,0.877654234584431,"Very low",103,67,36,9.36363636363636,0.609090909090909,0.654545454545455,0.650485436893204,2021
2021-12-08,0.994897920249264,"Low",104,65,39,9.45454545454546,0.590909090909091,0.709090909090909,0.625,2021
2021-12-09,1.14857223556117,"Moderate",99,63,36,9,0.572727272727273,0.654545454545455,0.636363636363636,2021
2021-12-10,1.06935619356239,"Moderate",98,63,35,8.90909090909091,0.572727272727273,0.636363636363636,0.642857142857143,2021
2021-12-11,1.12528213711773,"Moderate",97,64,33,8.81818181818182,0.581818181818182,0.6,0.65979381443299,2021
2021-12-12,1.10204368400512,"Moderate",97,66,31,8.81818181818182,0.6,0.563636363636364,0.680412371134021,2021
2021-12-13,1.25947929218858,"Elevated",88,62,26,8,0.563636363636364,0.472727272727273,0.704545454545455,2021
2021-12-14,0.968008955135147,"Low",100,67,33,9.09090909090909,0.609090909090909,0.6,0.67,2021
2021-12-15,0.896671990860181,"Very low",104,68,36,9.45454545454546,0.618181818181818,0.654545454545455,0.653846153846154,2021
2021-12-16,0.959467693261686,"Low",100,67,33,9.09090909090909,0.609090909090909,0.6,0.67,2021
2021-12-17,1.01638682556148,"Low",97,64,33,8.81818181818182,0.581818181818182,0.6,0.65979381443299,2021
2021-12-18,1.02898612986221,"Low",99,64,35,9,0.581818181818182,0.636363636363636,0.646464646464647,2021
2021-12-19,0.972670607147388,"Low",96,62,34,8.72727272727273,0.563636363636364,0.618181818181818,0.645833333333333,2021
2021-12-20,1.14152149394452,"Moderate",91,61,30,8.27272727272727,0.554545454545455,0.545454545454545,0.67032967032967,2021
2021-12-21,1.12042526165446,"Moderate",90,58,32,8.18181818181818,0.527272727272727,0.581818181818182,0.644444444444444,2021
2021-12-22,1.20205347638267,"Elevated",93,58,35,8.45454545454546,0.527272727272727,0.636363636363636,0.623655913978495,2021
2021-12-23,1.13673442326355,"Moderate",92,63,29,8.36363636363636,0.572727272727273,0.527272727272727,0.684782608695652,2021
2021-12-24,1.45038850463973,"Severe",86,55,31,7.81818181818182,0.5,0.563636363636364,0.63953488372093,2021
2021-12-25,1.26520746583363,"Elevated",89,59,30,8.09090909090909,0.536363636363636,0.545454545454545,0.662921348314607,2021
2021-12-26,1.35865028546793,"Severe",82,53,29,7.45454545454545,0.481818181818182,0.527272727272727,0.646341463414634,2021
2021-12-27,1.37133046479302,"Severe",86,56,30,7.81818181818182,0.509090909090909,0.545454545454545,0.651162790697674,2021
2021-12-28,1.49920295987649,"Severe",80,50,30,7.27272727272727,0.454545454545455,0.545454545454545,0.625,2021
2021-12-29,1.43791901898057,"Severe",82,51,31,7.45454545454545,0.463636363636364,0.563636363636364,0.621951219512195,2021
2021-12-30,1.36293426346414,"Severe",77,51,26,7,0.463636363636364,0.472727272727273,0.662337662337662,2021
2021-12-31,1.52130755794144,"Severe",80,51,29,7.27272727272727,0.463636363636364,0.527272727272727,0.6375,2021
2022-01-01,1.41205790788342,"Severe",80,50,30,7.27272727272727,0.454545454545455,0.545454545454545,0.625,2022
2022-01-02,1.33698222189534,"Severe",82,51,31,7.45454545454545,0.463636363636364,0.563636363636364,0.621951219512195,2022
2022-01-03,1.48470827181618,"Severe",80,46,34,7.27272727272727,0.418181818181818,0.618181818181818,0.575,2022
2022-01-04,1.45496924543272,"Severe",82,50,32,7.45454545454545,0.454545454545455,0.581818181818182,0.609756097560976,2022
2022-01-05,1.24024264173126,"Elevated",85,53,32,7.72727272727273,0.481818181818182,0.581818181818182,0.623529411764706,2022
2022-01-06,1.45617768873228,"Severe",84,51,33,7.63636363636364,0.463636363636364,0.6,0.607142857142857,2022
2022-01-07,1.31208214399873,"Severe",83,50,33,7.54545454545455,0.454545454545455,0.6,0.602409638554217,2022
2022-01-08,1.24392673381086,"Elevated",91,57,34,8.27272727272727,0.518181818181818,0.618181818181818,0.626373626373626,2022
2022-01-09,1.48056929166235,"Severe",83,54,29,7.54545454545455,0.490909090909091,0.527272727272727,0.650602409638554,2022
2022-01-10,1.2983202166552,"Elevated",88,54,34,8,0.490909090909091,0.618181818181818,0.613636363636364,2022
2022-01-11,1.2332864646115,"Elevated",86,56,30,7.81818181818182,0.509090909090909,0.545454545454545,0.651162790697674,2022
2022-01-12,1.34948760644779,"Severe",86,53,33,7.81818181818182,0.481818181818182,0.6,0.616279069767442,2022
2022-01-13,1.27690899400633,"Elevated",85,53,32,7.72727272727273,0.481818181818182,0.581818181818182,0.623529411764706,2022
2022-01-14,1.25744039712786,"Elevated",93,58,35,8.45454545454546,0.527272727272727,0.636363636363636,0.623655913978495,2022
2022-01-15,1.4224780947243,"Severe",83,56,27,7.54545454545455,0.509090909090909,0.490909090909091,0.674698795180723,2022
2022-01-16,1.29204701489927,"Elevated",88,55,33,8,0.5,0.6,0.625,2022
2022-01-17,1.21392489539877,"Elevated",89,56,33,8.09090909090909,0.509090909090909,0.6,0.629213483146067,2022
2022-01-18,1.36150834269128,"Severe",88,56,32,8,0.509090909090909,0.581818181818182,0.636363636363636,2022
2022-01-19,1.17542149282923,"Elevated",96,61,35,8.72727272727273,0.554545454545455,0.636363636363636,0.635416666666667,2022
2022-01-20,1.23872050359168,"Elevated",92,60,32,8.36363636363636,0.545454545454545,0.581818181818182,0.652173913043478,2022
2022-01-21,1.31232651287615,"Severe",93,61,32,8.45454545454546,0.554545454545455,0.581818181818182,0.655913978494624,2022
2022-01-22,1.17099899727277,"Elevated",99,61,38,9,0.554545454545455,0.690909090909091,0.616161616161616,2022
2022-01-23,1.14863618620046,"Moderate",91,57,34,8.27272727272727,0.518181818181818,0.618181818181818,0.626373626373626,2022
2022-01-24,1.13868816952363,"Moderate",105,70,35,9.54545454545454,0.636363636363636,0.636363636363636,0.666666666666667,2022
2022-01-25,0.991739930732582,"Low",97,61,36,8.81818181818182,0.554545454545455,0.654545454545455,0.628865979381443,2022
2022-01-26,1.03820311434671,"Low",102,63,39,9.27272727272727,0.572727272727273,0.709090909090909,0.61764705882353,2022
2022-01-27,0.951058917120415,"Low",100,66,34,9.09090909090909,0.6,0.618181818181818,0.66,2022
2022-01-28,0.976824890461778,"Low",106,70,36,9.63636363636364,0.636363636363636,0.654545454545455,0.660377358490566,2022
2022-01-29,1.00042947922258,"Low",99,65,34,9,0.590909090909091,0.618181818181818,0.656565656565657,2022
2022-01-30,0.920372541229357,"Low",102,65,37,9.27272727272727,0.590909090909091,0.672727272727273,0.637254901960784,2022
2022-01-31,0.995252218584408,"Low",99,64,35,9,0.581818181818182,0.636363636363636,0.646464646464647,2022
2022-02-01,1.04484171483208,"Low",99,64,35,9,0.581818181818182,0.636363636363636,0.646464646464647,2022
2022-02-02,0.975405180949373,"Low",100,65,35,9.09090909090909,0.590909090909091,0.636363636363636,0.65,2022
2022-02-03,1.09295743678729,"Moderate",110,72,38,10,0.654545454545455,0.690909090909091,0.654545454545455,2022
2022-02-04,0.903165786911901,"Very low",102,65,37,9.27272727272727,0.590909090909091,0.672727272727273,0.637254901960784,2022
2022-02-05,0.838399097134348,"Very low",104,66,38,9.45454545454546,0.6,0.690909090909091,0.634615384615385,2022
2022-02-06,0.975212867536906,"Low",103,68,35,9.36363636363636,0.618181818181818,0.636363636363636,0.660194174757282,2022
2022-02-07,1.0205582454302,"Low",103,68,35,9.36363636363636,0.618181818181818,0.636363636363636,0.660194174757282,2022
2022-02-08,1.0936926817722,"Moderate",102,67,35,9.27272727272727,0.609090909090909,0.636363636363636,0.656862745098039,2022
2022-02-09,0.866208013249831,"Very low",109,70,39,9.90909090909091,0.636363636363636,0.709090909090909,0.642201834862385,2022
2022-02-10,1.08151859684111,"Moderate",97,64,33,8.81818181818182,0.581818181818182,0.6,0.65979381443299,2022
2022-02-11,0.818787981337818,"Very low",109,68,41,9.90909090909091,0.618181818181818,0.745454545454545,0.623853211009174,2022
2022-02-12,0.812472206624002,"Very low",109,69,40,9.90909090909091,0.627272727272727,0.727272727272727,0.63302752293578,2022
2022-02-13,0.83891952972119,"Very low",107,69,38,9.72727272727273,0.627272727272727,0.690909090909091,0.644859813084112,2022
2022-02-14,0.89055324052417,"Very low",102,65,37,9.27272727272727,0.590909090909091,0.672727272727273,0.637254901960784,2022
2022-02-15,0.935712992764422,"Low",104,69,35,9.45454545454546,0.627272727272727,0.636363636363636,0.663461538461538,2022
2022-02-16,0.759260175492512,"Very low",113,72,41,10.2727272727273,0.654545454545455,0.745454545454545,0.63716814159292,2022
2022-02-17,0.736475944360804,"Very low",110,73,37,10,0.663636363636364,0.672727272727273,0.663636363636364,2022
2022-02-18,0.95273720796313,"Low",105,69,36,9.54545454545454,0.627272727272727,0.654545454545455,0.657142857142857,2022
2022-02-19,0.858602221145415,"Very low",113,72,41,10.2727272727273,0.654545454545455,0.745454545454545,0.63716814159292,2022
2022-02-20,0.79835140499938,"Very low",109,67,42,9.90909090909091,0.609090909090909,0.763636363636364,0.614678899082569,2022
2022-02-21,0.783469121960895,"Very low",111,73,38,10.0909090909091,0.663636363636364,0.690909090909091,0.657657657657658,2022
2022-02-22,0.879526179868744,"Very low",109,74,35,9.90909090909091,0.672727272727273,0.636363636363636,0.678899082568807,2022
2022-02-23,0.834520864393944,"Very low",101,68,33,9.18181818181818,0.618181818181818,0.6,0.673267326732673,2022
2022-02-24,0.868767586455227,"Very low",99,68,31,9,0.618181818181818,0.563636363636364,0.686868686868687,2022
2022-02-25,0.817486573649329,"Very low",103,68,35,9.36363636363636,0.618181818181818,0.636363636363636,0.660194174757282,2022
2022-02-26,0.915748618949518,"Very low",105,71,34,9.54545454545454,0.645454545454546,0.618181818181818,0.676190476190476,2022
2022-02-27,1.01254437454816,"Low",102,64,38,9.27272727272727,0.581818181818182,0.690909090909091,0.627450980392157,2022
2022-02-28,0.786213485938317,"Very low",108,70,38,9.81818181818182,0.636363636363636,0.690909090909091,0.648148148148148,2022
2022-03-01,0.895483438501888,"Very low",103,67,36,9.36363636363636,0.609090909090909,0.654545454545455,0.650485436893204,2022
2022-03-02,0.904343525141518,"Very low",100,65,35,9.09090909090909,0.590909090909091,0.636363636363636,0.65,2022
2022-03-03,0.969721422271409,"Low",105,73,32,9.54545454545454,0.663636363636364,0.581818181818182,0.695238095238095,2022
2022-03-04,0.98450435617455,"Low",99,62,37,9,0.563636363636364,0.672727272727273,0.626262626262626,2022
2022-03-05,0.672259281943068,"Very low",116,74,42,10.5454545454545,0.672727272727273,0.763636363636364,0.637931034482759,2022
2022-03-06,0.87753567553273,"Very low",115,74,41,10.4545454545455,0.672727272727273,0.745454545454545,0.643478260869565,2022
2022-03-07,0.972247217778878,"Low",106,69,37,9.63636363636364,0.627272727272727,0.672727272727273,0.650943396226415,2022
2022-03-08,1.00007949963606,"Low",107,68,39,9.72727272727273,0.618181818181818,0.709090909090909,0.635514018691589,2022
2022-03-09,0.977226349302919,"Low",109,72,37,9.90909090909091,0.654545454545455,0.672727272727273,0.660550458715596,2022
2022-03-10,1.03499981687431,"Low",103,69,34,9.36363636363636,0.627272727272727,0.618181818181818,0.669902912621359,2022
2022-03-11,1.05485201465238,"Moderate",103,65,38,9.36363636363636,0.590909090909091,0.690909090909091,0.631067961165049,2022
2022-03-12,0.931172058747495,"Low",102,70,32,9.27272727272727,0.636363636363636,0.581818181818182,0.686274509803922,2022
2022-03-13,1.19163345677307,"Elevated",102,69,33,9.27272727272727,0.627272727272727,0.6,0.676470588235294,2022
2022-03-14,1.17911439522349,"Elevated",100,63,37,9.09090909090909,0.572727272727273,0.672727272727273,0.63,2022
2022-03-15,1.07730901702939,"Moderate",104,68,36,9.45454545454546,0.618181818181818,0.654545454545455,0.653846153846154,2022
2022-03-16,1.10669586261942,"Moderate",99,66,33,9,0.6,0.6,0.666666666666667,2022
2022-03-17,1.15017617009739,"Moderate",100,64,36,9.09090909090909,0.581818181818182,0.654545454545455,0.64,2022
2022-03-18,1.15735764080425,"Elevated",96,61,35,8.72727272727273,0.554545454545455,0.636363636363636,0.635416666666667,2022
2022-03-19,1.09652818572006,"Moderate",99,63,36,9,0.572727272727273,0.654545454545455,0.636363636363636,2022
2022-03-20,1.25423413049327,"Elevated",96,61,35,8.72727272727273,0.554545454545455,0.636363636363636,0.635416666666667,2022
2022-03-21,0.952460019787505,"Low",116,76,40,10.5454545454545,0.690909090909091,0.727272727272727,0.655172413793103,2022
2022-03-22,0.917310857512385,"Very low",106,66,40,9.63636363636364,0.6,0.727272727272727,0.622641509433962,2022
2022-03-23,0.938748707471718,"Low",108,70,38,9.81818181818182,0.636363636363636,0.690909090909091,0.648148148148148,2022
2022-03-24,1.04774687485826,"Low",104,66,38,9.45454545454546,0.6,0.690909090909091,0.634615384615385,2022
2022-03-25,0.967108683769041,"Low",113,72,41,10.2727272727273,0.654545454545455,0.745454545454545,0.63716814159292,2022
2022-03-26,0.900514289558763,"Very low",116,74,42,10.5454545454545,0.672727272727273,0.763636363636364,0.637931034482759,2022
2022-03-27,0.770851148920951,"Very low",119,74,45,10.8181818181818,0.672727272727273,0.818181818181818,0.621848739495798,2022
2022-03-28,1.05748919014182,"Moderate",103,67,36,9.36363636363636,0.609090909090909,0.654545454545455,0.650485436893204,2022
2022-03-29,0.83409323506911,"Very low",113,77,36,10.2727272727273,0.7,0.654545454545455,0.68141592920354,2022
2022-03-30,0.891892251499516,"Very low",110,74,36,10,0.672727272727273,0.654545454545455,0.672727272727273,2022
2022-03-31,1.13814008331091,"Moderate",101,66,35,9.18181818181818,0.6,0.636363636363636,0.653465346534653,2022
2022-04-01,1.03851168066477,"Low",107,70,37,9.72727272727273,0.636363636363636,0.672727272727273,0.654205607476635,2022
2022-04-02,1.03327062133356,"Low",110,74,36,10,0.672727272727273,0.654545454545455,0.672727272727273,2022
2022-04-03,0.968046622445909,"Low",113,76,37,10.2727272727273,0.690909090909091,0.672727272727273,0.672566371681416,2022
2022-04-04,0.989443006311612,"Low",111,77,34,10.0909090909091,0.7,0.618181818181818,0.693693693693694,2022
2022-04-05,0.902226388423928,"Very low",114,77,37,10.3636363636364,0.7,0.672727272727273,0.675438596491228,2022
2022-04-06,1.00798277658733,"Low",105,75,30,9.54545454545454,0.681818181818182,0.545454545454545,0.714285714285714,2022
2022-04-07,0.903639648504336,"Very low",107,76,31,9.72727272727273,0.690909090909091,0.563636363636364,0.710280373831776,2022
2022-04-08,0.908611482066178,"Very low",103,69,34,9.36363636363636,0.627272727272727,0.618181818181818,0.669902912621359,2022
2022-04-09,1.12360063614469,"Moderate",100,72,28,9.09090909090909,0.654545454545455,0.509090909090909,0.72,2022
2022-04-10,0.994966790360422,"Low",103,70,33,9.36363636363636,0.636363636363636,0.6,0.679611650485437,2022
2022-04-11,0.930279489321884,"Low",107,74,33,9.72727272727273,0.672727272727273,0.6,0.691588785046729,2022
2022-04-12,1.00968403388155,"Low",109,72,37,9.90909090909091,0.654545454545455,0.672727272727273,0.660550458715596,2022
2022-04-13,0.963346319629568,"Low",108,73,35,9.81818181818182,0.663636363636364,0.636363636363636,0.675925925925926,2022
2022-04-14,0.766611455110094,"Very low",117,79,38,10.6363636363636,0.718181818181818,0.690909090909091,0.675213675213675,2022
2022-04-15,1.02128766313968,"Low",106,73,33,9.63636363636364,0.663636363636364,0.6,0.688679245283019,2022
2022-04-16,1.07623302261414,"Moderate",107,74,33,9.72727272727273,0.672727272727273,0.6,0.691588785046729,2022
2022-04-17,1.06965338620752,"Moderate",104,73,31,9.45454545454546,0.663636363636364,0.563636363636364,0.701923076923077,2022
2022-04-18,1.0113167398162,"Low",102,71,31,9.27272727272727,0.645454545454546,0.563636363636364,0.696078431372549,2022
2022-04-19,0.893821753526015,"Very low",109,76,33,9.90909090909091,0.690909090909091,0.6,0.697247706422018,2022
2022-04-20,1.24005034639912,"Elevated",96,68,28,8.72727272727273,0.618181818181818,0.509090909090909,0.708333333333333,2022
2022-04-21,1.05091265338242,"Moderate",103,65,38,9.36363636363636,0.590909090909091,0.690909090909091,0.631067961165049,2022
2022-04-22,0.893708300655937,"Very low",106,70,36,9.63636363636364,0.636363636363636,0.654545454545455,0.660377358490566,2022
2022-04-23,0.960292261610357,"Low",98,65,33,8.90909090909091,0.590909090909091,0.6,0.663265306122449,2022
2022-04-24,1.02912523002441,"Low",97,65,32,8.81818181818182,0.590909090909091,0.581818181818182,0.670103092783505,2022
2022-04-25,0.740368213307619,"Very low",109,72,37,9.90909090909091,0.654545454545455,0.672727272727273,0.660550458715596,2022
2022-04-26,0.846693915943185,"Very low",106,68,38,9.63636363636364,0.618181818181818,0.690909090909091,0.641509433962264,2022
2022-04-27,0.663214110015679,"Very low",101,68,33,9.18181818181818,0.618181818181818,0.6,0.673267326732673,2022
2022-04-28,0.683579532116036,"Very low",109,74,35,9.90909090909091,0.672727272727273,0.636363636363636,0.678899082568807,2022
2022-04-29,0.858298060677388,"Very low",106,70,36,9.63636363636364,0.636363636363636,0.654545454545455,0.660377358490566,2022
2022-04-30,0.774146669499018,"Very low",109,74,35,9.90909090909091,0.672727272727273,0.636363636363636,0.678899082568807,2022
2022-05-01,0.80972965704535,"Very low",107,72,35,9.72727272727273,0.654545454545455,0.636363636363636,0.672897196261682,2022
2022-05-02,0.802232483882111,"Very low",109,75,34,9.90909090909091,0.681818181818182,0.618181818181818,0.688073394495413,2022
2022-05-03,0.71311361632833,"Very low",109,76,33,9.90909090909091,0.690909090909091,0.6,0.697247706422018,2022
2022-05-04,0.789371849713302,"Very low",110,77,33,10,0.7,0.6,0.7,2022
2022-05-05,0.759120944049115,"Very low",111,77,34,10.0909090909091,0.7,0.618181818181818,0.693693693693694,2022
2022-05-06,0.91844563110717,"Very low",115,79,36,10.4545454545455,0.718181818181818,0.654545454545455,0.68695652173913,2022
2022-05-07,0.937239904942282,"Low",113,79,34,10.2727272727273,0.718181818181818,0.618181818181818,0.699115044247788,2022
2022-05-08,1.11157621751942,"Moderate",106,73,33,9.63636363636364,0.663636363636364,0.6,0.688679245283019,2022
2022-05-09,0.955632440858047,"Low",106,72,34,9.63636363636364,0.654545454545455,0.618181818181818,0.679245283018868,2022
2022-05-10,1.04901675832186,"Low",110,76,34,10,0.690909090909091,0.618181818181818,0.690909090909091,2022
2022-05-11,1.04278722194114,"Low",104,71,33,9.45454545454546,0.645454545454546,0.6,0.682692307692308,2022
2022-05-12,0.948093759522808,"Low",106,76,30,9.63636363636364,0.690909090909091,0.545454545454545,0.716981132075472,2022
2022-05-13,0.80595570582826,"Very low",113,78,35,10.2727272727273,0.709090909090909,0.636363636363636,0.690265486725664,2022
2022-05-14,0.907137610310981,"Very low",111,76,35,10.0909090909091,0.690909090909091,0.636363636363636,0.684684684684685,2022
2022-05-15,0.846277479123637,"Very low",111,75,36,10.0909090909091,0.681818181818182,0.654545454545455,0.675675675675676,2022
2022-05-16,0.796260593682553,"Very low",112,73,39,10.1818181818182,0.663636363636364,0.709090909090909,0.651785714285714,2022
2022-05-17,0.820499061846453,"Very low",120,78,42,10.9090909090909,0.709090909090909,0.763636363636364,0.65,2022
2022-05-18,0.683625227452014,"Very low",121,79,42,11,0.718181818181818,0.763636363636364,0.652892561983471,2022
2022-05-19,0.853815808949458,"Very low",108,72,36,9.81818181818182,0.654545454545455,0.654545454545455,0.666666666666667,2022
2022-05-20,1.09065777258827,"Moderate",106,69,37,9.63636363636364,0.627272727272727,0.672727272727273,0.650943396226415,2022
2022-05-21,1.02773984127127,"Low",108,72,36,9.81818181818182,0.654545454545455,0.654545454545455,0.666666666666667,2022
2022-05-22,0.991550177573029,"Low",106,69,37,9.63636363636364,0.627272727272727,0.672727272727273,0.650943396226415,2022
2022-05-23,1.22408404896017,"Elevated",99,64,35,9,0.581818181818182,0.636363636363636,0.646464646464647,2022
2022-05-24,1.03251384573126,"Low",103,66,37,9.36363636363636,0.6,0.672727272727273,0.640776699029126,2022
2022-05-25,1.02921357605356,"Low",106,68,38,9.63636363636364,0.618181818181818,0.690909090909091,0.641509433962264,2022
2022-05-26,1.12463867234152,"Moderate",102,66,36,9.27272727272727,0.6,0.654545454545455,0.647058823529412,2022
2022-05-27,0.941722047446631,"Low",105,69,36,9.54545454545454,0.627272727272727,0.654545454545455,0.657142857142857,2022
2022-05-28,1.02130104713869,"Low",103,67,36,9.36363636363636,0.609090909090909,0.654545454545455,0.650485436893204,2022
2022-05-29,1.07558201994028,"Moderate",99,66,33,9,0.6,0.6,0.666666666666667,2022
2022-05-30,1.031680804612,"Low",96,63,33,8.72727272727273,0.572727272727273,0.6,0.65625,2022
2022-05-31,1.14688435660924,"Moderate",102,65,37,9.27272727272727,0.590909090909091,0.672727272727273,0.637254901960784,2022
2022-06-01,0.944511657805349,"Low",106,68,38,9.63636363636364,0.618181818181818,0.690909090909091,0.641509433962264,2022
2022-06-02,1.14266610936822,"Moderate",102,67,35,9.27272727272727,0.609090909090909,0.636363636363636,0.656862745098039,2022
2022-06-03,1.07894307931149,"Moderate",100,66,34,9.09090909090909,0.6,0.618181818181818,0.66,2022
2022-06-04,1.0586659011498,"Moderate",101,65,36,9.18181818181818,0.590909090909091,0.654545454545455,0.643564356435644,2022
2022-06-05,1.01350838773517,"Low",98,64,34,8.90909090909091,0.581818181818182,0.618181818181818,0.653061224489796,2022
2022-06-06,1.11062521127462,"Moderate",94,59,35,8.54545454545454,0.536363636363636,0.636363636363636,0.627659574468085,2022
2022-06-07,1.03061231710074,"Low",100,67,33,9.09090909090909,0.609090909090909,0.6,0.67,2022
2022-06-08,1.2117656627541,"Elevated",97,64,33,8.81818181818182,0.581818181818182,0.6,0.65979381443299,2022
2022-06-09,1.18347629744038,"Elevated",95,61,34,8.63636363636364,0.554545454545455,0.618181818181818,0.642105263157895,2022
2022-06-10,1.07714928610012,"Moderate",96,63,33,8.72727272727273,0.572727272727273,0.6,0.65625,2022
2022-06-11,0.931812509560712,"Low",111,73,38,10.0909090909091,0.663636363636364,0.690909090909091,0.657657657657658,2022
2022-06-12,0.952180770322127,"Low",103,66,37,9.36363636363636,0.6,0.672727272727273,0.640776699029126,2022
2022-06-13,0.944394969162803,"Low",105,69,36,9.54545454545454,0.627272727272727,0.654545454545455,0.657142857142857,2022
2022-06-14,0.894763183426692,"Very low",107,66,41,9.72727272727273,0.6,0.745454545454545,0.616822429906542,2022
2022-06-15,0.963657428667227,"Low",109,68,41,9.90909090909091,0.618181818181818,0.745454545454545,0.623853211009174,2022
2022-06-16,1.04040468179538,"Low",108,69,39,9.81818181818182,0.627272727272727,0.709090909090909,0.638888888888889,2022
2022-06-17,1.00101800147039,"Low",106,69,37,9.63636363636364,0.627272727272727,0.672727272727273,0.650943396226415,2022
2022-06-18,1.06763353418425,"Moderate",102,66,36,9.27272727272727,0.6,0.654545454545455,0.647058823529412,2022
2022-06-19,1.0699346384131,"Moderate",101,66,35,9.18181818181818,0.6,0.636363636363636,0.653465346534653,2022
2022-06-20,0.915149903198685,"Very low",100,65,35,9.09090909090909,0.590909090909091,0.636363636363636,0.65,2022
2022-06-21,0.95247952396114,"Low",99,67,32,9,0.609090909090909,0.581818181818182,0.676767676767677,2022
2022-06-22,1.29408528422478,"Elevated",100,66,34,9.09090909090909,0.6,0.618181818181818,0.66,2022
2022-06-23,0.985309366214177,"Low",97,62,35,8.81818181818182,0.563636363636364,0.636363636363636,0.639175257731959,2022
2022-06-24,0.918917907350194,"Very low",98,65,33,8.90909090909091,0.590909090909091,0.6,0.663265306122449,2022
2022-06-25,0.819372276241514,"Very low",100,64,36,9.09090909090909,0.581818181818182,0.654545454545455,0.64,2022
2022-06-26,1.02455248161792,"Low",93,57,36,8.45454545454546,0.518181818181818,0.654545454545455,0.612903225806452,2022
2022-06-27,0.894803826201146,"Very low",100,63,37,9.09090909090909,0.572727272727273,0.672727272727273,0.63,2022
2022-06-28,0.709144670575119,"Very low",108,69,39,9.81818181818182,0.627272727272727,0.709090909090909,0.638888888888889,2022
2022-06-29,0.899140047915537,"Very low",104,67,37,9.45454545454546,0.609090909090909,0.672727272727273,0.644230769230769,2022
2022-06-30,0.901600216658019,"Very low",107,69,38,9.72727272727273,0.627272727272727,0.690909090909091,0.644859813084112,2022
2022-07-01,0.993247802139433,"Low",106,71,35,9.63636363636364,0.645454545454546,0.636363636363636,0.669811320754717,2022
2022-07-02,1.11938012483014,"Moderate",101,66,35,9.18181818181818,0.6,0.636363636363636,0.653465346534653,2022
2022-07-03,0.882374578590189,"Very low",111,75,36,10.0909090909091,0.681818181818182,0.654545454545455,0.675675675675676,2022
2022-07-04,1.06236401095267,"Moderate",100,66,34,9.09090909090909,0.6,0.618181818181818,0.66,2022
2022-07-05,1.15161139521563,"Moderate",101,67,34,9.18181818181818,0.609090909090909,0.618181818181818,0.663366336633663,2022
2022-07-06,1.26571609292904,"Elevated",97,61,36,8.81818181818182,0.554545454545455,0.654545454545455,0.628865979381443,2022
2022-07-07,1.20567249884527,"Elevated",95,59,36,8.63636363636364,0.536363636363636,0.654545454545455,0.621052631578947,2022
2022-07-08,1.35818562027448,"Severe",98,58,40,8.90909090909091,0.527272727272727,0.727272727272727,0.591836734693878,2022
2022-07-09,1.1538525556531,"Moderate",107,68,39,9.72727272727273,0.618181818181818,0.709090909090909,0.635514018691589,2022
2022-07-10,1.05053115445897,"Moderate",107,68,39,9.72727272727273,0.618181818181818,0.709090909090909,0.635514018691589,2022
2022-07-11,1.06483191420227,"Moderate",106,66,40,9.63636363636364,0.6,0.727272727272727,0.622641509433962,2022
2022-07-12,1.04206336457557,"Low",103,64,39,9.36363636363636,0.581818181818182,0.709090909090909,0.621359223300971,2022
2022-07-13,1.04653916359279,"Low",103,63,40,9.36363636363636,0.572727272727273,0.727272727272727,0.611650485436893,2022
2022-07-14,1.09001291892305,"Moderate",102,65,37,9.27272727272727,0.590909090909091,0.672727272727273,0.637254901960784,2022
2022-07-15,1.09403290155292,"Moderate",106,68,38,9.63636363636364,0.618181818181818,0.690909090909091,0.641509433962264,2022
2022-07-16,1.0207932424046,"Low",113,73,40,10.2727272727273,0.663636363636364,0.727272727272727,0.646017699115044,2022
2022-07-17,1.01113468728021,"Low",113,75,38,10.2727272727273,0.681818181818182,0.690909090909091,0.663716814159292,2022
2022-07-18,1.19531562337471,"Elevated",98,61,37,8.90909090909091,0.554545454545455,0.672727272727273,0.622448979591837,2022
2022-07-19,1.25813916663146,"Elevated",99,59,40,9,0.536363636363636,0.727272727272727,0.595959595959596,2022
2022-07-20,1.21088779206368,"Elevated",101,65,36,9.18181818181818,0.590909090909091,0.654545454545455,0.643564356435644,2022
2022-07-21,1.55754626286219,"Severe",99,61,38,9,0.554545454545455,0.690909090909091,0.616161616161616,2022
2022-07-22,1.57633833633789,"Severe",87,56,31,7.90909090909091,0.509090909090909,0.563636363636364,0.64367816091954,2022
2022-07-23,1.42230873626686,"Severe",90,59,31,8.18181818181818,0.536363636363636,0.563636363636364,0.655555555555556,2022
2022-07-24,1.60053225060947,"Severe",91,60,31,8.27272727272727,0.545454545454545,0.563636363636364,0.659340659340659,2022
2022-07-25,1.29504279966246,"Elevated",101,69,32,9.18181818181818,0.627272727272727,0.581818181818182,0.683168316831683,2022
2022-07-26,1.38597774475909,"Severe",93,63,30,8.45454545454546,0.572727272727273,0.545454545454545,0.67741935483871,2022
2022-07-27,1.33790534091626,"Severe",97,64,33,8.81818181818182,0.581818181818182,0.6,0.65979381443299,2022
2022-07-28,1.05858305524001,"Moderate",105,70,35,9.54545454545454,0.636363636363636,0.636363636363636,0.666666666666667,2022
2022-07-29,1.17535879235015,"Elevated",102,67,35,9.27272727272727,0.609090909090909,0.636363636363636,0.656862745098039,2022
2022-07-30,1.41218555629503,"Severe",97,64,33,8.81818181818182,0.581818181818182,0.6,0.65979381443299,2022
2022-07-31,1.22845738817924,"Elevated",105,72,33,9.54545454545454,0.654545454545455,0.6,0.685714285714286,2022
2022-08-01,1.21323798114753,"Elevated",102,67,35,9.27272727272727,0.609090909090909,0.636363636363636,0.656862745098039,2022
2022-08-02,1.06582441583841,"Moderate",107,73,34,9.72727272727273,0.663636363636364,0.618181818181818,0.682242990654206,2022
2022-08-03,1.08831368617481,"Moderate",108,71,37,9.81818181818182,0.645454545454546,0.672727272727273,0.657407407407407,2022
2022-08-04,1.08893999458122,"Moderate",109,69,40,9.90909090909091,0.627272727272727,0.727272727272727,0.63302752293578,2022
2022-08-05,1.07955862511019,"Moderate",112,75,37,10.1818181818182,0.681818181818182,0.672727272727273,0.669642857142857,2022
2022-08-06,0.959392003871566,"Low",106,73,33,9.63636363636364,0.663636363636364,0.6,0.688679245283019,2022
2022-08-07,1.00825026521062,"Low",104,64,40,9.45454545454546,0.581818181818182,0.727272727272727,0.615384615384615,2022
2022-08-08,1.04627996587593,"Low",101,68,33,9.18181818181818,0.618181818181818,0.6,0.673267326732673,2022
2022-08-09,1.15262102800746,"Moderate",104,69,35,9.45454545454546,0.627272727272727,0.636363636363636,0.663461538461538,2022
2022-08-10,1.41150548710732,"Severe",99,65,34,9,0.590909090909091,0.618181818181818,0.656565656565657,2022
2022-08-11,1.29590555467353,"Elevated",102,71,31,9.27272727272727,0.645454545454546,0.563636363636364,0.696078431372549,2022
2022-08-12,1.38819034586539,"Severe",102,74,28,9.27272727272727,0.672727272727273,0.509090909090909,0.725490196078431,2022
2022-08-13,1.30567891036136,"Severe",105,73,32,9.54545454545454,0.663636363636364,0.581818181818182,0.695238095238095,2022
2022-08-14,1.26337157186133,"Elevated",107,77,30,9.72727272727273,0.7,0.545454545454545,0.719626168224299,2022
2022-08-15,1.18051587894621,"Elevated",104,72,32,9.45454545454546,0.654545454545455,0.581818181818182,0.692307692307692,2022
2022-08-16,1.20719872402954,"Elevated",103,68,35,9.36363636363636,0.618181818181818,0.636363636363636,0.660194174757282,2022
2022-08-17,1.06886832051652,"Moderate",110,77,33,10,0.7,0.6,0.7,2022
2022-08-18,0.913141296913175,"Very low",111,79,32,10.0909090909091,0.718181818181818,0.581818181818182,0.711711711711712,2022
2022-08-19,0.885157586326137,"Very low",113,79,34,10.2727272727273,0.718181818181818,0.618181818181818,0.699115044247788,2022
2022-08-20,0.796339796741639,"Very low",117,82,35,10.6363636363636,0.745454545454545,0.636363636363636,0.700854700854701,2022
2022-08-21,0.743659180059536,"Very low",114,76,38,10.3636363636364,0.690909090909091,0.690909090909091,0.666666666666667,2022
2022-08-22,0.860641072150127,"Very low",113,80,33,10.2727272727273,0.727272727272727,0.6,0.707964601769911,2022
2022-08-23,0.743762521683401,"Very low",118,80,38,10.7272727272727,0.727272727272727,0.690909090909091,0.677966101694915,2022
2022-08-24,0.94126949606764,"Low",114,80,34,10.3636363636364,0.727272727272727,0.618181818181818,0.701754385964912,2022
2022-08-25,1.00091267185282,"Low",111,76,35,10.0909090909091,0.690909090909091,0.636363636363636,0.684684684684685,2022
2022-08-26,1.09553426865909,"Moderate",105,70,35,9.54545454545454,0.636363636363636,0.636363636363636,0.666666666666667,2022
2022-08-27,1.04297920263299,"Low",105,72,33,9.54545454545454,0.654545454545455,0.6,0.685714285714286,2022
2022-08-28,0.778134376773411,"Very low",115,73,42,10.4545454545455,0.663636363636364,0.763636363636364,0.634782608695652,2022
2022-08-29,1.05216087791902,"Moderate",110,74,36,10,0.672727272727273,0.654545454545455,0.672727272727273,2022
2022-08-30,1.12243657691472,"Moderate",103,69,34,9.36363636363636,0.627272727272727,0.618181818181818,0.669902912621359,2022
2022-08-31,0.902777573429228,"Very low",110,73,37,10,0.663636363636364,0.672727272727273,0.663636363636364,2022
2022-09-01,1.03542736488027,"Low",103,69,34,9.36363636363636,0.627272727272727,0.618181818181818,0.669902912621359,2022
2022-09-02,1.01330939040364,"Low",102,66,36,9.27272727272727,0.6,0.654545454545455,0.647058823529412,2022
2022-09-03,1.02918663216598,"Low",107,72,35,9.72727272727273,0.654545454545455,0.636363636363636,0.672897196261682,2022
2022-09-04,1.06613393758554,"Moderate",105,69,36,9.54545454545454,0.627272727272727,0.654545454545455,0.657142857142857,2022
2022-09-05,1.01175113790876,"Low",108,72,36,9.81818181818182,0.654545454545455,0.654545454545455,0.666666666666667,2022
2022-09-06,1.94747492426639,"Severe",97,62,35,8.81818181818182,0.563636363636364,0.636363636363636,0.639175257731959,2022
2022-09-07,1.20655538232946,"Elevated",103,71,32,9.36363636363636,0.645454545454546,0.581818181818182,0.689320388349515,2022
2022-09-08,1.74263706325075,"Severe",104,70,34,9.45454545454546,0.636363636363636,0.618181818181818,0.673076923076923,2022
2022-09-09,1.04322568662493,"Low",110,73,37,10,0.663636363636364,0.672727272727273,0.663636363636364,2022
2022-09-10,0.834830125748984,"Very low",118,78,40,10.7272727272727,0.709090909090909,0.727272727272727,0.661016949152542,2022
2022-09-11,0.765978461718568,"Very low",115,75,40,10.4545454545455,0.681818181818182,0.727272727272727,0.652173913043478,2022
2022-09-12,0.70598476904662,"Very low",112,72,40,10.1818181818182,0.654545454545455,0.727272727272727,0.642857142857143,2022
2022-09-13,1.08539153795487,"Moderate",102,63,39,9.27272727272727,0.572727272727273,0.709090909090909,0.61764705882353,2022
2022-09-14,0.89903035132318,"Very low",104,67,37,9.45454545454546,0.609090909090909,0.672727272727273,0.644230769230769,2022
2022-09-15,1.09681065432186,"Moderate",102,69,33,9.27272727272727,0.627272727272727,0.6,0.676470588235294,2022
2022-09-16,0.983129060285884,"Low",101,66,35,9.18181818181818,0.6,0.636363636363636,0.653465346534653,2022
2022-09-17,1.17795449211423,"Elevated",103,67,36,9.36363636363636,0.609090909090909,0.654545454545455,0.650485436893204,2022
2022-09-18,1.16994037973039,"Elevated",94,62,32,8.54545454545454,0.563636363636364,0.581818181818182,0.659574468085106,2022
2022-09-19,0.999849693526141,"Low",102,72,30,9.27272727272727,0.654545454545455,0.545454545454545,0.705882352941177,2022
2022-09-20,0.920227561122932,"Low",110,73,37,10,0.663636363636364,0.672727272727273,0.663636363636364,2022
2022-09-21,0.873167439298472,"Very low",107,74,33,9.72727272727273,0.672727272727273,0.6,0.691588785046729,2022
2022-09-22,1.21785642639452,"Elevated",96,64,32,8.72727272727273,0.581818181818182,0.581818181818182,0.666666666666667,2022
2022-09-23,0.990141307606706,"Low",105,68,37,9.54545454545454,0.618181818181818,0.672727272727273,0.647619047619048,2022
2022-09-24,1.17846362258751,"Elevated",101,62,39,9.18181818181818,0.563636363636364,0.709090909090909,0.613861386138614,2022
2022-09-25,1.18689489186042,"Elevated",99,59,40,9,0.536363636363636,0.727272727272727,0.595959595959596,2022
2022-09-26,1.21042053963726,"Elevated",100,59,41,9.09090909090909,0.536363636363636,0.745454545454545,0.59,2022
2022-09-27,1.2158623406787,"Elevated",100,63,37,9.09090909090909,0.572727272727273,0.672727272727273,0.63,2022
2022-09-28,1.21609879051653,"Elevated",101,65,36,9.18181818181818,0.590909090909091,0.654545454545455,0.643564356435644,2022
2022-09-29,0.907967861667482,"Very low",110,70,40,10,0.636363636363636,0.727272727272727,0.636363636363636,2022
2022-09-30,0.741267782927302,"Very low",112,72,40,10.1818181818182,0.654545454545455,0.727272727272727,0.642857142857143,2022
2022-10-01,0.846818542283071,"Very low",109,67,42,9.90909090909091,0.609090909090909,0.763636363636364,0.614678899082569,2022
2022-10-02,0.876048048046109,"Very low",104,66,38,9.45454545454546,0.6,0.690909090909091,0.634615384615385,2022
2022-10-03,0.855564017056646,"Very low",108,69,39,9.81818181818182,0.627272727272727,0.709090909090909,0.638888888888889,2022
2022-10-04,0.882741470036574,"Very low",100,63,37,9.09090909090909,0.572727272727273,0.672727272727273,0.63,2022
2022-10-05,1.10231949488671,"Moderate",99,61,38,9,0.554545454545455,0.690909090909091,0.616161616161616,2022
2022-10-06,1.11445336579049,"Moderate",99,61,38,9,0.554545454545455,0.690909090909091,0.616161616161616,2022
2022-10-07,0.874698611543668,"Very low",101,63,38,9.18181818181818,0.572727272727273,0.690909090909091,0.623762376237624,2022
2022-10-08,1.09890367852457,"Moderate",95,61,34,8.63636363636364,0.554545454545455,0.618181818181818,0.642105263157895,2022
2022-10-09,0.917774640777169,"Very low",102,64,38,9.27272727272727,0.581818181818182,0.690909090909091,0.627450980392157,2022
2022-10-10,1.00614375019295,"Low",98,62,36,8.90909090909091,0.563636363636364,0.654545454545455,0.63265306122449,2022
2022-10-11,0.736290080871409,"Very low",109,73,36,9.90909090909091,0.663636363636364,0.654545454545455,0.669724770642202,2022
2022-10-12,0.770238165149986,"Very low",109,73,36,9.90909090909091,0.663636363636364,0.654545454545455,0.669724770642202,2022
2022-10-13,0.770187755779035,"Very low",105,73,32,9.54545454545454,0.663636363636364,0.581818181818182,0.695238095238095,2022
2022-10-14,0.735027758649977,"Very low",109,70,39,9.90909090909091,0.636363636363636,0.709090909090909,0.642201834862385,2022
2022-10-15,0.7289020651114,"Very low",106,67,39,9.63636363636364,0.609090909090909,0.709090909090909,0.632075471698113,2022
2022-10-16,0.689965936561256,"Very low",113,71,42,10.2727272727273,0.645454545454546,0.763636363636364,0.628318584070796,2022
2022-10-17,0.828446042487832,"Very low",108,70,38,9.81818181818182,0.636363636363636,0.690909090909091,0.648148148148148,2022
2022-10-18,0.926346136648116,"Low",102,65,37,9.27272727272727,0.590909090909091,0.672727272727273,0.637254901960784,2022
2022-10-19,0.806396079162186,"Very low",107,69,38,9.72727272727273,0.627272727272727,0.690909090909091,0.644859813084112,2022
2022-10-20,0.815845927384557,"Very low",102,66,36,9.27272727272727,0.6,0.654545454545455,0.647058823529412,2022
2022-10-21,0.688120805439229,"Very low",113,75,38,10.2727272727273,0.681818181818182,0.690909090909091,0.663716814159292,2022
2022-10-22,0.826919939429311,"Very low",106,72,34,9.63636363636364,0.654545454545455,0.618181818181818,0.679245283018868,2022
2022-10-23,0.775613448598191,"Very low",109,74,35,9.90909090909091,0.672727272727273,0.636363636363636,0.678899082568807,2022
2022-10-24,0.717023349085778,"Very low",114,78,36,10.3636363636364,0.709090909090909,0.654545454545455,0.68421052631579,2022
2022-10-25,0.817012004441766,"Very low",114,77,37,10.3636363636364,0.7,0.672727272727273,0.675438596491228,2022
2022-10-26,0.80340856315707,"Very low",119,80,39,10.8181818181818,0.727272727272727,0.709090909090909,0.672268907563025,2022
2022-10-27,0.75930689491838,"Very low",117,81,36,10.6363636363636,0.736363636363636,0.654545454545455,0.692307692307692,2022
2022-10-28,0.942333106826992,"Low",110,75,35,10,0.681818181818182,0.636363636363636,0.681818181818182,2022
2022-10-29,0.857900005940548,"Very low",106,73,33,9.63636363636364,0.663636363636364,0.6,0.688679245283019,2022
2022-10-30,0.93057404188978,"Low",109,74,35,9.90909090909091,0.672727272727273,0.636363636363636,0.678899082568807,2022
2022-10-31,0.805829060442947,"Very low",113,77,36,10.2727272727273,0.7,0.654545454545455,0.68141592920354,2022
2022-11-01,0.757137412615572,"Very low",116,79,37,10.5454545454545,0.718181818181818,0.672727272727273,0.681034482758621,2022
2022-11-02,0.862064279866915,"Very low",111,71,40,10.0909090909091,0.645454545454546,0.727272727272727,0.63963963963964,2022
2022-11-03,0.936630922435213,"Low",107,68,39,9.72727272727273,0.618181818181818,0.709090909090909,0.635514018691589,2022
2022-11-04,0.904689403473007,"Very low",113,72,41,10.2727272727273,0.654545454545455,0.745454545454545,0.63716814159292,2022
2022-11-05,0.92838358100851,"Low",103,65,38,9.36363636363636,0.590909090909091,0.690909090909091,0.631067961165049,2022
2022-11-06,0.805852060735771,"Very low",105,70,35,9.54545454545454,0.636363636363636,0.636363636363636,0.666666666666667,2022
2022-11-07,0.837999789318681,"Very low",106,70,36,9.63636363636364,0.636363636363636,0.654545454545455,0.660377358490566,2022
2022-11-08,0.904885873778955,"Very low",105,74,31,9.54545454545454,0.672727272727273,0.563636363636364,0.704761904761905,2022
2022-11-09,0.997812542916374,"Low",111,80,31,10.0909090909091,0.727272727272727,0.563636363636364,0.720720720720721,2022
2022-11-10,0.982740014915884,"Low",112,77,35,10.1818181818182,0.7,0.636363636363636,0.6875,2022
2022-11-11,0.758386047711138,"Very low",118,82,36,10.7272727272727,0.745454545454545,0.654545454545455,0.694915254237288,2022
2022-11-12,0.733805212924626,"Very low",122,82,40,11.0909090909091,0.745454545454545,0.727272727272727,0.672131147540984,2022
2022-11-13,0.859638619024831,"Very low",117,80,37,10.6363636363636,0.727272727272727,0.672727272727273,0.683760683760684,2022
2022-11-14,0.96453365651933,"Low",109,73,36,9.90909090909091,0.663636363636364,0.654545454545455,0.669724770642202,2022
2022-11-15,0.943526715366091,"Low",112,77,35,10.1818181818182,0.7,0.636363636363636,0.6875,2022
2022-11-16,1.03486737172785,"Low",109,71,38,9.90909090909091,0.645454545454546,0.690909090909091,0.651376146788991,2022
2022-11-17,1.13203351703037,"Moderate",101,70,31,9.18181818181818,0.636363636363636,0.563636363636364,0.693069306930693,2022
2022-11-18,1.18611373729513,"Elevated",104,73,31,9.45454545454546,0.663636363636364,0.563636363636364,0.701923076923077,2022
2022-11-19,1.22769000800326,"Elevated",96,68,28,8.72727272727273,0.618181818181818,0.509090909090909,0.708333333333333,2022
2022-11-20,1.26242533337077,"Elevated",98,69,29,8.90909090909091,0.627272727272727,0.527272727272727,0.704081632653061,2022
2022-11-21,1.2935721271815,"Elevated",96,67,29,8.72727272727273,0.609090909090909,0.527272727272727,0.697916666666667,2022
2022-11-22,1.29610430814864,"Elevated",97,69,28,8.81818181818182,0.627272727272727,0.509090909090909,0.711340206185567,2022
2022-11-23,1.34247103770681,"Severe",91,66,25,8.27272727272727,0.6,0.454545454545455,0.725274725274725,2022
2022-11-24,1.30962038425633,"Severe",91,65,26,8.27272727272727,0.590909090909091,0.472727272727273,0.714285714285714,2022
2022-11-25,1.08157735670378,"Moderate",104,74,30,9.45454545454546,0.672727272727273,0.545454545454545,0.711538461538462,2022
2022-11-26,1.02647270089542,"Low",103,71,32,9.36363636363636,0.645454545454546,0.581818181818182,0.689320388349515,2022
2022-11-27,1.03010953147747,"Low",104,73,31,9.45454545454546,0.663636363636364,0.563636363636364,0.701923076923077,2022
2022-11-28,0.966919864035606,"Low",108,76,32,9.81818181818182,0.690909090909091,0.581818181818182,0.703703703703704,2022
2022-11-29,1.24409081952981,"Elevated",102,70,32,9.27272727272727,0.636363636363636,0.581818181818182,0.686274509803922,2022
2022-11-30,1.06871531316922,"Moderate",110,76,34,10,0.690909090909091,0.618181818181818,0.690909090909091,2022
2022-12-01,1.11319151319826,"Moderate",107,74,33,9.72727272727273,0.672727272727273,0.6,0.691588785046729,2022
2022-12-02,1.17916191633689,"Elevated",104,70,34,9.45454545454546,0.636363636363636,0.618181818181818,0.673076923076923,2022
2022-12-03,1.10023275250886,"Moderate",105,74,31,9.54545454545454,0.672727272727273,0.563636363636364,0.704761904761905,2022
2022-12-04,1.3354670761475,"Severe",95,68,27,8.63636363636364,0.618181818181818,0.490909090909091,0.71578947368421,2022
2022-12-05,1.15550042019998,"Moderate",106,76,30,9.63636363636364,0.690909090909091,0.545454545454545,0.716981132075472,2022
2022-12-06,1.12186514006621,"Moderate",103,72,31,9.36363636363636,0.654545454545455,0.563636363636364,0.699029126213592,2022
2022-12-07,1.14226529299006,"Moderate",96,68,28,8.72727272727273,0.618181818181818,0.509090909090909,0.708333333333333,2022
2022-12-08,1.26591350128066,"Elevated",100,71,29,9.09090909090909,0.645454545454546,0.527272727272727,0.71,2022
2022-12-09,1.10048695266024,"Moderate",101,71,30,9.18181818181818,0.645454545454546,0.545454545454545,0.702970297029703,2022
2022-12-10,1.1374636281977,"Moderate",97,67,30,8.81818181818182,0.609090909090909,0.545454545454545,0.690721649484536,2022
2022-12-11,1.0648191247579,"Moderate",103,70,33,9.36363636363636,0.636363636363636,0.6,0.679611650485437,2022
2022-12-12,1.06064075916627,"Moderate",108,73,35,9.81818181818182,0.663636363636364,0.636363636363636,0.675925925925926,2022
2022-12-13,1.248304648517,"Elevated",103,68,35,9.36363636363636,0.618181818181818,0.636363636363636,0.660194174757282,2022
2022-12-14,1.2345137059365,"Elevated",99,69,30,9,0.627272727272727,0.545454545454545,0.696969696969697,2022
2022-12-15,1.23866086929589,"Elevated",100,67,33,9.09090909090909,0.609090909090909,0.6,0.67,2022
2022-12-16,1.10943321331221,"Moderate",107,72,35,9.72727272727273,0.654545454545455,0.636363636363636,0.672897196261682,2022
2022-12-17,1.20778782337773,"Elevated",102,65,37,9.27272727272727,0.590909090909091,0.672727272727273,0.637254901960784,2022
2022-12-18,1.25560104755778,"Elevated",100,65,35,9.09090909090909,0.590909090909091,0.636363636363636,0.65,2022
2022-12-19,0.98260090851171,"Low",106,67,39,9.63636363636364,0.609090909090909,0.709090909090909,0.632075471698113,2022
2022-12-20,1.19291902598336,"Elevated",104,67,37,9.45454545454546,0.609090909090909,0.672727272727273,0.644230769230769,2022
2022-12-21,1.19275903525031,"Elevated",104,69,35,9.45454545454546,0.627272727272727,0.636363636363636,0.663461538461538,2022
2022-12-22,0.89589241635322,"Very low",109,73,36,9.90909090909091,0.663636363636364,0.654545454545455,0.669724770642202,2022
2022-12-23,0.98188648422462,"Low",110,74,36,10,0.672727272727273,0.654545454545455,0.672727272727273,2022
2022-12-24,0.935870217755637,"Low",111,75,36,10.0909090909091,0.681818181818182,0.654545454545455,0.675675675675676,2022
2022-12-25,0.948386853465128,"Low",109,73,36,9.90909090909091,0.663636363636364,0.654545454545455,0.669724770642202,2022
2022-12-26,0.883411744016504,"Very low",109,73,36,9.90909090909091,0.663636363636364,0.654545454545455,0.669724770642202,2022
2022-12-27,0.786016432177608,"Very low",115,77,38,10.4545454545455,0.7,0.690909090909091,0.669565217391304,2022
2022-12-28,0.791522479273576,"Very low",115,73,42,10.4545454545455,0.663636363636364,0.763636363636364,0.634782608695652,2022
2022-12-29,0.705009161514906,"Very low",119,76,43,10.8181818181818,0.690909090909091,0.781818181818182,0.638655462184874,2022
2022-12-30,0.710965541328912,"Very low",119,74,45,10.8181818181818,0.672727272727273,0.818181818181818,0.621848739495798,2022
2022-12-31,0.683926961142384,"Very low",115,74,41,10.4545454545455,0.672727272727273,0.745454545454545,0.643478260869565,2022
2023-01-01,0.950522170779067,"Low",108,71,37,9.81818181818182,0.645454545454546,0.672727272727273,0.657407407407407,2023
2023-01-02,0.997051745482566,"Low",110,71,39,10,0.645454545454546,0.709090909090909,0.645454545454546,2023
2023-01-03,0.990607824805533,"Low",111,74,37,10.0909090909091,0.672727272727273,0.672727272727273,0.666666666666667,2023
2023-01-04,1.13927156858663,"Moderate",108,71,37,9.81818181818182,0.645454545454546,0.672727272727273,0.657407407407407,2023
2023-01-05,1.05058324731884,"Moderate",104,69,35,9.45454545454546,0.627272727272727,0.636363636363636,0.663461538461538,2023
2023-01-06,1.13548316795684,"Moderate",101,66,35,9.18181818181818,0.6,0.636363636363636,0.653465346534653,2023
2023-01-07,1.25213058018114,"Elevated",96,61,35,8.72727272727273,0.554545454545455,0.636363636363636,0.635416666666667,2023
2023-01-08,1.14792581125472,"Moderate",101,65,36,9.18181818181818,0.590909090909091,0.654545454545455,0.643564356435644,2023
2023-01-09,1.31401335174,"Severe",96,62,34,8.72727272727273,0.563636363636364,0.618181818181818,0.645833333333333,2023
2023-01-10,1.15734994679546,"Elevated",102,64,38,9.27272727272727,0.581818181818182,0.690909090909091,0.627450980392157,2023
2023-01-11,1.22444869679528,"Elevated",97,65,32,8.81818181818182,0.590909090909091,0.581818181818182,0.670103092783505,2023
2023-01-12,1.28533861138323,"Elevated",99,67,32,9,0.609090909090909,0.581818181818182,0.676767676767677,2023
2023-01-13,1.15941354911182,"Elevated",103,71,32,9.36363636363636,0.645454545454546,0.581818181818182,0.689320388349515,2023
2023-01-14,1.09257280732182,"Moderate",103,75,28,9.36363636363636,0.681818181818182,0.509090909090909,0.728155339805825,2023
2023-01-15,1.08666850068094,"Moderate",100,72,28,9.09090909090909,0.654545454545455,0.509090909090909,0.72,2023
2023-01-16,1.20656076797727,"Elevated",101,70,31,9.18181818181818,0.636363636363636,0.563636363636364,0.693069306930693,2023
2023-01-17,1.55248383080118,"Severe",105,76,29,9.54545454545454,0.690909090909091,0.527272727272727,0.723809523809524,2023
2023-01-18,1.20972578386164,"Elevated",100,70,30,9.09090909090909,0.636363636363636,0.545454545454545,0.7,2023
2023-01-19,1.12060688050738,"Moderate",99,68,31,9,0.618181818181818,0.563636363636364,0.686868686868687,2023
2023-01-20,1.15427084730379,"Moderate",101,70,31,9.18181818181818,0.636363636363636,0.563636363636364,0.693069306930693,2023
2023-01-21,1.15303703938321,"Moderate",102,72,30,9.27272727272727,0.654545454545455,0.545454545454545,0.705882352941177,2023
2023-01-22,0.885958262839281,"Very low",104,70,34,9.45454545454546,0.636363636363636,0.618181818181818,0.673076923076923,2023
2023-01-23,1.10591033613254,"Moderate",100,68,32,9.09090909090909,0.618181818181818,0.581818181818182,0.68,2023
2023-01-24,1.07883330559764,"Moderate",99,67,32,9,0.609090909090909,0.581818181818182,0.676767676767677,2023
2023-01-25,1.10517249350615,"Moderate",101,70,31,9.18181818181818,0.636363636363636,0.563636363636364,0.693069306930693,2023
2023-01-26,1.27163767070883,"Elevated",97,64,33,8.81818181818182,0.581818181818182,0.6,0.65979381443299,2023
2023-01-27,1.07877460368738,"Moderate",102,67,35,9.27272727272727,0.609090909090909,0.636363636363636,0.656862745098039,2023
2023-01-28,1.037370363744,"Low",102,66,36,9.27272727272727,0.6,0.654545454545455,0.647058823529412,2023
2023-01-29,1.17796715676119,"Elevated",103,69,34,9.36363636363636,0.627272727272727,0.618181818181818,0.669902912621359,2023
2023-01-30,0.953542544732194,"Low",117,80,37,10.6363636363636,0.727272727272727,0.672727272727273,0.683760683760684,2023
2023-01-31,0.889856964723912,"Very low",115,78,37,10.4545454545455,0.709090909090909,0.672727272727273,0.678260869565217,2023
2023-02-01,1.08742769268447,"Moderate",106,72,34,9.63636363636364,0.654545454545455,0.618181818181818,0.679245283018868,2023
2023-02-02,1.21688061814547,"Elevated",108,71,37,9.81818181818182,0.645454545454546,0.672727272727273,0.657407407407407,2023
2023-02-03,1.19063804671234,"Elevated",108,68,40,9.81818181818182,0.618181818181818,0.727272727272727,0.62962962962963,2023
2023-02-04,1.16050868731246,"Elevated",106,71,35,9.63636363636364,0.645454545454546,0.636363636363636,0.669811320754717,2023
2023-02-05,1.25046340269892,"Elevated",103,72,31,9.36363636363636,0.654545454545455,0.563636363636364,0.699029126213592,2023
2023-02-06,1.19464557025997,"Elevated",101,68,33,9.18181818181818,0.618181818181818,0.6,0.673267326732673,2023
2023-02-07,1.10477732073374,"Moderate",105,69,36,9.54545454545454,0.627272727272727,0.654545454545455,0.657142857142857,2023
2023-02-08,1.12765568199067,"Moderate",105,68,37,9.54545454545454,0.618181818181818,0.672727272727273,0.647619047619048,2023
2023-02-09,1.06752727095188,"Moderate",106,67,39,9.63636363636364,0.609090909090909,0.709090909090909,0.632075471698113,2023
2023-02-10,0.822345473513363,"Very low",114,76,38,10.3636363636364,0.690909090909091,0.690909090909091,0.666666666666667,2023
2023-02-11,0.86455008903814,"Very low",115,72,43,10.4545454545455,0.654545454545455,0.781818181818182,0.626086956521739,2023
2023-02-12,1.3191111174998,"Severe",106,66,40,9.63636363636364,0.6,0.727272727272727,0.622641509433962,2023
2023-02-13,0.96720335406817,"Low",101,63,38,9.18181818181818,0.572727272727273,0.690909090909091,0.623762376237624,2023
2023-02-14,0.878665240307374,"Very low",117,75,42,10.6363636363636,0.681818181818182,0.763636363636364,0.641025641025641,2023
2023-02-15,0.95852274041358,"Low",113,74,39,10.2727272727273,0.672727272727273,0.709090909090909,0.654867256637168,2023
2023-02-16,1.05748815591884,"Moderate",106,65,41,9.63636363636364,0.590909090909091,0.745454545454545,0.613207547169811,2023
2023-02-17,0.876646712048912,"Very low",115,75,40,10.4545454545455,0.681818181818182,0.727272727272727,0.652173913043478,2023
2023-02-18,0.992920496944528,"Low",119,76,43,10.8181818181818,0.690909090909091,0.781818181818182,0.638655462184874,2023
2023-02-19,1.00772323788727,"Low",112,72,40,10.1818181818182,0.654545454545455,0.727272727272727,0.642857142857143,2023
2023-02-20,0.956720735261626,"Low",113,71,42,10.2727272727273,0.645454545454546,0.763636363636364,0.628318584070796,2023
2023-02-21,1.03929355924582,"Low",107,67,40,9.72727272727273,0.609090909090909,0.727272727272727,0.626168224299065,2023
2023-02-22,1.15771373014851,"Elevated",114,75,39,10.3636363636364,0.681818181818182,0.709090909090909,0.657894736842105,2023
2023-02-23,1.24417685523021,"Elevated",110,70,40,10,0.636363636363636,0.727272727272727,0.636363636363636,2023
2023-02-24,1.12655094235034,"Moderate",115,75,40,10.4545454545455,0.681818181818182,0.727272727272727,0.652173913043478,2023
2023-02-25,1.04917862749073,"Low",114,69,45,10.3636363636364,0.627272727272727,0.818181818181818,0.605263157894737,2023
2023-02-26,0.92470293043967,"Low",119,74,45,10.8181818181818,0.672727272727273,0.818181818181818,0.621848739495798,2023
2023-02-27,1.01098399074927,"Low",114,73,41,10.3636363636364,0.663636363636364,0.745454545454545,0.640350877192982,2023
2023-02-28,0.900823431499403,"Very low",119,73,46,10.8181818181818,0.663636363636364,0.836363636363636,0.61344537815126,2023
2023-03-01,0.930464606123492,"Low",122,79,43,11.0909090909091,0.718181818181818,0.781818181818182,0.647540983606557,2023
2023-03-02,0.867680292025881,"Very low",128,82,46,11.6363636363636,0.745454545454545,0.836363636363636,0.640625,2023
2023-03-03,0.872719902872154,"Very low",129,84,45,11.7272727272727,0.763636363636364,0.818181818181818,0.651162790697674,2023
2023-03-04,1.00592510924786,"Low",115,71,44,10.4545454545455,0.645454545454546,0.8,0.617391304347826,2023
2023-03-05,1.17692666631236,"Elevated",117,73,44,10.6363636363636,0.663636363636364,0.8,0.623931623931624,2023
2023-03-06,0.754248413616746,"Very low",132,85,47,12,0.772727272727273,0.854545454545454,0.643939393939394,2023
2023-03-07,0.769266743264911,"Very low",134,86,48,12.1818181818182,0.781818181818182,0.872727272727273,0.641791044776119,2023
2023-03-08,1.15678385125303,"Elevated",118,74,44,10.7272727272727,0.672727272727273,0.8,0.627118644067797,2023
2023-03-09,0.884273852525672,"Very low",123,77,46,11.1818181818182,0.7,0.836363636363636,0.626016260162602,2023
2023-03-10,1.34072585707447,"Severe",103,62,41,9.36363636363636,0.563636363636364,0.745454545454545,0.601941747572815,2023
2023-03-11,1.19924140464621,"Elevated",109,66,43,9.90909090909091,0.6,0.781818181818182,0.605504587155963,2023
2023-03-12,1.06445081748612,"Moderate",108,70,38,9.81818181818182,0.636363636363636,0.690909090909091,0.648148148148148,2023
2023-03-13,1.19715818994265,"Elevated",108,75,33,9.81818181818182,0.681818181818182,0.6,0.694444444444444,2023
2023-03-14,1.17335683242966,"Elevated",110,75,35,10,0.681818181818182,0.636363636363636,0.681818181818182,2023
2023-03-15,1.15758463752357,"Elevated",110,75,35,10,0.681818181818182,0.636363636363636,0.681818181818182,2023
2023-03-16,1.09643768796163,"Moderate",107,73,34,9.72727272727273,0.663636363636364,0.618181818181818,0.682242990654206,2023
2023-03-17,1.19937121676513,"Elevated",100,70,30,9.09090909090909,0.636363636363636,0.545454545454545,0.7,2023
2023-03-18,1.32465433192815,"Severe",102,67,35,9.27272727272727,0.609090909090909,0.636363636363636,0.656862745098039,2023
2023-03-19,1.11608675481779,"Moderate",105,71,34,9.54545454545454,0.645454545454546,0.618181818181818,0.676190476190476,2023
2023-03-20,1.21876134794268,"Elevated",102,69,33,9.27272727272727,0.627272727272727,0.6,0.676470588235294,2023
2023-03-21,1.13415813239646,"Moderate",116,75,41,10.5454545454545,0.681818181818182,0.745454545454545,0.646551724137931,2023
2023-03-22,1.10275321301581,"Moderate",117,77,40,10.6363636363636,0.7,0.727272727272727,0.658119658119658,2023
2023-03-23,1.25608204398634,"Elevated",113,75,38,10.2727272727273,0.681818181818182,0.690909090909091,0.663716814159292,2023
2023-03-24,1.23497441352097,"Elevated",117,78,39,10.6363636363636,0.709090909090909,0.709090909090909,0.666666666666667,2023
2023-03-25,1.43500223346391,"Severe",102,69,33,9.27272727272727,0.627272727272727,0.6,0.676470588235294,2023
2023-03-26,1.28737215945133,"Elevated",111,73,38,10.0909090909091,0.663636363636364,0.690909090909091,0.657657657657658,2023
2023-03-27,1.26498633783466,"Elevated",103,68,35,9.36363636363636,0.618181818181818,0.636363636363636,0.660194174757282,2023
2023-03-28,1.15903652478883,"Elevated",111,75,36,10.0909090909091,0.681818181818182,0.654545454545455,0.675675675675676,2023
2023-03-29,1.249407123764,"Elevated",111,75,36,10.0909090909091,0.681818181818182,0.654545454545455,0.675675675675676,2023
2023-03-30,1.16333386620655,"Elevated",109,70,39,9.90909090909091,0.636363636363636,0.709090909090909,0.642201834862385,2023
2023-03-31,1.19416788860871,"Elevated",106,69,37,9.63636363636364,0.627272727272727,0.672727272727273,0.650943396226415,2023
2023-04-01,1.11846636729288,"Moderate",103,68,35,9.36363636363636,0.618181818181818,0.636363636363636,0.660194174757282,2023
2023-04-02,1.11644249940969,"Moderate",104,66,38,9.45454545454546,0.6,0.690909090909091,0.634615384615385,2023
2023-04-03,1.19751847695822,"Elevated",97,64,33,8.81818181818182,0.581818181818182,0.6,0.65979381443299,2023
2023-04-04,1.1544873497947,"Moderate",105,66,39,9.54545454545454,0.6,0.709090909090909,0.628571428571429,2023
2023-04-05,1.26713848070184,"Elevated",97,61,36,8.81818181818182,0.554545454545455,0.654545454545455,0.628865979381443,2023
2023-04-06,1.19396820933913,"Elevated",102,65,37,9.27272727272727,0.590909090909091,0.672727272727273,0.637254901960784,2023
2023-04-07,1.21568171165306,"Elevated",99,60,39,9,0.545454545454545,0.709090909090909,0.606060606060606,2023
2023-04-08,1.13791425685549,"Moderate",105,65,40,9.54545454545454,0.590909090909091,0.727272727272727,0.619047619047619,2023
2023-04-09,1.17949498076074,"Elevated",96,58,38,8.72727272727273,0.527272727272727,0.690909090909091,0.604166666666667,2023
2023-04-10,1.20895355929795,"Elevated",100,63,37,9.09090909090909,0.572727272727273,0.672727272727273,0.63,2023
2023-04-11,1.11204805477835,"Moderate",104,63,41,9.45454545454546,0.572727272727273,0.745454545454545,0.605769230769231,2023
2023-04-12,1.10243321835233,"Moderate",101,61,40,9.18181818181818,0.554545454545455,0.727272727272727,0.603960396039604,2023
2023-04-13,1.30095080141767,"Elevated",102,62,40,9.27272727272727,0.563636363636364,0.727272727272727,0.607843137254902,2023
2023-04-14,1.15156666183784,"Moderate",106,66,40,9.63636363636364,0.6,0.727272727272727,0.622641509433962,2023
2023-04-15,1.13616518261979,"Moderate",101,62,39,9.18181818181818,0.563636363636364,0.709090909090909,0.613861386138614,2023
2023-04-16,1.2226681057083,"Elevated",104,64,40,9.45454545454546,0.581818181818182,0.727272727272727,0.615384615384615,2023
2023-04-17,1.19336858798053,"Elevated",104,64,40,9.45454545454546,0.581818181818182,0.727272727272727,0.615384615384615,2023
2023-04-18,1.21298674549102,"Elevated",103,63,40,9.36363636363636,0.572727272727273,0.727272727272727,0.611650485436893,2023
2023-04-19,1.41937374449531,"Severe",96,57,39,8.72727272727273,0.518181818181818,0.709090909090909,0.59375,2023
2023-04-20,1.16465596664199,"Elevated",103,63,40,9.36363636363636,0.572727272727273,0.727272727272727,0.611650485436893,2023
2023-04-21,1.11677406320581,"Moderate",103,65,38,9.36363636363636,0.590909090909091,0.690909090909091,0.631067961165049,2023
2023-04-22,0.968425204967147,"Low",106,66,40,9.63636363636364,0.6,0.727272727272727,0.622641509433962,2023
2023-04-23,1.30542152413798,"Severe",99,62,37,9,0.563636363636364,0.672727272727273,0.626262626262626,2023
2023-04-24,1.50908163408547,"Severe",95,57,38,8.63636363636364,0.518181818181818,0.690909090909091,0.6,2023
2023-04-25,1.263120260579,"Elevated",96,57,39,8.72727272727273,0.518181818181818,0.709090909090909,0.59375,2023
2023-04-26,1.10218390827384,"Moderate",103,63,40,9.36363636363636,0.572727272727273,0.727272727272727,0.611650485436893,2023
2023-04-27,1.19307550973382,"Elevated",102,64,38,9.27272727272727,0.581818181818182,0.690909090909091,0.627450980392157,2023
2023-04-28,1.00147691596569,"Low",106,66,40,9.63636363636364,0.6,0.727272727272727,0.622641509433962,2023
2023-04-29,1.11589955573982,"Moderate",103,64,39,9.36363636363636,0.581818181818182,0.709090909090909,0.621359223300971,2023
2023-04-30,1.1369710280959,"Moderate",101,66,35,9.18181818181818,0.6,0.636363636363636,0.653465346534653,2023
2023-05-01,1.13143386177993,"Moderate",104,67,37,9.45454545454546,0.609090909090909,0.672727272727273,0.644230769230769,2023
2023-05-02,1.09582895469801,"Moderate",102,67,35,9.27272727272727,0.609090909090909,0.636363636363636,0.656862745098039,2023
2023-05-03,1.19031328242334,"Elevated",98,64,34,8.90909090909091,0.581818181818182,0.618181818181818,0.653061224489796,2023
2023-05-04,1.3576728273987,"Severe",93,61,32,8.45454545454546,0.554545454545455,0.581818181818182,0.655913978494624,2023
2023-05-05,1.37883634580272,"Severe",93,63,30,8.45454545454546,0.572727272727273,0.545454545454545,0.67741935483871,2023
2023-05-06,1.07243161176283,"Moderate",103,69,34,9.36363636363636,0.627272727272727,0.618181818181818,0.669902912621359,2023
2023-05-07,1.09826784213439,"Moderate",98,67,31,8.90909090909091,0.609090909090909,0.563636363636364,0.683673469387755,2023
2023-05-08,0.908366203917685,"Very low",105,71,34,9.54545454545454,0.645454545454546,0.618181818181818,0.676190476190476,2023
2023-05-09,1.07864260848194,"Moderate",105,71,34,9.54545454545454,0.645454545454546,0.618181818181818,0.676190476190476,2023
2023-05-10,1.03872061432682,"Low",103,68,35,9.36363636363636,0.618181818181818,0.636363636363636,0.660194174757282,2023
2023-05-11,1.23283046062901,"Elevated",101,68,33,9.18181818181818,0.618181818181818,0.6,0.673267326732673,2023
2023-05-12,1.38353860044791,"Severe",104,67,37,9.45454545454546,0.609090909090909,0.672727272727273,0.644230769230769,2023
2023-05-13,1.42280576141078,"Severe",101,67,34,9.18181818181818,0.609090909090909,0.618181818181818,0.663366336633663,2023
2023-05-14,1.43654597914537,"Severe",99,67,32,9,0.609090909090909,0.581818181818182,0.676767676767677,2023
2023-05-15,1.44413643112115,"Severe",96,62,34,8.72727272727273,0.563636363636364,0.618181818181818,0.645833333333333,2023
2023-05-16,1.38906647348811,"Severe",105,66,39,9.54545454545454,0.6,0.709090909090909,0.628571428571429,2023
2023-05-17,1.22632663920497,"Elevated",106,66,40,9.63636363636364,0.6,0.727272727272727,0.622641509433962,2023
2023-05-18,1.19726670239177,"Elevated",116,75,41,10.5454545454545,0.681818181818182,0.745454545454545,0.646551724137931,2023
2023-05-19,1.42049546436036,"Severe",107,71,36,9.72727272727273,0.645454545454546,0.654545454545455,0.663551401869159,2023
2023-05-20,1.31886109256371,"Severe",105,72,33,9.54545454545454,0.654545454545455,0.6,0.685714285714286,2023
2023-05-21,1.41641683300759,"Severe",102,70,32,9.27272727272727,0.636363636363636,0.581818181818182,0.686274509803922,2023
2023-05-22,1.39601378620034,"Severe",105,74,31,9.54545454545454,0.672727272727273,0.563636363636364,0.704761904761905,2023
2023-05-23,1.26817818885307,"Elevated",102,70,32,9.27272727272727,0.636363636363636,0.581818181818182,0.686274509803922,2023
2023-05-24,1.54330280267955,"Severe",94,67,27,8.54545454545454,0.609090909090909,0.490909090909091,0.712765957446808,2023
2023-05-25,1.33096454333107,"Severe",100,71,29,9.09090909090909,0.645454545454546,0.527272727272727,0.71,2023
2023-05-26,1.37114063967632,"Severe",100,68,32,9.09090909090909,0.618181818181818,0.581818181818182,0.68,2023
2023-05-27,1.3178400246215,"Severe",98,68,30,8.90909090909091,0.618181818181818,0.545454545454545,0.693877551020408,2023
2023-05-28,1.11947154999398,"Moderate",106,75,31,9.63636363636364,0.681818181818182,0.563636363636364,0.707547169811321,2023
2023-05-29,1.01804029463473,"Low",103,71,32,9.36363636363636,0.645454545454546,0.581818181818182,0.689320388349515,2023
2023-05-30,1.07220890140303,"Moderate",105,73,32,9.54545454545454,0.663636363636364,0.581818181818182,0.695238095238095,2023
2023-05-31,1.2293676995082,"Elevated",94,65,29,8.54545454545454,0.590909090909091,0.527272727272727,0.691489361702128,2023
2023-06-01,1.31704157922472,"Severe",98,66,32,8.90909090909091,0.6,0.581818181818182,0.673469387755102,2023
2023-06-02,1.23508952999933,"Elevated",104,73,31,9.45454545454546,0.663636363636364,0.563636363636364,0.701923076923077,2023
2023-06-03,1.07643366084528,"Moderate",105,74,31,9.54545454545454,0.672727272727273,0.563636363636364,0.704761904761905,2023
2023-06-04,1.12300518017032,"Moderate",98,70,28,8.90909090909091,0.636363636363636,0.509090909090909,0.714285714285714,2023
2023-06-05,1.09266644270514,"Moderate",102,73,29,9.27272727272727,0.663636363636364,0.527272727272727,0.715686274509804,2023
2023-06-06,1.22339961238603,"Elevated",98,66,32,8.90909090909091,0.6,0.581818181818182,0.673469387755102,2023
2023-06-07,1.17570853114801,"Elevated",98,71,27,8.90909090909091,0.645454545454546,0.490909090909091,0.724489795918367,2023
2023-06-08,1.04104883135486,"Low",100,72,28,9.09090909090909,0.654545454545455,0.509090909090909,0.72,2023
2023-06-09,1.23777994881302,"Elevated",99,70,29,9,0.636363636363636,0.527272727272727,0.707070707070707,2023
2023-06-10,0.699385950370344,"Very low",119,81,38,10.8181818181818,0.736363636363636,0.690909090909091,0.680672268907563,2023
2023-06-11,1.14105146952476,"Moderate",109,78,31,9.90909090909091,0.709090909090909,0.563636363636364,0.715596330275229,2023
2023-06-12,1.39337511894632,"Severe",98,72,26,8.90909090909091,0.654545454545455,0.472727272727273,0.73469387755102,2023
2023-06-13,1.02023031023702,"Low",104,71,33,9.45454545454546,0.645454545454546,0.6,0.682692307692308,2023
2023-06-14,1.17057716892866,"Elevated",99,66,33,9,0.6,0.6,0.666666666666667,2023
2023-06-15,1.05679412676966,"Moderate",110,75,35,10,0.681818181818182,0.636363636363636,0.681818181818182,2023
2023-06-16,1.06703632385404,"Moderate",110,71,39,10,0.645454545454546,0.709090909090909,0.645454545454546,2023
2023-06-17,0.834037672106963,"Very low",118,83,35,10.7272727272727,0.754545454545455,0.636363636363636,0.703389830508475,2023
2023-06-18,0.723626697784265,"Very low",113,77,36,10.2727272727273,0.7,0.654545454545455,0.68141592920354,2023
2023-06-19,0.88816019522586,"Very low",108,76,32,9.81818181818182,0.690909090909091,0.581818181818182,0.703703703703704,2023
2023-06-20,0.737003125523086,"Very low",115,79,36,10.4545454545455,0.718181818181818,0.654545454545455,0.68695652173913,2023
2023-06-21,0.785618568870558,"Very low",115,76,39,10.4545454545455,0.690909090909091,0.709090909090909,0.660869565217391,2023
2023-06-22,0.917440735169314,"Very low",108,70,38,9.81818181818182,0.636363636363636,0.690909090909091,0.648148148148148,2023
2023-06-23,1.07190357662781,"Moderate",108,73,35,9.81818181818182,0.663636363636364,0.636363636363636,0.675925925925926,2023
2023-06-24,0.779559521392808,"Very low",112,72,40,10.1818181818182,0.654545454545455,0.727272727272727,0.642857142857143,2023
2023-06-25,0.719642973936764,"Very low",118,78,40,10.7272727272727,0.709090909090909,0.727272727272727,0.661016949152542,2023
2023-06-26,0.806990863908541,"Very low",117,77,40,10.6363636363636,0.7,0.727272727272727,0.658119658119658,2023
2023-06-27,0.995603048666841,"Low",106,67,39,9.63636363636364,0.609090909090909,0.709090909090909,0.632075471698113,2023
2023-06-28,0.781638428050684,"Very low",117,76,41,10.6363636363636,0.690909090909091,0.745454545454545,0.64957264957265,2023
2023-06-29,0.835685423756728,"Very low",112,73,39,10.1818181818182,0.663636363636364,0.709090909090909,0.651785714285714,2023
2023-06-30,0.816514971157967,"Very low",115,78,37,10.4545454545455,0.709090909090909,0.672727272727273,0.678260869565217,2023
2023-07-01,0.709300581620605,"Very low",113,76,37,10.2727272727273,0.690909090909091,0.672727272727273,0.672566371681416,2023
2023-07-02,0.756096971592045,"Very low",113,75,38,10.2727272727273,0.681818181818182,0.690909090909091,0.663716814159292,2023
2023-07-03,0.72830430406071,"Very low",116,76,40,10.5454545454545,0.690909090909091,0.727272727272727,0.655172413793103,2023
2023-07-04,1.05178625806711,"Moderate",108,71,37,9.81818181818182,0.645454545454546,0.672727272727273,0.657407407407407,2023
2023-07-05,0.869369074157028,"Very low",111,72,39,10.0909090909091,0.654545454545455,0.709090909090909,0.648648648648649,2023
2023-07-06,0.886762015022885,"Very low",108,73,35,9.81818181818182,0.663636363636364,0.636363636363636,0.675925925925926,2023
2023-07-07,0.819685929076225,"Very low",114,76,38,10.3636363636364,0.690909090909091,0.690909090909091,0.666666666666667,2023
2023-07-08,0.838517865459285,"Very low",112,75,37,10.1818181818182,0.681818181818182,0.672727272727273,0.669642857142857,2023
2023-07-09,0.876144144899285,"Very low",110,72,38,10,0.654545454545455,0.690909090909091,0.654545454545455,2023
2023-07-10,0.900372988200503,"Very low",107,73,34,9.72727272727273,0.663636363636364,0.618181818181818,0.682242990654206,2023
2023-07-11,0.781554261067094,"Very low",108,73,35,9.81818181818182,0.663636363636364,0.636363636363636,0.675925925925926,2023
2023-07-12,0.724077436804148,"Very low",112,76,36,10.1818181818182,0.690909090909091,0.654545454545455,0.678571428571429,2023
2023-07-13,0.750800005033909,"Very low",115,78,37,10.4545454545455,0.709090909090909,0.672727272727273,0.678260869565217,2023
2023-07-14,0.734700065235836,"Very low",117,79,38,10.6363636363636,0.718181818181818,0.690909090909091,0.675213675213675,2023
2023-07-15,0.676312877031168,"Very low",119,82,37,10.8181818181818,0.745454545454545,0.672727272727273,0.689075630252101,2023
2023-07-16,0.733133886098467,"Very low",110,76,34,10,0.690909090909091,0.618181818181818,0.690909090909091,2023
2023-07-17,0.695924555528032,"Very low",120,82,38,10.9090909090909,0.745454545454545,0.690909090909091,0.683333333333333,2023
2023-07-18,0.749266664663812,"Very low",114,78,36,10.3636363636364,0.709090909090909,0.654545454545455,0.68421052631579,2023
2023-07-19,0.8367323083594,"Very low",120,83,37,10.9090909090909,0.754545454545455,0.672727272727273,0.691666666666667,2023
2023-07-20,0.680905462770037,"Very low",121,84,37,11,0.763636363636364,0.672727272727273,0.694214876033058,2023
2023-07-21,0.62080570230723,"Very low",124,86,38,11.2727272727273,0.781818181818182,0.690909090909091,0.693548387096774,2023
2023-07-22,0.694636910445656,"Very low",118,81,37,10.7272727272727,0.736363636363636,0.672727272727273,0.686440677966102,2023
2023-07-23,0.767861165008847,"Very low",114,81,33,10.3636363636364,0.736363636363636,0.6,0.710526315789474,2023
2023-07-24,0.865826927030556,"Very low",113,79,34,10.2727272727273,0.718181818181818,0.618181818181818,0.699115044247788,2023
2023-07-25,0.793647369673233,"Very low",118,80,38,10.7272727272727,0.727272727272727,0.690909090909091,0.677966101694915,2023
2023-07-26,0.899345971229057,"Very low",115,79,36,10.4545454545455,0.718181818181818,0.654545454545455,0.68695652173913,2023
2023-07-27,0.600456765094082,"Very low",126,86,40,11.4545454545455,0.781818181818182,0.727272727272727,0.682539682539683,2023
2023-07-28,0.672487045577526,"Very low",117,80,37,10.6363636363636,0.727272727272727,0.672727272727273,0.683760683760684,2023
2023-07-29,0.625328475375262,"Very low",120,85,35,10.9090909090909,0.772727272727273,0.636363636363636,0.708333333333333,2023
2023-07-30,0.68577732077631,"Very low",122,86,36,11.0909090909091,0.781818181818182,0.654545454545455,0.704918032786885,2023
2023-07-31,0.676170532389719,"Very low",120,79,41,10.9090909090909,0.718181818181818,0.745454545454545,0.658333333333333,2023
2023-08-01,0.683076223135031,"Very low",123,80,43,11.1818181818182,0.727272727272727,0.781818181818182,0.650406504065041,2023
2023-08-02,0.697331129088315,"Very low",123,79,44,11.1818181818182,0.718181818181818,0.8,0.642276422764228,2023
2023-08-03,0.895017800450597,"Very low",115,74,41,10.4545454545455,0.672727272727273,0.745454545454545,0.643478260869565,2023
2023-08-04,0.744280022640639,"Very low",120,75,45,10.9090909090909,0.681818181818182,0.818181818181818,0.625,2023
2023-08-05,0.643939592674229,"Very low",117,73,44,10.6363636363636,0.663636363636364,0.8,0.623931623931624,2023
2023-08-06,0.678313343286049,"Very low",114,74,40,10.3636363636364,0.672727272727273,0.727272727272727,0.649122807017544,2023
2023-08-07,0.838265708228126,"Very low",100,63,37,9.09090909090909,0.572727272727273,0.672727272727273,0.63,2023
2023-08-08,0.563355077873977,"Very low",115,74,41,10.4545454545455,0.672727272727273,0.745454545454545,0.643478260869565,2023
2023-08-09,0.738219168459356,"Very low",113,72,41,10.2727272727273,0.654545454545455,0.745454545454545,0.63716814159292,2023
2023-08-10,0.654597623809672,"Very low",116,76,40,10.5454545454545,0.690909090909091,0.727272727272727,0.655172413793103,2023
2023-08-11,0.880303269851228,"Very low",102,63,39,9.27272727272727,0.572727272727273,0.709090909090909,0.61764705882353,2023
2023-08-12,0.733133816609007,"Very low",112,74,38,10.1818181818182,0.672727272727273,0.690909090909091,0.660714285714286,2023
2023-08-13,0.78262392168279,"Very low",107,68,39,9.72727272727273,0.618181818181818,0.709090909090909,0.635514018691589,2023
2023-08-14,0.625481242575207,"Very low",121,77,44,11,0.7,0.8,0.636363636363636,2023
2023-08-15,0.813263227468569,"Very low",111,72,39,10.0909090909091,0.654545454545455,0.709090909090909,0.648648648648649,2023
2023-08-16,0.866085714410697,"Very low",111,71,40,10.0909090909091,0.645454545454546,0.727272727272727,0.63963963963964,2023
2023-08-17,0.81887576137715,"Very low",109,68,41,9.90909090909091,0.618181818181818,0.745454545454545,0.623853211009174,2023
2023-08-18,0.970495229386799,"Low",114,76,38,10.3636363636364,0.690909090909091,0.690909090909091,0.666666666666667,2023
2023-08-19,0.918568672337399,"Very low",106,73,33,9.63636363636364,0.663636363636364,0.6,0.688679245283019,2023
2023-08-20,0.840635876549057,"Very low",112,74,38,10.1818181818182,0.672727272727273,0.690909090909091,0.660714285714286,2023
2023-08-21,0.978369725995208,"Low",111,73,38,10.0909090909091,0.663636363636364,0.690909090909091,0.657657657657658,2023
2023-08-22,1.02164063256956,"Low",111,74,37,10.0909090909091,0.672727272727273,0.672727272727273,0.666666666666667,2023
2023-08-23,0.835939464549882,"Very low",115,73,42,10.4545454545455,0.663636363636364,0.763636363636364,0.634782608695652,2023
2023-08-24,1.05378828084942,"Moderate",110,72,38,10,0.654545454545455,0.690909090909091,0.654545454545455,2023
2023-08-25,0.990140412134718,"Low",115,75,40,10.4545454545455,0.681818181818182,0.727272727272727,0.652173913043478,2023
2023-08-26,1.1014367678297,"Moderate",107,71,36,9.72727272727273,0.645454545454546,0.654545454545455,0.663551401869159,2023
2023-08-27,1.14738644607112,"Moderate",107,68,39,9.72727272727273,0.618181818181818,0.709090909090909,0.635514018691589,2023
2023-08-28,0.85178362722502,"Very low",119,74,45,10.8181818181818,0.672727272727273,0.818181818181818,0.621848739495798,2023
2023-08-29,0.770109449803096,"Very low",122,77,45,11.0909090909091,0.7,0.818181818181818,0.631147540983607,2023
2023-08-30,1.09776560226146,"Moderate",108,69,39,9.81818181818182,0.627272727272727,0.709090909090909,0.638888888888889,2023
2023-08-31,0.978520507925703,"Low",109,69,40,9.90909090909091,0.627272727272727,0.727272727272727,0.63302752293578,2023
2023-09-01,1.00141705987033,"Low",102,63,39,9.27272727272727,0.572727272727273,0.709090909090909,0.61764705882353,2023
2023-09-02,1.06017313842939,"Moderate",103,64,39,9.36363636363636,0.581818181818182,0.709090909090909,0.621359223300971,2023
2023-09-03,0.977921908008602,"Low",114,75,39,10.3636363636364,0.681818181818182,0.709090909090909,0.657894736842105,2023
2023-09-04,0.840455795741041,"Very low",122,82,40,11.0909090909091,0.745454545454545,0.727272727272727,0.672131147540984,2023
2023-09-05,0.81844104972302,"Very low",118,78,40,10.7272727272727,0.709090909090909,0.727272727272727,0.661016949152542,2023
2023-09-06,1.00200257573085,"Low",116,78,38,10.5454545454545,0.709090909090909,0.690909090909091,0.672413793103448,2023
2023-09-07,0.976606298288515,"Low",117,77,40,10.6363636363636,0.7,0.727272727272727,0.658119658119658,2023
2023-09-08,0.805049954518218,"Very low",118,77,41,10.7272727272727,0.7,0.745454545454545,0.652542372881356,2023
2023-09-09,0.960125575548768,"Low",112,71,41,10.1818181818182,0.645454545454546,0.745454545454545,0.633928571428571,2023
2023-09-10,0.861635504874263,"Very low",119,76,43,10.8181818181818,0.690909090909091,0.781818181818182,0.638655462184874,2023
2023-09-11,0.956010236696111,"Low",117,78,39,10.6363636363636,0.709090909090909,0.709090909090909,0.666666666666667,2023
2023-09-12,0.97730490943622,"Low",112,76,36,10.1818181818182,0.690909090909091,0.654545454545455,0.678571428571429,2023
2023-09-13,0.903140174399217,"Very low",121,82,39,11,0.745454545454545,0.709090909090909,0.677685950413223,2023
2023-09-14,0.884543351676911,"Very low",116,80,36,10.5454545454545,0.727272727272727,0.654545454545455,0.689655172413793,2023
2023-09-15,0.822529373585437,"Very low",124,84,40,11.2727272727273,0.763636363636364,0.727272727272727,0.67741935483871,2023
2023-09-16,0.887648762117986,"Very low",124,83,41,11.2727272727273,0.754545454545455,0.745454545454545,0.669354838709677,2023
2023-09-17,0.977972452086243,"Low",123,83,40,11.1818181818182,0.754545454545455,0.727272727272727,0.67479674796748,2023
2023-09-18,1.04205654941874,"Low",120,80,40,10.9090909090909,0.727272727272727,0.727272727272727,0.666666666666667,2023
2023-09-19,0.910085595278943,"Very low",124,84,40,11.2727272727273,0.763636363636364,0.727272727272727,0.67741935483871,2023
2023-09-20,0.928896895191676,"Low",123,81,42,11.1818181818182,0.736363636363636,0.763636363636364,0.658536585365854,2023
2023-09-21,0.832447050462945,"Very low",120,79,41,10.9090909090909,0.718181818181818,0.745454545454545,0.658333333333333,2023
2023-09-22,0.973725132840896,"Low",118,77,41,10.7272727272727,0.7,0.745454545454545,0.652542372881356,2023
2023-09-23,0.98736548213152,"Low",112,70,42,10.1818181818182,0.636363636363636,0.763636363636364,0.625,2023
2023-09-24,1.04154083220546,"Low",111,69,42,10.0909090909091,0.627272727272727,0.763636363636364,0.621621621621622,2023
2023-09-25,0.996960976970956,"Low",117,74,43,10.6363636363636,0.672727272727273,0.781818181818182,0.632478632478632,2023
2023-09-26,1.30630964979433,"Severe",115,74,41,10.4545454545455,0.672727272727273,0.745454545454545,0.643478260869565,2023
2023-09-27,1.116802238872,"Moderate",123,82,41,11.1818181818182,0.745454545454545,0.745454545454545,0.666666666666667,2023
2023-09-28,0.95601676533712,"Low",117,77,40,10.6363636363636,0.7,0.727272727272727,0.658119658119658,2023
2023-09-29,0.995585444594708,"Low",113,72,41,10.2727272727273,0.654545454545455,0.745454545454545,0.63716814159292,2023
2023-09-30,1.0444942647048,"Low",113,74,39,10.2727272727273,0.672727272727273,0.709090909090909,0.654867256637168,2023
2023-10-01,1.12535269630286,"Moderate",109,71,38,9.90909090909091,0.645454545454546,0.690909090909091,0.651376146788991,2023
2023-10-02,1.02120833998681,"Low",114,75,39,10.3636363636364,0.681818181818182,0.709090909090909,0.657894736842105,2023
2023-10-03,0.919397232139811,"Very low",115,74,41,10.4545454545455,0.672727272727273,0.745454545454545,0.643478260869565,2023
2023-10-04,1.05580643953644,"Moderate",114,73,41,10.3636363636364,0.663636363636364,0.745454545454545,0.640350877192982,2023
2023-10-05,0.938444447591577,"Low",111,73,38,10.0909090909091,0.663636363636364,0.690909090909091,0.657657657657658,2023
2023-10-06,0.889086574551943,"Very low",112,72,40,10.1818181818182,0.654545454545455,0.727272727272727,0.642857142857143,2023
2023-10-07,0.876198328466827,"Very low",111,71,40,10.0909090909091,0.645454545454546,0.727272727272727,0.63963963963964,2023
2023-10-08,1.12263766645103,"Moderate",104,66,38,9.45454545454546,0.6,0.690909090909091,0.634615384615385,2023
2023-10-09,1.14887741549844,"Moderate",104,65,39,9.45454545454546,0.590909090909091,0.709090909090909,0.625,2023
2023-10-10,1.39020608834188,"Severe",102,67,35,9.27272727272727,0.609090909090909,0.636363636363636,0.656862745098039,2023
2023-10-11,1.2707369324071,"Elevated",103,68,35,9.36363636363636,0.618181818181818,0.636363636363636,0.660194174757282,2023
2023-10-12,1.06153273909123,"Moderate",102,66,36,9.27272727272727,0.6,0.654545454545455,0.647058823529412,2023
2023-10-13,1.2118048296284,"Elevated",97,65,32,8.81818181818182,0.590909090909091,0.581818181818182,0.670103092783505,2023
2023-10-14,1.15795320473074,"Elevated",109,75,34,9.90909090909091,0.681818181818182,0.618181818181818,0.688073394495413,2023
2023-10-15,1.06197272476787,"Moderate",110,75,35,10,0.681818181818182,0.636363636363636,0.681818181818182,2023
2023-10-16,1.01030167000923,"Low",109,72,37,9.90909090909091,0.654545454545455,0.672727272727273,0.660550458715596,2023
2023-10-17,1.1628495951999,"Elevated",108,74,34,9.81818181818182,0.672727272727273,0.618181818181818,0.685185185185185,2023
2023-10-18,1.06009760475075,"Moderate",112,77,35,10.1818181818182,0.7,0.636363636363636,0.6875,2023
2023-10-19,1.20542817020517,"Elevated",105,71,34,9.54545454545454,0.645454545454546,0.618181818181818,0.676190476190476,2023
2023-10-20,0.879267066578935,"Very low",111,79,32,10.0909090909091,0.718181818181818,0.581818181818182,0.711711711711712,2023
2023-10-21,1.20585505821523,"Elevated",105,72,33,9.54545454545454,0.654545454545455,0.6,0.685714285714286,2023
2023-10-22,1.45227341170258,"Severe",105,72,33,9.54545454545454,0.654545454545455,0.6,0.685714285714286,2023
2023-10-23,0.888174242804104,"Very low",112,78,34,10.1818181818182,0.709090909090909,0.618181818181818,0.696428571428571,2023
2023-10-24,0.853196110545553,"Very low",113,75,38,10.2727272727273,0.681818181818182,0.690909090909091,0.663716814159292,2023
2023-10-25,0.929966859989416,"Low",110,75,35,10,0.681818181818182,0.636363636363636,0.681818181818182,2023
2023-10-26,0.885073897852309,"Very low",117,80,37,10.6363636363636,0.727272727272727,0.672727272727273,0.683760683760684,2023
2023-10-27,0.780105745103433,"Very low",117,84,33,10.6363636363636,0.763636363636364,0.6,0.717948717948718,2023
2023-10-28,0.965098117190565,"Low",122,85,37,11.0909090909091,0.772727272727273,0.672727272727273,0.69672131147541,2023
2023-10-29,0.794207301484602,"Very low",116,81,35,10.5454545454545,0.736363636363636,0.636363636363636,0.698275862068966,2023
2023-10-30,0.968963747292758,"Low",109,78,31,9.90909090909091,0.709090909090909,0.563636363636364,0.715596330275229,2023
2023-10-31,0.880603777350929,"Very low",114,82,32,10.3636363636364,0.745454545454545,0.581818181818182,0.719298245614035,2023
2023-11-01,0.974888162854729,"Low",106,77,29,9.63636363636364,0.7,0.527272727272727,0.726415094339623,2023
2023-11-02,1.06333694234351,"Moderate",109,77,32,9.90909090909091,0.7,0.581818181818182,0.706422018348624,2023
2023-11-03,0.981884251095542,"Low",109,76,33,9.90909090909091,0.690909090909091,0.6,0.697247706422018,2023
2023-11-04,0.995203000063482,"Low",109,77,32,9.90909090909091,0.7,0.581818181818182,0.706422018348624,2023
2023-11-05,0.72667820584994,"Very low",120,83,37,10.9090909090909,0.754545454545455,0.672727272727273,0.691666666666667,2023
2023-11-06,1.05105217914646,"Moderate",109,75,34,9.90909090909091,0.681818181818182,0.618181818181818,0.688073394495413,2023
2023-11-07,0.995035762558749,"Low",110,77,33,10,0.7,0.6,0.7,2023
2023-11-08,1.07112192686785,"Moderate",109,78,31,9.90909090909091,0.709090909090909,0.563636363636364,0.715596330275229,2023
2023-11-09,1.26263278146304,"Elevated",100,72,28,9.09090909090909,0.654545454545455,0.509090909090909,0.72,2023
2023-11-10,0.976504147269779,"Low",106,76,30,9.63636363636364,0.690909090909091,0.545454545454545,0.716981132075472,2023
2023-11-11,0.955920090444888,"Low",111,76,35,10.0909090909091,0.690909090909091,0.636363636363636,0.684684684684685,2023
2023-11-12,1.03852906753211,"Low",105,76,29,9.54545454545454,0.690909090909091,0.527272727272727,0.723809523809524,2023
2023-11-13,0.873268327514424,"Very low",108,79,29,9.81818181818182,0.718181818181818,0.527272727272727,0.731481481481482,2023
2023-11-14,1.24582869873059,"Elevated",100,69,31,9.09090909090909,0.627272727272727,0.563636363636364,0.69,2023
2023-11-15,1.19862918881436,"Elevated",106,72,34,9.63636363636364,0.654545454545455,0.618181818181818,0.679245283018868,2023
2023-11-16,1.16053874155483,"Elevated",107,74,33,9.72727272727273,0.672727272727273,0.6,0.691588785046729,2023
2023-11-17,1.15328514447864,"Moderate",105,71,34,9.54545454545454,0.645454545454546,0.618181818181818,0.676190476190476,2023
2023-11-18,1.12160539950512,"Moderate",105,72,33,9.54545454545454,0.654545454545455,0.6,0.685714285714286,2023
2023-11-19,0.895449253520717,"Very low",103,74,29,9.36363636363636,0.672727272727273,0.527272727272727,0.718446601941748,2023
2023-11-20,0.924562589403485,"Low",109,75,34,9.90909090909091,0.681818181818182,0.618181818181818,0.688073394495413,2023
2023-11-21,0.934295184059956,"Low",108,78,30,9.81818181818182,0.709090909090909,0.545454545454545,0.722222222222222,2023
2023-11-22,0.796363916344536,"Very low",118,79,39,10.7272727272727,0.718181818181818,0.709090909090909,0.669491525423729,2023
2023-11-23,1.48170661732199,"Severe",96,62,34,8.72727272727273,0.563636363636364,0.618181818181818,0.645833333333333,2023
2023-11-24,1.32816257366968,"Severe",105,67,38,9.54545454545454,0.609090909090909,0.690909090909091,0.638095238095238,2023
2023-11-25,1.22825278670307,"Elevated",106,68,38,9.63636363636364,0.618181818181818,0.690909090909091,0.641509433962264,2023
2023-11-26,1.3188343374256,"Severe",103,67,36,9.36363636363636,0.609090909090909,0.654545454545455,0.650485436893204,2023
2023-11-27,1.16140430784255,"Elevated",104,68,36,9.45454545454546,0.618181818181818,0.654545454545455,0.653846153846154,2023
2023-11-28,0.933303592303773,"Low",114,75,39,10.3636363636364,0.681818181818182,0.709090909090909,0.657894736842105,2023
2023-11-29,1.00374466953001,"Low",110,72,38,10,0.654545454545455,0.690909090909091,0.654545454545455,2023
2023-11-30,1.0912332496859,"Moderate",106,70,36,9.63636363636364,0.636363636363636,0.654545454545455,0.660377358490566,2023
2023-12-01,1.14859824030301,"Moderate",105,72,33,9.54545454545454,0.654545454545455,0.6,0.685714285714286,2023
2023-12-02,1.03684309639149,"Low",107,76,31,9.72727272727273,0.690909090909091,0.563636363636364,0.710280373831776,2023
2023-12-03,1.51662313223671,"Severe",101,73,28,9.18181818181818,0.663636363636364,0.509090909090909,0.722772277227723,2023
2023-12-04,1.25874381452713,"Elevated",103,73,30,9.36363636363636,0.663636363636364,0.545454545454545,0.70873786407767,2023
2023-12-05,1.21617310776833,"Elevated",105,75,30,9.54545454545454,0.681818181818182,0.545454545454545,0.714285714285714,2023
2023-12-06,1.16876646110522,"Elevated",103,68,35,9.36363636363636,0.618181818181818,0.636363636363636,0.660194174757282,2023
2023-12-07,1.0876845706511,"Moderate",96,64,32,8.72727272727273,0.581818181818182,0.581818181818182,0.666666666666667,2023
2023-12-08,1.13821149552913,"Moderate",97,67,30,8.81818181818182,0.609090909090909,0.545454545454545,0.690721649484536,2023
2023-12-09,1.14052243688488,"Moderate",95,66,29,8.63636363636364,0.6,0.527272727272727,0.694736842105263,2023
2023-12-10,1.31374842419183,"Severe",92,62,30,8.36363636363636,0.563636363636364,0.545454545454545,0.673913043478261,2023
2023-12-11,1.17383641859328,"Elevated",101,68,33,9.18181818181818,0.618181818181818,0.6,0.673267326732673,2023
2023-12-12,1.12394861494388,"Moderate",100,64,36,9.09090909090909,0.581818181818182,0.654545454545455,0.64,2023
2023-12-13,1.35635560821865,"Severe",95,64,31,8.63636363636364,0.581818181818182,0.563636363636364,0.673684210526316,2023
2023-12-14,1.42386503805611,"Severe",95,64,31,8.63636363636364,0.581818181818182,0.563636363636364,0.673684210526316,2023
2023-12-15,1.52287906943399,"Severe",91,62,29,8.27272727272727,0.563636363636364,0.527272727272727,0.681318681318681,2023
2023-12-16,0.923881395628879,"Low",114,74,40,10.3636363636364,0.672727272727273,0.727272727272727,0.649122807017544,2023
2023-12-17,0.956530702383345,"Low",112,75,37,10.1818181818182,0.681818181818182,0.672727272727273,0.669642857142857,2023
2023-12-18,1.2049785295936,"Elevated",106,73,33,9.63636363636364,0.663636363636364,0.6,0.688679245283019,2023
2023-12-19,1.1317733180058,"Moderate",108,74,34,9.81818181818182,0.672727272727273,0.618181818181818,0.685185185185185,2023
2023-12-20,1.12276853669102,"Moderate",105,69,36,9.54545454545454,0.627272727272727,0.654545454545455,0.657142857142857,2023
2023-12-21,1.0686290098804,"Moderate",106,69,37,9.63636363636364,0.627272727272727,0.672727272727273,0.650943396226415,2023
2023-12-22,1.198395544891,"Elevated",99,65,34,9,0.590909090909091,0.618181818181818,0.656565656565657,2023
2023-12-23,1.30951412065239,"Severe",95,62,33,8.63636363636364,0.563636363636364,0.6,0.652631578947368,2023
2023-12-24,1.02008324811953,"Low",108,71,37,9.81818181818182,0.645454545454546,0.672727272727273,0.657407407407407,2023
2023-12-25,1.13708884297523,"Moderate",110,71,39,10,0.645454545454546,0.709090909090909,0.645454545454546,2023
2023-12-26,1.28368558512718,"Elevated",105,67,38,9.54545454545454,0.609090909090909,0.690909090909091,0.638095238095238,2023
2023-12-27,1.04559783674299,"Low",112,70,42,10.1818181818182,0.636363636363636,0.763636363636364,0.625,2023
2023-12-28,1.04292983282561,"Low",111,70,41,10.0909090909091,0.636363636363636,0.745454545454545,0.630630630630631,2023
2023-12-29,0.863002013178351,"Very low",114,72,42,10.3636363636364,0.654545454545455,0.763636363636364,0.631578947368421,2023
2023-12-30,1.05373604201354,"Moderate",105,67,38,9.54545454545454,0.609090909090909,0.690909090909091,0.638095238095238,2023
2023-12-31,0.984599785078919,"Low",108,69,39,9.81818181818182,0.627272727272727,0.709090909090909,0.638888888888889,2023
2024-01-01,1.07298829233973,"Moderate",108,73,35,9.81818181818182,0.663636363636364,0.636363636363636,0.675925925925926,2024
2024-01-02,1.28426409196529,"Elevated",101,68,33,9.18181818181818,0.618181818181818,0.6,0.673267326732673,2024
2024-01-03,1.11216239817768,"Moderate",108,70,38,9.81818181818182,0.636363636363636,0.690909090909091,0.648148148148148,2024
2024-01-04,0.90601997542785,"Very low",106,71,35,9.63636363636364,0.645454545454546,0.636363636363636,0.669811320754717,2024
2024-01-05,1.15017354271681,"Moderate",103,68,35,9.36363636363636,0.618181818181818,0.636363636363636,0.660194174757282,2024
2024-01-06,1.16771733079363,"Elevated",102,70,32,9.27272727272727,0.636363636363636,0.581818181818182,0.686274509803922,2024
2024-01-07,1.02330554678231,"Low",111,79,32,10.0909090909091,0.718181818181818,0.581818181818182,0.711711711711712,2024
2024-01-08,1.25431097094068,"Elevated",108,72,36,9.81818181818182,0.654545454545455,0.654545454545455,0.666666666666667,2024
2024-01-09,1.21881347209839,"Elevated",110,74,36,10,0.672727272727273,0.654545454545455,0.672727272727273,2024
2024-01-10,0.977468951392036,"Low",118,77,41,10.7272727272727,0.7,0.745454545454545,0.652542372881356,2024
2024-01-11,1.32491153962531,"Severe",109,70,39,9.90909090909091,0.636363636363636,0.709090909090909,0.642201834862385,2024
2024-01-12,1.2645470645651,"Elevated",107,70,37,9.72727272727273,0.636363636363636,0.672727272727273,0.654205607476635,2024
2024-01-13,1.25377007396205,"Elevated",108,72,36,9.81818181818182,0.654545454545455,0.654545454545455,0.666666666666667,2024
2024-01-14,1.15796164177343,"Elevated",109,71,38,9.90909090909091,0.645454545454546,0.690909090909091,0.651376146788991,2024
2024-01-15,1.29261694981429,"Elevated",101,67,34,9.18181818181818,0.609090909090909,0.618181818181818,0.663366336633663,2024
2024-01-16,1.05511492784418,"Moderate",110,67,43,10,0.609090909090909,0.781818181818182,0.609090909090909,2024
2024-01-17,1.11621586961759,"Moderate",113,70,43,10.2727272727273,0.636363636363636,0.781818181818182,0.619469026548673,2024
2024-01-18,1.360951444966,"Severe",107,65,42,9.72727272727273,0.590909090909091,0.763636363636364,0.607476635514019,2024
2024-01-19,1.13574890613328,"Moderate",110,72,38,10,0.654545454545455,0.690909090909091,0.654545454545455,2024
2024-01-20,0.8647633531661,"Very low",117,79,38,10.6363636363636,0.718181818181818,0.690909090909091,0.675213675213675,2024
2024-01-21,0.895129614155269,"Very low",112,72,40,10.1818181818182,0.654545454545455,0.727272727272727,0.642857142857143,2024
2024-01-22,1.08748806690651,"Moderate",113,74,39,10.2727272727273,0.672727272727273,0.709090909090909,0.654867256637168,2024
2024-01-23,1.30923527471234,"Severe",105,70,35,9.54545454545454,0.636363636363636,0.636363636363636,0.666666666666667,2024
2024-01-24,1.19578582003773,"Elevated",109,69,40,9.90909090909091,0.627272727272727,0.727272727272727,0.63302752293578,2024
2024-01-25,1.11621296165074,"Moderate",108,68,40,9.81818181818182,0.618181818181818,0.727272727272727,0.62962962962963,2024
2024-01-26,1.26960107850563,"Elevated",107,68,39,9.72727272727273,0.618181818181818,0.709090909090909,0.635514018691589,2024
2024-01-27,1.31077870768519,"Severe",108,68,40,9.81818181818182,0.618181818181818,0.727272727272727,0.62962962962963,2024
2024-01-28,1.11550852916225,"Moderate",105,65,40,9.54545454545454,0.590909090909091,0.727272727272727,0.619047619047619,2024
2024-01-29,1.1583158416032,"Elevated",106,65,41,9.63636363636364,0.590909090909091,0.745454545454545,0.613207547169811,2024
2024-01-30,1.10651287479499,"Moderate",107,65,42,9.72727272727273,0.590909090909091,0.763636363636364,0.607476635514019,2024
2024-01-31,1.13804840461738,"Moderate",110,71,39,10,0.645454545454546,0.709090909090909,0.645454545454546,2024
2024-02-01,1.07358178934293,"Moderate",108,69,39,9.81818181818182,0.627272727272727,0.709090909090909,0.638888888888889,2024
2024-02-02,1.26681679271325,"Elevated",107,66,41,9.72727272727273,0.6,0.745454545454545,0.616822429906542,2024
2024-02-03,1.14454385951384,"Moderate",108,67,41,9.81818181818182,0.609090909090909,0.745454545454545,0.62037037037037,2024
2024-02-04,1.10704013017771,"Moderate",111,73,38,10.0909090909091,0.663636363636364,0.690909090909091,0.657657657657658,2024
2024-02-05,0.937656651071141,"Low",115,74,41,10.4545454545455,0.672727272727273,0.745454545454545,0.643478260869565,2024
2024-02-06,1.01174844421573,"Low",114,74,40,10.3636363636364,0.672727272727273,0.727272727272727,0.649122807017544,2024
2024-02-07,0.973053586343248,"Low",117,75,42,10.6363636363636,0.681818181818182,0.763636363636364,0.641025641025641,2024
2024-02-08,1.15106661844916,"Moderate",110,70,40,10,0.636363636363636,0.727272727272727,0.636363636363636,2024
2024-02-09,1.15625938174411,"Elevated",112,73,39,10.1818181818182,0.663636363636364,0.709090909090909,0.651785714285714,2024
2024-02-10,1.08405462614312,"Moderate",111,73,38,10.0909090909091,0.663636363636364,0.690909090909091,0.657657657657658,2024
2024-02-11,0.960067461991515,"Low",114,76,38,10.3636363636364,0.690909090909091,0.690909090909091,0.666666666666667,2024
2024-02-12,0.871714998035462,"Very low",114,74,40,10.3636363636364,0.672727272727273,0.727272727272727,0.649122807017544,2024
2024-02-13,1.05958816126413,"Moderate",110,68,42,10,0.618181818181818,0.763636363636364,0.618181818181818,2024
2024-02-14,1.10452113072276,"Moderate",104,63,41,9.45454545454546,0.572727272727273,0.745454545454545,0.605769230769231,2024
2024-02-15,0.893044063709654,"Very low",113,74,39,10.2727272727273,0.672727272727273,0.709090909090909,0.654867256637168,2024
2024-02-16,0.927700472696749,"Low",112,74,38,10.1818181818182,0.672727272727273,0.690909090909091,0.660714285714286,2024
2024-02-17,0.950473811651829,"Low",112,75,37,10.1818181818182,0.681818181818182,0.672727272727273,0.669642857142857,2024
2024-02-18,1.02729457091476,"Low",104,69,35,9.45454545454546,0.627272727272727,0.636363636363636,0.663461538461538,2024
2024-02-19,0.837976156975438,"Very low",110,68,42,10,0.618181818181818,0.763636363636364,0.618181818181818,2024
2024-02-20,1.05073266216906,"Moderate",108,67,41,9.81818181818182,0.609090909090909,0.745454545454545,0.62037037037037,2024
2024-02-21,1.06587157369288,"Moderate",108,70,38,9.81818181818182,0.636363636363636,0.690909090909091,0.648148148148148,2024
2024-02-22,0.944330212913082,"Low",110,70,40,10,0.636363636363636,0.727272727272727,0.636363636363636,2024
2024-02-23,0.949776590486987,"Low",109,70,39,9.90909090909091,0.636363636363636,0.709090909090909,0.642201834862385,2024
2024-02-24,0.94465079759011,"Low",113,72,41,10.2727272727273,0.654545454545455,0.745454545454545,0.63716814159292,2024
2024-02-25,0.872884140739314,"Very low",114,73,41,10.3636363636364,0.663636363636364,0.745454545454545,0.640350877192982,2024
2024-02-26,0.968748946792611,"Low",107,71,36,9.72727272727273,0.645454545454546,0.654545454545455,0.663551401869159,2024
2024-02-27,0.952665117507454,"Low",112,73,39,10.1818181818182,0.663636363636364,0.709090909090909,0.651785714285714,2024
2024-02-28,1.11432729643006,"Moderate",103,65,38,9.36363636363636,0.590909090909091,0.690909090909091,0.631067961165049,2024
2024-02-29,0.979843695924586,"Low",109,68,41,9.90909090909091,0.618181818181818,0.745454545454545,0.623853211009174,2024
2024-03-01,1.07438742667371,"Moderate",107,69,38,9.72727272727273,0.627272727272727,0.690909090909091,0.644859813084112,2024
2024-03-02,1.00015028587608,"Low",108,66,42,9.81818181818182,0.6,0.763636363636364,0.611111111111111,2024
2024-03-03,0.948868929025892,"Low",110,68,42,10,0.618181818181818,0.763636363636364,0.618181818181818,2024
2024-03-04,0.972985111737816,"Low",109,66,43,9.90909090909091,0.6,0.781818181818182,0.605504587155963,2024
2024-03-05,1.11715628653796,"Moderate",101,67,34,9.18181818181818,0.609090909090909,0.618181818181818,0.663366336633663,2024
2024-03-06,1.08548533248938,"Moderate",107,68,39,9.72727272727273,0.618181818181818,0.709090909090909,0.635514018691589,2024
2024-03-07,1.00578125899319,"Low",104,68,36,9.45454545454546,0.618181818181818,0.654545454545455,0.653846153846154,2024
2024-03-08,1.02789573129696,"Low",109,70,39,9.90909090909091,0.636363636363636,0.709090909090909,0.642201834862385,2024
2024-03-09,1.06412434309323,"Moderate",106,70,36,9.63636363636364,0.636363636363636,0.654545454545455,0.660377358490566,2024
2024-03-10,1.1007422229788,"Moderate",102,68,34,9.27272727272727,0.618181818181818,0.618181818181818,0.666666666666667,2024
2024-03-11,1.3861509657306,"Severe",90,57,33,8.18181818181818,0.518181818181818,0.6,0.633333333333333,2024
2024-03-12,1.2997007848784,"Elevated",94,61,33,8.54545454545454,0.554545454545455,0.6,0.648936170212766,2024
2024-03-13,1.37848420166413,"Severe",95,66,29,8.63636363636364,0.6,0.527272727272727,0.694736842105263,2024
2024-03-14,1.18100380263096,"Elevated",95,66,29,8.63636363636364,0.6,0.527272727272727,0.694736842105263,2024
2024-03-15,1.05248450580306,"Moderate",99,65,34,9,0.590909090909091,0.618181818181818,0.656565656565657,2024
2024-03-16,0.99380776118188,"Low",103,71,32,9.36363636363636,0.645454545454546,0.581818181818182,0.689320388349515,2024
2024-03-17,1.02150532852206,"Low",99,69,30,9,0.627272727272727,0.545454545454545,0.696969696969697,2024
2024-03-18,1.06579884120995,"Moderate",98,70,28,8.90909090909091,0.636363636363636,0.509090909090909,0.714285714285714,2024
2024-03-19,1.02321058346106,"Low",102,68,34,9.27272727272727,0.618181818181818,0.618181818181818,0.666666666666667,2024
2024-03-20,0.949403153779807,"Low",102,71,31,9.27272727272727,0.645454545454546,0.563636363636364,0.696078431372549,2024
2024-03-21,0.851943929907062,"Very low",103,74,29,9.36363636363636,0.672727272727273,0.527272727272727,0.718446601941748,2024
2024-03-22,0.917936962453766,"Very low",103,76,27,9.36363636363636,0.690909090909091,0.490909090909091,0.737864077669903,2024
2024-03-23,0.890209148867553,"Very low",104,74,30,9.45454545454546,0.672727272727273,0.545454545454545,0.711538461538462,2024
2024-03-24,0.936519812460478,"Low",102,73,29,9.27272727272727,0.663636363636364,0.527272727272727,0.715686274509804,2024
2024-03-25,1.01994987291018,"Low",98,66,32,8.90909090909091,0.6,0.581818181818182,0.673469387755102,2024
2024-03-26,0.80580144128306,"Very low",105,71,34,9.54545454545454,0.645454545454546,0.618181818181818,0.676190476190476,2024
2024-03-27,0.847181030181811,"Very low",101,70,31,9.18181818181818,0.636363636363636,0.563636363636364,0.693069306930693,2024
2024-03-28,0.998678247146922,"Low",99,63,36,9,0.572727272727273,0.654545454545455,0.636363636363636,2024
2024-03-29,1.02212777197418,"Low",99,64,35,9,0.581818181818182,0.636363636363636,0.646464646464647,2024
2024-03-30,0.969516553719393,"Low",100,64,36,9.09090909090909,0.581818181818182,0.654545454545455,0.64,2024
2024-03-31,1.05306348879925,"Moderate",100,65,35,9.09090909090909,0.590909090909091,0.636363636363636,0.65,2024
2024-04-01,0.932795775972016,"Low",104,69,35,9.45454545454546,0.627272727272727,0.636363636363636,0.663461538461538,2024
2024-04-02,1.00122471368422,"Low",105,65,40,9.54545454545454,0.590909090909091,0.727272727272727,0.619047619047619,2024
2024-04-03,1.11400786232993,"Moderate",95,58,37,8.63636363636364,0.527272727272727,0.672727272727273,0.610526315789474,2024
2024-04-04,0.94896307807363,"Low",102,65,37,9.27272727272727,0.590909090909091,0.672727272727273,0.637254901960784,2024
2024-04-05,1.06239171813256,"Moderate",103,63,40,9.36363636363636,0.572727272727273,0.727272727272727,0.611650485436893,2024
2024-04-06,1.03640790583334,"Low",105,69,36,9.54545454545454,0.627272727272727,0.654545454545455,0.657142857142857,2024
2024-04-07,0.888428921336667,"Very low",107,70,37,9.72727272727273,0.636363636363636,0.672727272727273,0.654205607476635,2024
2024-04-08,0.990416060811299,"Low",102,70,32,9.27272727272727,0.636363636363636,0.581818181818182,0.686274509803922,2024
2024-04-09,1.02530295819274,"Low",103,74,29,9.36363636363636,0.672727272727273,0.527272727272727,0.718446601941748,2024
2024-04-10,0.996773470173423,"Low",99,66,33,9,0.6,0.6,0.666666666666667,2024
2024-04-11,1.18337803302178,"Elevated",98,68,30,8.90909090909091,0.618181818181818,0.545454545454545,0.693877551020408,2024
2024-04-12,1.13627378464862,"Moderate",97,64,33,8.81818181818182,0.581818181818182,0.6,0.65979381443299,2024
2024-04-13,1.08597797696619,"Moderate",103,72,31,9.36363636363636,0.654545454545455,0.563636363636364,0.699029126213592,2024
2024-04-14,1.1407596559998,"Moderate",106,73,33,9.63636363636364,0.663636363636364,0.6,0.688679245283019,2024
2024-04-15,1.44696072160189,"Severe",101,67,34,9.18181818181818,0.609090909090909,0.618181818181818,0.663366336633663,2024
2024-04-16,1.40445353788809,"Severe",98,69,29,8.90909090909091,0.627272727272727,0.527272727272727,0.704081632653061,2024
2024-04-17,1.4314569419603,"Severe",106,72,34,9.63636363636364,0.654545454545455,0.618181818181818,0.679245283018868,2024
2024-04-18,1.16060309217884,"Elevated",113,72,41,10.2727272727273,0.654545454545455,0.745454545454545,0.63716814159292,2024
2024-04-19,1.39720068490066,"Severe",106,71,35,9.63636363636364,0.645454545454546,0.636363636363636,0.669811320754717,2024
2024-04-20,1.15784429493074,"Elevated",104,72,32,9.45454545454546,0.654545454545455,0.581818181818182,0.692307692307692,2024
2024-04-21,1.21110348625254,"Elevated",106,69,37,9.63636363636364,0.627272727272727,0.672727272727273,0.650943396226415,2024
2024-04-22,1.3561139426531,"Severe",103,72,31,9.36363636363636,0.654545454545455,0.563636363636364,0.699029126213592,2024
2024-04-23,1.31459017992458,"Severe",102,69,33,9.27272727272727,0.627272727272727,0.6,0.676470588235294,2024
2024-04-24,1.1952646640803,"Elevated",109,75,34,9.90909090909091,0.681818181818182,0.618181818181818,0.688073394495413,2024
2024-04-25,1.20989681740066,"Elevated",108,76,32,9.81818181818182,0.690909090909091,0.581818181818182,0.703703703703704,2024
2024-04-26,1.48344890399565,"Severe",103,73,30,9.36363636363636,0.663636363636364,0.545454545454545,0.70873786407767,2024
2024-04-27,1.07180445140033,"Moderate",105,75,30,9.54545454545454,0.681818181818182,0.545454545454545,0.714285714285714,2024
2024-04-28,1.04190962131856,"Low",109,79,30,9.90909090909091,0.718181818181818,0.545454545454545,0.724770642201835,2024
2024-04-29,1.18362532540365,"Elevated",100,72,28,9.09090909090909,0.654545454545455,0.509090909090909,0.72,2024
2024-04-30,1.27924543303325,"Elevated",105,78,27,9.54545454545454,0.709090909090909,0.490909090909091,0.742857142857143,2024
2024-05-01,1.0695102949038,"Moderate",109,80,29,9.90909090909091,0.727272727272727,0.527272727272727,0.73394495412844,2024
2024-05-02,1.32890199116297,"Severe",108,78,30,9.81818181818182,0.709090909090909,0.545454545454545,0.722222222222222,2024
2024-05-03,1.42750957390658,"Severe",107,73,34,9.72727272727273,0.663636363636364,0.618181818181818,0.682242990654206,2024
2024-05-04,1.3713182499348,"Severe",108,76,32,9.81818181818182,0.690909090909091,0.581818181818182,0.703703703703704,2024
2024-05-05,1.16204154004637,"Elevated",109,78,31,9.90909090909091,0.709090909090909,0.563636363636364,0.715596330275229,2024
2024-05-06,1.3116856380276,"Severe",111,77,34,10.0909090909091,0.7,0.618181818181818,0.693693693693694,2024
2024-05-07,1.14581787013336,"Moderate",105,74,31,9.54545454545454,0.672727272727273,0.563636363636364,0.704761904761905,2024
2024-05-08,1.30262645031055,"Severe",110,79,31,10,0.718181818181818,0.563636363636364,0.718181818181818,2024
2024-05-09,1.19477299990304,"Elevated",113,80,33,10.2727272727273,0.727272727272727,0.6,0.707964601769911,2024
2024-05-10,1.39077656754774,"Severe",106,78,28,9.63636363636364,0.709090909090909,0.509090909090909,0.735849056603774,2024
2024-05-11,1.14990239289258,"Moderate",112,79,33,10.1818181818182,0.718181818181818,0.6,0.705357142857143,2024
2024-05-12,1.4705407036414,"Severe",109,80,29,9.90909090909091,0.727272727272727,0.527272727272727,0.73394495412844,2024
2024-05-13,1.62454677903012,"Severe",107,76,31,9.72727272727273,0.690909090909091,0.563636363636364,0.710280373831776,2024
2024-05-14,1.47304615014483,"Severe",107,76,31,9.72727272727273,0.690909090909091,0.563636363636364,0.710280373831776,2024
2024-05-15,1.42573234065103,"Severe",114,78,36,10.3636363636364,0.709090909090909,0.654545454545455,0.68421052631579,2024
2024-05-16,1.43369110298666,"Severe",113,77,36,10.2727272727273,0.7,0.654545454545455,0.68141592920354,2024
2024-05-17,1.4136877419959,"Severe",115,80,35,10.4545454545455,0.727272727272727,0.636363636363636,0.695652173913043,2024
2024-05-18,1.54983958264661,"Severe",112,79,33,10.1818181818182,0.718181818181818,0.6,0.705357142857143,2024
2024-05-19,1.62816667220792,"Severe",107,75,32,9.72727272727273,0.681818181818182,0.581818181818182,0.700934579439252,2024
2024-05-20,1.45273325672771,"Severe",114,80,34,10.3636363636364,0.727272727272727,0.618181818181818,0.701754385964912,2024
2024-05-21,1.47600007975455,"Severe",115,80,35,10.4545454545455,0.727272727272727,0.636363636363636,0.695652173913043,2024
2024-05-22,1.3659930665327,"Severe",112,75,37,10.1818181818182,0.681818181818182,0.672727272727273,0.669642857142857,2024
2024-05-23,1.40451533356823,"Severe",111,75,36,10.0909090909091,0.681818181818182,0.654545454545455,0.675675675675676,2024
2024-05-24,1.31391534539912,"Severe",109,73,36,9.90909090909091,0.663636363636364,0.654545454545455,0.669724770642202,2024
2024-05-25,1.14764665692456,"Moderate",107,72,35,9.72727272727273,0.654545454545455,0.636363636363636,0.672897196261682,2024
2024-05-26,1.32227220773284,"Severe",100,66,34,9.09090909090909,0.6,0.618181818181818,0.66,2024
2024-05-27,1.37064008524231,"Severe",111,78,33,10.0909090909091,0.709090909090909,0.6,0.702702702702703,2024
2024-05-28,1.55596717152513,"Severe",99,69,30,9,0.627272727272727,0.545454545454545,0.696969696969697,2024
2024-05-29,1.33547006939787,"Severe",103,71,32,9.36363636363636,0.645454545454546,0.581818181818182,0.689320388349515,2024
2024-05-30,1.25899758840691,"Elevated",108,72,36,9.81818181818182,0.654545454545455,0.654545454545455,0.666666666666667,2024
2024-05-31,1.64643005907577,"Severe",99,68,31,9,0.618181818181818,0.563636363636364,0.686868686868687,2024
2024-06-01,1.49895858804533,"Severe",107,76,31,9.72727272727273,0.690909090909091,0.563636363636364,0.710280373831776,2024
2024-06-02,1.41393462979709,"Severe",108,75,33,9.81818181818182,0.681818181818182,0.6,0.694444444444444,2024
2024-06-03,2.05160931494244,"Severe",88,66,22,8,0.6,0.4,0.75,2024
2024-06-04,1.6966418463845,"Severe",100,70,30,9.09090909090909,0.636363636363636,0.545454545454545,0.7,2024
2024-06-05,1.63002806436801,"Severe",100,69,31,9.09090909090909,0.627272727272727,0.563636363636364,0.69,2024
2024-06-06,1.33078084357786,"Severe",106,75,31,9.63636363636364,0.681818181818182,0.563636363636364,0.707547169811321,2024
2024-06-07,1.30298802621523,"Severe",109,78,31,9.90909090909091,0.709090909090909,0.563636363636364,0.715596330275229,2024
2024-06-08,1.40461346873619,"Severe",103,74,29,9.36363636363636,0.672727272727273,0.527272727272727,0.718446601941748,2024
2024-06-09,1.5646718197219,"Severe",102,76,26,9.27272727272727,0.690909090909091,0.472727272727273,0.745098039215686,2024
2024-06-10,1.23885410774527,"Elevated",111,77,34,10.0909090909091,0.7,0.618181818181818,0.693693693693694,2024
2024-06-11,1.46932997522469,"Severe",103,72,31,9.36363636363636,0.654545454545455,0.563636363636364,0.699029126213592,2024
2024-06-12,1.56713962822014,"Severe",103,72,31,9.36363636363636,0.654545454545455,0.563636363636364,0.699029126213592,2024
2024-06-13,1.30794742681491,"Severe",113,75,38,10.2727272727273,0.681818181818182,0.690909090909091,0.663716814159292,2024
2024-06-14,1.52449365573217,"Severe",111,76,35,10.0909090909091,0.690909090909091,0.636363636363636,0.684684684684685,2024
2024-06-15,1.51188136703298,"Severe",110,71,39,10,0.645454545454546,0.709090909090909,0.645454545454546,2024
2024-06-16,1.65763755652998,"Severe",110,71,39,10,0.645454545454546,0.709090909090909,0.645454545454546,2024
2024-06-17,1.40071240980684,"Severe",114,74,40,10.3636363636364,0.672727272727273,0.727272727272727,0.649122807017544,2024
2024-06-18,1.42901369817402,"Severe",109,71,38,9.90909090909091,0.645454545454546,0.690909090909091,0.651376146788991,2024
2024-06-19,1.52948455573963,"Severe",110,73,37,10,0.663636363636364,0.672727272727273,0.663636363636364,2024
2024-06-20,1.26285474474864,"Elevated",110,74,36,10,0.672727272727273,0.654545454545455,0.672727272727273,2024
2024-06-21,1.21195895911004,"Elevated",116,77,39,10.5454545454545,0.7,0.709090909090909,0.663793103448276,2024
2024-06-22,1.14154398539696,"Moderate",111,72,39,10.0909090909091,0.654545454545455,0.709090909090909,0.648648648648649,2024
2024-06-23,1.47520625013142,"Severe",107,69,38,9.72727272727273,0.627272727272727,0.690909090909091,0.644859813084112,2024
2024-06-24,1.19144074072693,"Elevated",108,70,38,9.81818181818182,0.636363636363636,0.690909090909091,0.648148148148148,2024
2024-06-25,0.980730254871692,"Low",118,76,42,10.7272727272727,0.690909090909091,0.763636363636364,0.64406779661017,2024
2024-06-26,1.16282950328029,"Elevated",113,74,39,10.2727272727273,0.672727272727273,0.709090909090909,0.654867256637168,2024
2024-06-27,0.866300282825689,"Very low",123,80,43,11.1818181818182,0.727272727272727,0.781818181818182,0.650406504065041,2024
2024-06-28,1.05083690924534,"Moderate",113,76,37,10.2727272727273,0.690909090909091,0.672727272727273,0.672566371681416,2024
2024-06-29,1.1475025987978,"Moderate",109,69,40,9.90909090909091,0.627272727272727,0.727272727272727,0.63302752293578,2024
2024-06-30,1.15193353434306,"Moderate",108,69,39,9.81818181818182,0.627272727272727,0.709090909090909,0.638888888888889,2024
2024-07-01,1.06609418664635,"Moderate",103,68,35,9.36363636363636,0.618181818181818,0.636363636363636,0.660194174757282,2024
2024-07-02,0.948309482525595,"Low",111,74,37,10.0909090909091,0.672727272727273,0.672727272727273,0.666666666666667,2024
2024-07-03,1.00243428247581,"Low",109,69,40,9.90909090909091,0.627272727272727,0.727272727272727,0.63302752293578,2024
2024-07-04,1.07860293515452,"Moderate",101,68,33,9.18181818181818,0.618181818181818,0.6,0.673267326732673,2024
2024-07-05,1.30397999493532,"Severe",102,68,34,9.27272727272727,0.618181818181818,0.618181818181818,0.666666666666667,2024
2024-07-06,1.01597501734827,"Low",107,70,37,9.72727272727273,0.636363636363636,0.672727272727273,0.654205607476635,2024
2024-07-07,1.3721510112216,"Severe",104,70,34,9.45454545454546,0.636363636363636,0.618181818181818,0.673076923076923,2024
2024-07-08,1.12210104460905,"Moderate",112,79,33,10.1818181818182,0.718181818181818,0.6,0.705357142857143,2024
2024-07-09,1.15284261981165,"Moderate",111,80,31,10.0909090909091,0.727272727272727,0.563636363636364,0.720720720720721,2024
2024-07-10,1.37397818890496,"Severe",102,78,24,9.27272727272727,0.709090909090909,0.436363636363636,0.764705882352941,2024
2024-07-11,1.29489418819205,"Elevated",113,79,34,10.2727272727273,0.718181818181818,0.618181818181818,0.699115044247788,2024
2024-07-12,1.05061859785885,"Moderate",105,72,33,9.54545454545454,0.654545454545455,0.6,0.685714285714286,2024
2024-07-13,1.00665374046545,"Low",106,70,36,9.63636363636364,0.636363636363636,0.654545454545455,0.660377358490566,2024
2024-07-14,1.06030048603045,"Moderate",103,69,34,9.36363636363636,0.627272727272727,0.618181818181818,0.669902912621359,2024
2024-07-15,0.977824025483628,"Low",105,77,28,9.54545454545454,0.7,0.509090909090909,0.733333333333333,2024
2024-07-16,1.13504903123225,"Moderate",98,69,29,8.90909090909091,0.627272727272727,0.527272727272727,0.704081632653061,2024
2024-07-17,1.00707395779066,"Low",102,72,30,9.27272727272727,0.654545454545455,0.545454545454545,0.705882352941177,2024
2024-07-18,0.937157102365489,"Low",110,76,34,10,0.690909090909091,0.618181818181818,0.690909090909091,2024
2024-07-19,1.00831920654054,"Low",103,71,32,9.36363636363636,0.645454545454546,0.581818181818182,0.689320388349515,2024
2024-07-20,0.949883568846766,"Low",104,69,35,9.45454545454546,0.627272727272727,0.636363636363636,0.663461538461538,2024
2024-07-21,1.02820739661616,"Low",104,68,36,9.45454545454546,0.618181818181818,0.654545454545455,0.653846153846154,2024
2024-07-22,1.06905518029774,"Moderate",104,72,32,9.45454545454546,0.654545454545455,0.581818181818182,0.692307692307692,2024
2024-07-23,0.950333546901644,"Low",107,71,36,9.72727272727273,0.645454545454546,0.654545454545455,0.663551401869159,2024
2024-07-24,0.996289884291331,"Low",105,68,37,9.54545454545454,0.618181818181818,0.672727272727273,0.647619047619048,2024
2024-07-25,0.887753638366136,"Very low",107,71,36,9.72727272727273,0.645454545454546,0.654545454545455,0.663551401869159,2024
2024-07-26,0.962011256756664,"Low",108,71,37,9.81818181818182,0.645454545454546,0.672727272727273,0.657407407407407,2024
2024-07-27,0.793493295895669,"Very low",118,74,44,10.7272727272727,0.672727272727273,0.8,0.627118644067797,2024
2024-07-28,1.0562789944243,"Moderate",103,68,35,9.36363636363636,0.618181818181818,0.636363636363636,0.660194174757282,2024
2024-07-29,0.816251677861441,"Very low",111,75,36,10.0909090909091,0.681818181818182,0.654545454545455,0.675675675675676,2024
2024-07-30,0.745653621177707,"Very low",106,70,36,9.63636363636364,0.636363636363636,0.654545454545455,0.660377358490566,2024
2024-07-31,0.817112472053133,"Very low",108,72,36,9.81818181818182,0.654545454545455,0.654545454545455,0.666666666666667,2024
2024-08-01,0.987350712773903,"Low",107,72,35,9.72727272727273,0.654545454545455,0.636363636363636,0.672897196261682,2024
2024-08-02,1.17610112702827,"Elevated",103,64,39,9.36363636363636,0.581818181818182,0.709090909090909,0.621359223300971,2024
2024-08-03,1.05457602533719,"Moderate",106,67,39,9.63636363636364,0.609090909090909,0.709090909090909,0.632075471698113,2024
2024-08-04,1.35896789803027,"Severe",98,60,38,8.90909090909091,0.545454545454545,0.690909090909091,0.612244897959184,2024
2024-08-05,1.22675040645799,"Elevated",101,62,39,9.18181818181818,0.563636363636364,0.709090909090909,0.613861386138614,2024
2024-08-06,1.17529948376823,"Elevated",107,68,39,9.72727272727273,0.618181818181818,0.709090909090909,0.635514018691589,2024
2024-08-07,1.27410385903733,"Elevated",102,62,40,9.27272727272727,0.563636363636364,0.727272727272727,0.607843137254902,2024
2024-08-08,1.18713000304878,"Elevated",107,68,39,9.72727272727273,0.618181818181818,0.709090909090909,0.635514018691589,2024
2024-08-09,1.09466740088465,"Moderate",113,74,39,10.2727272727273,0.672727272727273,0.709090909090909,0.654867256637168,2024
2024-08-10,1.12626836177763,"Moderate",108,68,40,9.81818181818182,0.618181818181818,0.727272727272727,0.62962962962963,2024
2024-08-11,1.28620538757836,"Elevated",103,65,38,9.36363636363636,0.590909090909091,0.690909090909091,0.631067961165049,2024
2024-08-12,1.17855927547373,"Elevated",107,70,37,9.72727272727273,0.636363636363636,0.672727272727273,0.654205607476635,2024
2024-08-13,1.35414450800858,"Severe",104,68,36,9.45454545454546,0.618181818181818,0.654545454545455,0.653846153846154,2024
2024-08-14,1.18116299603108,"Elevated",105,64,41,9.54545454545454,0.581818181818182,0.745454545454545,0.60952380952381,2024
2024-08-15,1.17412107313863,"Elevated",109,69,40,9.90909090909091,0.627272727272727,0.727272727272727,0.63302752293578,2024
2024-08-16,1.24397331594714,"Elevated",108,72,36,9.81818181818182,0.654545454545455,0.654545454545455,0.666666666666667,2024
2024-08-17,1.4875676524821,"Severe",106,71,35,9.63636363636364,0.645454545454546,0.636363636363636,0.669811320754717,2024
2024-08-18,1.2128438188734,"Elevated",108,71,37,9.81818181818182,0.645454545454546,0.672727272727273,0.657407407407407,2024
2024-08-19,1.21663188834991,"Elevated",104,69,35,9.45454545454546,0.627272727272727,0.636363636363636,0.663461538461538,2024
2024-08-20,1.10476287520107,"Moderate",108,69,39,9.81818181818182,0.627272727272727,0.709090909090909,0.638888888888889,2024
2024-08-21,1.13034316164452,"Moderate",103,65,38,9.36363636363636,0.590909090909091,0.690909090909091,0.631067961165049,2024
2024-08-22,1.29031079979396,"Elevated",103,64,39,9.36363636363636,0.581818181818182,0.709090909090909,0.621359223300971,2024
2024-08-23,1.39363542896212,"Severe",103,67,36,9.36363636363636,0.609090909090909,0.654545454545455,0.650485436893204,2024
2024-08-24,1.30089031589975,"Elevated",105,68,37,9.54545454545454,0.618181818181818,0.672727272727273,0.647619047619048,2024
2024-08-25,1.06407405098548,"Moderate",111,72,39,10.0909090909091,0.654545454545455,0.709090909090909,0.648648648648649,2024
2024-08-26,1.14739738723561,"Moderate",105,66,39,9.54545454545454,0.6,0.709090909090909,0.628571428571429,2024
2024-08-27,1.31352930512874,"Severe",99,63,36,9,0.572727272727273,0.654545454545455,0.636363636363636,2024
2024-08-28,1.13767978284878,"Moderate",101,65,36,9.18181818181818,0.590909090909091,0.654545454545455,0.643564356435644,2024
2024-08-29,1.24044375150919,"Elevated",107,66,41,9.72727272727273,0.6,0.745454545454545,0.616822429906542,2024
2024-08-30,1.26333316391571,"Elevated",103,66,37,9.36363636363636,0.6,0.672727272727273,0.640776699029126,2024
2024-08-31,1.00347419584145,"Low",106,68,38,9.63636363636364,0.618181818181818,0.690909090909091,0.641509433962264,2024
2024-09-01,0.922775891503644,"Low",110,68,42,10,0.618181818181818,0.763636363636364,0.618181818181818,2024
2024-09-02,0.907678169720694,"Very low",111,70,41,10.0909090909091,0.636363636363636,0.745454545454545,0.630630630630631,2024
2024-09-03,0.934634800575307,"Low",111,71,40,10.0909090909091,0.645454545454546,0.727272727272727,0.63963963963964,2024
2024-09-04,1.01529437420436,"Low",107,71,36,9.72727272727273,0.645454545454546,0.654545454545455,0.663551401869159,2024
2024-09-05,0.864824702350593,"Very low",113,73,40,10.2727272727273,0.663636363636364,0.727272727272727,0.646017699115044,2024
2024-09-06,0.717226138771744,"Very low",116,74,42,10.5454545454545,0.672727272727273,0.763636363636364,0.637931034482759,2024
2024-09-07,0.873969039881355,"Very low",111,72,39,10.0909090909091,0.654545454545455,0.709090909090909,0.648648648648649,2024
2024-09-08,1.04446904765805,"Low",101,65,36,9.18181818181818,0.590909090909091,0.654545454545455,0.643564356435644,2024
2024-09-09,1.03236968292875,"Low",99,60,39,9,0.545454545454545,0.709090909090909,0.606060606060606,2024
2024-09-10,0.876395412662748,"Very low",114,73,41,10.3636363636364,0.663636363636364,0.745454545454545,0.640350877192982,2024
2024-09-11,1.14262358520681,"Moderate",103,64,39,9.36363636363636,0.581818181818182,0.709090909090909,0.621359223300971,2024
2024-09-12,1.00380924906392,"Low",100,66,34,9.09090909090909,0.6,0.618181818181818,0.66,2024
2024-09-13,1.07791932626922,"Moderate",101,68,33,9.18181818181818,0.618181818181818,0.6,0.673267326732673,2024
2024-09-14,1.13498094995455,"Moderate",100,67,33,9.09090909090909,0.609090909090909,0.6,0.67,2024
2024-09-15,1.15235718317114,"Moderate",98,69,29,8.90909090909091,0.627272727272727,0.527272727272727,0.704081632653061,2024
2024-09-16,1.26775083634594,"Elevated",103,71,32,9.36363636363636,0.645454545454546,0.581818181818182,0.689320388349515,2024
2024-09-17,1.24447850621285,"Elevated",102,72,30,9.27272727272727,0.654545454545455,0.545454545454545,0.705882352941177,2024
2024-09-18,1.50925550363746,"Severe",83,56,27,7.54545454545455,0.509090909090909,0.490909090909091,0.674698795180723,2024
2024-09-19,1.13005733936068,"Moderate",96,65,31,8.72727272727273,0.590909090909091,0.563636363636364,0.677083333333333,2024
2024-09-20,1.31426530813059,"Severe",92,63,29,8.36363636363636,0.572727272727273,0.527272727272727,0.684782608695652,2024
2024-09-21,1.15275370673923,"Moderate",100,70,30,9.09090909090909,0.636363636363636,0.545454545454545,0.7,2024
2024-09-22,1.23617717864963,"Elevated",97,66,31,8.81818181818182,0.6,0.563636363636364,0.680412371134021,2024
2024-09-23,1.4237385785907,"Severe",92,61,31,8.36363636363636,0.554545454545455,0.563636363636364,0.66304347826087,2024
2024-09-24,1.65948951918728,"Severe",88,58,30,8,0.527272727272727,0.545454545454545,0.659090909090909,2024
2024-09-25,1.49849811772406,"Severe",91,60,31,8.27272727272727,0.545454545454545,0.563636363636364,0.659340659340659,2024
2024-09-26,1.17987199192167,"Elevated",97,61,36,8.81818181818182,0.554545454545455,0.654545454545455,0.628865979381443,2024
2024-09-27,1.30174659206429,"Elevated",97,64,33,8.81818181818182,0.581818181818182,0.6,0.65979381443299,2024
2024-09-28,1.20406360488804,"Elevated",97,66,31,8.81818181818182,0.6,0.563636363636364,0.680412371134021,2024
2024-09-29,1.42406176108641,"Severe",93,65,28,8.45454545454546,0.590909090909091,0.509090909090909,0.698924731182796,2024
2024-09-30,1.42512024900175,"Severe",95,66,29,8.63636363636364,0.6,0.527272727272727,0.694736842105263,2024
2024-10-01,1.41408119624319,"Severe",91,61,30,8.27272727272727,0.554545454545455,0.545454545454545,0.67032967032967,2024
2024-10-02,1.44592650506436,"Severe",99,69,30,9,0.627272727272727,0.545454545454545,0.696969696969697,2024
2024-10-03,1.67738600729368,"Severe",100,67,33,9.09090909090909,0.609090909090909,0.6,0.67,2024
2024-10-04,1.20846233196953,"Elevated",104,69,35,9.45454545454546,0.627272727272727,0.636363636363636,0.663461538461538,2024
2024-10-05,1.14026720633461,"Moderate",103,69,34,9.36363636363636,0.627272727272727,0.618181818181818,0.669902912621359,2024
2024-10-06,1.16619166835747,"Elevated",103,70,33,9.36363636363636,0.636363636363636,0.6,0.679611650485437,2024
2024-10-07,1.54382816694645,"Severe",97,62,35,8.81818181818182,0.563636363636364,0.636363636363636,0.639175257731959,2024
2024-10-08,1.30337103954249,"Severe",102,65,37,9.27272727272727,0.590909090909091,0.672727272727273,0.637254901960784,2024
2024-10-09,1.3064293704455,"Severe",105,69,36,9.54545454545454,0.627272727272727,0.654545454545455,0.657142857142857,2024
2024-10-10,1.18717720836406,"Elevated",103,68,35,9.36363636363636,0.618181818181818,0.636363636363636,0.660194174757282,2024
2024-10-11,1.240642123311,"Elevated",101,68,33,9.18181818181818,0.618181818181818,0.6,0.673267326732673,2024
2024-10-12,1.41354192562284,"Severe",99,65,34,9,0.590909090909091,0.618181818181818,0.656565656565657,2024
2024-10-13,1.49457803531632,"Severe",101,65,36,9.18181818181818,0.590909090909091,0.654545454545455,0.643564356435644,2024
2024-10-14,1.25878695072246,"Elevated",105,70,35,9.54545454545454,0.636363636363636,0.636363636363636,0.666666666666667,2024
2024-10-15,1.44702321860593,"Severe",103,65,38,9.36363636363636,0.590909090909091,0.690909090909091,0.631067961165049,2024
2024-10-16,1.41329167720017,"Severe",100,62,38,9.09090909090909,0.563636363636364,0.690909090909091,0.62,2024
2024-10-17,1.45529618880772,"Severe",100,63,37,9.09090909090909,0.572727272727273,0.672727272727273,0.63,2024
2024-10-18,1.33293855043237,"Severe",103,67,36,9.36363636363636,0.609090909090909,0.654545454545455,0.650485436893204,2024
2024-10-19,1.25561904354475,"Elevated",106,71,35,9.63636363636364,0.645454545454546,0.636363636363636,0.669811320754717,2024
2024-10-20,1.26782610169305,"Elevated",107,70,37,9.72727272727273,0.636363636363636,0.672727272727273,0.654205607476635,2024
2024-10-21,1.31538744570686,"Severe",108,71,37,9.81818181818182,0.645454545454546,0.672727272727273,0.657407407407407,2024
2024-10-22,1.39931950010808,"Severe",101,65,36,9.18181818181818,0.590909090909091,0.654545454545455,0.643564356435644,2024
2024-10-23,1.58530368961342,"Severe",92,63,29,8.36363636363636,0.572727272727273,0.527272727272727,0.684782608695652,2024
2024-10-24,1.50392816240503,"Severe",101,66,35,9.18181818181818,0.6,0.636363636363636,0.653465346534653,2024
2024-10-25,1.29816282936359,"Elevated",104,66,38,9.45454545454546,0.6,0.690909090909091,0.634615384615385,2024
2024-10-26,1.31059051774028,"Severe",104,66,38,9.45454545454546,0.6,0.690909090909091,0.634615384615385,2024
2024-10-27,1.22045952336647,"Elevated",107,69,38,9.72727272727273,0.627272727272727,0.690909090909091,0.644859813084112,2024
2024-10-28,1.36634356430239,"Severe",106,73,33,9.63636363636364,0.663636363636364,0.6,0.688679245283019,2024
2024-10-29,1.31152095755483,"Severe",102,70,32,9.27272727272727,0.636363636363636,0.581818181818182,0.686274509803922,2024
2024-10-30,1.32306887391317,"Severe",107,72,35,9.72727272727273,0.654545454545455,0.636363636363636,0.672897196261682,2024
2024-10-31,1.10379325024187,"Moderate",111,72,39,10.0909090909091,0.654545454545455,0.709090909090909,0.648648648648649,2024
2024-11-01,1.18944304359768,"Elevated",101,70,31,9.18181818181818,0.636363636363636,0.563636363636364,0.693069306930693,2024
2024-11-02,1.18003802556612,"Elevated",102,71,31,9.27272727272727,0.645454545454546,0.563636363636364,0.696078431372549,2024
2024-11-03,1.35725399241497,"Severe",93,64,29,8.45454545454546,0.581818181818182,0.527272727272727,0.688172043010753,2024
2024-11-04,1.14054431067688,"Moderate",98,67,31,8.90909090909091,0.609090909090909,0.563636363636364,0.683673469387755,2024
2024-11-05,1.15565276309333,"Moderate",100,69,31,9.09090909090909,0.627272727272727,0.563636363636364,0.69,2024
2024-11-06,1.12821212234174,"Moderate",103,71,32,9.36363636363636,0.645454545454546,0.581818181818182,0.689320388349515,2024
2024-11-07,1.1185988889638,"Moderate",103,65,38,9.36363636363636,0.590909090909091,0.690909090909091,0.631067961165049,2024
2024-11-08,0.979030648847574,"Low",103,72,31,9.36363636363636,0.654545454545455,0.563636363636364,0.699029126213592,2024
2024-11-09,1.07128971992906,"Moderate",99,71,28,9,0.645454545454546,0.509090909090909,0.717171717171717,2024
2024-11-10,1.27339255918549,"Elevated",102,72,30,9.27272727272727,0.654545454545455,0.545454545454545,0.705882352941177,2024
2024-11-11,1.33403428465204,"Severe",97,67,30,8.81818181818182,0.609090909090909,0.545454545454545,0.690721649484536,2024
2024-11-12,1.42743531880823,"Severe",96,67,29,8.72727272727273,0.609090909090909,0.527272727272727,0.697916666666667,2024
2024-11-13,1.33675740872259,"Severe",100,67,33,9.09090909090909,0.609090909090909,0.6,0.67,2024
2024-11-14,1.3381352142803,"Severe",99,65,34,9,0.590909090909091,0.618181818181818,0.656565656565657,2024
2024-11-15,1.32612121156591,"Severe",100,65,35,9.09090909090909,0.590909090909091,0.636363636363636,0.65,2024
2024-11-16,1.55192661569837,"Severe",90,57,33,8.18181818181818,0.518181818181818,0.6,0.633333333333333,2024
2024-11-17,1.32039504464584,"Severe",103,65,38,9.36363636363636,0.590909090909091,0.690909090909091,0.631067961165049,2024
2024-11-18,1.3468400595532,"Severe",93,62,31,8.45454545454546,0.563636363636364,0.563636363636364,0.666666666666667,2024
2024-11-19,1.2794640761483,"Elevated",100,65,35,9.09090909090909,0.590909090909091,0.636363636363636,0.65,2024
2024-11-20,1.32270078022213,"Severe",97,66,31,8.81818181818182,0.6,0.563636363636364,0.680412371134021,2024
2024-11-21,1.18084479307819,"Elevated",105,68,37,9.54545454545454,0.618181818181818,0.672727272727273,0.647619047619048,2024
2024-11-22,1.03146226525106,"Low",106,72,34,9.63636363636364,0.654545454545455,0.618181818181818,0.679245283018868,2024
2024-11-23,1.15172369682439,"Moderate",101,68,33,9.18181818181818,0.618181818181818,0.6,0.673267326732673,2024
2024-11-24,1.24261543196062,"Elevated",98,64,34,8.90909090909091,0.581818181818182,0.618181818181818,0.653061224489796,2024
2024-11-25,1.19622701244751,"Elevated",107,73,34,9.72727272727273,0.663636363636364,0.618181818181818,0.682242990654206,2024
2024-11-26,1.07481047945478,"Moderate",104,66,38,9.45454545454546,0.6,0.690909090909091,0.634615384615385,2024
2024-11-27,1.30009630406927,"Elevated",102,71,31,9.27272727272727,0.645454545454546,0.563636363636364,0.696078431372549,2024
2024-11-28,0.985195674649769,"Low",105,72,33,9.54545454545454,0.654545454545455,0.6,0.685714285714286,2024
2024-11-29,1.34456786774235,"Severe",95,69,26,8.63636363636364,0.627272727272727,0.472727272727273,0.726315789473684,2024
2024-11-30,1.42840567891156,"Severe",95,63,32,8.63636363636364,0.572727272727273,0.581818181818182,0.663157894736842,2024
2024-12-01,1.041975151345,"Low",98,68,30,8.90909090909091,0.618181818181818,0.545454545454545,0.693877551020408,2024
2024-12-02,0.978843425993566,"Low",96,68,28,8.72727272727273,0.618181818181818,0.509090909090909,0.708333333333333,2024
2024-12-03,1.13022551969635,"Moderate",93,64,29,8.45454545454546,0.581818181818182,0.527272727272727,0.688172043010753,2024
2024-12-04,0.869018918704891,"Very low",101,68,33,9.18181818181818,0.618181818181818,0.6,0.673267326732673,2024
2024-12-05,0.825783568077648,"Very low",109,73,36,9.90909090909091,0.663636363636364,0.654545454545455,0.669724770642202,2024
2024-12-06,0.869427473365554,"Very low",111,72,39,10.0909090909091,0.654545454545455,0.709090909090909,0.648648648648649,2024
2024-12-07,1.05511256746455,"Moderate",103,68,35,9.36363636363636,0.618181818181818,0.636363636363636,0.660194174757282,2024
2024-12-08,1.24314858535505,"Elevated",96,65,31,8.72727272727273,0.590909090909091,0.563636363636364,0.677083333333333,2024
2024-12-09,1.1241219142988,"Moderate",100,66,34,9.09090909090909,0.6,0.618181818181818,0.66,2024
2024-12-10,1.19016753208798,"Elevated",104,68,36,9.45454545454546,0.618181818181818,0.654545454545455,0.653846153846154,2024
2024-12-11,1.07554433173941,"Moderate",110,72,38,10,0.654545454545455,0.690909090909091,0.654545454545455,2024
2024-12-12,1.10053045852439,"Moderate",108,69,39,9.81818181818182,0.627272727272727,0.709090909090909,0.638888888888889,2024
2024-12-13,1.08423582644414,"Moderate",112,73,39,10.1818181818182,0.663636363636364,0.709090909090909,0.651785714285714,2024
2024-12-14,0.979359754750508,"Low",110,72,38,10,0.654545454545455,0.690909090909091,0.654545454545455,2024
2024-12-15,1.11695571563418,"Moderate",107,68,39,9.72727272727273,0.618181818181818,0.709090909090909,0.635514018691589,2024
2024-12-16,1.25531618467781,"Elevated",100,64,36,9.09090909090909,0.581818181818182,0.654545454545455,0.64,2024
2024-12-17,1.25028649869066,"Elevated",95,61,34,8.63636363636364,0.554545454545455,0.618181818181818,0.642105263157895,2024
2024-12-18,1.18263298006834,"Elevated",102,69,33,9.27272727272727,0.627272727272727,0.6,0.676470588235294,2024
2024-12-19,1.26428846436319,"Elevated",110,71,39,10,0.645454545454546,0.709090909090909,0.645454545454546,2024
2024-12-20,1.11762968816848,"Moderate",106,72,34,9.63636363636364,0.654545454545455,0.618181818181818,0.679245283018868,2024
2024-12-21,1.14495040915016,"Moderate",108,69,39,9.81818181818182,0.627272727272727,0.709090909090909,0.638888888888889,2024
2024-12-22,1.07700705660474,"Moderate",109,71,38,9.90909090909091,0.645454545454546,0.690909090909091,0.651376146788991,2024
2024-12-23,1.08718799787561,"Moderate",108,70,38,9.81818181818182,0.636363636363636,0.690909090909091,0.648148148148148,2024
2024-12-24,1.20078307044885,"Elevated",108,68,40,9.81818181818182,0.618181818181818,0.727272727272727,0.62962962962963,2024
2024-12-25,1.1205653017041,"Moderate",108,70,38,9.81818181818182,0.636363636363636,0.690909090909091,0.648148148148148,2024
2024-12-26,1.1075931923588,"Moderate",110,72,38,10,0.654545454545455,0.690909090909091,0.654545454545455,2024
2024-12-27,1.21450698316773,"Elevated",98,64,34,8.90909090909091,0.581818181818182,0.618181818181818,0.653061224489796,2024
2024-12-28,1.13563095229379,"Moderate",107,70,37,9.72727272727273,0.636363636363636,0.672727272727273,0.654205607476635,2024
2024-12-29,1.25440491170983,"Elevated",104,67,37,9.45454545454546,0.609090909090909,0.672727272727273,0.644230769230769,2024
2024-12-30,1.08793742459913,"Moderate",107,69,38,9.72727272727273,0.627272727272727,0.690909090909091,0.644859813084112,2024
2024-12-31,1.04320382018397,"Low",105,70,35,9.54545454545454,0.636363636363636,0.636363636363636,0.666666666666667,2024
2025-01-01,1.09960382544869,"Moderate",105,70,35,9.54545454545454,0.636363636363636,0.636363636363636,0.666666666666667,2025
2025-01-02,1.00095948043467,"Low",105,71,34,9.54545454545454,0.645454545454546,0.618181818181818,0.676190476190476,2025
2025-01-03,1.11439545667726,"Moderate",102,70,32,9.27272727272727,0.636363636363636,0.581818181818182,0.686274509803922,2025
2025-01-04,1.06620108881652,"Moderate",107,74,33,9.72727272727273,0.672727272727273,0.6,0.691588785046729,2025
2025-01-05,1.03149813732962,"Low",103,69,34,9.36363636363636,0.627272727272727,0.618181818181818,0.669902912621359,2025
2025-01-06,1.27440672225823,"Elevated",98,66,32,8.90909090909091,0.6,0.581818181818182,0.673469387755102,2025
2025-01-07,1.34864286952735,"Severe",96,68,28,8.72727272727273,0.618181818181818,0.509090909090909,0.708333333333333,2025
2025-01-08,1.27775475165377,"Elevated",102,70,32,9.27272727272727,0.636363636363636,0.581818181818182,0.686274509803922,2025
2025-01-09,1.37579854315198,"Severe",91,63,28,8.27272727272727,0.572727272727273,0.509090909090909,0.692307692307692,2025
2025-01-10,0.897139735347806,"Very low",100,68,32,9.09090909090909,0.618181818181818,0.581818181818182,0.68,2025
2025-01-11,1.06803604887565,"Moderate",105,70,35,9.54545454545454,0.636363636363636,0.636363636363636,0.666666666666667,2025
2025-01-12,1.20404551305591,"Elevated",97,65,32,8.81818181818182,0.590909090909091,0.581818181818182,0.670103092783505,2025
2025-01-13,1.1227400056289,"Moderate",104,71,33,9.45454545454546,0.645454545454546,0.6,0.682692307692308,2025
2025-01-14,1.09963438886882,"Moderate",106,71,35,9.63636363636364,0.645454545454546,0.636363636363636,0.669811320754717,2025
2025-01-15,1.11064079305288,"Moderate",104,69,35,9.45454545454546,0.627272727272727,0.636363636363636,0.663461538461538,2025
2025-01-16,1.14134937942611,"Moderate",103,71,32,9.36363636363636,0.645454545454546,0.581818181818182,0.689320388349515,2025
2025-01-17,1.0830960035935,"Moderate",105,73,32,9.54545454545454,0.663636363636364,0.581818181818182,0.695238095238095,2025
2025-01-18,1.13203871667096,"Moderate",107,74,33,9.72727272727273,0.672727272727273,0.6,0.691588785046729,2025
2025-01-19,1.15805150812149,"Elevated",100,74,26,9.09090909090909,0.672727272727273,0.472727272727273,0.74,2025
2025-01-20,1.16129188386667,"Elevated",104,73,31,9.45454545454546,0.663636363636364,0.563636363636364,0.701923076923077,2025
2025-01-21,1.18847415836599,"Elevated",108,75,33,9.81818181818182,0.681818181818182,0.6,0.694444444444444,2025
2025-01-22,1.20348796674261,"Elevated",101,68,33,9.18181818181818,0.618181818181818,0.6,0.673267326732673,2025
2025-01-23,1.05562782702796,"Moderate",102,69,33,9.27272727272727,0.627272727272727,0.6,0.676470588235294,2025
2025-01-24,1.10171966810735,"Moderate",102,68,34,9.27272727272727,0.618181818181818,0.618181818181818,0.666666666666667,2025
2025-01-25,1.13307059858133,"Moderate",100,68,32,9.09090909090909,0.618181818181818,0.581818181818182,0.68,2025
2025-01-26,1.21815063507127,"Elevated",101,68,33,9.18181818181818,0.618181818181818,0.6,0.673267326732673,2025
2025-01-27,1.35751716047888,"Severe",95,64,31,8.63636363636364,0.581818181818182,0.563636363636364,0.673684210526316,2025
2025-01-28,1.18241166953951,"Elevated",98,67,31,8.90909090909091,0.609090909090909,0.563636363636364,0.683673469387755,2025
2025-01-29,1.0766077634221,"Moderate",104,68,36,9.45454545454546,0.618181818181818,0.654545454545455,0.653846153846154,2025
2025-01-30,1.16221176114846,"Elevated",102,67,35,9.27272727272727,0.609090909090909,0.636363636363636,0.656862745098039,2025
2025-01-31,1.07055936503989,"Moderate",104,70,34,9.45454545454546,0.636363636363636,0.618181818181818,0.673076923076923,2025
2025-02-01,1.15818439457612,"Elevated",94,62,32,8.54545454545454,0.563636363636364,0.581818181818182,0.659574468085106,2025
2025-02-02,0.972610712200436,"Low",103,67,36,9.36363636363636,0.609090909090909,0.654545454545455,0.650485436893204,2025
2025-02-03,1.25985851238988,"Elevated",103,68,35,9.36363636363636,0.618181818181818,0.636363636363636,0.660194174757282,2025
2025-02-04,1.41882456508667,"Severe",97,64,33,8.81818181818182,0.581818181818182,0.6,0.65979381443299,2025
2025-02-05,1.29011494111331,"Elevated",107,71,36,9.72727272727273,0.645454545454546,0.654545454545455,0.663551401869159,2025
2025-02-06,1.21284061243583,"Elevated",107,69,38,9.72727272727273,0.627272727272727,0.690909090909091,0.644859813084112,2025
2025-02-07,1.11203502132598,"Moderate",107,70,37,9.72727272727273,0.636363636363636,0.672727272727273,0.654205607476635,2025
2025-02-08,1.27355224761949,"Elevated",98,64,34,8.90909090909091,0.581818181818182,0.618181818181818,0.653061224489796,2025
2025-02-09,1.29115766874717,"Elevated",100,67,33,9.09090909090909,0.609090909090909,0.6,0.67,2025
2025-02-10,1.29638712288827,"Elevated",101,70,31,9.18181818181818,0.636363636363636,0.563636363636364,0.693069306930693,2025
2025-02-11,1.0555487673689,"Moderate",111,71,40,10.0909090909091,0.645454545454546,0.727272727272727,0.63963963963964,2025
2025-02-12,0.973020044040204,"Low",113,77,36,10.2727272727273,0.7,0.654545454545455,0.68141592920354,2025
2025-02-13,1.14338685116459,"Moderate",111,76,35,10.0909090909091,0.690909090909091,0.636363636363636,0.684684684684685,2025
2025-02-14,1.08189717603991,"Moderate",108,73,35,9.81818181818182,0.663636363636364,0.636363636363636,0.675925925925926,2025
2025-02-15,1.05981922888861,"Moderate",111,75,36,10.0909090909091,0.681818181818182,0.654545454545455,0.675675675675676,2025
2025-02-16,1.07032064148289,"Moderate",106,73,33,9.63636363636364,0.663636363636364,0.6,0.688679245283019,2025
2025-02-17,1.24917668687766,"Elevated",104,72,32,9.45454545454546,0.654545454545455,0.581818181818182,0.692307692307692,2025
2025-02-18,1.14984225681518,"Moderate",104,75,29,9.45454545454546,0.681818181818182,0.527272727272727,0.721153846153846,2025
2025-02-19,1.1314377164202,"Moderate",103,73,30,9.36363636363636,0.663636363636364,0.545454545454545,0.70873786407767,2025
2025-02-20,1.09252020088593,"Moderate",101,70,31,9.18181818181818,0.636363636363636,0.563636363636364,0.693069306930693,2025
2025-02-21,1.08786757403117,"Moderate",99,66,33,9,0.6,0.6,0.666666666666667,2025
2025-02-22,1.18301685466422,"Elevated",101,69,32,9.18181818181818,0.627272727272727,0.581818181818182,0.683168316831683,2025
2025-02-23,1.15617023977917,"Elevated",104,72,32,9.45454545454546,0.654545454545455,0.581818181818182,0.692307692307692,2025
2025-02-24,1.07222869093175,"Moderate",107,73,34,9.72727272727273,0.663636363636364,0.618181818181818,0.682242990654206,2025
2025-02-25,1.00166460590407,"Low",110,75,35,10,0.681818181818182,0.636363636363636,0.681818181818182,2025
2025-02-26,1.04377243396895,"Low",104,72,32,9.45454545454546,0.654545454545455,0.581818181818182,0.692307692307692,2025
2025-02-27,0.925767258176186,"Low",109,77,32,9.90909090909091,0.7,0.581818181818182,0.706422018348624,2025
2025-02-28,0.854354068269831,"Very low",110,75,35,10,0.681818181818182,0.636363636363636,0.681818181818182,2025
2025-03-01,0.92766603018032,"Low",112,78,34,10.1818181818182,0.709090909090909,0.618181818181818,0.696428571428571,2025
2025-03-02,1.01638005175855,"Low",99,69,30,9,0.627272727272727,0.545454545454545,0.696969696969697,2025
2025-03-03,1.15520541983494,"Moderate",96,65,31,8.72727272727273,0.590909090909091,0.563636363636364,0.677083333333333,2025
2025-03-04,0.976137677413459,"Low",107,74,33,9.72727272727273,0.672727272727273,0.6,0.691588785046729,2025
2025-03-05,0.924576770877322,"Low",110,73,37,10,0.663636363636364,0.672727272727273,0.663636363636364,2025
2025-03-06,0.838871722248633,"Very low",109,72,37,9.90909090909091,0.654545454545455,0.672727272727273,0.660550458715596,2025
2025-03-07,0.878885442344959,"Very low",103,65,38,9.36363636363636,0.590909090909091,0.690909090909091,0.631067961165049,2025
2025-03-08,1.01387408495764,"Low",100,67,33,9.09090909090909,0.609090909090909,0.6,0.67,2025
2025-03-09,1.02421284284529,"Low",104,73,31,9.45454545454546,0.663636363636364,0.563636363636364,0.701923076923077,2025
2025-03-10,0.849937225048371,"Very low",105,73,32,9.54545454545454,0.663636363636364,0.581818181818182,0.695238095238095,2025
2025-03-11,0.85042153248994,"Very low",103,71,32,9.36363636363636,0.645454545454546,0.581818181818182,0.689320388349515,2025
2025-03-12,0.835688154366034,"Very low",106,72,34,9.63636363636364,0.654545454545455,0.618181818181818,0.679245283018868,2025
2025-03-13,0.806459947618571,"Very low",106,70,36,9.63636363636364,0.636363636363636,0.654545454545455,0.660377358490566,2025
2025-03-14,0.737091002426438,"Very low",112,81,31,10.1818181818182,0.736363636363636,0.563636363636364,0.723214285714286,2025
2025-03-15,0.822462200858361,"Very low",106,71,35,9.63636363636364,0.645454545454546,0.636363636363636,0.669811320754717,2025
2025-03-16,0.866682657644178,"Very low",101,67,34,9.18181818181818,0.609090909090909,0.618181818181818,0.663366336633663,2025
2025-03-17,0.902809077648405,"Very low",98,64,34,8.90909090909091,0.581818181818182,0.618181818181818,0.653061224489796,2025
2025-03-18,1.11609425068364,"Moderate",93,64,29,8.45454545454546,0.581818181818182,0.527272727272727,0.688172043010753,2025
2025-03-19,1.02288405050716,"Low",106,66,40,9.63636363636364,0.6,0.727272727272727,0.622641509433962,2025
2025-03-20,0.890461639837737,"Very low",105,73,32,9.54545454545454,0.663636363636364,0.581818181818182,0.695238095238095,2025
2025-03-21,0.754070332366844,"Very low",105,72,33,9.54545454545454,0.654545454545455,0.6,0.685714285714286,2025
2025-03-22,0.988105451725052,"Low",103,72,31,9.36363636363636,0.654545454545455,0.563636363636364,0.699029126213592,2025
2025-03-23,0.8398254988609,"Very low",112,74,38,10.1818181818182,0.672727272727273,0.690909090909091,0.660714285714286,2025
2025-03-24,0.804383132929648,"Very low",111,73,38,10.0909090909091,0.663636363636364,0.690909090909091,0.657657657657658,2025
2025-03-25,0.82180531710481,"Very low",112,74,38,10.1818181818182,0.672727272727273,0.690909090909091,0.660714285714286,2025
2025-03-26,0.914326966017033,"Very low",109,73,36,9.90909090909091,0.663636363636364,0.654545454545455,0.669724770642202,2025
2025-03-27,0.883145570474109,"Very low",110,75,35,10,0.681818181818182,0.636363636363636,0.681818181818182,2025
2025-03-28,0.900011660424093,"Very low",109,74,35,9.90909090909091,0.672727272727273,0.636363636363636,0.678899082568807,2025
2025-03-29,0.855673190234991,"Very low",107,72,35,9.72727272727273,0.654545454545455,0.636363636363636,0.672897196261682,2025
2025-03-30,0.96984721736844,"Low",109,72,37,9.90909090909091,0.654545454545455,0.672727272727273,0.660550458715596,2025
2025-03-31,1.60604625824395,"Severe",109,74,35,9.90909090909091,0.672727272727273,0.636363636363636,0.678899082568807,2025
2025-04-01,1.02669367969572,"Low",105,68,37,9.54545454545454,0.618181818181818,0.672727272727273,0.647619047619048,2025
2025-04-02,0.802335528297573,"Very low",113,76,37,10.2727272727273,0.690909090909091,0.672727272727273,0.672566371681416,2025
2025-04-03,0.803467691858393,"Very low",114,76,38,10.3636363636364,0.690909090909091,0.690909090909091,0.666666666666667,2025
2025-04-04,0.875963939237565,"Very low",107,72,35,9.72727272727273,0.654545454545455,0.636363636363636,0.672897196261682,2025
2025-04-05,0.929880777969596,"Low",104,72,32,9.45454545454546,0.654545454545455,0.581818181818182,0.692307692307692,2025
2025-04-06,0.819973473737919,"Very low",113,77,36,10.2727272727273,0.7,0.654545454545455,0.68141592920354,2025
2025-04-07,0.687956415263988,"Very low",112,76,36,10.1818181818182,0.690909090909091,0.654545454545455,0.678571428571429,2025
2025-04-08,0.643667016114794,"Very low",118,79,39,10.7272727272727,0.718181818181818,0.709090909090909,0.669491525423729,2025
2025-04-09,0.833283020495688,"Very low",107,71,36,9.72727272727273,0.645454545454546,0.654545454545455,0.663551401869159,2025
2025-04-10,0.891389720425245,"Very low",110,73,37,10,0.663636363636364,0.672727272727273,0.663636363636364,2025
2025-04-11,1.03121475051244,"Low",95,61,34,8.63636363636364,0.554545454545455,0.618181818181818,0.642105263157895,2025
2025-04-12,1.08202116753334,"Moderate",96,62,34,8.72727272727273,0.563636363636364,0.618181818181818,0.645833333333333,2025
2025-04-13,0.934727124894079,"Low",103,70,33,9.36363636363636,0.636363636363636,0.6,0.679611650485437,2025
2025-04-14,0.913428411724742,"Very low",102,67,35,9.27272727272727,0.609090909090909,0.636363636363636,0.656862745098039,2025
2025-04-15,1.13239468221097,"Moderate",98,67,31,8.90909090909091,0.609090909090909,0.563636363636364,0.683673469387755,2025
2025-04-16,1.13453779539209,"Moderate",103,69,34,9.36363636363636,0.627272727272727,0.618181818181818,0.669902912621359,2025
2025-04-17,0.928590000035363,"Low",106,70,36,9.63636363636364,0.636363636363636,0.654545454545455,0.660377358490566,2025
2025-04-18,0.751386889292206,"Very low",115,80,35,10.4545454545455,0.727272727272727,0.636363636363636,0.695652173913043,2025
2025-04-19,1.00318362662194,"Low",109,72,37,9.90909090909091,0.654545454545455,0.672727272727273,0.660550458715596,2025
2025-04-20,1.23212339270509,"Elevated",97,63,34,8.81818181818182,0.572727272727273,0.618181818181818,0.649484536082474,2025
2025-04-21,0.92968385596925,"Low",115,74,41,10.4545454545455,0.672727272727273,0.745454545454545,0.643478260869565,2025
2025-04-22,0.931223335885452,"Low",109,71,38,9.90909090909091,0.645454545454546,0.690909090909091,0.651376146788991,2025
2025-04-23,0.837208238445161,"Very low",116,81,35,10.5454545454545,0.736363636363636,0.636363636363636,0.698275862068966,2025
2025-04-24,0.822156736042238,"Very low",115,77,38,10.4545454545455,0.7,0.690909090909091,0.669565217391304,2025
2025-04-25,0.869255634542174,"Very low",114,78,36,10.3636363636364,0.709090909090909,0.654545454545455,0.68421052631579,2025
2025-04-26,0.827894082849263,"Very low",114,81,33,10.3636363636364,0.736363636363636,0.6,0.710526315789474,2025
2025-04-27,0.770803321645659,"Very low",117,81,36,10.6363636363636,0.736363636363636,0.654545454545455,0.692307692307692,2025
2025-04-28,0.745987500978129,"Very low",115,80,35,10.4545454545455,0.727272727272727,0.636363636363636,0.695652173913043,2025
2025-04-29,0.771302725946924,"Very low",112,82,30,10.1818181818182,0.745454545454545,0.545454545454545,0.732142857142857,2025
2025-04-30,0.746338561470885,"Very low",110,79,31,10,0.718181818181818,0.563636363636364,0.718181818181818,2025
2025-05-01,0.858687521610458,"Very low",110,80,30,10,0.727272727272727,0.545454545454545,0.727272727272727,2025
2025-05-02,0.902849567921063,"Very low",110,78,32,10,0.709090909090909,0.581818181818182,0.709090909090909,2025
2025-05-03,0.790458018493057,"Very low",112,79,33,10.1818181818182,0.718181818181818,0.6,0.705357142857143,2025
2025-05-04,0.960294665301386,"Low",108,76,32,9.81818181818182,0.690909090909091,0.581818181818182,0.703703703703704,2025
2025-05-05,0.820094408814884,"Very low",105,75,30,9.54545454545454,0.681818181818182,0.545454545454545,0.714285714285714,2025
2025-05-06,0.836483931497422,"Very low",106,77,29,9.63636363636364,0.7,0.527272727272727,0.726415094339623,2025
2025-05-07,0.888709980712785,"Very low",101,70,31,9.18181818181818,0.636363636363636,0.563636363636364,0.693069306930693,2025
2025-05-08,0.835305881930218,"Very low",107,75,32,9.72727272727273,0.681818181818182,0.581818181818182,0.700934579439252,2025
2025-05-09,0.896391426816949,"Very low",108,71,37,9.81818181818182,0.645454545454546,0.672727272727273,0.657407407407407,2025
2025-05-10,0.910076175468809,"Very low",107,72,35,9.72727272727273,0.654545454545455,0.636363636363636,0.672897196261682,2025
2025-05-11,1.0101766232362,"Low",103,68,35,9.36363636363636,0.618181818181818,0.636363636363636,0.660194174757282,2025
2025-05-12,0.903551488621942,"Very low",107,75,32,9.72727272727273,0.681818181818182,0.581818181818182,0.700934579439252,2025
2025-05-13,0.818090457179808,"Very low",107,74,33,9.72727272727273,0.672727272727273,0.6,0.691588785046729,2025
2025-05-14,0.818269276288172,"Very low",105,72,33,9.54545454545454,0.654545454545455,0.6,0.685714285714286,2025
2025-05-15,0.661750432600366,"Very low",118,84,34,10.7272727272727,0.763636363636364,0.618181818181818,0.711864406779661,2025
2025-05-16,0.77602948878568,"Very low",106,74,32,9.63636363636364,0.672727272727273,0.581818181818182,0.69811320754717,2025
2025-05-17,0.69574176039334,"Very low",114,83,31,10.3636363636364,0.754545454545455,0.563636363636364,0.728070175438597,2025
2025-05-18,0.884209926408236,"Very low",103,72,31,9.36363636363636,0.654545454545455,0.563636363636364,0.699029126213592,2025
2025-05-19,0.66672660944463,"Very low",111,79,32,10.0909090909091,0.718181818181818,0.581818181818182,0.711711711711712,2025
2025-05-20,0.615895683901752,"Very low",113,79,34,10.2727272727273,0.718181818181818,0.618181818181818,0.699115044247788,2025
2025-05-21,0.570812724795151,"Very low",120,83,37,10.9090909090909,0.754545454545455,0.672727272727273,0.691666666666667,2025
2025-05-22,0.954281855875817,"Low",106,72,34,9.63636363636364,0.654545454545455,0.618181818181818,0.679245283018868,2025
2025-05-23,0.618643203292359,"Very low",118,81,37,10.7272727272727,0.736363636363636,0.672727272727273,0.686440677966102,2025
2025-05-24,0.647015758055652,"Very low",121,83,38,11,0.754545454545455,0.690909090909091,0.68595041322314,2025
2025-05-25,0.678688794947737,"Very low",122,84,38,11.0909090909091,0.763636363636364,0.690909090909091,0.688524590163934,2025
2025-05-26,0.728130103903322,"Very low",117,76,41,10.6363636363636,0.690909090909091,0.745454545454545,0.64957264957265,2025
2025-05-27,0.70680153363368,"Very low",119,77,42,10.8181818181818,0.7,0.763636363636364,0.647058823529412,2025
2025-05-28,1.07124299907727,"Moderate",113,75,38,10.2727272727273,0.681818181818182,0.690909090909091,0.663716814159292,2025
2025-05-29,0.865204411409346,"Very low",114,77,37,10.3636363636364,0.7,0.672727272727273,0.675438596491228,2025
2025-05-30,0.898022689289776,"Very low",113,76,37,10.2727272727273,0.690909090909091,0.672727272727273,0.672566371681416,2025
2025-05-31,0.827707129958039,"Very low",112,75,37,10.1818181818182,0.681818181818182,0.672727272727273,0.669642857142857,2025
2025-06-01,1.00818697007553,"Low",105,74,31,9.54545454545454,0.672727272727273,0.563636363636364,0.704761904761905,2025
2025-06-02,0.97249555801113,"Low",112,78,34,10.1818181818182,0.709090909090909,0.618181818181818,0.696428571428571,2025
2025-06-03,0.847622319058058,"Very low",111,78,33,10.0909090909091,0.709090909090909,0.6,0.702702702702703,2025
2025-06-04,0.861091060907206,"Very low",111,76,35,10.0909090909091,0.690909090909091,0.636363636363636,0.684684684684685,2025
2025-06-05,0.890547091908683,"Very low",110,74,36,10,0.672727272727273,0.654545454545455,0.672727272727273,2025
2025-06-06,0.929120556514104,"Low",110,77,33,10,0.7,0.6,0.7,2025
2025-06-07,0.880455955564354,"Very low",110,77,33,10,0.7,0.6,0.7,2025
2025-06-08,0.958325589718821,"Low",109,74,35,9.90909090909091,0.672727272727273,0.636363636363636,0.678899082568807,2025
2025-06-09,1.09347949167173,"Moderate",106,72,34,9.63636363636364,0.654545454545455,0.618181818181818,0.679245283018868,2025
2025-06-10,1.04277873810517,"Low",102,73,29,9.27272727272727,0.663636363636364,0.527272727272727,0.715686274509804,2025
2025-06-11,0.742048260023868,"Very low",114,81,33,10.3636363636364,0.736363636363636,0.6,0.710526315789474,2025
2025-06-12,0.925575196361755,"Low",103,71,32,9.36363636363636,0.645454545454546,0.581818181818182,0.689320388349515,2025
2025-06-13,0.959202380349192,"Low",110,76,34,10,0.690909090909091,0.618181818181818,0.690909090909091,2025
2025-06-14,0.887601852601984,"Very low",113,79,34,10.2727272727273,0.718181818181818,0.618181818181818,0.699115044247788,2025
2025-06-15,0.925294676246687,"Low",107,72,35,9.72727272727273,0.654545454545455,0.636363636363636,0.672897196261682,2025
2025-06-16,0.918673711568336,"Very low",119,83,36,10.8181818181818,0.754545454545455,0.654545454545455,0.697478991596639,2025
2025-06-17,0.98529772236068,"Low",111,75,36,10.0909090909091,0.681818181818182,0.654545454545455,0.675675675675676,2025
2025-06-18,0.991462201536397,"Low",109,73,36,9.90909090909091,0.663636363636364,0.654545454545455,0.669724770642202,2025
2025-06-19,0.912238403860529,"Very low",116,77,39,10.5454545454545,0.7,0.709090909090909,0.663793103448276,2025
2025-06-20,0.822051954213955,"Very low",116,81,35,10.5454545454545,0.736363636363636,0.636363636363636,0.698275862068966,2025
2025-06-21,0.91148253879627,"Very low",119,82,37,10.8181818181818,0.745454545454545,0.672727272727273,0.689075630252101,2025
2025-06-22,0.945525202317215,"Low",113,77,36,10.2727272727273,0.7,0.654545454545455,0.68141592920354,2025
2025-06-23,0.983658339143375,"Low",116,80,36,10.5454545454545,0.727272727272727,0.654545454545455,0.689655172413793,2025
2025-06-24,0.972011193780196,"Low",113,79,34,10.2727272727273,0.718181818181818,0.618181818181818,0.699115044247788,2025
2025-06-25,0.916641552691615,"Very low",114,77,37,10.3636363636364,0.7,0.672727272727273,0.675438596491228,2025
2025-06-26,1.06666933165179,"Moderate",107,73,34,9.72727272727273,0.663636363636364,0.618181818181818,0.682242990654206,2025
2025-06-27,1.13066667038997,"Moderate",109,74,35,9.90909090909091,0.672727272727273,0.636363636363636,0.678899082568807,2025
2025-06-28,1.00234833641231,"Low",114,81,33,10.3636363636364,0.736363636363636,0.6,0.710526315789474,2025
2025-06-29,0.941190318593852,"Low",118,80,38,10.7272727272727,0.727272727272727,0.690909090909091,0.677966101694915,2025
2025-06-30,0.910686798984335,"Very low",122,84,38,11.0909090909091,0.763636363636364,0.690909090909091,0.688524590163934,2025
2025-07-01,0.909785754483007,"Very low",124,87,37,11.2727272727273,0.790909090909091,0.672727272727273,0.701612903225806,2025
2025-07-02,3.10411717106209,"Severe",113,78,35,10.2727272727273,0.709090909090909,0.636363636363636,0.690265486725664,2025
2025-07-03,1.16998538356384,"Elevated",111,77,34,10.0909090909091,0.7,0.618181818181818,0.693693693693694,2025
2025-07-04,0.954147517222841,"Low",118,83,35,10.7272727272727,0.754545454545455,0.636363636363636,0.703389830508475,2025
2025-07-05,1.00189245608742,"Low",120,87,33,10.9090909090909,0.790909090909091,0.6,0.725,2025
2025-07-06,1.11007978001212,"Moderate",117,82,35,10.6363636363636,0.745454545454545,0.636363636363636,0.700854700854701,2025
2025-07-07,1.02478365514509,"Low",121,83,38,11,0.754545454545455,0.690909090909091,0.68595041322314,2025
2025-07-08,1.077506892252,"Moderate",116,81,35,10.5454545454545,0.736363636363636,0.636363636363636,0.698275862068966,2025
2025-07-09,1.07582215044332,"Moderate",115,78,37,10.4545454545455,0.709090909090909,0.672727272727273,0.678260869565217,2025
2025-07-10,1.05384804042512,"Moderate",118,81,37,10.7272727272727,0.736363636363636,0.672727272727273,0.686440677966102,2025
2025-07-11,1.20740953456479,"Elevated",102,72,30,9.27272727272727,0.654545454545455,0.545454545454545,0.705882352941177,2025
2025-07-12,1.22247236570175,"Elevated",102,73,29,9.27272727272727,0.663636363636364,0.527272727272727,0.715686274509804,2025
2025-07-13,1.33764387187093,"Severe",104,76,28,9.45454545454546,0.690909090909091,0.509090909090909,0.730769230769231,2025
2025-07-14,1.33679235851571,"Severe",100,71,29,9.09090909090909,0.645454545454546,0.527272727272727,0.71,2025
2025-07-15,1.21098721640325,"Elevated",105,71,34,9.54545454545454,0.645454545454546,0.618181818181818,0.676190476190476,2025
2025-07-16,1.00991584717482,"Low",115,81,34,10.4545454545455,0.736363636363636,0.618181818181818,0.704347826086957,2025
2025-07-17,0.952196569382269,"Low",113,81,32,10.2727272727273,0.736363636363636,0.581818181818182,0.716814159292035,2025
2025-07-18,1.00905258062741,"Low",106,76,30,9.63636363636364,0.690909090909091,0.545454545454545,0.716981132075472,2025
2025-07-19,1.15015441611216,"Moderate",108,73,35,9.81818181818182,0.663636363636364,0.636363636363636,0.675925925925926,2025
2025-07-20,0.942634495661611,"Low",117,79,38,10.6363636363636,0.718181818181818,0.690909090909091,0.675213675213675,2025
2025-07-21,1.0267420923303,"Low",115,80,35,10.4545454545455,0.727272727272727,0.636363636363636,0.695652173913043,2025
2025-07-22,1.1832825414284,"Elevated",114,79,35,10.3636363636364,0.718181818181818,0.636363636363636,0.692982456140351,2025
2025-07-23,0.940701658107437,"Low",116,81,35,10.5454545454545,0.736363636363636,0.636363636363636,0.698275862068966,2025
2025-07-24,1.13578187812869,"Moderate",112,80,32,10.1818181818182,0.727272727272727,0.581818181818182,0.714285714285714,2025
2025-07-25,1.10048217417044,"Moderate",117,82,35,10.6363636363636,0.745454545454545,0.636363636363636,0.700854700854701,2025
2025-07-26,0.95424197802671,"Low",112,78,34,10.1818181818182,0.709090909090909,0.618181818181818,0.696428571428571,2025
2025-07-27,1.02019410564614,"Low",111,79,32,10.0909090909091,0.718181818181818,0.581818181818182,0.711711711711712,2025
2025-07-28,0.962555829527238,"Low",115,79,36,10.4545454545455,0.718181818181818,0.654545454545455,0.68695652173913,2025
2025-07-29,1.01500426376436,"Low",114,77,37,10.3636363636364,0.7,0.672727272727273,0.675438596491228,2025
2025-07-30,1.06200107769183,"Moderate",113,73,40,10.2727272727273,0.663636363636364,0.727272727272727,0.646017699115044,2025
2025-07-31,0.940602293521364,"Low",114,79,35,10.3636363636364,0.718181818181818,0.636363636363636,0.692982456140351,2025
2025-08-01,1.05097466840924,"Moderate",113,77,36,10.2727272727273,0.7,0.654545454545455,0.68141592920354,2025
2025-08-02,1.06474497845763,"Moderate",117,79,38,10.6363636363636,0.718181818181818,0.690909090909091,0.675213675213675,2025
2025-08-03,1.07932499766826,"Moderate",112,75,37,10.1818181818182,0.681818181818182,0.672727272727273,0.669642857142857,2025
2025-08-04,1.21733725048757,"Elevated",111,75,36,10.0909090909091,0.681818181818182,0.654545454545455,0.675675675675676,2025
2025-08-05,1.26057127418399,"Elevated",107,71,36,9.72727272727273,0.645454545454546,0.654545454545455,0.663551401869159,2025
2025-08-06,1.32226520183289,"Severe",108,70,38,9.81818181818182,0.636363636363636,0.690909090909091,0.648148148148148,2025
2025-08-07,1.03132237964632,"Low",114,73,41,10.3636363636364,0.663636363636364,0.745454545454545,0.640350877192982,2025
2025-08-08,1.06783229474965,"Moderate",116,75,41,10.5454545454545,0.681818181818182,0.745454545454545,0.646551724137931,2025
2025-08-09,1.07862550603307,"Moderate",110,71,39,10,0.645454545454546,0.709090909090909,0.645454545454546,2025
2025-08-10,1.01188885928552,"Low",117,79,38,10.6363636363636,0.718181818181818,0.690909090909091,0.675213675213675,2025
2025-08-11,1.19567604834208,"Elevated",105,68,37,9.54545454545454,0.618181818181818,0.672727272727273,0.647619047619048,2025
2025-08-12,0.979787372006347,"Low",115,77,38,10.4545454545455,0.7,0.690909090909091,0.669565217391304,2025
2025-08-13,1.10636141702125,"Moderate",113,78,35,10.2727272727273,0.709090909090909,0.636363636363636,0.690265486725664,2025
2025-08-14,0.921284308902853,"Low",115,78,37,10.4545454545455,0.709090909090909,0.672727272727273,0.678260869565217,2025
2025-08-15,1.07716286070222,"Moderate",109,73,36,9.90909090909091,0.663636363636364,0.654545454545455,0.669724770642202,2025
2025-08-16,0.952099433067726,"Low",112,76,36,10.1818181818182,0.690909090909091,0.654545454545455,0.678571428571429,2025
2025-08-17,1.00988565905755,"Low",109,73,36,9.90909090909091,0.663636363636364,0.654545454545455,0.669724770642202,2025
2025-08-18,0.949570977015593,"Low",106,75,31,9.63636363636364,0.681818181818182,0.563636363636364,0.707547169811321,2025
2025-08-19,0.91550660345455,"Very low",109,70,39,9.90909090909091,0.636363636363636,0.709090909090909,0.642201834862385,2025
2025-08-20,0.79603397986656,"Very low",113,75,38,10.2727272727273,0.681818181818182,0.690909090909091,0.663716814159292,2025
2025-08-21,0.848089711460636,"Very low",105,67,38,9.54545454545454,0.609090909090909,0.690909090909091,0.638095238095238,2025
2025-08-22,0.822316785904558,"Very low",107,68,39,9.72727272727273,0.618181818181818,0.709090909090909,0.635514018691589,2025
2025-08-23,0.777237367597962,"Very low",112,70,42,10.1818181818182,0.636363636363636,0.763636363636364,0.625,2025
2025-08-24,0.8931453951238,"Very low",109,73,36,9.90909090909091,0.663636363636364,0.654545454545455,0.669724770642202,2025
2025-08-25,0.850181323528659,"Very low",111,73,38,10.0909090909091,0.663636363636364,0.690909090909091,0.657657657657658,2025
2025-08-26,0.936197372987091,"Low",108,72,36,9.81818181818182,0.654545454545455,0.654545454545455,0.666666666666667,2025
2025-08-27,1.28666517848573,"Elevated",105,69,36,9.54545454545454,0.627272727272727,0.654545454545455,0.657142857142857,2025
2025-08-28,0.955207795255091,"Low",110,75,35,10,0.681818181818182,0.636363636363636,0.681818181818182,2025
2025-08-29,0.891282091785811,"Very low",116,78,38,10.5454545454545,0.709090909090909,0.690909090909091,0.672413793103448,2025
2025-08-30,0.843141849270595,"Very low",115,77,38,10.4545454545455,0.7,0.690909090909091,0.669565217391304,2025
2025-08-31,0.864402883523603,"Very low",109,72,37,9.90909090909091,0.654545454545455,0.672727272727273,0.660550458715596,2025
2025-09-01,0.876507632571378,"Very low",111,73,38,10.0909090909091,0.663636363636364,0.690909090909091,0.657657657657658,2025
2025-09-02,0.815215000239425,"Very low",113,74,39,10.2727272727273,0.672727272727273,0.709090909090909,0.654867256637168,2025
2025-09-03,0.774242801721543,"Very low",116,77,39,10.5454545454545,0.7,0.709090909090909,0.663793103448276,2025
2025-09-04,0.75311768974758,"Very low",114,77,37,10.3636363636364,0.7,0.672727272727273,0.675438596491228,2025
2025-09-05,0.944170614049827,"Low",110,72,38,10,0.654545454545455,0.690909090909091,0.654545454545455,2025
2025-09-06,0.966216959502749,"Low",106,77,29,9.63636363636364,0.7,0.527272727272727,0.726415094339623,2025
2025-09-07,0.944674038590376,"Low",100,70,30,9.09090909090909,0.636363636363636,0.545454545454545,0.7,2025
2025-09-08,0.903623421254462,"Very low",106,75,31,9.63636363636364,0.681818181818182,0.563636363636364,0.707547169811321,2025
2025-09-09,0.877335043430767,"Very low",108,75,33,9.81818181818182,0.681818181818182,0.6,0.694444444444444,2025
2025-09-10,0.987568707464659,"Low",103,69,34,9.36363636363636,0.627272727272727,0.618181818181818,0.669902912621359,2025
2025-09-11,1.03280902339322,"Low",101,65,36,9.18181818181818,0.590909090909091,0.654545454545455,0.643564356435644,2025
2025-09-12,0.861353614721691,"Very low",107,70,37,9.72727272727273,0.636363636363636,0.672727272727273,0.654205607476635,2025
2025-09-13,0.796595496849669,"Very low",111,72,39,10.0909090909091,0.654545454545455,0.709090909090909,0.648648648648649,2025
2025-09-14,0.910907619526894,"Very low",112,72,40,10.1818181818182,0.654545454545455,0.727272727272727,0.642857142857143,2025
2025-09-15,0.786419874915276,"Very low",110,71,39,10,0.645454545454546,0.709090909090909,0.645454545454546,2025
2025-09-16,0.806128356880242,"Very low",115,76,39,10.4545454545455,0.690909090909091,0.709090909090909,0.660869565217391,2025
2025-09-17,0.843468769264659,"Very low",113,78,35,10.2727272727273,0.709090909090909,0.636363636363636,0.690265486725664,2025
2025-09-18,0.680179275445778,"Very low",124,87,37,11.2727272727273,0.790909090909091,0.672727272727273,0.701612903225806,2025
2025-09-19,0.676862248873197,"Very low",120,81,39,10.9090909090909,0.736363636363636,0.709090909090909,0.675,2025
2025-09-20,0.695932940534364,"Very low",117,83,34,10.6363636363636,0.754545454545455,0.618181818181818,0.709401709401709,2025
2025-09-21,0.706296122871076,"Very low",119,82,37,10.8181818181818,0.745454545454545,0.672727272727273,0.689075630252101,2025
2025-09-22,1.02813951981695,"Low",106,74,32,9.63636363636364,0.672727272727273,0.581818181818182,0.69811320754717,2025
2025-09-23,0.837985232633668,"Very low",116,77,39,10.5454545454545,0.7,0.709090909090909,0.663793103448276,2025
2025-09-24,1.00442942997101,"Low",105,71,34,9.54545454545454,0.645454545454546,0.618181818181818,0.676190476190476,2025
2025-09-25,0.871753107963567,"Very low",109,75,34,9.90909090909091,0.681818181818182,0.618181818181818,0.688073394495413,2025
2025-09-26,0.931544706707552,"Low",108,72,36,9.81818181818182,0.654545454545455,0.654545454545455,0.666666666666667,2025
2025-09-27,0.980442873509227,"Low",108,76,32,9.81818181818182,0.690909090909091,0.581818181818182,0.703703703703704,2025
2025-09-28,1.17274882835371,"Elevated",102,74,28,9.27272727272727,0.672727272727273,0.509090909090909,0.725490196078431,2025
2025-09-29,1.09791232466697,"Moderate",104,71,33,9.45454545454546,0.645454545454546,0.6,0.682692307692308,2025
2025-09-30,1.09677767216894,"Moderate",102,71,31,9.27272727272727,0.645454545454546,0.563636363636364,0.696078431372549,2025
2025-10-01,1.01891207340893,"Low",104,73,31,9.45454545454546,0.663636363636364,0.563636363636364,0.701923076923077,2025
2025-10-02,1.14087089747581,"Moderate",103,70,33,9.36363636363636,0.636363636363636,0.6,0.679611650485437,2025
2025-10-03,0.939558309571056,"Low",107,73,34,9.72727272727273,0.663636363636364,0.618181818181818,0.682242990654206,2025
2025-10-04,1.15861143119912,"Elevated",103,69,34,9.36363636363636,0.627272727272727,0.618181818181818,0.669902912621359,2025
2025-10-05,1.06171678417183,"Moderate",104,71,33,9.45454545454546,0.645454545454546,0.6,0.682692307692308,2025
2025-10-06,1.1566153862406,"Elevated",97,63,34,8.81818181818182,0.572727272727273,0.618181818181818,0.649484536082474,2025
2025-10-07,1.29448982614429,"Elevated",98,68,30,8.90909090909091,0.618181818181818,0.545454545454545,0.693877551020408,2025
2025-10-08,1.09174686098783,"Moderate",105,72,33,9.54545454545454,0.654545454545455,0.6,0.685714285714286,2025
2025-10-09,1.33023282512008,"Severe",99,69,30,9,0.627272727272727,0.545454545454545,0.696969696969697,2025
2025-10-10,1.44284035645234,"Severe",94,64,30,8.54545454545454,0.581818181818182,0.545454545454545,0.680851063829787,2025
2025-10-11,1.37282227857808,"Severe",97,65,32,8.81818181818182,0.590909090909091,0.581818181818182,0.670103092783505,2025
2025-10-12,1.38809123452438,"Severe",99,68,31,9,0.618181818181818,0.563636363636364,0.686868686868687,2025
2025-10-13,1.33569877944482,"Severe",101,70,31,9.18181818181818,0.636363636363636,0.563636363636364,0.693069306930693,2025
2025-10-14,1.47293025957743,"Severe",96,64,32,8.72727272727273,0.581818181818182,0.581818181818182,0.666666666666667,2025
2025-10-15,1.46808114354663,"Severe",100,68,32,9.09090909090909,0.618181818181818,0.581818181818182,0.68,2025
2025-10-16,1.54675088591872,"Severe",98,66,32,8.90909090909091,0.6,0.581818181818182,0.673469387755102,2025
2025-10-17,1.5611081076132,"Severe",89,61,28,8.09090909090909,0.554545454545455,0.509090909090909,0.685393258426966,2025
2025-10-18,1.0180431740015,"Low",114,76,38,10.3636363636364,0.690909090909091,0.690909090909091,0.666666666666667,2025
2025-10-19,1.03365059141664,"Low",100,66,34,9.09090909090909,0.6,0.618181818181818,0.66,2025
2025-10-20,1.04241563274876,"Low",104,72,32,9.45454545454546,0.654545454545455,0.581818181818182,0.692307692307692,2025
2025-10-21,1.03499053925137,"Low",102,70,32,9.27272727272727,0.636363636363636,0.581818181818182,0.686274509803922,2025
2025-10-22,1.18760631561692,"Elevated",103,69,34,9.36363636363636,0.627272727272727,0.618181818181818,0.669902912621359,2025
2025-10-23,1.20125158259085,"Elevated",100,66,34,9.09090909090909,0.6,0.618181818181818,0.66,2025
2025-10-24,1.12285630130915,"Moderate",106,72,34,9.63636363636364,0.654545454545455,0.618181818181818,0.679245283018868,2025
2025-10-25,0.940625933961838,"Low",108,67,41,9.81818181818182,0.609090909090909,0.745454545454545,0.62037037037037,2025
2025-10-26,0.993111645871892,"Low",102,65,37,9.27272727272727,0.590909090909091,0.672727272727273,0.637254901960784,2025
2025-10-27,1.15289496461907,"Moderate",99,63,36,9,0.572727272727273,0.654545454545455,0.636363636363636,2025
2025-10-28,1.21088692099282,"Elevated",108,73,35,9.81818181818182,0.663636363636364,0.636363636363636,0.675925925925926,2025
2025-10-29,1.09475895439673,"Moderate",105,72,33,9.54545454545454,0.654545454545455,0.6,0.685714285714286,2025
2025-10-30,0.947695587905869,"Low",110,74,36,10,0.672727272727273,0.654545454545455,0.672727272727273,2025
2025-10-31,0.95867610217563,"Low",106,73,33,9.63636363636364,0.663636363636364,0.6,0.688679245283019,2025
2025-11-01,0.919788512280921,"Very low",106,72,34,9.63636363636364,0.654545454545455,0.618181818181818,0.679245283018868,2025
2025-11-02,0.848843853689153,"Very low",105,72,33,9.54545454545454,0.654545454545455,0.6,0.685714285714286,2025
2025-11-03,1.03698589270317,"Low",103,70,33,9.36363636363636,0.636363636363636,0.6,0.679611650485437,2025
2025-11-04,0.825865831127749,"Very low",107,75,32,9.72727272727273,0.681818181818182,0.581818181818182,0.700934579439252,2025
2025-11-05,0.894873323091173,"Very low",106,73,33,9.63636363636364,0.663636363636364,0.6,0.688679245283019,2025
2025-11-06,0.924307148910918,"Low",103,74,29,9.36363636363636,0.672727272727273,0.527272727272727,0.718446601941748,2025
2025-11-07,0.775794181398052,"Very low",114,77,37,10.3636363636364,0.7,0.672727272727273,0.675438596491228,2025
2025-11-08,0.887128813210275,"Very low",110,73,37,10,0.663636363636364,0.672727272727273,0.663636363636364,2025
2025-11-09,0.938097017316611,"Low",106,70,36,9.63636363636364,0.636363636363636,0.654545454545455,0.660377358490566,2025
2025-11-10,0.891111895582376,"Very low",115,73,42,10.4545454545455,0.663636363636364,0.763636363636364,0.634782608695652,2025
2025-11-11,0.878910559471158,"Very low",108,66,42,9.81818181818182,0.6,0.763636363636364,0.611111111111111,2025
2025-11-12,0.779936021016885,"Very low",107,70,37,9.72727272727273,0.636363636363636,0.672727272727273,0.654205607476635,2025
2025-11-13,0.823626370971698,"Very low",112,70,42,10.1818181818182,0.636363636363636,0.763636363636364,0.625,2025
2025-11-14,0.713186804665075,"Very low",119,77,42,10.8181818181818,0.7,0.763636363636364,0.647058823529412,2025
2025-11-15,0.775433915661718,"Very low",119,76,43,10.8181818181818,0.690909090909091,0.781818181818182,0.638655462184874,2025
2025-11-16,0.871741073047383,"Very low",116,77,39,10.5454545454545,0.7,0.709090909090909,0.663793103448276,2025
2025-11-17,0.987212784031413,"Low",111,73,38,10.0909090909091,0.663636363636364,0.690909090909091,0.657657657657658,2025
2025-11-18,1.207684048994,"Elevated",107,72,35,9.72727272727273,0.654545454545455,0.636363636363636,0.672897196261682,2025
2025-11-19,1.14217978210356,"Moderate",104,71,33,9.45454545454546,0.645454545454546,0.6,0.682692307692308,2025
2025-11-20,1.37023628261535,"Severe",106,73,33,9.63636363636364,0.663636363636364,0.6,0.688679245283019,2025
2025-11-21,1.32179188255255,"Severe",101,70,31,9.18181818181818,0.636363636363636,0.563636363636364,0.693069306930693,2025
2025-11-22,1.30160064967644,"Elevated",94,68,26,8.54545454545454,0.618181818181818,0.472727272727273,0.723404255319149,2025
2025-11-23,1.29216768069524,"Elevated",94,67,27,8.54545454545454,0.609090909090909,0.490909090909091,0.712765957446808,2025
2025-11-24,1.16865956137247,"Elevated",105,72,33,9.54545454545454,0.654545454545455,0.6,0.685714285714286,2025
2025-11-25,1.24599646254196,"Elevated",102,69,33,9.27272727272727,0.627272727272727,0.6,0.676470588235294,2025
2025-11-26,1.28615491363071,"Elevated",103,72,31,9.36363636363636,0.654545454545455,0.563636363636364,0.699029126213592,2025
2025-11-27,1.01536379182578,"Low",103,66,37,9.36363636363636,0.6,0.672727272727273,0.640776699029126,2025
2025-11-28,1.10185312818513,"Moderate",105,70,35,9.54545454545454,0.636363636363636,0.636363636363636,0.666666666666667,2025
2025-11-29,1.35365033498532,"Severe",100,66,34,9.09090909090909,0.6,0.618181818181818,0.66,2025
2025-11-30,1.18049671784631,"Elevated",99,66,33,9,0.6,0.6,0.666666666666667,2025
2025-12-01,1.08648612289118,"Moderate",100,64,36,9.09090909090909,0.581818181818182,0.654545454545455,0.64,2025
2025-12-02,1.11167296408174,"Moderate",102,66,36,9.27272727272727,0.6,0.654545454545455,0.647058823529412,2025
2025-12-03,1.17546860419612,"Elevated",99,65,34,9,0.590909090909091,0.618181818181818,0.656565656565657,2025
2025-12-04,1.1484019536317,"Moderate",97,65,32,8.81818181818182,0.590909090909091,0.581818181818182,0.670103092783505,2025
2025-12-05,1.18974608494881,"Elevated",101,65,36,9.18181818181818,0.590909090909091,0.654545454545455,0.643564356435644,2025
2025-12-06,1.10005181997828,"Moderate",101,65,36,9.18181818181818,0.590909090909091,0.654545454545455,0.643564356435644,2025
2025-12-07,1.10961595239149,"Moderate",101,66,35,9.18181818181818,0.6,0.636363636363636,0.653465346534653,2025
2025-12-08,1.31385892631815,"Severe",103,67,36,9.36363636363636,0.609090909090909,0.654545454545455,0.650485436893204,2025
2025-12-09,1.47549043574244,"Severe",93,60,33,8.45454545454546,0.545454545454545,0.6,0.645161290322581,2025
2025-12-10,1.18428212622994,"Elevated",103,63,40,9.36363636363636,0.572727272727273,0.727272727272727,0.611650485436893,2025
2025-12-11,1.11458232205051,"Moderate",112,71,41,10.1818181818182,0.645454545454546,0.745454545454545,0.633928571428571,2025
2025-12-12,1.41984422953371,"Severe",95,60,35,8.63636363636364,0.545454545454545,0.636363636363636,0.631578947368421,2025
2025-12-13,1.15904469355245,"Elevated",99,65,34,9,0.590909090909091,0.618181818181818,0.656565656565657,2025
2025-12-14,1.30035715088674,"Elevated",96,62,34,8.72727272727273,0.563636363636364,0.618181818181818,0.645833333333333,2025
2025-12-15,1.30513228538057,"Severe",108,67,41,9.81818181818182,0.609090909090909,0.745454545454545,0.62037037037037,2025
2025-12-16,1.36080821169938,"Severe",106,68,38,9.63636363636364,0.618181818181818,0.690909090909091,0.641509433962264,2025
2025-12-17,1.13227446425654,"Moderate",106,67,39,9.63636363636364,0.609090909090909,0.709090909090909,0.632075471698113,2025
2025-12-18,1.16656182793133,"Elevated",110,70,40,10,0.636363636363636,0.727272727272727,0.636363636363636,2025
2025-12-19,1.14081729859904,"Moderate",110,73,37,10,0.663636363636364,0.672727272727273,0.663636363636364,2025
2025-12-20,1.20969573533931,"Elevated",105,69,36,9.54545454545454,0.627272727272727,0.654545454545455,0.657142857142857,2025
2025-12-21,1.28729653603985,"Elevated",106,69,37,9.63636363636364,0.627272727272727,0.672727272727273,0.650943396226415,2025
2025-12-22,1.02392463390445,"Low",112,70,42,10.1818181818182,0.636363636363636,0.763636363636364,0.625,2025
2025-12-23,1.39363989643233,"Severe",106,69,37,9.63636363636364,0.627272727272727,0.672727272727273,0.650943396226415,2025
2025-12-24,1.1449640531316,"Moderate",109,69,40,9.90909090909091,0.627272727272727,0.727272727272727,0.63302752293578,2025
2025-12-25,1.26988463055228,"Elevated",108,70,38,9.81818181818182,0.636363636363636,0.690909090909091,0.648148148148148,2025
2025-12-26,1.30674154865727,"Severe",101,65,36,9.18181818181818,0.590909090909091,0.654545454545455,0.643564356435644,2025
2025-12-27,1.44632389188894,"Severe",100,65,35,9.09090909090909,0.590909090909091,0.636363636363636,0.65,2025
2025-12-28,1.37424187705735,"Severe",105,68,37,9.54545454545454,0.618181818181818,0.672727272727273,0.647619047619048,2025
2025-12-29,1.28729512394205,"Elevated",105,67,38,9.54545454545454,0.609090909090909,0.690909090909091,0.638095238095238,2025
2025-12-30,1.24507740486966,"Elevated",104,68,36,9.45454545454546,0.618181818181818,0.654545454545455,0.653846153846154,2025
2025-12-31,1.24814976637375,"Elevated",107,69,38,9.72727272727273,0.627272727272727,0.690909090909091,0.644859813084112,2025
2026-01-01,0.879118196356072,"Very low",113,74,39,10.2727272727273,0.672727272727273,0.709090909090909,0.654867256637168,2026
2026-01-02,1.23257199719155,"Elevated",101,66,35,9.18181818181818,0.6,0.636363636363636,0.653465346534653,2026
2026-01-03,1.05793941496173,"Moderate",105,68,37,9.54545454545454,0.618181818181818,0.672727272727273,0.647619047619048,2026
2026-01-04,1.11614255506052,"Moderate",103,65,38,9.36363636363636,0.590909090909091,0.690909090909091,0.631067961165049,2026
2026-01-05,1.01337479082968,"Low",112,70,42,10.1818181818182,0.636363636363636,0.763636363636364,0.625,2026
2026-01-06,1.88766570142678,"Severe",104,66,38,9.45454545454546,0.6,0.690909090909091,0.634615384615385,2026
2026-01-07,1.91330327199972,"Severe",102,63,39,9.27272727272727,0.572727272727273,0.709090909090909,0.61764705882353,2026
2026-01-08,1.78178682738032,"Severe",101,63,38,9.18181818181818,0.572727272727273,0.690909090909091,0.623762376237624,2026
2026-01-09,1.72602065684749,"Severe",107,67,40,9.72727272727273,0.609090909090909,0.727272727272727,0.626168224299065,2026
2026-01-10,1.95324726824914,"Severe",96,61,35,8.72727272727273,0.554545454545455,0.636363636363636,0.635416666666667,2026
2026-01-11,1.72891114249728,"Severe",102,66,36,9.27272727272727,0.6,0.654545454545455,0.647058823529412,2026
2026-01-12,2.01300417377354,"Severe",93,61,32,8.45454545454546,0.554545454545455,0.581818181818182,0.655913978494624,2026
2026-01-13,1.87639595160253,"Severe",102,68,34,9.27272727272727,0.618181818181818,0.618181818181818,0.666666666666667,2026
2026-01-14,1.77673677002251,"Severe",101,69,32,9.18181818181818,0.627272727272727,0.581818181818182,0.683168316831683,2026
2026-01-15,1.79126059040053,"Severe",102,70,32,9.27272727272727,0.636363636363636,0.581818181818182,0.686274509803922,2026
2026-01-16,1.76579922808353,"Severe",95,67,28,8.63636363636364,0.609090909090909,0.509090909090909,0.705263157894737,2026
2026-01-17,1.86060359094856,"Severe",93,65,28,8.45454545454546,0.590909090909091,0.509090909090909,0.698924731182796,2026
2026-01-18,2.04938260730039,"Severe",92,65,27,8.36363636363636,0.590909090909091,0.490909090909091,0.706521739130435,2026
2026-01-19,1.95741967919231,"Severe",93,63,30,8.45454545454546,0.572727272727273,0.545454545454545,0.67741935483871,2026
2026-01-20,1.74318990853175,"Severe",97,64,33,8.81818181818182,0.581818181818182,0.6,0.65979381443299,2026
2026-01-21,3.63727980838666,"Severe",91,63,28,8.27272727272727,0.572727272727273,0.509090909090909,0.692307692307692,2026
2026-01-22,3.25811182051,"Severe",92,61,31,8.36363636363636,0.554545454545455,0.563636363636364,0.66304347826087,2026
2026-01-23,3.39871822719824,"Severe",91,62,29,8.27272727272727,0.563636363636364,0.527272727272727,0.681318681318681,2026
2026-01-24,1.31406829658069,"Severe",97,67,30,8.81818181818182,0.609090909090909,0.545454545454545,0.690721649484536,2026
2026-01-25,1.3399554566765,"Severe",95,61,34,8.63636363636364,0.554545454545455,0.618181818181818,0.642105263157895,2026
2026-01-26,1.39901470878336,"Severe",97,65,32,8.81818181818182,0.590909090909091,0.581818181818182,0.670103092783505,2026
2026-01-27,1.55675993295804,"Severe",90,56,34,8.18181818181818,0.509090909090909,0.618181818181818,0.622222222222222,2026
2026-01-28,2.10125062897049,"Severe",83,56,27,7.54545454545455,0.509090909090909,0.490909090909091,0.674698795180723,2026
2026-01-29,1.76107415558607,"Severe",80,54,26,7.27272727272727,0.490909090909091,0.472727272727273,0.675,2026
2026-01-30,1.7184192724531,"Severe",92,61,31,8.36363636363636,0.554545454545455,0.563636363636364,0.66304347826087,2026
2026-01-31,1.51965956741236,"Severe",94,63,31,8.54545454545454,0.572727272727273,0.563636363636364,0.670212765957447,2026
2026-02-01,1.8716635956017,"Severe",88,59,29,8,0.536363636363636,0.527272727272727,0.670454545454545,2026
2026-02-02,1.51842250568144,"Severe",96,63,33,8.72727272727273,0.572727272727273,0.6,0.65625,2026
2026-02-03,1.49976974697358,"Severe",95,60,35,8.63636363636364,0.545454545454545,0.636363636363636,0.631578947368421,2026
2026-02-04,1.59943243959346,"Severe",92,60,32,8.36363636363636,0.545454545454545,0.581818181818182,0.652173913043478,2026
2026-02-05,1.72863858753062,"Severe",93,61,32,8.45454545454546,0.554545454545455,0.581818181818182,0.655913978494624,2026
2026-02-06,1.76198014854823,"Severe",94,64,30,8.54545454545454,0.581818181818182,0.545454545454545,0.680851063829787,2026
2026-02-07,1.45264950379263,"Severe",95,63,32,8.63636363636364,0.572727272727273,0.581818181818182,0.663157894736842,2026
2026-02-08,1.50090017819165,"Severe",97,61,36,8.81818181818182,0.554545454545455,0.654545454545455,0.628865979381443,2026
2026-02-09,1.50520222321489,"Severe",99,65,34,9,0.590909090909091,0.618181818181818,0.656565656565657,2026
2026-02-10,1.66908345692423,"Severe",90,58,32,8.18181818181818,0.527272727272727,0.581818181818182,0.644444444444444,2026
2026-02-11,1.33410301730999,"Severe",100,65,35,9.09090909090909,0.590909090909091,0.636363636363636,0.65,2026
2026-02-12,1.15162154735972,"Moderate",105,70,35,9.54545454545454,0.636363636363636,0.636363636363636,0.666666666666667,2026
2026-02-13,1.57665223353353,"Severe",91,61,30,8.27272727272727,0.554545454545455,0.545454545454545,0.67032967032967,2026
2026-02-14,1.57824267070483,"Severe",95,65,30,8.63636363636364,0.590909090909091,0.545454545454545,0.68421052631579,2026
2026-02-15,1.65170067186923,"Severe",97,69,28,8.81818181818182,0.627272727272727,0.509090909090909,0.711340206185567,2026
2026-02-16,1.3843439721251,"Severe",99,71,28,9,0.645454545454546,0.509090909090909,0.717171717171717,2026
2026-02-17,2.18209173380664,"Severe",90,61,29,8.18181818181818,0.554545454545455,0.527272727272727,0.677777777777778,2026
2026-02-18,1.46429487833009,"Severe",100,66,34,9.09090909090909,0.6,0.618181818181818,0.66,2026
2026-02-19,1.6772205885327,"Severe",82,53,29,7.45454545454545,0.481818181818182,0.527272727272727,0.646341463414634,2026
2026-02-20,1.79703191483107,"Severe",87,56,31,7.90909090909091,0.509090909090909,0.563636363636364,0.64367816091954,2026
2026-02-21,1.60879299215481,"Severe",91,58,33,8.27272727272727,0.527272727272727,0.6,0.637362637362637,2026
2026-02-22,1.52120963596588,"Severe",93,61,32,8.45454545454546,0.554545454545455,0.581818181818182,0.655913978494624,2026
2026-02-23,1.68792396223254,"Severe",95,66,29,8.63636363636364,0.6,0.527272727272727,0.694736842105263,2026
2026-02-24,1.28577418536454,"Elevated",105,70,35,9.54545454545454,0.636363636363636,0.636363636363636,0.666666666666667,2026
2026-02-25,1.1645196813418,"Elevated",95,64,31,8.63636363636364,0.581818181818182,0.563636363636364,0.673684210526316,2026
2026-02-26,1.18166113195138,"Elevated",99,67,32,9,0.609090909090909,0.581818181818182,0.676767676767677,2026
2026-02-27,1.0899264294188,"Moderate",108,73,35,9.81818181818182,0.663636363636364,0.636363636363636,0.675925925925926,2026
2026-02-28,1.11556525512183,"Moderate",105,76,29,9.54545454545454,0.690909090909091,0.527272727272727,0.723809523809524,2026
2026-03-01,1.02373737264789,"Low",111,78,33,10.0909090909091,0.709090909090909,0.6,0.702702702702703,2026
2026-03-02,1.19668068374775,"Elevated",111,76,35,10.0909090909091,0.690909090909091,0.636363636363636,0.684684684684685,2026
2026-03-03,1.21481430350356,"Elevated",108,74,34,9.81818181818182,0.672727272727273,0.618181818181818,0.685185185185185,2026
2026-03-04,1.47704572346009,"Severe",106,73,33,9.63636363636364,0.663636363636364,0.6,0.688679245283019,2026
2026-03-05,1.1763338292147,"Elevated",108,76,32,9.81818181818182,0.690909090909091,0.581818181818182,0.703703703703704,2026
2026-03-06,1.34717790819873,"Severe",107,76,31,9.72727272727273,0.690909090909091,0.563636363636364,0.710280373831776,2026
2026-03-07,1.19976924213535,"Elevated",111,79,32,10.0909090909091,0.718181818181818,0.581818181818182,0.711711711711712,2026
2026-03-08,1.35453497178824,"Severe",107,78,29,9.72727272727273,0.709090909090909,0.527272727272727,0.728971962616822,2026
2026-03-09,1.2474883678638,"Elevated",106,74,32,9.63636363636364,0.672727272727273,0.581818181818182,0.69811320754717,2026
2026-03-10,1.22174000780369,"Elevated",104,73,31,9.45454545454546,0.663636363636364,0.563636363636364,0.701923076923077,2026
2026-03-11,1.37546646284227,"Severe",98,67,31,8.90909090909091,0.609090909090909,0.563636363636364,0.683673469387755,2026
2026-03-12,1.53410835055042,"Severe",93,63,30,8.45454545454546,0.572727272727273,0.545454545454545,0.67741935483871,2026
2026-03-13,1.46679884033827,"Severe",100,67,33,9.09090909090909,0.609090909090909,0.6,0.67,2026
2026-03-14,1.47177445527975,"Severe",97,68,29,8.81818181818182,0.618181818181818,0.527272727272727,0.701030927835051,2026
2026-03-15,1.28778203380128,"Elevated",98,71,27,8.90909090909091,0.645454545454546,0.490909090909091,0.724489795918367,2026
2026-03-16,1.32792690316089,"Severe",102,71,31,9.27272727272727,0.645454545454546,0.563636363636364,0.696078431372549,2026
2026-03-17,1.2007719954787,"Elevated",103,74,29,9.36363636363636,0.672727272727273,0.527272727272727,0.718446601941748,2026
2026-03-18,1.28540445052715,"Elevated",97,70,27,8.81818181818182,0.636363636363636,0.490909090909091,0.721649484536082,2026
2026-03-19,1.29166488398258,"Elevated",99,71,28,9,0.645454545454546,0.509090909090909,0.717171717171717,2026
2026-03-20,1.25947619431015,"Elevated",100,70,30,9.09090909090909,0.636363636363636,0.545454545454545,0.7,2026
2026-03-21,1.21801963301803,"Elevated",98,69,29,8.90909090909091,0.627272727272727,0.527272727272727,0.704081632653061,2026
2026-03-22,1.37358914517938,"Severe",101,73,28,9.18181818181818,0.663636363636364,0.509090909090909,0.722772277227723,2026
2026-03-23,1.31929686473486,"Severe",96,68,28,8.72727272727273,0.618181818181818,0.509090909090909,0.708333333333333,2026
2026-03-24,1.07801365178499,"Moderate",103,74,29,9.36363636363636,0.672727272727273,0.527272727272727,0.718446601941748,2026
2026-03-25,1.14281534166007,"Moderate",103,71,32,9.36363636363636,0.645454545454546,0.581818181818182,0.689320388349515,2026
2026-03-26,1.26003872521811,"Elevated",105,74,31,9.54545454545454,0.672727272727273,0.563636363636364,0.704761904761905,2026
2026-03-27,1.37933336760869,"Severe",99,72,27,9,0.654545454545455,0.490909090909091,0.727272727272727,2026
2026-03-28,1.26825291546045,"Elevated",107,73,34,9.72727272727273,0.663636363636364,0.618181818181818,0.682242990654206,2026
2026-03-29,1.25462022114288,"Elevated",111,76,35,10.0909090909091,0.690909090909091,0.636363636363636,0.684684684684685,2026
2026-03-30,1.29412551445592,"Elevated",108,74,34,9.81818181818182,0.672727272727273,0.618181818181818,0.685185185185185,2026
2026-03-31,1.2167640023901,"Elevated",104,70,34,9.45454545454546,0.636363636363636,0.618181818181818,0.673076923076923,2026
2026-04-01,1.41591333940374,"Severe",103,68,35,9.36363636363636,0.618181818181818,0.636363636363636,0.660194174757282,2026
2026-04-02,1.27448965078062,"Elevated",110,74,36,10,0.672727272727273,0.654545454545455,0.672727272727273,2026
2026-04-03,1.29292758341449,"Elevated",110,75,35,10,0.681818181818182,0.636363636363636,0.681818181818182,2026
2026-04-04,1.15746423512722,"Elevated",108,71,37,9.81818181818182,0.645454545454546,0.672727272727273,0.657407407407407,2026
2026-04-05,1.22258000225096,"Elevated",108,72,36,9.81818181818182,0.654545454545455,0.654545454545455,0.666666666666667,2026
2026-04-06,1.12336949933533,"Moderate",110,75,35,10,0.681818181818182,0.636363636363636,0.681818181818182,2026
2026-04-07,1.32712798847448,"Severe",104,69,35,9.45454545454546,0.627272727272727,0.636363636363636,0.663461538461538,2026
2026-04-08,1.19472769914046,"Elevated",108,72,36,9.81818181818182,0.654545454545455,0.654545454545455,0.666666666666667,2026
2026-04-09,1.24091521124341,"Elevated",106,70,36,9.63636363636364,0.636363636363636,0.654545454545455,0.660377358490566,2026
2026-04-10,1.2596294022204,"Elevated",108,74,34,9.81818181818182,0.672727272727273,0.618181818181818,0.685185185185185,2026
2026-04-11,1.43002215680313,"Severe",103,68,35,9.36363636363636,0.618181818181818,0.636363636363636,0.660194174757282,2026
2026-04-12,1.41355331513917,"Severe",100,67,33,9.09090909090909,0.609090909090909,0.6,0.67,2026
2026-04-13,1.49930365771452,"Severe",101,66,35,9.18181818181818,0.6,0.636363636363636,0.653465346534653,2026
2026-04-14,1.41414902180605,"Severe",102,68,34,9.27272727272727,0.618181818181818,0.618181818181818,0.666666666666667,2026
2026-04-15,1.43590335685905,"Severe",108,71,37,9.81818181818182,0.645454545454546,0.672727272727273,0.657407407407407,2026
2026-04-16,1.47147634682176,"Severe",104,67,37,9.45454545454546,0.609090909090909,0.672727272727273,0.644230769230769,2026
2026-04-17,1.62795641461406,"Severe",104,68,36,9.45454545454546,0.618181818181818,0.654545454545455,0.653846153846154,2026
2026-04-18,1.50925919346731,"Severe",103,64,39,9.36363636363636,0.581818181818182,0.709090909090909,0.621359223300971,2026
2026-04-19,1.46947775446588,"Severe",98,62,36,8.90909090909091,0.563636363636364,0.654545454545455,0.63265306122449,2026
2026-04-20,1.41948042688556,"Severe",98,65,33,8.90909090909091,0.590909090909091,0.6,0.663265306122449,2026
2026-04-21,1.37138919244775,"Severe",97,63,34,8.81818181818182,0.572727272727273,0.618181818181818,0.649484536082474,2026
2026-04-22,1.50174784151979,"Severe",99,65,34,9,0.590909090909091,0.618181818181818,0.656565656565657,2026
2026-04-23,1.40808435411902,"Severe",101,68,33,9.18181818181818,0.618181818181818,0.6,0.673267326732673,2026
2026-04-24,1.63056885237081,"Severe",97,63,34,8.81818181818182,0.572727272727273,0.618181818181818,0.649484536082474,2026
2026-04-25,1.50759277232347,"Severe",103,70,33,9.36363636363636,0.636363636363636,0.6,0.679611650485437,2026
2026-04-26,1.44576390776195,"Severe",110,73,37,10,0.663636363636364,0.672727272727273,0.663636363636364,2026
2026-04-27,1.30958260415748,"Severe",105,72,33,9.54545454545454,0.654545454545455,0.6,0.685714285714286,2026
2026-04-28,1.2563606391106,"Elevated",108,76,32,9.81818181818182,0.690909090909091,0.581818181818182,0.703703703703704,2026
2026-04-29,1.26914005944296,"Elevated",101,66,35,9.18181818181818,0.6,0.636363636363636,0.653465346534653,2026
2026-04-30,1.06053904731084,"Moderate",111,77,34,10.0909090909091,0.7,0.618181818181818,0.693693693693694,2026
2026-05-01,1.12102025398653,"Moderate",114,76,38,10.3636363636364,0.690909090909091,0.690909090909091,0.666666666666667,2026
2026-05-02,1.03780503651822,"Low",109,72,37,9.90909090909091,0.654545454545455,0.672727272727273,0.660550458715596,2026
2026-05-03,1.15131981987014,"Moderate",101,65,36,9.18181818181818,0.590909090909091,0.654545454545455,0.643564356435644,2026
2026-05-04,0.917268053920832,"Very low",109,69,40,9.90909090909091,0.627272727272727,0.727272727272727,0.63302752293578,2026
2026-05-05,0.781653539566646,"Very low",110,73,37,10,0.663636363636364,0.672727272727273,0.663636363636364,2026
2026-05-06,0.873164395062287,"Very low",109,72,37,9.90909090909091,0.654545454545455,0.672727272727273,0.660550458715596,2026
2026-05-07,0.694603711714782,"Very low",111,73,38,10.0909090909091,0.663636363636364,0.690909090909091,0.657657657657658,2026
2026-05-08,0.780888355545258,"Very low",110,73,37,10,0.663636363636364,0.672727272727273,0.663636363636364,2026
2026-05-09,0.865418709932249,"Very low",110,72,38,10,0.654545454545455,0.690909090909091,0.654545454545455,2026
2026-05-10,0.734449233205974,"Very low",113,73,40,10.2727272727273,0.663636363636364,0.727272727272727,0.646017699115044,2026
2026-05-11,0.830181759462574,"Very low",107,71,36,9.72727272727273,0.645454545454546,0.654545454545455,0.663551401869159,2026
2026-05-12,0.797741851892127,"Very low",109,74,35,9.90909090909091,0.672727272727273,0.636363636363636,0.678899082568807,2026
2026-05-13,0.806245252889228,"Very low",111,75,36,10.0909090909091,0.681818181818182,0.654545454545455,0.675675675675676,2026
2026-05-14,0.865884067434966,"Very low",111,74,37,10.0909090909091,0.672727272727273,0.672727272727273,0.666666666666667,2026
2026-05-15,1.02351129007722,"Low",107,72,35,9.72727272727273,0.654545454545455,0.636363636363636,0.672897196261682,2026
2026-05-16,0.912833973053591,"Very low",108,71,37,9.81818181818182,0.645454545454546,0.672727272727273,0.657407407407407,2026
2026-05-17,0.902224976763711,"Very low",108,71,37,9.81818181818182,0.645454545454546,0.672727272727273,0.657407407407407,2026
2026-05-18,1.07273699147176,"Moderate",103,67,36,9.36363636363636,0.609090909090909,0.654545454545455,0.650485436893204,2026
2026-05-19,0.930447619700545,"Low",114,76,38,10.3636363636364,0.690909090909091,0.690909090909091,0.666666666666667,2026
2026-05-20,1.28835581427388,"Elevated",104,74,30,9.45454545454546,0.672727272727273,0.545454545454545,0.711538461538462,2026
2026-05-21,1.08203721857303,"Moderate",109,74,35,9.90909090909091,0.672727272727273,0.636363636363636,0.678899082568807,2026
2026-05-22,1.19387325163438,"Elevated",108,71,37,9.81818181818182,0.645454545454546,0.672727272727273,0.657407407407407,2026
2026-05-23,2.24623931910212,"Severe",110,74,36,10,0.672727272727273,0.654545454545455,0.672727272727273,2026
2026-05-24,1.2328406949803,"Elevated",110,71,39,10,0.645454545454546,0.709090909090909,0.645454545454546,2026
2026-05-25,0.975923675549047,"Low",117,78,39,10.6363636363636,0.709090909090909,0.709090909090909,0.666666666666667,2026
2026-05-26,1.04435419478593,"Low",110,72,38,10,0.654545454545455,0.690909090909091,0.654545454545455,2026
2026-05-27,0.892799463603094,"Very low",119,80,39,10.8181818181818,0.727272727272727,0.709090909090909,0.672268907563025,2026
2026-05-28,2.62616194144328,"Severe",108,71,37,9.81818181818182,0.645454545454546,0.672727272727273,0.657407407407407,2026
2026-05-29,1.09865219339465,"Moderate",114,71,43,10.3636363636364,0.645454545454546,0.781818181818182,0.62280701754386,2026
2026-05-30,1.10167975455933,"Moderate",113,77,36,10.2727272727273,0.7,0.654545454545455,0.68141592920354,2026
2026-05-31,1.04401728511223,"Low",113,78,35,10.2727272727273,0.709090909090909,0.636363636363636,0.690265486725664,2026
