"state","source","receiver","days","active_days","aligned_days","inverse_days","active_frequency","aligned_frequency","inverse_frequency","directional_balance","aligned_share_among_active","sign_stability","median_active_coefficient","median_aligned_coefficient","mean_absolute_active_coefficient"
"Very low","USDT","USDC",450,302,233,69,0.671111111111111,0.517777777777778,0.153333333333333,0.364444444444444,0.771523178807947,0.771523178807947,0.120943359535111,0.176002945689734,0.191454331001605
"Very low","USDT","BUSD",450,274,84,190,0.608888888888889,0.186666666666667,0.422222222222222,-0.235555555555556,0.306569343065693,0.693430656934307,-0.224589001524082,0.197329409203051,0.714604637072561
"Very low","USDT","TUSD",450,305,292,13,0.677777777777778,0.648888888888889,0.0288888888888889,0.62,0.957377049180328,0.957377049180328,0.209408594822156,0.215160782472543,0.23635006410609
"Very low","USDT","USDP",450,255,164,91,0.566666666666667,0.364444444444444,0.202222222222222,0.162222222222222,0.643137254901961,0.643137254901961,0.10686453778528,0.22351948519428,0.244039792190573
"Very low","USDT","GUSD",450,292,163,129,0.648888888888889,0.362222222222222,0.286666666666667,0.0755555555555555,0.558219178082192,0.558219178082192,0.0354652853873605,0.246667045198111,0.324562663910096
"Very low","USDT","DAI",450,376,336,40,0.835555555555556,0.746666666666667,0.0888888888888889,0.657777777777778,0.893617021276596,0.893617021276596,0.260124579426261,0.279584460919405,0.345728987860287
"Very low","USDT","sUSD",450,268,205,63,0.595555555555556,0.455555555555556,0.14,0.315555555555556,0.764925373134328,0.764925373134328,0.159309331483914,0.247601198595834,0.275100172918164
"Very low","USDT","EURS",450,290,102,188,0.644444444444444,0.226666666666667,0.417777777777778,-0.191111111111111,0.351724137931034,0.648275862068965,-0.109906042370738,0.151798345254726,0.274551543111027
"Very low","USDT","IDRT",450,287,134,153,0.637777777777778,0.297777777777778,0.34,-0.0422222222222223,0.466898954703833,0.533101045296167,-0.036371756736563,0.14140608585778,0.207002442264761
"Very low","USDT","PAXG",450,285,79,206,0.633333333333333,0.175555555555556,0.457777777777778,-0.282222222222222,0.27719298245614,0.72280701754386,-0.0698514645086131,0.140238353063134,0.156385055947587
"Very low","USDC","USDT",450,312,219,93,0.693333333333333,0.486666666666667,0.206666666666667,0.28,0.701923076923077,0.701923076923077,0.115400068729562,0.181388275959124,0.234764522017457
"Very low","USDC","BUSD",450,331,182,149,0.735555555555556,0.404444444444444,0.331111111111111,0.0733333333333333,0.549848942598187,0.549848942598187,0.0626855699685067,0.344831318376031,0.497486885669985
"Very low","USDC","TUSD",450,287,196,91,0.637777777777778,0.435555555555556,0.202222222222222,0.233333333333333,0.682926829268293,0.682926829268293,0.0638389195591823,0.141625998254603,0.177539339885493
"Very low","USDC","USDP",450,326,223,103,0.724444444444444,0.495555555555556,0.228888888888889,0.266666666666667,0.684049079754601,0.684049079754601,0.0785656261284959,0.163038367126919,0.23237575483647
"Very low","USDC","GUSD",450,260,189,71,0.577777777777778,0.42,0.157777777777778,0.262222222222222,0.726923076923077,0.726923076923077,0.113372115860741,0.191474841912645,0.253636682171945
"Very low","USDC","DAI",450,382,336,46,0.848888888888889,0.746666666666667,0.102222222222222,0.644444444444444,0.879581151832461,0.879581151832461,0.217075812148853,0.258889723938178,0.278628150563537
"Very low","USDC","sUSD",450,335,152,183,0.744444444444444,0.337777777777778,0.406666666666667,-0.0688888888888889,0.453731343283582,0.546268656716418,-0.0888603106653624,0.173174859612336,0.354825464627853
"Very low","USDC","EURS",450,274,143,131,0.608888888888889,0.317777777777778,0.291111111111111,0.0266666666666667,0.521897810218978,0.521897810218978,0.0140502379551842,0.1468211551107,0.248792414972351
"Very low","USDC","IDRT",450,305,96,209,0.677777777777778,0.213333333333333,0.464444444444444,-0.251111111111111,0.314754098360656,0.685245901639344,-0.104438871062677,0.167104831785165,0.202299245516363
"Very low","USDC","PAXG",450,309,159,150,0.686666666666667,0.353333333333333,0.333333333333333,0.02,0.514563106796116,0.514563106796116,0.00754800617314309,0.104952715454709,0.160818024957198
"Very low","BUSD","USDT",450,351,149,202,0.78,0.331111111111111,0.448888888888889,-0.117777777777778,0.424501424501425,0.575498575498576,-0.0145944664295003,0.0959324513524606,0.129561455316055
"Very low","BUSD","USDC",450,382,303,79,0.848888888888889,0.673333333333333,0.175555555555556,0.497777777777778,0.793193717277487,0.793193717277487,0.096750770375429,0.139953768484982,0.17942401761978
"Very low","BUSD","TUSD",450,328,269,59,0.728888888888889,0.597777777777778,0.131111111111111,0.466666666666667,0.820121951219512,0.820121951219512,0.148057709127735,0.219045469748156,0.234218125895488
"Very low","BUSD","USDP",450,345,224,121,0.766666666666667,0.497777777777778,0.268888888888889,0.228888888888889,0.64927536231884,0.64927536231884,0.0822154413353836,0.158556628077487,0.155336367445581
"Very low","BUSD","GUSD",450,320,200,120,0.711111111111111,0.444444444444444,0.266666666666667,0.177777777777778,0.625,0.625,0.0902814222949734,0.28292836259683,0.256456926913066
"Very low","BUSD","DAI",450,261,107,154,0.58,0.237777777777778,0.342222222222222,-0.104444444444444,0.409961685823755,0.590038314176245,-0.030966246299924,0.0553919973290961,0.0895153008020154
"Very low","BUSD","sUSD",450,336,192,144,0.746666666666667,0.426666666666667,0.32,0.106666666666667,0.571428571428571,0.571428571428571,0.0178702269266656,0.0950169536421206,0.218625230503296
"Very low","BUSD","EURS",450,334,187,147,0.742222222222222,0.415555555555556,0.326666666666667,0.0888888888888889,0.559880239520958,0.559880239520958,0.0287798196843193,0.103674826526894,0.164096853247716
"Very low","BUSD","IDRT",450,334,145,189,0.742222222222222,0.322222222222222,0.42,-0.0977777777777777,0.434131736526946,0.565868263473054,-0.0277376877355976,0.108639442209417,0.124590407111526
"Very low","BUSD","PAXG",450,307,172,135,0.682222222222222,0.382222222222222,0.3,0.0822222222222223,0.560260586319218,0.560260586319218,0.0307652193089191,0.172648659549077,0.134481975932327
"Very low","TUSD","USDT",450,367,307,60,0.815555555555556,0.682222222222222,0.133333333333333,0.548888888888889,0.836512261580381,0.836512261580381,0.196121757266986,0.232642008918764,0.319664239135755
"Very low","TUSD","USDC",450,301,220,81,0.668888888888889,0.488888888888889,0.18,0.308888888888889,0.730897009966777,0.730897009966777,0.226902546299613,0.284896075678494,0.281338493220843
"Very low","TUSD","BUSD",450,337,275,62,0.748888888888889,0.611111111111111,0.137777777777778,0.473333333333333,0.816023738872404,0.816023738872404,0.36305087367052,0.409214879596201,0.484168985856908
"Very low","TUSD","USDP",450,347,214,133,0.771111111111111,0.475555555555556,0.295555555555556,0.18,0.61671469740634,0.61671469740634,0.131375977607635,0.417138593088575,0.390783546196738
"Very low","TUSD","GUSD",450,294,88,206,0.653333333333333,0.195555555555556,0.457777777777778,-0.262222222222222,0.299319727891156,0.700680272108844,-0.17911889603868,0.308569288653654,0.310905468651928
"Very low","TUSD","DAI",450,309,236,73,0.686666666666667,0.524444444444444,0.162222222222222,0.362222222222222,0.763754045307443,0.763754045307443,0.140364725611971,0.182337083398095,0.260653330277656
"Very low","TUSD","sUSD",450,278,131,147,0.617777777777778,0.291111111111111,0.326666666666667,-0.0355555555555556,0.471223021582734,0.528776978417266,-0.0421898745919569,0.169385821780788,0.272453115650034
"Very low","TUSD","EURS",450,271,146,125,0.602222222222222,0.324444444444444,0.277777777777778,0.0466666666666666,0.538745387453875,0.538745387453875,0.0303027993457467,0.15721077323415,0.207032511754055
"Very low","TUSD","IDRT",450,309,192,117,0.686666666666667,0.426666666666667,0.26,0.166666666666667,0.621359223300971,0.621359223300971,0.109871187231133,0.201323843114532,0.227242319780455
"Very low","TUSD","PAXG",450,294,161,133,0.653333333333333,0.357777777777778,0.295555555555556,0.0622222222222222,0.547619047619048,0.547619047619048,0.0360242092042278,0.129990619663422,0.175189540477751
"Very low","USDP","USDT",450,318,247,71,0.706666666666667,0.548888888888889,0.157777777777778,0.391111111111111,0.776729559748428,0.776729559748428,0.106742260493671,0.184405519471721,0.199229811521554
"Very low","USDP","USDC",450,328,283,45,0.728888888888889,0.628888888888889,0.1,0.528888888888889,0.86280487804878,0.86280487804878,0.126010671559235,0.161759862174147,0.22316491965547
"Very low","USDP","BUSD",450,337,251,86,0.748888888888889,0.557777777777778,0.191111111111111,0.366666666666667,0.744807121661721,0.744807121661721,0.150905722704389,0.299175000500011,0.538394967114849
"Very low","USDP","TUSD",450,355,257,98,0.788888888888889,0.571111111111111,0.217777777777778,0.353333333333333,0.723943661971831,0.723943661971831,0.123182111724319,0.290814408921863,0.324328511262156
"Very low","USDP","GUSD",450,338,198,140,0.751111111111111,0.44,0.311111111111111,0.128888888888889,0.585798816568047,0.585798816568047,0.100777375690932,0.279314330262674,0.300524809159386
"Very low","USDP","DAI",450,314,200,114,0.697777777777778,0.444444444444444,0.253333333333333,0.191111111111111,0.636942675159236,0.636942675159236,0.0493873855267137,0.114063728278726,0.174663942526141
"Very low","USDP","sUSD",450,265,196,69,0.588888888888889,0.435555555555556,0.153333333333333,0.282222222222222,0.739622641509434,0.739622641509434,0.0780086626264583,0.130114026429873,0.199955307232186
"Very low","USDP","EURS",450,297,143,154,0.66,0.317777777777778,0.342222222222222,-0.0244444444444444,0.481481481481481,0.518518518518518,-0.0207642030930124,0.152354761156056,0.188891671919555
"Very low","USDP","IDRT",450,268,135,133,0.595555555555556,0.3,0.295555555555556,0.00444444444444442,0.503731343283582,0.503731343283582,0.000806393570165146,0.111318292078988,0.17948938419969
"Very low","USDP","PAXG",450,305,194,111,0.677777777777778,0.431111111111111,0.246666666666667,0.184444444444444,0.636065573770492,0.636065573770492,0.040048643789347,0.103748533011027,0.125590551227615
"Very low","GUSD","USDT",450,325,170,155,0.722222222222222,0.377777777777778,0.344444444444444,0.0333333333333333,0.523076923076923,0.523076923076923,0.0182534276120759,0.132615901740511,0.122143532890786
"Very low","GUSD","USDC",450,291,221,70,0.646666666666667,0.491111111111111,0.155555555555556,0.335555555555556,0.759450171821306,0.759450171821306,0.0602664168423502,0.0876941039971134,0.136755173469506
"Very low","GUSD","BUSD",450,292,216,76,0.648888888888889,0.48,0.168888888888889,0.311111111111111,0.73972602739726,0.73972602739726,0.157422566163114,0.202629946728619,0.246281613725838
"Very low","GUSD","TUSD",450,306,200,106,0.68,0.444444444444444,0.235555555555556,0.208888888888889,0.65359477124183,0.65359477124183,0.0731918356907024,0.150815598547294,0.162572587537275
"Very low","GUSD","USDP",450,327,244,83,0.726666666666667,0.542222222222222,0.184444444444444,0.357777777777778,0.746177370030581,0.746177370030581,0.07895928876936,0.122384940972364,0.18148435148242
"Very low","GUSD","DAI",450,275,150,125,0.611111111111111,0.333333333333333,0.277777777777778,0.0555555555555555,0.545454545454545,0.545454545454545,0.0274445586628489,0.0892805112461175,0.12614029340729
"Very low","GUSD","sUSD",450,354,176,178,0.786666666666667,0.391111111111111,0.395555555555556,-0.00444444444444442,0.497175141242938,0.502824858757062,-0.00305953935967055,0.227505407030388,0.232670151170812
"Very low","GUSD","EURS",450,312,108,204,0.693333333333333,0.24,0.453333333333333,-0.213333333333333,0.346153846153846,0.653846153846154,-0.0596407768838336,0.106809960906468,0.140758614028137
"Very low","GUSD","IDRT",450,319,196,123,0.708888888888889,0.435555555555556,0.273333333333333,0.162222222222222,0.614420062695925,0.614420062695925,0.0325490926968525,0.110002259493587,0.133993285771346
"Very low","GUSD","PAXG",450,326,195,131,0.724444444444444,0.433333333333333,0.291111111111111,0.142222222222222,0.598159509202454,0.598159509202454,0.0257965453679124,0.0742718011840637,0.0993168822066592
"Very low","DAI","USDT",450,346,318,28,0.768888888888889,0.706666666666667,0.0622222222222222,0.644444444444444,0.91907514450867,0.91907514450867,0.358091798023235,0.376344733683196,0.448057819097274
"Very low","DAI","USDC",450,330,303,27,0.733333333333333,0.673333333333333,0.06,0.613333333333333,0.918181818181818,0.918181818181818,0.268414832631228,0.303231406785647,0.322876991890387
"Very low","DAI","BUSD",450,303,155,148,0.673333333333333,0.344444444444444,0.328888888888889,0.0155555555555555,0.511551155115512,0.511551155115512,0.0180603757699409,0.227571334069282,0.476893695323358
"Very low","DAI","TUSD",450,259,180,79,0.575555555555556,0.4,0.175555555555556,0.224444444444444,0.694980694980695,0.694980694980695,0.0934849133124748,0.2347109989876,0.217193805684122
"Very low","DAI","USDP",450,294,172,122,0.653333333333333,0.382222222222222,0.271111111111111,0.111111111111111,0.585034013605442,0.585034013605442,0.0653369727974313,0.156231132240401,0.248312858388231
"Very low","DAI","GUSD",450,288,185,103,0.64,0.411111111111111,0.228888888888889,0.182222222222222,0.642361111111111,0.642361111111111,0.0728514815238998,0.214918365942522,0.305271803607855
"Very low","DAI","sUSD",450,304,157,147,0.675555555555556,0.348888888888889,0.326666666666667,0.0222222222222223,0.516447368421053,0.516447368421053,0.0229458876149063,0.160514173044367,0.332812583040114
"Very low","DAI","EURS",450,225,172,53,0.5,0.382222222222222,0.117777777777778,0.264444444444444,0.764444444444444,0.764444444444444,0.118660452995458,0.171248742618234,0.245058341737232
"Very low","DAI","IDRT",450,252,117,135,0.56,0.26,0.3,-0.04,0.464285714285714,0.535714285714286,-0.0298730052171152,0.147101732280132,0.21341918287416
"Very low","DAI","PAXG",450,270,83,187,0.6,0.184444444444444,0.415555555555556,-0.231111111111111,0.307407407407407,0.692592592592593,-0.0962729746857839,0.115324758727612,0.192941270258028
"Very low","sUSD","USDT",450,252,120,132,0.56,0.266666666666667,0.293333333333333,-0.0266666666666667,0.476190476190476,0.523809523809524,-0.00622302767636718,0.0828263879146066,0.155663907145265
"Very low","sUSD","USDC",450,271,129,142,0.602222222222222,0.286666666666667,0.315555555555556,-0.0288888888888889,0.476014760147601,0.523985239852399,-0.0261948524152063,0.121469182683655,0.224127435309643
"Very low","sUSD","BUSD",450,295,176,119,0.655555555555556,0.391111111111111,0.264444444444444,0.126666666666667,0.596610169491525,0.596610169491525,0.0930121565635613,0.25306359048484,0.581902703812951
"Very low","sUSD","TUSD",450,234,82,152,0.52,0.182222222222222,0.337777777777778,-0.155555555555556,0.35042735042735,0.64957264957265,-0.0628090359809909,0.0816061600859309,0.153271100071827
"Very low","sUSD","USDP",450,277,149,128,0.615555555555556,0.331111111111111,0.284444444444444,0.0466666666666667,0.537906137184116,0.537906137184116,0.021674314736036,0.0874925594404354,0.137542509703478
"Very low","sUSD","GUSD",450,319,180,139,0.708888888888889,0.4,0.308888888888889,0.0911111111111111,0.564263322884012,0.564263322884012,0.0785936167461163,0.25915425307793,0.313558539260903
"Very low","sUSD","DAI",450,278,113,165,0.617777777777778,0.251111111111111,0.366666666666667,-0.115555555555556,0.406474820143885,0.593525179856115,-0.0475590009965919,0.131922160528837,0.268527693624107
"Very low","sUSD","EURS",450,342,162,180,0.76,0.36,0.4,-0.04,0.473684210526316,0.526315789473684,-0.0366855182446017,0.268955856430262,0.298119838555642
"Very low","sUSD","IDRT",450,282,162,120,0.626666666666667,0.36,0.266666666666667,0.0933333333333333,0.574468085106383,0.574468085106383,0.0394366891997278,0.122043575010835,0.150304562938428
"Very low","sUSD","PAXG",450,341,147,194,0.757777777777778,0.326666666666667,0.431111111111111,-0.104444444444444,0.43108504398827,0.56891495601173,-0.0387009960652771,0.130384888918678,0.17714499484871
"Very low","EURS","USDT",450,289,124,165,0.642222222222222,0.275555555555556,0.366666666666667,-0.0911111111111111,0.429065743944637,0.570934256055363,-0.0431455478156208,0.140989181763084,0.180393779208768
"Very low","EURS","USDC",450,257,152,105,0.571111111111111,0.337777777777778,0.233333333333333,0.104444444444444,0.591439688715953,0.591439688715953,0.0506520560554558,0.10544478081274,0.14729049371305
"Very low","EURS","BUSD",450,260,81,179,0.577777777777778,0.18,0.397777777777778,-0.217777777777778,0.311538461538462,0.688461538461538,-0.123140792640971,0.12981889426058,0.274952646035049
"Very low","EURS","TUSD",450,309,155,154,0.686666666666667,0.344444444444444,0.342222222222222,0.00222222222222224,0.501618122977346,0.501618122977346,0.00150900418264528,0.105833672404198,0.144271173717193
"Very low","EURS","USDP",450,307,173,134,0.682222222222222,0.384444444444444,0.297777777777778,0.0866666666666667,0.563517915309446,0.563517915309446,0.0341161451551585,0.120437183076093,0.171571820066908
"Very low","EURS","GUSD",450,294,133,161,0.653333333333333,0.295555555555556,0.357777777777778,-0.0622222222222222,0.452380952380952,0.547619047619048,-0.047225377687435,0.123009244152126,0.263752186488822
"Very low","EURS","DAI",450,319,198,121,0.708888888888889,0.44,0.268888888888889,0.171111111111111,0.620689655172414,0.620689655172414,0.0480517879616841,0.143000040507931,0.183638863801585
"Very low","EURS","sUSD",450,374,150,224,0.831111111111111,0.333333333333333,0.497777777777778,-0.164444444444444,0.401069518716578,0.598930481283422,-0.0778423112295029,0.195586606309197,0.254075970556549
"Very low","EURS","IDRT",450,279,148,131,0.62,0.328888888888889,0.291111111111111,0.0377777777777778,0.530465949820789,0.530465949820789,0.0165201782994989,0.153326469366789,0.173857101700874
"Very low","EURS","PAXG",450,277,131,146,0.615555555555556,0.291111111111111,0.324444444444444,-0.0333333333333333,0.472924187725632,0.527075812274368,-0.0202888840176749,0.151767228177707,0.170903502908747
"Very low","IDRT","USDT",450,284,185,99,0.631111111111111,0.411111111111111,0.22,0.191111111111111,0.651408450704225,0.651408450704225,0.0399832335470327,0.106430298102416,0.15638360643696
"Very low","IDRT","USDC",450,309,146,163,0.686666666666667,0.324444444444444,0.362222222222222,-0.0377777777777778,0.472491909385113,0.527508090614887,-0.037003638455713,0.115092068388624,0.227667900721798
"Very low","IDRT","BUSD",450,291,157,134,0.646666666666667,0.348888888888889,0.297777777777778,0.0511111111111112,0.539518900343643,0.539518900343643,0.00876290604063775,0.157370667041208,0.380000409856958
"Very low","IDRT","TUSD",450,291,226,65,0.646666666666667,0.502222222222222,0.144444444444444,0.357777777777778,0.776632302405498,0.776632302405498,0.0710583780465411,0.114845405021855,0.161065193713666
"Very low","IDRT","USDP",450,324,204,120,0.72,0.453333333333333,0.266666666666667,0.186666666666667,0.62962962962963,0.62962962962963,0.0497308776156949,0.164357575134581,0.189106101539296
"Very low","IDRT","GUSD",450,292,151,141,0.648888888888889,0.335555555555556,0.313333333333333,0.0222222222222222,0.517123287671233,0.517123287671233,0.021069784176274,0.194653653280736,0.202118174221809
"Very low","IDRT","DAI",450,269,209,60,0.597777777777778,0.464444444444444,0.133333333333333,0.331111111111111,0.776951672862453,0.776951672862453,0.0551171368633387,0.077191707252221,0.132482888805942
"Very low","IDRT","sUSD",450,305,196,109,0.677777777777778,0.435555555555556,0.242222222222222,0.193333333333333,0.642622950819672,0.642622950819672,0.0617772609906659,0.194688845014097,0.333993127375703
"Very low","IDRT","EURS",450,356,225,131,0.791111111111111,0.5,0.291111111111111,0.208888888888889,0.632022471910112,0.632022471910112,0.0503844701995822,0.240801483337869,0.248982893154652
"Very low","IDRT","PAXG",450,303,219,84,0.673333333333333,0.486666666666667,0.186666666666667,0.3,0.722772277227723,0.722772277227723,0.16185023235085,0.235104444453719,0.213889879514324
"Very low","PAXG","USDT",450,297,134,163,0.66,0.297777777777778,0.362222222222222,-0.0644444444444445,0.451178451178451,0.548821548821549,-0.0420568852929201,0.154795211156243,0.184641666895814
"Very low","PAXG","USDC",450,291,114,177,0.646666666666667,0.253333333333333,0.393333333333333,-0.14,0.391752577319588,0.608247422680412,-0.078373755814874,0.12936871015858,0.271797610260701
"Very low","PAXG","BUSD",450,291,190,101,0.646666666666667,0.422222222222222,0.224444444444444,0.197777777777778,0.652920962199313,0.652920962199313,0.0900123154163175,0.250748349072208,0.413142382881416
"Very low","PAXG","TUSD",450,261,137,124,0.58,0.304444444444444,0.275555555555556,0.0288888888888889,0.524904214559387,0.524904214559387,0.0211947006417726,0.238415445628421,0.199574897709965
"Very low","PAXG","USDP",450,291,205,86,0.646666666666667,0.455555555555556,0.191111111111111,0.264444444444444,0.70446735395189,0.70446735395189,0.0887918385274901,0.158073627064108,0.218579833898796
"Very low","PAXG","GUSD",450,294,173,121,0.653333333333333,0.384444444444444,0.268888888888889,0.115555555555556,0.58843537414966,0.58843537414966,0.0918129917585747,0.231679668866673,0.383918727895419
"Very low","PAXG","DAI",450,289,53,236,0.642222222222222,0.117777777777778,0.524444444444444,-0.406666666666667,0.183391003460208,0.816608996539792,-0.120740838823769,0.0840342035680949,0.200777669136115
"Very low","PAXG","sUSD",450,247,122,125,0.548888888888889,0.271111111111111,0.277777777777778,-0.00666666666666665,0.493927125506073,0.506072874493927,-0.00150036145059044,0.124558574767026,0.209200619222087
"Very low","PAXG","EURS",450,322,134,188,0.715555555555556,0.297777777777778,0.417777777777778,-0.12,0.416149068322981,0.583850931677019,-0.131844615134694,0.147246912052775,0.25704825862188
"Very low","PAXG","IDRT",450,316,244,72,0.702222222222222,0.542222222222222,0.16,0.382222222222222,0.772151898734177,0.772151898734177,0.123473363282221,0.180496997985693,0.206912743883968
"Low","USDT","USDC",451,321,236,85,0.711751662971175,0.523281596452328,0.188470066518847,0.334811529933481,0.735202492211838,0.735202492211838,0.103785107851451,0.188656977060758,0.210251886357606
"Low","USDT","BUSD",451,223,103,120,0.494456762749446,0.228381374722838,0.266075388026608,-0.0376940133037694,0.461883408071749,0.538116591928251,-0.0418234643384785,0.152668386381962,0.424240136378532
"Low","USDT","TUSD",451,327,315,12,0.725055432372506,0.698447893569845,0.0266075388026608,0.671840354767184,0.963302752293578,0.963302752293578,0.20983551719286,0.214592722895713,0.252332197571167
"Low","USDT","USDP",451,234,191,43,0.518847006651885,0.42350332594235,0.0953436807095344,0.328159645232816,0.816239316239316,0.816239316239316,0.12006142341706,0.194451340389901,0.226202527258275
"Low","USDT","GUSD",451,249,140,109,0.552106430155211,0.310421286031042,0.241685144124169,0.0687361419068736,0.562248995983936,0.562248995983936,0.0398792552307574,0.251503397098673,0.24802068144824
"Low","USDT","DAI",451,373,315,58,0.827050997782705,0.698447893569845,0.12860310421286,0.569844789356984,0.844504021447721,0.844504021447721,0.201538176028454,0.260228724739692,0.305628209219606
"Low","USDT","sUSD",451,279,182,97,0.618625277161863,0.403547671840355,0.215077605321508,0.188470066518847,0.652329749103943,0.652329749103943,0.106426379936823,0.226976605983835,0.313155794254343
"Low","USDT","EURS",451,285,145,140,0.631929046563193,0.321507760532151,0.310421286031042,0.0110864745011087,0.508771929824561,0.508771929824561,0.00748677347730544,0.121920460408069,0.259218166368242
"Low","USDT","IDRT",451,249,144,105,0.552106430155211,0.319290465631929,0.232815964523282,0.0864745011086474,0.578313253012048,0.578313253012048,0.0348375066858566,0.135640380104265,0.199573560569591
"Low","USDT","PAXG",451,305,64,241,0.676274944567627,0.141906873614191,0.534368070953437,-0.392461197339246,0.20983606557377,0.79016393442623,-0.120342370276499,0.0825370782218764,0.163666288244606
"Low","USDC","USDT",451,279,196,83,0.618625277161863,0.434589800443459,0.184035476718404,0.250554323725055,0.702508960573477,0.702508960573477,0.103944148143028,0.17788741786292,0.263812668932486
"Low","USDC","BUSD",451,315,238,77,0.698447893569845,0.527716186252772,0.170731707317073,0.356984478935698,0.755555555555556,0.755555555555556,0.26216675858038,0.374232556328981,0.416968140260322
"Low","USDC","TUSD",451,262,192,70,0.580931263858093,0.425720620842572,0.155210643015521,0.270509977827051,0.732824427480916,0.732824427480916,0.124370261984338,0.201943885051848,0.262710634527879
"Low","USDC","USDP",451,317,258,59,0.702882483370288,0.572062084257206,0.130820399113082,0.441241685144124,0.813880126182965,0.813880126182965,0.174352480088013,0.232443147629009,0.281541314447058
"Low","USDC","GUSD",451,228,178,50,0.505543237250554,0.394678492239468,0.110864745011086,0.283813747228381,0.780701754385965,0.780701754385965,0.140761768756358,0.181228175442056,0.238178714886893
"Low","USDC","DAI",451,367,315,52,0.813747228381375,0.698447893569845,0.11529933481153,0.583148558758315,0.858310626702997,0.858310626702997,0.21325010368013,0.259807988501329,0.287935810226887
"Low","USDC","sUSD",451,348,230,118,0.771618625277162,0.509977827050998,0.261640798226164,0.248337028824834,0.660919540229885,0.660919540229885,0.0726442128506707,0.175050510661425,0.369682272224826
"Low","USDC","EURS",451,249,126,123,0.552106430155211,0.279379157427938,0.272727272727273,0.00665188470066519,0.506024096385542,0.506024096385542,0.0155458480753194,0.139212668492433,0.259901642460768
"Low","USDC","IDRT",451,254,116,138,0.563192904656319,0.257206208425721,0.305986696230599,-0.048780487804878,0.456692913385827,0.543307086614173,-0.0414917552628122,0.177088867815642,0.195256493408674
"Low","USDC","PAXG",451,291,179,112,0.645232815964523,0.39689578713969,0.248337028824834,0.148558758314856,0.615120274914089,0.615120274914089,0.0625295697384475,0.147406767117269,0.175763114468904
"Low","BUSD","USDT",451,316,143,173,0.700665188470067,0.317073170731707,0.383592017738359,-0.0665188470066519,0.45253164556962,0.54746835443038,-0.0172848126589911,0.0945553545921036,0.140934834273165
"Low","BUSD","USDC",451,354,270,84,0.784922394678492,0.598669623059867,0.186252771618625,0.412416851441242,0.76271186440678,0.76271186440678,0.102104157074439,0.166169755699713,0.183962448417053
"Low","BUSD","TUSD",451,329,273,56,0.729490022172949,0.605321507760532,0.124168514412417,0.481152993348115,0.829787234042553,0.829787234042553,0.135443109912804,0.165644397023564,0.192596136969856
"Low","BUSD","USDP",451,325,209,116,0.720620842572062,0.463414634146341,0.257206208425721,0.206208425720621,0.643076923076923,0.643076923076923,0.0891286854885542,0.191095294688154,0.169658901524928
"Low","BUSD","GUSD",451,329,191,138,0.729490022172949,0.42350332594235,0.305986696230599,0.117516629711752,0.580547112462006,0.580547112462006,0.0377410217029397,0.198699930364195,0.240711320072239
"Low","BUSD","DAI",451,255,126,129,0.565410199556541,0.279379157427938,0.286031042128603,-0.00665188470066519,0.494117647058824,0.505882352941176,-0.000776889132573571,0.0609668670080264,0.106987845428268
"Low","BUSD","sUSD",451,338,211,127,0.749445676274945,0.467849223946785,0.28159645232816,0.186252771618625,0.624260355029586,0.624260355029586,0.032582766495926,0.0971630828125924,0.259163636758836
"Low","BUSD","EURS",451,305,163,142,0.676274944567627,0.361419068736142,0.314855875831486,0.0465631929046563,0.534426229508197,0.534426229508197,0.0204970618441029,0.0946243424728178,0.166376681506035
"Low","BUSD","IDRT",451,298,159,139,0.660753880266075,0.352549889135255,0.30820399113082,0.0443458980044346,0.533557046979866,0.533557046979866,0.0128331625358363,0.0937456905969457,0.136476848181293
"Low","BUSD","PAXG",451,327,207,120,0.725055432372506,0.458980044345898,0.266075388026608,0.19290465631929,0.63302752293578,0.63302752293578,0.0675115086057532,0.149929078930992,0.137557542350436
"Low","TUSD","USDT",451,332,301,31,0.736141906873614,0.66740576496674,0.0687361419068736,0.598669623059867,0.906626506024096,0.906626506024096,0.228824971646183,0.277130457019557,0.326955430256313
"Low","TUSD","USDC",451,296,227,69,0.656319290465632,0.503325942350333,0.152993348115299,0.350332594235033,0.766891891891892,0.766891891891892,0.19105023248502,0.263722801149769,0.303998852408197
"Low","TUSD","BUSD",451,328,235,93,0.727272727272727,0.521064301552106,0.206208425720621,0.314855875831486,0.716463414634146,0.716463414634146,0.197531456712459,0.353455207351624,0.41097303988507
"Low","TUSD","USDP",451,340,232,108,0.753880266075388,0.514412416851441,0.239467849223947,0.274944567627494,0.682352941176471,0.682352941176471,0.211308916764675,0.359270876497263,0.371462344355254
"Low","TUSD","GUSD",451,309,130,179,0.685144124168514,0.288248337028825,0.39689578713969,-0.108647450110865,0.420711974110032,0.579288025889968,-0.104868221984098,0.271667040058842,0.334237560934034
"Low","TUSD","DAI",451,298,218,80,0.660753880266075,0.483370288248337,0.177383592017738,0.305986696230599,0.731543624161074,0.731543624161074,0.12595197919797,0.224969624477269,0.259489960851904
"Low","TUSD","sUSD",451,263,96,167,0.583148558758315,0.212860310421286,0.370288248337029,-0.157427937915743,0.365019011406844,0.634980988593156,-0.0899149423904335,0.190362104439361,0.33195384747632
"Low","TUSD","EURS",451,286,186,100,0.634146341463415,0.412416851441242,0.221729490022173,0.190687361419069,0.65034965034965,0.65034965034965,0.0861106016401726,0.190750418213662,0.247697180877316
"Low","TUSD","IDRT",451,275,123,152,0.609756097560976,0.272727272727273,0.337028824833703,-0.0643015521064302,0.447272727272727,0.552727272727273,-0.0313006119515507,0.212001093817583,0.240286685853354
"Low","TUSD","PAXG",451,270,103,167,0.598669623059867,0.228381374722838,0.370288248337029,-0.141906873614191,0.381481481481481,0.618518518518518,-0.0486085724863544,0.116159080819567,0.161781182642171
"Low","USDP","USDT",451,304,238,66,0.674057649667406,0.527716186252772,0.146341463414634,0.381374722838137,0.782894736842105,0.782894736842105,0.0781219844314306,0.134630123729429,0.180444275939227
"Low","USDP","USDC",451,309,274,35,0.685144124168514,0.607538802660754,0.0776053215077605,0.529933481152993,0.88673139158576,0.88673139158576,0.136782964228281,0.164282718307335,0.224179684225167
"Low","USDP","BUSD",451,295,221,74,0.65410199556541,0.490022172949002,0.164079822616408,0.325942350332594,0.749152542372881,0.749152542372881,0.109741707876147,0.169718607970126,0.356620476893172
"Low","USDP","TUSD",451,388,307,81,0.860310421286031,0.680709534368071,0.17960088691796,0.501108647450111,0.791237113402062,0.791237113402062,0.175087173853819,0.267269416027574,0.342573331178079
"Low","USDP","GUSD",451,282,179,103,0.625277161862528,0.39689578713969,0.228381374722838,0.168514412416851,0.634751773049645,0.634751773049645,0.139265631963775,0.295037890186895,0.324957255430499
"Low","USDP","DAI",451,309,207,102,0.685144124168514,0.458980044345898,0.226164079822616,0.232815964523282,0.669902912621359,0.669902912621359,0.0373296228634643,0.0749341243434124,0.141717387357104
"Low","USDP","sUSD",451,248,148,100,0.549889135254989,0.328159645232816,0.221729490022173,0.106430155210643,0.596774193548387,0.596774193548387,0.0602148825757774,0.147170154728984,0.227226155053873
"Low","USDP","EURS",451,273,125,148,0.605321507760532,0.277161862527716,0.328159645232816,-0.0509977827050998,0.457875457875458,0.542124542124542,-0.0358084543932229,0.140869763503533,0.19177552904052
"Low","USDP","IDRT",451,248,128,120,0.549889135254989,0.283813747228381,0.266075388026608,0.0177383592017739,0.516129032258065,0.516129032258065,0.00940281298794975,0.101124596292985,0.200925187593897
"Low","USDP","PAXG",451,283,163,120,0.627494456762749,0.361419068736142,0.266075388026608,0.0953436807095344,0.575971731448763,0.575971731448763,0.0517265096504039,0.120238749422869,0.155290364922717
"Low","GUSD","USDT",451,289,162,127,0.64079822616408,0.35920177383592,0.28159645232816,0.0776053215077605,0.560553633217993,0.560553633217993,0.0228287616165018,0.110881451020718,0.131074898148481
"Low","GUSD","USDC",451,278,187,91,0.616407982261641,0.414634146341463,0.201773835920177,0.212860310421286,0.672661870503597,0.672661870503597,0.0439071540218617,0.0808558212076495,0.116369907718453
"Low","GUSD","BUSD",451,279,202,77,0.618625277161863,0.447893569844789,0.170731707317073,0.277161862527716,0.724014336917563,0.724014336917563,0.143536213867292,0.228484907383345,0.241891751427527
"Low","GUSD","TUSD",451,267,184,83,0.592017738359202,0.407982261640798,0.184035476718404,0.223946784922395,0.689138576779026,0.689138576779026,0.0720487225823882,0.114975466622111,0.135053911128099
"Low","GUSD","USDP",451,294,208,86,0.651884700665188,0.46119733924612,0.190687361419069,0.270509977827051,0.707482993197279,0.707482993197279,0.0619693240411046,0.109719051186224,0.165274539089161
"Low","GUSD","DAI",451,242,124,118,0.536585365853659,0.274944567627494,0.261640798226164,0.0133037694013304,0.512396694214876,0.512396694214876,0.00389061061313394,0.0812596582910003,0.0862756049698897
"Low","GUSD","sUSD",451,336,110,226,0.745011086474501,0.24390243902439,0.501108647450111,-0.257206208425721,0.327380952380952,0.672619047619048,-0.0764373955074913,0.193220281872014,0.219789164146106
"Low","GUSD","EURS",451,302,170,132,0.669623059866962,0.376940133037694,0.292682926829268,0.0842572062084258,0.562913907284768,0.562913907284768,0.0197673724346753,0.16330069343687,0.168577385987304
"Low","GUSD","IDRT",451,347,209,138,0.76940133037694,0.463414634146341,0.305986696230599,0.157427937915743,0.602305475504323,0.602305475504323,0.0600052749800874,0.168977317865271,0.202796341882087
"Low","GUSD","PAXG",451,330,201,129,0.731707317073171,0.445676274944568,0.286031042128603,0.159645232815965,0.609090909090909,0.609090909090909,0.0382261145308613,0.0987385721542577,0.117643922170174
"Low","DAI","USDT",451,355,326,29,0.787139689578714,0.722838137472284,0.0643015521064302,0.658536585365854,0.91830985915493,0.91830985915493,0.451304461436973,0.49071796516645,0.54867530857496
"Low","DAI","USDC",451,319,300,19,0.707317073170732,0.665188470066519,0.0421286031042129,0.623059866962306,0.940438871473354,0.940438871473354,0.244188598074781,0.272056460137114,0.331491031225738
"Low","DAI","BUSD",451,280,152,128,0.620842572062084,0.337028824833703,0.283813747228381,0.0532150776053215,0.542857142857143,0.542857142857143,0.0288529944458574,0.135831423948478,0.408075658793457
"Low","DAI","TUSD",451,268,189,79,0.594235033259424,0.419068736141907,0.175166297117517,0.24390243902439,0.705223880597015,0.705223880597015,0.100485044971777,0.221637357662139,0.246240145635508
"Low","DAI","USDP",451,291,184,107,0.645232815964523,0.407982261640798,0.237250554323725,0.170731707317073,0.632302405498282,0.632302405498282,0.0651308809555724,0.174912798745611,0.243493956160771
"Low","DAI","GUSD",451,284,168,116,0.629711751662971,0.372505543237251,0.257206208425721,0.11529933481153,0.591549295774648,0.591549295774648,0.0676232468875374,0.209485123419998,0.37812882830431
"Low","DAI","sUSD",451,250,107,143,0.554323725055432,0.237250554323725,0.317073170731707,-0.0798226164079823,0.428,0.572,-0.0700828359159111,0.185046085330931,0.408555256466818
"Low","DAI","EURS",451,215,120,95,0.476718403547672,0.266075388026608,0.210643015521064,0.0554323725055432,0.558139534883721,0.558139534883721,0.0437485573439848,0.226097601231934,0.2766816864011
"Low","DAI","IDRT",451,247,145,102,0.547671840354767,0.321507760532151,0.226164079822616,0.0953436807095344,0.587044534412955,0.587044534412955,0.0664256618598651,0.162275531314693,0.241895822240367
"Low","DAI","PAXG",451,257,77,180,0.569844789356984,0.170731707317073,0.399113082039911,-0.228381374722838,0.299610894941634,0.700389105058366,-0.0875513487787092,0.116529276226967,0.20211129830127
"Low","sUSD","USDT",451,254,128,126,0.563192904656319,0.283813747228381,0.279379157427938,0.00443458980044348,0.503937007874016,0.503937007874016,0.00245631846844524,0.152153974218874,0.170459600378393
"Low","sUSD","USDC",451,303,171,132,0.671840354767184,0.379157427937916,0.292682926829268,0.0864745011086475,0.564356435643564,0.564356435643564,0.0326668108075567,0.106399794074117,0.187675273617434
"Low","sUSD","BUSD",451,318,210,108,0.70509977827051,0.465631929046563,0.239467849223947,0.226164079822616,0.660377358490566,0.660377358490566,0.0789880652645359,0.235252040618139,0.371534457756358
"Low","sUSD","TUSD",451,275,89,186,0.609756097560976,0.197339246119734,0.412416851441242,-0.215077605321508,0.323636363636364,0.676363636363636,-0.0573655309442988,0.0710386233088363,0.158011048652762
"Low","sUSD","USDP",451,272,137,135,0.60310421286031,0.303769401330377,0.299334811529933,0.00443458980044348,0.503676470588235,0.503676470588235,0.00151064069830093,0.0718412247518136,0.128182459100544
"Low","sUSD","GUSD",451,275,130,145,0.609756097560976,0.288248337028825,0.321507760532151,-0.0332594235033259,0.472727272727273,0.527272727272727,-0.03437149307024,0.19166916100999,0.314185145714327
"Low","sUSD","DAI",451,281,120,161,0.623059866962306,0.266075388026608,0.356984478935698,-0.0909090909090909,0.427046263345196,0.572953736654804,-0.0245240588040732,0.0963420298201978,0.172234725471682
"Low","sUSD","EURS",451,329,171,158,0.729490022172949,0.379157427937916,0.350332594235033,0.0288248337028825,0.519756838905775,0.519756838905775,0.0290935110263451,0.180638562021482,0.290990239175925
"Low","sUSD","IDRT",451,299,164,135,0.662971175166297,0.363636363636364,0.299334811529933,0.0643015521064302,0.548494983277592,0.548494983277592,0.0356132143025676,0.122248376770248,0.215777344189548
"Low","sUSD","PAXG",451,328,113,215,0.727272727272727,0.250554323725055,0.476718403547672,-0.226164079822616,0.344512195121951,0.655487804878049,-0.0565410547321169,0.134486178198529,0.188546985855082
"Low","EURS","USDT",451,267,119,148,0.592017738359202,0.263858093126386,0.328159645232816,-0.0643015521064302,0.445692883895131,0.554307116104869,-0.0195862926240595,0.0920989033136804,0.145222346929801
"Low","EURS","USDC",451,278,133,145,0.616407982261641,0.29490022172949,0.321507760532151,-0.0266075388026608,0.47841726618705,0.52158273381295,-0.0103935930128472,0.105511088209879,0.140246074489017
"Low","EURS","BUSD",451,237,106,131,0.52549889135255,0.235033259423503,0.290465631929047,-0.0554323725055432,0.447257383966245,0.552742616033755,-0.0381641570189219,0.12719165573051,0.249074702073468
"Low","EURS","TUSD",451,265,160,105,0.587583148558758,0.354767184035477,0.232815964523282,0.121951219512195,0.60377358490566,0.60377358490566,0.0208161664681498,0.113756709651049,0.18306896823157
"Low","EURS","USDP",451,271,132,139,0.600886917960089,0.292682926829268,0.30820399113082,-0.0155210643015521,0.487084870848708,0.512915129151292,-0.0102630689687843,0.07939467959132,0.136638152681886
"Low","EURS","GUSD",451,260,143,117,0.57649667405765,0.317073170731707,0.259423503325942,0.057649667405765,0.55,0.55,0.0299988111202364,0.183263748053702,0.230202527078943
"Low","EURS","DAI",451,317,172,145,0.702882483370288,0.381374722838137,0.321507760532151,0.0598669623059866,0.542586750788643,0.542586750788643,0.0135600040083311,0.139575259187584,0.161520250602373
"Low","EURS","sUSD",451,341,155,186,0.75609756097561,0.343680709534368,0.412416851441242,-0.0687361419068736,0.454545454545455,0.545454545454545,-0.0264756014915271,0.13251979206803,0.218548732805034
"Low","EURS","IDRT",451,272,171,101,0.60310421286031,0.379157427937916,0.223946784922395,0.155210643015521,0.628676470588235,0.628676470588235,0.091934757339351,0.19045791168319,0.190139788167166
"Low","EURS","PAXG",451,289,132,157,0.64079822616408,0.292682926829268,0.348115299334812,-0.0554323725055433,0.456747404844291,0.543252595155709,-0.0177709702906906,0.132389158446778,0.164426814142156
"Low","IDRT","USDT",451,290,193,97,0.643015521064302,0.427937915742794,0.215077605321508,0.212860310421286,0.66551724137931,0.66551724137931,0.049913389739174,0.108309408763003,0.161122440603508
"Low","IDRT","USDC",451,300,182,118,0.665188470066519,0.403547671840355,0.261640798226164,0.141906873614191,0.606666666666667,0.606666666666667,0.0264670394859681,0.129963321890957,0.178004614458202
"Low","IDRT","BUSD",451,286,189,97,0.634146341463415,0.419068736141907,0.215077605321508,0.203991130820399,0.660839160839161,0.660839160839161,0.0496910462076967,0.155005171634689,0.374722071587136
"Low","IDRT","TUSD",451,265,201,64,0.587583148558758,0.445676274944568,0.141906873614191,0.303769401330377,0.758490566037736,0.758490566037736,0.0488702568559982,0.0949581054292788,0.145007932556245
"Low","IDRT","USDP",451,269,169,100,0.596452328159645,0.374722838137472,0.221729490022173,0.152993348115299,0.628252788104089,0.628252788104089,0.0265675557848714,0.121654172872107,0.172303569647346
"Low","IDRT","GUSD",451,328,214,114,0.727272727272727,0.47450110864745,0.252771618625277,0.221729490022173,0.652439024390244,0.652439024390244,0.0882997621855418,0.216862793591029,0.212326475121575
"Low","IDRT","DAI",451,257,173,84,0.569844789356984,0.383592017738359,0.186252771618625,0.197339246119734,0.673151750972763,0.673151750972763,0.026801892136313,0.0746441494370464,0.112524310047051
"Low","IDRT","sUSD",451,363,241,122,0.804878048780488,0.534368070953437,0.270509977827051,0.263858093126386,0.663911845730028,0.663911845730028,0.0768004368056657,0.201267379251242,0.345788896197887
"Low","IDRT","EURS",451,357,257,100,0.791574279379157,0.569844789356984,0.221729490022173,0.348115299334812,0.719887955182073,0.719887955182073,0.112654380663489,0.227712255863927,0.234622601214872
"Low","IDRT","PAXG",451,321,212,109,0.711751662971175,0.470066518847007,0.241685144124169,0.228381374722838,0.660436137071651,0.660436137071651,0.113924802042435,0.202642780208201,0.199012832388646
"Low","PAXG","USDT",451,304,172,132,0.674057649667406,0.381374722838137,0.292682926829268,0.0886917960088692,0.56578947368421,0.56578947368421,0.0543043692416353,0.15968870304073,0.18828409122044
"Low","PAXG","USDC",451,269,143,126,0.596452328159645,0.317073170731707,0.279379157427938,0.0376940133037694,0.531598513011152,0.531598513011152,0.0285401283275549,0.136976215649792,0.18302241204596
"Low","PAXG","BUSD",451,282,173,109,0.625277161862528,0.383592017738359,0.241685144124169,0.141906873614191,0.613475177304965,0.613475177304965,0.0584459595476644,0.223401104239992,0.403743578528877
"Low","PAXG","TUSD",451,224,110,114,0.496674057649667,0.24390243902439,0.252771618625277,-0.0088691796008869,0.491071428571429,0.508928571428571,-0.00529043174866903,0.122600162408015,0.143360484625025
"Low","PAXG","USDP",451,254,156,98,0.563192904656319,0.34589800443459,0.217294900221729,0.12860310421286,0.614173228346457,0.614173228346457,0.0460937745536601,0.110590226069617,0.197092680975747
"Low","PAXG","GUSD",451,286,190,96,0.634146341463415,0.421286031042129,0.212860310421286,0.208425720620843,0.664335664335664,0.664335664335664,0.127670325140857,0.213183817613033,0.353041332964452
"Low","PAXG","DAI",451,232,74,158,0.514412416851441,0.164079822616408,0.350332594235033,-0.186252771618625,0.318965517241379,0.681034482758621,-0.0576444841464014,0.0899877823917951,0.145574032253964
"Low","PAXG","sUSD",451,270,116,154,0.598669623059867,0.257206208425721,0.341463414634146,-0.0842572062084258,0.42962962962963,0.57037037037037,-0.0400066748018874,0.148144082401636,0.234669644095033
"Low","PAXG","EURS",451,321,153,168,0.711751662971175,0.339246119733925,0.372505543237251,-0.0332594235033259,0.476635514018692,0.523364485981308,-0.053433245525874,0.160064130377037,0.253512619901978
"Low","PAXG","IDRT",451,303,213,90,0.671840354767184,0.472283813747228,0.199556541019956,0.272727272727273,0.702970297029703,0.702970297029703,0.0991166643692387,0.200909016479478,0.239809388798571
"Moderate","USDT","USDC",450,311,240,71,0.691111111111111,0.533333333333333,0.157777777777778,0.375555555555556,0.771704180064309,0.771704180064309,0.102182010101276,0.167815707273368,0.195455492158829
"Moderate","USDT","BUSD",450,241,134,107,0.535555555555556,0.297777777777778,0.237777777777778,0.06,0.556016597510373,0.556016597510373,0.0371263084768944,0.151714251163095,0.294494799240044
"Moderate","USDT","TUSD",450,333,319,14,0.74,0.708888888888889,0.0311111111111111,0.677777777777778,0.957957957957958,0.957957957957958,0.217361109452707,0.224017328561226,0.281464266101155
"Moderate","USDT","USDP",450,252,210,42,0.56,0.466666666666667,0.0933333333333333,0.373333333333333,0.833333333333333,0.833333333333333,0.145224304025657,0.194858617855936,0.219937115757253
"Moderate","USDT","GUSD",450,260,153,107,0.577777777777778,0.34,0.237777777777778,0.102222222222222,0.588461538461538,0.588461538461538,0.0611865589563602,0.199214825574272,0.229431933749427
"Moderate","USDT","DAI",450,372,277,95,0.826666666666667,0.615555555555556,0.211111111111111,0.404444444444444,0.744623655913978,0.744623655913978,0.174033815178662,0.234516752170469,0.297436026024909
"Moderate","USDT","sUSD",450,287,198,89,0.637777777777778,0.44,0.197777777777778,0.242222222222222,0.689895470383275,0.689895470383275,0.100144377404662,0.237067787731749,0.317803566962451
"Moderate","USDT","EURS",450,292,183,109,0.648888888888889,0.406666666666667,0.242222222222222,0.164444444444444,0.626712328767123,0.626712328767123,0.0597964091706056,0.155621190717727,0.202170613014991
"Moderate","USDT","IDRT",450,276,202,74,0.613333333333333,0.448888888888889,0.164444444444444,0.284444444444444,0.731884057971015,0.731884057971015,0.0737360447655333,0.143082970832064,0.182871030993063
"Moderate","USDT","PAXG",450,275,88,187,0.611111111111111,0.195555555555556,0.415555555555556,-0.22,0.32,0.68,-0.07523410143838,0.090284269843587,0.141047076794361
"Moderate","USDC","USDT",450,269,198,71,0.597777777777778,0.44,0.157777777777778,0.282222222222222,0.736059479553903,0.736059479553903,0.164711851859131,0.266735445513281,0.37003878150836
"Moderate","USDC","BUSD",450,306,239,67,0.68,0.531111111111111,0.148888888888889,0.382222222222222,0.781045751633987,0.781045751633987,0.238123862388775,0.324277654837641,0.423903254880498
"Moderate","USDC","TUSD",450,276,217,59,0.613333333333333,0.482222222222222,0.131111111111111,0.351111111111111,0.786231884057971,0.786231884057971,0.165903047981524,0.203881006774747,0.3329184211403
"Moderate","USDC","USDP",450,307,262,45,0.682222222222222,0.582222222222222,0.1,0.482222222222222,0.85342019543974,0.85342019543974,0.21316788525117,0.24478609000864,0.25629465032559
"Moderate","USDC","GUSD",450,236,202,34,0.524444444444444,0.448888888888889,0.0755555555555556,0.373333333333333,0.85593220338983,0.85593220338983,0.143500785363239,0.177612863397269,0.252588931404749
"Moderate","USDC","DAI",450,344,291,53,0.764444444444444,0.646666666666667,0.117777777777778,0.528888888888889,0.84593023255814,0.84593023255814,0.236999503766894,0.297953046594693,0.378130560690864
"Moderate","USDC","sUSD",450,314,254,60,0.697777777777778,0.564444444444444,0.133333333333333,0.431111111111111,0.808917197452229,0.808917197452229,0.131818739276076,0.18357340370014,0.307798483682235
"Moderate","USDC","EURS",450,257,97,160,0.571111111111111,0.215555555555556,0.355555555555556,-0.14,0.377431906614786,0.622568093385214,-0.0858013987827037,0.1247843427851,0.259751587285963
"Moderate","USDC","IDRT",450,222,116,106,0.493333333333333,0.257777777777778,0.235555555555556,0.0222222222222222,0.522522522522523,0.522522522522523,0.0423259110557365,0.23579490473979,0.234017614337956
"Moderate","USDC","PAXG",450,239,149,90,0.531111111111111,0.331111111111111,0.2,0.131111111111111,0.623430962343096,0.623430962343096,0.055764305862098,0.150046249156534,0.171509094046365
"Moderate","BUSD","USDT",450,321,181,140,0.713333333333333,0.402222222222222,0.311111111111111,0.0911111111111111,0.56386292834891,0.56386292834891,0.0231107619319174,0.116280720832744,0.134352111742814
"Moderate","BUSD","USDC",450,330,251,79,0.733333333333333,0.557777777777778,0.175555555555556,0.382222222222222,0.760606060606061,0.760606060606061,0.100379220764325,0.169982980760536,0.17567111861215
"Moderate","BUSD","TUSD",450,333,222,111,0.74,0.493333333333333,0.246666666666667,0.246666666666667,0.666666666666667,0.666666666666667,0.0719141362409001,0.167928267223683,0.191102167893984
"Moderate","BUSD","USDP",450,292,190,102,0.648888888888889,0.422222222222222,0.226666666666667,0.195555555555556,0.650684931506849,0.650684931506849,0.0905194367180051,0.163857347017453,0.153084660673594
"Moderate","BUSD","GUSD",450,333,185,148,0.74,0.411111111111111,0.328888888888889,0.0822222222222222,0.555555555555556,0.555555555555556,0.0280514288656729,0.158408237837614,0.204676132647285
"Moderate","BUSD","DAI",450,262,128,134,0.582222222222222,0.284444444444444,0.297777777777778,-0.0133333333333333,0.488549618320611,0.511450381679389,-0.000804989570872135,0.0598753780229006,0.0998943931788113
"Moderate","BUSD","sUSD",450,304,192,112,0.675555555555556,0.426666666666667,0.248888888888889,0.177777777777778,0.631578947368421,0.631578947368421,0.0257026993976651,0.0914380482576652,0.193250461459542
"Moderate","BUSD","EURS",450,288,152,136,0.64,0.337777777777778,0.302222222222222,0.0355555555555556,0.527777777777778,0.527777777777778,0.0094372259133994,0.0840440905841351,0.157727720305319
"Moderate","BUSD","IDRT",450,293,138,155,0.651111111111111,0.306666666666667,0.344444444444444,-0.0377777777777778,0.47098976109215,0.52901023890785,-0.0135070589535668,0.086058755285916,0.120580661529397
"Moderate","BUSD","PAXG",450,329,213,116,0.731111111111111,0.473333333333333,0.257777777777778,0.215555555555556,0.64741641337386,0.64741641337386,0.0555751507640107,0.115623481436518,0.128525361192777
"Moderate","TUSD","USDT",450,311,284,27,0.691111111111111,0.631111111111111,0.06,0.571111111111111,0.913183279742765,0.913183279742765,0.178566254949132,0.202613615047518,0.289428792930318
"Moderate","TUSD","USDC",450,327,244,83,0.726666666666667,0.542222222222222,0.184444444444444,0.357777777777778,0.746177370030581,0.746177370030581,0.20244688455669,0.293981388252544,0.296630154372996
"Moderate","TUSD","BUSD",450,318,225,93,0.706666666666667,0.5,0.206666666666667,0.293333333333333,0.707547169811321,0.707547169811321,0.19409642482553,0.361291758312407,0.445155551412078
"Moderate","TUSD","USDP",450,354,274,80,0.786666666666667,0.608888888888889,0.177777777777778,0.431111111111111,0.774011299435028,0.774011299435028,0.268156641945487,0.350671872848456,0.357087535672181
"Moderate","TUSD","GUSD",450,266,129,137,0.591111111111111,0.286666666666667,0.304444444444444,-0.0177777777777778,0.484962406015038,0.515037593984962,-0.0155712656557876,0.242245747669849,0.265329051265631
"Moderate","TUSD","DAI",450,303,187,116,0.673333333333333,0.415555555555556,0.257777777777778,0.157777777777778,0.617161716171617,0.617161716171617,0.0754538770032651,0.194980339343245,0.210880558752846
"Moderate","TUSD","sUSD",450,267,126,141,0.593333333333333,0.28,0.313333333333333,-0.0333333333333333,0.471910112359551,0.528089887640449,-0.0239815982791127,0.181448931933426,0.296667032387399
"Moderate","TUSD","EURS",450,262,150,112,0.582222222222222,0.333333333333333,0.248888888888889,0.0844444444444444,0.572519083969466,0.572519083969466,0.0535845480957788,0.164146223093332,0.215523374856391
"Moderate","TUSD","IDRT",450,236,104,132,0.524444444444444,0.231111111111111,0.293333333333333,-0.0622222222222222,0.440677966101695,0.559322033898305,-0.0195920573496651,0.147015103555729,0.207267425456803
"Moderate","TUSD","PAXG",450,283,121,162,0.628888888888889,0.268888888888889,0.36,-0.0911111111111111,0.42756183745583,0.57243816254417,-0.0522427075509339,0.0779274151640756,0.15352275943653
"Moderate","USDP","USDT",450,306,245,61,0.68,0.544444444444444,0.135555555555556,0.408888888888889,0.800653594771242,0.800653594771242,0.102682910313913,0.154146087811767,0.184314716877428
"Moderate","USDP","USDC",450,313,284,29,0.695555555555556,0.631111111111111,0.0644444444444444,0.566666666666667,0.907348242811502,0.907348242811502,0.161158519467731,0.200615024845738,0.249851142921305
"Moderate","USDP","BUSD",450,296,178,118,0.657777777777778,0.395555555555556,0.262222222222222,0.133333333333333,0.601351351351351,0.601351351351351,0.0675708824770512,0.161525334977301,0.344141361151473
"Moderate","USDP","TUSD",450,375,313,62,0.833333333333333,0.695555555555556,0.137777777777778,0.557777777777778,0.834666666666667,0.834666666666667,0.145202503239225,0.238083848097856,0.333221771830572
"Moderate","USDP","GUSD",450,273,163,110,0.606666666666667,0.362222222222222,0.244444444444444,0.117777777777778,0.597069597069597,0.597069597069597,0.0554199644528687,0.247154344217124,0.296853047766419
"Moderate","USDP","DAI",450,255,189,66,0.566666666666667,0.42,0.146666666666667,0.273333333333333,0.741176470588235,0.741176470588235,0.0568101760154501,0.0945988269776192,0.128784458744242
"Moderate","USDP","sUSD",450,252,153,99,0.56,0.34,0.22,0.12,0.607142857142857,0.607142857142857,0.054167230622893,0.131556214390805,0.208188486350207
"Moderate","USDP","EURS",450,272,140,132,0.604444444444444,0.311111111111111,0.293333333333333,0.0177777777777778,0.514705882352941,0.514705882352941,0.0117051229511843,0.113940180498707,0.173188456861799
"Moderate","USDP","IDRT",450,278,150,128,0.617777777777778,0.333333333333333,0.284444444444444,0.0488888888888889,0.539568345323741,0.539568345323741,0.0125072013029256,0.102797665786721,0.267962112472083
"Moderate","USDP","PAXG",450,285,167,118,0.633333333333333,0.371111111111111,0.262222222222222,0.108888888888889,0.585964912280702,0.585964912280702,0.0507343808561895,0.108926338786299,0.141582134279834
"Moderate","GUSD","USDT",450,266,130,136,0.591111111111111,0.288888888888889,0.302222222222222,-0.0133333333333334,0.488721804511278,0.511278195488722,-0.00533515856496301,0.0840700499715075,0.116827937654901
"Moderate","GUSD","USDC",450,292,216,76,0.648888888888889,0.48,0.168888888888889,0.311111111111111,0.73972602739726,0.73972602739726,0.0604335745100582,0.102594277197071,0.108986053449864
"Moderate","GUSD","BUSD",450,281,193,88,0.624444444444444,0.428888888888889,0.195555555555556,0.233333333333333,0.686832740213523,0.686832740213523,0.080980053738365,0.153754102970042,0.205873568420413
"Moderate","GUSD","TUSD",450,282,180,102,0.626666666666667,0.4,0.226666666666667,0.173333333333333,0.638297872340426,0.638297872340426,0.0521388825969913,0.112348439612362,0.145279499255249
"Moderate","GUSD","USDP",450,264,189,75,0.586666666666667,0.42,0.166666666666667,0.253333333333333,0.715909090909091,0.715909090909091,0.0548683656075286,0.10107849688656,0.13746410308528
"Moderate","GUSD","DAI",450,235,129,106,0.522222222222222,0.286666666666667,0.235555555555556,0.0511111111111111,0.548936170212766,0.548936170212766,0.0209146464409902,0.0795034537114648,0.0843099751452794
"Moderate","GUSD","sUSD",450,293,90,203,0.651111111111111,0.2,0.451111111111111,-0.251111111111111,0.307167235494881,0.692832764505119,-0.0589050942425076,0.134846756115864,0.182559148544813
"Moderate","GUSD","EURS",450,311,172,139,0.691111111111111,0.382222222222222,0.308888888888889,0.0733333333333334,0.553054662379421,0.553054662379421,0.0171808330190861,0.13348704718274,0.155185957676401
"Moderate","GUSD","IDRT",450,349,201,148,0.775555555555556,0.446666666666667,0.328888888888889,0.117777777777778,0.57593123209169,0.57593123209169,0.053299153988416,0.207374192126123,0.225916646240092
"Moderate","GUSD","PAXG",450,315,177,138,0.7,0.393333333333333,0.306666666666667,0.0866666666666667,0.561904761904762,0.561904761904762,0.0222342217184778,0.0914537035318834,0.11705775859064
"Moderate","DAI","USDT",450,328,293,35,0.728888888888889,0.651111111111111,0.0777777777777778,0.573333333333333,0.893292682926829,0.893292682926829,0.371114267535813,0.448211929945593,0.497452206395061
"Moderate","DAI","USDC",450,310,283,27,0.688888888888889,0.628888888888889,0.06,0.568888888888889,0.912903225806452,0.912903225806452,0.328137725269769,0.359240270513668,0.362355123434748
"Moderate","DAI","BUSD",450,267,143,124,0.593333333333333,0.317777777777778,0.275555555555556,0.0422222222222222,0.535580524344569,0.535580524344569,0.0240624145323346,0.143795292685789,0.375409673668896
"Moderate","DAI","TUSD",450,250,170,80,0.555555555555556,0.377777777777778,0.177777777777778,0.2,0.68,0.68,0.107486951596386,0.239740765661503,0.244786183577608
"Moderate","DAI","USDP",450,257,175,82,0.571111111111111,0.388888888888889,0.182222222222222,0.206666666666667,0.680933852140078,0.680933852140078,0.10849129829249,0.180330513059881,0.228386328434608
"Moderate","DAI","GUSD",450,283,187,96,0.628888888888889,0.415555555555556,0.213333333333333,0.202222222222222,0.660777385159011,0.660777385159011,0.0980353113667078,0.183478918873434,0.321291482247636
"Moderate","DAI","sUSD",450,224,102,122,0.497777777777778,0.226666666666667,0.271111111111111,-0.0444444444444445,0.455357142857143,0.544642857142857,-0.0456420356981889,0.197916332747918,0.331389188247992
"Moderate","DAI","EURS",450,261,128,133,0.58,0.284444444444444,0.295555555555556,-0.0111111111111111,0.490421455938697,0.509578544061303,-0.0161916937884473,0.135800375005351,0.22822513719812
"Moderate","DAI","IDRT",450,261,169,92,0.58,0.375555555555556,0.204444444444444,0.171111111111111,0.647509578544061,0.647509578544061,0.0709774853815242,0.151341801788216,0.276646066952907
"Moderate","DAI","PAXG",450,268,83,185,0.595555555555556,0.184444444444444,0.411111111111111,-0.226666666666667,0.309701492537313,0.690298507462687,-0.0784649129334802,0.0907104681399063,0.158204690537048
"Moderate","sUSD","USDT",450,274,169,105,0.608888888888889,0.375555555555556,0.233333333333333,0.142222222222222,0.616788321167883,0.616788321167883,0.0589968749443815,0.148978361792414,0.177726604485635
"Moderate","sUSD","USDC",450,296,182,114,0.657777777777778,0.404444444444444,0.253333333333333,0.151111111111111,0.614864864864865,0.614864864864865,0.0470520184736401,0.0939151516560801,0.175095228468279
"Moderate","sUSD","BUSD",450,301,208,93,0.668888888888889,0.462222222222222,0.206666666666667,0.255555555555556,0.691029900332226,0.691029900332226,0.108640047534348,0.30254155492965,0.427946849242183
"Moderate","sUSD","TUSD",450,293,119,174,0.651111111111111,0.264444444444444,0.386666666666667,-0.122222222222222,0.406143344709898,0.593856655290102,-0.0644134858993818,0.0970839460899413,0.191466923737754
"Moderate","sUSD","USDP",450,262,123,139,0.582222222222222,0.273333333333333,0.308888888888889,-0.0355555555555556,0.469465648854962,0.530534351145038,-0.013852319228722,0.0839656271842888,0.133133690511317
"Moderate","sUSD","GUSD",450,293,152,141,0.651111111111111,0.337777777777778,0.313333333333333,0.0244444444444444,0.51877133105802,0.51877133105802,0.0131400189645777,0.169456934028323,0.253862701458732
"Moderate","sUSD","DAI",450,292,104,188,0.648888888888889,0.231111111111111,0.417777777777778,-0.186666666666667,0.356164383561644,0.643835616438356,-0.0391932618354262,0.139243633747179,0.214115575880225
"Moderate","sUSD","EURS",450,328,205,123,0.728888888888889,0.455555555555556,0.273333333333333,0.182222222222222,0.625,0.625,0.0631681994829554,0.18559382404142,0.22587320222981
"Moderate","sUSD","IDRT",450,296,174,122,0.657777777777778,0.386666666666667,0.271111111111111,0.115555555555556,0.587837837837838,0.587837837837838,0.0557822518078664,0.129490567122934,0.369329161547357
"Moderate","sUSD","PAXG",450,315,108,207,0.7,0.24,0.46,-0.22,0.342857142857143,0.657142857142857,-0.0599533468436592,0.138395466510065,0.194143398159617
"Moderate","EURS","USDT",450,264,168,96,0.586666666666667,0.373333333333333,0.213333333333333,0.16,0.636363636363636,0.636363636363636,0.0552353722414691,0.107900474136845,0.139616315598989
"Moderate","EURS","USDC",450,268,125,143,0.595555555555556,0.277777777777778,0.317777777777778,-0.04,0.466417910447761,0.533582089552239,-0.0220197877324036,0.131359002696805,0.156214167404944
"Moderate","EURS","BUSD",450,260,107,153,0.577777777777778,0.237777777777778,0.34,-0.102222222222222,0.411538461538462,0.588461538461538,-0.0591134929904503,0.103430903560207,0.217612328706594
"Moderate","EURS","TUSD",450,246,148,98,0.546666666666667,0.328888888888889,0.217777777777778,0.111111111111111,0.601626016260163,0.601626016260163,0.0271254958847383,0.0864134530975153,0.154359930202342
"Moderate","EURS","USDP",450,259,104,155,0.575555555555556,0.231111111111111,0.344444444444444,-0.113333333333333,0.401544401544402,0.598455598455598,-0.0394733357791931,0.0821678135767048,0.132257118265451
"Moderate","EURS","GUSD",450,256,145,111,0.568888888888889,0.322222222222222,0.246666666666667,0.0755555555555556,0.56640625,0.56640625,0.0268587472542968,0.148938327052054,0.208237095238937
"Moderate","EURS","DAI",450,294,152,142,0.653333333333333,0.337777777777778,0.315555555555556,0.0222222222222223,0.517006802721088,0.517006802721088,0.00415680139023453,0.092293980581819,0.129008890908625
"Moderate","EURS","sUSD",450,295,173,122,0.655555555555556,0.384444444444444,0.271111111111111,0.113333333333333,0.586440677966102,0.586440677966102,0.0466872692752102,0.154851660701149,0.226954654990598
"Moderate","EURS","IDRT",450,259,181,78,0.575555555555556,0.402222222222222,0.173333333333333,0.228888888888889,0.698841698841699,0.698841698841699,0.0932888901847655,0.163571326324541,0.204623489465287
"Moderate","EURS","PAXG",450,311,161,150,0.691111111111111,0.357777777777778,0.333333333333333,0.0244444444444444,0.517684887459807,0.517684887459807,0.012298348433443,0.165560643657827,0.16468438487206
"Moderate","IDRT","USDT",450,284,206,78,0.631111111111111,0.457777777777778,0.173333333333333,0.284444444444444,0.725352112676056,0.725352112676056,0.047958846555239,0.102519676053524,0.162880775070489
"Moderate","IDRT","USDC",450,304,167,137,0.675555555555556,0.371111111111111,0.304444444444444,0.0666666666666667,0.549342105263158,0.549342105263158,0.00995723003589535,0.10737895186727,0.172667761712752
"Moderate","IDRT","BUSD",450,270,167,103,0.6,0.371111111111111,0.228888888888889,0.142222222222222,0.618518518518518,0.618518518518518,0.0172526594088631,0.128921556853765,0.362514163487688
"Moderate","IDRT","TUSD",450,273,198,75,0.606666666666667,0.44,0.166666666666667,0.273333333333333,0.725274725274725,0.725274725274725,0.0427452348865915,0.0809443185497742,0.197982677101632
"Moderate","IDRT","USDP",450,248,131,117,0.551111111111111,0.291111111111111,0.26,0.0311111111111111,0.528225806451613,0.528225806451613,0.00402231761048492,0.101437960198988,0.170037516427911
"Moderate","IDRT","GUSD",450,300,223,77,0.666666666666667,0.495555555555556,0.171111111111111,0.324444444444444,0.743333333333333,0.743333333333333,0.0989676894706966,0.176261955623092,0.193503641306124
"Moderate","IDRT","DAI",450,277,194,83,0.615555555555556,0.431111111111111,0.184444444444444,0.246666666666667,0.700361010830325,0.700361010830325,0.0289008475892162,0.090560188299121,0.143493039537905
"Moderate","IDRT","sUSD",450,336,236,100,0.746666666666667,0.524444444444444,0.222222222222222,0.302222222222222,0.702380952380952,0.702380952380952,0.0991474798985679,0.182816617979928,0.327261225569234
"Moderate","IDRT","EURS",450,324,259,65,0.72,0.575555555555556,0.144444444444444,0.431111111111111,0.799382716049383,0.799382716049383,0.108699604465766,0.155096926633632,0.204367247192746
"Moderate","IDRT","PAXG",450,325,210,115,0.722222222222222,0.466666666666667,0.255555555555556,0.211111111111111,0.646153846153846,0.646153846153846,0.0761117970468315,0.178205984924346,0.180962599461292
"Moderate","PAXG","USDT",450,260,127,133,0.577777777777778,0.282222222222222,0.295555555555556,-0.0133333333333334,0.488461538461538,0.511538461538461,-0.014739898482283,0.14431385778073,0.173491731953093
"Moderate","PAXG","USDC",450,227,104,123,0.504444444444444,0.231111111111111,0.273333333333333,-0.0422222222222222,0.458149779735683,0.541850220264317,-0.0191468422766984,0.112945731614199,0.171520913422955
"Moderate","PAXG","BUSD",450,281,202,79,0.624444444444444,0.448888888888889,0.175555555555556,0.273333333333333,0.718861209964413,0.718861209964413,0.125059189823865,0.292586316893103,0.469680764787276
"Moderate","PAXG","TUSD",450,180,113,67,0.4,0.251111111111111,0.148888888888889,0.102222222222222,0.627777777777778,0.627777777777778,0.0449888337889887,0.139418067200422,0.14806305750232
"Moderate","PAXG","USDP",450,229,146,83,0.508888888888889,0.324444444444444,0.184444444444444,0.14,0.637554585152838,0.637554585152838,0.0862684789484247,0.167705701488757,0.189844492512374
"Moderate","PAXG","GUSD",450,255,166,89,0.566666666666667,0.368888888888889,0.197777777777778,0.171111111111111,0.650980392156863,0.650980392156863,0.0934712339614302,0.183725933902746,0.285748766411828
"Moderate","PAXG","DAI",450,238,86,152,0.528888888888889,0.191111111111111,0.337777777777778,-0.146666666666667,0.361344537815126,0.638655462184874,-0.0578600559444715,0.078655698161307,0.170608447451483
"Moderate","PAXG","sUSD",450,240,99,141,0.533333333333333,0.22,0.313333333333333,-0.0933333333333334,0.4125,0.5875,-0.0391015186396834,0.215159746355498,0.246863795532568
"Moderate","PAXG","EURS",450,316,180,136,0.702222222222222,0.4,0.302222222222222,0.0977777777777778,0.569620253164557,0.569620253164557,0.0450761669753337,0.165847327943587,0.235050477595062
"Moderate","PAXG","IDRT",450,281,194,87,0.624444444444444,0.431111111111111,0.193333333333333,0.237777777777778,0.690391459074733,0.690391459074733,0.103714811912519,0.226107917879995,0.23887825515995
"Elevated","USDT","USDC",451,308,240,68,0.682926829268293,0.532150776053215,0.150776053215078,0.381374722838137,0.779220779220779,0.779220779220779,0.11159877679814,0.187862635022124,0.226469713828851
"Elevated","USDT","BUSD",451,265,172,93,0.587583148558758,0.381374722838137,0.206208425720621,0.175166297117517,0.649056603773585,0.649056603773585,0.0662371526177505,0.183839922895339,0.354143217156973
"Elevated","USDT","TUSD",451,349,340,9,0.773835920177384,0.753880266075388,0.0199556541019956,0.733924611973393,0.974212034383954,0.974212034383954,0.223327647082958,0.22651644085948,0.287138776543496
"Elevated","USDT","USDP",451,265,233,32,0.587583148558758,0.516629711751663,0.0709534368070953,0.445676274944568,0.879245283018868,0.879245283018868,0.162111984743486,0.209705862804798,0.224370897156145
"Elevated","USDT","GUSD",451,249,172,77,0.552106430155211,0.381374722838137,0.170731707317073,0.210643015521064,0.690763052208835,0.690763052208835,0.132494739935578,0.254540774333192,0.2665500477445
"Elevated","USDT","DAI",451,349,254,95,0.773835920177384,0.563192904656319,0.210643015521064,0.352549889135255,0.727793696275072,0.727793696275072,0.157269272578566,0.223117802382696,0.276881014287501
"Elevated","USDT","sUSD",451,277,210,67,0.614190687361419,0.465631929046563,0.148558758314856,0.317073170731707,0.75812274368231,0.75812274368231,0.126652036330011,0.252870693389631,0.296224644172368
"Elevated","USDT","EURS",451,274,195,79,0.607538802660754,0.432372505543237,0.175166297117517,0.257206208425721,0.711678832116788,0.711678832116788,0.0517940574363533,0.106751438947902,0.155402453441883
"Elevated","USDT","IDRT",451,271,185,86,0.600886917960089,0.41019955654102,0.190687361419069,0.219512195121951,0.682656826568266,0.682656826568266,0.0796769388361599,0.144930615709214,0.181152951180505
"Elevated","USDT","PAXG",451,238,79,159,0.527716186252772,0.175166297117517,0.352549889135255,-0.177383592017738,0.331932773109244,0.668067226890756,-0.0694961877518442,0.0949621873898027,0.141450877637773
"Elevated","USDC","USDT",451,269,205,64,0.596452328159645,0.454545454545455,0.141906873614191,0.312638580931264,0.762081784386617,0.762081784386617,0.124130955160263,0.270190210344703,0.336427045378073
"Elevated","USDC","BUSD",451,296,230,66,0.656319290465632,0.509977827050998,0.146341463414634,0.363636363636364,0.777027027027027,0.777027027027027,0.276418835749598,0.40448670712199,0.43490170122016
"Elevated","USDC","TUSD",451,292,226,66,0.647450110864745,0.501108647450111,0.146341463414634,0.354767184035477,0.773972602739726,0.773972602739726,0.140714580042138,0.207292084917019,0.317699761552988
"Elevated","USDC","USDP",451,272,232,40,0.60310421286031,0.514412416851441,0.0886917960088692,0.425720620842572,0.852941176470588,0.852941176470588,0.202368203805446,0.234174901838983,0.229523020089238
"Elevated","USDC","GUSD",451,209,188,21,0.463414634146341,0.416851441241685,0.0465631929046563,0.370288248337029,0.899521531100478,0.899521531100478,0.160039378993663,0.18212698309555,0.260282209528708
"Elevated","USDC","DAI",451,346,300,46,0.767184035476718,0.665188470066519,0.1019955654102,0.563192904656319,0.867052023121387,0.867052023121387,0.256193535727949,0.303769350768398,0.377207136635975
"Elevated","USDC","sUSD",451,321,285,36,0.711751662971175,0.631929046563193,0.0798226164079823,0.552106430155211,0.88785046728972,0.88785046728972,0.165752918121319,0.186693760748706,0.29603228012476
"Elevated","USDC","EURS",451,253,108,145,0.560975609756098,0.239467849223947,0.321507760532151,-0.082039911308204,0.426877470355731,0.573122529644269,-0.0480795218080096,0.10724752015711,0.196693357581274
"Elevated","USDC","IDRT",451,219,149,70,0.485587583148559,0.330376940133038,0.155210643015521,0.175166297117517,0.680365296803653,0.680365296803653,0.131797826739418,0.214961775261655,0.283632251435139
"Elevated","USDC","PAXG",451,248,164,84,0.549889135254989,0.363636363636364,0.186252771618625,0.177383592017738,0.661290322580645,0.661290322580645,0.0635474872430805,0.130111823066505,0.188276126728107
"Elevated","BUSD","USDT",451,287,171,116,0.636363636363636,0.379157427937916,0.257206208425721,0.121951219512195,0.59581881533101,0.59581881533101,0.0304080962815485,0.0834488974390012,0.126332162092056
"Elevated","BUSD","USDC",451,321,248,73,0.711751662971175,0.549889135254989,0.161862527716186,0.388026607538803,0.772585669781931,0.772585669781931,0.0982506951818577,0.172757214899282,0.180706756902355
"Elevated","BUSD","TUSD",451,342,238,104,0.758314855875831,0.527716186252772,0.23059866962306,0.297117516629712,0.695906432748538,0.695906432748538,0.0681065795028482,0.164101642582187,0.176014033107214
"Elevated","BUSD","USDP",451,297,195,102,0.658536585365854,0.432372505543237,0.226164079822616,0.206208425720621,0.656565656565657,0.656565656565657,0.108058804941166,0.182382193167762,0.178566668853772
"Elevated","BUSD","GUSD",451,336,197,139,0.745011086474501,0.436807095343681,0.30820399113082,0.12860310421286,0.586309523809524,0.586309523809524,0.0469091610934739,0.165666582280108,0.211849344176567
"Elevated","BUSD","DAI",451,273,161,112,0.605321507760532,0.356984478935698,0.248337028824834,0.108647450110865,0.58974358974359,0.58974358974359,0.0282678272147571,0.0682096632971439,0.115999182952454
"Elevated","BUSD","sUSD",451,314,161,153,0.696230598669623,0.356984478935698,0.339246119733925,0.0177383592017739,0.512738853503185,0.512738853503185,0.00317934087723051,0.0882690279493046,0.202608469531868
"Elevated","BUSD","EURS",451,262,127,135,0.580931263858093,0.28159645232816,0.299334811529933,-0.0177383592017738,0.484732824427481,0.515267175572519,-0.00304544506887536,0.072370707430504,0.139950170923686
"Elevated","BUSD","IDRT",451,284,146,138,0.629711751662971,0.323725055432373,0.305986696230599,0.0177383592017739,0.514084507042254,0.514084507042254,0.00504451495840938,0.0575498542370751,0.0967988813274084
"Elevated","BUSD","PAXG",451,332,201,131,0.736141906873614,0.445676274944568,0.290465631929047,0.155210643015521,0.605421686746988,0.605421686746988,0.0468785510539677,0.107270585391572,0.131960875844351
"Elevated","TUSD","USDT",451,296,272,24,0.656319290465632,0.60310421286031,0.0532150776053215,0.549889135254989,0.918918918918919,0.918918918918919,0.16251083653861,0.177322770775308,0.256101201489534
"Elevated","TUSD","USDC",451,314,248,66,0.696230598669623,0.549889135254989,0.146341463414634,0.403547671840355,0.789808917197452,0.789808917197452,0.222382313559723,0.269988965484007,0.297431588334302
"Elevated","TUSD","BUSD",451,305,243,62,0.676274944567627,0.53880266075388,0.137472283813747,0.401330376940133,0.79672131147541,0.79672131147541,0.269297612944668,0.400363102325473,0.412741885485767
"Elevated","TUSD","USDP",451,364,307,57,0.80709534368071,0.680709534368071,0.126385809312639,0.554323725055432,0.843406593406593,0.843406593406593,0.337427382635543,0.37284846270867,0.366806635591277
"Elevated","TUSD","GUSD",451,232,148,84,0.514412416851441,0.328159645232816,0.186252771618625,0.141906873614191,0.637931034482759,0.637931034482759,0.0735621420540349,0.182840234210372,0.218356649803145
"Elevated","TUSD","DAI",451,265,170,95,0.587583148558758,0.376940133037694,0.210643015521064,0.16629711751663,0.641509433962264,0.641509433962264,0.0755612586153366,0.207163948736213,0.226152508414457
"Elevated","TUSD","sUSD",451,251,126,125,0.556541019955654,0.279379157427938,0.277161862527716,0.00221729490022171,0.50199203187251,0.50199203187251,0.00095314977633256,0.196692175331812,0.353636068189123
"Elevated","TUSD","EURS",451,277,177,100,0.614190687361419,0.392461197339246,0.221729490022173,0.170731707317073,0.63898916967509,0.63898916967509,0.0599156476397662,0.19042873972232,0.210933079242799
"Elevated","TUSD","IDRT",451,228,97,131,0.505543237250554,0.215077605321508,0.290465631929047,-0.0753880266075388,0.425438596491228,0.574561403508772,-0.0262261394423264,0.139928163254057,0.161071883226292
"Elevated","TUSD","PAXG",451,246,133,113,0.545454545454545,0.29490022172949,0.250554323725055,0.0443458980044346,0.540650406504065,0.540650406504065,0.0265322457081102,0.155695046100202,0.169552017375375
"Elevated","USDP","USDT",451,307,261,46,0.680709534368071,0.578713968957871,0.1019955654102,0.476718403547672,0.850162866449511,0.850162866449511,0.116323844814311,0.151627297943015,0.181419487628309
"Elevated","USDP","USDC",451,279,252,27,0.618625277161863,0.558758314855876,0.0598669623059867,0.498891352549889,0.903225806451613,0.903225806451613,0.199352539793396,0.234656716329504,0.272870426791214
"Elevated","USDP","BUSD",451,300,184,116,0.665188470066519,0.407982261640798,0.257206208425721,0.150776053215078,0.613333333333333,0.613333333333333,0.0716364131715878,0.156392141485035,0.27771304019893
"Elevated","USDP","TUSD",451,388,317,71,0.860310421286031,0.702882483370288,0.157427937915743,0.545454545454545,0.81701030927835,0.81701030927835,0.156837441601637,0.217038764214301,0.310623095142359
"Elevated","USDP","GUSD",451,260,112,148,0.57649667405765,0.248337028824834,0.328159645232816,-0.0798226164079823,0.430769230769231,0.569230769230769,-0.0435076282993307,0.239804282911926,0.300246446669574
"Elevated","USDP","DAI",451,252,193,59,0.558758314855876,0.427937915742794,0.130820399113082,0.297117516629712,0.765873015873016,0.765873015873016,0.0587529611881359,0.0972850968393364,0.135286176319975
"Elevated","USDP","sUSD",451,234,144,90,0.518847006651885,0.319290465631929,0.199556541019956,0.119733924611973,0.615384615384615,0.615384615384615,0.0793775297145718,0.128082397140945,0.300020985441026
"Elevated","USDP","EURS",451,242,113,129,0.536585365853659,0.250554323725055,0.286031042128603,-0.0354767184035477,0.466942148760331,0.533057851239669,-0.0273578161124826,0.0951202465982479,0.155652071275341
"Elevated","USDP","IDRT",451,283,157,126,0.627494456762749,0.348115299334812,0.279379157427938,0.0687361419068737,0.554770318021201,0.554770318021201,0.0396904534520861,0.131467634523315,0.262619702024632
"Elevated","USDP","PAXG",451,296,158,138,0.656319290465632,0.350332594235033,0.305986696230599,0.0443458980044346,0.533783783783784,0.533783783783784,0.0349301644062436,0.139720574079218,0.158018776282551
"Elevated","GUSD","USDT",451,265,142,123,0.587583148558758,0.314855875831486,0.272727272727273,0.0421286031042129,0.535849056603774,0.535849056603774,0.00884087783919314,0.0738534761725452,0.126903260945219
"Elevated","GUSD","USDC",451,277,217,60,0.614190687361419,0.481152993348115,0.133037694013304,0.348115299334812,0.783393501805054,0.783393501805054,0.0493988399626532,0.0776157055695248,0.0989945039707436
"Elevated","GUSD","BUSD",451,308,208,100,0.682926829268293,0.46119733924612,0.221729490022173,0.239467849223947,0.675324675324675,0.675324675324675,0.110755350969118,0.164877643384061,0.218376511517089
"Elevated","GUSD","TUSD",451,295,199,96,0.65410199556541,0.441241685144124,0.212860310421286,0.228381374722838,0.674576271186441,0.674576271186441,0.046277979132009,0.0949967937752572,0.146755071675529
"Elevated","GUSD","USDP",451,269,204,65,0.596452328159645,0.452328159645233,0.144124168514412,0.30820399113082,0.758364312267658,0.758364312267658,0.0581187399077152,0.0723829526823394,0.118005730331371
"Elevated","GUSD","DAI",451,248,150,98,0.549889135254989,0.332594235033259,0.217294900221729,0.11529933481153,0.604838709677419,0.604838709677419,0.0366237722744037,0.0794115290481225,0.0810923530305144
"Elevated","GUSD","sUSD",451,288,112,176,0.638580931263858,0.248337028824834,0.390243902439024,-0.141906873614191,0.388888888888889,0.611111111111111,-0.0372063764157244,0.0832269346735253,0.184643160094595
"Elevated","GUSD","EURS",451,306,191,115,0.678492239467849,0.42350332594235,0.254988913525499,0.168514412416851,0.624183006535948,0.624183006535948,0.0312288171260941,0.124714834428544,0.16302232175061
"Elevated","GUSD","IDRT",451,324,206,118,0.71840354767184,0.456762749445676,0.261640798226164,0.195121951219512,0.635802469135803,0.635802469135803,0.0885028430933248,0.226245099271467,0.234306692480203
"Elevated","GUSD","PAXG",451,305,185,120,0.676274944567627,0.41019955654102,0.266075388026608,0.144124168514412,0.60655737704918,0.60655737704918,0.0447457621614111,0.0872055299514783,0.12626459681502
"Elevated","DAI","USDT",451,297,270,27,0.658536585365854,0.598669623059867,0.0598669623059867,0.53880266075388,0.909090909090909,0.909090909090909,0.370895310423526,0.451261941118348,0.485586217058505
"Elevated","DAI","USDC",451,310,257,53,0.687361419068736,0.569844789356984,0.117516629711752,0.452328159645233,0.829032258064516,0.829032258064516,0.216106060494624,0.360712112911961,0.339708555371574
"Elevated","DAI","BUSD",451,248,154,94,0.549889135254989,0.341463414634146,0.208425720620843,0.133037694013304,0.620967741935484,0.620967741935484,0.047277167178615,0.151213280655622,0.414596915430497
"Elevated","DAI","TUSD",451,229,161,68,0.507760532150776,0.356984478935698,0.150776053215078,0.206208425720621,0.703056768558952,0.703056768558952,0.0684633407382715,0.130444505862805,0.186708051583575
"Elevated","DAI","USDP",451,227,171,56,0.503325942350333,0.379157427937916,0.124168514412417,0.254988913525499,0.753303964757709,0.753303964757709,0.133849221464347,0.170892439802924,0.210570035691317
"Elevated","DAI","GUSD",451,277,186,91,0.614190687361419,0.412416851441242,0.201773835920177,0.210643015521064,0.671480144404332,0.671480144404332,0.0977837403349758,0.198028785168989,0.289026363247587
"Elevated","DAI","sUSD",451,232,118,114,0.514412416851441,0.261640798226164,0.252771618625277,0.00886917960088696,0.508620689655172,0.508620689655172,0.00389939691090357,0.201697428645461,0.390271518775457
"Elevated","DAI","EURS",451,250,128,122,0.554323725055432,0.283813747228381,0.270509977827051,0.0133037694013304,0.512,0.512,0.00862587614119395,0.11491424150791,0.214687536666585
"Elevated","DAI","IDRT",451,241,145,96,0.534368070953437,0.321507760532151,0.212860310421286,0.108647450110865,0.601659751037344,0.601659751037344,0.0283103677274564,0.140335775167231,0.294486332864032
"Elevated","DAI","PAXG",451,250,102,148,0.554323725055432,0.226164079822616,0.328159645232816,-0.1019955654102,0.408,0.592,-0.0281809154927884,0.129418201579674,0.186954227408463
"Elevated","sUSD","USDT",451,280,198,82,0.620842572062084,0.439024390243902,0.181818181818182,0.257206208425721,0.707142857142857,0.707142857142857,0.0993195372007034,0.158711162738649,0.207562185827389
"Elevated","sUSD","USDC",451,292,196,96,0.647450110864745,0.434589800443459,0.212860310421286,0.221729490022173,0.671232876712329,0.671232876712329,0.0510744034021796,0.0889599079757097,0.168368848971953
"Elevated","sUSD","BUSD",451,305,193,112,0.676274944567627,0.427937915742794,0.248337028824834,0.17960088691796,0.632786885245902,0.632786885245902,0.0643713074774239,0.247426039370116,0.473282735151468
"Elevated","sUSD","TUSD",451,291,139,152,0.645232815964523,0.30820399113082,0.337028824833703,-0.0288248337028825,0.47766323024055,0.52233676975945,-0.0242004139603679,0.0857765609436688,0.150481786005609
"Elevated","sUSD","USDP",451,247,118,129,0.547671840354767,0.261640798226164,0.286031042128603,-0.024390243902439,0.477732793522267,0.522267206477733,-0.00615877990312657,0.0720076788995272,0.125655310459581
"Elevated","sUSD","GUSD",451,281,181,100,0.623059866962306,0.401330376940133,0.221729490022173,0.17960088691796,0.644128113879004,0.644128113879004,0.0518866731789919,0.126127037728248,0.216833806901955
"Elevated","sUSD","DAI",451,317,139,178,0.702882483370288,0.30820399113082,0.394678492239468,-0.0864745011086474,0.438485804416404,0.561514195583596,-0.0192003828407905,0.116229845742033,0.260071248938435
"Elevated","sUSD","EURS",451,316,202,114,0.700665188470067,0.447893569844789,0.252771618625277,0.195121951219512,0.639240506329114,0.639240506329114,0.0731027899655215,0.179071532630181,0.204501490305728
"Elevated","sUSD","IDRT",451,297,184,113,0.658536585365854,0.407982261640798,0.250554323725055,0.157427937915743,0.61952861952862,0.61952861952862,0.069112192445466,0.152681598590165,0.341859812073666
"Elevated","sUSD","PAXG",451,331,118,213,0.733924611973392,0.261640798226164,0.472283813747228,-0.210643015521064,0.356495468277946,0.643504531722054,-0.0549358432654808,0.187695727614062,0.203446304652218
"Elevated","EURS","USDT",451,286,198,88,0.634146341463415,0.439024390243902,0.195121951219512,0.24390243902439,0.692307692307692,0.692307692307692,0.0552372929409762,0.0940369204052228,0.122331730272957
"Elevated","EURS","USDC",451,278,157,121,0.616407982261641,0.348115299334812,0.268292682926829,0.0798226164079823,0.564748201438849,0.564748201438849,0.024685419095967,0.145136806366836,0.171801594957516
"Elevated","EURS","BUSD",451,265,103,162,0.587583148558758,0.228381374722838,0.35920177383592,-0.130820399113082,0.388679245283019,0.611320754716981,-0.0542930777738809,0.121136262726893,0.229384768395195
"Elevated","EURS","TUSD",451,256,177,79,0.567627494456763,0.392461197339246,0.175166297117517,0.217294900221729,0.69140625,0.69140625,0.0516821713815603,0.100336362565845,0.141992871602412
"Elevated","EURS","USDP",451,220,98,122,0.48780487804878,0.217294900221729,0.270509977827051,-0.0532150776053215,0.445454545454545,0.554545454545455,-0.0151169376030028,0.0821074948607129,0.131617425371487
"Elevated","EURS","GUSD",451,264,169,95,0.585365853658537,0.374722838137472,0.210643015521064,0.164079822616408,0.640151515151515,0.640151515151515,0.0515382708731476,0.158481467629439,0.217595685506251
"Elevated","EURS","DAI",451,267,146,121,0.592017738359202,0.323725055432373,0.268292682926829,0.0554323725055432,0.546816479400749,0.546816479400749,0.0148330881330933,0.0806076939523284,0.12644756904741
"Elevated","EURS","sUSD",451,279,181,98,0.618625277161863,0.401330376940133,0.217294900221729,0.184035476718404,0.648745519713262,0.648745519713262,0.0730296355859167,0.138333889533466,0.267558525562359
"Elevated","EURS","IDRT",451,279,230,49,0.618625277161863,0.509977827050998,0.108647450110865,0.401330376940133,0.824372759856631,0.824372759856631,0.133900193487145,0.163080037573645,0.236524075987903
"Elevated","EURS","PAXG",451,314,189,125,0.696230598669623,0.419068736141907,0.277161862527716,0.141906873614191,0.601910828025478,0.601910828025478,0.074014135744324,0.174463318944777,0.187654733962428
"Elevated","IDRT","USDT",451,281,221,60,0.623059866962306,0.490022172949002,0.133037694013304,0.356984478935699,0.786476868327402,0.786476868327402,0.0767274619365699,0.124851006088475,0.171690963042388
"Elevated","IDRT","USDC",451,315,197,118,0.698447893569845,0.436807095343681,0.261640798226164,0.175166297117517,0.625396825396825,0.625396825396825,0.029098441935917,0.130322678488355,0.171854924728775
"Elevated","IDRT","BUSD",451,253,131,122,0.560975609756098,0.290465631929047,0.270509977827051,0.0199556541019956,0.517786561264822,0.517786561264822,0.0076335349197081,0.133243218949018,0.337212554182719
"Elevated","IDRT","TUSD",451,265,193,72,0.587583148558758,0.427937915742794,0.159645232815965,0.268292682926829,0.728301886792453,0.728301886792453,0.0486596146784108,0.103428311224768,0.196829361533588
"Elevated","IDRT","USDP",451,249,127,122,0.552106430155211,0.28159645232816,0.270509977827051,0.0110864745011087,0.51004016064257,0.51004016064257,0.0037328595298283,0.0903566141598098,0.144875891241152
"Elevated","IDRT","GUSD",451,284,208,76,0.629711751662971,0.46119733924612,0.168514412416851,0.292682926829268,0.732394366197183,0.732394366197183,0.117844648411355,0.206852968514533,0.207556963984404
"Elevated","IDRT","DAI",451,253,162,91,0.560975609756098,0.35920177383592,0.201773835920177,0.157427937915743,0.640316205533597,0.640316205533597,0.018300146689503,0.0935968958948803,0.152320332387733
"Elevated","IDRT","sUSD",451,340,232,108,0.753880266075388,0.514412416851441,0.239467849223947,0.274944567627494,0.682352941176471,0.682352941176471,0.0944116508089266,0.19808282739491,0.345194589701686
"Elevated","IDRT","EURS",451,313,247,66,0.694013303769401,0.547671840354767,0.146341463414634,0.401330376940133,0.789137380191693,0.789137380191693,0.0767841803213984,0.118003244243634,0.176515149132924
"Elevated","IDRT","PAXG",451,325,226,99,0.720620842572062,0.501108647450111,0.219512195121951,0.28159645232816,0.695384615384615,0.695384615384615,0.103107087999979,0.189945121415499,0.198316015569642
"Elevated","PAXG","USDT",451,223,124,99,0.494456762749446,0.274944567627494,0.219512195121951,0.0554323725055433,0.556053811659193,0.556053811659193,0.0427916576089896,0.134888112620923,0.151237518109015
"Elevated","PAXG","USDC",451,207,103,104,0.458980044345898,0.228381374722838,0.23059866962306,-0.00221729490022171,0.497584541062802,0.502415458937198,-0.00646109058194691,0.099145710492264,0.174731939021961
"Elevated","PAXG","BUSD",451,275,174,101,0.609756097560976,0.385809312638581,0.223946784922395,0.161862527716186,0.632727272727273,0.632727272727273,0.0967579687764451,0.332830312125347,0.393568869437522
"Elevated","PAXG","TUSD",451,165,112,53,0.365853658536585,0.248337028824834,0.117516629711752,0.130820399113082,0.678787878787879,0.678787878787879,0.0711476143718956,0.13070939337768,0.142907264721859
"Elevated","PAXG","USDP",451,224,158,66,0.496674057649667,0.350332594235033,0.146341463414634,0.203991130820399,0.705357142857143,0.705357142857143,0.0914247425667424,0.14961774874011,0.206373366346238
"Elevated","PAXG","GUSD",451,277,194,83,0.614190687361419,0.430155210643016,0.184035476718404,0.246119733924612,0.700361010830325,0.700361010830325,0.111568105257461,0.245655735014448,0.284619387280921
"Elevated","PAXG","DAI",451,236,113,123,0.523281596452328,0.250554323725055,0.272727272727273,-0.0221729490022173,0.478813559322034,0.521186440677966,-0.0303016265708688,0.0759609289587203,0.185690818242901
"Elevated","PAXG","sUSD",451,256,91,165,0.567627494456763,0.201773835920177,0.365853658536585,-0.164079822616408,0.35546875,0.64453125,-0.0708011486680604,0.187633333668936,0.222642584767135
"Elevated","PAXG","EURS",451,297,174,123,0.658536585365854,0.385809312638581,0.272727272727273,0.113082039911308,0.585858585858586,0.585858585858586,0.0477074114082579,0.126732139450744,0.213063915489084
"Elevated","PAXG","IDRT",451,258,198,60,0.572062084257206,0.439024390243902,0.133037694013304,0.305986696230599,0.767441860465116,0.767441860465116,0.119177914409488,0.183168957021915,0.225792344751306
"Severe","USDT","USDC",450,310,245,65,0.688888888888889,0.544444444444444,0.144444444444444,0.4,0.790322580645161,0.790322580645161,0.123862413565863,0.201628016934718,0.229967116490452
"Severe","USDT","BUSD",450,250,190,60,0.555555555555556,0.422222222222222,0.133333333333333,0.288888888888889,0.76,0.76,0.120284447974878,0.201793751763464,0.387475260453147
"Severe","USDT","TUSD",450,353,343,10,0.784444444444444,0.762222222222222,0.0222222222222222,0.74,0.971671388101983,0.971671388101983,0.226086607841008,0.232903927328624,0.316130032482263
"Severe","USDT","USDP",450,286,242,44,0.635555555555556,0.537777777777778,0.0977777777777778,0.44,0.846153846153846,0.846153846153846,0.127644843639099,0.160357190961736,0.198686207909842
"Severe","USDT","GUSD",450,279,199,80,0.62,0.442222222222222,0.177777777777778,0.264444444444444,0.71326164874552,0.71326164874552,0.16632833691363,0.319992899733469,0.313656775319845
"Severe","USDT","DAI",450,331,282,49,0.735555555555556,0.626666666666667,0.108888888888889,0.517777777777778,0.851963746223565,0.851963746223565,0.184975883731479,0.210387144877513,0.235364622560681
"Severe","USDT","sUSD",450,274,215,59,0.608888888888889,0.477777777777778,0.131111111111111,0.346666666666667,0.784671532846715,0.784671532846715,0.111240131424108,0.280211139365107,0.300827698968319
"Severe","USDT","EURS",450,243,181,62,0.54,0.402222222222222,0.137777777777778,0.264444444444444,0.744855967078189,0.744855967078189,0.0552113633403342,0.077235227856557,0.143099321671145
"Severe","USDT","IDRT",450,245,175,70,0.544444444444444,0.388888888888889,0.155555555555556,0.233333333333333,0.714285714285714,0.714285714285714,0.103778624204185,0.137510643600559,0.292715448608118
"Severe","USDT","PAXG",450,254,100,154,0.564444444444444,0.222222222222222,0.342222222222222,-0.12,0.393700787401575,0.606299212598425,-0.0293415198634984,0.106267315204288,0.140018740617827
"Severe","USDC","USDT",450,267,229,38,0.593333333333333,0.508888888888889,0.0844444444444444,0.424444444444444,0.857677902621723,0.857677902621723,0.25378298586955,0.383647711582614,0.431021077690692
"Severe","USDC","BUSD",450,352,256,96,0.782222222222222,0.568888888888889,0.213333333333333,0.355555555555556,0.727272727272727,0.727272727272727,0.182001520610826,0.317366853052903,0.460268508316121
"Severe","USDC","TUSD",450,279,210,69,0.62,0.466666666666667,0.153333333333333,0.313333333333333,0.752688172043011,0.752688172043011,0.165779863564431,0.28388763739057,0.341056136274586
"Severe","USDC","USDP",450,262,225,37,0.582222222222222,0.5,0.0822222222222222,0.417777777777778,0.858778625954199,0.858778625954199,0.179462260092022,0.204954608331372,0.203535570609878
"Severe","USDC","GUSD",450,203,175,28,0.451111111111111,0.388888888888889,0.0622222222222222,0.326666666666667,0.862068965517241,0.862068965517241,0.317858356797557,0.360882590823381,0.374440447671453
"Severe","USDC","DAI",450,304,213,91,0.675555555555556,0.473333333333333,0.202222222222222,0.271111111111111,0.700657894736842,0.700657894736842,0.195231780637131,0.326096833480676,0.406300179135213
"Severe","USDC","sUSD",450,269,233,36,0.597777777777778,0.517777777777778,0.08,0.437777777777778,0.866171003717472,0.866171003717472,0.174211201821774,0.203159683578772,0.30924174390041
"Severe","USDC","EURS",450,224,102,122,0.497777777777778,0.226666666666667,0.271111111111111,-0.0444444444444445,0.455357142857143,0.544642857142857,-0.0527074105946565,0.175767392673128,0.238808394726634
"Severe","USDC","IDRT",450,207,169,38,0.46,0.375555555555556,0.0844444444444444,0.291111111111111,0.816425120772947,0.816425120772947,0.143274710115478,0.180710079466998,0.403170167926672
"Severe","USDC","PAXG",450,261,236,25,0.58,0.524444444444444,0.0555555555555556,0.468888888888889,0.904214559386973,0.904214559386973,0.130094267294388,0.1470425938119,0.192685456930971
"Severe","BUSD","USDT",450,252,193,59,0.56,0.428888888888889,0.131111111111111,0.297777777777778,0.765873015873016,0.765873015873016,0.0643292917269968,0.0899034005362749,0.118360864497086
"Severe","BUSD","USDC",450,299,243,56,0.664444444444444,0.54,0.124444444444444,0.415555555555556,0.812709030100334,0.812709030100334,0.0925973254414496,0.126280448713179,0.163582124813215
"Severe","BUSD","TUSD",450,329,181,148,0.731111111111111,0.402222222222222,0.328888888888889,0.0733333333333333,0.550151975683891,0.550151975683891,0.044042716293194,0.235819984036925,0.237190887268134
"Severe","BUSD","USDP",450,298,192,106,0.662222222222222,0.426666666666667,0.235555555555556,0.191111111111111,0.644295302013423,0.644295302013423,0.110962133910876,0.211891126874955,0.214638905542288
"Severe","BUSD","GUSD",450,315,162,153,0.7,0.36,0.34,0.02,0.514285714285714,0.514285714285714,0.0131008772626786,0.204130372429448,0.228423849201439
"Severe","BUSD","DAI",450,289,188,101,0.642222222222222,0.417777777777778,0.224444444444444,0.193333333333333,0.650519031141868,0.650519031141868,0.0392598153568791,0.0807292231364183,0.103086115124252
"Severe","BUSD","sUSD",450,324,153,171,0.72,0.34,0.38,-0.04,0.472222222222222,0.527777777777778,-0.0078535947937768,0.192110087471414,0.188708073253207
"Severe","BUSD","EURS",450,299,142,157,0.664444444444444,0.315555555555556,0.348888888888889,-0.0333333333333334,0.474916387959866,0.525083612040134,-0.0128234516662561,0.0889599028419531,0.133587448494346
"Severe","BUSD","IDRT",450,241,105,136,0.535555555555556,0.233333333333333,0.302222222222222,-0.0688888888888889,0.435684647302905,0.564315352697095,-0.0284762159120259,0.050356033237831,0.123068964914676
"Severe","BUSD","PAXG",450,341,137,204,0.757777777777778,0.304444444444444,0.453333333333333,-0.148888888888889,0.401759530791789,0.598240469208211,-0.0226873347923805,0.103457272715272,0.156562666155286
"Severe","TUSD","USDT",450,298,264,34,0.662222222222222,0.586666666666667,0.0755555555555556,0.511111111111111,0.885906040268456,0.885906040268456,0.142324691577433,0.164838187921514,0.234266509913853
"Severe","TUSD","USDC",450,301,235,66,0.668888888888889,0.522222222222222,0.146666666666667,0.375555555555556,0.780730897009967,0.780730897009967,0.175589335063686,0.272355902133251,0.27492649459256
"Severe","TUSD","BUSD",450,250,203,47,0.555555555555556,0.451111111111111,0.104444444444444,0.346666666666667,0.812,0.812,0.179192974549696,0.297466024182601,0.337950952391852
"Severe","TUSD","USDP",450,362,275,87,0.804444444444444,0.611111111111111,0.193333333333333,0.417777777777778,0.759668508287293,0.759668508287293,0.317637143128296,0.412993483652067,0.366224268915408
"Severe","TUSD","GUSD",450,230,186,44,0.511111111111111,0.413333333333333,0.0977777777777778,0.315555555555556,0.808695652173913,0.808695652173913,0.107595252434072,0.147656183109595,0.217087351178452
"Severe","TUSD","DAI",450,240,119,121,0.533333333333333,0.264444444444444,0.268888888888889,-0.00444444444444447,0.495833333333333,0.504166666666667,-0.00564683819170454,0.181421903048952,0.198261873728762
"Severe","TUSD","sUSD",450,292,147,145,0.648888888888889,0.326666666666667,0.322222222222222,0.00444444444444442,0.503424657534247,0.503424657534247,0.00577401663176343,0.258441779733731,0.339006663083085
"Severe","TUSD","EURS",450,275,201,74,0.611111111111111,0.446666666666667,0.164444444444444,0.282222222222222,0.730909090909091,0.730909090909091,0.102711683619158,0.212753544576096,0.221635851321238
"Severe","TUSD","IDRT",450,214,127,87,0.475555555555556,0.282222222222222,0.193333333333333,0.0888888888888889,0.593457943925234,0.593457943925234,0.0701775646841022,0.138255729491136,0.171369635111265
"Severe","TUSD","PAXG",450,240,118,122,0.533333333333333,0.262222222222222,0.271111111111111,-0.00888888888888889,0.491666666666667,0.508333333333333,-0.00996958049703496,0.147620916483082,0.155432101455071
"Severe","USDP","USDT",450,307,267,40,0.682222222222222,0.593333333333333,0.0888888888888889,0.504444444444444,0.86970684039088,0.86970684039088,0.11153673511051,0.123108023473702,0.155322920116863
"Severe","USDP","USDC",450,289,265,24,0.642222222222222,0.588888888888889,0.0533333333333333,0.535555555555556,0.916955017301038,0.916955017301038,0.229600199488162,0.259188460957104,0.256742506131538
"Severe","USDP","BUSD",450,272,203,69,0.604444444444444,0.451111111111111,0.153333333333333,0.297777777777778,0.746323529411765,0.746323529411765,0.149051225704781,0.204007274279078,0.391008123319688
"Severe","USDP","TUSD",450,353,283,70,0.784444444444444,0.628888888888889,0.155555555555556,0.473333333333333,0.801699716713881,0.801699716713881,0.15994413147989,0.20210581783755,0.311149813069381
"Severe","USDP","GUSD",450,200,66,134,0.444444444444444,0.146666666666667,0.297777777777778,-0.151111111111111,0.33,0.67,-0.0812899370754938,0.239869643230991,0.330529605527337
"Severe","USDP","DAI",450,237,172,65,0.526666666666667,0.382222222222222,0.144444444444444,0.237777777777778,0.725738396624473,0.725738396624473,0.0611947872598178,0.103814123047181,0.133743222525545
"Severe","USDP","sUSD",450,229,113,116,0.508888888888889,0.251111111111111,0.257777777777778,-0.00666666666666665,0.493449781659389,0.506550218340611,-0.0180056233902179,0.241112295629636,0.423516644364874
"Severe","USDP","EURS",450,212,80,132,0.471111111111111,0.177777777777778,0.293333333333333,-0.115555555555556,0.377358490566038,0.622641509433962,-0.069999463934133,0.0794265626446151,0.187120642611962
"Severe","USDP","IDRT",450,256,128,128,0.568888888888889,0.284444444444444,0.284444444444444,0,0.5,0.5,-0.000974297290446535,0.234839365973357,0.30461838163105
"Severe","USDP","PAXG",450,307,223,84,0.682222222222222,0.495555555555556,0.186666666666667,0.308888888888889,0.726384364820847,0.726384364820847,0.0745689468894245,0.137175800392491,0.176311536210814
"Severe","GUSD","USDT",450,333,180,153,0.74,0.4,0.34,0.06,0.540540540540541,0.540540540540541,0.0136451254246753,0.0802921732114309,0.129617977065902
"Severe","GUSD","USDC",450,269,192,77,0.597777777777778,0.426666666666667,0.171111111111111,0.255555555555556,0.713754646840149,0.713754646840149,0.044982700717307,0.0658313028323055,0.0814996678266495
"Severe","GUSD","BUSD",450,327,182,145,0.726666666666667,0.404444444444444,0.322222222222222,0.0822222222222222,0.556574923547401,0.556574923547401,0.0428064123134665,0.122810862839469,0.185349095816262
"Severe","GUSD","TUSD",450,343,269,74,0.762222222222222,0.597777777777778,0.164444444444444,0.433333333333333,0.784256559766764,0.784256559766764,0.0438249964495955,0.0687819256819482,0.178200772202467
"Severe","GUSD","USDP",450,239,168,71,0.531111111111111,0.373333333333333,0.157777777777778,0.215555555555556,0.702928870292887,0.702928870292887,0.0531617609921097,0.0708426144748008,0.11298985983059
"Severe","GUSD","DAI",450,260,140,120,0.577777777777778,0.311111111111111,0.266666666666667,0.0444444444444445,0.538461538461538,0.538461538461538,0.0107666260885561,0.0587617153383197,0.078599178195656
"Severe","GUSD","sUSD",450,292,136,156,0.648888888888889,0.302222222222222,0.346666666666667,-0.0444444444444445,0.465753424657534,0.534246575342466,-0.0138632442597663,0.0872632894526597,0.205859522710805
"Severe","GUSD","EURS",450,298,182,116,0.662222222222222,0.404444444444444,0.257777777777778,0.146666666666667,0.610738255033557,0.610738255033557,0.0322456800759355,0.118196129941229,0.16384197805478
"Severe","GUSD","IDRT",450,234,158,76,0.52,0.351111111111111,0.168888888888889,0.182222222222222,0.675213675213675,0.675213675213675,0.13750696562907,0.270914965119858,0.241585321571583
"Severe","GUSD","PAXG",450,313,221,92,0.695555555555556,0.491111111111111,0.204444444444444,0.286666666666667,0.706070287539936,0.706070287539936,0.0529844510293211,0.0860999431399614,0.121446899023475
"Severe","DAI","USDT",450,329,314,15,0.731111111111111,0.697777777777778,0.0333333333333333,0.664444444444445,0.954407294832827,0.954407294832827,0.266270648642586,0.2878408018753,0.380073825811233
"Severe","DAI","USDC",450,244,164,80,0.542222222222222,0.364444444444444,0.177777777777778,0.186666666666667,0.672131147540984,0.672131147540984,0.108000392482529,0.228103328410876,0.257879303848192
"Severe","DAI","BUSD",450,234,129,105,0.52,0.286666666666667,0.233333333333333,0.0533333333333333,0.551282051282051,0.551282051282051,0.0277191719248066,0.102882873662201,0.279378690205629
"Severe","DAI","TUSD",450,207,104,103,0.46,0.231111111111111,0.228888888888889,0.00222222222222221,0.502415458937198,0.502415458937198,0.00120993351696402,0.088701051577943,0.192547773735436
"Severe","DAI","USDP",450,180,144,36,0.4,0.32,0.08,0.24,0.8,0.8,0.125165505029508,0.152119513662861,0.181219646676249
"Severe","DAI","GUSD",450,236,120,116,0.524444444444444,0.266666666666667,0.257777777777778,0.00888888888888889,0.508474576271186,0.508474576271186,0.00825705913610928,0.149242452578305,0.245052589805776
"Severe","DAI","sUSD",450,257,115,142,0.571111111111111,0.255555555555556,0.315555555555556,-0.06,0.447470817120623,0.552529182879377,-0.0812729264948544,0.127604107545809,0.346872062970072
"Severe","DAI","EURS",450,267,135,132,0.593333333333333,0.3,0.293333333333333,0.00666666666666665,0.50561797752809,0.50561797752809,0.00355178546056238,0.13418614828352,0.242058682872635
"Severe","DAI","IDRT",450,203,122,81,0.451111111111111,0.271111111111111,0.18,0.0911111111111111,0.600985221674877,0.600985221674877,0.0408491245644193,0.148346536944857,0.402174211835247
"Severe","DAI","PAXG",450,280,164,116,0.622222222222222,0.364444444444444,0.257777777777778,0.106666666666667,0.585714285714286,0.585714285714286,0.0567708010558819,0.23956271658445,0.273153803694856
"Severe","sUSD","USDT",450,284,173,111,0.631111111111111,0.384444444444444,0.246666666666667,0.137777777777778,0.609154929577465,0.609154929577465,0.0837514852064173,0.253251054613747,0.229383105439391
"Severe","sUSD","USDC",450,251,153,98,0.557777777777778,0.34,0.217777777777778,0.122222222222222,0.609561752988048,0.609561752988048,0.0291181730179512,0.113356332576723,0.128808977966331
"Severe","sUSD","BUSD",450,307,163,144,0.682222222222222,0.362222222222222,0.32,0.0422222222222222,0.530944625407166,0.530944625407166,0.0361158861169625,0.204325779124411,0.409166409391045
"Severe","sUSD","TUSD",450,329,124,205,0.731111111111111,0.275555555555556,0.455555555555556,-0.18,0.376899696048632,0.623100303951368,-0.0929582434531065,0.0991735275605731,0.246374139430035
"Severe","sUSD","USDP",450,275,89,186,0.611111111111111,0.197777777777778,0.413333333333333,-0.215555555555556,0.323636363636364,0.676363636363636,-0.0729519020142672,0.0502895030331845,0.140708468220062
"Severe","sUSD","GUSD",450,234,115,119,0.52,0.255555555555556,0.264444444444444,-0.00888888888888889,0.491452991452991,0.508547008547009,-0.00459813545404424,0.115977928160334,0.226400052311242
"Severe","sUSD","DAI",450,307,109,198,0.682222222222222,0.242222222222222,0.44,-0.197777777777778,0.355048859934853,0.644951140065147,-0.0519576650688631,0.141035019523246,0.351400490234503
"Severe","sUSD","EURS",450,301,214,87,0.668888888888889,0.475555555555556,0.193333333333333,0.282222222222222,0.710963455149502,0.710963455149502,0.135433894204122,0.182911832325465,0.202933904259939
"Severe","sUSD","IDRT",450,242,135,107,0.537777777777778,0.3,0.237777777777778,0.0622222222222222,0.557851239669422,0.557851239669422,0.0348937455168676,0.163810558553628,0.242140569792089
"Severe","sUSD","PAXG",450,301,137,164,0.668888888888889,0.304444444444444,0.364444444444444,-0.06,0.45514950166113,0.54485049833887,-0.017757087573715,0.11982828558853,0.218831476202874
"Severe","EURS","USDT",450,239,169,70,0.531111111111111,0.375555555555556,0.155555555555556,0.22,0.707112970711297,0.707112970711297,0.0519068876164324,0.0806814387620681,0.131259033834883
"Severe","EURS","USDC",450,308,202,106,0.684444444444444,0.448888888888889,0.235555555555556,0.213333333333333,0.655844155844156,0.655844155844156,0.0567962527098101,0.126973638056009,0.149628148223283
"Severe","EURS","BUSD",450,268,135,133,0.595555555555556,0.3,0.295555555555556,0.00444444444444442,0.503731343283582,0.503731343283582,0.0292348457180908,0.12427680935119,0.245501006552619
"Severe","EURS","TUSD",450,227,141,86,0.504444444444444,0.313333333333333,0.191111111111111,0.122222222222222,0.621145374449339,0.621145374449339,0.0521958285472532,0.103991707515961,0.131922119568385
"Severe","EURS","USDP",450,192,106,86,0.426666666666667,0.235555555555556,0.191111111111111,0.0444444444444444,0.552083333333333,0.552083333333333,0.0275008045512783,0.107738705268393,0.147849287707742
"Severe","EURS","GUSD",450,248,149,99,0.551111111111111,0.331111111111111,0.22,0.111111111111111,0.600806451612903,0.600806451612903,0.0780027506894095,0.192804908965163,0.281720240654574
"Severe","EURS","DAI",450,259,112,147,0.575555555555556,0.248888888888889,0.326666666666667,-0.0777777777777778,0.432432432432432,0.567567567567568,-0.0347153869662589,0.0620242397450623,0.132322135207379
"Severe","EURS","sUSD",450,273,183,90,0.606666666666667,0.406666666666667,0.2,0.206666666666667,0.67032967032967,0.67032967032967,0.0697564210380443,0.169613975448904,0.28635451627826
"Severe","EURS","IDRT",450,304,226,78,0.675555555555556,0.502222222222222,0.173333333333333,0.328888888888889,0.743421052631579,0.743421052631579,0.144488461484356,0.255016028502755,0.362680287249328
"Severe","EURS","PAXG",450,311,212,99,0.691111111111111,0.471111111111111,0.22,0.251111111111111,0.681672025723473,0.681672025723473,0.0919820979231695,0.159115691158703,0.210144536531689
"Severe","IDRT","USDT",450,271,182,89,0.602222222222222,0.404444444444444,0.197777777777778,0.206666666666667,0.671586715867159,0.671586715867159,0.0435611065122846,0.0735176572649922,0.150426092551569
"Severe","IDRT","USDC",450,310,197,113,0.688888888888889,0.437777777777778,0.251111111111111,0.186666666666667,0.635483870967742,0.635483870967742,0.0121943545495175,0.0977602875398967,0.121977709389585
"Severe","IDRT","BUSD",450,263,124,139,0.584444444444444,0.275555555555556,0.308888888888889,-0.0333333333333333,0.47148288973384,0.52851711026616,-0.00699040311894217,0.12563552130683,0.319415792641699
"Severe","IDRT","TUSD",450,283,184,99,0.628888888888889,0.408888888888889,0.22,0.188888888888889,0.65017667844523,0.65017667844523,0.0281159917292005,0.0722369228093429,0.441963193330758
"Severe","IDRT","USDP",450,249,89,160,0.553333333333333,0.197777777777778,0.355555555555556,-0.157777777777778,0.357429718875502,0.642570281124498,-0.0115685002222222,0.116303480232617,0.138134248429967
"Severe","IDRT","GUSD",450,300,236,64,0.666666666666667,0.524444444444444,0.142222222222222,0.382222222222222,0.786666666666667,0.786666666666667,0.0780524516514361,0.13820396981252,0.154960877334299
"Severe","IDRT","DAI",450,268,162,106,0.595555555555556,0.36,0.235555555555556,0.124444444444444,0.604477611940298,0.604477611940298,0.00669682915013206,0.0209149567674494,0.122356316032456
"Severe","IDRT","sUSD",450,356,165,191,0.791111111111111,0.366666666666667,0.424444444444444,-0.0577777777777778,0.463483146067416,0.536516853932584,-0.00543876542473632,0.258430426619414,0.455225685778726
"Severe","IDRT","EURS",450,306,238,68,0.68,0.528888888888889,0.151111111111111,0.377777777777778,0.777777777777778,0.777777777777778,0.035380362410808,0.0752004043435763,0.153516116468653
"Severe","IDRT","PAXG",450,316,217,99,0.702222222222222,0.482222222222222,0.22,0.262222222222222,0.686708860759494,0.686708860759494,0.06131540086538,0.175752531784265,0.161485272947199
"Severe","PAXG","USDT",450,215,116,99,0.477777777777778,0.257777777777778,0.22,0.0377777777777778,0.53953488372093,0.53953488372093,0.0180755000295312,0.122026103333886,0.153956691713811
"Severe","PAXG","USDC",450,175,105,70,0.388888888888889,0.233333333333333,0.155555555555556,0.0777777777777778,0.6,0.6,0.0327509862723868,0.102761045536165,0.135838040981025
"Severe","PAXG","BUSD",450,221,121,100,0.491111111111111,0.268888888888889,0.222222222222222,0.0466666666666667,0.547511312217195,0.547511312217195,0.0406488990148177,0.307582338161018,0.337289694016164
"Severe","PAXG","TUSD",450,181,108,73,0.402222222222222,0.24,0.162222222222222,0.0777777777777778,0.596685082872928,0.596685082872928,0.0422134395610878,0.0899829793376827,0.114430187045478
"Severe","PAXG","USDP",450,221,172,49,0.491111111111111,0.382222222222222,0.108888888888889,0.273333333333333,0.778280542986425,0.778280542986425,0.116708580137594,0.149840230199717,0.216721039148785
"Severe","PAXG","GUSD",450,322,198,124,0.715555555555556,0.44,0.275555555555556,0.164444444444444,0.614906832298137,0.614906832298137,0.0591702934476323,0.234444726586639,0.327248176014318
"Severe","PAXG","DAI",450,266,177,89,0.591111111111111,0.393333333333333,0.197777777777778,0.195555555555556,0.665413533834586,0.665413533834586,0.0552443368989823,0.113605801800553,0.203091312529021
"Severe","PAXG","sUSD",450,248,101,147,0.551111111111111,0.224444444444444,0.326666666666667,-0.102222222222222,0.407258064516129,0.592741935483871,-0.0305765578642683,0.218234604460542,0.229295377090549
"Severe","PAXG","EURS",450,266,149,117,0.591111111111111,0.331111111111111,0.26,0.0711111111111111,0.56015037593985,0.56015037593985,0.0255915349286369,0.116505532245387,0.174287516797662
"Severe","PAXG","IDRT",450,169,125,44,0.375555555555556,0.277777777777778,0.0977777777777778,0.18,0.739644970414201,0.739644970414201,0.105632194106964,0.138508921805218,0.185165618440695
