date,usd_coin,binance_usd,gemini_dollar,stasis_eurs,rupiah_token,tether,nusd,pax_gold,true_usd,paxos_standard,dai
2020-04-01,3.16184145246363,1.97142052755686,1.22543968086051,0.878782606332155,2.17856077430274,2.5121136293947,1.2069868388065,1.25911174163934,2.51851506490003,1.7029702016238,1.59667659972853
2020-04-02,1.98316479652965,0,3.90797163101917,0.994289704713304,2.12994708581094,4.10307650785795,1.14114179815247,1.07172466683149,2.37810734129544,1.62023158561073,1.0156142514871
2020-04-03,2.72514129002022,1.99999469549589,2.28020573373374,0.962526284499622,0.911436889398887,3.05586260289248,1.03642499461545,1.08714500707807,2.4977765002799,1.5783455507066,0.491304150176705
2020-04-04,2.07219922046138,1.89192670374198,3.69285271086474,0.89949960797827,0.989675343723168,3.21476562629663,1.08211550187295,1.0412833952109,6.72918675787266,1.17458053053713,2.36470687751278
2020-04-05,1.89279817603448,2.6475460842884,3.53347453969776,0.821765023530336,0.730828619239697,3.19167418106443,0.920574846557634,1.02464638398968,2.93679740299148,1.39016436119457,2.32788503810829
2020-04-06,2.28161635228208,2.19195965727908,3.63337156618177,1.00826017185716,0.758167982396689,3.67055708851445,1.01334315057081,1.07189931699643,4.82757532853611,1.34260026037032,2.06315387303403
2020-04-07,2.77441025804815,2.5292764242557,3.50541587072739,1.18550238146771,0.736628036374455,3.2484649815146,0.409573699156719,0.888447651275251,2.97792720577065,1.94274305442681,1.85604411153222
2020-04-08,2.82125593711289,2.98958900240597,3.48254147507846,1.20872329834766,0.941784801234216,3.34423054362269,1.56860021566473,0.91934403517779,2.83353429337035,1.25289667215537,1.83992909484658
2020-04-09,2.31707644646284,2.06820498156805,3.51772760539023,1.18161794944658,0.797156332957591,3.37903390017509,1.90238539122761,1.04506433287053,2.52929056440187,1.13118475046115,1.49943964634948
2020-04-10,2.36795345030915,3.03038607283948,1.48341246862253,1.15513578460318,0.777474903006625,3.78292980157287,1.95275196855699,0.629832339107614,2.92242203150447,1.80084207531155,0.844259859528868
2020-04-11,2.06002278312971,2.91755228245094,3.96492047242873,1.22697402605933,0.820896746545995,3.48481678211328,2.03629788655237,0.567360190379884,3.90195725294031,2.00860308219972,1.26475842304362
2020-04-12,2.42109209667664,2.14315525833415,1.71449243329738,1.10478209764972,1.03038032601771,3.31645661957217,1.60233744276058,0.604961548466779,3.672004165316,2.10066140854327,1.72802504703348
2020-04-13,2.30468551617148,2.60402118249365,1.7375930684484,0.969458445244516,1.78105677172865,2.77192600883241,1.57555617887525,0.674854557754675,6.68060529184916,3.38773482891679,2.19799425821863
2020-04-14,2.03178317182564,2.06469429006009,1.6458591013387,1.07330772556303,1.14153435142412,3.11608885381818,1.89397775824824,0.554603822708353,6.61371521542551,3.55947519536533,1.48628795010038
2020-04-15,2.36327106156025,2.23004222200235,1.98560344303037,1.20128814528121,1.07284373918774,3.18371864528378,1.12653713520096,0.791815830060438,6.54924518843,3.46234488275151,1.53254128477502
2020-04-16,2.02454145577978,2.33762387103801,2.1018329515774,1.5643856578971,1.06804828731587,3.18947694841911,1.1133854516608,0.566591869512322,6.43449394287502,3.13308302044453,0.887610993516072
2020-04-17,3.06669566092407,2.21562493963666,1.59626121605198,1.47943718071254,0.991668107053062,3.13836812667486,1.13213663937817,0.5338281808987,6.33125491391983,2.6290713073178,0.971184888059086
2020-04-18,1.93322579050699,2.31483009537945,1.40498091858702,0.84460683131165,0.731113535492042,2.9564802166305,1.006324450997,0.757815925455461,4.18882036149326,3.00650928618852,1.57892602531511
2020-04-19,2.69538166978036,2.30460377566624,1.12918524007124,0.759266873824151,1.06965159916701,2.37533386436136,0.976297183142363,1.01345076774492,6.39997717924823,2.69320538241381,1.60770693416481
2020-04-20,2.17076625103578,2.23869572697239,1.53166663099569,0.769457453551285,1.77877885471658,2.61312786278362,1.07555582721657,0.93789434046637,6.0842132317573,2.68703398987448,1.56092971613982
2020-04-21,2.19961855479726,2.11081359624103,1.45051821497149,0.781570254495616,1.10323179713828,2.57170580188037,0.953990870100282,0.642089051558664,4.11698480832661,2.66912636515359,1.54097682546183
2020-04-22,2.19893492920014,2.07760599988235,1.73459634106648,0.810512758729734,1.17955949397488,3.57846096931778,1.01036008297011,0.9373338002578,6.13027639456431,2.68347591849798,1.26832060862443
2020-04-23,2.05182870041141,2.24181620777092,1.1602284590915,0.825429213373742,1.74581620631777,2.94573721410414,1.62163725383807,1.11809448434733,6.49702523469081,2.70622002361192,1.5416371733439
2020-04-24,2.93486239600036,2.07649015390006,1.77121196326595,1.09377258379682,1.61473037097182,2.65773343074564,1.6653838160784,0.917370414269636,6.45197648282751,2.37640279550185,1.46138042570599
2020-04-25,2.1693933458299,2.14206157115002,1.07327041823431,1.10072926700955,1.69092189592975,3.58354925154074,1.07556632613201,0.947187378080352,6.38859645334989,2.19652695586097,1.7392139439952
2020-04-26,2.22919001991313,2.12453902680007,1.44444997367528,1.05861059979158,2.15842403427584,2.96827486094173,1.04677357527891,1.16230329734542,6.24986656160077,2.11100352920586,2.98173952038762
2020-04-27,1.55037144711347,2.11092184248903,1.4840528475944,0.790244198781989,1.822170527645,2.8248261497059,0.917652044259661,0.299952225068168,6.43877865974306,1.88565195174011,1.63641029733079
2020-04-28,1.43074689878962,2.12005456845274,1.87485931303968,0.866264032597633,3.74601316481216,2.77027000144788,1.04051608914286,0.892789232743296,6.49747407253211,2.46253836620807,1.40549267889587
2020-04-29,1.63488304417974,2.19188893983977,1.87559727854404,0.824527404761656,3.5464415808079,2.40528474994068,1.07112040093324,0.980240115350638,5.55449391696092,2.45401978151727,1.17502077439449
2020-04-30,1.65797879125867,2.19341776390744,1.54268364953052,1.09264129749085,3.23698709852238,2.72244373714219,0.997720667062423,0.92423397990841,5.03221098339476,2.45493181586288,1.47983131544606
2020-05-01,1.52758871422586,2.31498583237819,1.42363628566073,0.91012521142002,2.19329222555803,2.5311963181666,1.94312818197524,1.47707756516868,6.19608223820785,1.87886817130733,0.956291871110681
2020-05-02,0.855454187742013,2.36617231175414,1.41344159578126,0.960478246672617,2.16667331628898,2.62645264274964,0.987815494230723,1.61973821491467,6.1424110791536,1.99728567225964,0.634923522502642
2020-05-03,0.858782120834679,2.08459377941105,1.3199415070047,0.926456231631555,2.16519595358502,2.6409043177035,0.989401144457644,1.66655289104882,6.1193026972453,1.94036285586817,0.633313160619676
2020-05-04,0.968865660115505,1.96678075623275,1.78566983929215,0.947595355043143,2.3026041803266,2.63176688521663,0.987563341068717,1.64930564874358,6.01845079715908,1.96076604302733,0.531176555709445
2020-05-05,1.2030291892505,2.34613288450073,1.65605986867031,0.322432155920289,2.39658051889693,2.59826707331947,0.942134291926103,1.31333608384428,6.56832858258373,2.11761824175519,0.55240017163291
2020-05-06,1.2369586908308,2.47210621656863,1.32101794644029,1.00503988958879,2.32223361453759,2.62523867387156,1.17757519037141,1.80251101931022,6.34667153824226,1.81580842959693,0.879539751788557
2020-05-07,4.15288629980457,2.04438208899889,1.52184112090153,1.54796004783671,1.53739672132075,2.70952667427198,0.983969185137249,1.65761769692274,5.25339855403922,1.92591326268237,0.512164195461787
2020-05-08,2.1444289363289,2.01453197986231,1.8376549673636,1.51685236206064,1.49903357392852,2.65148834380871,1.10273792820013,1.68669782845754,4.43738790405372,1.85987181776164,0.523635966355059
2020-05-09,2.61031102585456,2.14895167685526,2.07485806274783,1.48106949676721,2.05303508434137,2.16800697362619,0.955318471452763,1.63170452587661,4.36553635795462,2.22785552592658,0.721967149217001
2020-05-10,2.71812952841923,1.72643413883181,2.10810104886696,1.22132018250737,3.08824755362952,2.16976627209342,1.13179328097076,1.89047035606718,3.90622902346816,0.582067111569789,0.437442350464504
2020-05-11,2.6993722849829,1.65482030471565,1.84565325633911,1.26030005036511,2.60393538212982,2.22907849991125,0.92208201372511,1.79333995855139,4.23933543028905,1.03694081016618,0.737520984869393
2020-05-12,2.28884837419682,1.78289066623142,2.61112927860008,1.20807205381892,2.52201485432929,2.13066477101282,1.15762724978434,1.82664405460735,4.71464844762751,1.10770180659672,0.562791282047897
2020-05-13,2.15943960529613,1.62363275667959,2.0373106559923,1.18875227271589,2.70981064574706,2.0882881396233,1.09759655383271,1.86143854382319,4.63432601344906,1.14026962836702,0.67359932493636
2020-05-14,2.50392342963238,1.96319574284767,1.87308063664678,1.16041389240451,2.70917024619377,1.58857711083107,1.03415298734509,2.00877396356046,4.80752281322972,0.936486912267211,0.729064986154531
2020-05-15,2.07677830095361,1.80186688444137,1.79848011267242,1.69863108416849,2.46705902723954,1.59522437171027,3.39755364807778,1.83016117640167,5.0938695917098,1.11341184814742,2.48355953947207
2020-05-16,2.60487965393828,1.48787759697834,1.84604249717318,0.91802182371151,2.63482658193844,1.48405553211087,2.28985129893732,1.91825198155146,3.2088382989592,0.904185590195782,0.424329385668081
2020-05-17,2.87398515172393,4.85695969146972,1.85519598148361,0.910788318168501,2.10409430692352,1.49218594922779,2.76837917442628,1.92207514605299,4.37366992378805,0.902848841287258,0.414364276198487
2020-05-18,3.01317141346237,6.18128919223765,0.800912795301147,0.868064295337466,2.74248721833901,1.53097592002647,2.8393514237179,1.9944589589791,3.71168217193536,0.530560187110546,0.337073302691984
2020-05-19,1.82969881907078,1.64732901955048,0.678960704540381,0.857714091827534,2.58558562680706,1.6101840323502,2.81427176003088,0.857871971807678,3.36262957961396,1.12177280835571,0.392861292730043
2020-05-20,2.11573687954258,1.64596276460696,1.46294280939154,0.891735063439474,2.92689068641739,1.68868662698246,1.94154392943485,1.57586977432092,3.72495771540565,1.09796597530963,0.491036443456363
2020-05-21,2.11675199796472,2.04218112418652,0.811280914306832,0.939728448475071,2.86577491499775,1.15025072981536,1.86925188700208,1.1231893766671,1.63546739093193,1.0993784811984,0.412530022593737
2020-05-22,1.74557194257732,2.03992474469574,0.802174533371347,1.06158564649445,2.75886330886458,1.20763034349186,1.89905194836625,1.6078950724042,1.69707948979622,1.14188449435551,0.395023945087092
2020-05-23,2.03610878891033,1.51537343620233,0.761608286267856,0.985174147717534,2.31681008850394,1.20345285321274,1.89843099840977,1.67016494700729,1.96598121145486,1.08352202130518,0.404327342932972
2020-05-24,1.27857171957278,1.51838366206256,0.740562040644561,0.72431104654697,2.80264242777195,1.41713874227554,1.89770214808207,1.95382393895335,1.7734667102681,1.22278291419916,0.304649797447259
2020-05-25,2.6755173286933,6.37507278349924,0.827859768544418,1.16883275435252,2.35473078545359,1.81837681381611,1.81576893300211,1.35143542440802,3.58781852294545,0.555128426558972,1.56054566365958
2020-05-26,2.59875115208426,6.31809331467151,0.891230016366023,0.855596284987152,1.78764762449743,2.09343525405778,1.86986499309449,1.33567389929312,5.31576572960299,1.19594473463308,1.93275635128498
2020-05-27,2.54128699196292,6.54001820063446,1.20857470809086,0.818331626205385,2.25731070528213,2.13846750504652,2.96716460318425,0.309185199207795,4.65899952570701,1.29185932750676,3.2905765979557
2020-05-28,2.51066105629283,6.33026428279998,0.924133336674909,0.872521370857863,1.58810118930822,2.18444668190535,3.2342172660057,0.716077501687088,4.05607138545856,1.26353754093345,1.77808307338638
2020-05-29,1.21137612007988,5.26356311928701,1.291377124413,0.84062863848481,2.7282324718716,1.67677815019274,3.30348224031148,0.586523584853872,3.25633012297761,1.12417518878989,1.75208106159012
2020-05-30,2.33014341119797,6.82845999079444,2.20960792290871,0.79673300258174,2.66164324683035,2.19664623823903,3.33508391791484,0.567744429082708,1.30645217730468,1.11860062150288,1.45287704081055
2020-05-31,1.29995633423591,6.9832692463964,2.50400022435801,0.300731685659648,2.53632088711777,2.25490964161978,3.35237320114473,0.710619060499215,3.67963877566559,1.12134471361816,1.70276358776291
2020-06-01,1.97952526219981,7.17475184483448,2.13715642530211,0.7077098908965,3.0874826096173,1.20609644276763,3.43834393922167,0.745887227856509,1.04709698848403,1.09503777998305,1.64117970702024
2020-06-02,2.98123434927785,5.81788949355344,1.45096821190954,0.711383878081637,3.14666124428168,1.17420671197658,3.20223836644546,0.742424740342484,1.36518530305364,1.06845882573332,0.860488084630602
2020-06-03,1.35135155178185,6.74141931209965,1.0006137472825,0.830756781945139,2.47395902132079,0.882422613069198,3.12505483994636,0.511523079146703,3.91045503000884,0.998514143418407,1.94821953521777
2020-06-04,1.29472766138153,6.42075188685035,3.52336664940324,0.905830707692332,2.59534114423765,1.19510450830132,3.18398105257469,1.3389481202553,1.12672805038358,0.471841649858443,2.49372225223706
2020-06-05,1.14574067289482,5.45478796960147,0.989094817597926,1.06961385671538,3.44117889623186,1.26241858591256,2.99707288314397,1.12457915558627,2.03030558249465,0.453998616778569,1.52828831518514
2020-06-06,0.825433824576526,4.98134533620416,4.08695268443161,0.971182748096414,2.91327676572187,1.23988956513863,2.89306795341043,1.14290465869394,1.03539995733754,0.789893977629817,2.17398086434681
2020-06-07,0.880821564261292,5.23318120637979,1.94585312770825,1.07511341192049,2.98170841368367,1.29180453790018,2.0747888226027,1.14192225100007,1.34042789472332,0.790251984989074,1.75428904333967
2020-06-08,0.973584245886353,2.00146577572281,1.92676043750871,1.02022242345414,3.21184166221914,0.755281535830723,2.23449882953496,1.33538311340347,1.36797767629306,0.68468653559573,1.87553254131615
2020-06-09,1.96224166591637,2.62601010048887,1.86692213634185,0.810567553290147,3.09013668950833,1.48952996929202,2.2394945079807,0.965153703049097,3.13978019439287,0.20889871708741,1.82574766333267
2020-06-10,1.34290415355399,3.54213190832336,1.88002703136892,1.36494294655506,2.53901402974508,1.18643237665572,2.1922194085698,0.73783052789541,1.60159112081255,0.947768913537037,1.29083770555966
2020-06-11,1.65486973908828,1.58302203726724,1.24537260405685,1.99590505516119,2.81461977063045,1.508350196002,3.74468383729934,0.706337761760703,1.67440660820275,0.517632588113718,1.58021962697552
2020-06-12,0.898030487723318,2.86343103765043,1.14279387801713,0.807368042816405,2.55684461177566,1.33160382249696,3.68020436451007,2.30835388125635,1.8192068279989,0.421210176603878,0.925059512959841
2020-06-13,1.34543973666951,1.58386851180069,1.34615207676364,1.55096172790431,2.98872144017317,1.0144199020135,3.58665759685045,2.33056046081736,1.7528653331741,0.964270203902583,0.789464175230114
2020-06-14,1.00161371865164,1.60932507710094,1.47226966002616,1.2134313400031,2.91249413085695,0.92169809089386,3.61700592743109,2.1313459262352,2.21831177224078,0.674599835532591,0.889553953007095
2020-06-15,0.865329609364654,1.59436204425476,0.795857029471436,1.19317628792319,2.71768035765347,0.988790122366504,3.77818734734538,2.02620590601321,2.58620108264316,0.717053670367465,0.772882889745013
2020-06-16,0.913434513712938,2.36047724682847,0.915497979054849,0.735347721472031,3.00822774709603,1.52648429811032,0.891755521818655,2.20507953004509,1.37829387281718,0.10288491921184,1.41786278097418
2020-06-17,0.817308511948498,2.32962702221567,1.58006297653945,1.62550920978231,3.01585476889573,1.07326177861535,0.955492989568605,2.05199904474737,2.08011458742982,0.507524278711314,1.3357847373234
2020-06-18,0.68358094869545,1.51456879500687,1.13011673389896,1.59314976118541,3.19291958778051,1.15088127978682,1.04052037089532,0.765395564654212,1.48255413467129,0.555103597068832,1.54060819369416
2020-06-19,0.723252505189642,0.930684211662302,0.536357135039142,1.94487938721962,2.89332748588087,1.3986822976549,1.27755028726186,1.06824014050375,1.46030477531837,0.458768942946464,1.24948112748078
2020-06-20,0.628951973392272,0.976057552054022,0.487711590846492,1.36226200599121,2.81565008146759,1.08538333016651,1.41250539569827,1.02727221198515,2.20001254678857,0.863612850334947,1.41182357298151
2020-06-21,0.584076283678802,0.958997739775864,0.591718147960256,1.48649812554772,2.94196841156755,1.01724867893136,1.2836630711054,0.643726707052949,1.56172807763335,0.300100968066367,1.49867999322513
2020-06-22,1.13981988102799,3.10076637586638,0.894914776702152,1.59677520708797,2.70790109493351,1.1103175263425,1.42592555479058,0.607399845973163,2.32916684017166,0.71608799353126,1.66816988525654
2020-06-23,1.5870782453501,2.807811755138,1.04064783937558,0.867279171590422,2.6403727961135,0.924042624525801,1.24743004042334,0.781958490163261,1.78582787148496,0.909956275921155,1.56941893945625
2020-06-24,0.924422930317334,2.69926859786867,0.966138107255029,1.94671422703959,3.18133674863028,0.902281758326116,1.59892629394681,0.610270398390289,1.81860002538034,0.366806611396198,1.06412749674767
2020-06-25,0.757209011525368,2.83323486207604,0.653927004860625,2.21750802486239,3.13207544154322,0.881175439861772,1.1514722908466,0.857713911857652,1.89719650510345,0.628075220506894,1.18000664331611
2020-06-26,1.21789226968678,2.34275980270236,0.777689947262306,1.71496143607963,1.70717322328441,0.962668748735846,0,0.560199306819648,0.674762462840345,0.367174399855483,1.14759301526805
2020-06-27,1.25141213690326,2.64558180840371,0.595602765594144,2.11252219602003,1.5577993196521,0.851423124300976,0.666051037725773,0.529483874425131,1.11149671137113,0.278318952755269,1.14160993130603
2020-06-28,0.670113934867207,2.6282568368938,0.797623187479989,1.97961413511226,1.57906754453186,1.01929747895122,0.37957274235718,0.520727485555523,0.678734357460822,0.26866747385059,1.17980989850488
2020-06-29,0.334520642032763,1.32685366206976,0.83795257192514,2.06331192682658,2.1117253812883,0.937325175408836,0.319917910861565,0.648478886376077,1.06096622254179,0.432866287555195,1.13278272917688
2020-06-30,1.39772912502566,3.93320148650925,0.601652521525526,1.64977043267631,1.81196532208392,1.36648238342983,0.595234335542559,0.252502563795048,0.861123900972935,0.464845225786028,1.06231155230063
2020-07-01,1.38662139623853,1.80654250476607,0.715947248673866,1.17085192709072,2.25405481380705,1.2620134501269,1.08512007759697,0.479508105571589,0.87880156985347,0.540253063235421,0.805285368368624
2020-07-02,0.246362608103139,2.05058548480775,0.500611112325207,1.3924360852446,1.66178731744684,1.15777608836449,1.05721557888664,0.343877040437298,0.96610802755931,0.799001990800961,0.78126935861881
2020-07-03,0.222395453671424,1.33306260535468,0.830206973496625,1.71762239703729,2.36551884141927,1.30813692988339,1.05919775808702,0.496113002143979,1.04713110523361,0.769724439364941,0.808866329096993
2020-07-04,0.324535162988437,1.27414411727989,0.803031096844657,1.93660023211098,1.55453210884186,1.25907732825562,1.1815483063068,0.444711391410497,0.903467053403806,0.708634328951767,0.894366808516137
2020-07-05,0.311971708350828,1.2629613668775,0.852822137921444,1.83953130778886,1.46924626870468,1.21380753736554,0.888779527142227,0.34811372187559,0.896285784298121,0.757780945465869,0.750407041403564
2020-07-06,0.12523172234133,2.8412962416823,0.723648126888498,2.00937916598724,1.27092862141624,1.01461743645848,1.0231635616707,0.356602862230859,0.864926976287251,0.807981532029998,0.795459421623183
2020-07-07,0.224915448190396,1.40626811755694,0,2.15649120130467,0.516546921368922,1.41092932520815,0.976530820759424,0.450819554550204,0.783008483885281,0.57951254147901,1.78582529201501
2020-07-08,0.215848954982247,1.44778962366888,0.414377860493604,1.9763969025145,0.49642473999437,1.16980328202244,0.949057562277177,1.25012607683004,0.803788919271567,0.646112439009833,1.88812695315509
2020-07-09,0.306717443105836,1.32050327951415,0.494301669659116,1.67692844414207,1.27849071603322,1.30639041650971,1.16524085467172,0.214699390976396,0.89766325856689,0.642371030285056,1.74586086994371
2020-07-10,0.248830847088132,1.17944622640338,0.40644331325525,1.33152710930117,1.14034114613541,1.22034287292046,1.33366340385677,1.04648369939877,0.90256315528743,0.667588616808074,1.07036615596959
2020-07-11,0.213623951112266,1.36132374089239,0.424003535324357,1.80660183353773,0.8704207759709,1.21855258763437,0.908646622982272,1.06544206583558,0.895331768435971,1.33836761193839,1.00539324889588
2020-07-12,0.835432479720099,1.35485963319839,0.246579139243917,1.72404634163956,1.23459171588825,0.86723811146929,0.729883040333123,0.305600856805221,0.971593860230169,1.0566439950836,1.55845171044755
2020-07-13,0.774678344412084,1.23646924567953,0.241904305350944,2.00884524329126,1.11433841524538,0.60135513278322,0.950242905057802,0.475747822433661,0.991312973446321,1.08715922496319,1.12769065967915
2020-07-14,0.785087017862419,1.5094732714494,0.790975294717854,2.3233282295586,0.893681628533599,1.20866762385091,0.979549890119035,0.395419822554148,0.936747430066565,0.8130786384983,1.77028041080119
2020-07-15,0.20950599593219,1.17781556053273,1.00557824036276,2.4107756035001,1.24490711328927,1.09134501018939,0.807160043255317,0.673248285698125,0.915068575056904,0.883885640502896,1.72766644543617
2020-07-16,0.256882111231587,1.10111615650468,0.678076014759249,2.11064534503494,1.1276214436211,1.2732010848853,0.741288509278978,0.51630502202997,0.929137860767814,0.848510553429014,1.42526387145165
2020-07-17,0.774899059947457,1.23337504650918,0.889915840695855,2.00289491871454,0.464211256842746,0.878082528063167,0.783006194144433,0.466762281771837,1.08326523854618,1.1250815900693,0.739877059074466
2020-07-18,0.878505683357109,1.16630050564817,0.774385486030181,2.00530754544563,0.46833525592354,0.887464595744231,0.663317419929189,0.445709114795826,1.13962230235569,0.928462517254613,0.540434866410833
2020-07-19,0.894389162353435,1.16961907995633,1.62559557595834,1.61182657332917,0.921320126906096,1.29287839414167,0.880329568892121,0.419882347709619,0.950020178857966,0.957014165972943,0.742118951181478
2020-07-20,0.597152201705598,1.26260948248374,1.67144993661255,2.25022599864321,0.490853553531617,0.606042383813438,0.969747053825729,0.451435940547845,1.27218389750506,1.36469910327136,1.20728108030451
2020-07-21,0.435946098946064,1.32980308477887,1.75362875372526,2.12952013158959,0.896963105415423,1.59126544544851,0.531477147656041,0.477550168323385,1.02152449612364,0.732854458102089,0.754449979390615
2020-07-22,0.754771173229204,0.459078697418657,2.02775937331166,2.22552371599857,0.910766076130174,0.918823532819137,0.496068751057781,0.873684468097809,0.881615015446077,1.0384363835262,0.877897576324934
2020-07-23,0.404583776811977,0.325222682894714,2.20220695169352,1.92137767333974,0.991796258827373,0.44870994685391,0.566019853833652,0.486353094822256,1.10049037047808,0.565302883911924,0.679954513238896
2020-07-24,0.73510557161004,0.74423698039745,2.34110018794804,2.22087481776193,0.956956652887435,0.226223212064485,0.544330677320155,0.848246834529851,0.57630104784934,0.401908116565535,0.914999890415676
2020-07-25,0.709401743826622,0.631068426112695,1.98836906406209,2.25954694649792,0.969354251226688,0.525377486636967,0.562369918611811,0.574776085370049,0.80469678130459,0.438786294663964,0.942844903204792
2020-07-26,0.447703758390703,0.824650932732479,1.83723583590634,2.44352244851394,0.90890864056219,0.563016581965211,0.711827820890212,0.668268280962427,1.19635426281361,0.804292440900356,0.915084228335268
2020-07-27,0.703794351137098,0.794896337534917,1.8338835250301,1.81289667987701,0.744182993484072,0.474508826483353,0.610841574149596,0.842207448986777,1.120589232329,0.849867346461891,2.29249613148785
2020-07-28,0.777549146862817,0.67415014314654,1.81086138937714,2.00356552770904,1.05150211736578,0.638541967307692,0.630083373057205,0.447235137513308,0.917462794261847,0.807489806548886,2.2449787430294
2020-07-29,0.452410395951543,0.653478999672396,1.87200030713287,1.59191585670883,0.961901478268392,0.600479708949962,0.704165737470745,0.320921513534874,0.776358783441023,0.668109431762062,2.32460310700871
2020-07-30,0.56639068291222,0.798966538973678,1.61354784159958,1.9822287382667,0.411722806949567,0.758881033649311,0.552684757098423,0.522564519904624,0.970876850274526,0.611091668796968,2.31031408619663
2020-07-31,0.551187678131725,1.48231796581259,1.9761862675987,2.00143840526403,0.212821138021265,0.659970991892541,0.450932710690335,0.632383638583436,1.05329169964704,0.775527609297243,2.32234025936246
2020-08-01,0.615984206110126,1.4967199919231,1.37645154774789,1.90360439300278,0.406043351687003,0.637791896870474,0.67601267653696,0.615404559922359,1.06806394351038,0.80583954438023,2.11387037701452
2020-08-02,0.249664692403413,2.87708694575379,1.79196546309264,1.99627806154088,2.22369510052034,0.529281145657696,0.446243044670226,1.80733864771346,0.898489092846427,0.772179119986141,2.03726645784863
2020-08-03,0.477449445105283,1.52016971114855,1.82228612058026,0.830923786681188,2.10467671022976,0.541719597806867,0.369892448765993,0.884493716431235,0.908696892028277,0.683803669433118,2.17259901590532
2020-08-04,0.358691902004089,3.94220040067137,1.8800341966534,0.910551386934051,2.4108763442197,0.24926394488382,0.359761594017961,0.663483494431109,0.66808204135672,1.31118733293023,1.06532334653624
2020-08-05,0.447914550758753,1.52532447956371,1.49711477048952,0.878904605619881,2.14964110951228,0.489525820785522,0.322526512928503,1.15274251447868,0.317219814393364,0.637845880570693,0.988055795903987
2020-08-06,0.77501555785731,1.51207621092446,0.607425120364609,0.641981669999516,3.30474118345967,0.491163055134685,0.548240211908649,0.534005316132096,0.668651046190275,0.999314087197313,0.988030066478541
2020-08-07,0.792172515841359,1.45220341524282,0.37902243263359,1.05990015539864,3.42998671574204,0.760776158027165,0.54657308440416,0.302118397148414,0.740148475877243,0.605893359300108,1.83266729716691
2020-08-08,0.70178091627165,1.1923016383581,0.318991336979043,0.726028171803803,2.48120608908343,0.619029843525752,0.511999338741759,0.607435300414953,0.663179479926153,0.587256893260201,1.06483994985398
2020-08-09,0.885613135482419,0.927376777258452,1.04996446703303,0.539464753608077,2.46231410091998,0.510928787199937,0.361508698829623,0.701525022235905,0.448658581586072,1.0104219290689,1.15921968179581
2020-08-10,1.12717688689314,0.915529819180781,0.469970422490557,0.570396157720531,2.63942180938778,0.591190496628591,1.01053307498766,0.605414405157599,0.714718264329991,1.16394512308797,0.95087787818902
2020-08-11,1.02254822757484,0.474213853665451,0.291864308628401,0.329989056529019,2.67325644055407,0.500307213385149,0.478018464102484,0.64588051593866,0.349635749213926,0.610711913785284,1.0056786355625
2020-08-12,1.10631948502152,0.848062176222894,0.457890564766998,0.473890539941592,2.64584039004143,0.257602303136058,0.643436240297141,0.636757992702891,0.384377933298522,1.16623289314063,1.1452529429593
2020-08-13,1.24195423405169,3.48025673276674,0.863752146942286,0.477055231527741,2.68029316112411,0.506500656806249,0.423106243200183,0.565159155950285,0.345329906777609,1.15017816683807,1.0512178470512
2020-08-14,0.957973459845333,0.890952300957311,1.21999391632991,0.534431187016742,14.4009491853417,1.03025819806041,1.14974148085103,0.525733657214756,0.506678861640749,1.26157813977981,1.15040231090415
2020-08-15,1.1645439652289,0.922334292540744,0.915812724542447,0.354117407890387,12.6196791195912,0.352812027632959,1.19744197264491,0.70887040522458,0.277480719311464,0.693286619501277,1.48484604028842
2020-08-16,1.18440947414421,0.453393581384714,0.327326724092985,0.209723693996538,12.6196791195912,0.211245931579314,0.52069049308943,0.468914843278353,1.06725182606489,0.490231481256635,1.67690594647525
2020-08-17,0.792062238194497,0.931189926627894,0.284615411458773,0.283589077898545,14.5400656650216,0.650881895359364,0.630347279579287,0.346812192842795,1.22895170229949,0.719769744761465,1.62256575527593
2020-08-18,1.21750361369468,0.853943295253224,0.433916888599953,0.325115949247109,16.2840214347053,0.345231438436886,0.629921759593357,0.742454747569004,1.60663668044234,0.827747679536044,0.834288246565405
2020-08-19,1.40396163344122,0.342572991322664,0.698799174084673,1.30398084470482,16.2986080546401,0.271293593757609,0.666205139425415,0.394632999937426,1.31339865052891,0.773358766012284,1.37694932418359
2020-08-20,1.5653255203723,0.41343155965834,0.369993901528305,1.30228066808018,16.746346402346,0.418989478323326,0.484274770409972,0.731065935126418,1.53292840277752,0.944545571901682,0.764831106951653
2020-08-21,1.76610286018317,0.56868130964234,0.600122578111569,1.2024042293058,16.7640434117382,0.324928003879721,0.526819670495905,0.712137782328438,2.57917848012631,1.36302660132477,0.805289419122462
2020-08-22,1.30439863977782,0.441209492627705,1.47786941626545,1.14723182943976,16.7808875026527,0.244649389059718,0.850293974980407,0.824378097248509,1.6318489107233,1.01283169554524,0.886311168461501
2020-08-23,1.38078699738602,0.77846318347744,1.46257717108099,1.1559533629435,16.7808875026527,0.807822147880937,1.43195375408707,0.819475894025671,1.51337782566331,0.548739249793589,0.853289202405207
2020-08-24,1.7334113601321,0.701681810847962,1.00969369612872,1.08403744273051,16.7690044641655,0.835248572163519,0.672308941070231,0.227782597192451,1.43753850786577,0.599875178487322,1.66078259683527
2020-08-25,1.22368831391036,0.74753903608129,2.17799270153938,0.726066681142195,16.544781608543,4.81635301638662,1.26686934721671,0.740972776427242,1.58080284649402,1.03171534501166,1.52503077029045
2020-08-26,1.83036566041176,0.656222229813839,1.46069330620302,0.690789529049968,16.5003529899527,5.03497129673396,1.30645543270654,0.253487740121258,1.50180390210532,0.86985132532485,1.54362769399925
2020-08-27,0.660961833993952,0.864986908294999,1.03277203757354,0.739910005974439,16.3054787158575,1.10203264776227,1.26719418805871,0.58671548991871,1.45852230395039,0.838343714133499,1.68879741292148
2020-08-28,0.907607328252481,2.43242735682817,0.906842726053621,0.729602266833837,16.5019763328911,0.77835182758359,1.33401317003342,0.423018935248981,1.43785783677931,0.837237236262907,0.519620482722241
2020-08-29,0.629185921993027,2.27285926943028,1.03314695982022,0.795663454072146,15.861229004598,0.638866826071199,0.827854882476407,0.39945990683389,1.65666305806584,0.734138265492405,0.617284629570668
2020-08-30,1.09826085542795,2.32902213498489,1.11774037541885,0.440632150015239,15.861229004598,0.20425694312406,1.30519989022109,0.679459740127637,2.43485844103699,0.687443714661709,1.5575829719118
2020-08-31,0.997304050974813,1.33861287136253,1.05216369025115,0.674547794870144,16.0839143375248,0.204174933017125,0.89227227760195,0.749030591031199,1.54757147078289,0.430155951830061,2.15504192110491
2020-09-01,1.27943419444074,0.675027845258529,1.86983919940441,0.526634032827771,17.2868522802098,0.946183697787846,0.55702550209136,1.20124254291562,2.53352590668338,0.840363450590046,0.620567893264372
2020-09-02,1.54493891066002,0.665844507775089,2.10869788899094,0.848444282667164,2.89428075233515,0.639537585999242,0.832920843876509,1.31678325025705,0.566024929399476,0.875999424292701,0.880725512436001
2020-09-03,1.02059381546289,0.579999399964036,1.03171868639093,0.630326180610611,2.95421518037069,0.887031829464934,0.808656356437199,0.871758337183926,0.60475084748589,0.467039903057513,1.67251100416884
2020-09-04,1.12900272299913,0.608453701284112,1.64775075321656,1.4191830286927,7.39999830004507,1.19117101968736,0.881530396064672,0.741531873998606,0.922822491580993,0.389059012905005,1.32214426776339
2020-09-05,1.39095483625269,0.523876887146518,1.37705345542281,0.427433854238749,7.04043995291915,1.05752184104406,1.01307875691844,1.06344668338192,1.00160726139375,0.332981248020046,1.05540572191273
2020-09-06,1.5579578136068,0.249778183029439,1.36413476754805,0.420152575541111,7.25325083915293,0.993906014586288,0.948683369543761,1.02048588650253,1.666469027048,0.328598845156808,1.80421564609438
2020-09-07,1.45170780251437,0.903787516740061,1.70267705276856,0.372361677428052,7.69894830183078,1.53312868639347,0.790393271897854,0.415129459856869,1.41564717938474,0.940991033480942,0.480113393928052
2020-09-08,1.55870167419638,0.915699622914538,0.751063891642302,0.692097478914668,7.48992127004326,1.53212918711582,0.921879875728928,0.914342840505605,0.752362812371322,0.435346668938436,1.21655300045535
2020-09-09,1.12131567447223,0.864730795460475,1.07710126802493,0.269738414836631,2.69104933922685,1.30465559854755,1.06630567832991,0.52654315556465,0.792444333475537,0.212875140993356,0.702955361664576
2020-09-10,1.73300494210178,1.3900563588985,1.22394620089726,0.0976983354323218,2.61472138410428,1.07813370692152,0.916001373069666,0.483870197238663,0.471943444020976,1.50255865593929,0.814030388553621
2020-09-11,1.91251011546898,1.46641362694098,1.29576220594057,0.274494343924823,2.63284631548662,1.56844080076183,1.08610735500513,0.324889352852059,1.04564415091676,1.26622484491979,1.61561242708676
2020-09-12,1.39459872493436,1.4992657500573,1.0534543178537,0.144417334226457,2.73004208809684,1.28018082957473,0.89415533318106,0.453365599231043,1.11196450316142,1.19172664895418,1.60804534191206
2020-09-13,1.23929059108342,1.03853425922748,1.54752719885498,0.21836024427703,2.58307323905823,0.88700626169083,0.866314936591458,0.563626578662332,0.944059818971201,1.13148470767871,0.61055192408635
2020-09-14,2.17078902760869,1.07112854002616,1.13160043957597,0.195987346023435,2.59566041891834,1.05302264015119,1.02032212958,0.794378374575153,1.0718584924342,0.622815454435716,0.662530707410855
2020-09-15,1.40110999607326,1.00004434167271,0.881363544827571,0.228621439295627,2.57564634265955,1.08007992477884,1.06388374621547,0.945818877455506,1.1586596489366,0.916515522373878,0.734270102930505
2020-09-16,1.46187525395288,1.09283335187909,0.972969064194958,0.242740780482662,2.53826833214677,1.06296135246296,1.28789689292778,1.93163841572312,0.826516716784565,0.386396286315909,0.942594154479446
2020-09-17,1.38239887625216,1.56921418787712,0.779040602261496,0.573386186529451,2.50222104482188,0.65400542888349,1.26812923651173,2.17936182129116,0.302562006932542,0.8015658385374,1.00189115611528
2020-09-18,1.45006103094498,1.06594441393316,0.651579618882134,0.325923861177784,2.55221085098577,0.447916140080111,2.04572847776302,2.19175060376628,0.866943962582601,1.1060207086871,1.01538039873012
2020-09-19,0.588120195472625,1.08465578943686,0.642323595909671,0.31232130158764,2.48718250596286,1.04412425836119,1.8417157398903,2.17581920089186,0.954779936324102,1.09098693659725,0.439821207966822
2020-09-20,1.32456167015532,1.46890939680617,0.957195272651475,0.442740098839862,2.50822913718998,0.423354904482365,0.661195764260466,0.796409186735442,0.987965559294417,1.09638209055079,0.64401871198885
2020-09-21,1.22412199619893,1.24388760565615,0.674116994810723,0.392022299389373,2.5764968102704,0.493944981364175,1.64840953515273,0.728500113368273,0.804287916816352,0.622169989684648,0.75448494352474
2020-09-22,1.34089219313534,1.38150230025809,0.46983761768448,0.635445979799456,2.46972638621221,0.544920921974523,0.794175295513209,1.25702323360433,0.961242900556615,0.836411779434192,1.15678697017622
2020-09-23,0.812552178220797,0.947470292094665,0.424944483740423,0.460150767539527,2.9296922280992,0.808699027651561,0.759127100358799,1.1275850514581,0.826757189160785,0.758855831731485,0.784493141016878
2020-09-24,1.36567760257415,1.05717025905042,1.16752060681876,0.461071659694601,2.77104913677988,1.48483998021397,0.449124909508626,1.41630482691466,0.825175820768092,2.05080806257507,1.034321287942
2020-09-25,2.21924335593701,0.896691339998073,1.10932325848625,0.102219317125322,2.80919099363845,1.17270010395838,0.335014999361147,1.04059324097401,1.07853525819483,1.82444092399978,0.846812749503978
2020-09-26,1.36218642688143,1.01912002729769,0.385874445593787,0.0930252550995188,2.80146242960513,0.992300972906825,0.362464112359345,1.00591415638489,0.820427414491966,1.68782848476336,0.858055670646701
2020-09-27,1.44121864042656,1.10971498545795,1.09321530187748,0.0470494618968205,2.82117677100773,1.67931741395571,0.658590276253804,1.37621962332159,1.57960697802975,1.70886503447021,0.94222532502744
2020-09-28,0.987388541817688,0.930691840027483,0.45708064948444,0.0539031479327032,2.77601266448753,1.28112099835466,0.484414983451458,1.44936019522968,1.41963345918769,0.817923352205905,0.981447064768393
2020-09-29,1.49063844965199,1.15502523522157,0.656515030986217,0.0515049172367068,6.16030587527855,1.33733914067491,0.468787898544752,1.47852219515005,1.57146389547194,0.853916589051386,0.906921020528075
2020-09-30,1.78992079025647,1.34339852131646,0.521876240557118,0.190560016051113,6.08591395952737,1.29844890171399,0.39005272801696,1.51680582898639,0.95510221056257,0.75498303067092,1.00147610014353
2020-10-01,1.72166962440486,1.20985103577693,0.512760479276953,0.207846617435424,6.10783495586072,1.56578281441599,1.24106788437469,1.58099748444021,1.03251483089331,0.62073528616911,1.03137608028239
2020-10-02,1.70709179151554,1.02529150633504,0.551836932466008,0.468549283871938,5.97619204442344,1.48539811462125,0.445250218411542,1.49177878730406,0.808503724237832,0.75490209114186,0.923966871878666
2020-10-03,1.56187669246428,1.1917797314746,0.637301993920356,0.470216276926726,5.62287483667747,1.34775102372374,0.524996979880897,1.43618010110957,0.66627432020226,0.868739230809358,0.990351711990046
2020-10-04,1.73321155166178,1.12626470606836,0.51557603807656,0.616756364541511,5.6972408163181,1.3864780968027,0.934857408554414,1.56702007357746,0.932200364055797,0.824924076805277,0.96224292754626
2020-10-05,1.71782604242462,1.20020770579887,0.838948519474803,0.754934828154144,5.77771138273627,1.5032352566073,0.777342690117919,1.14010531599341,0.732449163820849,0.812220766154435,0.936975683349927
2020-10-06,1.62317359585891,1.31907102905831,0.761901121968775,0.700338457680134,5.6889853678282,0.80386252093179,0.518720633676361,1.14627707369874,1.57421189444808,0.916261401345302,0.991819666892966
2020-10-07,1.74320397873194,1.32812537801054,0.345938254854835,0.734213160840124,5.49426901303147,1.13099526847357,3.61721710102785,1.35095138582284,0.634796891238778,0.848655119525759,1.07934483323552
2020-10-08,1.82960242364977,1.15527357766584,0.522674823570078,0.701676025454463,5.42069971892714,1.5784971606904,2.37350695292447,1.58835720270882,0.731420347885618,0.906918202625774,1.08257179377299
2020-10-09,1.90484809914773,1.17101656717721,0.412492528083074,0.68393318661797,4.99057865606425,1.50531140252056,2.39136054776816,1.33746929210498,1.39603862264754,0.807737508518355,1.04585645392955
2020-10-10,1.77854097783985,1.26258177739396,0.660956539786168,0.611940426906343,4.97264331069914,1.47351034990222,2.34025581564519,1.37261037233895,1.2404065950133,0.820654009776778,0.907979030691776
2020-10-11,1.66269518434231,1.26848148880163,0.611183564412988,0.604204720458687,4.86406651808225,1.40703441159288,2.34969625253224,1.45782973006058,1.28967683625834,0.813627959283855,0.997548957134678
2020-10-12,1.60912339834693,1.19281852247246,0.674961455336777,0.625746069225538,4.98109380910246,1.32959829932219,1.11720178092008,1.18984848577246,0.599561112933105,0.730544135029263,0.916896152835089
2020-10-13,1.65642666415639,1.18190181275074,0.52228421440256,0.679599748423981,5.05768003511164,1.53550780743094,0.618061999087028,1.17671181618132,1.44645239666764,0.638930129042034,0.92738952100884
2020-10-14,1.5936212906783,1.23158302645928,0.877098235892968,0.602431882182935,5.07726525969636,1.52176600673284,2.31771151322842,1.19558199413669,1.4448265848979,0.683558380354556,0.956808486538525
2020-10-15,1.6030405521975,1.16389514306094,1.14003992321164,0.611498669098793,5.19254253455471,1.50767885429791,3.2158942031491,1.46877034496372,0.474264578755793,0.694981740010344,1.14488926993087
2020-10-16,1.7203343807593,1.13884266147919,1.14119664682526,0.650445038226546,5.15509840652278,0.863165049710912,2.18562870966761,1.47107465289453,0.560410806948825,0.694545015133163,1.06382696409815
2020-10-17,1.53445418473884,1.10761772103415,1.165243756917,0.646864296257536,5.21256969600569,0.873653402876332,2.54612139611836,0.800062648832397,0.640089838742116,1.22231469464034,0.954469410961218
2020-10-18,1.52570221272558,1.14652933507747,0.710502100385398,0.521478402542831,5.20624994602619,0.903216428577386,2.32595502511396,1.63593170284924,0.510868794649641,1.28631498428192,0.95659945255497
2020-10-19,1.92418512508951,0.882619535687432,0.517499658561715,0.630978849990913,5.16829153959859,0.819657159486481,1.44718590443619,1.83128512422527,0.3956925030503,1.42826379646598,0.94171369220975
2020-10-20,1.40739270915837,0.850069044458832,0.804851434017592,0.584440902788449,4.93333064421982,0.846615480178694,1.10657786631899,1.73575926439871,0.286314115215833,0.623837167479362,0.850618828583733
2020-10-21,1.57953052868937,0.849870306457859,0.254596496662811,0.595512912903235,4.96083289584057,0.986592018728144,1.46936114658658,1.0682489593532,0.985336166748241,0.592613771036292,1.08225597456339
2020-10-22,2.26531654798184,0.940000526300474,0.466907448968552,0.188851781839021,4.09957613992365,1.60416022762296,1.47094370534793,0.959798231944196,0.820127557637061,0.654506124118696,1.25449312050186
2020-10-23,2.25771284172391,1.14260913804692,0.439811849944518,0.513008120352791,4.83895610614044,1.80977568916111,2.38488459602645,0.915135773360196,0.240419700020573,0.562899087504947,0.611687147402502
2020-10-24,1.84009867265314,0.486119444276651,0.409860193720995,0.109494456866365,4.94990170689887,1.98275638883166,0.47202469346997,0.835301755610236,0.934878970566057,2.82565855568037,0.823499432907624
2020-10-25,1.83904397873932,0.511442680542497,0.441035047233191,0.499623312048972,4.92523276347506,2.23997066795286,0.471033663699825,0.83757798305971,1.00346571457012,2.69154935931247,0.805545103857477
2020-10-26,2.17347678701582,1.15781929760741,0.533127084219982,0.218139914875041,5.29874708275068,1.43971909050486,1.03329031043897,1.86628517554735,0.965410473589099,0.967151341783026,0.86506447686441
2020-10-27,1.93684619021358,1.03933843288075,0.976432746398832,0.291706792599545,5.12667382455821,1.6519790895448,0.678461657541141,1.1446667707794,0.967609563038997,1.08309471799101,0.948245411069471
2020-10-28,1.87274649500653,1.11568015243569,0.715536537280863,0.431520902772477,5.21860324959925,1.27655857873377,0.45463928510378,0.950419486489746,0.676696680830351,0.987915854231021,1.07374034014166
2020-10-29,1.51207688731624,0.989280975703202,0.524438538667525,0.737202193711784,5.0544120410875,2.06420187397107,0.46757326407579,0.946059149674306,0.836849669948845,1.01298414987476,0.981751031312811
2020-10-30,1.75642264294207,0.713101477179956,0.561086589719711,0.312336253738103,5.11036409943072,1.53108225391978,0.48683306027905,1.50536896289066,0.932625742781936,1.06935286288732,0.96627039420141
2020-10-31,0.994917089052028,1.10850009038731,0.401199896141823,0.0999477634702833,6.19380503677452,1.30764069301306,0.555776654724723,0.884742409869925,0.502389181412362,1.6082876446194,1.05726975117814
2020-11-01,0.755652560432684,1.21314316575492,0.618840874325528,0.601689965621929,5.22546694472037,1.22695640069618,0.326088733984153,1.40502816047888,0.866916722665757,1.14374388500677,0.775804505455935
2020-11-02,0.729840181225535,1.0387159384855,0.643160720525648,0.628746872005131,5.15200447484824,1.57799713344993,0.689105423548403,1.72628415308167,1.21031097957276,1.53885567936627,0.861510282735817
2020-11-03,0.753578248627249,1.06256491599044,0.341708949976152,0.36935514696107,6.17716454056526,1.23000816235051,0.835481735404915,1.70043640100395,0.449852920914083,1.75961331998963,0.66659650032167
2020-11-04,0.939129466846947,0.462402658642133,0.380399992571342,0.374616855127292,5.72073265117081,1.37933937553589,0.716952306155053,1.79688904610792,0.735053871984708,1.20684820219147,0.715884929065406
2020-11-05,0.878156722688627,0.859445128021885,0.110282177119162,0.378643296015459,5.70645494539083,1.55631413230655,0.536366451796344,1.71318234438291,1.34346369525456,1.58298682977456,0.701135507057893
2020-11-06,0.561101909808497,0.84294373475065,0.48254937104015,0.480555062371478,6.01730060044888,3.57214767424477,0.415055355025342,0.523685260409713,1.40479095595123,2.58242710344175,0.446385872343259
2020-11-07,0.35096337672727,0.255674219119741,0.672450106924076,0.36742611949563,5.45774882194348,1.22413592464245,0.617264627882278,0.5920798186374,1.02140605390497,2.44572059295765,0.508978803579097
2020-11-08,0.410703287467,0.270344058982584,0.69772519414122,0.314953791466689,5.45774882194348,2.22891484068864,0.648184842018856,0.636704474334486,1.06891674829719,2.37724874804717,0.488172051424179
2020-11-09,0.518325755067434,0.934723503154486,0.684171468359303,0.419995116797351,6.05356877334752,1.55844852076647,0.917041522252503,0.614974263749019,1.08606329054498,2.53619225095775,0.500711357497804
2020-11-10,0.546552885472844,0.390463094396076,1.35719032171438,0.649933805692974,6.73456846971761,1.23419281501184,0.708013704396736,0.731390239918025,1.06209934019924,2.63403315761204,0.461548423131469
2020-11-11,0.33066705384594,0.958935346650402,0.85874398154317,0.370988622919295,7.8856523397074,1.23933533966558,0.844524448492842,0.6265067873305,1.20639079812264,2.93715377246456,0.357273931045919
2020-11-12,0.518988291366428,0.419774950537379,0.980359320508189,0.286747369198313,0.899453366101112,1.2248191087688,0.619894349881165,0.642993665580088,0.629695419568783,1.55249574708677,0.741992831535286
2020-11-13,0.53964340185563,0.152735419394439,0.626681211679586,0.327182323365095,0.935493733378117,1.65656719906964,0.784743801716397,0.506171774569117,0.542164535581584,1.60052926822623,0.625080222384479
2020-11-14,0.696807231311773,0.313070034395312,0.224395791138097,0.586664670518561,0.77274147751747,1.32078110446323,0.74284125531674,0.537405287922335,0.509024165086771,1.89333639872423,0.403700890782843
2020-11-15,0.578311747263785,0.719840774620342,0.514568335512479,0.717752152051886,0.819614270822408,1.65616335224671,0.830251799859522,0.573081660822527,0.560456963604777,1.88158345083349,0.40252193079263
2020-11-16,0.496491178786769,0.782018167833264,0.544826126324547,0.54318115481938,0.257720099224164,1.11058577301339,0.802101324024582,0.515701302443397,0.72520801202428,2.51674824606504,0.439755125482615
2020-11-17,0.821212906250025,0.631679140191576,0.607459629554588,0.523739902020971,0.822471691228383,1.55460837353379,0.67999824349284,0.424424363599506,0.528040445968859,2.04547241776019,0.681749927426661
2020-11-18,0.622613638260924,0.601149763449855,0.273196067915798,0.588997901147178,0.949433820252795,1.55999465981569,0.643429066139711,0.570604457829835,0.552273362469096,1.8376053185578,0.694430835251493
2020-11-19,0.531543877378587,2.12802937450661,0.336276171323033,0.596069466087793,0.97828141896287,1.53908675748824,0.396139523857126,0.6100007961358,0.626079429248836,0.686230268294637,0.662355207579018
2020-11-20,0.81898444802985,0.663740594757885,0.806434038337857,0.545360445266929,0.929566511543399,1.8316127626571,0.767789983159403,0.576600639552216,1.35715869531207,0.507895145147747,0.748412219620102
2020-11-21,0.805168846038146,0.702576741022844,0.540938025788763,0.885887069245151,1.17650447221567,1.03552006249972,0.761240054775457,0.528263580827019,1.38242158157231,0.826898541068903,0.290988480615309
2020-11-22,0.823415639168665,2.10801415564946,1.05501830680628,0.958624223166885,0.863613117793254,0.963691052857257,0.735276520352906,0.907308108848295,2.06922928273286,0.817213271088679,0.689288128207619
2020-11-23,0.577104903507277,2.15921019176646,1.00948707703432,0.901966023136258,0.94077034066971,1.27668302036064,0.74766007404485,1.00014337444017,0.802299566484531,0.374349750955402,0.32148487535522
2020-11-24,1.04425214459493,0.633688940390884,0.92273465547871,0.984866028993309,1.47774269469373,1.4459729985754,0.789640087537191,0.954466398252267,0.931281032587377,0.614012551241606,0.485366075529787
2020-11-25,0.770103650424701,2.05916335222142,0.967840962183871,1.01313121276325,0.990952749778863,1.26424436535879,0.770743417292557,0.99374911047259,0.175445550843056,0.684653100305207,0.588224983712616
2020-11-26,0.621359243315714,0.545085159940466,0.993427587867341,0.849014973930363,0.998469956400712,1.17381649144456,0.954470569191507,0.405190243868149,0.691285591250655,0.630716941986499,0.597331928115866
2020-11-27,0.635845853817875,0.461924757974816,0.475314641893394,0.661935123267583,0.988902382881986,1.15481333941391,0.853843727784744,0.515113895916668,0.6570652657052,0.278485202755957,0.46822368912818
2020-11-28,0.871685328067245,2.12948892023813,0.961904167319475,0.87280234837917,0.778754343567708,1.15905906706919,1.07535968807118,0.522877279603244,0.736359171968378,0.0605957462091803,0.587490897307349
2020-11-29,0.575106550464158,1.84760265925046,0.976463589425717,1.02090530029634,0.75320072550425,1.50485486723933,0.537653387399333,0.363362885057804,0.633322891319432,0.388513891779505,0.556961277764617
2020-11-30,1.31272754663299,2.03210980760177,0.575859101610108,0.889068344721691,1.04283628468063,1.69469168042256,0.900588141890776,0.432538379974605,0.788750130416619,0.493957733585798,0.374688782780767
2020-12-01,0.737742578203383,0.454998987958348,0.41872575600665,1.743131494735,0.891509732075067,2.07589269895296,0.985874987918613,0.913610420404991,0.808881904284002,1.51461191065632,0.752357265521268
2020-12-02,1.04989660535834,1.81040413019584,0.58794333295808,0.737474809033916,0.589216809960576,1.18883209457688,0.982656431818111,0.661255720873495,1.52045362893416,0.650914408287878,0.734115776398507
2020-12-03,0.926879221253333,1.77043764372379,1.67533478361566,0.959284377462099,0.651351128398418,1.23614583785179,0.745296295940098,1.05508071802224,1.65619991112295,1.27644903018619,0.727250795741644
2020-12-04,0.529837261898294,0.414551391559977,0.945411369319959,0.875641481599577,0.51531994410353,1.12652488276785,0.77499002418538,1.453019725997,0.915321826571334,1.36002238285045,0.460815031158363
2020-12-05,0.463066395575208,0.475742355238484,0.888899415377866,0.671061986951911,0.860363416144209,0.846623201481599,0.820565944373097,1.29342730922896,0.529782502705157,1.16937597811683,0.748686314528764
2020-12-06,1.69037453287185,0.85598394811221,1.63527668529305,1.07958880772942,0.921142397675673,1.11722830645315,0.948634902720912,0.515982562885955,0.516235172123245,1.35810444426622,1.46010773060403
2020-12-07,0.378245603365704,0.531270516224966,0.644887115230873,0.805544297499412,0.50602005212181,1.19904472053439,0.481108378799243,1.34310919997818,0.471370581131515,1.43409967896551,0.716564219515218
2020-12-08,0.553679365900691,0.533455260187543,0.964010844671137,0.789824802839664,0.943212471244195,1.28797492857623,0.406156239734716,1.14253495035281,0.44422201620234,1.03936998309436,0.67727479864639
2020-12-09,0.620325518014351,0.652122817012814,0.437784863877882,0.554838975004947,0.246829006381242,1.59714442606273,0.802336254577748,1.1632394208089,0.573088338723463,0.392125428803268,0.65525784597526
2020-12-10,0.782720593843214,0.631180972724202,0.378294557875991,1.2509725437088,0.173454117401328,1.57395763576054,0.748722968968063,1.14053843040955,0.632301272557253,0.432199720175259,0.632311579939265
2020-12-11,0.801434535437235,0.637875602171695,0.531407069825982,0.439411109436754,0.811284600916747,1.56538690027778,0.266299716556951,1.03612198813043,0.541893054361306,0.401684231369881,0.506100777967839
2020-12-12,0.447672468084188,0.591339721087777,0.435683638510565,0.314968887556972,0.57495415943978,1.41754782939247,0.880114603197004,1.02457592101646,0.633194059947679,0.416129399488004,0.655058147952965
2020-12-13,0.49691659407393,0.47723804796915,0.180115304247899,0.334700769189758,0.587681953425248,1.53685840138016,0.82268455781088,1.05344542213556,0.630394304334196,0.456802043350121,0.682851393922636
2020-12-14,0.457472652781039,0.788455388675967,0.401815020780248,0.314673462387302,0.585660421790222,1.63336289586742,0.340538084458744,1.07595755249574,0.632994590489857,0.489200001071184,0.77347019272037
2020-12-15,0.596563771191417,0.509688441321728,0.832791226790722,0.30063235557941,0.61049598314448,1.73683869457127,0.668036170274021,0.78799090815097,0.367523294247957,0.521435499262666,0.91439187133984
2020-12-16,0.517489467710468,1.64177735030205,0.147474677485503,0.257788274279894,0.629750724342103,1.56715857774179,0.93566629712047,0.670537705215785,0.568946954624867,0.360199616470698,0.532868304793632
2020-12-17,0.485280743154715,1.56658870946719,0.87467384336059,0.273320361168648,0.513245863410023,1.75049787460397,0.466238585789518,2.67983067615475,0.677270146527399,0.207456318418611,0.479077319139789
2020-12-18,1.15319157117264,1.69247313701857,0.892892032322287,0.325759317640278,0.570311390266828,1.66310866170304,0.444810996448186,0.74703333696807,0.546431581494173,0.163254286382566,0.520093551306358
2020-12-19,0.789428053165395,1.79685659428817,1.88402499558504,1.43434080357266,0.575969101701906,1.85895631268699,0.473107478073641,0.402246251764338,0.5275753315358,0.18215735430293,0.126139032701629
2020-12-20,0.86555695925483,1.75329894122816,1.82528148158964,1.48208748929088,0.488341837142122,1.84419738504085,0.641186137246397,0.643983908386762,0.215448904401438,0.121162160756814,0.234709898983434
2020-12-21,1.94184727436121,1.53715346910075,0.775412912216821,1.62314697059165,0.524014675484134,1.97213747266637,0.931685195731247,0.532734244891251,0.546211775238569,0.592598298812675,0.470136644256082
2020-12-22,0.864653551629319,1.40588266974656,0.869243330035473,1.60920943677893,0.825849196776199,1.81915567931319,0.945925910460436,0.51456824886235,0.51289748776665,0.342384874323336,0.24130195816077
2020-12-23,0.521043357681783,0.975269278105659,0.563391208365655,0.28519309947192,0.712802639880425,1.78251281232098,1.34077092771282,0.517841670238503,0.265638917978529,0.662873904891232,0.455438967504924
2020-12-24,0.809422050023807,1.09493873481326,0.617523753945233,0.301809733353473,1.17004606375348,1.68557664249033,1.120272317251,0.544535891859526,0.8095714767681,0.494292717568454,0.374909471404811
2020-12-25,0.72051434715104,1.32226611814524,0.607897640188085,0.264685418040554,0.632870016830496,1.65709594329046,1.13923879787458,0.38848373425474,1.01498368570078,0.632932139630321,0.490129891965773
2020-12-26,0.771581632344924,1.41166671670324,0.606634738088258,0.283126283497416,0.806551116698103,1.68846794904318,1.00996436223241,0.443960112016295,0.685750741834098,0.433580650595009,0.511009513904994
2020-12-27,0.74529701187309,1.36013271720518,0.612005268888747,0.0206357865094673,1.11615300319338,1.6909506763136,1.06819595499977,0.53096329452096,0.497042386561957,0.43486836834061,0.535771069165987
2020-12-28,0.731333451521192,0.587286035122919,0.74646946490784,0.125341492469591,0.885816722532905,1.70411327434924,1.04477108941986,0.441343314456766,0.542587367301377,0.591638078021341,0.480120243656004
2020-12-29,0.812530177347207,1.05439532734413,0.687741215012288,0.131177344736334,0.520392005565698,2.31730135853027,0.353660110016973,0.89031627607723,0.51089791305861,0.642983900912779,0.573106435684621
2020-12-30,0.836595328325533,1.48441742363393,0.512520079143905,0.804641580171675,1.94142428935775,1.89262770566092,0.255305808176194,0.455919905488481,0.723406287469385,0.821497677165776,0.498780218452935
2020-12-31,0.336029096164754,0.958361452649211,0.593188974921192,0.878646076055345,0.718781597411062,1.70662633692399,0.996751226379398,0.86851187222173,0.642786456382636,0.406984856738298,0.515308776382434
2021-01-01,0.33653254692934,0.863300993266874,0.609092323431749,2.08008761495852,2.05168928231034,1.86515804119554,0.98640143899387,0.749648456729727,0.64742217264661,0.451408066424271,0.650485695098425
2021-01-02,1.28757343350964,0.901913507004702,0.575600253139029,0.303946302023169,0.605562615265706,1.77998989722606,0.353066235961821,0.361631743257582,0.69605468663947,0.577500544179745,0.507526426102352
2021-01-03,1.23368941605996,0.923352755547847,0.314722269891926,0.419677796486057,0.735186201587034,1.85209683052945,0.313923456408112,0.764892840538375,1.48679018937844,0.491645493266047,0.521981631346356
2021-01-04,0.834611228983982,0.584417015395382,0.785931880571249,0.653078402265153,1.8654744687672,1.87127463361359,3.5265908774124,0.723632684883483,2.10849670561418,0.439817197135874,0.314461542934122
2021-01-05,2.4771688125444,1.56539787867688,0.271971161559684,0.424402617247541,1.882286974755,2.01830454587739,3.3770545970521,0.52251416448842,2.19147745192971,0.593407270530791,0.216863397191458
2021-01-06,2.64099528917971,1.58829611924761,0.704550569969031,0.367846403133907,1.12414028289133,2.59507092839435,0.475352666516194,0.664525472267887,1.87779092576002,0.649448963969661,0.334935114817962
2021-01-07,2.37985624441945,1.74572499541848,0.522193743867007,2.10324002712925,1.87204817629423,1.73831171395063,0.5609026496271,0.613283652072274,1.57719305621837,0.707687215020452,0.513523692136369
2021-01-08,2.35520513448635,1.67963472864228,0.528935974828958,0.732296684698668,1.80230846256031,1.7355767838792,1.26810890022797,0.48120363797189,1.27404083003985,0.605920806565503,0.497676854779904
2021-01-09,1.15813899298765,2.83763972354003,0.462115493946167,0.89571629763311,1.15605560431451,1.46029245800624,1.01123559337356,1.05827500502938,1.26455884789447,0.534503541746875,0.643093159110974
2021-01-10,2.11505758321933,2.28085585606128,0.469290393817587,0.881856926436697,1.1641662469893,1.30984710544632,1.27352720080174,1.04159637516234,1.1929963681124,0.458655086794418,0.757720538347991
2021-01-11,2.1125721951872,1.64339139503846,1.80379732880092,0.983190730476433,1.7226374340507,1.93037621057256,1.18305491598959,0.973770641912486,1.26802017423649,0.50799465534976,0.593146395561695
2021-01-12,2.1710629686812,2.99659860765075,1.79961970714202,0.681470870334945,1.75972574093755,1.72999487957219,1.30475812583633,0.912688784741754,4.41804196840887,0.402184236505047,0.674004127783634
2021-01-13,2.18494868644621,3.0026607366556,0.560033774101824,0.475154939965244,1.75717924496969,1.40264579365555,1.2009138563762,0.796034338602247,4.4051065921525,0.492309128318925,0.756823285395464
2021-01-14,1.49074763350257,2.63519903750229,0.502571743340422,0.553701911753501,1.75665767504139,1.39744660525579,2.06986846196764,1.63173086095576,1.08713688861844,0.358314500135361,0.437333063578922
2021-01-15,2.85764724859305,2.55969480852322,0.365637187776083,0.602310178921486,1.70075447329075,1.34150977085066,0.42949379361928,1.64677308791277,4.06334633336714,0.45517399145348,0.715583345449443
2021-01-16,3.30143903982305,3.12889818814084,0.429440529202811,0.627723821606389,1.62115979715465,1.32458365702496,0.427976583865782,1.29023116514033,3.92744527490779,0.597456852518894,0.733233213011457
2021-01-17,3.30945661705883,3.31967423036214,0.410067467487375,0.719251928009331,1.51585747990047,1.32537708619685,0.418831373152227,1.38015378609065,3.68552877286123,0.463968805295672,0.638098386909308
2021-01-18,2.77854778899795,3.15364048699049,0.525494096229792,0.870162708592069,1.58175584747518,1.35658356747674,0.399104320519886,1.47576121841726,1.68270713225299,0.44550129650976,2.65056238020774
2021-01-19,2.55166762632655,3.27121051759059,0.440287872897212,0.879562135950217,1.52707819545889,1.26853048327333,1.72771521411508,1.5347088202697,2.28828450289733,0.553446736845907,0.665300464649414
2021-01-20,1.07489351085158,3.53348513414491,1.05697924507959,0.53310224415177,1.68043164861869,1.31316320601344,1.58192038444168,1.52372794985664,2.38253960659105,0.584633483367245,0.585887781278656
2021-01-21,1.13605237350357,0.987091387824295,0.493672316057506,0.410711570935138,1.64375199750191,0.92328708919312,1.16154348647623,1.62441392156923,0.75522517500994,0.704532362251467,1.14901876889724
2021-01-22,1.12648479142584,1.12603300593776,1.22898333628121,1.15753738932265,1.27989419051514,1.13546114324067,1.08526047005613,1.64586837719275,0.953755934043929,0.61532879256351,1.26980831683748
2021-01-23,0.965442645903339,1.09750404438247,2.24692280540353,1.02785604105964,1.27465616845338,0.991450641308647,1.1329648847285,1.24025975932869,0.934674912984853,1.1191784313918,1.06149712720736
2021-01-24,0.951903860023474,1.10981846175157,0.647500452340467,0.940852485304594,1.22530385269712,0.668796669079822,0.374869163968947,1.12374155785792,0.708510449370185,0.554937988793779,0.597822686676488
2021-01-25,0.848930978875211,0.926781510741299,0.557789974312561,1.01348193098395,1.31537517899217,1.52264352634958,0.394349267556986,1.13391352853569,0.806466256603818,0.520685887341256,0.762102939392532
2021-01-26,0.891530350725485,1.58697482238495,0.805585122477647,1.00812189621852,1.13807286513371,0.622141316781605,1.11369282243835,1.15945391017267,0.833164485469581,0.52635821388337,1.05564578126791
2021-01-27,1.88203982628971,1.53852041609257,1.50545550883015,0.609746336010725,1.35492689395777,1.59415684182072,1.11603627226257,1.40585955225535,1.03565231613832,0.919278201928148,1.12835063764462
2021-01-28,2.08026491417515,1.70063750345281,0.824159747472742,1.29371241665712,0.56014627774965,0.524859996331829,0.341728386643725,0.74287701915142,0.781714047474616,0.79251655207715,1.09029929308793
2021-01-29,1.29580179701165,1.10152917613385,0.287434537407925,1.35960839332207,1.01801936268862,0.39448724102712,0.332077043811295,1.00281963023036,0.60251305725153,0.437929039427031,1.12888892972859
2021-01-30,1.27604613379959,1.02915927344019,0.369501232849088,1.37231630864317,0.67225976483484,0.357133469426755,0.408200676108177,0.799025076279365,0.536445736358534,0.930861954687801,1.08091362762708
2021-01-31,1.26837028753767,0.885395134701681,1.16052516740172,1.46111817182055,1.07341841252263,1.56792378329158,0.377659915878966,0.783483214169484,0.557669021537367,0.908302688288701,1.15185832860532
2021-02-01,1.3044005845446,1.38800367738397,0.282733032107088,1.31511649802925,1.2980744579481,0.494992439854355,0.51738933104312,0.833435655276077,1.37202953319581,0.870349782486426,1.04868070296204
2021-02-02,0.956603400167539,1.12686283738176,0.284460891898126,1.19423496491957,1.13080036637866,0.678422606202588,0.453055061491302,0.85136219722239,0.213784052285331,0.831996020850614,0.984188337763702
2021-02-03,0.907034192980663,1.19210746236143,0.296765285392057,0.766212658539331,1.08150658371433,1.7103449916469,0.542278318378693,1.37423173911674,0.575380133968069,0.816784692284842,1.04580992806226
2021-02-04,2.47177934802729,1.00559161345881,0.957547505192905,0.75294693137061,1.84983563694397,0.360240620119722,1.7132812122426,1.36066208831572,0.628493109031539,0.920771293161794,0.838213549805106
2021-02-05,2.44113333626268,1.63461632611802,0.300310821146825,1.15190199651095,1.10605101259863,0.268776082647065,1.85565136743981,1.95322190206901,1.31076101192378,1.29944983179024,0.841061802591723
2021-02-06,2.35235464658789,1.1699908097684,0.863180739370765,0.764413360468553,1.02489060310985,0.735200036362663,1.61664728792564,1.15554982896037,0.741265406162721,1.11703719809877,0.90775090048736
2021-02-07,1.50675082827443,1.53062859679545,0.457316486791353,0.670176267028531,1.55749852311106,0.786720109946634,1.92470403576406,0.903658072868854,0.612127040366318,1.25856849976999,0.976705533657013
2021-02-08,1.51639114501735,1.04879035666959,0.627778853132156,0.791898002884563,1.20464614549617,0.7326757443369,1.72531043796777,3.22040747967808,0.527353782521818,1.18686625852635,0.652699234007569
2021-02-09,2.08604789588661,1.09072425019804,0.625427189186397,0.532983402857774,1.20781234652882,0.719135782640107,1.77964377521358,2.95342473881094,0.55704570964656,1.30906568656357,0.46340319391541
2021-02-10,1.55392438299525,1.06730363795509,0.384224987212601,0.893570651162725,1.33717490485285,0.444361080713928,2.12303730779549,2.8913967686158,0.526798800724875,1.29635403829961,0.401746445140685
2021-02-11,1.26705121648958,1.05286890521854,0.42193444643411,0.74715839788626,1.33442676048142,0.394997957640282,2.03615031945135,2.27822768291751,0.5230783711718,1.25942282349632,0.388982564435261
2021-02-12,1.35064849873597,1.13676062085438,0.410724433044857,0.588547027083082,1.40298958353506,1.50688316156234,1.89719696905651,1.43476469167465,0.44999923956225,1.09999964754921,0.361259836205157
2021-02-13,1.2446407548719,1.02840854566495,0.38678341247125,0.585339770941505,1.4074501983153,0.422638268760108,1.90255123905188,1.42778718040805,0.474530117858576,1.04885409203179,0.351034283821739
2021-02-14,1.34090427299084,1.06783688689484,0.389646352122649,0.575954726079907,1.37213743563228,0.440376080184253,1.47795965527454,2.18997305328479,0.543597760267851,1.0662139924196,0.38354685054004
2021-02-15,1.17542237779668,1.02139703363007,0.390609515747112,1.09239566873261,0.688650323210551,0.685079074166557,0.365882406433254,1.49750410196137,0.464014911372312,1.13805825580243,0.353331846763165
2021-02-16,1.68395876029765,1.76056798611902,0.341569687072025,0.973693505059884,0.920824480785092,0.440716869725268,0.465843594389126,1.94893692917133,1.04777803299118,1.14397316579389,1.11569019339952
2021-02-17,0.801796867425252,1.57693446308422,0.323125897033641,0.994787454035134,1.45277467851601,0.440535235401904,0.465469040279279,1.51883882530287,1.06110653079013,0.267249456600355,1.10843969562524
2021-02-18,0.996488099914939,1.65929787115268,0.249533776586,1.46235219000366,1.35822679247975,0.584035037261755,0.362930990654581,1.07679810925055,1.04291662614358,0.236845814625647,0.481159315959255
2021-02-19,1.03304599043357,1.34238048138523,0.561904734826259,1.45024117764344,1.40437754005804,0.416314222196647,0.377554977101165,1.68441266972232,0.638386140228713,0.310275562424837,0.348327968496342
2021-02-20,1.06198039011831,1.30224444295965,0.987202514081431,1.42580693740391,1.53631535180239,0.256273551644023,0.590617463478134,2.09296195987112,0.691326691934443,0.257101502972561,0.294405875487898
2021-02-21,1.04901900832212,1.42969986647912,1.14357406547477,1.37115210815735,0.526777083093406,0.482914718068003,0.611000772106006,2.21776643084948,0.680113552599257,0.203903153294881,0.966895433167066
2021-02-22,1.15731966830171,1.01444463745961,0.744541604942218,1.46866574110472,0.515292395866066,0.618512369059034,0.56327467082822,2.27252676983,0.966519150518187,0.235452052574507,1.57080001049512
2021-02-23,2.27957917297192,1.42738820661047,0.838768880140654,1.33352702684768,0.561404234830563,0.58976176326153,0.464380263109106,2.31238923918184,0.598397198620943,0.381672252594649,1.53073943189823
2021-02-24,1.47941024399121,0.756411711737588,0.652970098984539,1.72866204957931,1.29000029244282,0.871332631209113,0.491411548105231,1.20877941061725,0.964954361854819,0.297969709928379,1.52784046955606
2021-02-25,2.4498771867865,1.93032017282677,0.778233091302273,1.47361422479394,1.19229073543006,1.31811500541435,0.405720762205946,0.965162686361999,1.04696580883544,1.38719405458178,0.869776320608256
2021-02-26,2.17771683116852,1.7396050477906,0.771045375251189,1.43503474298982,1.06933594363074,1.23221805298199,0.477104684785412,2.07248372129101,1.92595761327566,0.24876758135472,3.02013681387408
2021-02-27,1.76239549695891,1.80514453960304,0.892031948417667,1.74181475443244,0.786070573623678,1.15812664031966,0.719269768849576,1.4043268413037,1.08496027770382,0.342446780903593,1.45230645918475
2021-02-28,2.54555135604881,2.18255960341107,1.36827896888276,1.65169209909143,0.841176014176374,0.431568319501325,0.564497005775494,2.15797033177279,1.32576840578389,0.154015058990348,1.69218849046023
2021-03-01,1.93640115569231,2.02381095711967,1.25608341392773,1.19155760965886,1.24403062122595,0.532061217712566,0.692523692939791,0.503593047100152,0.800978167266468,0.932693296119967,1.54873095201416
2021-03-02,1.49728649842726,1.81273202216464,1.11829764013914,1.12491816545924,1.30175772524787,1.09047263679576,0.899968573185858,0.742787519251763,0.465584477944606,0.495883260528875,1.21648942094709
2021-03-03,1.55206501298868,1.65040830513959,0.98191420438822,1.22380561520312,0.67922764329778,0.943317051026158,1.69225411353555,0.45342290716636,0.669411896243688,0.546414584019286,1.7557906479021
2021-03-04,2.37464532373453,1.46841852536341,0.779602947296205,1.05954947066452,1.19377320318453,1.20144793894043,1.33359433585719,0.374457698838644,0.735357944143122,0.946279672689787,1.42675892452712
2021-03-05,2.70444533819974,2.06241447918551,1.41052023709167,1.12698908604714,0.797129739028417,1.28355514045045,0.81063862127063,0.541129405611575,1.07873243608583,1.12880429981799,1.47837392364345
2021-03-06,2.6298179533515,1.63451732623376,1.05220805311671,1.09328834445859,1.07254522103792,0.798997314808945,0.827920482157923,0.417961734180477,0.863472372245024,0.575044556011752,0.896217874382328
2021-03-07,2.16278115593046,1.33070430675782,1.15766515443968,1.35184046774215,0.915080428624257,0.549160397594534,0.908207439303237,0.56128964073576,0.876483563540052,0.498717107707486,0.640550769604594
2021-03-08,2.69310369928783,1.53204007642618,1.16874118896684,0.892645905225307,0.625216739379217,1.35486606781916,0.597445713678165,0.516852764143664,0.873377358898632,0.560947250255629,1.14197344440928
2021-03-09,2.24308239938737,2.26925121298479,0.72355807653883,0.372310912295737,1.07890226294019,0.70173813221497,0.44771965128818,0.858716372260555,0.889076333213337,1.01968353334818,1.30366800416483
2021-03-10,1.85930421321177,1.69077812543684,0.71296425192051,1.06986152273027,5.535167336489,0.828778677134606,0.893019476545333,0.867702625002818,0.777098239431595,1.00207551263803,1.39998806219544
2021-03-11,2.87618758949712,1.6631708081877,0.715822288324359,1.01354707322922,5.48528690343385,0.411826716906111,0.755376683756554,0.748366340657672,0.773308956152571,1.03661728781169,1.584679143503
2021-03-12,2.90698409754473,1.77454226102455,0.938597849563128,0.94956665844678,5.47543604824572,0.706410492648382,0.960410716635828,0.894450317753721,0.901476975203528,1.0599952951877,1.12693374214049
2021-03-13,1.66393165521196,1.69843197696382,0.639159754807614,1.35187016740627,5.49050900708477,0.859293014303261,0.393343086586265,0.883490349526527,0.850582713298559,1.00556435875215,0.942225934512621
2021-03-14,1.77914307705097,1.73196949831774,0.533851980056296,1.33223161028739,5.49792177078356,0.823464674479449,0.406667995026724,0.762437700439459,0.805122264972322,1.03561887682364,0.72961575039326
2021-03-15,1.71527553884048,1.38923096878804,0.419125356371473,0.984071416594739,5.46660840064042,0.458190579938394,0.408827276946957,1.17370885423353,0.905976870322164,0.942444922675817,1.5927039040652
2021-03-16,3.52098712551559,1.60463687175072,0.497115880481153,1.01340422900261,5.40889769643304,0.492781534227587,0.806841662367283,0.818726804316191,0.88821697280055,0.860563374384203,1.29029875306717
2021-03-17,3.41568220401613,1.58655115502531,0.704401459651854,1.16799023966481,5.43203544168631,1.29296538845039,0.559694518579352,1.19731678373887,4.36115275334662,0.748962948842921,2.60747863104076
2021-03-18,3.26873706608434,1.35081361504977,0.699325726502217,0.457131032988593,5.46162365437941,0.54721415946289,0.542776298940289,0.909619157753795,0.810283195839239,0.958752056910778,0.862244935671626
2021-03-19,1.91304417625494,1.69058460794934,0.73158136501556,0.622212139288496,5.49616854232441,0.73502748471936,0.874269510471857,1.00122523225851,0.70898111058919,0.880398749986097,1.63806588223978
2021-03-20,3.3087362927494,1.33006190981352,0.522881646586493,0.6857478974683,5.96125116465242,0.62112372375857,0.525845612635708,1.04024424554434,0.822267468317483,2.42728544317961,2.51236193922954
2021-03-21,3.32954413587957,1.65374205649934,0.528239064485507,0.679542150340406,6.09132829217172,0.67815716305629,1.34911092154853,0.878681965548562,0.887845487054599,2.6066860088648,2.50854915821212
2021-03-22,3.77578333726355,1.71096336891197,0.864196347974717,0.680244265292311,2.99781611642994,1.31535050522824,1.49417640688866,1.04477109541344,0.748697648879222,1.15214608921549,2.52856922843699
2021-03-23,3.19709078382633,0.670763966475926,0.336433353561348,0.665081738718276,0.679515374544888,0.2311703997249,1.5499727472451,1.26220498885631,0.436895110461424,0.876320327884888,2.83690890429687
2021-03-24,3.22135133024831,0.491781258213039,1.0355629768292,0.795604652538047,0.952912994010664,0.297735875151863,1.63372919897681,1.06562903069,0.681364848793657,1.09288028167376,1.66325506126948
2021-03-25,3.54544574993933,0.510601691626643,0.966004425478126,0.732867212768354,0.88225060375751,0.627344577936472,1.55329284697039,0.81490608435378,0.466090439939391,1.31607946626475,2.69232221876115
2021-03-26,3.4655044901678,1.05365882769475,0.867072095225587,0.317092856700032,0.941588996258393,0.306311649745951,1.22993864384756,0.871764775040368,0.699544255148814,0.99653807094138,1.64842227173295
2021-03-27,3.44896380837437,1.05207190809143,0.873089291825531,0.353717780484575,0.94826948698206,0.64720893250587,1.58838801190618,0.766143992913602,0.439094693528286,2.18860181980615,2.49751007303558
2021-03-28,3.34948728977865,0.501157549013169,0.82090074158124,0.206102051694295,0.927143150495444,0.398609846930812,1.15967282429209,0.670723279456536,0.714751078339919,1.32458245579789,1.58566958163241
2021-03-29,3.49570573387709,0.648971447541388,0.765076690688653,0.0836544151866767,0.722528879700989,0.583188000059287,1.24689070753751,0.544402104631684,0.437861048138215,1.27473540683482,1.63769070577016
2021-03-30,3.15181748940708,1.88296390434021,0.402818416797747,0.867186347619712,0.754484448627855,0.686825121251168,1.79147815001334,0.896296011304007,0.73153405308047,0.968100028264255,1.81075142850566
2021-03-31,3.09105782459905,1.35368068807781,0.977125364427595,0.0686856229968933,0.734755373333957,1.99626852187177,1.12772532494489,0.623607361101011,0.317056719347036,1.21683904586795,1.59229380936271
2021-04-01,3.19551304316551,2.16784906613319,0.812798408463445,0.811756983365395,0.989098928435287,0.592951791469917,1.60270924279764,0.978029063751424,0.682217658399622,0.888158460213761,1.58719298984943
2021-04-02,3.29698841653042,1.72158766881741,0.250602721060077,0.610843680724158,0.89632004577154,0.635137756007915,1.75913364101108,1.14149608635559,0.846291404266975,2.22503352352668,1.63602278087573
2021-04-03,3.04435086181564,2.61544106640925,0.93960732703033,0.792834017503408,0.941402453477137,0.565349076201642,1.50569487961314,0.665006547913762,2.13444799604031,0.717710026130546,2.09826939557022
2021-04-04,3.02975003673621,2.07930084555203,0.93159519511022,0.364624210223216,2.19567899655386,0.447327647276466,0.46189447365546,0.547692825898248,0.32928144426091,1.23340355596753,1.93219235786769
2021-04-05,1.00501493394457,2.18897580132687,0.884569123017661,0.229205019392349,0.828648545570479,0.881920102762605,0.443637967589108,0.364357838923735,0.284569058717542,0.743807941035941,1.7926568600263
2021-04-06,1.07804760002947,2.58853972667882,0.468961669873403,0.94476642372785,0.854325047012762,0.604997301433102,0.525727618507143,0.968656913293337,0.94908352977543,0.748705857376417,0.380381659054748
2021-04-07,1.82478484101852,2.81357555986737,0.4767889900131,0.695860517743448,0.517786602439635,0.324134662319525,0.54349062683208,0.547574611181947,0.902573172383455,0.610083510862292,0.683522393095807
2021-04-08,1.61739668494456,1.46268995570616,0.489237687530715,0.310359919295261,2.36166193897004,0.355024030636292,1.53514515162813,1.0355356990315,0.932748734354208,0.386304288978384,1.24553103196094
2021-04-09,2.27410865903625,1.87086676021887,0.401189317156545,0.345186547107777,0.990416485907644,0.427717229846751,0.698803119108749,0.937401446832153,0.950622913868684,0.746056999445232,1.07857773591573
2021-04-10,2.10226014948864,1.81387846518096,0.750169917757521,0.430493366462518,0.915285496608508,0.240494005092986,1.70339283682216,0.337084012765563,2.29949596988187,2.17918471809,1.1956669733765
2021-04-11,1.92697389595266,1.6743597857466,0.362550688975295,0.590656138218393,0.712599786587003,0.53538112151068,1.64577265622502,0.375467263409169,1.03711150472236,0.652194834381941,0.672938429324034
2021-04-12,1.87859600682898,1.61974646382878,0.714580760723836,0.627798665074075,0.93440860984316,0.487634322973605,2.84057313306513,0.407067483500198,2.32480690189206,2.21539996611949,0.709822098143574
2021-04-13,3.10498569783797,1.68020639833491,0.45847777783071,0.708326395436859,0.841945214203905,0.48342583691582,1.00616840607847,0.401127801438871,1.01087516496966,2.25677166599679,0.858634201825734
2021-04-14,3.22783742015292,2.36437825139346,0.705606147014417,0.749989842665171,0.796702531602287,0.944199919536741,1.11313111588196,0.385908580377502,0.94483155851878,2.1353832038476,0.91783697080876
2021-04-15,2.07803284768461,2.65759465023629,0.56046118927947,0.715557708845673,1.13247316876366,0.998840853690165,0.847214140437074,0.487780647035156,0.671213439095028,1.57611257568376,0.716969017192765
2021-04-16,2.32512230202809,2.05334404950456,0.673597198508237,0.791189342495189,1.10544275240384,0.85342086889474,0.60337072760271,1.93319728900866,0.543791831258064,1.89831575752912,0.945156933806175
2021-04-17,2.31625799363631,1.22396168013197,0.516325106897794,0.633962288701326,0.797103717295172,0.990987691052753,1.03683121846333,1.4542169724458,0.530689364876177,1.9994444994913,0.730400656382782
2021-04-18,3.26179318371197,2.2807210000299,0.521864724304034,0.647010778162308,0.734396107483104,0.858215399687877,1.24766809142483,1.57789468001678,0.610812725608265,0.615636208428213,1.04426311360274
2021-04-19,2.10274827172637,2.33732036811045,0.501324531363631,0.629648287328127,0.743289247776718,0.942058767343034,0.468611764407138,1.86783352351388,0.430403690698784,1.75600854798402,1.03595090833909
2021-04-20,1.19183864877687,2.12726653961582,0.686404224370445,0.65844009446818,0.757153446391535,0.55074868444156,0.549206345025358,1.81924797004641,0.595016023104624,2.00476835433658,0.751813684143418
2021-04-21,1.31154211773513,1.18218409321828,0.894992644347834,0.625089220018628,1.00087036499071,0.62328302261381,0.520386096061251,1.84607957324515,0.471220955962871,0.271598391814825,1.05302446084316
2021-04-22,0.803720891994387,1.7385220848785,0.648866790264438,0.533931660591579,0.803364789630276,0.488590823679583,0.472847536411242,1.71911534705208,0.708589910408775,1.57159770399944,0.985218273612846
2021-04-23,1.39015369910303,1.79703073853487,0.587648251285819,0.697073528052252,0.773476251880125,0.693587597936459,0.495821713699042,1.85146029355127,0.481002698626279,1.96042903836141,1.17501399117668
2021-04-24,1.51663444204017,1.95408976180964,0.747356661706548,0.676183203358602,0.8469256668118,0.878456777521325,0.513944838646525,2.01078523604861,1.00885135878243,1.88918878348483,1.10924878432959
2021-04-25,1.40223927512307,1.90390753107882,0.538863457867854,0.702240826919795,0.80535041570576,0.682237780646788,0.538030267736884,1.89611945855591,0.911060358129078,1.78067672106135,1.63690430590042
2021-04-26,1.37534135984495,1.70889760861254,0.769185566865344,0.569259193724248,0.821671338283642,0.69713723930043,0.498707855123921,1.92417151863232,1.17909952613767,0.391189644435481,1.48234820870849
2021-04-27,1.68806038249905,1.88358330781801,0.859234297927888,0.64654960100015,0.990028596086673,0.581143002070698,0.512016876472661,0.551916790824613,1.21932512604807,0.365918261838215,1.52519069637599
2021-04-28,1.3216665683398,1.18122483287217,0.642267491581785,0.243243016500531,1.03036563587926,0.587366220448391,0.52749560928784,1.88820552168608,1.25252306176633,0.41381669744372,1.32540208046654
2021-04-29,2.02522260502714,2.38633073907153,0.869323471805259,0.888623665241258,1.11356633454328,0.674432587224205,0.506698231910646,1.84904778719764,1.353387818782,1.05616948809841,0.83494590311256
2021-04-30,1.66222691298967,1.29024290408188,0.835862348696277,0.685582242833062,1.09458628253595,0.684839211014841,0.526502591915474,1.9605160136352,1.36677714970154,1.11438803299791,2.16652081707583
2021-05-01,1.87954921794862,1.23981421656309,0.862565759433393,0.875515005892355,1.09864022966226,0.683901268284892,0.48229691649969,1.88605978672943,1.2280077033244,1.0317703500907,2.44522089397943
2021-05-02,2.07673812408779,1.22264044666624,0.860098428271095,0.821634514417447,1.06031041419169,0.577371717212838,0.293106063071022,1.94299760521724,1.30845881608463,1.04057466802615,2.54796839942109
2021-05-03,2.21248656285773,1.33140181714674,0.772282772646924,0.479769099783659,1.03538159744221,0.644733111847119,3.13529066803619,2.11480232965294,1.83496142952227,1.88111220127872,2.3422420377364
2021-05-04,2.25408429647681,2.3013804592448,0.909496444159762,1.07612653077121,1.07589681016091,0.858761524814073,0.497270259949962,1.79299841187784,1.78695959950993,1.85084633690171,1.90886871847732
2021-05-05,2.20108328702377,2.43024201988357,0.781625504313008,0.831122511532795,1.17243204160257,0.866636200264228,0.550565803940843,1.92386890637209,1.63346433171474,1.34087734844918,2.18824314881949
2021-05-06,1.43062828524867,1.42817725717031,0.663770350539383,1.16449455825887,1.09009291211661,1.09301512285032,0.490244508706442,1.63277994328235,1.6259688296515,0.867479778762695,1.74371964658944
2021-05-07,1.57156326492808,1.11556019405558,0.670033953256658,1.21520125296182,1.16113086602201,1.04894097595159,0.404492693863968,1.85384562782569,1.67631169146249,2.98845137594682,2.42936807940551
2021-05-08,1.24205571648632,1.60201626162015,0.438880749952654,1.1041332652548,1.15714118856582,1.0160663078922,0.714682161801722,1.7838333591023,1.58506103113996,0.874612846128302,1.82736808873129
2021-05-09,1.57304147117216,1.40651369608666,0.533698195946817,1.14666455995172,1.1347872494971,1.07137938971288,0.641747937029322,1.77185488662598,1.64289770859472,2.1646792805098,1.78559968396097
2021-05-10,1.43061814439918,3.54840488489014,0.565181413635551,1.05638852025446,1.28868077011381,1.10450867687793,0.689440754983297,1.50645850204692,1.78323859893527,2.179026841257,2.22432394933062
2021-05-11,1.129005200794,3.40971859715957,0.639490473100583,1.02432275213892,1.23938646807196,0.748806372013848,0.509579791551423,1.36340245155599,1.76176073754942,0.748731947223592,1.59402982284214
2021-05-12,1.23465732262332,3.74768967897013,0.554807800344958,0.830768376825215,1.47299463564292,1.09258399364399,2.24638540054087,1.03595568886878,1.11648837671294,0.806074617473523,1.2921779754905
2021-05-13,0.922975524031727,3.27616047542828,0.367587080271419,0.781412893138453,1.39868762460188,1.03100089413337,0.788204167968491,1.56460123638574,1.03805335761703,1.23103898578022,1.74706771049368
2021-05-14,1.20739920960212,1.48997444767041,0.588533218999613,0.943179822055319,1.31357277266699,0.419928478018773,0.809837501398318,1.34539664041049,1.22795370190758,1.317289706728,1.35407984837605
2021-05-15,1.13205440994072,2.14890637668943,0.367434331330856,0.799244070185348,1.16699163936107,1.02148827541958,0.782830859259404,1.32358285300989,0.962500514985855,0.59509944335246,0.825590834058874
2021-05-16,1.32913811066837,2.12189384078897,0.377879284591491,0.636760542970574,1.25839637342184,0.802841644699302,1.31541224895344,1.40799530812345,0.705055205199027,0.958492177334213,0.839800310614674
2021-05-17,3.89953330966895,2.45533471093466,0.353948689242594,0.600101118932541,1.32839215755433,0.842959408652029,1.49358879490803,0.629009380047319,0.760572820415632,2.84744142640294,0.705604706761337
2021-05-18,1.68634589894376,1.31469377149286,0.398658868604452,0.799234258972778,0.553640036077387,1.08039301919521,1.36458812241237,0.692816012684598,0.918920930820505,2.62753641984328,0.924740069798006
2021-05-19,1.51836898966422,2.096445057809,0.375165492751363,0.520170975405188,0.546090482478121,0.83052657992711,1.07309893737504,1.02516476259181,0.933814835472232,2.96608462221527,0.878070720516282
2021-05-20,1.15807348656795,1.81230835018612,0.306347971637824,0.52699194267965,0.620289967764837,0.816099052727999,0.81050165562924,1.00272653652954,0.750683850621162,2.69746114661009,1.06668324240443
2021-05-21,1.76694781103683,2.01364284048308,0.277882901762963,0.534862810009923,0.391538738198896,0.445843519361962,0.798484594680385,0.848694727333059,0.963744516363437,2.934623048911,1.18337167859901
2021-05-22,1.86800393281937,2.09336531141687,0.305409968777065,0.678393042981147,0.578165181490565,1.76397280143132,0.754844528974978,0.97090513199134,1.31544000990166,2.48470259040947,1.15404366846896
2021-05-23,1.70083375493008,1.70709713380987,0.266134112647414,0.588289430683152,0.610577480642013,0.689681833964729,1.0826637034238,0.974170738885517,0.834231002489177,1.71744273167683,1.21620178306492
2021-05-24,1.67761937439629,1.67125992643166,0.293662152922121,0.77648481458578,0.656874071277596,1.19943049572918,1.36875097041336,1.00927499642416,2.1904367110396,1.74057626414964,1.27346487055647
2021-05-25,1.33602780213517,2.21412362330455,0.801113287067826,0.695677155894573,0.744469146729867,1.02664669277639,1.26176380132086,0.562341019597277,1.58073339521772,1.87722431948035,1.05920978827715
2021-05-26,2.32977396581054,2.05038513013289,0.21092023678035,0.834996692327739,2.94136267531241,0.78030851720155,0.42663296174464,1.10568804463449,0.564580803691797,1.84051424280768,1.39346086856917
2021-05-27,1.79382343780759,1.91351104076661,0.214252459209238,0.660570943776078,0.337367908227871,1.31200059715436,0.522957202703318,1.07649195170411,1.68742204920978,2.75926040922763,0.56139885506651
2021-05-28,1.91988280462237,1.0637588502087,0.198509254390364,0.880041398438121,0.512886108413796,1.20380842258607,0.588795486136891,1.48399328294429,0.53876085609484,3.22235052866386,0.875605579822916
2021-05-29,1.55172472075121,1.0281493737126,0.20766668148899,0.918800947729718,0.425203285546629,1.23246837871065,0.460409007708922,1.29787564196745,1.6409266090417,3.38711217855388,0.893209750754194
2021-05-30,1.15554966027842,1.96225332591512,1.68445250566375,0.862882552144987,0.503966178081884,1.12594358802873,0.398503495038728,1.42301603700981,0.662374005372619,2.34784871017613,1.24368570068352
2021-05-31,1.28783962830362,1.60634652108702,0.266578134989321,1.03115342957639,0.535246447307786,1.03209896283152,0.37099727119508,1.01565691700055,0.419318537047258,2.34760251831164,1.44189972040943
2021-06-01,1.44995179228038,2.97214285039528,0.262022077363774,1.10662345578049,0.228980715580423,1.00037534727787,0.507112847001038,1.15048304832743,0.420636146499507,1.20744193689839,1.36130013729675
2021-06-02,1.19187516055444,2.73549062862019,2.05536209646558,1.18538162310322,0.453889403364708,1.32229834558356,0.614529536078481,0.765426644602317,0.519075790906409,2.31050918765238,1.49330161472575
2021-06-03,1.62142863976197,2.45552715397044,0.227536445567097,1.14505730620499,0.86652344738715,1.43138306857548,0.446431334968845,1.1166324492628,0.326311387196752,1.17894796042416,1.09974600497377
2021-06-04,1.31720039429407,2.48745653508826,0.225973729573602,1.20755150110008,0.941473451357474,1.68264565229965,0.617262432953296,0.734711978319887,0.583273131756766,2.74357089894555,1.52679008402998
2021-06-05,1.30450738479254,2.66644849035255,0.167711789358852,1.2084037245864,0.955522337428517,2.05697556023051,0.537606802968569,0.806751825213762,0.114210964591608,0.938213790894168,1.53492620301907
2021-06-06,1.31859027472703,2.19724185751836,0.153563777604409,1.16632494942638,0.957803252456522,1.68306877383128,0.265000527591789,0.784264379454611,0.135754621218284,1.55259593170441,0.789357878977882
2021-06-07,1.36350704825729,2.69079146939689,0.46613643285661,1.15964430510922,1.05939080710626,1.74982869201352,0.293695972582305,0.845507764090938,0.353615029304094,0.834780448168737,0.807542294654595
2021-06-08,1.31030203632517,2.34101165547606,0.628645437407334,0.889103697590587,0.665301868980587,1.15780301634996,0.591882994100353,0.796082228015727,0.283905508673041,2.72774092547277,0.704552457220912
2021-06-09,1.17062548893275,2.37629131669078,0.427905896984406,0.663394642815581,0.772162981725999,1.21624496339717,0.356083097246014,0.830012951835129,0.239651787271334,4.72513554235187,0.71595692002108
2021-06-10,0.930452030930818,2.78660479995784,0.418576713556973,0.694019104465206,0.612276454702304,1.9036418844992,0.296584758421308,0.824994499642941,0.263219831834461,2.54990294663941,0.825282478990169
2021-06-11,1.1714470891013,2.18230673526565,2.51801157196817,1.24336667626735,0.72592749947776,1.00274377201134,0.366131243505351,0.61773510821779,0.304369318828226,2.03763415992127,0.633823783008286
2021-06-12,0.847537484714538,2.34975612645461,2.35461507475237,1.17655959474808,0.611812468985513,1.06484571550827,0.388083465086504,0.441058665808297,0.300683988054428,1.55178656288542,0.65743775133738
2021-06-13,0.85998168015543,2.36685681427563,0.264879737754526,1.30858312056681,0.720067835324244,1.28538601110876,0.345524209514119,0.866067906982105,0.357072907292397,2.00778765882217,0.506450962004921
2021-06-14,0.859115196035684,2.54261560997502,2.12800683278953,1.22444559262418,0.690458551053114,1.09214575929601,0.341462152433744,0.673433271920801,0.395114802456533,1.99827279239271,0.594553468011526
2021-06-15,0.983903219040516,2.6297068459539,2.24041603144274,0.649236322545673,0.78200505790023,1.18434233477383,0.425548084469611,0.67232174796901,0.401894013116914,1.97114031839953,1.00815327151286
2021-06-16,1.18954707294881,2.09400318758835,3.27182391770304,0.975316103184235,0.686825327753641,1.17550679708569,0.320443043397656,0.157382208371116,0.375855391043014,2.48309895213625,0.803646701976599
2021-06-17,1.7346610072386,1.89712333321261,0.62222697067588,0.988380582252984,0.784963182609567,1.24791456347858,0.456346746757283,0.705802460481127,0.254368531651192,2.04579276224878,1.13017925000882
2021-06-18,1.14409894561382,1.84360605006287,0.140474783249799,0.564802061229856,1.50040504485753,1.70450695052671,0.487340568603953,0.594320432258576,0.37630403447633,1.67735909272072,1.21864272454684
2021-06-19,0.8513204137837,1.85204041468441,0.612599481209394,0.609100417313702,1.33824583268936,1.60098605191341,0.488943829114117,0.175385449169033,0.38972990213375,1.84695573515246,1.10336339048524
2021-06-20,1.02044769480624,1.84188743734069,2.92458072988337,1.00617839139649,1.31168404216113,1.62674800079427,0.532769431015677,0.13885190116696,0.386322040236223,1.77968135998832,1.07017556179063
2021-06-21,1.06487922298243,1.89302313502478,0.145658724187311,0.709917761872376,5.95491439171198,1.07878924278375,0.776998324284877,0.346689620121323,0.373952908308566,1.73481013917788,0.984739977895868
2021-06-22,0.582156643770785,1.86091675953054,0.134991995549655,1.19263725884312,1.02415880472845,1.64464634434904,1.0117349658339,0.235194850868547,0.36954059570066,1.86702597804208,0.882401510483547
2021-06-23,0.825566331321721,1.77904869346633,1.1781717159499,0.756709525582475,1.00161237610573,0.794080998547416,0.933394772404001,0.404140061074851,0.289325563520875,1.68428404192,0.743453746125606
2021-06-24,0.756879448145012,1.99302812967173,0.344604070972345,0.319122029237517,4.25822363449519,0.643801741046465,0.995129587393939,0.571086239407565,0.199691799818942,2.77492923757556,0.980207526341816
2021-06-25,0.753280372095282,2.00776283142234,0.232657363618424,0.541221816554466,4.4123935227294,0.868826581068037,0.89466256355473,0.28357485143681,0.761461280048687,2.8701755998339,1.03349654559473
2021-06-26,0.701014425927075,1.33751991605133,0.368959533437152,0.414569729078788,0.971908506269559,0.849049908052667,0.987329997895203,0.549019482098652,0.893467950699913,2.99818940165374,1.62548044221126
2021-06-27,0.927338184608898,1.34424919077219,1.15006274338234,0.297381444631762,1.05448183527824,0.709305217523335,1.09770443604726,0.715241751582735,0.784945772996019,2.97568145500154,1.78024573459543
2021-06-28,0.855789367816526,1.36729236014546,0.220233477651757,0.346501118964435,4.25465134340041,0.802510981775927,1.16800570264105,0.485161874135066,0.807425992147045,2.06413970280288,1.5284817335963
2021-06-29,0.3892623192506,1.37440104858323,0.271773962053252,0.287994532235508,4.7736865402012,0.943579982321455,1.03866780109378,0.508837766910803,1.03584693650705,2.03240272336353,1.66289804064481
2021-06-30,0.377935216226143,1.51053943712689,0.341824665642298,0.623857803492003,0.958500541448094,0.833680635520441,1.1065183485571,0.287436925651968,1.06868688221884,1.4969397043289,1.9916602741567
2021-07-01,0.542120869998072,1.4972109563755,0.365848693757642,0.694546295994334,4.0007773256779,0.768810552678281,1.25615173269032,0.20482018248681,1.0572709945711,1.53650089707396,1.46304558262429
2021-07-02,0.59349438644266,1.17196484550944,0.386511844271783,0.649351648948742,3.95205915058616,0.688729112623063,1.33364916212782,0.477426652215725,0.952086331278223,1.15016514066279,1.68743226870488
2021-07-03,0.485573981767318,1.16140645158853,0.382853644248582,0.564418118869767,3.87766452255291,0.645301591180537,0.707336975954154,0.655646034585719,1.92370039060817,1.16091013020271,1.58985260887871
2021-07-04,0.643296522465334,1.15903901564543,0.402907925241441,0.179326582014478,3.90319125300624,0.68686331736535,0.757952643223801,0.745374617271373,2.14320743787815,0.867139177425933,1.29165761242818
2021-07-05,0.0464254128154755,1.06252479439988,0.36165268985199,0.692823385568664,4.10775996607895,0.91864218852944,1.06965850717144,0.381693324252048,2.28256759508047,1.19338546985285,1.28278022864484
2021-07-06,0.488123871410001,1.1970837499488,0.304202155268095,0.238879109875823,0.660010332349379,0.795996717293222,0.546285825719025,0.640960715040622,2.26194145171405,1.1541741279153,1.3095768871488
2021-07-07,0.148143553697299,1.47635811129007,0.339419188064777,0.194958877047022,0.697160167501067,0.871160024692626,0.246320996262119,0.625501715467731,1.92041256616057,0.97017455737626,0.904626217235457
2021-07-08,0.115277038968342,1.57300115014271,0.875146087016182,0.454434276192773,0.759561649163129,0.395783186435674,1.35337127660211,0.733904661544939,2.27493011419091,1.65824766335871,1.42924673294963
2021-07-09,0.0821452993013925,1.54131817778968,0.479547731104884,0.683121003342361,0.875446053906313,0.563471680610477,1.15007160249613,0.740428780011239,2.02999538240448,1.61180844006566,1.29457298619513
2021-07-10,0.525207621469014,1.05499536770758,0.272475195010226,0.635294455002887,0.967851957673692,0.513492303217694,0.237781685268486,0.81715569054801,1.98975207148994,1.62118873688338,0.675659962980784
2021-07-11,0.487658721327815,1.04239202087952,0.448215549497757,0.678179994705664,0.85645683885014,0.498205118596799,0.650743079955212,0.780664585097462,1.33003979960011,1.64178942431116,0.950950966778188
2021-07-12,0.75268495420146,0.892982252854061,0.327442785546309,0.668973503401186,1.11490054105216,0.519398981328155,0.69721686637731,0.794253096603542,1.85562153125261,1.65862909582754,0.733633772715732
2021-07-13,0.482153071733136,1.85646853311767,0.558475524137655,0.635429152054366,0.954636671488691,0.519092025077009,0.666854869020304,0.294254245444885,1.66189355251936,1.64032920904469,0.64116715397864
2021-07-14,0.456649934255748,1.620616437752,0.217825969176271,0.571387045347387,0.895496717432382,0.542292131158312,0.695351777230532,0.517200595853664,2.2613169515917,1.54996621960229,0.879932195807778
2021-07-15,0.425839122141534,1.61437178164385,0.251226370435279,0.613428449126713,0.98569748155284,0.571275262756678,0.738035034856221,0.631179638093935,1.74773486610637,1.56388217949503,0.879769656647025
2021-07-16,0.284350557977529,1.21747047764182,0.396866077561917,0.577401479316066,1.00271352751182,0.544270385499873,1.3454377547938,0.559938862192766,1.71096817237203,1.58800387142568,0.810694726979295
2021-07-17,0.359646056499877,1.48149543564976,0.410301744821093,0.496415168195415,0.988976195051684,0.493795950022599,1.38857587495989,0.538051417161914,1.50917752146186,1.65640086935881,0.310675764499341
2021-07-18,0.498325553068133,1.27744555396179,0.368311127923438,0.634351480583182,5.64253374052395,0.480957732022525,1.33769843891076,0.58212847624643,1.19401434657284,1.74526324047926,0.400587595594764
2021-07-19,0.431950539993231,1.1161305765614,0.339227471360104,0.537632352591092,4.20774897897341,0.484485070624254,1.94250430442056,0.550298699398765,1.36942393354437,1.56823909789092,0.545061742698318
2021-07-20,0.631369204813125,1.19069898077493,0.327395650877049,0.66874664424502,4.10367593188554,0.480408663634599,1.24717459316651,0.525197236176357,0.78702109340663,1.74345832338319,0.316188210787499
2021-07-21,0.337729018861556,1.61908714387619,0.562093251334747,2.29280672363468,5.59923591968024,0.57301290501785,1.37046973607373,0.968037664370474,1.73022032068455,2.5686707096579,0.768357627533153
2021-07-22,0.608354509920745,1.37693304656691,0.592303966080273,2.19936989902335,4.06380872626034,0.559486557021173,1.53642687866274,0.591247787106415,1.25858253783184,2.60849303573178,0.908928574803417
2021-07-23,0.3146900286173,1.52286850143424,0.755534789140502,0.351971132336369,4.13943393004671,0.559539141185651,1.47433128125404,1.06792141378625,0.835320801466636,2.4539875569064,0.618933423452314
2021-07-24,0.911982611569994,1.45122795900385,0.597601577085465,0.454312475945506,0.809454292343239,0.551101080693729,0.841000396829331,1.07742825084257,1.12531597361154,2.73395082450154,0.846501215813949
2021-07-25,0.369445790061991,1.6138738625244,0.509639302269712,2.87195347739113,1.00614227405745,1.66106587988945,1.5775847601131,0.659632419887898,0.723683764117643,2.68904460323804,0.435945437500069
2021-07-26,0.415314246084606,1.70659963683521,0.398661988465121,2.8787802847548,0.824648366651875,0.517989423620833,0.944884321779159,1.10114077548289,0.672451574026878,2.77784686207876,1.16397719352674
2021-07-27,0.919159775124593,1.91917381310016,0.539616355065814,3.10364851628842,4.11192550790604,1.60067528413593,1.75848523582377,0.662635829383402,0.85906759978637,3.12721406029197,0.417334433127734
2021-07-28,1.02751728487309,2.09591696848328,0.613301903689001,1.94166294719763,5.85723378451819,0.858230608712013,0.940528617881933,0.483711392717895,0.767674595262287,3.13562685853937,1.18767652022152
2021-07-29,1.00961858521397,1.93640943956594,0.701166741435626,2.33481747034027,3.96359527645397,0.414147501390891,0.98671309135476,1.00183780351851,0.738367562912167,3.07587211384969,1.04295123132536
2021-07-30,0.880960982434498,1.90991302535759,0.912618423337655,0.376306701883972,3.97434294994125,0.477444037750721,0.928021905251677,0.923275324902113,1.39757361218965,2.9980070735322,1.17678969567224
2021-07-31,0.832207363565894,1.84659092358404,0.416334340446323,2.53706273628128,6.08723192876353,0.477700996419235,1.46498131716208,1.47580828156024,0.860415386383114,3.16573027782175,1.28808073678614
2021-08-01,1.1760168011148,2.32948591514178,0.415043307108409,1.10444027054721,0.910519473076385,0.523949462607422,1.27316027338414,1.19761948352803,2.06840018997524,3.01835819573533,0.893091525402434
2021-08-02,1.0703514711535,2.03545261523349,1.01324651593285,0.524397067531961,0.817453108829566,0.536053313119079,1.77313879936428,1.1751853462335,0.895221354836078,2.87294376143671,0.839176983297439
2021-08-03,0.753386414278281,1.25018749671999,0.991255735636822,0.790532360515345,1.00600025418093,0.72613827524807,1.916642538489,1.12649811538328,0.822111811269238,1.77404389301256,1.22398154535668
2021-08-04,0.649003600117471,1.87200935760893,1.0142242683678,0.507132121789126,0.908163648229751,0.658230458962928,2.41243489859784,0.456242810456269,1.03027334095467,1.92743831571204,1.29238291832194
2021-08-05,0.669161787017535,0.914303603626303,0.870311662937882,0.527354406354893,0.918091697749906,1.57918202888448,2.5312958550262,0.46427088532672,1.11043379791831,1.7176501543667,0.459471775892687
2021-08-06,0.596707514503616,1.86691662244113,0.965792965169893,0.594476002930778,0.861587948028162,0.998900533278959,2.30142279701,0.477002580040799,0.785166677097205,1.82940288646645,0.401825616958911
2021-08-07,0.506299215506603,1.72399058297307,0.842603393646164,3.60202241200422,3.93351588338515,1.02363140641654,2.23419210515618,0.514229693105878,1.26771466083026,1.86232221276005,0.47998448718844
2021-08-08,0.671520704212629,2.06925115642315,1.0939419304789,1.05304797945551,0.834910952694139,0.847990886241195,2.17456723623916,0.378962628001505,1.80499924224408,2.037478302995,0.523411701170431
2021-08-09,1.0389271587936,1.88819577471523,1.20194474686354,0.623777042640762,0.833491273096104,0.950066098218211,0.959261004910346,0.410558918933085,0.704427607717887,2.65446749118055,0.546277872629709
2021-08-10,0.995200962286987,2.25776073307381,1.03111314055437,0.524631284941284,0.818995669094137,2.09892646318016,0.592657281611521,1.22522247618289,0.978481949277194,2.60793395733793,0.350505270005291
2021-08-11,1.20680199955154,2.03507157329334,1.63128442108332,0.61493794749504,0.854398455578034,1.01632527805022,0.876387528051022,0.338881498165453,0.591886680570966,2.36301382762832,0.65890264773283
2021-08-12,0.857408966176951,1.33353569428683,0.553508729438263,1.0293699538716,1.29395809653488,1.0871850069315,0.901270650029149,0.55578994350978,1.4010664415071,2.29060120329299,0.439532022127533
2021-08-13,1.53739967744718,2.0306461971104,1.49778987354914,0.955803426741697,1.3356236577794,0.914973099645831,0.976437775708126,0.577185855814314,1.76603664943359,1.93248293389944,0.463143484088528
2021-08-14,0.975898578347742,1.91425941977445,1.08369795041627,1.08922394626376,1.35984604234011,0.678106338557272,0.924106594408405,0.318981883812669,1.6068073035592,1.92985095567407,0.488601091958102
2021-08-15,1.03655705650958,1.96335785443276,1.0470609459832,1.53164656746603,1.88162618683437,0.653068062670986,1.76326366178262,0.319171995299428,3.08147801863657,4.52151133881688,0.398119553547318
2021-08-16,0.6488149883368,2.00032128895677,1.19157925361223,0.914338461209774,0.423602468769575,0.781836178272233,0.937650516431248,0.517759361671914,3.71150364960375,1.81789690879397,0.5456194900551
2021-08-17,0.29254360750838,2.13171226013944,1.6337278653787,0.949366634038644,0.24933960932653,0.507296279265185,0.951886226033395,0.920519060246002,1.81809923494393,2.54524636865458,0.560982414199288
2021-08-18,1.90344775832966,1.30709448079344,0.747219168799815,0.799028416086518,2.97514249931857,0.62930470921739,1.18143957187638,0.675208436087798,1.96313211318711,1.54479185572003,0.325769085430693
2021-08-19,1.72403116502939,1.53055442645585,0.753544792021973,0.785592883560862,1.10793963465122,0.51053091048995,1.13999980861951,0.421942711446061,1.63195255192337,1.21338569012376,0.417351690525984
2021-08-20,1.67396893958782,1.11753660255718,0.598299389788909,0.787650192483915,0.979634796381558,0.445086688541797,1.14050756302577,0.40923431523192,1.9311414261783,1.40364807819985,0.468676538961962
2021-08-21,1.72487629621028,1.49621847344838,0.382821721655143,0.342218516408703,0.81690551914687,0.611918101083491,0.659688661696203,0.457674523200831,2.0281935824402,1.24133299696854,0.589737488556051
2021-08-22,1.52242454677502,0.980753031787483,0.529583102569798,0.274067441050597,1.69472230610308,0.707239924613615,1.00133472243166,0.408289211632044,2.54313688063816,1.36334860066416,0.667157542536546
2021-08-23,1.73688452335188,1.1813730554783,0.537214155863113,0.203379093759501,0.77487988066672,1.15359314963062,1.0462084140105,0.733328814062914,2.41633507724611,0.667213945341237,0.457221685041342
2021-08-24,1.20693211884352,1.24214004388603,0.716592429281268,0.20218374080078,1.05954816214328,1.01281767419929,1.03120599160647,0.529104919366285,2.53489161208299,0.962787455758906,0.775948509276966
2021-08-25,1.07838969987484,1.90591557000382,0.588424071497675,0.350984399404505,1.63051162480273,1.21676504069045,0.964070247023032,0.49257130691186,3.95282875461314,0.597847915398002,0.726617976309134
2021-08-26,1.32615410178917,2.04901506391502,0.620629983505829,0.415422209992908,2.51396266513193,0.742604188740954,1.05926990447114,0.520935346440384,2.34942014457577,0.8555770408518,0.796304849667557
2021-08-27,1.24540317464582,2.03455721019394,0.546141027751239,0.392842885112704,0.93533413968742,0.994834364297444,0.900949868463824,0.53217038907529,3.6792616596293,0.46802497279043,0.578142793469492
2021-08-28,1.88357157047319,1.01119505296728,0.599345653279833,0.596936924291998,0.464905137847083,1.05446243122156,1.3522155790476,0.524171234936756,2.3702270354858,0.464078830505528,0.86467139901704
2021-08-29,1.85496858500184,1.40612997435418,0.851282552054368,0.413613557480539,0.540057668120788,0.661083386243753,2.42039724896403,0.911012324451037,2.39136389576557,0.816604266720192,0.955206075547854
2021-08-30,2.05614874704904,1.0249465998309,0.835955893651169,0.339333811507465,0.604775147500342,0.629846770639876,0.874968245160414,0.975724100192013,2.93292530554615,0.497416976242639,0.937218145324587
2021-08-31,1.81043334380717,1.93241270507438,0.650661951812255,0.283275271363259,0.833527376848605,0.62751705680332,1.16566706316276,1.43744673827226,3.53590894465707,0.819564603843773,0.943518187747424
2021-09-01,1.47692205234357,2.0705114539735,0.679786200013831,0.22893911981492,0.781706550614147,0.641628449793359,1.29928089754544,1.54254567135047,2.85375738564673,1.24357948081289,0.996418681323248
2021-09-02,1.74410174056371,0.762923763460261,0.805028616366283,0.305687770566624,0.484152370219506,1.55441574402837,1.21698178824168,1.46612527759201,3.66428801188629,1.15806125341229,0.937955315182864
2021-09-03,0.87781756972166,0.854942508752861,0.751777913557582,0.243750393956144,0.500566921487113,1.45429054776072,1.12768019023686,1.51479123403311,2.82138967909799,1.47357505894135,0.927485548863048
2021-09-04,1.79340778498912,0.705040123869598,0.807739609564453,0.26786933725298,1.65211407314764,0.578086531887105,1.36661508689373,1.7494461177617,2.67515788979249,1.43111524408732,0.909740840064292
2021-09-05,1.73876305189671,0.719821185981084,0.870556639595269,0.493202839939079,1.44897486704532,0.567822705028526,2.05332011384816,2.00916083567834,3.50871303637125,1.36465073470186,0.922907315147643
2021-09-06,1.7697668481354,0.371535941251552,0.764786865622027,0.110342415079938,1.2836116719913,2.0360979803816,1.18818500545894,0.311275066985922,3.06590729785961,0.470725430979317,0.922019817754105
2021-09-07,0.885194799448519,0.761335385099045,0.773634882343993,0.621565538845756,1.61672984342854,1.03035467156735,2.13997036885478,0.394129169899108,2.81272158719831,0.307342902409051,0.895056517267679
2021-09-08,0.629052868999566,0.840355996159607,0.749778164586872,0.545722838036392,1.50918693952323,0.77227548241629,0.718895366295826,0.468268158394563,3.00330948605969,0.385101362971399,0.833325461162282
2021-09-09,0.337488246019284,0.905993289911898,0.800860626894703,0.285951357057668,1.68237041704435,0.211406850328755,0.663496196161985,0.700022459231177,2.05713251982133,0.859352098829115,0.854206996133368
2021-09-10,0.799218405617184,0.779211243052086,0.718826984561719,0.246975820279877,1.60227983265576,0.379316365076218,0.603362863511167,0.703443454274597,1.83328929235515,0.57522339153354,1.04026202715397
2021-09-11,0.77098942268892,1.28013664824562,0.702306261289113,0.242752913351153,1.41687187519881,0.404313283434321,0.945848069081755,0.724569989874984,2.42771018601743,0.523313517350974,0.575987983167268
2021-09-12,0.678890204733002,1.20960970462725,0.637167069271998,0.391508000252919,1.43500474376673,0.404900832706726,0.713876933086818,0.731015511178395,1.8597593523239,0.839438000341107,0.541001246397832
2021-09-13,0.817575738095828,1.50539646127202,0.65186861246902,0.323865357202708,1.4040415158079,0.407377566668666,0.632755589344687,0.470275967125443,1.36834647936857,1.16486515591818,0.714788599166592
2021-09-14,0.965353921514172,1.45136634082469,0.703679748345302,0.245457534599165,0.968932219088848,1.1094825739971,0.619680247619164,0.317296619329159,1.60812555426394,1.22931358782818,0.707344514828958
2021-09-15,1.05590338897058,1.61802724195411,0.711071731288816,0.562075093475372,1.2050268430195,0.83285208370249,0.810596040220878,0.824991218916919,1.71845366650931,1.900238033474,0.59549142060387
2021-09-16,0.923458744281003,1.35109965144034,0.63297075195537,0.441754955400853,1.72307817566323,1.24619163572184,0.72507501436217,0.405053091594236,1.60651975370079,1.06546547907156,0.528988018815097
2021-09-17,0.854513224414414,1.8520222796643,0.764880689375944,0.477650982626377,1.63623482953721,1.07245187383663,0.748349124956947,0.378003903940324,1.23019544362013,0.480147234870355,0.51448503293934
2021-09-18,0.86666857289136,1.6634209991991,1.63884878446998,0.444390041484503,1.54735349357196,0.880486430214452,0.691913176933835,1.16088164832207,1.61997090999986,0.914616421162057,0.541866714204903
2021-09-19,0.891237075569397,1.76330340415172,0.727245049016692,0.253499035674729,1.27965848664597,1.06513656662342,0.628400326877308,1.0692112521435,1.63630440563608,0.567781832865963,1.89594018431077
2021-09-20,0.564058088502087,1.37940703911855,0.901365550566375,0.402508535465939,0.553546927242806,0.805178132925889,0.570597250968791,0.453542566485615,0.943266098196777,0.818954865628988,0.577166744323135
2021-09-21,1.88953432412039,1.33419418258511,0.742489192504617,0.717469203508165,1.44919323611974,0.820581566996434,0.789908112911697,0.312854558072235,1.01849904400955,0.650805771537535,0.31732276441427
2021-09-22,1.0778874776735,1.15741166174438,0.677112473044943,0.50745799390465,0.533976080208066,0.477472729593646,0.98045364500224,0.588619077589365,0.674322029321063,1.82156923063897,0.757922628066223
2021-09-23,1.09377885196095,0.869409339964716,0.521020819588698,0.298502845455587,0.510520130306277,0.511987929359775,0.958118325065627,0.85446623277936,0.721611471520268,1.63873051421042,0.385685712555446
2021-09-24,0.695284491713948,0.78647200387925,0.356592687602146,0.340241925210715,1.22451484306272,0.475059281652866,0.817186733066257,0.962043138715945,1.08460778118969,1.41563761402843,1.1641797498136
2021-09-25,0.811253836441769,0.842204211107029,0.378622444264671,0.684049202093388,1.28180227991919,1.20736130133031,0.512194789592991,0.821158113294612,1.7723300957483,1.02477908311073,1.25724132593159
2021-09-26,0.846339718388389,0.85043870319484,0.814236288974848,0.471990459535732,0.387924741274157,1.17288730082487,0.499316642341489,0.73500152377893,1.35400329099317,0.542114073298477,1.34580762669229
2021-09-27,1.90217838654069,0.816177864968002,0.462097844609035,0.585428277061541,0.192895351102713,1.2604184889344,0.630825752956554,0.392577716857222,0.4305976834291,1.14465460143532,0.568222455814385
2021-09-28,1.86387115652534,0.975725958173335,0.349991908734489,0.470884803815047,0.441996842315548,0.641285027515569,1.05769663943801,0.427080807376159,0.510003866926118,1.34494812174299,0.652987032502834
2021-09-29,1.95531670084892,1.9388770453716,0.454603060571835,0.570467892889584,0.448273603274427,0.899310130747817,1.070521096693,0.944119760210163,1.84114903148207,1.00376568871216,1.16978893840443
2021-09-30,1.73154619624424,1.24087607464097,0.644442489297141,0.563246209271222,0.529279944237433,0.827789479545325,1.13022066743732,0.424429402596358,1.91244405728926,0.990665454439211,0.507274186446966
2021-10-01,1.9730870167736,1.23353050534842,0.753607755725054,0.540589991295131,0.37705306835844,0.752103193464061,1.71887542548526,0.789749351639282,1.89390129474279,0.690743773925968,0.583636542673575
2021-10-02,1.77578863594362,1.31116699749729,0.933386216143888,0.514852565903133,0.580279145894182,0.642620973861378,1.25727396997965,0.756159423155329,1.8744112673283,1.09143373242868,0.506138443955271
2021-10-03,0.551675365989368,1.15852119494252,0.883910176743788,0.500291353928376,0.577588631345244,1.12506528232715,1.29856768001019,0.980491519841328,0.544196896295989,1.14163766818908,0.844204750145134
2021-10-04,0.534555421639084,1.349883179491,0.947294901353928,0.697051262482382,0.469536320349171,1.16759118168242,1.44233572585124,0.617010615473765,1.62587802637945,3.25358373523839,1.06519866151289
2021-10-05,0.674005959906579,1.17307398825559,0.631719634230886,0.591436912689557,0.576200503726296,1.57615133506633,1.31646780694699,0.65885014083987,1.27975597285105,1.15781289841023,1.18607815680109
2021-10-06,0.560856109664771,1.59087003678591,0.474511435496898,0.708134138965172,0.549776559269899,0.639869006811203,1.29577477507639,0.741052746090602,1.16439614643562,1.63735796973044,0.759000151264556
2021-10-07,0.769957050477145,1.28896379489959,0.343445676602697,0.996927103794427,0.422960098479255,1.52599945580624,1.36450611758699,0.701046353613712,1.20477711918346,1.69225678353855,0.852754188721614
2021-10-08,0.581143270543332,1.3548526103554,0.313847999121644,0.99998191913837,0.555718023935976,1.48608190234946,1.54727149927208,0.714583103281727,1.16295024641234,1.24876604683679,0.842310113150264
2021-10-09,0.594582536344184,1.24585992821592,0.317681834421685,0.512443924293525,0.531287945086343,1.50702178338279,1.32461243679636,0.726940336209443,1.05212284709465,1.91900291981695,0.826276155275751
2021-10-10,0.373434052711004,1.28495166381059,0.586191747162051,0.978008467185938,0.998986920052412,1.50622060588404,1.49090830052662,0.751863977929808,1.33932870062224,1.17525944375075,1.29397161239042
2021-10-11,0.490537503614473,1.53063204212829,0.546528896181667,0.980045278150381,0.498038564377392,1.14565699211591,1.45823374102258,0.714955775605599,1.14641387172402,3.15214360300624,0.891807337559319
2021-10-12,0.701271602662861,1.64889237304967,0.591907821750672,0.946944321339944,0.643140482650787,1.62685582268786,1.1688974245799,0.798760806821928,1.02009972965124,0.927193777651375,0.802070465491393
2021-10-13,0.695478016012487,1.07393540893612,0.59301402072425,0.889183137856355,0.272586623290917,1.62672319165639,1.10099572155753,0.445995445981612,1.06212810072828,1.23528006924061,0.941302033932789
2021-10-14,1.35177931368383,1.39732424587644,0.624385709126127,0.766545000359554,0.352222945894312,1.15168555202052,1.18154133777686,0.386247315910725,0.401863856389952,1.65369354853581,1.36158652457652
2021-10-15,2.09755507364503,1.34853461688367,0.562762391260763,0.435566619827057,0.624493487658362,0.6711712156976,1.1730767155455,0.624456331152074,1.73030252638854,0.646601331733289,1.29449924694463
2021-10-16,2.06997509514217,1.03574289247259,0.994473914068418,0.426026136648858,0.651674932065921,1.08454072939581,1.09120261533275,0.606921505170009,1.59475245925449,1.69384319318102,0.918051688970365
2021-10-17,2.20520345402656,0.902394946949661,0.733660935047457,0.322668894342858,0.769846782588899,0.782924052220369,1.06189807130844,0.419438880263994,1.55731667408975,1.67512093152625,1.30833844385884
2021-10-18,1.83793603154982,1.28399871922992,0.997755691347373,0.385153524810893,0.177484781953714,1.10580648200865,1.14140952847881,0.540712850184351,1.68603092500303,0.673492028995656,1.16623260613468
2021-10-19,1.55897087412422,0.970805525217209,0.752469635751348,0.652718849371329,1.04877890201161,1.70097966019707,1.12414796977241,0.335282034416125,1.53044400055564,1.69991971175714,1.01244017018118
2021-10-20,2.19231724641526,1.25440356832162,0.685448545857385,0.567581837858187,0.681447815535518,1.83330807152135,0.826865197170931,0.534111347393111,1.49976291131533,0.793892705806995,1.63119761176262
2021-10-21,1.77896191036381,1.30250434700075,1.08444540855936,0.717591317934735,1.59037395576709,2.40041312265922,1.11783662665837,0.738643653798875,1.19045219323969,1.75429053254466,1.746272814554
2021-10-22,0.818916973378795,1.00263269541323,1.04938349133329,0.758167179541893,0.44905256436949,2.58365814881662,1.16368463162312,0.734417276283938,0.700702985910138,1.98390739643365,2.00446596577957
2021-10-23,0.759667821225426,1.01683836099714,1.03644776544864,0.818896316668234,0.389855499086574,2.72861152426227,1.16953238139897,0.708974653224071,0.644760072144506,2.17346597348349,1.11988812562368
2021-10-24,1.00485448283213,1.13474804096958,1.07064181782653,0.58055519566401,0.392693131443546,2.91850459830597,1.16246665761284,0.746566659652367,1.41517368872628,3.21454962186526,1.19268814894643
2021-10-25,0.932322932483316,1.26264348966719,0.506036160879725,0.537301884724707,0.537823200713415,2.62490792192303,1.07536167827046,0.353898600821475,0.662633835713579,0.438494330311681,0.726061396825226
2021-10-26,1.17778103773334,1.11186501806633,0.670069899883839,0.620355279778159,0.609870572662639,1.18278303192281,1.05145239875226,0.315921227486192,0.67154624386907,0.311973361350029,0.703784554484707
2021-10-27,1.90561162588581,0.945905634962171,0.537456709602696,0.593283607432579,0.808699592659999,1.33243661430477,0.283721175508239,0.377097476576417,0.588050005240382,0.44573121711376,0.627068190923541
2021-10-28,1.47458474701441,0.980192464944857,0.729019997138336,0.638468240085617,0.689531803732621,1.15370711034218,0.378739505496015,0.623860834678373,0.689112601346374,0.556549097897938,0.692535783637078
2021-10-29,1.51869604044282,0.747350202826935,0.578230941093758,0.721466006913218,1.07064128922163,1.51526359132843,0.965807830659341,0.627454522004269,0.60281619646464,0.469455857709089,1.05655746170187
2021-10-30,1.50590189880302,1.20689353590295,0.826056954260304,0.846529279729012,1.14681595758098,0.659288615590608,0.814940503781472,0.453369239520991,0.69158716137617,0.244555360650092,1.18059534184721
2021-10-31,1.34398651156615,1.4947176899702,0.62439628318159,0.969708150282249,0.621320296244698,0.93784349170125,1.28411867396607,0.407385225103729,0.697544104243432,0.460541552732616,1.3076833496505
2021-11-01,1.22226954417299,1.37870229734656,1.05506440879948,0.512497591780499,0.936095137191945,0.920830945981586,0.84781810677152,0.682671319592605,0.740633904325046,0.549335040428229,1.37970044632721
2021-11-02,1.24839457330087,1.20150152529081,0.85243826168203,0.544156782691023,1.06121408566453,0.801907878438024,0.53818299333114,0.702519906824727,0.66923017635901,0.168789368716226,0.879134777659393
2021-11-03,1.49177611165501,1.8512185898888,0.409096660249092,0.774110314250168,0.962620429230459,0.901375056531098,1.2077116741889,0.882964572148353,0.701968506820019,1.0971897591774,1.72946805490606
2021-11-04,0.8666606153762,1.47588814052878,1.11652076941321,1.11907877080534,0.540654503505268,0.958880949264574,1.10499717498429,0.647007321892424,0.65327488837518,0.587080235374339,1.69782269418705
2021-11-05,0.978597126308159,1.40131647680533,0.420738927468365,1.07744992414972,0.603208186831847,0.911092522840263,1.09955519034065,0.515630074182443,0.380372583740127,0.574967996563578,1.67588291580047
2021-11-06,0.907778164339126,1.47115544139153,0.409002531982046,1.19626595379655,0.642264616374305,0.831010188589555,1.19116476377577,0.481888005345304,0.284447610691009,1.31286937531656,1.76038494058037
2021-11-07,0.404568232661314,1.21185848515704,0.48672468985701,1.23633802265531,0.883426811014797,0.980353956076363,1.42831672645418,0.736690585523782,0.421083048226564,0.781294315047573,1.92379823873318
2021-11-08,1.98761618608729,1.55611837769736,0.398614578173408,1.25839878119452,1.03471344166573,1.05380306434996,1.37881790615741,0.578240225422088,0.422959856399721,0.550069025346179,1.01914142235968
2021-11-09,1.94804273346837,1.47613183931198,0.796609627451635,0.768993159289903,0.68000376789783,0.984633930704447,1.35264314315991,0.515678532776237,0.437635261560692,1.03796363469955,1.3122780620646
2021-11-10,2.04487937685448,1.34406604065134,0.459191944127754,0.716692785092895,0.861080138002852,0.653560231265786,1.29851446986224,0.586195778876921,0.268858839605822,0.79762269252875,1.30258735889953
2021-11-11,1.96300109688346,1.36112309860058,0.468527196845375,0.393835773253411,0.754393050089437,0.434088321692951,1.06293933456846,0.616343546040249,0.252086050844532,1.06631498439996,0.93606903548669
2021-11-12,1.61112463251996,1.58387158995322,0.503134770544287,0.375673515055341,0.74292846194856,0.612286495054336,1.08027949518648,0.661168102860241,0.417732359671897,0.889196210298972,1.2883216625707
2021-11-13,1.91761658321338,1.51985147466624,0.485737000994593,0.61033147617858,0.731183557746619,0.686805699395405,0.960845144030933,0.637996497883302,0.150843958438554,0.999664085247096,1.1148779034254
2021-11-14,1.08573218497625,1.42335901990016,0.371105610418489,0.912076343892548,0.792603099321889,0.722566817829913,0.980499615707163,0.331230001667042,0.34936127441736,1.06398658672148,1.14480243075706
2021-11-15,1.94835252364333,1.31753531039498,0.935539646249317,0.669069473606399,0.662584158648173,0.726877807944599,0.947060204994028,0.649450042852002,0.686702158026513,0.758838758051916,2.98273389899592
2021-11-16,1.82611705499195,2.59460067826732,0.401146332651403,0.739381228539103,0.606050583281722,1.17209498612096,0.832968658283533,0.831997736760703,0.67701013502961,1.08020929041484,1.09801385891292
2021-11-17,0.876985972510835,1.44456303923883,0.740604980324463,0.754921269181641,0.613492213446165,0.764847181362768,1.13994037494171,0.644880406296399,0.653903781730312,0.787639765439573,1.11722791695861
2021-11-18,1.15737017798173,1.6123985212127,0.681671262287885,0.857434701995065,0.587911662917368,1.68880467759934,1.07697405950564,0.53501309407015,0.63066187553401,0.904804803873842,1.64498225057166
2021-11-19,1.50954843377201,1.35889676387502,0.575414244411056,0.832370904290263,0.635281568380464,0.854266433863461,1.08326560923642,0.583292852505354,1.06889499675632,0.770981229061377,0.78009260463798
2021-11-20,2.40852440544892,1.81799637334532,0.615408975279488,0.904269048870847,0.521197215838302,1.51056150010044,0.739270464550797,0.960237091756433,1.274321480492,0.692278163701227,0.754228032917946
2021-11-21,2.37906965098775,1.36756762724616,0.676874884120283,1.10086453098511,0.327147521688116,1.39860303861334,1.12308591450987,0.727336609606353,1.27889473404192,0.838749348077456,0.797035046193623
2021-11-22,1.6926461064972,1.2084804829104,0.373898367076839,1.13482812819076,0.604560212905927,0.821505852489087,1.04209299636192,0.59887114381543,0.623673740350005,0.768747106482362,0.679929141793225
2021-11-23,1.62017236821303,0.797517432713681,0.438597331815366,1.19172211668083,0.40035381273225,1.25048948968479,1.07672714385137,0.965889867463726,0.820114615454413,0.82582962565685,0.759647855029737
2021-11-24,1.67281746263308,1.12087476372575,0.485465012164217,1.10392155556803,0.48348777964247,0.80438510330101,1.10149549936732,0.84189889102571,0.624392256635485,0.558390365854718,0.604518022569253
2021-11-25,1.66202682830096,1.38730056256455,0.68701785625628,1.14932949359204,0.607784738889818,0.417660098958153,1.06094104196248,0.567983698355896,0.75032263647502,0.344673960648232,0.574005495546466
2021-11-26,1.14046417662969,1.51975605069066,0.688348580399,1.03673845122924,0.710998887983643,0.528075902018537,1.01258993197634,0.466791568714879,0.886161434824713,1.63910778779744,0.6558186481917
2021-11-27,1.39900261535655,1.7787063502366,0.749495520470478,1.20964052511608,0.630709493045714,0.660672268728614,0.693217341795661,0.553135759238276,0.729007221097363,1.39448703510475,1.07317684047197
2021-11-28,1.21326889004413,1.40456282855467,0.706043364695989,1.08905869558706,0.698971333586573,0.473932134967877,0.729586827252344,0.528545061169819,0.751201225245608,1.46657316511068,1.05987616085294
2021-11-29,1.46160398239041,1.35380032311307,0.543602751798562,1.15222336078706,2.20256305530332,0.436670359791414,0.65848993932248,0.453097908942733,0.834490714752805,1.23141947718123,1.2645801153142
2021-11-30,1.6100001696348,1.39710508521799,0.579989010788158,0.804757615875892,0.751418942695397,0.478876474742524,1.00123522356697,0.480848466300939,0.835339794087692,0.780063716739104,1.16601831143565
2021-12-01,1.29054575206931,1.44933740253473,0.684234842961643,1.02206341835115,0.522140279981135,0,0.950770616019941,1.00986440848654,0.842231849517633,1.1295874723375,1.16423995206762
2021-12-02,1.37773065587047,1.18101119262653,0.676894421647626,0.923723849706727,0.78875564575782,0.55692456067118,1.10065323309342,0.485990444876874,0.66213852596038,0.992118021530218,1.23825255248479
2021-12-03,1.45410540874036,1.44358853372366,0.690804435210615,0.789118591296982,0.566305525528094,0.887099427635833,0.942794553838679,0.861667764111622,0.781339246288286,0.880149671039764,1.2342890993934
2021-12-04,1.40219254867,0.961905732541048,0.782677851003239,0.781648283148601,0.6599295170743,0.890011953980136,0.887856991704403,0.375573125774526,0.58669302136868,0.930986506672704,1.22385290365149
2021-12-05,2.23470024623623,0.998647466225107,0.573702215058151,0.848535784257791,0.776971045805372,0.951172740391354,0.907393386822078,0.344514158056776,0.553678732397048,0.911598777452194,1.03734210487392
2021-12-06,1.119946169034,0.777209851262621,0.644718271973916,0.80382422057557,0.770249158728298,0.926784365895979,0.727849676655718,1.00777578706597,0.734183787028279,0.731958290941608,1.18526297841643
2021-12-07,1.95796179499146,1.1202668957843,0.484145309890851,0.756789344584604,0.724505433099418,0.488427968216841,0.919600109289614,0.447444963447965,0.959545117012686,0.695217024251474,0.959331872540072
2021-12-08,1.89187438274571,0.761602982620019,0.996835866564967,0.821180137992763,0.643007907189105,0.440189666482857,0.933074222275941,0.321581658936553,1.10164183833648,0.808539309256955,0.979043623479572
2021-12-09,1.63079578115019,0.74640511640487,0.487755427640754,0.792115987559845,0.588457366340924,0.380986414920017,0.942872165426762,0.372405512662789,0.730984273544991,1.04999618729942,1.36248334109941
2021-12-10,2.16159405456359,0.732394689212722,0.460083603047276,0.850743144479699,0.607428258630082,0.385428392264833,1.10761204880571,0.407008050941441,0.845619475602093,0.831984165873578,1.03137181876157
2021-12-11,1.88714504073395,0.708485124605937,0.500657304811155,0.845961260974188,0.487828055832023,0.629253992091717,0.958893220436359,0.36208824869709,0.747231733150873,0.84351382862098,1.18147914461054
2021-12-12,0.431454696106717,2.49447674315987,0.9301273988471,0.704281745518342,0.345844974328369,0.624244531416499,0.852857929633795,0.412445340803667,1.37265363759463,0.735533785836838,1.25243227397024
2021-12-13,0.605040469590427,0.724310888117837,0.508094297775284,0.888033314543405,0.284248538018661,0.700226652002392,0.9044604853036,0.333903555032419,1.17513919868821,0.808965729601191,4.63265657073663
2021-12-14,1.02789348196059,0.79460975047463,0.49339502662,1.01506939685646,0.569835860340731,1.28465063825198,0.730717333608043,0.60922083914166,1.39759322079827,0.753006982050884,4.59682191014978
2021-12-15,0.696176983877679,1.09431603005361,0.897167021788056,0.79899398972086,0.42863988238909,0.390602431024765,0.774344860945378,0.301667190189579,1.42548709361416,0.779443720402986,4.70430780291192
2021-12-16,1.23917632913212,0.808552078649522,0.833379550427554,0.939426617316962,0.573717919142052,0.609828087503571,0.896845707909247,0.786669548867626,1.10439080493185,0.546515952886625,4.27572572209272
2021-12-17,1.07605992497345,0.774068566400044,0.956414458447656,0.72406342435933,0.630988649790603,0.547423009761065,0.99134573456834,0.647900065433543,1.76085003297306,0.554664725750032,4.45151584994905
2021-12-18,1.0826186615425,0.339636808038284,0.281583902109185,1.11968342940425,0.624833948844808,0.570490964038387,0.872068031262282,0.752738235644935,1.287933869924,0.669840907078748,1.49326368763734
2021-12-19,1.2034850469899,0.813544580004823,1.6867225862536,0.561102085327762,0.625050039196656,0.593028100318034,0.959347744801791,0.788914256806581,2.18463654963051,0.683876301781723,3.40595675844769
2021-12-20,1.07958128811551,0.253548944679411,0.790473167692541,0.63960168488877,0.517450828809555,0.744888942837607,0.650589506165301,0.563679259672356,1.13922979054174,0.677330029670785,3.4296411997651
2021-12-21,1.04765675107864,0.667037007337484,0.45315790075291,0.553942808743274,0.449642043962066,1.25700449395376,0.68444886800498,0.693236862176257,1.97425900196038,1.23268673543579,3.59665243727397
2021-12-22,1.04266155519449,1.79411079344725,0.346537816562437,0.296023875464837,0.429058509862644,1.33658098444133,0.559485737385928,0.784967090727701,1.31203407830386,0.665867312973918,1.84197081719629
2021-12-23,0.595360032398442,0.903186654068303,0.424365091068803,0.29430464674884,0.538367932575536,1.24663269329448,0.34926094094812,0.539758829883378,1.88198184182123,0.636176530286162,1.45645043202629
2021-12-24,0.780547525991676,0.442961859846647,0.352836764698326,0.507116020989397,0.703630301128954,0.603846597467233,0.577123132609351,0.64349942603406,2.10487594671407,0.6819747381598,5.12609167222801
2021-12-25,1.11822748181613,0.446551983832228,0.807684548802369,0.564296272221293,1.54214374685348,1.21661526894229,0.583873561747386,0.65341830291954,1.32870692642356,1.06250374211483,1.76520435285338
2021-12-26,2.09060864718451,3.01252715549599,0.819888261718082,0.527409642670044,0.586234367049694,1.22205840361291,0.263269022414465,0.600594909005078,1.80304036637302,0.858301605285615,1.66924556934
2021-12-27,1.12639554962169,1.22027855675136,0.761460688228465,0.60830918026201,1.2831597969661,0.532869386708184,0.293143101771947,0.641767444553764,1.13009567812872,0.793440693241428,0.556112782990572
2021-12-28,1.25098908411857,0.87521511387243,1.26357803668554,0.621609658788275,1.01019736499275,0.697271067457889,0.246776154905629,0.630740995623759,0.688574017722291,0.767481858537461,0.438097289566388
2021-12-29,1.15954296925729,1.39177784123012,1.05690281897593,0.416252012294135,0.605309342779229,0.741765451505323,0.22031503078982,0.314390086107696,0.764144944620506,1.832682594883,0.674937115484498
2021-12-30,2.80526243284255,1.32374104238059,0.615803200855769,0.609569232001176,1.16373329942061,0.511770878743493,0.597643850624389,0.291030303092364,0.891147867803345,1.85973392961157,0.69030006349585
2021-12-31,2.11728300111803,0.779544930454181,1.07010086789961,0.388763920147768,1.07416837751556,0.647659903030901,0.459861729946797,0.933701497091063,0.905635590986967,1.77238025149702,0.746699316865915
2022-01-01,1.3403497786719,1.13281346277142,1.58736332466912,0.447222714696596,0.86193192536714,0.878214265619377,0.592225904760144,0.351961189939304,0.954571249572636,0.7929057011763,0.782865585370034
2022-01-02,1.71393467600784,1.29827030706258,1.4855122438441,0.202150511938345,0.796426518245768,0.656379925339762,0.508029503706144,0.302619100187705,0.981534554248369,1.82792579837505,0.755188013497478
2022-01-03,2.01507532759279,1.15419057030107,1.01591447666157,0.451610344692164,0.839957475697945,1.01458442006656,0.578167710051809,0.287557701003569,1.06217463044618,1.12646722520578,0.758388252448087
2022-01-04,1.59726079398747,1.33885829481148,0.7916131196706,0.557034993391924,0.687547358259345,0.79297866644289,0.368404062251058,0.853916891921801,1.0471252370902,1.16306518929845,0.741972913719167
2022-01-05,1.77570358572703,1.77199653978643,0.964717404861863,0.518981874339042,0.58470683401785,1.04975508235188,0.415173432200935,0.7332313850464,0.983358933317111,1.10927268316431,0.685212116355504
2022-01-06,2.8125439819932,1.4135143160335,0.82878166851203,0.457963280585888,0.535388642116946,1.0402171898712,0.3329417292407,0.49822975879493,2.68629694723081,1.07716857683278,0.645091066454578
2022-01-07,1.89988018273704,1.8140943631355,0.824126163520648,0.439391856781984,0.629198882502069,0.582403941623985,0.306159865626894,0.377810264869414,1.14413804319949,1.13840440039474,0.883819176466234
2022-01-08,1.76065506754659,1.48613713336006,0.468389919081504,0.439697321720497,0.49259125245104,0.572930137879379,0.325172451414786,0.356982412158639,0.823685215070418,1.08846228096437,0.819719997007157
2022-01-09,1.75498789138857,1.099226694074,0.682056558103563,0.958713461470148,0.17713361698163,0.576236015995223,0.316491607953081,0.664796501494229,2.36076743690048,1.81243398134379,0.852232568658778
2022-01-10,1.6138642388727,0.972989562343694,0.98063908534287,0.589971731120651,0.7217676940339,0.703782598326618,0.197509184474405,0.798321664339467,1.24857621148773,1.92909913264302,0.862533008608754
2022-01-11,0.507438802620364,1.11511333804977,0.334427102672232,0.567063778738337,0.63872911345061,0.633647997058277,0.326454244620238,0.643253539503243,1.00466519604167,0.787727147435909,2.04465050142049
2022-01-12,0.693951333872605,1.30152734024364,0.33225604926363,0.221059581564091,0.604726347626687,0.614425585905536,0.480913169851999,0.786392399326215,3.03625964094484,0.866737818277744,1.59211036890375
2022-01-13,0.694878828637041,1.08134725501699,0.495536028030633,0.607683647293626,0.706589559919898,0.713334929010653,0.463636138346718,0.716111498886805,1.07559562818295,2.05265794202435,1.28483093570055
2022-01-14,0.500470374544469,0.897245371082408,1.16443383392371,0.472903446488385,0.844493775373454,0.632584913224656,0.379562499933682,0.521940496052921,0.893928545244727,1.85370103765831,1.25581303684661
2022-01-15,1.24779511056425,0.872359706240212,0.850907931629847,0.469962423622793,0.831917748048066,0.870499438670414,1.40376522560098,0.150642243668804,1.3866543116043,1.86273963093517,1.65640884192586
2022-01-16,1.24255723020695,0.736526790028468,0.403031420824824,0.48016849744083,0.7942565962111,0.839085394146926,0.630932043461707,0.488311972584612,1.41284554016663,0.955356395554352,2.161149350244
2022-01-17,0.707993436943944,0.689646719219148,0.825444511597513,0.562150104481541,0.807765727652459,0.96617317329759,1.16932707248947,0.45383539272715,1.43307250197958,0.859043189519614,1.49195669586362
2022-01-18,0.692921010093722,0.641442984693064,0.84727232457903,0.545012306272812,0.333533561282264,0.995902500476999,1.20415786827732,0.378452366685755,0.908934699984062,1.13652321376551,2.88220721829401
2022-01-19,1.45776244861391,0.682316231117817,0.339941264078182,0.873594490097673,0.378073402103761,1.13956973563595,1.01099870324289,0.340785149299762,1.19103664414857,0.882050692781176,1.56301755088752
2022-01-20,1.31487402941023,0.720660990783942,0.360105892779764,0.81224754062946,0.591349619175348,1.64602951060809,1.01191372382112,1.45890018732228,1.14242438320222,0.627645050696939,1.02611414797904
2022-01-21,1.26428614212071,0.682764509394351,0.160573391031111,0.718619163174365,0.71506898549272,1.59337366528039,1.03080170395005,1.41410916387446,1.24021176421535,0.967456180780611,1.13634251537004
2022-01-22,0.295155926881262,0.606438447703091,0.144889257632433,1.04256286853295,0.582931484039434,1.82027594224431,0.826240548647397,0.755978246210778,1.25575082812532,0.773584541284845,1.41881801455487
2022-01-23,0.825236083279877,0.63190668177875,0.138557649009377,0.795499987566395,0.624653331383179,1.07207196093501,0.88596928488702,0.513194653670616,1.12765348080023,0.282935750284531,2.46349344904801
2022-01-24,0.630124923359399,0.548451023460124,0.859979468095833,0.611917565212022,0.71292651448679,1.86036292207288,1.10883149984513,0.52301359140402,1.27659502393719,0.375438080336431,1.1715867231756
2022-01-25,2.59977029677674,0.363133987300377,0.391289580505528,0.91711219541743,1.15607243369703,0.524155746983617,0.64392889259743,0.535411304110083,0.986389013260944,0.583755253987789,0.934914390018574
2022-01-26,2.80009935328339,0.374945888199934,1.80865277980866,0.858668770117713,0.686392863205992,1.59611851395987,0.665324171800285,0.541981212671463,1.06867605625723,0.413961741342958,0.607970095559414
2022-01-27,2.0563755254973,0.33235769125425,1.23255239325889,0.797308411091249,0.723889303858198,1.74023702944609,0.801282162683758,0.859073943655033,0.988837201418057,0.90861519541037,1.11157453348624
2022-01-28,2.70869078183543,0.419186029860953,1.34227126188193,0.696006508195884,0.69372903185449,1.75142328019662,0.643092613611489,0.521145473902432,0.827713826321101,0.632746075605728,1.17199685438901
2022-01-29,1.40402798998762,0.516939263571235,2.38123279040923,0.54252592322553,0.740914245915749,1.02850139715792,0.605832952913145,0.274114482406779,0.86568241048004,0.728704188961365,1.48595057397244
2022-01-30,1.97575414510416,0.389189285980677,1.38315516909021,0.546412560599168,0.742408985002645,0.914312197557432,0.626427427095341,0.59644921810776,1.60671268858581,0.813966259283257,1.17131009153344
2022-01-31,1.2975647743267,0.754809576952348,1.87319031845727,0.469153257082333,0.640335157778731,0.907970355985405,0.727150789016303,0.566393641812077,0.951994085109171,6.46496546976791,2.05686046127897
2022-02-01,1.43201971281832,0.359297843891772,1.97552352481352,0.484329038618246,0.736115779330795,1.69601899331053,0.750660980000108,0.615051640232976,0.987042915585955,0.685620556335523,1.13946500653466
2022-02-02,0.687555031444267,0.621269903226412,1.13516168808134,0.691308086956948,0.783298799595045,2.16043691012939,0.815793050396155,0.627160192766152,2.06404292921447,0.948814005125634,1.10488531305366
2022-02-03,1.10151918149181,0.741378016752985,1.10091726403613,0.776692541378375,1.05158825584793,1.47617341326232,1.28369874027076,0.468507647263166,2.07162505630887,0.857771887526122,1.04763744125168
2022-02-04,1.58199671463568,0.727648262343612,0.880178904868581,0.435231885495764,0.694243633194845,1.5486003375612,0.580965343870741,0.370257013868251,2.27138630092557,0.494899667620585,1.16466069548597
2022-02-05,1.46763207575811,0.53123003527148,0.953659597658989,0.472409084993207,0.854784812406161,1.48797168083865,0.556840581372748,0.677646520333193,1.03127022383763,0.68044059375852,1.35020154550437
2022-02-06,1.57177694922566,1.00247608132503,1.10220639681041,0.696476384942417,0.840163851293453,3.42776137019009,0.559445623170826,0.282956701936339,1.53098794378145,0.633828746051527,0.893735462260721
2022-02-07,0.647013656664623,0.994670248288756,0.794954280686716,0.411051686734567,0.563550698885211,1.6146629502776,0.527808461780603,0.745521615189938,1.45193917277063,0.664294753071185,0.647099724970938
2022-02-08,0.783197286602046,0.948258520451167,0.993085803113467,0.550338787559262,0.567001899251525,1.66285219411491,0.525783467561033,3.46009702635277,0.880344617739568,0.548173560063856,0.727471460497581
2022-02-09,1.01371070842238,1.03367889764793,0.681416853513139,0.660817523209362,1.24576371373784,1.2748374503943,0.620130371356388,3.68933621423074,1.74416298694046,0.561870837119005,1.16318558725732
2022-02-10,1.51085688744722,0.860320761099548,0.725138960148537,0.390214809718254,0.929612848837965,1.45879711438015,0.636244639466994,3.87641103027339,0.916675249152958,0.557630856895355,0.903061044952846
2022-02-11,1.50806541546275,1.27214118521654,0.529228893591049,0.438867532310193,0.61947703577915,1.02563106732425,0.630887938750474,0.703787945963962,0.940529065860835,1.19667705137146,2.62820772944908
2022-02-12,1.7478375174302,0.708708589054335,0.956224508670659,0.327899114628212,0.89937532998224,1.43828245015853,0.587000971511818,0.744846044021672,0.963838349227264,1.2892196680471,3.80518068501774
2022-02-13,1.61604590549572,0.974711693996747,0.911742486589074,0.451918396152422,0.631103914129804,1.39792241327165,0.561857774620371,4.29311279200662,0.998253323022799,1.37614140323087,1.80041272801561
2022-02-14,1.17822979071262,0.764302419452546,1.00545091832562,0.126320759218652,0.716969049077885,1.25977871323079,0.547347144783856,0.315799837636593,1.86767666247934,1.42908055721373,2.21737436674987
2022-02-15,1.58621804736876,1.00755128917031,1.08150445657207,0.589498888907662,0.620094558048233,0.816862269902984,0.631661435146051,0.372216315933646,1.03498487529846,1.31927906003009,2.94547436283419
2022-02-16,1.52372412613392,0.626194953878866,0.964483837600063,0.276673845094509,0.829171037728077,1.3102939302499,0.661035713671519,0.939579474350643,0.74126533089601,1.21718309067332,2.48269345571369
2022-02-17,0.453345864911546,0.170916086886196,1.16793876719139,0.453582364316412,0.684697661191902,0.828944939586128,0.624588665807236,0.334261682974098,1.77519571983771,1.34794868326184,1.27007958233892
2022-02-18,1.57516535963734,0.582423854402687,1.52239665808082,0.751334434957566,0.788268424859677,0.965442341167142,0.596875729877072,0.294785193427196,2.04114574070015,1.34401328148699,1.54946514841157
2022-02-19,1.48656144203318,0.570554247888453,1.15542021126758,0.759474904902767,0.913584587196535,1.1787206847757,0.647329412796607,0.112060315198408,1.87882033409286,1.05218545863478,1.42593520064607
2022-02-20,1.49827573551334,0.594272904720347,0.828252598195474,0.692717196083578,0.778201170282864,0.97764996759748,0.634112080411727,0.275218390112937,1.99261500556504,1.35182914530744,1.49391433373336
2022-02-21,1.81824757042254,0.843206112154142,1.47598785331533,0.268805137130267,0.176150934534445,1.33115061368592,0.673582398542087,0.254036884430788,1.09857464229452,1.3765252855572,1.16588090341677
2022-02-22,1.64209077269138,0.875653687837441,1.56968255690726,0.345037160436857,0.944203251254677,1.48528524097958,0.700537681172639,0.788504760214922,1.56152735592551,1.39204573759584,1.93250134882839
2022-02-23,1.23930747549685,0.888475961731429,1.39573038833536,0.347000153896715,0.928580379881593,0.694650242366385,0.705356082369093,1.2478905141573,1.19637755918439,1.6207675401442,1.02269283736489
2022-02-24,1.3464844967115,0.453850971845033,1.47997692689534,0.969055028755025,0.33010683067231,0.823009057571076,0.594897851870003,0.663545278802212,0.701431959880542,1.79061997541201,1.18312637407564
2022-02-25,1.25886068120059,0.50842935293528,0.498399645602197,0.660322900524434,0.696722656265115,1.08164162164556,0.612954254908136,0.592969052724047,0.934223385793558,1.72163112914151,0.914987521244634
2022-02-26,1.40135611890337,0.168890892557405,2.19641513172108,0.500209432562019,0.540686951919561,1.14940299839926,0.78528909512659,0.716491261802919,1.10461980357688,2.01578932046238,0.967159902438643
2022-02-27,0.934335604192541,0.541479358176896,2.25037555824067,0.439208637224689,0.536321497717125,1.20680511672041,0.606545890243542,0.280445393044036,0.931559128057017,1.96351041502073,0.738183791194733
2022-02-28,1.53149039455321,0.565170364077721,0.420412480898381,0.928966176527943,0.582868210048751,1.33226196791366,0.520679096171916,0.639991064750012,1.32980462335501,1.92019483725162,1.37614230454961
2022-03-01,1.52006989903476,0.698884164157116,2.56541045493786,0.923791489906195,0.568518237491469,2.00284596284601,0.479568233415464,0.758010027716129,1.55209318935838,1.60779688817386,2.38499719862035
2022-03-02,1.42833596704119,0.168225094984251,2.54326724348683,0.3328940590913,0.55914989397685,2.05688059633005,0.713138460168511,0.712936523594801,0.918298980115388,1.57079667545348,1.3469783406149
2022-03-03,0.9825538938701,0.58354076978993,0.534377222774264,0.277424466666279,0.571687608961917,2.3313206420946,0.65262340923953,0.658093193086721,1.71685293077155,1.46871683191365,2.16513057913633
2022-03-04,1.62340244691787,0.359304520202954,2.57515743547922,0.489143939034575,0.615038562312756,1.25064907854908,0.406498799990747,0.621762248971083,0.857531002683758,1.23754982637969,2.04622152399319
2022-03-05,1.55151583690273,0.342398857611034,0.509613386734099,0.194397401137009,0.418922953601419,2.23516646928552,0.629970787793729,0.714735692628893,0.961515689127271,1.25744046320937,1.61049943120813
2022-03-06,1.77673886506298,0.423254655807781,1.37841138526944,0.21187974037253,0.874007623876971,2.01321439806752,0.674622182144113,0.754614044228561,1.44232463874025,1.35423848023096,1.62263772213635
2022-03-07,1.63278481219365,0.372675174693082,2.25726825113731,0.282760435233957,0.87822868302886,2.06183892491494,0.858569086385285,0.502638826855279,1.65338538721855,1.27208136344131,1.7481290707489
2022-03-08,1.23872051223895,0.590811041871861,2.05463285847402,0.280819269179043,0.43319583937086,1.36903286367635,0.77497021245961,0.254241547793567,1.06445445688718,1.23542036747405,1.97170165107549
2022-03-09,1.43376808430729,0.739584926787513,2.12010216871835,0.46053363631753,0.674642281318419,2.39847616118001,0.656569899324346,0.199342791147659,1.46143564511437,1.39372085976072,1.54751295097336
2022-03-10,1.61423055642361,0.941156229449178,1.94292880280355,0.291213336899128,0.803419374061862,1.21136508574572,0.712515601406558,0.88134992014926,1.146719157962,1.17762015895797,1.7080532987564
2022-03-11,1.55308408389984,1.05062764219429,3.06915702415053,0.232413851958983,0.527230060313237,0.928738069218968,0.827184643493199,0.919128411182252,1.15903979474343,1.52916280560864,1.41465122470478
2022-03-12,0.911770561973783,1.03195823657701,1.87138686665274,0.354970846313992,0.928504788378717,0.865018530459612,0.798061754447704,0.624914139357594,0.556102302517321,1.15891057909866,1.29028367203098
2022-03-13,1.29610490605353,0.962583195690914,1.64639024026301,0.371828133301268,0.515204102100015,2.37574658509756,0.611475028527945,0.528615431981012,0.467808814143875,1.25682234158833,1.1928711821103
2022-03-14,1.09855581324312,1.36066944541884,0.949118428530383,0.319310878329188,0.670503073859612,1.78723049949712,0.621360413814919,0.530708753092077,0.309046332315988,1.11328095928363,1.49791295851058
2022-03-15,0.425046719967688,0.647947178282352,2.55882883611502,0.378926828467605,0.81624242197133,1.90872165317442,0.541833922936503,0.590400508712639,0.746617998460538,1.17226009201918,1.53685183036436
2022-03-16,0.455684737180339,0.900472403002089,0.906948622913559,0.374285592656789,1.41373613593691,2.11166511608459,0.657652809654436,0.219688959015537,0.84145594761031,1.10563625259776,1.22296159452658
2022-03-17,1.34176096340865,0.938168709006803,1.02024273187743,0.855543749890267,1.51293169729466,1.53347144740586,0.672751196007428,0.203385599776414,0.727553125612101,0.826907609572527,1.44578128392409
2022-03-18,1.38252694289097,0.754441308647928,0.98335215657141,0.306554594200328,1.44519061565037,1.64095743552818,0.48858310298515,0.435957713552559,0.714218407593147,1.54640522980669,1.42901261385317
2022-03-19,1.48842746316133,0.878265459388223,0.708292737223964,0.200521074683262,1.43074008826014,1.62911843704236,0.61739110092753,0.650808192966754,0.695096052095017,1.52963295499634,1.3506858999819
2022-03-20,1.48689299038899,0.965729538021104,0.903116874921887,0.428854870536073,1.18649757126587,1.89197327078643,0.951108447711924,0.66604825413924,0.580255558936764,0.27386986267782,1.45086777370838
2022-03-21,1.63652463844113,0.772585238234576,1.8678201452269,0.603245341528199,1.036297396952,1.85426923280405,0.538566022674404,0.795307548390626,0.598822851391868,0.356810421269942,2.35935551643719
2022-03-22,1.85726915043923,1.05683979689595,1.33858760386781,0.459973788275298,0.920275717906514,1.21440451510321,0.774023317046378,0.726015991387091,0.941829611631242,0.583674433064065,2.43524555585018
2022-03-23,1.62775535762669,1.07802712117727,1.18003048866496,0.636346399503311,0.662877664168997,1.26743875325169,1.27079610997428,0.802006448363085,0.99540864674516,0.951795417896167,1.43213383387638
2022-03-24,1.81804086366028,1.20140168022995,2.02835721236262,0.626121045440088,0.510618535485292,2.08357823416495,0.942171952465321,0.793167573771187,0.396745220783072,0.914742043187242,2.28736293986741
2022-03-25,1.77936358448842,1.45083068282966,1.94803864097045,0.746343171061913,1.43341520809688,1.75454164602294,0.962465851576622,0.819140581297685,0.368922843432862,0.905195240783749,2.88747501235297
2022-03-26,1.59109390175368,1.08779101067567,2.04511595482392,0.74710404284712,0.518280708836001,1.60115360441273,0.99558580393636,0.794748162588255,0.59253850493471,0.533541275548979,2.12394010071226
2022-03-27,1.57257190519871,1.12347123194646,2.40927072097939,0.341426538826812,0.535978658394985,1.98625923253793,0.973505812464512,0.713778755381239,0.568032027111559,0.770085016297435,2.18412083453488
2022-03-28,1.56688126022887,0.980817521127218,2.11670560521798,0.303894859273883,0.861806593100026,2.26715262898911,0.461933462326987,0.548281488494885,0.418947808615587,0.732731510742199,1.80644289868776
2022-03-29,1.45337084391718,0.980450647185596,1.97436350345401,0.32545990833293,0.662537184151415,2.05437923833581,0.490773962963332,0.846035225572576,1.6165862524828,0.744533506714766,1.66533225637538
2022-03-30,1.60565666176768,0.82728389013318,0.679338054435566,0.365499570123683,0.851045499246558,2.14920411653634,0.448500655896053,0.66888285671121,0.468279125849025,0.834094301226458,1.2817524799182
2022-03-31,0.64209004780385,1.14121478916569,0.693962586713884,0.460508890100696,1.00160300900356,1.62797545496184,0.594525516639155,1.15929943552257,0.544943391175399,0.813010006590222,1.59340576993953
2022-04-01,1.38456713839311,0.34662890869258,2.27877594952372,1.42701426462377,0.965070658933723,1.65279498763356,0.423935433208444,0.742155171784987,0.572298280648668,0.389973972086733,1.45630628944947
2022-04-02,0.396389481804327,0.177545311302021,0.466642200256997,1.33305635029139,1.76447727360893,2.73171907826345,0.939283863680525,0.767133808366186,0.52789543861605,1.03112360935972,0.201808558743624
2022-04-03,1.53597376734853,0.297027997674008,0.426913919448271,1.36304418943689,1.07663498111139,0.574069716448361,0.974424081037501,1.02745781945118,0.517355332604786,0.929748788643399,0.201172316319024
2022-04-04,0.997754708887861,0.35763835684925,0.294122812506731,1.3706222171254,1.11522392092002,1.16610040149081,1.06401463271684,0.678754645308698,0.428852356659544,0.90758054173348,1.05560063604403
2022-04-05,0.85951771535442,1.17531668268188,0.947602160161464,1.28918430683054,1.14033883908609,2.09329891971663,0.811520808967367,0.968276785659664,0.500372597830944,0.869242917381944,1.10219992800277
2022-04-06,1.01810748558988,0.500095115544918,0.286624604998461,0.682425073941735,1.16425142338538,1.23768495869892,0.281285179947939,0.75470841517006,1.86796194942333,0.84674425826856,1.04182436655858
2022-04-07,0.816802319687003,0.58762866360864,1.01906431267094,0.419781960754448,1.15139720984579,1.11023034871214,0.346873681117515,0.792518292314297,1.02553889991059,0.669841004587787,1.91505163437356
2022-04-08,0.374638495506451,0.588820641373037,0.720912800963191,0.976421640644175,1.35487737545234,1.00367638166641,0.796814340271454,0.700741951500185,1.03730738621733,1.06859445264728,1.9834475678602
2022-04-09,0.355755932573964,0.50127850034488,1.14832604585757,0.837956177811026,1.28140301669733,3.06842002203948,0.382156186134534,0.854119039545295,3.50466345272222,2.19538715126586,0.747172416855998
2022-04-10,0.969403101197454,0.685679410448467,0.518316177442756,0.958279951714298,1.18805021456267,3.22630254926076,0.379492018266677,0.776096567242392,3.17050947239392,1.03174127707846,1.13718897682446
2022-04-11,1.02089616694421,0.485220568266562,0.591023069979983,0.781422991963244,1.56975505954744,1.70822324900148,0.224844999263899,0.74148376982879,2.9955997835175,0.914528655843155,0.980953303439546
2022-04-12,0.518357833090929,0.635059014998113,0.83819267204003,1.05339645180821,0.908724898364362,1.88822053008061,0.440928570947299,0.75116113490947,2.82217994441737,1.098910981484,1.11318298466042
2022-04-13,1.11863514247122,0.949249333114024,0.710655158470585,0.675442518179871,0.896751024398387,1.77879715830724,0.406029842273528,0.755445748989936,2.91507644340824,2.17792174178573,1.04845109530941
2022-04-14,0.415649536435193,0.81161454240613,1.03911948144217,0.809203181812521,0.939104010944582,1.82243550382223,0.373789091538076,0.754233269045086,2.99259320718697,2.02052831245524,1.06271746465547
2022-04-15,0.552146363219626,1.35407329874518,0.394693999832858,1.07272863389741,0.820363990412162,1.74047101650992,0.465978103042173,0.685322926058803,2.48326342298405,1.7895696794556,0.764252459892456
2022-04-16,0.911584457422585,1.66019394671679,0.650561281476973,0.773758901617937,0.835913556132385,2.18216940364718,0.450676183283849,0.729115554669652,2.32242975335259,1.79656062422357,0.876210255498841
2022-04-17,0.966055934969861,1.48355479055057,0.430786320854361,1.06012792637847,0.849904234698484,1.74976477003533,0.468318447777318,0.729163648647351,2.82988846629133,0.994356704965527,0.851054152523856
2022-04-18,0.686968835370998,1.14180453672965,0.732460901360343,1.19296201525772,0.95384292753557,2.22097922840693,0.13276420878891,0.849292376530996,2.4839066774507,1.7337510708996,1.01234631663348
2022-04-19,0.673068433488431,1.29547136302658,0.529044866873119,1.11771726106184,1.02708497197135,1.24285164569568,0.938257681755562,0.40351464789476,2.01466514522218,1.75212174338755,0.853025651917612
2022-04-20,0.683008803541114,0.971342868651658,0.422957109750386,0.729459942876557,1.13333066719923,1.17211397484545,0.905821247686458,0.7174047955571,1.97467907034295,1.40712496634138,0.367235202536264
2022-04-21,0.337389985223421,1.20967531751776,0.810421100382939,1.32920595230666,0.7798528170206,1.23277142111839,0.750960878395692,0.544397114538634,1.66753116238585,1.29667486817661,0.302014953306268
2022-04-22,0.41775256868149,1.37069917414972,1.19106692436825,1.55690489470564,1.38230378297373,0.953159680439777,0.86672647798725,0.485024142309231,4.32508315877036,5.08915144726424,0.392691165594506
2022-04-23,0.656445548029131,1.16628267609717,1.14522819261716,1.54010239531792,1.02860049140573,2.32840298592093,0.861380809025919,0.882961306108409,4.81814946995683,4.89920340055951,0.172036545255923
2022-04-24,0.520254545573233,1.2280011709592,0.946429078350416,1.21161464381294,1.04310654181953,1.57527977451642,0.834238377155884,0.558889459151241,4.87443823326696,1.08693125229495,0.148272426628785
2022-04-25,0.632961408832537,1.54079341295826,0.879080870794174,1.32797942684042,1.133062035861,1.05826605080759,0.86842560058884,0.757517247975086,4.42785194974686,1.18724911759373,0.816386261545831
2022-04-26,0.597115917441862,1.5148203218618,1.26576836363946,0.80990990298351,1.10060570005749,1.81235919704425,0.714191282180197,0.792909750604193,3.39185724414669,3.87100658905472,0.752049818446342
2022-04-27,0.296703235764883,1.30022926611953,1.29350411338264,1.06304587819831,1.06599526595412,1.65057179354911,1.04974118251671,0.819932653882177,2.26820276883783,3.86323318126169,0.76154125216183
2022-04-28,0.203679430252208,1.50945163784175,1.26563313751892,1.10667345524956,1.02182461634195,1.5353390111728,0.955242610829998,1.14262956693158,1.20104610808442,1.76702317686315,0.740572946019673
2022-04-29,0.511555345279941,1.29535552094969,0.916551818442006,1.23908072807661,1.35182360389777,1.19189787395733,2.01712330615975,0.486467686646657,1.36262620399916,0.80528519249413,0.444419110006219
2022-04-30,2.38557698285931,1.46057275273505,0.895552314472142,1.22604987186693,1.63875687932029,1.1686311996222,1.31995076441409,0.408722212938455,1.60980808284567,0.96984852174269,0.390370250246946
2022-05-01,1.20862850588623,1.08019617662893,0.947400191223445,0.386461314622801,0.743313541161822,1.2417968364066,1.38737585621962,0.498395927969329,1.46578488986726,1.19869219601994,0.325857056271
2022-05-02,1.01216875076406,1.35552006373491,1.44821839958669,0.563515022538701,0.731174643928341,2.16873722440449,0.512072385966833,0.548909538117648,0.75715326668763,1.60525235176405,0.921165981776075
2022-05-03,1.899728193576,1.37431092784171,1.23867767782733,0.778440403042482,0.738479177226647,1.28652387936801,0.985880955020763,0.628203394594493,0.851265254001779,0.860810793389811,0.877800876325634
2022-05-04,0.856838389440809,1.15922083105371,1.28105270514412,0.805702854126343,0.807334113270904,2.22853637181624,1.45344823259741,0.383576619455639,0.726549281084361,0.804899823282679,0.891727368910389
2022-05-05,0.896917930925548,1.21898583508391,1.14966122821184,0.655608679779098,1.23885190367541,1.36501581104575,1.61840954498364,0.476119648779689,0.830513960801365,2.55081074706052,0.724095480202585
2022-05-06,0.948574685391774,1.36534698011978,1.48197611734218,0.495883989181389,1.12922641490158,1.35717855122967,0.496703733043184,0.804614744978774,0.836298691755063,1.04945469713878,0.832559299668664
2022-05-07,0.757972941256385,0.422305194355576,1.4669805110443,0.570660757153441,0.804069086016269,1.06099331293538,0.548126560529882,0.889130544785885,0.716062507577421,1.27686833856296,0.230970975290778
2022-05-08,0.564128349677414,0.406386155710787,1.41121831273881,0.536117824816741,0.804928594023463,1.08452077587409,0.477205751723676,0.656769079212774,0.922831964120483,0.781968701642195,0.229683069479533
2022-05-09,1.34390395924401,0.436205208784215,1.53502447626711,0.997047608558052,0.910909748875432,0.995025464924997,0.992451394526604,0.676436105319978,0.866380221260318,2.59274340055606,0.274140166253595
2022-05-10,0.392846167984775,1.18680869356738,1.1614326522511,1.05671625198566,0.83231031137996,1.15740026707604,0.502466531872208,0.826681626722091,0.701593618723284,0.746970417122183,0.936126202080698
2022-05-11,1.0091933709841,0.92573010271926,1.15134188463285,1.0870615610535,0.900799692425043,0.963380052348282,0.657233272672913,0.556948205587506,0.662892988709242,1.36333243147513,0.477301075598211
2022-05-12,1.43720173837235,1.64086713438023,1.22580144112922,1.0383133732586,0.638985906286438,1.30895188598142,0.752338884856403,0.763400000698183,1.54246360877324,0.936432132440631,1.28064796308537
2022-05-13,0.492333272319458,0.75191782900034,0.546059083341698,0.889522168552923,0.545060010224154,0.421804628397988,0.597108535568206,0.615595396952564,0.629175025860747,1.35077794796845,0.644294788106788
2022-05-14,0.378906336508202,0.966091574421471,1.40131227842042,0.750022773916578,0.6622759114738,1.08934184839221,0.900321076120448,1.04650203690181,0.5734488627563,2.25175605044257,0.791021990771482
2022-05-15,0.392674307917708,0.571160319601846,1.37758442682413,0.884880293093616,0.222764144700442,1.09797659405364,0.918931652866392,0.795160951684893,1.3911386961292,5.28936329329948,1.06555128368189
2022-05-16,0.362954510142363,0.964738884468424,0.776093215559291,1.23587079576785,0.442497414692937,1.16859245167052,0.559371791666104,0.970247921858777,3.55521499000892,2.22553909735856,1.46147756402556
2022-05-17,0.343503689939197,0.833803782439816,1.51291118652739,1.12964690227018,0.308420475240674,0.639443161083079,0.576732066845508,1.17949138764605,1.40249398910848,2.10535519470277,1.54664229287014
2022-05-18,0.362968694890868,1.04015485065401,1.32155293056044,1.20323439660982,0.398916142159401,0.479730816746003,0.529761817014164,0.520263619450035,2.07358780511981,1.74188828550978,1.40360104844026
2022-05-19,0.382651177985961,0.655663326283078,1.48187987844136,1.30386352937112,0.196724756612829,0.624284078274015,0.546154381964968,0.657841310294345,1.65146418456109,3.41401779124875,1.37571965441421
2022-05-20,0.142696409211777,0.563683004453339,1.23724384194385,1.18916900435459,0.69203908131292,0.688865915875692,0.505012504762859,0.652618398478583,1.4754679912647,3.25286900292937,0.986581038160394
2022-05-21,0.172600414106513,0.58299412050496,1.23229419795577,1.384215727265,0.720548974514528,0.672922358808487,0.540328122132059,1.24228787821838,1.38802480859674,3.60731403979408,1.42001745543365
2022-05-22,0.493651919341381,1.23769264761288,1.21891606244635,1.53944915621395,0.760912523719937,0.678853440234266,0.613383177129438,0.729515621277912,1.26670112806635,3.31336211550024,1.42636748721264
2022-05-23,0.374481793320315,1.29695017002351,1.0941321675743,0.983292025892442,0.769475120674965,0.440117417615748,0.723178096630277,1.25498192908779,1.79684443089407,3.04850198614424,1.27745966550857
2022-05-24,0.352906060433149,0.893856304912057,0.881027258888795,0.960587630865993,0.592929667499249,0.466529258822804,0.917222761189663,0.895918484497299,1.47601037074685,2.27323575785774,1.73103985817898
2022-05-25,0.396900695050765,0.859263300108185,1.07626622908488,1.48476469897449,0.76712545831642,0.741671262868148,0.760763314591687,0.86700267711894,1.10698860012189,2.46622230008196,1.16850442960818
2022-05-26,0.26476502219176,1.32110526495344,1.00386712317101,1.24381627932431,0.684296739463404,0.51434683189709,0.778707485814716,0.883617210398673,1.34567546086726,2.55416150478821,1.44113103744257
2022-05-27,0.330420175591038,1.1533484586486,0.702515446221801,0.979873457269889,0.665230189582115,0.497504587204246,0.621271585327102,0.402396491127133,1.04493054721797,3.00085347019864,0.904985872390054
2022-05-28,0.342335997880529,1.44028839833961,0.693494512318864,1.42849201543454,0.781739782908148,0.697906579660349,0.925504154916014,0.474139637554523,1.12774759434805,2.50922485755716,1.00656180825597
2022-05-29,0.362070323156703,1.29280066800263,1.41479952434407,0.956052880461558,0.675090436974112,0.753241050639659,0.942449862961296,0.506026768037047,1.04849666206022,2.50281216346715,1.01212559387723
2022-05-30,0.460066942505807,0.592566162348434,1.41748507945772,0.993082769867281,0.602757662824399,0.559078862138153,0.863184395843683,1.68052889938531,1.47782693834069,3.07320363261754,1.35001676497431
2022-05-31,0.497387822282197,1.18370409713424,1.46221641671946,0.852925379588323,0.189036096720329,0.63516399096631,0.662247690077277,0.888374843941768,1.63786656086586,2.69998840727214,0.937094900025733
2022-06-01,0.641953922721589,0.734523231342487,0.484375847756426,0.732361791866045,0.262989095848091,0.600712334450411,0.616836258317004,0.90704027092806,1.48870772601854,2.92754907386222,0.870912937148295
2022-06-02,0.586459632056408,1.2588500701969,0.466348015293026,0.498705894973786,0.241931500806434,0.782099674331352,0.619511770363756,0.896091234277814,1.41598178008335,3.1665268212973,0.659937019987974
2022-06-03,0.772839924862732,0.791059784768428,1.52115521774561,0.938343021762826,0.572921159329393,0.832227334874738,0.75985485254891,0.92841948181579,2.36719448029994,2.09091966398267,1.04774994295098
2022-06-04,0.552412285920548,1.26214944712023,1.18883610969422,1.04382605825357,0.645714326584656,0.873355760351143,0.940791355677703,1.05367984450714,1.60791843775004,2.69315920349093,0.931746548163731
2022-06-05,0.400589297094939,1.22497090607628,1.22518674843038,0.899734175226665,0.566091996710348,0.605815577137424,1.06148122302778,1.3134082427621,1.19848047747733,2.1144730043656,0.785212326046778
2022-06-06,0.677634211499553,1.28901339939012,1.32245216659955,0.989975996770717,0.575468819625877,0.735690124080791,0.964738704666717,0.756537445092902,2.24414470947429,2.18345003252147,0.661391857552011
2022-06-07,0.588706594774848,0.4655688605445,0.211398069543409,0.0874368350493558,0.586757073100631,0.853491932051072,1.04202001802082,1.0899683319137,2.14239217924007,2.76779481972242,1.17891649832173
2022-06-08,0.644928507775938,0.649082593978886,0.217867706289008,0.991093683238063,0.496722034655067,0.937556515493037,0.668861220335923,3.07971869422688,2.17191129534004,2.85581530340135,0.683585009049854
2022-06-09,0.619688055326016,0.64186784012137,0.158329189647655,0.487300586559714,0.596990318601777,0.95046296654013,0.88692044642979,3.0232028663298,1.02258625427986,2.73884887768365,0.530054241401651
2022-06-10,0.642459290212223,0.691044789841791,0.168207521984996,0.613534098810928,0.628916063181002,0.572310734069786,0.843044606058865,0.682484497828273,1.51885317506969,2.74299577579072,2.47149109974139
2022-06-11,0.630812970268372,1.61917431887622,0.195605274601475,0.989144028697367,0.596468338755481,0.673290646571753,0.629937638120887,2.80328470311424,1.30926934169845,2.73352418938963,1.53197769625542
2022-06-12,0.655832985261131,0.58578128183972,0.308650717159985,1.05183563520857,0.69479732491752,0.101894134249221,0.728660410232999,0.671230596069161,1.59958135276557,0.325495509309325,2.14184782347202
2022-06-13,1.0720153702113,0.761946451669688,0.644098021931006,1.57636691127868,0.841732121761299,0.178077242986823,1.27420290848397,0.802495436201587,1.41492438487995,0.289938759931042,1.8702442692914
2022-06-14,0.986327931483413,0.658969550433794,0.602650132930034,1.4385451095021,0.763703028352276,0.80257605629225,0.652564788272371,1.50414806352336,1.61903706971278,0.33146361376885,0.568199831816836
2022-06-15,0.467842439115508,0.901301720887637,0.540946893332054,1.53871571291268,0.890158046104574,0.467852676726596,0.612536163926063,1.40499646267748,1.48449686602199,1.87592304395605,0.608198538359277
2022-06-16,0.378192403713493,2.08487765263366,0.736796055532622,1.45703384673571,0.72229733430629,0.464145263957333,0.531844401331678,3.31579730352769,1.39314578134771,0.381136494192539,0.565058076228913
2022-06-17,0.320179395745034,2.23281676553899,0.62024187956905,1.39598218815116,1.00886754593099,0.514186310152081,0.463381167478339,1.26207563611498,1.64749274426019,1.73341641452496,0.592628813230398
2022-06-18,0.489053844471838,2.1683081675419,0.413018814009822,1.17754543223354,0.687051352087479,0.558271034645093,0.702685555952671,1.13550369354985,1.44407152287697,1.72539976838215,0.594710819329392
2022-06-19,0.366945790487538,1.08790832158325,0.525669035596733,1.00393992172021,0.683918940028522,0.422020415077796,0.703664451557426,1.41409229932366,1.3638618097294,1.7440918108275,0.698507245546244
2022-06-20,0.373856485836547,1.12461349473544,0.636095505653592,1.09128335371799,0.649415228448707,0.449473989824023,0.716986310982233,1.55459074050269,1.05464100592526,1.62091102823469,0.910185822388746
2022-06-21,0.387460127050614,1.374344689826,1.67471676686054,1.11431741100889,0.433818174483415,0.905856220916985,0.957834133776733,1.47565833216177,0.99381421363655,1.81030443558982,1.21831613397813
2022-06-22,0.388876540321895,0.902584716177268,0.494670491605327,1.14583534158967,0.683026757285251,0.450431619514568,0.884608627535831,0.521968050777507,0.92610807789604,0.708259878695495,0.708724262202284
2022-06-23,0.390279697804771,1.54282827137763,0.349663632515702,1.07002339492462,0.303832236673339,0.692335359984344,0.695386961242779,1.0338620872183,1.0096639695748,1.44938030879752,3.21383710843659
2022-06-24,0.369924165211263,1.47785566030765,1.59526926753737,1.059389197983,0.478947642570654,1.3320100490934,0.749531654098148,1.04568219104685,1.05242778238295,0.912602371387642,1.17812456985638
2022-06-25,0.408252583680451,1.4224883273328,1.44880288875972,0.760225058863563,0.453805821678088,1.269024029006,0.625978602197064,1.02959897311823,1.12592985471219,1.24473736325786,0.76032371900811
2022-06-26,0.314282392006668,2.97109898457175,0.828082311832935,0.598855689086289,0.64849841491664,1.2972731591103,0.714601037125999,1.12048783082064,1.03479927813992,0.789740389769835,0.814897707750981
2022-06-27,0.490044856785856,1.04408623412863,0.385741687187785,0.679366461507921,0.897338031682449,1.18388736164084,0.749273345457447,1.09989779231915,0.92097016933929,2.51569647317622,0.805796399030836
2022-06-28,0.472028001598099,1.37554947543549,0.482677566284077,0.705062675229002,0.969465799848138,0.996957630849896,0.627313337389041,0.971869374478401,0.920583465904957,2.71981755130655,0.832427334616231
2022-06-29,0.491316794912623,1.54968459212713,0.449113207792173,0.847883516981601,0.717283435410689,1.16082595976148,0.675714122772538,0.347967854134338,1.12900993515663,2.69233244169498,0.511289196266544
2022-06-30,0.555517169762514,1.77349961051181,0.526695855941087,0.854847336011439,0.77622422890489,2.05223098775841,0.709562334235052,0.411570710669837,1.15513531663439,2.68662784585768,0.811319580902715
2022-07-01,0.645247522761865,2.06586649054018,1.03143229935369,1.81021731094934,0.717891859953267,1.08712899485203,0.894989179838129,0.394928640267321,0.939985242658073,3.4674411800418,0.813760698566028
2022-07-02,0.562132638646316,3.54507699628862,0.650540845650171,2.22588486518223,0.785236483806256,0.869863284463243,0.88310744640696,1.92708520223629,1.75089905322936,3.21160954264921,0.723805075162915
2022-07-03,1.35750848934578,3.20228013726394,0.495311290227746,0.436973216456088,0.659783362109037,0.699137519605303,0.912270150704273,1.95371680899074,1.66244926023422,2.88614304019993,0.808641979698039
2022-07-04,1.4456887594495,2.51419914558459,0.916330913677322,0.426195666377604,1.03637794947722,0.852957580456375,0.700438009847875,2.07508590036527,1.73436975645641,1.62374108484019,1.21232729597241
2022-07-05,2.77071062408636,3.41465422782978,3.05017647269489,2.22537687658566,0.94675083775313,0.95676229485479,0.697793519166561,0.461827666051645,1.63327732223826,2.74122947143073,1.30733760973702
2022-07-06,2.67552411515282,3.1333287505208,1.18803783289469,0.514390908405695,1.43726912562976,2.06096617871907,0.668297780249605,0.434591083136132,2.4660067009596,1.52331738210306,1.26545095134906
2022-07-07,2.7097709816455,3.04229010513101,1.19665883411438,0.533745427863709,1.47194675247571,0.959546413147827,0.697155786761198,0.408512631841331,2.50793166207982,1.46757784114658,1.20597040786637
2022-07-08,1.67785747397903,2.92333753757657,1.34931863893175,0.760706524490616,0.912625309123751,0.866400903775245,1.10486319182649,1.94992434611123,2.68617765619914,1.52869368073069,1.34827831029905
2022-07-09,2.55696584741418,2.90552238306661,1.15268942628985,0.522650348524789,0.715567885241949,0.902171215232815,0.973256048512887,0.417434357561553,1.71301517263899,1.68824598861443,2.84248209870024
2022-07-10,1.65276769431588,2.81782198307163,1.05825429709392,0.579016248066193,0.602570739609177,0.994081177995933,0.755714064864828,0.474749060019285,1.62608611916998,1.6320081089054,2.20893725801072
2022-07-11,1.67459753571924,3.0585782313948,0.967649196178727,0.763487415644841,0.65043140236293,0.760990921919496,0.874592735795233,0.288630855560728,1.52569737289553,1.51506663982611,2.25002905003896
2022-07-12,0.904661225194634,2.17422390634138,0.933953391277912,0.969591306010668,0.789409157120232,0.698594661381803,0.895033518306923,0.231692381711243,1.5288162007441,1.51347687422442,2.28682469579748
2022-07-13,1.9958588012527,3.09542056865912,0.836144080281632,0.719251282045858,0.796199076733734,1.32736633223137,0.986983666913927,0.278856458239244,1.48442601645348,1.51716641710298,1.78441584693532
2022-07-14,1.96862225489618,3.06138148095876,0.674783084020684,0.552872484544705,0.852192144681525,1.34297919707019,0.90378055934351,0.296130753040244,1.66826286164923,4.25166222641085,3.0749508424965
2022-07-15,2.04049679233674,2.99579973310053,1.23176775732506,0.545259655201582,0.779505758495203,1.27924536016162,0.726846163329496,0.29835155994207,1.48394688625312,1.1985178427747,1.1028059868596
2022-07-16,1.80167600996843,3.0142078043674,0.976707133129431,0.534898833938126,0.696011894880699,1.37648141674102,0.932293318139505,0.288245709706945,1.77483968627178,0.533588511755702,2.09480808456883
2022-07-17,1.37677601022157,1.32003066509359,1.08409825191238,0.508094356991976,0.473239163761396,1.41482213416495,0.630616683830594,0.281022695879329,1.47779059528486,0.518872230172462,2.2162351030965
2022-07-18,1.3141239726885,1.43436224043296,0.732023632607104,0.481006596286051,1.099385898881,1.37774923125667,0.838829807955823,0.310879902424337,1.55994942469893,0.679789771627881,2.59172940336466
2022-07-19,2.36811811761065,3.0312371028154,0.862285316761175,0.535841600789596,0.443633362957738,1.21992998938417,0.892262403807481,0.356114795540221,1.69314968421746,0.90971204853208,2.23330688486431
2022-07-20,2.36319849364607,2.0109972111734,0.499388708750926,0.609446384665369,1.56815442293063,1.43125163382823,1.24203967938341,0.358424597128227,1.64327384776736,0.889797021866609,2.29557634708509
2022-07-21,1.1279956356264,2.3765271414562,0.482803161176005,0.511739038525442,1.2213917978013,1.86869799993591,1.1737721544522,0.221134040092674,2.0661571462768,0.879512650182308,1.9595783662244
2022-07-22,1.15405699804509,2.48033411459552,0.850713809357171,0.554781065503124,0.705846204639227,1.52766315965736,1.21690190154563,0.572609708592816,1.62241210274505,0.887252751064493,2.24540199593009
2022-07-23,1.07511682712723,2.39853622884258,0.853413266435959,0.567670523351542,0.67938064232852,1.3492707906549,1.2608948954496,0.648201993862526,1.65669968497874,0.883366336774254,2.17818823758042
2022-07-24,0.906748879799115,2.03960257234272,0.862192097701542,0.578700404571849,0.332440577326809,1.65493214471335,1.16707827011232,0.896267989508511,1.70667017048263,1.20221645191258,1.69576046841742
2022-07-25,0.704029788707399,2.89071985838184,0.753079290759173,0.556795627117754,1.21161655247301,1.6735213812351,1.34716397658704,0.882897816708614,0.785760390949866,1.22285614364999,2.29788715658278
2022-07-26,1.04552614986625,2.66730742356873,2.35223970844547,0.623308385334385,1.12925028733523,2.08623624437051,0.506063004937879,0.82530953544891,1.08866258580259,0.756825490169196,2.34426852141885
2022-07-27,2.83644305563892,2.97417306817099,2.4601892588131,0.51790262092113,0.702572733353323,1.92667023330658,1.07396946182364,0.652780243950087,0.864659503649994,1.2563567821902,1.60730602813267
2022-07-28,1.94592886054221,2.66745433326542,0.468283441391854,0.481053656674363,1.0735212034875,2.02429296775189,0.43226018998179,0.772726438375697,0.848155047462739,1.81499696225788,2.21096422981545
2022-07-29,1.62497276287095,2.33183219216274,2.37478195718168,0.599945245342123,1.13899991428034,1.62772281819978,0.582857078448365,0.87352218270886,0.867368334603356,1.91084923784861,2.21320146051935
2022-07-30,1.68555151052118,2.32608281441212,0.60063205358418,0.537424125318173,1.02925479827365,1.85969126681848,0.672941855809118,0.451580946549188,1.56138056429053,2.42236568883589,2.3076070133023
2022-07-31,1.34164584174905,2.54605151333551,0.583336648558711,0.340178631132915,0.707048539153878,1.78505051957268,1.04766718307927,0.737198300823438,0.856715020103436,1.54728848124035,2.38733604369889
2022-08-01,2.02864177024432,2.0909710953262,0.646996958908251,0.302458058364478,0.684310561312496,1.90610988327233,1.40167616969388,0.723340093140941,0.777037213498292,1.42401784441189,3.74232756817995
2022-08-02,2.05054565872624,2.2860213768724,0.463182045737926,0.443099944480963,0.720597579991089,2.18466623604653,1.15232783214397,0.730498563391071,0.753172860920369,1.62529124576007,1.55231286142211
2022-08-03,2.46938545224119,2.10101495983629,0.513375519058196,0.437052016939445,0.449463324466352,2.53589674716792,1.41541160311254,0.5410253450519,0.838448665458756,1.68358906883068,1.55820397676045
2022-08-04,1.80252859925821,2.38791428651513,0.43934196299162,0.428712585431343,0.161431329659579,2.53690534251063,1.65672018577261,0.70961211075879,0.833936050436104,1.24516835207589,1.65164912662985
2022-08-05,1.76228030597418,1.66798781307285,1.23713460370244,0.422614500776642,0.439793959984185,2.45608647599487,2.19719968091486,0.748042179899492,0.39769002837551,1.39809583551077,1.27769992128562
2022-08-06,1.76052119574955,1.57522102952354,1.1369489056706,0.366971872372579,1.22514801285133,2.60719974222638,2.16283603886688,0.531430940044186,0.793911560495114,1.40953805845216,1.24857375999856
2022-08-07,1.83536888585165,1.56836249398673,0.605023056154694,0.426229103642754,1.22693784146527,3.10915641477168,1.78788657902509,0.783141889392128,1.01951499248012,1.37908031319771,1.28410497789037
2022-08-08,0.638709886748875,1.15617380223802,0.563907908416462,0.43462036834057,0.739811660175503,1.08335925973174,3.90347752390008,0.625358869292783,0.732206441439529,1.33843869223278,1.98824496152297
2022-08-09,1.02987334607628,2.0172552961833,0.726728121058315,0.643713273477739,0.754414385183034,0.92016928050016,0.453198240157126,0.486129215027194,0.749293182670823,1.88978258260456,2.00414954680482
2022-08-10,0.905384836487565,1.48627861159809,0.661329086545003,0.551267678169356,0.61662507096275,1.95290073313598,1.80585650001521,0.523512771638683,0.397178438808272,1.41657661381207,1.46785133709581
2022-08-11,0.521971493103683,1.28428029402474,0.410297241440958,0.34581544985395,0.47102360938518,1.76205540584887,1.89512274183615,0.700386832705412,0.841214217471116,1.08422341694691,1.52382609578518
2022-08-12,0.567723041299423,1.23900864180657,0.267529516074821,1.16058994872962,0.30718400461261,1.59304146424795,2.32495090268499,0.487201312523351,0.600595107703316,1.16515185761819,1.57904190467409
2022-08-13,0.58906072313435,2.77745907466136,0.271917632904131,1.10212890351871,0.0770011829319324,1.61868873647763,2.34412453193013,0.641966028046445,0.588830779787865,1.11256474435654,1.84243145724346
2022-08-14,0.427707365360051,2.28240782821382,0.813144281876383,1.10705193690264,1.01862320670263,1.97504097597552,2.32598331142123,0.702263431131338,0.611846345230408,1.7947517897191,1.55113792679464
2022-08-15,0.564257680006778,2.57867853347757,0.713586753103543,1.15074934719588,0.825956185892686,1.01185394172815,0.558114623218705,0.815303354985737,0.514397888906337,0.877140476788192,1.13289833545007
2022-08-16,0.551073273053506,4.8225751738419,0.664172095701806,1.1127188311284,0.205398135876348,0.712782642525562,0.649811719334861,0.567369609949202,0.631585862513704,1.67378335436973,1.80518262687506
2022-08-17,0.933571028440275,2.7541687473563,0.503697108854281,0.894418303551792,0.698367272043344,1.53041525479144,0.670463584511101,0.634511593824475,0.599840995251487,1.98432686004811,1.80905221904805
2022-08-18,0.615960889391948,3.46409324202044,0.715409822061056,1.02233911718862,0.257187034661564,1.61243236916271,0.792809869287616,0.752711565188263,0.53711130969535,0.83519127610301,1.45642002358519
2022-08-19,0.841395580108576,2.58090977810616,0.426846165461612,1.13109319326672,0.318485706295539,2.03303350258392,0.610598982299263,0.985362016334562,0.665248587731091,0.885589745236917,1.57506397795172
2022-08-20,0.553360415648893,2.58822093970262,0.567458966608443,0.477098748263608,0.334796198553536,1.57395454936797,0.527610630536333,0.309588518596143,0.600810692822688,0.488531254143347,1.88802285174837
2022-08-21,1.2295711840721,2.87488511621653,0.60613213774026,0.626356482245487,0.64500752990195,3.39467310888098,1.10983731151966,0.428435692047278,0.525572892942283,0.610672108393356,1.80192527061828
2022-08-22,1.44066887860901,2.94620571116701,0.265203778339376,0.69353904252598,0.605472413181066,2.18831162775628,1.06174395859644,0.774115023679766,0.498259398230756,0.625577423062345,1.61251720367858
2022-08-23,0.610354104475469,3.15017220714785,0.539773084687135,0.707407016470663,0.569593379247173,0.994359817686581,1.33414069491573,1.22095635229316,0.443198726148651,0.542503409003429,1.79082700966009
2022-08-24,0.408929740745885,1.36152969334634,0.584977785300397,0.75526065626999,0.568368589664906,1.32561290446346,0.681156833986558,0.584454699710774,0.465126438182589,0.526216550367147,1.85165901130564
2022-08-25,0.50187346892351,1.4270412843114,0.475321235784204,0.944267048952781,1.18663489348779,1.58138087747911,0.649357707612502,0.701909248216061,0.473744545209343,0.450072632304882,1.78590403959971
2022-08-26,0.479976189851134,1.3936781473706,0.107107764186587,0.875791978252288,1.31767232232346,0.967469833834646,1.10947648753127,0.791069947772344,0.276171286267642,0.824733782291188,1.83367026276455
2022-08-27,0.630729570232888,1.3762953663069,0.47298941297073,0.863968145395414,1.2547809631471,1.14384636355029,1.41977178836318,1.11334814489837,0.271007389586288,0.787186272099551,1.91048432446301
2022-08-28,0.529975127997058,1.69749349025981,0.571810251605535,0.862929355447772,0.911450103219141,1.66786464363457,1.7849246098978,1.46786065588849,0.31801083478482,0.589057818113033,1.25429199501015
2022-08-29,0.332738955885648,1.07323803437111,0.613067515310506,0.893159125221382,0.846291541194986,1.60982757287314,1.07786306319036,1.48830900674415,0.412245639295117,0.900110833425947,1.29387752095855
2022-08-30,0.508335091718761,1.4783851093181,0.569519067775354,0.994277402738245,0.955663126061861,0.804005956031112,1.87723074122578,0.994277263758945,0.335176334769753,1.01781566371652,1.08302359101155
2022-08-31,0.348859299093946,1.73790699329415,0.243807065294458,1.50566206325642,0.627100136376669,0.820866962833355,1.42371014535575,1.4617503420335,0.793898613263612,1.02850600677066,1.12981480324711
2022-09-01,0.340341704713664,1.50013306081801,0.592817250087113,1.34159092127597,1.11333572647291,0.796246859086577,1.8027668143786,1.41922433146461,0.598876261234044,0.874855914642996,1.07301456615532
2022-09-02,1.06963748819977,3.55095376606761,0.275265259638335,0.697126618414985,1.23624002300533,1.04822442399794,1.74531423394075,0.894659338757602,3.06600389420998,0.959459477621391,1.09275230675574
2022-09-03,1.08170208154803,1.69423536217646,0.300629485203749,0.704425007696068,1.0465662251916,1.06498758848419,1.72968977410283,0.975507946887658,0.794796825362763,0.990747988684895,2.13755574386761
2022-09-04,0.441161198785723,1.6469996754469,0.416966999402161,0.78680032523709,0.968367748366192,2.10648069348401,1.73076339213599,1.04702876491481,0.881827437115288,0.907898803542154,1.25897496623886
2022-09-05,0.422197104008778,1.76164008246615,0.142405389175526,0.488581287322791,1.12680049713082,0.912511790977125,1.8335624150658,1.2396923520379,0.808195070370538,1.024959939655,0.866713175273538
2022-09-06,1.09207463767066,2.33364547043398,0.591542109616144,0.560633273295778,1.23832715185072,1.34588849555923,1.5464341256582,0.728405434565499,1.45849782599022,1.09784237453605,2.38109544692554
2022-09-07,1.27971666102595,1.86558033104419,0.282747289452151,0.736285308306994,1.04913637677698,1.93842664740493,1.68132351710653,0.807120395448647,0.594995365774861,0.874287667725963,2.35353664832109
2022-09-08,1.96143088282804,3.19859881791793,0.228111962921496,0.854522827186543,1.20146210680382,1.97277366621024,1.27276203368864,0.677683430651379,0.136470243576135,0.846576665137302,2.33793043747077
2022-09-09,0.480764664628362,3.32983866804304,0.542920939422219,0.868367377848325,1.19465831401972,1.50768790613928,1.12084030395758,1.1976693096653,0.653006298483112,0.866459626227621,2.23868588509899
2022-09-10,1.02589541333836,3.35991974932238,0.465672923644404,0.891991302210415,1.17988150801784,1.47853237521715,1.03001803278653,1.13794404117968,0.631110441470619,0.811495211254484,2.31913397109073
2022-09-11,1.31990054210724,1.20599905908136,0.88892536431863,1.04588152095899,0.902372583650409,1.18405871538797,1.44959328155815,0.758630514125932,0.769983345945228,0.791593353418555,2.26472770908828
2022-09-12,1.81192690817509,1.39636396596331,0.830603683166132,0.950445593058122,0.665365173794562,1.13540062250252,1.25111927685815,0.747552833436009,0.770484620233008,1.0279505674271,2.37870882537159
2022-09-13,0.740641168816347,1.67583775949579,0.464032146690764,0.815202623451632,0.84426979555542,1.06450085482958,1.38914436479169,0.541256848702799,1.00916050914516,1.0080440360241,2.3715456429501
2022-09-14,0.491480660749413,0.591857088806071,0.717844934581504,0.526267359639922,0.874026720284604,1.12222999228805,1.36679059887855,0.705484578630292,1.15344839327525,1.02062592933059,2.43519260595375
2022-09-15,0.643393734763242,1.60620781195635,1.65260934777677,0.614794791256017,0.432759894560439,1.06392330008222,1.45820066040526,0.718178689333725,0.842651579637137,0.842009797355332,2.22569790220495
2022-09-16,0.665333165002686,1.41816468820549,0.649267994144966,0.707694549279252,0.519396021271962,1.01890285341333,2.00107572538287,0.803872912140877,1.03642323396314,0.721098565935869,2.24198944101427
2022-09-17,1.5198591883024,1.02648700353705,0.92825710739547,0.648027234309945,1.4361551065196,1.13527941614266,2.16442392006118,0.940703217911121,1.10531109895362,0.690623038095028,2.70425045185504
2022-09-18,1.68943088676174,1.43069797712425,1.01328501159226,0.388402004463858,0.384622505385277,1.12507674976338,1.38703354340613,0.754920011932694,1.03403427109441,0.945221062765391,2.8738850434575
2022-09-19,0.696077357639806,1.92585601173386,0.648551681218575,0.63464420797579,0.340663476584135,1.26143893617268,2.05304606142452,0.868990504928296,0.973065824801381,0.898055793845889,2.86884454093753
2022-09-20,0.707370562938188,1.33886203636635,0.613384318011341,0.21584867994039,0.427550018833745,0.63979608267166,2.41370433683906,0.738035019173507,0.915970487476486,1.31725933640215,2.65429051500892
2022-09-21,2.0071004386319,1.06250094596261,0.382741657726993,0.40388939324532,0.451161938984207,0.686860756612874,2.02367519407304,1.11985508489779,0.951180198613986,0.924658319188403,3.1224264418117
2022-09-22,0.796099745567091,1.00223927077037,0.860718592130798,0.902925765051437,0.529072804803762,0.859596745265742,1.37281676241486,0.735870922477132,0.905482597106054,0.955690554180517,2.94708153576837
2022-09-23,0.839975076233141,1.37451046499447,1.92750080110647,0.469338089970168,0.609417008566848,0.996763840146246,1.33032323102258,0.355354947471725,1.13831653934791,1.01947934426812,3.08025571237903
2022-09-24,0.707443045732517,1.72996196671472,0.77101436340539,0.669542783246523,0.664890308420952,0.901515963470278,1.51400709065641,0.747159071680338,1.11190983355412,0.966525501717296,3.06486933642971
2022-09-25,1.46014792498545,1.44918082297964,1.86984086408506,0.696906813786679,0.659215774394688,0.959404789771624,1.09958198636187,0.705115303858865,1.01334911594102,1.09212991167649,2.98024957186994
2022-09-26,1.28760908931722,1.53123186943343,1.95037577321068,0.653703685529022,0.754129939703669,1.05183788825562,1.45746886336846,0.726931759260501,1.18745388663958,1.13924314254723,2.87129704935685
2022-09-27,1.90149689696859,1.43720238267782,0.649191883643144,0.357213168640859,0.885570075948314,0.606066425312216,1.63113766344284,0.640237279878762,1.31309018939607,1.42306793438115,3.00095416895956
2022-09-28,1.78235239905893,0.765685727557099,1.79799212732411,0.719262424837541,0.632475726395617,0.924040188086182,1.18242655199004,0.45254671263159,1.33841959910523,1.08008257487677,2.53173259351926
2022-09-29,1.05092210948154,1.35772205616183,1.06174516699344,0.728102911825505,0.41817804212752,1.07594900834499,0.73786418827663,0.596354107117021,1.33445446503034,0.849078109833662,2.57765557275585
2022-09-30,0.782435840404534,0.831353695657646,0.532274451605565,0.670957317194651,0.681639583661628,0.809403653841428,0.678066123640046,0.243924079088831,0.851178958286492,1.08827747087178,2.34493233741832
2022-10-01,0.814225681110769,0.83537628772509,0.819887472802439,0.858319360140005,0.488089319395997,0.842825542283187,0.731021912319348,0.256669085550776,0.852133953067294,1.05948284436472,2.49407166541485
2022-10-02,0.850703183545841,0.762596232818174,0.757492701658139,0.894383290935851,0.653910378203319,0.758667124146368,0.729239268570339,0.436286862987423,0.902569406593118,0.809197207413094,2.09220565151584
2022-10-03,0.943769285949191,1.10339336164096,0.753106653019238,0.640839294025158,0.653019769681184,0.733016978314161,0.855343578844194,0.523507320107313,0.927632213286272,0.991223360203695,1.97280783767136
2022-10-04,0.839467529165656,0.872048354310367,0.547338972653024,1.28464771916563,0.28542950159756,0.534807942994692,0.685292852097418,0.652964074801718,0.978718338471051,0.816192767600266,2.07047914731352
2022-10-05,0.960726563049841,0.851899404891324,0.336366535996881,1.09437028835483,0.563954686523866,0.681730938991546,0.71164062381242,0.770405971051748,1.01808252974154,0.895146353889537,2.08298603737212
2022-10-06,1.13652383732266,0.971948919042516,0.763025162332751,1.56593938797639,0.463749487238274,0.731137430340504,0.819880453177296,0.786570297558254,1.13195282428498,0.942955722964947,1.77516372137046
2022-10-07,1.18981005754301,1.15040994526285,0.778891406846164,1.44486928967334,0.237169993791441,0.714454660326797,0.677052433257929,0.480983589942344,1.44212853359887,0.694438474957844,1.83922881061998
2022-10-08,1.78718116511032,1.00751546273474,0.703292834651363,1.36460889487877,0.248986441239645,0.536151409441273,0.677101022681537,0.557669523888322,1.10991584139611,0.811446473027556,1.89974027058468
2022-10-09,1.1237815571989,0.907857672296548,0.571609966692106,1.43580345654375,0.519549864765568,0.557466462914055,0.699531776130356,0.462997894500133,0.951315447493633,0.761314346786105,2.53925804984618
2022-10-10,2.19957198804492,0.897325649383289,0.486541238152814,0.712376781523319,0.484982221504596,0.512853297945499,1.2669167188562,0.520539161301097,0.771657789492846,0.734329622297209,1.77817595523499
2022-10-11,1.99246548697943,0.898878885317003,0.741610986010862,0.766620775607436,0.385826668933533,0.486478215983957,0.962042408606534,0.594248902621242,0.712984776289034,0.828781677305869,2.31916000141511
2022-10-12,2.25398134395391,1.18630520831955,0.738834343573541,0.743010035469313,0.665250484252809,0.452160840801134,1.37821489180291,0.50316949265533,1.18540005378251,0.921519584901547,1.42144828016631
2022-10-13,2.10427392109699,0.962241868838566,0.668112557922113,0.726216973374996,0.618132497994132,0.572258445302442,0.706800984831065,0.621388617582035,0.723361862528137,0.788301680995382,1.36990250250488
2022-10-14,1.98366379848167,0.654996837704706,0.633466942715099,0.640066378670125,0.631259107806544,0.590770226091642,0.889225659048624,0.87339277821536,1.52392954002608,0.964415671323017,1.38760671724196
2022-10-15,2.51984725564239,0.748669673985075,0.541761629259196,0.632598832822348,0.649684108402215,0.710889151493953,0.833555004213877,0.308236183079325,2.0641102350097,1.04156810897061,1.61969461983454
2022-10-16,2.35753813719648,0.720718323039396,0.584290157948783,0.64430670048269,0.651040063049459,0.519928006860302,0.701680894479244,0.359720719819001,2.00643502437327,0.665468092005832,1.42373237137068
2022-10-17,2.61305773040389,0.863364383221709,0.80317125320147,0.726124468655055,0.67159635593903,0.556029415341079,1.07724544717226,0.317800842665403,2.10281407657672,0.714171613823116,1.7018151205748
2022-10-18,2.78968821511237,0.918842486391817,0.673383449884007,0.713203733336837,0.703912523313917,0.916825501804794,1.10082272953756,0.299716387900675,2.04678137507737,0.993640182800937,1.95144459305439
2022-10-19,1.51115500310452,0.73750525113761,0.713465045304768,0.707651452181172,0.830769466786574,1.18021141028235,0.764581288217516,0.531003712977782,0.817399122802261,0.324661290013457,1.59591463758868
2022-10-20,2.50699499855741,1.01399126625343,0.919805953450361,0.729837652653133,0.627421271386152,1.68645558700052,0.643337620852758,0.605311130401039,0.847394232935801,0.475389561761758,1.59571981934049
2022-10-21,1.52925362176233,1.36455811927737,1.1043473404721,0.682353462238246,0.842519822712702,1.00830249714384,0.610687741769951,0.561621965142661,0.766172160826523,0.439354502433315,1.19294478609314
2022-10-22,2.0475234029262,1.36929985903325,0.723202325324313,0.702255759326555,0.848864806779582,0.991526391888151,0.548812269228193,0.570382963893673,0.557986417510081,0.353206252610859,1.67638949083439
2022-10-23,1.77655991901731,0.832121349815694,0.763324036133222,0.707046259178698,1.65382314509459,0.59906021297886,0.992403833381221,0.269228107500786,0.791546427164462,0.365090576185229,1.73219602449035
2022-10-24,1.12577094327665,0.687345510729391,0.960634129863637,0.47164236350475,0.57287985252889,0.722066452146172,0.54094309287315,0.69360800485603,2.17634643503934,0.423883095692212,1.40657077118731
2022-10-25,1.25400637395571,0.865154867341428,0.903447938164825,0.695487733827482,1.83767528626402,0.469571278751867,0.829086840877067,0.721770748048071,1.02342971957616,0.370894526862173,1.58727721636122
2022-10-26,1.22014722522619,1.39405053873931,0.809190874451372,0.446192948885845,0.303207158138311,0.512516578342679,0.849946109944584,0.94494203633456,1.69340292322881,0.256203191673711,1.36036733416332
2022-10-27,1.15852780223088,0.978263101644334,1.39160047284776,0.596366567476068,0.400329154327509,0.775424951454119,0.885814855009912,0.22427177641346,1.46171735106177,0.781855613331021,1.38752419881654
2022-10-28,0.898876971758302,2.28067078177535,0.663355038998793,0.595009939819841,0.346916830307923,0.654970035093244,0.681945335515696,1.03930827241143,0.717823247217649,0.805849755738455,0.224782687081135
2022-10-29,0.943222219544108,0.332201731505529,0.705178413194484,0.728826633916437,1.95732922004978,0.72937539534173,1.0052388382979,1.02771190422986,1.33209365071808,0.206716739606679,0.570390226733047
2022-10-30,0.947708812317082,0.359882076812805,0.877080797261097,0.596688064586498,1.85203194556625,0.475107622290673,1.00442300069929,1.01865336867307,0.765568113837686,0.199581898226728,0.862735663646203
2022-10-31,0.934381895773959,0.436606031585038,1.14393057760761,0.69615264132735,1.8257182388162,0.798914119961625,1.01074799858661,1.04789896408052,0.913099063688115,0.236756149820925,0.477898806170003
2022-11-01,1.35152454062447,0.320781334707235,1.39652939328637,0.866385118915317,2.09207386571262,0.85452356750651,1.01897275971293,0.547384998135693,0.943839999551361,0.638209589379488,0.77967546165466
2022-11-02,0.89272659507716,0.381013993580294,0.6669432587699,0.790117343118693,2.18835824735202,0.516153938642017,1.52534814382118,0.52829048154636,0.898398642245203,0.248428344400947,0.845002793905924
2022-11-03,1.09857414736372,0.353983710522504,0.850688885129626,0.843628878708027,0.443700011885838,0.966477671028703,1.93958078497637,0.523634380415144,0.995837488454505,0.947202412065623,0.770552423018728
2022-11-04,1.12997381427549,0.364849454379921,1.35111606988677,0.791392430060041,0.341286475062058,0.998661746334508,1.9672097323071,0.730194954914813,0.982522775608824,0.964395389500706,0.981609554304771
2022-11-05,1.01415273644728,0.355021941697973,1.00147065334309,0.783834446676685,2.23222145597265,1.01265975244968,0.701908274513183,0.797823539267703,0.846024138426971,1.00482266530089,1.07696243064098
2022-11-06,1.14968592084113,0.403457933307578,0.726531345519223,1.00716614887272,2.18434952964268,0.63696923679809,1.49444940949597,0.816162639163719,0.850478235598023,0.803118118882949,0.298926664457567
2022-11-07,1.01298535543316,0.342714123029377,0.755719252102441,0.738039985600365,0.603398337305239,1.0488135220023,1.4889192206477,1.27285514990968,0.842659879742119,0.821596218460209,0.21113103554675
2022-11-08,1.30400674445379,0.356639799732515,0.671731514627535,0.964880600132792,0.583352797460281,0.442607433495975,0.40361607602559,0.573589966455871,0.944827695789926,0.919016160888027,0.545013963355179
2022-11-09,1.17130608967832,0.429445794845758,1.23997601229086,0.751629818173771,1.76681580204336,0.392167737350885,0.354242271017401,0.409678707815513,1.11293840225941,0.515064258314356,1.3094084104479
2022-11-10,1.22582640120184,1.69878938760984,0.703260099688963,0.803481241379709,1.08206193386345,0.925980556089796,0.360425299268571,0.367373792353473,1.48001363878611,0.703478868562069,1.39069025235127
2022-11-11,1.2770284855834,0.401933795555001,1.08731126345303,0.720790122879475,0.39824770719409,1.09828224965918,0.577941348295496,0.438098723532848,2.1129011867984,0.703641699366339,2.08114978047635
2022-11-12,1.37595102601638,0.451747967769394,1.03966454620718,0.890604490344213,0.455579152041968,1.14550769414508,0.440833374692057,0.521411945078454,1.27551916315575,1.03071669692603,2.23862741495897
2022-11-13,1.6161026986669,0.363463787365822,1.04153144223734,0.744857328758366,1.34877320002081,1.04829320466966,0.559685433236123,1.02164220435001,1.77960754645658,1.35761011688293,2.22625655449507
2022-11-14,1.59541764373377,0.391581575566782,1.10234238526532,0.991987681039676,1.14657218247189,1.08702980381958,0.556868097458642,0.767718817270936,1.79974712756244,0.418699435622443,1.97264575827673
2022-11-15,1.26850801712992,0.39740796652338,1.64866232289635,0.569923887594152,0.98324818891568,0.736738182428988,0.40090333567925,0.642338142320241,1.55085755066742,0.458047271948216,2.20570703641406
2022-11-16,1.11535927040445,0.943502690443652,1.62420981596657,1.34835147892728,0.993307830361529,0.975624728808569,0.351041192771091,0.664775688430235,1.85533891307806,1.35624987175963,2.02918506666841
2022-11-17,0.731165691921245,0.987182519683237,0.938387770362513,0.910070612861391,1.1928839436042,1.25234363047103,1.17237621194779,0.801702595717733,1.77604141127058,1.29099159935996,2.20951202771581
2022-11-18,1.66787220516889,0.859494690132044,0.692371271093583,0.910316214028765,1.14587815495906,1.09953265029743,0.311200876517842,0.826038328264424,1.78160787980453,0.958011648258724,2.03316751199756
2022-11-19,1.14688036825949,0.841582631781234,0.671855465704479,0.863482293640264,1.1666374342262,0.662214141969805,1.04712974848643,0.793922697165253,1.76368769859759,0.899533957725489,1.36782030561265
2022-11-20,0.979975945267869,0.955771018096876,1.10984345980625,0.491412874432835,1.0305870963994,0.853486136599323,0.402239899588267,0.580312927330548,1.8955582139197,1.52374677714097,0.943972956702868
2022-11-21,1.49595141483706,1.32185918281975,0.914868881962612,0.55894785378877,1.35974006367954,0.645001169806966,0.398598586299819,0.990260784365743,1.83260817612754,1.58342038707692,2.17330847624569
2022-11-22,1.294920125003,2.04892168644965,0.75407142831388,0.474253619067913,1.06385131240703,1.52866787355204,0.419402031544947,0.705461546119533,1.86473917072051,1.31443916279576,1.35976979881256
2022-11-23,1.20497523752922,1.92207357721015,0.745674735186366,0.884402164602784,1.03587230176229,0.671374070584822,1.14081608916397,0.671934147432214,2.37719183256408,1.38499578655341,1.81489444479747
2022-11-24,1.99172962039151,1.97241361192666,0.901773524747203,0.44662672306366,1.04498358715834,0.628293779460352,0.315307614005093,0.70362420508597,1.82348801667103,1.42086656129301,2.2547788363395
2022-11-25,1.76806226070366,2.14064383479531,0.811660830000555,0.477064883559166,1.04409613962725,0.63273170726165,0.479031662289479,0.933797095778365,2.69038414156826,1.51851540714357,2.02763552661271
2022-11-26,2.22665663096903,2.2507886661032,0.995852988058935,0.473234460244948,0.883568407278354,0.649506488943838,0.510635452275082,1.24127820580834,1.69727455057911,1.55594225692403,1.64348684086382
2022-11-27,2.27786240445109,2.05653136016374,0.520963029262319,0.465144820588951,1.01372180700777,0.726228620455672,0.466666787668287,0.93737656974045,1.5990635766575,1.56021248257084,0.729915684984447
2022-11-28,2.30574043673904,1.74892489098564,0.656691386003231,0.435654978242572,1.10744605367739,1.75719828876165,0.479236547817608,1.21755336525388,1.8177032550586,1.62773159879226,2.0464694607509
2022-11-29,1.56221647305501,2.53590660661398,0.373307618415567,0.228465097526318,1.16261048690035,1.52307961702374,0.48591975111762,1.15139267142817,1.14653263655065,1.02779394199088,1.09046024974512
2022-11-30,2.08433784264603,2.67861967835604,0.322316769754092,0.369592219236964,1.37458706127578,1.39678943276179,0.403766975760132,0.66158189276755,1.06313529700999,0.722123113220079,1.04542573421903
2022-12-01,2.48905009087791,2.62306317814324,0.296468364987755,0.359697889108309,1.31599349218852,1.54374161589526,0.443740228323327,0.555612454292804,1.60502017148802,0.913742459052029,1.19620998034651
2022-12-02,2.47359492433536,1.09717897778289,0.0893271290560933,0.463537452353381,0.66295447158623,1.55817286928992,0.450715908469022,1.08904743508977,3.21298714790211,0.615718709839071,1.10744225667711
2022-12-03,1.38863011301077,1.25284140028357,0.121647153268974,0.411913278139204,0.647626261860115,1.37891253823625,0.449234076255607,0.832024711468497,1.38295883853591,0.556470190381888,1.05523016825184
2022-12-04,1.50836312015535,1.183688312796,0.12970843048717,0.394938186328159,0.642642136333101,1.85542837053742,0.4376675081812,0.767165521632237,1.67194226785708,0.528469579994399,1.15119416842981
2022-12-05,1.65864708752515,1.42312704498131,0.151728911379163,0.427763132859616,0.607525372374234,0.837704269374309,0.330750969760886,0.795855018636714,1.06438848916898,0.60595420906976,1.28078814908455
2022-12-06,1.21169513128057,1.13911941969296,0.566593317312821,0.349729653034774,0.562593419748037,1.91366318277416,0.634957703378986,0.485891266400739,1.45769724721059,0.540654995040124,2.23454346427231
2022-12-07,1.66455266905535,1.16515796201197,0.546531654625757,0.455510456351977,0.712620900195052,1.32166460999516,0.169708738161472,0.728444662857025,2.04192254204118,0.885221115098992,1.73993495635663
2022-12-08,1.78075223007274,1.0773541036937,0.520832167545394,0.430950673758643,1.10764671042391,1.00763122748711,0.587819523620055,0.863562329537495,3.38390342879429,0.607875541350346,1.93123279867564
2022-12-09,1.13144806527923,1.09210650635002,0.449397344881499,0.397939789621105,1.09531313530826,1.12773044632117,0.519710851737484,0.570087111703971,3.3111182890769,0.526025227591437,1.50426114270596
2022-12-10,1.63836909286452,1.09257669416898,0.389692348366999,0.464570774056534,1.07037024233193,1.15036904466928,0.451895296926549,0.562264751487489,1.89661544875958,0.522828338985718,1.42875822991046
2022-12-11,1.5874207873238,0.958605845959995,0.545858712345075,0.413131389435892,0.630177318853412,1.63857545817577,0.58092713289541,0.551296024596245,2.25970251073726,0.525202844722213,1.25391495347438
2022-12-12,1.89159380184093,1.00310830381978,0.503600029198687,0.0703598137802977,0.519106045108973,2.07908497906187,0.508678821651995,1.39685643006292,2.08069620219952,0.648860866505421,1.32962937489503
2022-12-13,1.79396059928889,0.91564655218493,0.30107689727653,0.494101417843479,0.599752840579878,1.23107683342885,0.597616171768509,0.726336412655803,1.47296599815014,0.444615235262663,1.71313048697844
2022-12-14,2.00579299083532,0.937324516088291,0.411514357244229,0.570826922523747,0.843540768133515,1.77318968325386,0.575132122836788,0.806128798426176,1.50174926600184,0.472620783755468,1.74897889425412
2022-12-15,1.79564867233049,0.875302066645923,0.42410863231184,0.469760134451573,0.636609259955149,1.28700228729991,0.546284905334715,1.26705854446897,1.48067018638448,0.565646199476312,1.71286475684829
2022-12-16,1.31040435164089,1.87551517123213,0.646339586154957,0.42908807681018,0.10853270649019,2.0949022778761,0.74558103406597,1.22360764938045,2.11652513074207,0.821610561659309,1.66006201816523
2022-12-17,1.26653234131402,1.3191792936021,0.75112430377668,0.462627095914322,0.77317682113851,1.39544572072501,0.431957185262372,1.2100566069752,2.14124756773388,0.497626752484223,1.64738635258671
2022-12-18,1.52181692754379,1.50818974422816,0.686395410318803,0.471231778254301,0.749219949394299,0.3640672649724,0.568031946521984,1.20020077666412,2.22015584991242,0.490726709961299,1.61460667840441
2022-12-19,1.39391485258013,1.36621518427758,0.851768570424446,0.677109223693787,0.745790831399929,0.384188723188794,0.624292184506952,1.23225378214744,1.9943480651409,0.637880653349262,1.56386941822806
2022-12-20,1.14236656664908,1.29639894435972,0.783660703902678,0.679746817419485,0.74178500610656,0.437228828647834,0.563329133324854,0.537484904393753,1.8903142038951,0.565705746405189,1.51774890687603
2022-12-21,1.39780811335836,1.46298733140706,0.663171122008497,0.702308346741202,0.825665969547926,0.453719308915923,0.720366105804372,0.443651618248154,2.0370029858381,0.575001844781389,1.69161762763111
2022-12-22,1.32488333471513,0.904426893168078,0.679773749829111,0.355453361557278,0.752638536340384,0.605801731221919,0.70523808118636,0.672089048238456,1.97087537257006,0.636865541107193,1.57944879596443
2022-12-23,1.22350561778198,1.58969238669575,0.575169762211808,0.691789678405803,0.784428970838376,0.528753654452534,0.65983588075511,0.200205239397796,3.09609013403805,1.33145317309655,1.6060642493432
2022-12-24,0.99526370794753,1.91314794689321,0.554489344334182,0.296311406118467,0.705121997806414,0.555781574524929,0.394521367702831,0.250598731007151,3.13834505490615,0.670883740576273,1.66155445038066
2022-12-25,1.29570988432132,1.86995519759045,0.493670518874941,0.334020190866593,0.697713406340253,0.458598660731425,0.619265270821345,0.738374638780454,2.12889422858249,1.87810305531052,1.70966544399418
2022-12-26,0.75287427199479,1.75941068756357,0.539716365085358,0.493741120622231,0.780201767608834,0.532509436528752,0.678424935988741,0.963379118286264,3.07291697168162,1.81336622949481,2.12432558881277
2022-12-27,1.04431861407476,1.72330855024128,0.83887530284616,0.682144356596979,0.545460637670972,0.481050129444967,0.751512105048326,0.857781711745915,3.2983128764751,1.55208644688262,1.71672155444081
2022-12-28,0.796705621286062,1.60151440999116,1.01843905304936,0.416242157111884,0.706788786617891,0.745220316581794,0.7618949353476,1.20335176673797,1.83948952878031,1.10124231647493,1.72419005814553
2022-12-29,1.30687425263265,1.09760792792481,0.778615713365715,0.434365533266161,0.304210950565125,0.800849806144545,0.665087898753541,0.627605396571535,1.80254941927485,0.714862129903424,2.28753980621678
2022-12-30,1.04263434225102,1.10352562635105,1.12556485895351,0.53664950360114,0.586198465969789,1.00135991337983,0.667186779957039,0.960968779250646,1.69684261386228,1.10556857994071,2.1689058044931
2022-12-31,0.979605049900703,1.13394048828942,0.869454619283339,0.526463829249833,0.522554750327659,0.971324602337865,0.671704187933972,0.932449730865495,1.65984373459191,0.921880862113811,1.89852115452976
2023-01-01,1.09536509134045,1.08443636535147,0.814500373579192,0.499749655317806,0.520251770760382,1.61202734704,0.31191172660231,0.926749661420432,1.70703162719148,1.42630393343809,2.0346997341011
2023-01-02,1.25814380152692,1.63542265813436,0.630934829954396,0.627885446687678,0.468512179215133,1.27973317978753,0.613575282221322,1.23108988181113,0.679881064847301,1.32714393271414,0.594805973053292
2023-01-03,1.31169831892727,1.60541218577346,0.804045842713779,0.711441479657537,0.458146820884954,1.1522493021637,0.775578957919818,0.655657597431867,1.76695178161299,0.301793800940951,0.608018633906491
2023-01-04,1.25644874943719,1.78820425129536,0.745695529019068,0.309993240457129,0.46529309820809,1.51507687932483,0.33371006187675,0.452893843329664,1.80294097148759,0.519057330979669,0.718504334753132
2023-01-05,1.3695670680106,1.9117783860931,0.871894718884416,0.629506696426227,0.565899796360392,2.41749217994328,0.719706355518674,0.219915829511835,0.766172202044955,0.634908402746216,0.781305544339264
2023-01-06,0.973330159420678,1.73063168032776,0.493312820646904,0.551122151732029,0.556077524380334,0.984767250408447,0.534621837607836,0.299283291826626,1.6417104291755,0.549296862964436,1.36899368447897
2023-01-07,1.07372444099519,1.451295253866,0.458332582864799,0.913118076299181,0.439392119421108,0.790512672821212,0.697356588634465,1.1593905327448,2.1983342474718,0.555596067547548,1.58958686398216
2023-01-08,1.06659462011517,1.76413057017105,0.755809494023467,0.531425892257417,0.543207796696814,0.892671131280938,0.656025744953352,0.271421788063615,2.39225938826113,0.563461388683493,0.64341022660285
2023-01-09,1.39014221121595,1.61811766457219,0.53492457751601,0.581956650209077,0.328161102788157,1.51139856093541,0.690004310324006,1.45876822957046,2.69956007219136,0.455943486586401,1.13877457927884
2023-01-10,1.09777833088565,1.55725988068724,0.484742353154273,0.585382193226285,0.645773502233372,2.17111878872699,0.605047189287153,0.7882919317526,2.11968099080623,0.517991594724252,0.740241295188643
2023-01-11,1.02382710781044,1.41156703429735,0.259087363772524,0.976302340408409,0.370894602345037,1.96425972842314,0.705679189016116,1.07062709992642,2.19794730303291,0.760168465106903,0.743611685632557
2023-01-12,1.05750920772785,1.58315727422751,0.498874967734584,0.961927585610161,0.586616871884119,1.52933234837426,0.624430601043435,1.29277858487465,2.03622712891501,0.729946955132862,1.61143393614176
2023-01-13,0.987650396443917,0.947958563829837,0.574649740857434,0.953015271045932,0.359927790370674,1.14228552591736,0.596892083004403,1.33904471733724,1.94685820534675,0.94611565706101,0.786080053332809
2023-01-14,1.8693115120403,1.67634979048012,0.601134733674779,0.891930034569654,0.380222331136391,1.62212592069571,0.560101807366964,1.38900154086385,2.07303174122467,0.847631079123526,0.830226393376822
2023-01-15,2.01282418821202,1.50314437815401,0.58129764648213,1.03141241304533,0.786611814797944,1.14683354812282,0.631245173742565,1.50621247178498,2.02549918588852,0.815630188438929,1.24414359195956
2023-01-16,2.00759625235423,1.38281121133542,0.579641084415338,0.9251140912885,0.453098399234689,1.33690373906618,0.669386915024487,1.87931976390413,0.52216711728938,0.698011195781685,0.968377157215326
2023-01-17,1.80664859012925,0.914751964571953,0.498367148394028,1.05739409136044,0.710903203626793,1.35716660216189,0.602112482198658,1.81780191771066,0.598036289826513,0.889387967700099,0.830650760835579
2023-01-18,1.91464413964313,1.82290821308202,0.491646834981955,0.750385388453669,0.463056565184719,1.14890562974431,0.647427183290827,1.23743093390909,0.48380933319168,0.952717193606564,1.05674864220345
2023-01-19,1.8757644854042,1.65217013749822,0.573372167913759,0.723469674548835,0.48549870920127,0.850170342599277,0.632618306448152,1.07784894212719,2.18515708580185,0.955099316915645,1.3436512637209
2023-01-20,1.41545176640272,1.63007819581558,0.741846568341673,1.11303429636409,0.777532977479988,0.85298617539874,0.687047133701765,1.0088310566845,1.95285292490928,0.749074441196686,1.2852830205664
2023-01-21,1.5476698195336,1.48225415049669,0.879246832480117,1.1503194424326,0.72552354879965,1.00414485286665,0.693622999969408,0.931928270468087,2.52669098770907,0.828301102270601,1.47976109356413
2023-01-22,1.60178765468899,1.70156675049045,0.890770518041247,0.952527134086953,0.494718818929947,0.889113295281513,0.729283196435547,1.59828998633593,2.56675405299917,0.87069470168389,0.916608184637297
2023-01-23,1.27724836300459,1.68623353424568,0.872111939150708,0.929588438167987,0.650473980073221,0.887736550505204,0.59451823661893,1.72768938494284,2.37749987973501,2.22997156060122,0.860833457114583
2023-01-24,1.5157589566547,1.97649124038238,0.694877349142724,1.18761901184977,1.02594200592686,0.475292685778895,0.525562504790582,1.98514103671807,2.32328893656982,0.489756779336799,1.68323019887327
2023-01-25,1.42765106287201,0.399507940947721,0.733771711943473,1.21307616509475,1.00672809503649,1.7503962452659,0.738693224946579,2.06900678705258,2.1283602019003,0.670627072832164,0.884363611813306
2023-01-26,1.17481518798738,1.81687819774037,0.412899087204087,0.999659964314843,0.775915860253185,0.851753811795017,0.53655326653198,0.228067463504774,2.37188746301308,2.45421621419969,0.875269531561804
2023-01-27,1.21601593109146,1.88998360364612,0.491510504523913,0.867530599404002,0.781147621333766,2.17137698348569,0.38392662792257,0.319049762195575,2.33336304213219,2.63502844433277,2.01446726619036
2023-01-28,1.49716396680313,1.86504834633737,0.472920745856121,0.963647871128016,0.759343812168201,2.67001837388348,0.398414658524252,0.533813649809546,2.33205938193436,2.63955154615705,2.03240508522006
2023-01-29,1.45857969716633,0.764815541972025,0.889694043875493,0.549695740819098,0.791887012671971,0.676079283328127,0.691872361096568,0.530806882347982,2.34435343052596,3.06325965717202,1.74259766657803
2023-01-30,1.54435195708341,2.51161448660652,0.437257144768872,0.498146427493654,1.05811737298117,0.498596964818373,0.625306635738396,0.774411282392768,2.37586621681483,1.47268405871888,1.09675593061751
2023-01-31,1.0698494917128,2.37736763381043,0.352720013006076,0.565319367552748,1.0424628446713,1.54233512467003,0.632498051131306,0.750911057637287,2.01765589494726,1.28857019899061,1.27554219323706
2023-02-01,0.943923317392395,1.89151464634647,0.360697186832802,0.548816081514757,0.995903278146032,2.08145705528247,2.26729757326306,0.370973703208674,2.27333723604907,1.10404469627934,0.779555972775783
2023-02-02,0.63609574346668,1.95422569272872,0.443406069592601,0.519147557648289,0.912890224076298,0.766735043922778,0.735290248117123,0.369211713653488,2.40149066341286,2.3981280747292,0.9878192369219
2023-02-03,0.945559749806595,1.78237403278805,0.470219319655911,0.545104352979702,0.977266203368667,2.77848668679841,0.564764896181588,0.24367914310175,2.43138809544827,1.06101792047466,0.867568574953177
2023-02-04,1.26679463567282,1.6257326517425,0.722185962977499,0.607820329293287,0.912667562259758,2.77159753202679,0.590603169553871,0.255583558993747,2.53978202967262,1.01061961609326,2.08408552885507
2023-02-05,1.68451882697877,1.65751881914913,0.624842950236788,0.378925108296905,0.975132255917199,2.39797487707664,0.496124995250671,0.817000882350179,2.6850706181251,1.68741828659448,0.87139241094574
2023-02-06,0.654770137148497,1.65966703354003,0.575323935329175,0.657151362166667,1.11108990153312,2.42452073303704,0.489986868665477,2.01728546418419,2.53196362217849,1.38803917323348,0.748648604924515
2023-02-07,1.07707041242119,1.9151822276335,0.442601708542237,0.957917606614634,0.844676561546077,0.654378239924371,0.474952576623235,0.535498928778896,1.39624390007167,1.81700089021839,1.14796205195388
2023-02-08,0.560756996022355,1.90228567984956,0.443330896019264,0.805259270886837,0.416100215882943,0.65896960389366,0.656600963858371,1.21236074930303,0.677366015226104,1.5340347175299,0.68707594214177
2023-02-09,1.12684999432475,1.24470570684914,0.0763011881063937,0.821462250441889,1.0411585284071,0.748253386558861,1.00816771613228,0.987448447239455,0.792764133753895,0.772337921926025,0.751299212126654
2023-02-10,1.06997149809274,1.04787064296216,0.562799645284727,0.9480498472766,0.410675065751668,1.28841795692219,0.196034367234024,1.3258101724411,0.478426233568353,1.27729933992682,0.813887583701416
2023-02-11,0.536472158961197,1.05822119560106,0.736375719404567,0.273263020891863,0.87811907031411,1.20095379068588,0.389054250703679,0.378689583347435,0.416017004756416,0.763343410799917,0.689794983253548
2023-02-12,0.441603590463573,0.569326382923314,0.190277407673145,0.861433917587663,0.37024189955237,1.21963025141084,1.49710580676325,0.497836477714249,1.30022582950364,0.441882701707834,0.57194709739867
2023-02-13,0.850966862368319,0.565857099079484,0.683532973387349,0.752830209152729,0.508538160971277,1.50484702097737,1.49243038579568,1.32804963149424,0.57338850097617,0.438085865059693,0.751701099812287
2023-02-14,0,0.410963257252746,0.74258317884469,0.440029741565554,0.946770787819172,1.76620415326362,1.17780761335784,0.247140028613328,1.07964019599325,1.06434745081292,1.36149987998728
2023-02-15,0.824299777767084,0.42953302976842,0.78970904598805,0.390509424863765,0.486259736970464,1.34469248248963,1.45143236421076,0.813958495636616,0.929132914299619,0.409942042255821,0.736690541916774
2023-02-16,0.346278904689966,0.462420205402916,0.987386650362776,0.667273329665821,0.655371203079048,1.87665883496603,1.19483910959101,0.478782114344333,0.804219609068748,1.20710849907015,0.874391073887062
2023-02-17,0.257005113671652,1.77617950992635,0.350548776154352,0.74930021410873,1.24564503266236,0.915632730314835,1.2123143751848,1.04812966842658,0.866127646706065,1.51987999040871,0.969810057294491
2023-02-18,0.947130020291034,1.83489371881907,0.484493471312498,0.781187003114539,0.613244040078372,1.19218148006083,1.64209672364257,1.2569179133485,0.993334229323816,1.49997356530487,0.77475873074094
2023-02-19,0.956120356528784,2.01339932575795,0.242123522372694,0.873943603956823,0.657997410283474,2.13934731102759,1.60701419713763,1.2832555365153,1.0008192720987,1.0633868000274,0.750745214515943
2023-02-20,0.737800100316829,1.9725995095698,0.441336977783012,0.848962612364127,0.849986490199206,1.34627265052185,1.14028040701563,1.44946230943584,0.431111005605384,0.914955868393538,1.02503113428631
2023-02-21,1.62044927701591,1.9122941068886,0.400506493134426,0.758082143716295,0.697501351231005,1.26090651466106,1.14626931759603,0.797487113046248,0.856730031886926,0.808052176815437,0.342296581372225
2023-02-22,0.596040646603098,1.74149922586268,0.763153615833245,0.7527511001397,0.630941976051171,0.985826320661824,1.04603189552662,0.60674017483079,1.32687834378996,1.30588475812891,0.436320578874728
2023-02-23,1.10600113968962,1.7004955388133,0.900489396986399,0.694423849904107,1.00931318193032,0.881629454981613,1.25803197325796,1.08392133347616,1.62824580480979,1.24486413663075,0.537325937519845
2023-02-24,1.11440711348086,0.226820519493344,0.869313028076242,0.632154984682781,0.965023642306742,1.42124585452399,1.15835273287516,0.733451298492998,1.12931713978931,1.21594783249364,0.703747805486474
2023-02-25,1.04256761105065,0.480596950120303,0.438646690447413,0.666046155261615,0.534897773772005,1.25961852216821,1.2586099848892,1.28559417130259,1.30341158304583,1.08673311641787,0.772164627215267
2023-02-26,0.582248939320543,0.492701560416551,0.849123297123279,0.637731417434118,0.642235918647619,1.29149710165692,1.20294947262811,1.34648591027562,1.36259499140332,1.26766582171199,0.942976003399791
2023-02-27,1.12225063777902,0.106477626556595,0.82885306900778,0.745428777888465,1.11789361641132,1.35848322954649,1.01438116558037,0.897429502163067,1.76341672245055,1.19478058046843,0.868611507528364
2023-02-28,0.908011439029097,0.371619610271575,0.429254328865431,0.734852671445119,0.45486174560936,1.56840441044936,1.25767806958442,0.269438748129372,2.46960007034604,1.40615963497825,0.796757622626662
2023-03-01,0.440693811888158,0.2924988621339,0.245125059612449,0.805391213190765,0.403687771253091,0.728552467460715,1.21279358030929,1.12916846965994,1.45578427682202,1.3383162085627,0.925806083927771
2023-03-02,0.936817466459576,0.561007961129858,0.298774791629787,0.613956493878566,0.635563152407127,0.96948623695266,0.862528013196795,0.941694692021109,1.31766751551634,0.689238704823896,0.915222661284472
2023-03-03,0.806591293908887,0.740444634116489,6.2396326349151,0.597283561975169,0.598749137712782,0.967213127485011,0.806369113299492,1.52775482614889,1.23416532534144,0.75103922993615,0.862162847388596
2023-03-04,0.77790422333259,0.739211321483581,1.13418031829374,0.596851952647623,0.589335553450344,0.887452019509676,0.81805039140152,1.51660666649283,1.10367285848411,0.771885295542221,0.87354448396857
2023-03-05,0.563920224046656,0.8263642562701,0.688765790516132,1.04661238484138,0.699799012387459,1.08626539429354,0.781776196051039,0.413133930447345,1.07586512529299,1.01085811681059,2.14749179387564
2023-03-06,0.747426882668074,0.692329994654688,1.24545134010952,1.05073381187988,0.448380378420908,0.88549009600297,0.967738569145654,0.335462423280672,1.37883748701541,2.14761344566313,1.8159710692265
2023-03-07,0.920539943699584,1.21431893878376,1.15328612302408,0.938656725216626,0.374207742164204,0.97226593082697,1.27348945677585,0.374906060220114,1.65194590016026,1.5491339341883,1.73205113529251
2023-03-08,0.854022650585533,1.2105969127128,1.52824111587944,0.778228277636106,0.416612528700503,0.713790067189915,1.23756423288588,0.763038859621648,1.57102250931,1.62906082198037,2.05341222774803
2023-03-09,0.85420176470194,0.99022808505288,1.07905998515615,2.32931643096811,0.466690944522258,1.01171882358664,1.31187851769843,0.890831667260848,1.16487034170229,1.59063008225737,1.71503274379791
2023-03-10,1.77925348325944,0.601994290733421,1.05641963441001,2.42456476134233,0.573693083569423,1.06566236282511,0.628156822914565,0.880674169552693,1.58265704532418,1.83991033654746,2.03387018520262
2023-03-11,2.31151133495081,0.460080303628731,0.433506387459911,1.07056527736693,0.549838626633529,1.75276420371472,1.0296207101009,1.56634693568417,1.73219910976501,2.60547320016721,2.65757066585087
2023-03-12,1.62681439193618,0.927859157656965,0.873471164229915,1.33204494635095,0.492245820885835,1.1482532255964,1.01393956464007,1.17205168091091,1.06111376884004,2.30939777169859,2.33264574649331
2023-03-13,1.53555752608125,0.830791982121198,0.894602975517551,1.12851530389438,0.924534328814393,1.80843525631956,1.19839789607281,1.28253658824585,1.27661532112666,2.11475316269264,1.19375506530648
2023-03-14,1.62730657853652,0.824377729391435,0.793457447323668,0.93812791114667,0.382865951556773,1.649700892271,1.01871509229791,1.59599091764783,0.357088869438902,1.65660386543308,2.33981065312319
2023-03-15,1.46929586736557,1.03760966027966,0.640076257068284,1.36664692210684,0.705126080632195,1.67215360206754,0.943108141893012,1.54872106933942,2.09893293093872,1.8763651871929,2.20678495026346
2023-03-16,1.52682787583902,0.949617604162515,0.900448901643291,1.32270606519062,0.500777395863123,1.11925544259303,0.949690188676661,1.27195301701377,0.61087282192446,1.53327463331521,2.23925137730064
2023-03-17,1.64290564502051,1.07028413106956,0.675837309605836,1.33138836723058,0.507807561166445,1.70700550088081,0.993587863898657,1.29324383683271,0.605458486169029,2.0896632209196,2.55523636813831
2023-03-18,1.74902267688312,0.965840294683719,0.923538517276839,1.28003254105353,0.296362957254333,1.57785655193465,0.698761341866488,0.513730128456422,0.439146509849923,1.40478593682517,2.58580224116444
2023-03-19,1.25184039445636,1.09103160901962,0.736999719276371,1.24841926173136,0.387460770467213,1.83566248620759,0.65342516561582,0.751309755035676,0.747377622891681,1.50162649136787,2.8123724325554
2023-03-20,2.51983606899669,0.779642410608133,0.922703565100313,1.09535914557358,0.575365753450725,1.47666807343971,0.51622214870249,1.1421712631471,1.02443607844845,1.40025691280462,1.63551351981266
2023-03-21,2.08670540302496,0.623546405777806,1.05916896042721,1.15659565189882,0.358613698386305,1.49204795499869,0.91004605966951,2.06885390788847,2.507155102633,3.08731164494512,1.44160343378775
2023-03-22,1.97485785155926,1.24010562250356,1.01928328258656,0.823339715042631,0.589620591771125,1.35670469934245,0.951181008132616,1.32728817273844,2.22341329691111,2.54114005468272,1.51397755823477
2023-03-23,1.98842844216314,1.17286907718427,0.982983374505548,0.781031068667338,0.647478249791821,1.57765221741302,1.25067119547375,1.06633605372752,2.22581827151654,2.27138950472322,2.57221820430254
2023-03-24,1.97288306997319,1.1333085220654,0.765683651221524,1.36759960797682,0.56588353507224,0.309188536107532,1.21345775334215,2.02368469479943,1.3630084252491,1.71270793604607,2.27166334677348
2023-03-25,1.5943349903035,1.18655792626249,0.80010261268022,0.918599386651877,0.40725760522178,1.32271543226983,1.41061335350528,2.14044174629346,2.56041857718408,1.45946454282868,2.28966208767845
2023-03-26,2.09226611251359,1.15220790703864,0.647306450100968,0.855794944763127,0.309748488651655,1.26202640545392,1.13494987731099,1.97884484672896,2.49740923054478,1.45150218407544,2.3890271037499
2023-03-27,1.1591262089694,1.35595815794866,0.910990405405175,1.08495899243598,0.557953389531242,1.34800933830472,1.56439833225111,2.04656913917774,2.26507423370371,2.21377828650305,2.468305950012
2023-03-28,1.65341095317552,1.47579097737174,0.923397683735331,0.870903320495832,0.482250036707787,1.39121247737373,2.10530457536787,2.05950757065753,1.78910288165641,2.32024776405684,1.39684217295924
2023-03-29,1.94582791190816,1.30530611105912,0.868065556852896,0.850411843803006,0.61333176704655,1.26826788828962,2.1011358369506,1.90534186090006,2.21610680588911,2.28030304817266,1.3470301899538
2023-03-30,1.97541091962659,1.3021504197945,0.767337683428436,0.82321248678037,0.611752462380244,0.946396634517414,1.97899810474731,2.06643904336965,1.68990471014952,2.22312578531742,1.32888878800563
2023-03-31,1.74178756949579,1.54053796828843,0.809807102976796,0.769681863130381,0.701341763138523,0.94344152162285,1.75549402319186,1.98962007266865,2.21447345232631,2.16048619284914,1.37440126423422
2023-04-01,1.614297897695,1.31789976330957,1.51049952408119,0.970336817831879,0.572762292413209,0.977094427210139,2.12484332525238,1.89278326520866,2.21888101342457,1.73209749350036,1.40782832176299
2023-04-02,1.65293235554149,1.33824346605749,2.20020139934131,0.966725562161133,0.616305416391913,0.823284756493673,2.00021139375787,1.93192059909021,2.19097222937302,1.71111162132627,1.33914856940395
2023-04-03,1.9173356742088,1.58390284048129,1.46669428109673,0.727519969022413,0.506395329976611,0.990697341282021,1.7078804022493,0.31264090548802,1.83836721606881,1.52926980024416,1.49103571041881
2023-04-04,1.98029999324915,1.3036686925402,1.26166112951886,0.744982669506529,0.550401150002937,0.798638969182408,1.33873163845858,0.843847667113335,2.47920554765892,1.544899932773,1.58467233503571
2023-04-05,1.68379236781444,2.04015169299882,0.901477292976264,0.812320898863679,0.732184237589157,0.793921789928533,1.31525148752702,0.827979532795879,1.88901733870053,1.44665281437888,1.32555149169335
2023-04-06,1.2500443498425,1.78053252912339,2.15485551007574,1.47501150901614,0.821911068657812,0.757670519615346,1.22136549827196,1.38234165340059,2.56676451617055,2.04342474424092,0.756942481958134
2023-04-07,1.23648579234656,1.9237359736299,1.78525629685826,1.48717021284648,0.669426428188224,0.926356472316394,1.30834855723581,1.31361854714405,2.71804667124372,1.95433126458219,0.80249703601782
2023-04-08,1.22370532246392,1.49029524056328,1.77904563917645,1.50035693340456,0.694871902417684,0.630049766005791,1.30483378458266,1.30297515884698,3.12416576027706,1.94185973871946,0.480743827399564
2023-04-09,1.36908410445846,1.19935317107967,2.42479784837367,1.14076098662688,1.20032872086991,0.824062872650976,1.26565145208129,0.995325831236385,2.77709091356222,2.31049907662359,0.872921172896709
2023-04-10,1.51028539697268,1.80755329467575,0.556890300879762,0.786477998681608,0.760656697601783,0.759768726021634,1.3654772248649,1.00376234784397,2.48931316441444,2.12974049107866,0.91347446774528
2023-04-11,1.52060460144667,1.39026286302833,1.65704971366733,0.727833754852112,0.842455698858796,0.717061498703385,1.56806226690676,0.967823884799412,4.05598653571177,2.07420894897407,1.15761637771564
2023-04-12,1.16448498966634,1.28109683659359,1.75888116920133,0.70560896920826,0.442224437885795,1.69545393048386,1.98347835806312,1.06473493337479,2.05551960199544,2.73728985657339,1.27612906202794
2023-04-13,1.33643352503276,1.26556875897486,1.33402255869982,0.688323477097957,0.845551756989842,1.55965594132804,1.61778689156127,2.33812022425485,2.16522339910545,2.7423935720918,1.4566378776049
2023-04-14,1.39200141424796,1.28178974503474,1.18239081440581,0.468331163367449,1.04818768267544,1.45236339336698,1.2807415187761,2.21019204645272,1.66150626400778,2.5784283818699,1.41052598420938
2023-04-15,1.3556107649179,1.29529383405438,1.46737825173982,0.472767407090848,0.916911615343444,1.49443903886897,1.6858766253968,1.46038437439974,2.09590610016767,2.54107651213693,1.65452888655581
2023-04-16,0.895325269121579,1.18534726250419,2.23266054395131,0.496799808831357,1.15348736305191,1.59207039777953,1.44644800023816,1.16683981081306,1.70272707159406,2.66106569279386,1.35819334771926
2023-04-17,0.8015702461543,1.31767644991031,1.39678660963498,0.478488045517942,1.2058578148863,0.96820107516137,1.4158014835095,1.53032108455396,1.67683433787812,2.76660097405723,2.82988551271341
2023-04-18,1.00661797350535,1.83387316808725,1.32865281241085,0.441603766443151,0.788204373871758,1.57539284489029,1.31278298126279,1.80598584417292,1.64278094018578,2.83412526143893,2.37060716078791
2023-04-19,0.923933725423776,1.2230524646921,1.29979719111876,0.442953662928879,0.882258948138217,1.37493977593785,1.5024810430456,1.57148091371532,1.65727488625629,2.74319174176557,2.33611084051723
2023-04-20,0.807827915877247,1.6504922527928,2.32918671152014,0.427987828717974,1.21691202222473,1.54120738044798,1.43935555179577,0.684905737157841,1.95613923218223,2.74349230875769,2.23718468776671
2023-04-21,0.973819526699992,1.52265759587687,2.58790509417942,0.357180553761429,1.10441416966813,0.634243069877662,1.42156904576468,1.87231892493694,2.05769217477165,2.66392878142983,2.71372242031004
2023-04-22,0.898166834288877,1.56444613457883,1.53860144316431,0.425898501828183,0.786137733417948,0.294312922842717,1.32206603427132,1.85389905908247,1.52863819992589,2.6003071078734,1.72800178146686
2023-04-23,0.696182801871331,1.56598494117212,3.00901999302056,0.41451314339768,0.772990127910564,0.552692675807056,1.38261221235395,1.8208994889448,2.53855288459278,2.92807279951139,1.77955935878086
2023-04-24,0.681152276632289,1.60714916507942,1.75792183783469,0.368896357481065,1.40926472427467,0.937654475788502,1.29420760969217,1.75026347160839,2.31571337633914,3.829169771087,1.94656757238209
2023-04-25,0.662764940806407,1.83689848869494,1.05678484745869,0.43681815213701,0.941929736856996,0.674804391659875,2.36206835570391,1.19786817313047,2.6066265822306,3.54530645717084,1.72151299859462
2023-04-26,0.873957763391187,1.87005540842138,1.17904241639066,0.514449513512435,1.42512742664605,0.646846189692699,1.21176956858226,1.29069269682545,2.09061909973358,3.74629700099703,2.73834709234937
2023-04-27,0.719777422485898,1.68538719500472,1.08913615838996,0.526564189336942,0.874646115004739,0.936658299271063,1.23706296441691,0.793381254734301,3.13168094494092,2.1300783481469,1.35922992456562
2023-04-28,0.700634964510967,1.4873498048042,1.0997942136329,1.01048038618257,1.45610602483878,0.916536255350681,2.13597759979601,1.18374760611447,1.4752606202477,1.88806579696085,1.40468002972975
2023-04-29,0.688792618873136,1.50820399534646,2.9541494276035,0.722603817640669,0.964244454838263,1.63393885690989,1.42690513774766,0.855080047914927,1.84428817006372,1.97652866983089,1.23240965764205
2023-04-30,0.651466632255578,1.50540193941518,2.92731489531586,0.787989267426131,0.663777770694975,1.59981811545312,1.32925048559182,0.869279210479753,1.8919047480446,1.25140448503635,1.31106930307135
2023-05-01,1.09659541253078,1.83766783762501,3.0154977595144,0.633294409608892,0.55699923225164,1.60396940947722,1.15358870833265,1.31111226419334,1.8064697528322,2.03690115616249,1.47925119074246
2023-05-02,0.611060260067004,1.39007802792193,3.00532635592574,0.533526471501906,0.807523422928539,0.991489630181263,1.39697788183396,1.29294703720473,1.34579443623056,1.94338508665502,1.48956263118257
2023-05-03,1.11911737213065,1.40590999685717,2.96224504061423,0.481686879316735,0.745941376671829,1.54852269284012,1.18911686015397,0.870061446939046,1.96471458278208,0.938372831282397,2.32647284833134
2023-05-04,1.04856271200772,3.35938564079216,2.6733670902216,0.482140330337238,0.881591862536164,1.52898571572972,1.25460226423594,0.685982490121096,1.94792445697211,2.04782044645215,1.63794037158611
2023-05-05,0.971917729920101,1.30464458786715,2.66145464194395,0.66289004431607,0.856801319733368,1.475148949869,1.68278740534378,1.39377263495157,1.35056636783006,0.958573425438819,1.49785247034581
2023-05-06,1.06264860811339,0.582200715814869,2.6617398633279,0.64671166214828,0.305220730963956,0.903484432630341,1.54758356283936,1.13311691289698,1.33652825610871,0.964391972160348,1.45496209989945
2023-05-07,0.556316644365387,0.573629042023721,2.90039705494038,0.615169159621469,1.1186536367314,0.928537392017131,0.841558654592084,1.23095909356397,1.04102227227814,1.07502052862427,1.46411254893287
2023-05-08,1.09714519392618,1.13309600423402,2.93799892718352,0.325059150915296,0.789754804539736,0.972392217963486,1.41392500617745,1.18990468941529,2.35553779793916,1.18183525298577,1.93064714426603
2023-05-09,0.962592177198793,1.11122466298364,2.89967119629004,0.685096357939963,1.162801918668,1.68204967161772,0.916853012785889,1.24199537333323,2.40542893007256,2.57068748775232,1.8633081183694
2023-05-10,0.984112971653537,2.04182757104641,2.62641307842657,0.726909180334915,0.886523794684479,1.56110322490681,0.530835001322885,1.41055569980753,1.52727339737242,1.33645876910589,1.02283082268861
2023-05-11,1.04806523822786,0.88163346875122,2.62409859705945,0.777032318162067,0.861558782785319,1.56039096801692,1.25322189484531,1.32085761780606,1.30166055084532,2.82565906665084,1.96215446578803
2023-05-12,0.797346567756164,0.861109132242059,2.35598190328728,0.508886896614672,1.38269271633772,0.65519451925087,1.26174716110038,1.35572736480957,1.13568380694187,2.74413190946816,1.02077299161503
2023-05-13,0.791145126790089,0.881341352759146,2.35114355797696,0.689915202237998,1.41859658828053,0.462547458786192,1.28647957633625,1.33522686613193,1.1645057103829,2.69444068921298,1.0252475240042
2023-05-14,0.979203635758665,1.37831751931111,1.28115335139597,1.10773148333942,1.32067731545181,0.418225860411522,0.83567823195039,0.71912396171738,1.28626799897476,0.894858271810886,1.06307352212186
2023-05-15,0.784818339076488,1.42058166640037,2.73039958765952,0.943009347255115,0.365224386607684,0.613234749713967,0.712462231197615,1.45739518434468,1.30005676925996,0.888357769324256,1.11438467157203
2023-05-16,0.737919621274114,1.43934116972928,2.61346886575228,0.88317724270606,0.24921947168498,0.468238442047108,0.799272674027195,1.48072267862411,1.21986321384569,0.822526242136834,1.19634761322865
2023-05-17,1.12442058540303,1.45825735980248,1.11783880419572,1.13063224076127,0.375795790708323,1.50621333198399,0.468469217667839,1.50256368913079,1.67970646095584,0.908055520608664,1.12356622129909
2023-05-18,0.733351062065706,0.362451312773826,1.52406025724676,1.65030811138532,0.702639559019456,1.64138371868077,0.649814931261421,2.26568279072763,1.17920317798157,0.925551120278596,2.08943572941145
2023-05-19,1.3349585382119,0.38275964702652,1.26323545004608,1.24267601903483,0.586930568040984,1.37819619153662,1.23838516928447,1.40234094728561,1.01796125601996,0.957772801528541,1.95355476170093
2023-05-20,1.28775182622385,1.17281865605766,1.25758620653999,0.589069253278323,0.744766035071549,1.38999987271942,1.24545707003476,0.944570247204927,1.11167882818214,0.95887448578827,1.73674947974384
2023-05-21,1.83180474946928,0.573332638835873,1.5648093534721,0.717948591735938,0.726022757275877,1.087352731615,1.38081140157124,1.01271388881726,1.25419697174962,0.293395849765361,2.14678010657449
2023-05-22,1.83362632683187,0.50517205176685,1.71969702132917,0.992090052877006,0.749771131012898,0.583513014249426,2.30958616348388,1.39008666599359,1.70349097531525,2.02284584621056,1.90693298528123
2023-05-23,1.8601309385138,0.365447130916913,1.68510659158267,0.933536597386219,0.762163455187197,0.428641851222637,2.33990681338328,0.535463108173655,1.73869250610628,1.29488433847086,1.89869583165412
2023-05-24,1.87286778642168,0.371634299035944,1.50837779527711,0.841684705156633,0.583866859594895,1.24019588126813,1.80671602797482,0.59708853271582,1.77624924221103,2.46103352545144,1.9902855783455
2023-05-25,1.16897206060999,0.328616029297525,1.33170353054464,0.928365431785483,0.768603567166065,0.66265528689053,0.528755641955837,0.646220804083777,1.81611159791361,2.43272419755898,1.96471591096376
2023-05-26,1.39172415430273,0.80428516941812,1.64990740462218,1.17432907666851,0.761864587771203,1.02579415144501,0.721052079638473,0.598351019979202,1.78826683123653,2.54597070529283,1.89601285996949
2023-05-27,1.3698335893786,0.779311127729905,1.62216606911656,1.17150725395489,0.773771729467468,1.04486135033466,0.676561884808738,0.487390713373588,1.77633794599669,2.5535965136301,1.9107249014435
2023-05-28,1.18221547512576,0.32477058961375,1.62891702789515,1.23897945931535,0.813696213620401,1.24809182314263,1.89302041121872,0.380418550108319,1.78545200112059,2.45651474903881,1.92133740796669
2023-05-29,2.0041698775407,0.549709784693623,1.70139966746797,1.13569899599173,0.315922109686444,1.31373505761354,0.766946745108994,0.617828047126592,1.12839770965714,1.44374887719347,1.98424401022344
2023-05-30,1.49486869498105,0.377088679074968,2.35847218140897,0.686707148987907,0.399652778316714,1.1692618042561,0.74717574415273,0.871915041523205,0.720222373968306,2.13966820683593,1.6037072590547
2023-05-31,0.79698867525345,0.851743778672458,2.23801981150574,0.880565981591341,0.351559869242311,1.10664152572122,0.531252164367814,0.734432466339953,1.72958259378352,1.53837583967981,1.64370485943832
2023-06-01,0.760085258022868,0.973035226661369,0.550052211006562,0.61043015416102,0.329757524855237,1.17819542127157,0.405413979132602,0.605270375261833,1.21791941816546,1.73130998354161,1.90070435057287
2023-06-02,0.918227613251339,1.09673812282293,0.35930170788984,0.750051710818081,0.307422275524356,0.911785885743498,0.754793272935703,0.648481865779662,1.25548543787754,2.20039120915113,1.6577126756657
2023-06-03,0.89585091059132,1.06567689728337,0.520146084316225,0.641977910536507,0.296687089470116,1.03330416889092,0.475956170707432,0.518735274142969,1.32673855767409,2.49793674036456,1.64425012392364
2023-06-04,0.701159381128933,1.1038049469886,0.327253387159326,0.557093193527347,0.414378568787553,1.19784267727932,0.501781224415661,0.546880944616383,1.49715853340643,3.17442231377364,1.6075998308136
2023-06-05,0.816785291225965,0.485644761696546,0.34237296723905,1.03722224149306,0.28037547457216,0.925682527226943,0.460792023397032,1.00425688867028,1.20267680690383,2.04909334212732,1.47531440155146
2023-06-06,0.875429566108583,1.00165706129176,0.3161867923459,1.46707802951229,0.34300097060089,1.05546376548199,0.439802568443632,1.00646472257603,0.908657900229195,1.94865896810278,1.73767051803469
2023-06-07,1.20804893926909,0.851831961894526,0.473057482611676,1.53173720341763,0.431857892468074,1.02792469389503,1.19074411139795,1.30746951065868,0.97950131409487,2.30870074014776,1.82546138024359
2023-06-08,2.38997044013622,0.700899306485034,0.462103280418685,1.36533348668548,0.394613823529897,0.760781254987795,1.38742296187033,1.45754317781609,1.03251108300435,2.4005549839733,1.7192600342976
2023-06-09,1.22653029443346,1.7076956288886,0.35611391760377,1.66803063441685,0.455205329442275,0.761667658990412,1.13036256153906,0.998247665881177,1.27983713980631,0.813178815732789,1.84712562322624
2023-06-10,1.03664304867378,1.08081143941799,0.206418752567955,1.28719932710798,0.575195854639186,0.844643075397418,0.835900212729583,1.49958035332494,1.70939378952446,0.970641243205648,1.06308540936216
2023-06-11,0.850538058926437,1.80090942766731,0.253381946826824,0.903469704220029,2.11641691906761,1.38264635409395,0.985502913337651,0.84113788113297,1.46403193182112,1.21802517641677,1.38308711834561
2023-06-12,1.4908679343128,0.60028400266205,0.353931695012189,1.29543523273838,1.93836844045732,2.64748706908028,1.83740767767866,0.771923926467524,1.30516441909559,0.817016984947334,1.24801431308111
2023-06-13,1.59417360011934,0.311866065208747,0.302397751587439,0.95971143970728,0.978380674434982,1.49537885253148,1.52035996885957,1.10874087619559,1.40394142920435,0.442658568275012,0.929274865167204
2023-06-14,4.45468148037973,0.723346435152507,0.357834890704865,2.09845621727784,1.23112597748471,1.51613053186455,1.76155175828659,0.578382704621631,1.16497702986019,2.21342457293714,0.845706964894336
2023-06-15,1.25513733431757,0.601320289414898,0.558778571599524,1.34725168599434,1.23036329523133,1.27023632081001,0.576763220223406,1.23617387202428,1.32670393467465,1.084256892064,0.557012179481017
2023-06-16,0.806105712292446,0.602796811019393,0.348700076328863,1.18816314752651,1.17271510345468,0.858064295240751,0.661883597239402,1.22938194750006,0.980254777712562,0.804713066899648,1.04012706018096
2023-06-17,0.931950368872815,0.604653269689776,0.366445558936044,1.46469161330368,1.20200224322525,0.807198918856156,0.840091489503584,1.25826193357553,0.929106894554885,0.916501795709258,0.692675152995051
2023-06-18,1.61544429508219,2.46287879623237,0.504012049582964,1.23717219560298,1.67237368295318,1.04083574207266,0.983884371791274,0.550957496054852,0.657597517166022,1.1030292082702,1.73685759363258
2023-06-19,1.42719357116921,2.57431071029937,0.254900582150496,1.63817758184317,1.72360552996065,1.03874284886972,0.72170090340084,0.439242580324421,1.47652517103714,0.880265363637927,1.77334160371896
2023-06-20,0.989074413593522,2.49781765243643,0.243434350651902,1.16967309845342,1.09223006216935,1.44096821899347,0.810819323397628,0.43271727270133,1.58219879426542,0.550690596339365,1.28262724364773
2023-06-21,1.26118201998791,2.05982266711617,0.266233782328508,1.45410247367018,1.49051426555118,1.40344925990357,0.445015623132174,0.909190137818331,1.80458164580203,0.569884132698659,1.84204040887352
2023-06-22,0.442207156752466,1.2087760870684,0.59664415377743,1.37598643979255,2.06255659561543,2.43836435807685,0.504291059939572,1.10588923210345,1.00203388102905,0.262342162161011,1.10580201577938
2023-06-23,0.596965795822627,1.17338499852839,0.317138065244317,0.875461411028579,0.981555246562182,2.00998228141439,1.09331219142359,1.017103964996,1.63751210405672,0.76061842089669,1.10549876055578
2023-06-24,0.555226810743763,1.25208518778309,0.327560656642023,1.16489562658399,0.462576061907102,1.72573419417833,1.29679058017452,1.0296175168928,1.31645902719311,0.815921586627093,1.07887294341757
2023-06-25,0.567658952773281,0.84560908004478,0.182974512444849,0.337895758559826,0.661958240897276,0.647946956514168,1.07169475784163,0.570040421727914,1.13119363628412,0.481414618507585,1.16155740059713
2023-06-26,0.57529738615073,1.51374179354361,0.390021790663615,0.802825044785435,0.557360328071239,0.644255880233048,1.21970019900116,1.26343207437179,0.762625219077974,0.628767791462999,1.3328345939958
2023-06-27,0.605301769286714,1.14352389867623,0.894016447863489,0.697155195893867,0.658841791089787,0.334732941820113,1.29097998645419,1.16733270269163,0.851407803468454,0.881712787628782,0.928041842458021
2023-06-28,1.04273995737221,0.875827402824084,0.644511963213014,0.855861558708672,0.507552828739159,0.42598582909135,1.24508531173667,1.07259886250855,0.652389729628261,0.920557702044139,1.30307436189604
2023-06-29,0.966066026205927,0.923294654024826,0.734346531876756,0.568355669679401,0.498193036909108,0.482368837591555,1.07317290336578,0.691661593856679,1.00887839044323,0.917690174190895,0.83574611582178
2023-06-30,0.926288474157316,1.04405287519108,0.93721601932642,0.607009060128755,0.629644955227509,0.588955106263137,1.2845097668378,1.12717612273938,0.689910464479739,0.941745023262064,0.688787136026701
2023-07-01,0.840728397905266,0.989722958736355,0.853420243338789,0.711954619436402,0.649746673111989,0.560720410086922,1.92366014733624,1.15683977482391,0.647640106638957,0.887285275628557,0.715563136847824
2023-07-02,0.966835918431637,0.87334603761936,0.679434847319082,0.484732918627543,0.495025160880797,0.606153832092339,1.99478069339211,0.761674169140393,0.756347665288133,1.68364533377501,0.631645418366302
2023-07-03,1.02884163320033,0.611922339623643,0.523456761263954,0.5046784655309,0.765438133023591,0.692088370110215,1.38879280552823,0.547753025265741,0.800985518037632,1.42077981478218,0.94308939669071
2023-07-04,1.03775942146711,1.20308503817516,0.625763797822606,0.464775152352198,0.395643838527193,0.587948850116148,0.811785229211604,0.758610368793548,0.689254766111305,1.51875525106215,0.666511854959226
2023-07-05,0.483023382069973,0.672683915905983,0.492932380138371,0.974503355488051,0.769114575200507,0.910072089737689,0.768161964439967,0.422549809228884,1.33205525342155,1.07559655532684,0.777337067902422
2023-07-06,1.00988942372483,0.970425319668742,0.677172263249238,0.368677288619923,0.835675186665964,0.750581607651879,0.880689376925084,1.25244218664042,0.907418679450094,1.09233965034572,0.444514111084506
2023-07-07,0.78851126870787,0.994404092441271,0.49191064204134,0.732394736179813,0.741911732130817,0.674209900023682,0.554376156809489,0.633051963918935,0.877266397351233,0.922747496899909,0.851505806595111
2023-07-08,0.78490643009195,1.25547907491739,0.496769975409874,0.630329912908154,0.737299903382031,0.233549688493788,0.56685869736399,0.421908687104337,0.87621481966364,0.93392270397907,0.292281933130667
2023-07-09,1.05988162470348,0.664691119274179,0.942978511055824,0.515350979862192,0.718102585560418,0.878016331344107,0.705260940015707,0.542464153739927,1.07564013867754,0.901181187761474,0.259840515575295
2023-07-10,0.33152595520561,1.003196753528,0.612516866544991,0.389824340911669,0.723189986299637,0.553633766200992,0.798274920237728,0.782984781816216,0.927245183087782,0.975418713667395,0.309821083181317
2023-07-11,0.841861470542703,1.04956515122232,0.610749736547401,0.947387134393926,0.781934047669696,0.428562992167734,0.64160145190424,1.29339359660735,0.829378609817915,0.978359610695416,1.13834023872033
2023-07-12,0.837222030026103,0.714684140452365,0.629419112454696,1.03324741680149,1.46912814084581,0.615805418898565,0.566080643785507,0.588807433499271,0.946388829184157,0.996649097207421,1.11792040224136
2023-07-13,0.83176851216886,1.10879623612071,0.436974330617424,0.59222631762747,0.660441481524161,0.375173554840309,0.785856459800558,0.831389654574888,0.719475759634375,1.03559012178838,1.05377714723073
2023-07-14,0.800477019588544,1.16444422772451,0.432864783418366,0.615527237513287,0.873690182406809,0.521571021149976,0.441916928562449,1.01265336536606,0.848960004972675,0.498728832996557,1.05008110499453
2023-07-15,0.879307103216197,1.18529242800638,0.412733329217461,0.631676402034782,0.768750143659678,0.475306531651217,0.693963665823999,1.02855079151525,1.03524895042177,0.498051921932293,0.951176975541685
2023-07-16,1.10104036158118,1.21392726974511,0.642996787009184,0.302159454703898,0.859007490220864,0.456988012238509,0.636155550013273,1.0445585817132,0.770962099114424,0.479166312889544,0.866150528300491
2023-07-17,1.12533700956887,1.13645253747628,0.483392970351629,0.362584247596329,0.916861919441374,0.450240353085066,0.766440928021331,0.968202439496324,0.820037616818845,0.490713089416295,0.696901288091849
2023-07-18,0.633739311335851,1.24479425876527,0.51384249137839,0.503394776392266,0.940540137046836,0.815086971934858,0.657762008820173,1.21979144677969,0.898919702297664,0.563253584213509,0.806637880854611
2023-07-19,0.472622011202493,1.21922053477099,0.353497253540747,0.229497226046859,1.41657201258442,0.856158887630551,2.08865934151711,0.811786356935736,0.857360135164091,0.397605239337381,0.687719181815563
2023-07-20,0.51746912874302,1.10457616458525,0.334327010389342,0.413229955931826,1.16022761457138,0.694517008452753,1.91932668714278,0.953744000046704,0.874226898034682,0.998993615535231,0.71736582964076
2023-07-21,0.461946424944868,0.986268072575217,0.312927618003178,0.308646128774796,1.45992242225461,0.867318345963643,1.99279360629607,0.913725818884134,1.02570949649405,1.29050171426427,0.724843888016853
2023-07-22,0.578858501410052,0.923271091701447,0.372043066419818,0.294907317303957,1.05595401172108,0.853241573951697,1.97935472042342,0.922910027910003,0.585633827729106,1.21222936768728,0.89636489408268
2023-07-23,0.45737592086884,1.16024897320039,0.366855535158137,0.521043688952036,1.25981008993553,0.778230110499583,1.98418131397336,0.965186903919104,0.50293683370494,0.518769881836504,0.623699945459982
2023-07-24,0.545564022426916,1.11208455632373,0.508929713818707,0.260505485606044,1.44878221699816,0.90614987328366,2.00310712416686,0.983088706684899,0.61857535162658,0.580815960929282,0.725645727356968
2023-07-25,0.638774580721643,1.3227231655769,0.28572695152027,0.415993855819079,1.08962797254838,0.870276357957375,1.53670930376987,0.972395011530014,0.568260563567493,0.533680522800141,0.6288178117871
2023-07-26,0.654511682163916,1.1393082062382,0.699863949497334,0.485392459787875,1.56191082876408,0.358327683550459,1.70137898567248,0.727472851102852,1.00225850739301,0.584086191721555,0.881887438529523
2023-07-27,1.19821305039412,0.939091276127283,1.3189588570571,0.286813378536406,0.967543493004883,0.199580927143102,1.19362024345123,0.803836526422417,0.937157790851208,0.53887007843087,0.758643036240565
2023-07-28,1.48144886314585,1.19734331633245,2.44998422146425,0.365726430556876,0.932889771912991,0.477651475142045,1.38732819050057,0.847373852198642,0.964803474829111,1.10886161359935,1.13294904865423
2023-07-29,1.56686693333556,1.23406060784744,2.39671658668432,0.374016038953462,1.26037309509808,0.58979479737325,1.80475186409097,0.875189893725781,1.00585466716884,0.701009910477929,0.873445012329333
2023-07-30,1.22163221925903,1.03312160892331,2.358480743468,0.807874039793615,1.11875508796622,0.767906850840506,0.989025910103202,0.741866081918403,0.276490361370138,0.474608407817455,0.782179140563352
2023-07-31,1.25176733620743,0.910030878285726,2.69431824425185,0.257033116021469,1.17252289734587,0.197888547130709,0.732019170312654,0.909687309042395,1.82943991684774,0.859137657708358,0.807759989605589
2023-08-01,1.08353815466094,1.03389109517884,1.25126280544083,0.326986457076389,1.08266693970661,0.777943877694299,0.858228562175347,0.69891128945277,1.41137535554333,0.557301959995312,0.898456889091138
2023-08-02,1.1432098471877,0.929793926049889,2.59769011976728,0.63190791763121,1.30603109823161,0.72758607259913,0.782321391764429,0.919295247957812,0.603116152492671,0.550855252796483,0.759811160482163
2023-08-03,1.13539780588905,1.08535278367493,1.08606016346082,0.260746956044368,0,0.248113453859929,0.513905274339743,0.729540770669162,1.05104749891932,0.886641701302413,0.660932379033461
2023-08-04,1.20904740899152,0.733989471625877,0.0933064485986176,0.243804030439081,1.154556535108,0.625638199574448,0.748449685471939,1.10383850304197,0.970298630701337,1.23540369556616,0.33284463135803
2023-08-05,1.3593536874223,0.547175735491544,0.227665456161813,0.667807914567735,0.848644870561249,0.620760055570042,0.597643893973616,0.46485254664589,1.12092280507243,0.765756647307888,0.447317883527392
2023-08-06,0.813737179901147,0.551260761227364,0.694079774069869,0.412374780633666,0.704835351063981,0.271404745047845,0.862923964914914,0.993746283887323,0.831667874577417,0.757632839614716,0.558670644732447
2023-08-07,0.916966309251208,0.540129598254568,1.76123617378732,0.89397877818601,1.33190032460038,0.366166744734088,0.918960431251834,1.22831624191904,0.672925496912006,1.18365022868267,0.508320007493378
2023-08-08,1.39086212191313,0.675067295584188,1.61694809140733,0.608761608834517,0.752585781968253,0.325595363495669,0.606599047487762,0.55988095943458,0.620334905752108,0.701425833086539,0.484295970279687
2023-08-09,1.41087735183656,0.916857699147841,1.62579199955075,0.562110477636586,0.723216870606499,0.366781728723598,0.573485951428944,1.7809709122098,0.222796322072042,0.708197235344697,0.273524667563858
2023-08-10,1.47543252569815,0.42814283267313,1.58233753610264,0.816983155831727,0.605678294635116,0.996766648200719,0.301803256579989,1.25680974154681,0.282143051697182,1.08087855100905,0.360613995514452
2023-08-11,1.29123247616655,0.529104322385359,1.80100984772969,0.894783783124267,0.261042576814007,0.603145375626905,0.298346437568351,1.28184081907793,0.604387506467449,1.14000202767851,0.483693506595965
2023-08-12,1.24738886067322,0.53191921359714,1.5675666327936,0.866159625346768,0.73400520528283,1.06159054946037,0.471573504211066,1.11294670532389,0.293203078132922,1.13890180793247,0.364937768059613
2023-08-13,1.22497739045906,0.68002096050528,1.70608967966886,1.11192157968627,0.685251468227475,0.411370932758574,0.891700824958088,1.84618786128585,0.301403957096228,1.36881907568313,0.704343227201041
2023-08-14,1.73803242895443,0.757311093527415,1.7708470314266,0.707889251264401,0.929195025503785,1.0807082758532,0.787174330122808,1.04194400310529,0.203631537471432,0.805687293379034,0.723151355190989
2023-08-15,0.84996530885084,0.61098547548025,1.9662368491427,0.87465873838123,0.832972226539173,0.770869816767447,0.669330584850476,1.05284385352027,0.441590094171643,0.524311910611314,0.384498372251335
2023-08-16,1.43131827974969,0.554270298549544,0.409103742398772,0.886073735490127,0.764109336843616,0.861760263751326,0.663804419974581,1.15011001628898,0.464238737290621,0.486539372022768,0.628883322929793
2023-08-17,1.32768934035097,0.407151560195475,0.321209475707879,1.60395458237309,0.783760928090531,0.876340159648466,0.227334598807563,0.926422213324306,0.424328278851117,0.537384206671874,0.521876311076379
2023-08-18,1.75460395646038,0.499684493189567,0.310010908352535,1.48687144372947,0.334815099935442,0.686969150884193,0.663177522196748,1.36212006487706,0.551569920948169,0.428430352007582,0.825132353716672
2023-08-19,1.35504423637511,0.409843352122203,0.340282912970701,1.14760236271388,0.87333835910263,0.392281944385048,1.00275448615118,0.94312042683769,0.484830220382203,1.16054049177268,1.30772124430786
2023-08-20,2.01745312407156,0.94731777717789,1.51837470131119,1.15141013743038,0.920752860543232,0.295219952693515,1.01597496755163,0.557546496606242,0.587259013883622,1.26383534532109,1.49605259067146
2023-08-21,2.2209154107704,0.662986733420978,0.287259766182763,0.932834308025606,0.691630653261076,0.378094186534801,1.35781345545988,0.749637031521426,0.523157674210552,1.13098818452813,1.59185894353389
2023-08-22,2.40897153572205,0.69153445489444,0.349927516448145,0.928008648510403,0.850648999523481,0.558562526886636,1.2518151088936,0.840054768823493,0.345882584375304,1.0310313736788,1.75476464883563
2023-08-23,1.13466066531701,1.01750794445545,0.272827580326553,1.79378529089365,0.893575399729308,0.555506131729211,1.18756631414094,0.479239903722631,0.534447963772891,0.81546193684582,1.77325102425428
2023-08-24,1.51570797461842,0.919177814962932,0.283046946382493,1.67641665928163,0.874729511446185,0.143250401707755,0.86860768545696,0.766432629200863,0.559936570163411,1.05128352036507,1.84965190746474
2023-08-25,1.06233992808565,0.584722820599447,0.368789811161351,1.0517802257086,0.944960504965301,0.877069045299614,1.07872721264799,0.472616079495189,0.423442986751103,1.10883155201359,1.84368772356704
2023-08-26,1.06345685865305,0.711377630011848,0.489014013626324,1.33409239229547,0.90962107966293,1.08134267311708,0.58862532767819,1.05060506846968,0.373598253855631,1.1642685372943,1.43212927696391
2023-08-27,1.05650371659757,0.633827183868621,0.588001577145121,1.3608520432122,0.888288948932306,1.18603541149253,0.49205630246143,0.816382364410769,0.388056960620535,1.18221315128732,1.65403099497529
2023-08-28,0.607092222997758,0.571221305441281,0.529354901578377,0.971281562275047,0.74234103832128,1.09650991098283,0.58201681526516,0.402239636228751,0.383778140853796,1.57811027302596,1.57267497309798
2023-08-29,2.38473749136933,0.892809031356029,0.687654750582958,1.02467614389093,0.54857572015818,1.21471165074874,1.18422340705138,0.564636227592419,0.339678105215314,1.96873887221569,0.409496327087244
2023-08-30,1.07058847824555,0.470534000698414,0.767741063793823,1.26544701167211,0.684355022080159,1.72059216701002,0.530843492667111,0.864959541528768,0.593765803646248,1.1221957731947,0.593735298210812
2023-08-31,1.1807670860368,0.390510480427742,0.549094016641754,0.502756748597107,0.717570581151951,1.00386048920576,0.832322389311743,0.930333725928563,1.01595342184859,0.741756989988447,1.4910923807639
2023-09-01,1.50388903863548,0.77446544826727,0.481080271887504,0.48869914123783,0.797146844744324,0.985512474059593,0.95753829935959,1.54051095642769,1.09407743747525,1.13355516744963,0.703275829702747
2023-09-02,1.50285222643201,0.828466785017413,0.63629058346056,0.520451535870741,0.822711267542625,0.948551846070827,0.955991845260235,1.52227133455623,1.12958617696622,0.638034149271703,0.684847955890931
2023-09-03,0.795900329206076,0.793385226092883,0.511872608256869,0.443196371210407,0.815588741026013,1.11652345154785,0.745964059838982,1.4763780204364,0.97257213237055,0.344772744123382,1.49092328727669
2023-09-04,0.941669180639547,0.927451895510008,0.466085870391064,0.592697907776862,0.94162535039311,1.18536648256933,0.539972446457069,0.894892402369119,1.1035709699954,0.544488335858737,1.48157424243422
2023-09-05,0.803634773108515,0.798662250661687,0.493960112978638,1.04567322335957,0.900848293316502,1.19417980965343,0.554848268140857,0.720181321350025,1.01109318950935,0.665257017683025,1.52464463360761
2023-09-06,1.60033031551103,0.729880379576124,0.420682980762238,0.566299963783258,0.933563062474535,1.07976099847053,0.671993772620538,0.486230463007222,1.08176669608911,0.696220764902308,0.747018602594352
2023-09-07,1.66045445508017,0.734110483916739,0.839467614195804,0.577063603023302,1.00773750072764,1.1666434088827,0.904090979695235,0.563512124923378,1.02413509238225,0.690968510190224,1.52697749044944
2023-09-08,1.58658190875464,0.764498565290392,0.385039651480709,0.574448846519676,0.938134317659139,1.16483963261448,0.896162845324046,0.487498501263154,1.10471434303902,0.637810430758235,0.793586397752069
2023-09-09,0.752472399393327,0.69826906257635,0.781271783520315,0.77604146794752,1.17561277882776,0.923567384702637,0.638490897142328,0.775983675416486,0.46794275662165,0.707617503142172,1.54659911740798
2023-09-10,0.709587363898531,0.380587619823824,0.91156745579131,1.00703123985402,0.965616061846645,1.16522906782786,0.896283927122504,0.607869722268741,0.425706512676654,1.08689143420219,1.61853044830316
2023-09-11,0.725893638545798,0.964900021597249,0.918889136147924,0.724229093254688,0.971892376363643,1.05091471534149,1.0626067874109,0.596294880836487,0.408022484885921,0.950209336554866,1.0079924231032
2023-09-12,0.647389511025145,0.355915771364661,0.932548916800308,0.701526647135295,1.00210523015883,1.04064122394821,0.977539441986622,0.63586567304249,0.382406944206639,1.54136230950326,1.70376146726194
2023-09-13,0.6176014289907,1.00391032547665,0.874265035414007,0.74795072179092,0.983458572128003,0.993598386541263,0.979779529055912,0.584331022032765,0.789627604700668,1.05259247623426,1.2845776946739
2023-09-14,1.0908326424294,0.533492073902984,0.604383117527748,0.742107749166905,1.30287070060964,1.13535544824998,0.91852270838059,0.516260447423469,0.363393359656862,0.708673218164143,0.37199408809324
2023-09-15,0.498802222601832,0.405735328782738,0.721168349606689,0.692923452920182,0.858762856999583,1.00780040999102,0.763575030578608,1.41090326837563,0.403551359283284,1.09195406882953,0.441331082289933
2023-09-16,0.487335754797941,0.382933658427348,0.705246973362932,0.921303822742975,0.872778742783675,1.65772310685987,1.02208830334116,0.876240101991572,0.788307110355313,1.05870729012921,0.467491389763392
2023-09-17,0.825860608563183,0.417787201013151,0.626108437631181,0.749966274704768,0.726895963959711,1.0810846891952,0.869715323587241,0.765905358273445,0.381009033196105,2.06290145676112,0.405398928143185
2023-09-18,1.00251550664499,0.506024415396124,0.967472503372852,0.867144176535463,1.21594718420887,1.11444796612776,0.989224835003222,0.827907270508328,0.392705851896442,1.592176584529,0.461318131017161
2023-09-19,1.09765630489,0.965149662944721,0.713499439645301,1.04427471164156,1.12814013038894,1.62612810968419,0.653222090070807,0.980250816679425,0.446445053468629,1.67893886808089,0.525601198207118
2023-09-20,0.783507485611936,1.14560691241216,0.835769018379195,0.978175497373167,0.694047478288307,1.4367642844791,0.907063063313102,0.964467387973346,1.49317653768493,1.74570882234874,0.522123289572967
2023-09-21,0.516622801570425,1.13192369734564,0.582926583515688,0.792747971985664,0.684185532937695,1.53061032186842,4.28158302719231,0.446640099886521,2.54073692067515,1.5716264687331,0.444277158105299
2023-09-22,0.622584167475021,1.14609963479024,0.503159345894852,0.758226778543866,0.460631182713939,1.52175460799524,0.980023205657067,0.654578454865861,3.97457309196418,1.68215232493946,0.46795244966416
2023-09-23,1.06771637170025,1.42402075563979,0.550768370897192,0.717660814701676,0.513996643871984,1.45712114247867,1.23435464867072,0.698677049014222,3.28303810855294,1.67582959671478,0.43899854506573
2023-09-24,1.08141648542059,1.41110219580068,0.767388578745103,1.33542415413975,0.466647552185283,1.61142210154657,0.744674493874678,0.619747143958315,2.77040292094888,1.20696109875856,0.56849965674107
2023-09-25,0.57211568920903,1.71210677617897,1.09026384980011,2.17736526297111,0.439517034221391,1.53001662417524,1.59523757428452,0.781429500170278,3.08754372363479,1.00678711006199,0.663228489503546
2023-09-26,0.846744041638412,1.60774841372997,0.872254151467497,1.14491166591639,0.647251769323276,1.34451837401667,0.946099429628896,0.737500307377047,3.68289771032557,1.2473366577406,0.441462159698723
2023-09-27,0.825166343881227,1.24653917153057,0.853477909831511,1.41761766480901,0.288472688082504,1.3762095107946,0.553188563032943,0.770782908917838,4.39029532784642,1.24265945703329,0.497491087581728
2023-09-28,0.548241082422864,1.21755526319993,0.934638068564364,1.60783698517319,0.300017234566977,1.31300683707375,0.698753343296045,0.852025958831657,1.74869369890379,1.06207465484959,0.470855176038579
2023-09-29,0.63951927153052,0.47159906340344,0.982734101965733,1.63876699958075,0.26221702434147,1.24142755170183,0.805229352193327,0.746857062789751,1.67858400280474,0.910267950841959,1.02474991182263
2023-09-30,0.938154745183488,1.00887430474031,0.951183330877683,1.72616807242968,0.262014782656293,1.28366109636146,0.89262883983065,0.765078110157516,1.46203999667451,0.898137780876974,0.891257150714482
2023-10-01,0.845770391016884,0.780233770280744,0.962626915777085,1.54913317799227,0.243371607164753,2.15005007908185,0.848954140532137,0.790429535073367,0,0.874792794050825,1.0860545285328
2023-10-02,0.861636601107074,1.35134425810282,1.04984177836937,1.8123318293376,0.282006662589653,1.66477850763798,0.777684822321709,0.365937830994304,0,0.870175979132016,1.11159508960279
2023-10-03,1.0735086393013,1.16995514022352,0.428950308921291,1.37176320109326,0.479614939849236,2.3934887655346,0.664875605063242,1.01241418502482,1.48862860119243,0.830039046321116,1.51038794967296
2023-10-04,1.57104470728213,1.22854593750382,0.939371021431774,1.62874381423894,0.652405518353156,1.60753457486279,1.20664266618354,0.882354808236414,1.49198642782393,0.670764309849491,1.62713492518444
2023-10-05,1.68326214953242,0.888798141883032,0.649714867196472,1.72692295395354,0.754354426020156,1.58015670207887,1.05120777905795,0.671480918843038,1.55136286183941,0.721628050362735,1.59952678887731
2023-10-06,1.45545493588227,1.18567474216521,0.951498046280621,1.10959198495469,0.26136837532267,0.650848287889911,1.40740404999323,1.37929677408365,1.45426220804244,0.738130120793075,1.4025824306262
2023-10-07,1.77273331266071,0.705414374062234,1.22493673380263,1.63876328851049,0.334294448186169,1.46327321615955,0.648457277801902,1.41157457842141,1.97430947313011,0.741265165326721,1.72529385680833
2023-10-08,1.17330235257145,0.595678487254286,0.562759739211719,1.16485850259611,0.682960969307086,1.8694812524187,0.824886961215259,1.43826674888697,1.95215834216416,0.611338244300166,1.82486697986826
2023-10-09,0.883048930324892,0.61057804506474,0.81238020559717,1.52620890704939,0.432839775283317,2.08830090165556,0.386183923536265,0.590177300631043,1.71083176327044,0.679158130810617,1.67303312761177
2023-10-10,1.19355999938792,1.03877290331183,0.812411214275283,1.48963318842508,0.652542713625975,1.52015917408499,1.06190502913442,0.554487509626011,2.26816988098968,0.870847035996557,1.72680656210547
2023-10-11,1.39167805567628,1.30565400111673,0.703545827612823,1.53441256946651,0.724243539055317,1.49055157191081,0.981870197274517,0.407695903130059,2.37171818913139,1.08964265992707,0.467388116418782
2023-10-12,1.51754283367186,1.22280079251358,0.713281620282564,1.11191515232961,0.657144483790665,1.49337050517141,1.08986466291129,0.764255258245512,2.15056467397278,1.54140854962627,0.570424151229569
2023-10-13,1.6938311139774,1.0506920966648,0.553187612992793,1.13102265832482,1.20992478885526,1.41958847857253,0.694925656950857,0.978725720677961,2.69390392901384,1.51599315238748,0.895527510756475
2023-10-14,1.7582133812741,0.769564185098787,0.850915433481264,1.31068885093589,1.16587034042694,1.52891533495786,0.82653415306723,0.616779646718586,2.96016720431433,1.53246474727542,0.948336415603292
2023-10-15,1.71753317578607,0.712918775458014,0.711093078245262,1.26566061971686,1.15961022906751,1.56487765537459,0.833879044840379,0.666987727651661,4.14702888124648,1.54843289498833,1.13265634651304
2023-10-16,1.8083279209735,1.04287314813646,0.498652671928956,1.48383421444433,1.28266565992022,1.78987438638365,1.09347752944306,0.544266132068735,3.13465445997897,0.967516078691068,2.01697231729221
2023-10-17,1.94142497969326,1.36791844762637,0.860575544758586,1.57003220301313,1.30032344266036,1.61684776963152,0.982694113089252,1.28080398835647,3.67663902692499,1.04320027216897,1.0702443893228
2023-10-18,1.94276153623468,1.06455468028858,0.824778064899,1.59091535683392,1.4285996238123,2.54672785526799,1.19877528073078,0.59911588194808,3.84373020393279,0.54625018874887,1.30112140283727
2023-10-19,2.44401263655243,1.08112050009387,1.0034724441608,1.57406220511022,1.88749824625109,1.60608294370188,0.80306082119582,0.897072176314602,3.37659248127037,0.545666769402009,0.790022334482881
2023-10-20,2.44102723733223,1.00277421613046,0.570624510438259,1.54018344731786,0.843055300066367,1.46552005157049,0.814232172055957,0.445002223447424,3.27937425454396,0.744148728745748,0.940591057464189
2023-10-21,1.60399319228963,2.67878943420643,0.472341047094712,1.76718824908069,0.289043470609684,1.55808790115273,1.15656027900562,0.38050654309696,3.56970727519203,0.777119288230068,1.23872152046824
2023-10-22,1.47761301707319,0.934113347238486,0.773979798876974,2.02797725364907,1.74371380678441,1.43094580444665,1.13786017175112,0.368566523360223,3.49679479844073,0.931698247903696,0.957762299876349
2023-10-23,1.35892433254937,1.01776017281555,0.31608965726951,1.94931306007953,1.31012314190881,1.46353157016523,1.25740158187794,0.302930830867735,3.1539590860158,0.58061615707289,1.01311839155128
2023-10-24,2.25456923659596,1.1850609713222,1.45809480881956,1.12700217347767,1.44192149430578,0.866923760883194,0.754486147499511,0.564085521718232,3.10947973298407,0.514721375528844,0.600496000533721
2023-10-25,3.25172924624711,0.779456200425943,1.06063514875993,0.55465353255504,0.642209407901293,1.27330256568584,0.861831777134587,1.69052798975498,2.71128053922394,3.36642295166172,0.439823572650396
2023-10-26,3.40054737955036,0.86876457847355,0.849133721418881,0.411432273097185,1.61701060520758,1.60027178797647,1.72325400665948,1.40570115799399,2.45235132995638,4.13635116085892,0.469829046121435
2023-10-27,3.38286647118591,0.425338455403814,0.819377114130687,0.602211626011274,0.842510246077537,1.60479926389803,1.13531164098043,1.19482797501454,1.92743619972232,1.20314620137655,0.491380957491916
2023-10-28,3.89098969339598,0.224108221984527,0.824925735910795,0.584139394105653,0.63514191038991,0.340534021264277,1.00795597287494,1.71716375622231,2.2677791671453,0.776226909526581,0.495899451824585
2023-10-29,3.25246002238838,0.292004590674038,0.461443944644925,0.58545346308751,1.92091090527448,0.364154782260196,0.923477568121025,1.34528448800901,1.85984184381473,0.781078560451857,0.474881997900521
2023-10-30,3.0265584440769,0.816328985708155,0.362652578487587,0.61060499723598,0.718008375127996,0.718664332603325,1.04153831403982,0.440991013477132,0.645645558365375,1.23864890452417,0.538868932882446
2023-10-31,1.39268431938455,0.688728729954906,0.373040227632975,0.545725714653424,0.482793468064201,0.813519814842683,0.960074283698898,0.126365198584799,1.04376928337219,2.61173516054584,0.494637635342373
2023-11-01,2.02809891925441,0.40843121522358,0.901117603662911,0.618037373498874,1.7739812781963,0.832457736170077,1.15709336735828,0.20855480997431,0.894118591211599,1.16134257136059,0.839575920612924
2023-11-02,1.84668416826132,0.406844427986744,1.61816551467311,0.149212405342756,2.11789572435929,0.754365122057572,1.1117229939821,0.36267099648474,0.949268160728412,1.14679811466659,0.964907153611902
2023-11-03,2.01583157147651,0.580958355469742,0.974219902761336,0.340412230766823,2.30269630432801,1.21586184517875,0.979734535270853,0.109554650297541,1.07746400857673,0.7408691799035,0.430127650510049
2023-11-04,1.59898376304808,0.749988350931826,0.379819954246317,0.348414672836862,2.23789584438151,1.15352444391652,0.598108001715726,0.595376189802131,0.975801628275804,0.885755625139677,0.195814079492754
2023-11-05,2.01130903036638,0.791785123654793,1.15873223951229,0.400728625245209,1.93634425620733,1.35232096636117,0.774758893573604,0.66252856537426,0.987655583033683,1.68995963572009,0.638358560394317
2023-11-06,1.86518327250851,0.543136192109697,1.8705249536874,0,2.40936210820043,1.46087300758094,1.01901090418069,0.392933042795783,1.37844855240994,1.82039093209204,0.89070041009272
2023-11-07,2.22552176356478,0.730073005464915,1.49365412499086,0.36323173425451,1.40531786481359,1.24965669308261,0.417446508373859,0.226748749041896,1.15913728506172,1.62020805035418,0.984211805759864
2023-11-08,2.6309186519146,0.539314916522217,1.15497571634042,0.578852363101075,1.53706739266423,1.54733805671513,0.395676328067979,0.477707142830481,0.511124240211447,1.95468891457312,0.974822596939507
2023-11-09,4.00008830062686,0.708194216899527,1.21954105029189,0.366314558199067,1.02175192107848,1.84272858084063,0.355928165417756,0.458476649446395,1.38205269607593,1.21117961592679,0.987692824816979
2023-11-10,1.87677832495653,0.612640571011175,1.16902425914455,1.18433772071314,1.45046098269704,2.06261043442231,0.270624431415428,0.462447789261605,1.48114247476642,1.49576306233721,0.952349863033523
2023-11-11,1.62155810876731,0.531249068401581,1.11782019912936,0.270804200858827,1.3192126075912,1.47070465936068,0.267183155854289,0.658037758529234,1.33766486869334,0.926654187941636,0.862798346203395
2023-11-12,1.54069268750619,0.473587666742347,1.1318111182624,0.21055910914121,1.28670708040634,1.11679824417422,0.369994044905023,0.453321254037157,1.32772868547427,1.14050812774379,0.875796083577194
2023-11-13,1.52766250812348,0.518841058562379,1.01861431167981,0.332897376586565,0.831777375891378,1.61970169617004,0.619650702076895,0.478964059296001,1.53535338807529,1.03009377003711,0.832704550263166
2023-11-14,1.53236372200537,0.423501521270223,0.826942460697398,0.636313224534527,1.10729309591978,1.57277042163406,0.611399787317246,0.62841761064789,1.19700714639393,0.903872408989598,0.525349161378319
2023-11-15,1.28196053237966,0.403295050688274,0.967552827338584,0.616584048467726,1.83562518427101,1.18924580474145,0.608064275719723,1.06892494699493,1.34211093125731,1.66132146953303,0.618482377255547
2023-11-16,1.10467963575763,0.294387247228013,0.961881906077614,0.461099066345353,1.41098098127154,0.751466189661353,0.633529606406165,0.607668218201404,1.30319048786145,0.928899272144312,2.11585733333432
2023-11-17,1.17222756580942,0.651250256717433,1.32278071524698,0.534715162741853,1.46528282357114,0.769939215290678,0.30538654531983,1.14290905610683,1.58670497290608,0.977304388503546,0.767974964789197
2023-11-18,1.05966881784799,0.597959131263551,1.1219018813639,0.60989681220244,1.12516791990637,0.856922391290374,0.337267254750489,0.671035763461289,1.74253937957895,0.882418486546797,0.721151325780936
2023-11-19,1.56249541424045,0.753665189079564,1.34866821099723,0.502435884171218,1.48569768683428,1.23019444215103,0.312096691809527,1.18460595513597,0.727406762124362,0.941902758871429,1.88411925588132
2023-11-20,1.99779027256532,0.721281926512829,0.766031735607889,0.50469149958333,1.44399317018775,1.12113460457947,0.169211725410008,0.992446875428442,1.25228432653574,0.90886265926898,0.606737355326213
2023-11-21,2.06363330062215,0.66398728275551,1.40944123636783,0.49023782810848,1.03909451242364,1.18705062210866,0.726313754572438,1.04063898511158,1.32630623053347,0.794669239156188,1.51517872570354
2023-11-22,1.87339835262479,0.76764273204218,1.44003745720282,0.461933128890629,1.2537010723547,1.09289070693974,1.12977096585735,0.898729961429899,1.41691371547777,0.478475347337076,1.77027350072839
2023-11-23,0.411917213309237,0.831832888270716,1.07664901491909,0.73604612744715,1.2505959955111,0.703753638793653,0.886467181874409,1.22868444129079,1.18346182304977,0.615745852626714,0.637308480898756
2023-11-24,0.47007967734714,0.667481961273026,1.9234253547838,0.354617866650393,0.968630959953227,0.967661648818605,0.812766643700106,1.1905873927089,1.37391870807211,0.570089434567378,1.74065127457918
2023-11-25,0.687078477095212,0.603623412828952,0.935183676634826,0.746935292348324,1.03536626684931,0.780544622726725,0.930554921922011,1.21263665896511,1.4292831673448,0.626944848326437,1.73167957852502
2023-11-26,0.692455684228712,0.988711595519686,0.838837171287903,0.384213930399474,1.63863623950356,0.947460470046417,0.59884578506723,0.661816588948857,1.28365612702111,0.760749598103574,1.77625020916611
2023-11-27,0.547817248220908,0.790458950390627,0.934964496113001,0.396433857002464,1.19511814313797,1.04434098500041,1.54372146614757,0.760809926430207,1.02878955684057,0.660015282952096,1.17981683018992
2023-11-28,0.745259877001115,0.851980618474052,0.958141047765043,0.465810454959232,0.878975386282214,0.719286271283065,1.55698186831364,0.744059465051299,1.01312216877467,0.838653974390332,0.457250735768707
2023-11-29,0.751228892051688,0.923988963381437,0.88094372691057,0.350062639347062,0.815079273296496,0.918476747827793,1.47336079844283,1.0395375714152,1.17361554489431,0.87016871269719,0.366742191219471
2023-11-30,0.663177310551392,1.65011740787868,0.696280865647979,0,1.60402086121312,1.01961319342436,1.44112867298685,0.80792479904888,1.3724618669,0.687932252038321,0.792279866631795
2023-12-01,0.51278412809237,1.35658978097385,0.992958386202847,0.333713043549713,1.73086208353908,0.401753381728539,0.734699462639541,0.555214441566578,1.24493090512231,0.925181926198628,0.531919342947658
2023-12-02,1.91586189933563,1.42084933653009,0.618829357676572,0.394077093458215,1.64169731870402,0.944129229233232,0.732470097927513,0.637338005258094,1.23172732210842,0.988299722335805,0.178417415136339
2023-12-03,1.98453206516142,1.40009658041519,0.848324490435619,0.405251959127325,2.86103661270712,0.923532817234001,0.772156173095857,0.608537553829353,1.39778778964913,0.971626507881741,0.396693372857625
2023-12-04,1.28599105752282,1.18435009027431,0.693274750623589,0.398051688769397,1.22890474130235,0.652715328310458,1.16381625744971,0.459212895066788,1.14396870960666,0.86971890936836,0.4309845555679
2023-12-05,1.95610169656864,1.68965530491447,0.61299008381342,0.432570712264073,1.2472715525205,0.660452055413848,0.661529305490858,0.490655007965776,1.98218274362599,0.880897197338655,0.318978015244133
2023-12-06,1.21927212973807,0.500143463147691,0.714265068879028,0.46593904165995,1.35501046406905,0.69203462125876,0.626688344581826,1.22448432543185,2.03247762274298,0.826079243408368,0.281228832830329
2023-12-07,1.75746584812628,0.910205093994272,0.965860421489978,0.39225483206517,0.973548411139998,0.776037167302331,0.553687237313638,0.323194965488791,1.26562372454212,0.874793020681831,0.345554178527715
2023-12-08,1.41321755595503,0.448959670854264,0.740649089533104,0.419079699368964,1.22240398169457,0.869551343306306,0.549924779442362,1.10140012266475,1.33051085202878,1.16906024355682,0.287005015537362
2023-12-09,1.45049872414747,0.973732220398169,0.360329056984188,0.433082895907326,1.2017701608943,0.832726565059883,0.629081522865301,0.747273245080673,2.74648865122397,1.28882461048599,0.408009819648095
2023-12-10,1.83508332100924,0.418215118477108,1.00753148369656,0.460018305272546,1.26299771358417,2.42303253827769,0.592862431260411,0.766285520667116,2.11824844369185,1.1290907882733,0.395769522222224
2023-12-11,2.24793822480906,1.04332427280628,0.967866757762351,0.340247236587871,1.3578068284329,0.481518124782328,0.526787818480391,0.709188351800722,1.33217176547121,1.60261303040819,0.341668802835655
2023-12-12,1.5749153641428,0.535459448985091,0.704781679124983,0.381273960246195,1.26346673225788,0.765104536741978,1.07268079241666,0.897214576182837,1.13471289936175,1.29102293288684,0.509272701876327
2023-12-13,1.66580756486397,0.389994857140108,0.754791928166655,0.46075281167331,1.06059325352584,0.577926930653849,0.999749139715324,0.614428093209306,1.52987137050425,1.34666021888032,1.55028759220571
2023-12-14,1.1887344078302,0.88598758890749,0.712166035194742,0.490665958236426,1.13667098112205,0.897426527797146,0.734085217247327,1.08050281508353,0.954503188829178,1.65351734138161,1.44567400463915
2023-12-15,1.75284603938525,1.03017571897597,0.756470452384112,0.394192223599302,1.06499410210893,0.950422242497968,0.135489342687878,1.15842527858489,1.00408137341921,1.48593931009736,0.822070182073189
2023-12-16,1.5622882292977,0.494253021011467,0.605348782800949,0.535048593709809,1.30754924406882,0.844317541950161,0.865863456061438,1.24891384202213,1.18065226910523,1.86058805498857,1.42674747286952
2023-12-17,1.0977754628651,0.984187791941179,0.644595803360239,0.501084534454341,1.38159403190674,1.14921455749985,0.763533808022882,1.2362579620971,0.925357000159119,1.86977767207227,1.46944717189533
2023-12-18,1.35196061300194,1.13472890637786,0.580097879123716,0.381792980142771,1.05850106992391,0.82310206129861,0.725942799525056,1.12675265631928,0.468020233614571,1.76236156089763,2.27138946167492
2023-12-19,1.32601705183702,0.958228059749035,0.552382117637758,0.500006572209905,1.19801243244208,0.82657622438596,0.462831974972189,1.17050427982814,0.694810171353595,1.81593016445333,2.29112927961446
2023-12-20,1.0928510276267,1.0320032406815,0.993545152605743,0.47050021558851,1.25925254926845,0.754213763835308,1.77591860653419,1.01771624366128,0.611973202575719,1.77600084219502,0.498024671012379
2023-12-21,0.876826837652216,1.02877798310062,0.666116931983605,0.582831820127153,1.27432767873906,1.11327546658113,1.61963473986735,0.300411031458522,0.586846098624843,1.99215692896962,2.37019533616801
2023-12-22,0.914455850212984,0.47995959418398,0.555321309328031,0.727966282209853,1.34957535094575,1.09705842021231,0.916159755072601,1.16371790552513,0.664104527369211,1.96406132685567,2.32317719542934
2023-12-23,0.903981945534659,1.28374237110494,0.549996178400836,0.650062639812522,1.41322904076679,0.912458827226589,1.54635008731769,1.13124964896489,0.813950216527378,1.81096099037508,2.27143481644624
2023-12-24,0.989841660555242,0.699294766335647,0.684712335586005,0.357714134480769,1.3966988764852,0.884961797675308,0.763744929828722,0.810325272760834,1.00417067553259,1.7642965305793,0.542607573547291
2023-12-25,2.15298167115297,0.788466160939109,0.585067972759334,0.213879939750454,1.31219156760943,0.912275321741947,1.02471137103922,1.26840790415655,1.59284977141576,1.96519094843388,0.65565255904102
2023-12-26,2.58000498820704,1.38032480974179,0.830596133187884,0.0318519702584572,1.54591063355153,1.28311341438728,0.632413424446955,1.03202276441772,1.35486809718935,1.22670475575934,0.546473302608533
2023-12-27,1.6683414850503,1.34663944641484,0.814610234222104,0.196016774496081,1.70356253402436,1.10244967078847,0.580791927292339,0.320731217643342,1.24269587124448,1.24542851534607,0.175171140746965
2023-12-28,2.43006153626302,0.332647442417134,0.735318105406157,0.427342025524153,1.24667513573009,1.12259840179527,0.315011921415368,1.19601867810962,1.25412966253369,1.1953534524826,0.347649296675791
2023-12-29,1.94849700376548,1.23436257592468,0.546878258488351,0.201716191542399,1.62863850542738,0.913279478083801,1.35765851162191,1.25178615299036,1.52010771683061,1.09862150583297,0.707728019919049
2023-12-30,2.21136508208249,1.17963768585139,0.687144610382891,0.232905935534653,1.25331780163726,1.39483618039308,0.676797084109591,0.894776827594745,1.28492846838165,2.2501611655195,0.228884824149409
2023-12-31,2.32379140669171,1.01571778125227,0.737525567316692,0.0665687269064072,1.55690516756915,0.883618695821409,0.582839767288089,1.1047574067295,1.50572629484123,0.895830944257458,1.60712728843353
2024-01-01,1.83420946548651,1.01096323771694,0.358809335410882,0.370983125675221,1.60725814425416,2.05943686010202,1.2573873407179,0.680338800679653,2.02750547320395,0.802963964527305,0.809764691619836
2024-01-02,2.23397684372626,0.793926440246251,0.510201568089915,0.433780699597675,1.58572271811805,2.20305758690868,1.24315527870774,1.20131555890394,0.687498273615025,1.05899320077575,0.813510398629707
2024-01-03,2.11008694433026,0.701265215519967,0.503904692187764,0.450419918665791,1.210543036445,1.80330115956818,1.20398192750934,1.84196958694963,1.82675785020889,0.500257700306552,0.334586430511994
2024-01-04,0.579032767973763,0.671501253639019,0.668910175457513,0.502745205116861,1.23936161528458,1.48819540305077,0.818045231398644,1.31253090262688,1.24097232690435,0.363758732241649,0.611775278505387
2024-01-05,2.10525836432507,0.863659904399511,0.629408773300859,0.488295914402315,1.35481346226652,1.78950605232603,0.76596781949907,1.69409829052005,1.73520234914115,0.698885488170308,0.49200844211521
2024-01-06,2.37168479295842,0.871148560967229,0.69125373180317,0.476206622492738,1.14882921552416,1.73513632089839,0.642679168443251,1.7806048374601,2.27989307481254,0.667439144157927,0.51512413803666
2024-01-07,1.34147886623144,0.975842457771069,0.590795856620987,0.545270668773768,1.25530212663719,2.93400607986986,1.39874862700715,1.07717159918375,1.70485269612516,0.384562723152139,1.41526904646708
2024-01-08,2.21325680361727,1.1639589611988,0.363495144374814,0.570789090632353,1.13400871121241,2.12788458693553,0.75412709022396,1.41916170991604,1.42483011207589,0.895918384290785,0.594764195948531
2024-01-09,1.23197016947279,1.10936008735612,0.35767652406508,0.563768521808969,1.061593025725,1.08876343277214,1.4584145236786,1.02656742631833,1.3239112815482,0.464558683644596,0.455435155445382
2024-01-10,0.822605173166114,0.77796398866649,0.769206443441645,0.527063733285717,0.844634628431652,1.42625459534564,0.732865257065988,1.0519840781831,1.46520293526389,0.639604951929768,0.305293662242022
2024-01-11,2.24563911650216,0.796329224571496,0.8051419482585,0.55440290383257,0.946789830072417,1.59483372732379,1.50215726186542,1.81537016091648,2.30854291239967,1.26734115046094,0.820656729185247
2024-01-12,1.6741611134662,0.253596300425355,0.238896370100167,1.85278676422715,1.62021656777308,1.66763943361704,0.809884143833241,0.548318957102055,1.24144803287166,0.510616699042754,0.910409300361803
2024-01-13,1.75880445156194,0.698011412486195,0.87910435160896,0.3940189172711,1.33355655133803,1.59007613440698,0.306272774992132,1.1630832003528,0.908065872944968,0.591115409879255,0.920498243981005
2024-01-14,1.11352637031372,0.454488429252734,0.777787766131658,0.522856787820911,1.10971578405088,0.865038838183741,1.10191220583412,3.05912519187833,0.984257154902093,0.787890761237999,0.824338800329463
2024-01-15,0.975164524117493,0.297053991792041,0.867962869218132,0.479835084747345,1.10750876513075,1.49058702856689,0.904282354547394,0.983527455919075,1.27916580401968,0.528562776647193,1.97795101894991
2024-01-16,0.969290451712924,0.633619019870168,1.32570129641587,0.521156770366195,0.827689659584643,1.50241072939091,1.63868969938155,1.1971370411785,2.05900811006679,2.33367086215992,1.59668728561858
2024-01-17,1.22636476301945,0.483459153345089,0.923133099705766,0.359133167354081,1.44127772657393,1.48417715741703,1.31692811356179,0.918470009407056,2.55510510052341,2.08490431559961,1.8767307824009
2024-01-18,1.38109536975529,0.555210705008176,1.25673066584041,0.301163372442414,1.2877478318769,1.48064967096407,1.80543925225622,2.3481754817325,1.2850059005538,1.81426320732582,1.72689287979302
2024-01-19,1.27802000499982,0.681151526983493,0.735331382477547,0.619732127176667,0.397644862061356,1.92034893435375,0.740506566052749,0.962252141771962,0.766986392112439,1.90270387162079,1.80543444184796
2024-01-20,1.27382420064173,0.400902479305541,1.44743573599454,0.525725798138619,0.433017795717347,1.54016292238476,0.674199476112996,2.44573234967158,1.19700007733812,1.74222602076927,1.80403058609797
2024-01-21,1.35887784220364,0.694072568480478,1.45428455003936,0.247554436113155,0.741843555840055,1.38091893625686,1.17277455504188,2.37216553887788,1.25255190111091,1.77542298291053,1.08175593988368
2024-01-22,1.06283034637935,0.684746742489213,1.29879620377615,0.315184632402925,1.05190799645577,1.87951637065433,1.50196658893416,2.17853132100817,1.35568046215614,0.582169715664122,1.43944140295698
2024-01-23,1.31197245173991,0.627213979908497,1.06653702172159,0.328983356312311,1.20426441558162,1.39155149450435,1.80878789381995,1.91289938129451,1.8937382526287,0.734103995945906,1.5366580495702
2024-01-24,0.894371496580113,0.593597645711438,0.933222847837188,0.316938208039039,0.922883473102832,1.38631134142924,1.66403653801386,0.99198967876783,2.03461381333105,1.15211856677612,1.28153666009587
2024-01-25,1.3337627338101,0.479792807349248,0.833193358637655,0.93484606225996,1.0132617082789,1.27964582353122,1.77705226644874,1.49535331180857,2.09889997998199,1.11492603402596,1.34055724624598
2024-01-26,1.61406329349935,0.379570707409962,1.5841562882357,0.952173798555635,1.09697581970711,0.78588993832927,1.648399301039,1.5903388711462,1.37710298826913,1.128691795804,1.17907737027771
2024-01-27,1.04111854869674,0.424573610841384,1.56768757559504,0.543251817697181,0.99063246225942,1.33942939453737,1.65578859571541,2.26669992343252,1.3302652739424,1.08011113523412,1.31591925872007
2024-01-28,0.785903869483671,0.436508707406549,0.544865897625549,1.0508602269531,1.23288153864572,1.27147754834484,0.574703029196315,2.98559956557356,1.41158184366865,1.52542705266975,1.49055567701538
2024-01-29,0.992568376578239,0.542348058973875,0.9200084726,0.382949140386777,1.24694504998905,1.29252427300211,0.69243720448188,1.21871988647657,1.56384635037363,0.761212709378737,2.16114811584255
2024-01-30,1.052819167332,0.498965490055979,0.987485607132593,0.945522371660688,0.901555848963215,1.11905352166932,0.516615278871019,1.3079475369421,1.65451644086007,0.618737408421774,1.49356099453066
2024-01-31,0.970987941017122,0.341564337791021,1.20395301558913,0.933783270817884,0.662177162019014,1.23287530204223,0.724441689322202,1.19606437012017,1.26645073025427,0.918766372012207,1.28960894967672
2024-02-01,0.840170232504812,0.516910571965685,0.613029565072687,0.856236282132158,1.19430398209586,1.30329017532151,0.604987297252942,1.13108874617473,1.19873834664518,1.43593846669579,1.18353433189565
2024-02-02,2.03631801606029,0.489887270903012,0.898751230713046,0.676899861320267,1.40804603375819,1.71027334421294,1.17096261520403,1.24131993642349,1.25767923377805,0.322964799471709,0.710253866207443
2024-02-03,2.80493968500401,0.648014222825246,0.792958333253877,0.683851346608636,1.09608546982977,1.6781251812794,1.18114842978433,1.20751093653374,1.32893022252729,0.30108305606234,0.526013948584378
2024-02-04,2.64239284783212,0.714046535388163,0.761155338624875,0.651581001387562,0.518643151983239,1.23222780398281,1.22970994241178,1.23639203406075,1.35995349084158,0.946046130428462,0.678771126904813
2024-02-05,2.02533277364122,0.736814224717748,0.824415984744578,0.596398893635976,0.6360946665912,1.31953988722556,1.33197175639339,1.17009995994618,0.959723080692526,0.362097622536592,1.14060405223253
2024-02-06,1.9858737101054,0.511430944765574,0.801838617021782,0.76512040735708,0.565043577616062,1.47670418534817,1.25706506478132,1.14897287590183,0.663807778184448,0.486368607508846,1.24849858099932
2024-02-07,2.66017077237621,0.648152982539381,0.753969881747707,1.17790356221589,0.407923811750557,1.29901963599278,0.54248171651158,1.29831344471784,1.04490283185166,0.334241163843991,0.50093683614446
2024-02-08,1.97647080705316,0.621621907518092,0.76148047761922,1.15784039070074,0.446282086876175,1.10545865080913,0.589707374260159,1.2349518427351,0.863082772252609,0.358087441356743,0.708753040847544
2024-02-09,2.16868878144929,0.597059837807023,0.828643930599066,0.745682731053214,0.489158437522738,1.31635400197995,0.568335633752978,0.395985366304817,0.516185718938534,0.689585869272506,1.32615393146352
2024-02-10,2.20656307163625,0.626793233247806,0.821098944386396,0.738477507612046,0.554307228579811,1.39135374630745,1.05882973135906,0.334473111534439,0.721882865301103,0.63266724659147,0.679458221740164
2024-02-11,2.12995393015198,0.338373778720897,0.825969692334357,0.642384571844711,0.462997465121956,1.31987986879055,1.0915279688502,0.62551719599649,0.664015603211746,0.314132932084419,1.26442762019413
2024-02-12,2.14562464071808,0.638608785222788,0.916391744626317,0.70939975007962,0.255624833529788,1.23097964761656,1.02552107645801,0.512181087186766,0.228923712004256,1.63220181944082,0.429783515663692
2024-02-13,1.97498411819405,0.58608259310642,0.742755035130013,0.72599933535094,0.595977808534395,1.18798664250753,1.05787758432605,0.429913221142529,0.631768056565133,0.788812672513539,1.45294667003352
2024-02-14,1.943903562912,0.390695506551108,0.629991919268153,1.89285265110861,0.332490840335008,1.20445030478671,1.14924442548849,0.703482668240449,0.437739577117414,0.794085261344159,0.603586973750772
2024-02-15,1.02898403234388,0.264066974816711,0.618549974953275,1.59847657449614,0.917609809038402,1.03623361643511,0.909912261793076,2.59253339302909,0.548709541220455,0.810186051099996,1.44935113613606
2024-02-16,1.53837454809742,0.393949002799391,0.996560125631628,1.59515019813511,0.903730536328727,0.83980595217381,0.835975689227745,2.80832073686976,0.500577472784498,0.680857852106038,1.15022693436335
2024-02-17,1.38183225564264,0.492974525283184,1.02561824275489,1.50292896300705,0.482771842741839,0.843289470962719,0.36877315816108,0.387966488505614,0.774254848744897,1.48625332361805,0.983387534098918
2024-02-18,1.42793052138635,0.389516510775944,1.02395212104261,1.55865342806917,0.786351090899522,0.74666061258797,1.24220522493187,2.98456027744493,0.473604245933753,1.54293860383898,1.03022352739701
2024-02-19,1.5952263481853,0.389863303478063,0.635352534765998,0.78695407068681,0.971399713576203,1.42846529898328,0.98324751521219,1.98594765534745,2.4773890426802,0.746036045714077,0.957361782417923
2024-02-20,0.921781606464261,0.526399858949967,0.928408166301599,0.800132964183954,0.879355726679423,0.866625891213282,0.679300335695456,2.06134012862332,0.775745872319102,0.40554200009858,0.851834654189776
2024-02-21,1.437908956392,0.515938682505775,0.592824611141152,1.51483743888721,0.860718613875599,0.836036148327872,1.06304819169165,1.96431734200213,0.77328342932606,1.24548372570912,0.819934849706961
2024-02-22,1.45651298213918,0.282633433030779,0.929864606220713,0.840042013876162,0.707680897378847,0.866987638056163,1.02173401761394,1.96473864849385,0.704930451148301,0.563336310500958,0.941543291649026
2024-02-23,1.01539328936284,0.465745356141244,0.940268791408381,1.2026262660371,0.936607666882886,0.782618046140984,1.45866672132852,1.99324243298597,0.855938362207845,0.28297828158072,0.813854110913708
2024-02-24,1.05581352187385,0.562106578085738,0.869346921804226,0.8198947374408,0.728854885236178,0.780850892133352,1.45791056560118,2.01042512360217,0.707341938665336,0.530597108102699,0.797951347801336
2024-02-25,1.15890442995049,0.582259918828955,1.16300464974955,1.53455557715844,0.678978179155934,0.882626408447272,0.936575019396819,0.372781749133047,0.434706381699224,1.22967582959922,1.1921924067868
2024-02-26,1.17619288975808,0.589358082475167,1.04314133431156,1.55270472882093,0.698613221129519,0.886956801235541,0.969181849126574,0.357093203829967,0.738836123699538,1.1960458092609,1.26748254789327
2024-02-27,1.14382508273653,0.564510329302613,1.11894825068032,0.818442651464803,0.679124991389834,0.88925412941293,0.940499944023531,0.364715158130245,1.05534194529653,1.21346022839287,0.529749750060315
2024-02-28,1.11499547071948,0.447453404063856,0.937342160360898,0.957378070329645,0.726628231182328,0.87131953194981,1.53702900867913,0.288108472344587,0.46015477822411,0.233604526114867,0.556380253464023
2024-02-29,1.15686269115287,0.735985890207076,1.00813395027253,0.857892491385162,0.773406970218253,0.995476970203843,1.66747092444115,0.379662370618844,0.666115922428689,1.21850254364692,0.641344735233713
2024-03-01,1.04077694866091,0.699444383580893,0.900937941785942,1.18201047901784,0.511729692759909,0.502632273672894,1.53654932462141,0.403304082491305,0.75496426913744,1.28520466219176,1.06244562555962
2024-03-02,0.961408753182105,0.542653238577886,1.3548242220755,1.05411381240216,0.514364059868549,0.687164125439995,1.31513652726911,0.355444460733086,0.61786253239738,1.08814438922551,0.387798781442474
2024-03-03,1.39454748558779,0.458905074550211,1.27373556582103,1.13500589543053,0.24247240778983,0.771034679576606,1.37565121747507,0.806159352782359,0.469083918310913,1.22176159670818,0.44587265609994
2024-03-04,1.37508042359665,0.767120557975225,1.16340464087054,0.810171800311308,0.280715197237634,0.78223186693789,1.27773513675572,2.63941931370185,0.379809227247093,1.24016887636759,0.924246841162386
2024-03-05,0.590699705184156,0.663362525434216,0.343015802296301,1.27990633269592,0.361553573477256,0.775797135158137,1.46065092979935,2.57351208139701,0.351189242041831,1.02975128554973,0.23989218466786
2024-03-06,0.667752071205931,0.779332706356446,0.822606265450142,1.23174966371633,0.430649099962365,0.895845573776702,0.896819173857989,0.671289691589778,0.367486976995813,1.17800241311653,0.86692531804288
2024-03-07,2.14780333976806,0.772061873367936,0.903654933170906,0.931922908524649,0.856472219158879,0.73463321969953,0.788273674761845,0.272083935475286,0.592011982744017,0.968784156255748,0.206538585520809
2024-03-08,1.48766738904229,0.745647748587676,0.881795714988422,0.819910792974276,0.858249207629036,0.689934571831011,0.72690837266505,2.32479790873037,0.57358139009061,0.858285106648297,0.767968250302433
2024-03-09,1.79743777027653,0.758087268761153,0.786112903196026,0.735976884519212,0.835640538907197,0.727034091479793,0.614107675855251,0.753264147609626,0.487334597878938,0.78326571679384,0.227521247568588
2024-03-10,1.70071240373403,0.951140164560121,1.05496808427177,1.42471355413156,0.854266900344777,1.20680116427104,0.717352825887583,0.90710207274756,0.588078191084644,0.782785798162401,1.83807739836052
2024-03-11,1.90126523608687,0.87471529117552,0.777441490220601,1.6747458530368,0.643336013108625,1.1841993485508,0.80093833757329,0.693810367431963,0.587477346316754,0.818237369591118,1.59532795719056
2024-03-12,2.13482324333589,0.747348810705816,0.510024684224652,1.1288835183372,0.321347660336467,1.03321562676998,0.829280118444278,0.678519333496673,0.671596936015972,0.238367820807351,0.855794509554135
2024-03-13,1.98201113497278,0.946826857662532,0.68001746280117,1.32437217697121,0.563378733236679,1.20420175284614,0.931476634515372,1.28713739082791,0.681005466832308,0.920071821667841,1.68334194340983
2024-03-14,2.01085730215339,1.30815300804743,0.563967224027756,0.990804291750873,0.484914427050378,1.37532873169911,0.40866305317535,1.30269572688561,0.6131048079772,0.173349941212368,1.93400971960436
2024-03-15,2.18983729792533,0.358302367613405,1.08993473518053,1.4602878633898,1.63744840710805,1.40863416081946,0.517720008025247,0.816306299782994,0.7231908549853,0.214506902519499,1.89307364027822
2024-03-16,2.13754140268373,0.544801062314438,0.826884201161325,1.5058017595538,0.938675226926689,1.35936972432634,0.364302776219785,0.869035807823285,0.611234293023961,1.10307676868703,1.35260650421287
2024-03-17,2.70324153369948,1.62032875359338,1.01932924004434,1.4116833792378,1.77534704545135,1.3823233748893,0.886387462404109,0.397817295315548,0.862021199019963,1.12700192061332,1.75501573503217
2024-03-18,2.53500749930668,1.35273229117577,0.826454825149105,1.69681967566264,1.31116029557955,1.53599531718085,0.792745847246878,1.06324249327535,0.927720350465502,0.556286861727478,0.990158619562043
2024-03-19,2.75557999027691,0.95383016645968,0.716049620692619,0.778802469974559,1.27851171014953,1.60163048190827,0.725292726623905,0.830265206838133,0.699506450923286,0.665832227852832,1.34131720275879
2024-03-20,1.12597377557724,1.18113455409696,0.429558660535444,1.7147747129828,1.28317160204261,1.4317280268429,0.721730621253576,0.950073407644779,0.420324112633828,0.675214808650883,1.24072000434045
2024-03-21,1.34734462950761,1.34091225452857,1.03830649878026,1.71438203654603,1.34792920423265,1.47621133435737,2.35824891301168,0.389486683822526,0.768303859924396,0.931195296560823,1.24197337720719
2024-03-22,1.34854634135099,1.30054460733067,0.602664569678781,1.38460779450544,1.32490259872735,1.50756164141862,1.84925355366559,0.781152271957293,0.800302624298913,0.929246067952513,2.00713174766766
2024-03-23,2.8476802920648,0.827696154621225,1.00101123739115,1.42766840014236,2.08107353975156,1.51164662917614,1.88986359785569,0.385540724962217,0.782435010695951,0.841043595590836,1.17240864781883
2024-03-24,3.10352142791855,0.810225782706092,1.01753123279129,1.91805687806941,2.13348454882958,1.45343278571072,1.81424251250918,0.33717191789898,0.843061469581298,0.926490342107011,1.11121092965358
2024-03-25,2.92294839303587,1.24543028166689,0.995862583401366,1.22823408297499,2.03280844669619,1.4834818847884,1.90364085569922,0.719462912942765,0.802627486121075,0.999441555000269,0.748198425943258
2024-03-26,2.86995741030205,1.43559672944349,1.01736039997682,1.09279413001862,0.72476608752687,1.78350495544757,2.46432491161873,0.68410129534385,0.584910752025531,1.08599290905883,1.22362931195241
2024-03-27,1.06767002963384,0.734779141851443,1.06036423488492,1.04506770852324,0.699692254471042,1.83217502984096,2.03424967168016,0.54084477360023,0.504559173799055,0.548626200179949,1.85524170141101
2024-03-28,1.48672555024104,0.865397521627429,1.1417350394713,0.974762079759075,0.368329784198547,1.67032464346728,1.21293696922464,0.679613216354635,0.816242106762844,0.639231670586339,0.246983953040911
2024-03-29,0.680774213546794,0.855478235168447,1.49668436944552,1.04849815748191,0.638870045780771,1.67574179044333,1.21502313385988,0.714252262111504,0.894797720647868,0.871630485468532,0.535538678588495
2024-03-30,0.766517945754839,0.899545139617623,1.49941686752927,1.14297703706584,0.182226975920756,1.66511665077851,1.21133744055495,0.929852283097249,0.827838216861239,1.02307953457573,0.351877080803261
2024-03-31,0.744984037179069,0.891696392098331,1.08977466773049,1.16252730011359,0.184557955334448,1.52147732842879,1.24288001297087,0.72009019461588,0.69845747190657,1.04464947011313,0.485182230958628
2024-04-01,0.921589879618125,0.907726178539459,1.02945396100534,1.2213503115454,0.269244421033048,1.66593913232455,1.25201635640672,0.658717368988774,0.679167928102467,0.805780028781294,0.877565868929916
2024-04-02,1.1309095166121,1.30597094847093,1.01707562541102,1.22691852674351,0.803257573950062,1.53997613314988,1.11987547895833,0.767911382022411,0.680716185823379,0.723550151880204,0.773865076631259
2024-04-03,0.800088006319918,1.47889807753205,1.06335458257411,1.49007175428369,0.799407691924457,0.918961930458186,1.08032069815775,0.80143466237049,0.770069877580517,0.677938567687996,1.3723292892933
2024-04-04,0.693821764178605,1.76651955302635,1.05173383703563,1.37351102777588,0.647376065112216,1.46466890781251,1.01894727876723,0.754937364251332,0.706540866623581,0.751506751727701,1.3158662079415
2024-04-05,1.00845429580425,1.21748818881552,0.787555406687218,1.34912587054065,0.793242482415805,1.30231754806503,1.26544902489382,0.511385153123068,0.736215399991552,0.686401601122567,1.25436983718987
2024-04-06,1.04048325571744,1.72603232082877,1.20414009407838,1.34193755708302,0.645395516359601,1.49650065270205,1.04887048579679,0,0.864441477067951,0.772913036089492,1.26897340044576
2024-04-07,1.68281394980613,1.71359959171228,1.06102430113103,0.549276458568554,0.336289650666465,1.56162569082562,1.06667322593961,0.459259773598314,0.818712238540683,0.711682734991351,1.75195633926804
2024-04-08,1.21816620721792,0.333507191196573,1.07378526186635,1.42081447220414,1.06723861889329,1.69335560332951,1.19195598196268,1.13663133552473,0.903967868593263,0.839559358197443,1.46669098612739
2024-04-09,1.25860566989653,0.940480495559335,1.12769724998501,1.41897163910844,0.5065624690308,2.12558735353567,0.935976979965889,1.11688446308335,0.956411372032075,0.829447071685392,1.17279400707188
2024-04-10,1.28326270339979,0.902190792765088,1.07009627635847,1.58872296209542,0.554712608799473,1.46706145958031,1.33779019404781,0.245831137579369,0.867607739003978,0.616775182544789,1.19389239931364
2024-04-11,0.729966426219742,1.97276963303992,1.11975313105325,1.56089573270873,0.583583333201075,1.40701150859884,0.83339394783411,0.258754002284567,0.702043402121988,0.986149762526733,1.2040557325592
2024-04-12,1.06359396516186,0.550288359591375,1.13113789125612,1.83937013989132,1.20981015180465,1.39009563925947,0.992842668821208,0.607153039045563,0.723961111597633,0.594030701349598,1.19973955478516
2024-04-13,1.33718517253894,0.624928475939012,0.963206066882216,0.285808292980262,2.24889041675361,1.75429981332094,0.771436690623973,0.829376968929659,0.87805897765294,0.993860582688427,1.77324115128906
2024-04-14,1.42766070275953,0.630381316443248,0.668840881600082,0.750918084716034,0.356648115248814,1.14677728408118,0.84745039493142,0.829649777681769,0.596129320301753,2.30582886424818,1.78897139819656
2024-04-15,1.28456860849736,0.624505473486064,0.912894486130105,2.10945092630113,0.412926103857517,0.719773322240407,1.38463705947873,0.968760608385182,0.821886436230553,1.49977289186108,0.462956950496273
2024-04-16,1.45315708091649,0.584593943580246,1.43566613143871,0.609553886254678,0.430381739230265,1.9573715890297,1.39607315348549,0.876627462865308,0.579649751945,1.70726987099852,0.818688434101988
2024-04-17,1.5072767005267,0.543996211167956,1.54572904773518,0.81403558877925,0.437904101097866,2.46802687526185,0.962390699690854,1.00114446021458,0.457107046482085,1.63281777744179,0.388631846500319
2024-04-18,1.16618455073317,0.569324195786523,1.44191835423107,0.756367092787352,0.684007589181259,2.62560959845071,0.95906271688202,0.479409329440185,0.728756950512127,1.60675749571854,0.441631382515634
2024-04-19,1.53940884336467,0.661553176028793,1.43057826264598,0.692369118664938,0.623467555414629,2.59986434800605,0.979634350538384,1.06921781036507,0.598120800805843,1.65985494370511,0.542079517612994
2024-04-20,1.17255052386922,0.586092126045347,1.36901698026913,0.670946447879059,0.498532294280934,2.83442457990869,1.01084203705576,1.1622207643193,0.655390946894001,1.65688914754466,0.499718393301629
2024-04-21,1.15956831835967,0.777412155052093,2.02701556162277,0.683129042019506,1.0341271115527,2.46701927766427,0.956348824745773,1.08925607772771,0.639479145641569,2.04755119799062,1.2418742083065
2024-04-22,1.20654425650178,0.740186073649043,1.4936211692831,0.680777274349142,0.734033666411941,0.703621313136706,1.36173145268879,1.12951440592289,0.58037298287708,0.97738640461523,1.80608512397662
2024-04-23,1.11993594369899,1.23350199021037,2.7346948335608,0.504089424764298,0.404098743750611,2.29272632891236,1.13550715661229,0.675380927456694,0.952566335642056,0.865086240161373,1.65919652442611
2024-04-24,1.10196260595288,0.73663201997209,1.89526971481511,0.421013625326805,0.721656713220796,2.30556838672808,1.08955497067858,1.04888325364466,0.689059461438805,1.60568313117565,1.71896193502032
2024-04-25,1.21871007239035,1.03229515349725,1.78589005749361,0.559642753222919,3.1453147282693,0.592129644555597,0.513490812479845,1.14615691134232,0.72766207273963,1.08186335228541,1.42681496480622
2024-04-26,1.19655370353695,1.05561777189395,1.6170266987602,0.681216350609132,7.91526031375136,0.812971123219469,0.552603617428974,1.10243988323992,0.69270842119102,1.5960375430719,0.884766929571677
2024-04-27,1.23410244388291,0.993986680400072,1.61389619772641,0.66619654032914,1.06142601149093,0.807113171953941,0.56798263927833,1.05133165562788,0.666285452840321,1.783733733965,0.759761913839162
2024-04-28,1.31300903189668,1.13483175699912,1.78579952685307,0.559127599761266,0.420227651900382,0.861018768361396,0.59680335250862,1.0923409395238,0.703746140376664,1.06474807714346,1.67621752118552
2024-04-29,1.20081157376331,1.05515537328349,2.04066013754168,0.642233260703534,0.894283634951482,0.798000715274537,0.868078166701732,1.09180192734658,0.667179023607464,1.09344374674288,1.61361669078657
2024-04-30,1.7574322291785,1.01231395665173,1.73544843550991,0.602908952637504,0.987359046760713,0.809355407274623,0.803899854077011,0.304592371542635,0.6772853407132,0,0.672854010308511
2024-05-01,1.34002934792456,1.12425693576856,2.0240695774248,0.421906718406628,0.562708032477319,0.861087986684582,0.584116457929468,0.984923539323368,0.765925062929411,0,0.551997525643285
2024-05-02,1.01964460800943,1.03075999451021,2.08327011605339,0.473737536098065,1.14682727451518,0.983173626399829,0.359316187156469,0.930141044398112,1.15691603685963,1.16215157758959,0.327834329497172
2024-05-03,1.23084984736129,0.759076057730505,1.77176823770196,0.651317416084328,0.840513335220555,1.05015475597756,0.387633766871466,0.766826293368514,0.455806897827512,1.14440547522281,1.34838775894635
2024-05-04,1.22527738165503,0.795065580458461,1.763480301858,0.6624370321292,0.944789311126027,1.0291951724081,0.405998006758875,0.717763012706829,0.439620203750999,1.16594336788037,1.6136952945352
2024-05-05,1.24609743643902,0.78106789894873,0.830159327545125,0.653855576807358,1.08773262898104,0.958111920274524,0.382083131945987,0.732668047591039,0.46579314349097,1.25305272290502,0.95696918769512
2024-05-06,1.13962866838691,0.759836522011208,0.903621654308981,0.884422560731681,1.20434807479707,0.865750580316857,0.290376021700251,0.777444904566656,0.791917181894694,1.18973842237765,1.00716480531725
2024-05-07,0.884417567316331,0.690051252716114,0.853292073315009,0.862129997850249,0.892763435310708,0.99406764679828,0.452789867828868,0.801737343844201,0.539540473464959,1.18139771680469,1.03111087570554
2024-05-08,1.26579161721865,0.680363487206331,1.06522123650966,0.950419977607084,0.849157594006437,0.993411839292805,0.281547603692416,0.858707817675688,0.565843070104804,1.1722533875206,0.568008875197016
2024-05-09,1.23480534403008,0.674213726033457,1.02442245857378,0.914292009857621,1.03592745973688,2.40054871212498,0.75704614662656,0.494796223344609,0.599320733468691,1.25325888859193,1.3445420536007
2024-05-10,1.26412573186215,0.712562174067557,1.01434513410363,0.908097047629462,1.0978567090744,2.43508748997327,1.44052957068845,0.0647934564480428,0.548554179753974,1.37238988348383,1.28497313017975
2024-05-11,1.20766981352559,0.709950091293433,0.965195724861847,0.89791847785881,0.820130014763059,1.19436888290325,0.687914737036984,0.0423652352774573,0.21571117317801,1.24392953279146,0.987768464207938
2024-05-12,1.07033527317787,0.771182729998425,0.903775522502808,0.954756280960049,0.862298632495104,2.49106348532161,1.23764795905446,0.925366564011291,0.275947889639287,1.16276141179918,0.908057185444805
2024-05-13,1.79174600011423,0.639002986209201,0.899725858266607,1.07080974720332,1.00610373044812,2.36231349050916,1.18182274179409,0.86984697668135,1.28604042386711,1.34444941015192,0.442141091184304
2024-05-14,1.91611857404262,0.783808311869384,0.560535833444671,0.833466789079422,1.00636187260438,0.539608953453361,1.5490038769982,0.830865888851321,1.15000105169608,1.32407589768724,1.03229581269583
2024-05-15,1.78510633725325,1.01309581668257,0.557127006794692,0.748506801131497,0.997630150738978,0.50386540746513,1.46549920532037,0.732659819774683,1.22010777920686,1.18667958789284,1.11700385412818
2024-05-16,1.74443080143514,0.84509625062273,0.859116709871581,0.758185272231633,1.06995637095429,0.995695674893367,0.987372489102805,0.386296328159837,0.360302432780081,0.858870117922957,0.961379908425614
2024-05-17,1.87098240289542,0.836114138676285,1.39054402730352,0.883263575402994,0.811535135560272,0.669336955301352,1.29041440354491,0.604606325943914,0.903485926948769,1.51076506725989,0.528971512348551
2024-05-18,1.77880778334457,0.885945041654619,1.4594892938926,0.938889523431874,0.626809761758002,0.528112170695354,1.10158364754536,0.313043825886914,0.443596055011551,1.50642643506077,0.373154949289821
2024-05-19,1.76864189664139,0.774110624846248,1.35117584891287,0.522488199735361,0.712942989988957,1.8987163456705,1.3054034550591,0.624736333590827,0.340944929474148,0.970636639433277,0.321656691693123
2024-05-20,1.98849523029201,1.49733134144369,1.19909550811507,0.418260089362023,0.714108453415864,1.04592101324998,0.769655023539041,0.383869661652187,0.264689289418988,1.26163304305051,0.267041274159301
2024-05-21,2.03427378856728,0.661507515679405,0.827758019646697,0.598846560029537,0.670461094420841,1.22430857312829,0.817624729744166,0.369772288641309,0.392614007853994,1.69610685058289,0.401864800116245
2024-05-22,2.17281569514044,1.35489040876887,1.37947495426748,0.636054683599418,0.664585666159202,0.7342592412297,0.729217252970356,0.822878053745977,1.05886858061799,1.70715957397452,0.21328855415106
2024-05-23,1.87061642630515,0.784224720633248,1.40972839775837,0.348962498497203,0.145869209451546,0.668599027783993,0.664416934835815,0.557340252599458,0.33809691595943,1.61223340482032,0.265314525260906
2024-05-24,1.99715613080678,0.887182316591592,1.46354242436268,0.261827066419012,0.437180398810996,0.668260135271785,0.663260956383692,0.62992583808345,0.307267754318139,1.71884661975552,0.325087274905347
2024-05-25,1.75588791177965,0.89416600361175,1.81647208443028,0.108144981902083,0.378762653155694,0.640442123508466,1.12452687688507,0.535603771991113,0.303271668576226,1.66167680739059,0.249956147905279
2024-05-26,0.794107839519775,0.860469813362846,1.85865350107173,0.336202537540911,0.384966525736594,0.713422482935946,1.11347190708012,0.521579082925987,0.267252136069483,1.65948503490731,0.268258460684709
2024-05-27,1.22568789797638,0.812653770005124,1.90039400819444,0.377416237444607,0.494646300333096,0.688963047567761,0.738865909395418,0.594871581554717,0.627362703112572,1.59754632925651,0.537044194179016
2024-05-28,1.74321805328173,0.755784567615048,1.87570803011532,0.534068716057112,0.459151181530265,0.618514212145191,1.01795854256817,0.577310400375586,0.764796155034034,1.37882927269188,0.253182648490038
2024-05-29,1.80883345869237,0.257368744192246,1.84869399152879,0.963125260331925,0.502503725102939,1.0363759491487,2.07105260855161,0.602393669085631,1.54174503077189,1.0579441545079,0.358532380980073
2024-05-30,0.816864721751054,0.965667732209611,0.823014074562352,1.1613098213094,0.751975127613325,1.32149687469939,0.502671431185001,0.528191695583477,1.43369771880745,1.40408952127043,0.358121444588806
2024-05-31,1.34825545000095,0.971647795342538,1.03324720280863,0.636730989419935,0.798822223669581,1.37246979066716,0.546965098572183,0.544688786240572,1.45957895893908,1.33534363344431,0.366127758129408
2024-06-01,1.59219513458352,0.138860914327126,1.05709304012436,0.645923630631287,0.814816526527838,1.41957036819221,0.906816326091718,0.561695478050878,1.49036381553595,1.28384584696863,0.376524162969945
2024-06-02,1.61303899372799,0.878457226249707,1.24627242362884,0.9654885000503,0.452058817285436,1.40601368047246,0.669012467105353,0.534114588867556,1.09760215127761,1.32184211276409,0.359374050872198
2024-06-03,0.878483001867549,0.900480266059528,1.23639455850898,0.584395901503692,0.503324152582635,1.36391084776838,0.911472261072577,0.335637327059538,0.799943327153317,1.71033435251421,0.380661411136836
2024-06-04,1.54947069873616,0.754758349966512,1.21993467309931,2.34804787128257,0.500654363077848,1.89685360966758,0.940340359468148,0.531473985857915,1.37624187944247,1.3250227423032,0.483825168517213
2024-06-05,2.03769883466617,0.832264878383931,1.19638068582698,1.49677874619202,0.412905890270485,2.06329961579035,0.987039715227982,0.940122235184365,1.40528120765718,1.69464045915583,0.337188553957479
2024-06-06,1.76697163064786,0.69166306945324,0.931313600107263,0.656620157888613,0.658365351867036,2.15447534857418,1.19858436827516,0.688027530199078,0.352346731795878,0.964093245297662,0.418822135863211
2024-06-07,1.80868937058691,0.6563375957577,0.321012499715234,0.136778068487383,0.516730459040903,2.20086969966066,1.21591471770772,1.15336608206527,0.629158920897646,1.6607660407505,2.62583060329559
2024-06-08,1.72089319914699,1.02186917473474,0.391139098766769,1.46494820252421,0.657956736686695,2.12193254262252,1.19666710661455,0.983858795180399,0.732830949601421,1.47210890279857,0.231747706219951
2024-06-09,1.74781402813236,0.918728468805977,0.420505311362737,1.22850883222867,0.593504894681036,1.92257637472446,0.851448745752956,0.973885558293079,0.641630883964883,1.43961130736075,0.867590236241456
2024-06-10,1.89580712987587,1.293912878296,0.266369636579752,0.335452174955284,0.916497394100037,1.69914110454586,1.22331492327567,0.687912421356563,1.10905683857064,1.21776657693019,0.462683969189653
2024-06-11,1.88415170567634,1.29531385488567,0.353142824689929,1.2266229097047,0.878393066551869,1.71666072458414,1.13747139608311,0.740092090680304,1.11645802026285,1.76321081018844,0.454816298809639
2024-06-12,1.84789794411871,0.735770130899223,1.77561677159965,0.27539886105868,0.760701453136042,1.80035002209951,0.850230583434934,0.881316037605794,0.556035430700115,1.80427445981068,0.540673503702021
2024-06-13,1.17493365576651,0.823307456283892,0.718535957302361,0.508638176379184,0.699339039065451,2.3671916958338,1.15241404235477,0.971628652145156,0.665040330769774,1.76515380199177,1.03370671816947
2024-06-14,1.35699000665941,0.886863584800945,1.24378602824706,0.938639633132207,0.719885570994889,2.25457559227619,0.993425049821215,0.712052575372053,0.785153279410558,1.53698216438457,1.04285963302615
2024-06-15,1.64613911144009,0.867169510265585,1.11774847186903,0.274720331440927,0.55410900067244,1.87611886803797,1.17562971940971,0.579455139315363,0.874317782599402,1.48710596658016,1.06097090603405
2024-06-16,0.907924602830412,0.534482392039102,1.24724193867687,0.902810713456595,1.10174266557563,1.84573161235686,0.805418316814048,0.566721710355761,0.735905599079226,1.52813638887497,0.423163253721694
2024-06-17,0.732481141231566,0.355035297029478,0.712607689636045,1.09796295108793,0.510989279454995,1.95656369660363,0.95969799006786,0.540837713273348,0.52601667578342,1.47734100854084,0.487063217160485
2024-06-18,1.07965105255266,1.36425836499229,0.691132119730049,1.05123429780629,0.978698331754146,1.70519353563228,0.864983727855377,0.498866735990517,0.633882821168538,1.49004242182265,0.515718152044778
2024-06-19,1.42945480619184,1.67809355473868,1.1265533827086,0.702156406677809,1.33898166087443,3.75594268653894,1.30639478414822,0.562274617459565,0.647318556272326,1.47210260994627,0.561064013585502
2024-06-20,1.20800348657258,1.69192843624815,0.6176788651243,0.663205298153714,0.924745904622088,3.70085140787772,0.837681365918738,0.448078969458493,2.63973308550306,1.42735486155343,0.578404361859919
2024-06-21,1.95919754913741,1.43056625073646,1.18082763488515,0.29521134055521,0.941782578304062,3.63159552825911,0.86825212955527,0.639935596599443,3.41667876144829,1.40003599842732,0.689606225032878
2024-06-22,1.90837580358397,1.33012883445731,0.817264161196991,0.450778016118175,0.623351515307617,2.0337086007518,0.976932464526465,0.668292838740924,3.35692990682682,1.2478964269099,0.586408478211854
2024-06-23,0.738854094500786,0.609956247609792,0.571372931144178,1.18466331534362,0.683766480240767,2.20430193176972,0.902683346675646,0.835090015817133,2.95345689268433,1.30511698188946,0.50119041355068
2024-06-24,1.0166479542166,0.252029272906317,1.28654520250616,0.423534568855079,0.71205887469246,2.71555043405368,0.702934421860793,0.314559320805396,1.65351711684508,1.25490882863612,0.412403264537712
2024-06-25,0.854651630075641,0.718578031574474,2.52144406495036,1.10418346273033,0.555528789937632,2.69575828834378,0.802278001096297,0.71228360529353,2.22811537307185,1.29445348881344,0.437903938366787
2024-06-26,0.834956210223446,0.778748052925216,2.03314969782265,0.845999320147067,0.631904900684976,2.12510368335529,1.20643301090148,0.522395733791644,1.17201954647233,1.21401275536298,0.5792356439451
2024-06-27,0.858498672675136,0.74394083189161,3.03237947705289,0.786085630652577,0.721891898890145,0.77698636300997,0.924131751465072,0.493973995088075,2.26134660985575,0.963367711069948,0.402167745583157
2024-06-28,0.903545372996651,0.773843650073178,2.93858730967847,0.63883855657235,0.782702783852242,2.09949088284088,1.19810990429531,0.629925620746627,2.28412434909701,1.01796283501796,0.623371169592189
2024-06-29,0.923649409862395,0.816108303517179,3.04525192208306,0.751209273870312,0.806235528758715,1.00238649213204,1.27068876902112,0.533014071384886,1.13383583364153,1.04152661456425,0.668084704300239
2024-06-30,0.991922098171754,0.795308119322912,3.02731454571593,0.772542326457628,0.693101828417119,1.18383528817806,0.970661840403372,0.388623505527502,2.25476942150256,1.02964690612447,0.747711191921957
2024-07-01,1.01284936497668,0.611766645485018,3.62349195255989,0.409913275153639,1.18759439379138,1.09079762618396,1.09052885182019,0.706251801168131,1.22867208031924,1.02789518620701,0.736709543612676
2024-07-02,0.796352988624639,0.666575064221563,0.678650818153507,0.355252953745093,0.98382673937406,1.24228016952704,1.40699056301783,0.73017778920035,1.33223283353803,1.03264966131641,0.658660326229304
2024-07-03,0.832537318397971,0.707337546613781,1.84691667228968,0.703040550991183,0.810393133509773,1.18348707792508,1.34976761239786,0.798831827690497,1.22278217689695,0.718398783659363,0.748638958380379
2024-07-04,1.16839723561362,0.839249229849295,0.653411315976351,0.710174724029681,1.42597194006168,0.93910871864335,2.78122872443503,0.774482245243279,1.22350893051149,0.668860171937186,0.600658010101598
2024-07-05,0.939208927007282,0.926006262154365,1.45582549885341,0.732719250925827,1.56923996147062,1.29300803470451,1.42076804359696,0.883511770208471,1.90239529376173,0.763894433252986,0.708175499685104
2024-07-06,0.927925784458245,0.729202887375327,1.34792592316873,0.615123837501789,0.687580970158285,0.977156492951071,1.10725808505052,1.33518511164378,1.32123638703972,0.826113446353163,1.24311906927458
2024-07-07,1.16505129135789,1.38878530531815,1.3259387508652,0.747766968491206,1.80200568192106,0.361499834471452,1.36894295566122,0.636421292631823,1.21278112652975,1.2802499703592,1.26744294071987
2024-07-08,1.48359018655642,0.712338757461701,1.13935646443545,1.00849236325049,1.8071955112105,0.941145253910791,1.22449868702101,0.744436357150973,1.72414329920928,1.24451736084601,1.02771103189804
2024-07-09,1.02659043768268,0.672740613009555,1.90662722231359,0.640415201566106,1.5944842646156,1.02965772156484,1.25461983943312,0.707352524196008,1.90011776223523,1.47173784785895,1.74991066372279
2024-07-10,0.493111329371062,0.636283647120529,1.27056162142027,1.6288285183435,0.7604853717798,2.79101665905471,1.16602487669512,0.749772969014456,1.79312118177612,1.39179750353639,1.87300768068362
2024-07-11,0.233441924859995,0.489037698729937,0.990606194613458,2.18627455622303,0.932483456569035,2.49070344871552,1.26203897644591,0.779382957458318,1.23870190723426,2.90414121924316,1.63168298769584
2024-07-12,0.260475143623765,0.594498085255847,0.749795146206951,0.100542907542783,1.01971017748683,1.0528209094682,1.15127278028569,0.683645276334956,1.15557107276829,2.76009040807513,0.723154030253491
2024-07-13,1.45539294113002,0.56866186665915,0.704788164603777,0.9037309522786,1.15205164281454,1.86912573636381,1.09294562017405,1.39198360782602,1.15059039867147,0.760176917304825,1.25940339357431
2024-07-14,1.52792956214195,0.76723533428968,1.16272486709293,1.36872302631267,0.961085014626621,2.96042814503527,0.972352620269594,1.49344417927528,0.852925577181054,0.928435436167379,1.18256688731582
2024-07-15,0.847757054734859,0.619368523394354,0.725162687063646,1.52843296764566,0.906754927106654,1.43078292082617,1.05362024570917,0.749941105739589,0.791034789046548,0.89120244227626,1.12399332837004
2024-07-16,2.29237954148486,1.29949822133542,0.602637323335682,1.02860355548586,0.552563354439606,1.98408236384788,1.10767936286478,0.406835445465241,0.737776122970557,1.10469752023896,0.748050477835687
2024-07-17,2.25135866727329,2.26030591302459,0.635789498230375,1.61237118204536,0.466492826776567,1.18788542599092,0.933606851580171,1.06250646340061,0.745523836724919,0.865463788817229,0.79617518878755
2024-07-18,2.24024418748975,1.09826286785132,0.236315752626194,1.83864052945263,1.28702087661829,1.36368215153995,1.06040610940313,1.33209146371896,0.783787572477291,1.30265951228088,1.05900691894506
2024-07-19,2.00522790490747,0.538515181864173,0.530753501206023,1.85440117420801,1.26870121786795,1.57212699911712,0.499570918684572,1.24425500610935,0.981323344469565,1.90749411937195,0.465398907922207
2024-07-20,2.14862939213408,0.563255719893144,0.560926814396998,1.83031556899758,1.02801308206003,1.61663011924981,0.994835612239558,1.21257746630969,0.8852733562281,0.900346870252929,0.467483150543975
2024-07-21,1.7765214241303,0.503383555610059,0.452598759738227,2.01317650026007,1.29868335182873,1.67510710895615,1.34521893625843,1.14418739353761,0.967614503676011,1.22777770517371,0.460704978431842
2024-07-22,1.79826994068261,2.56244004787379,1.31694326486417,1.77187058245967,1.41029047949445,1.61761908603754,1.17523849492364,1.19004381303246,2.07831892869404,1.11286473309893,0.437546302957398
2024-07-23,1.85920628483922,0.669123483022627,1.48075969188135,1.85359555947327,0.962858765724555,2.11591004113902,1.4200684456572,1.23036039942858,0.642362486321926,1.49551610911179,0.291342798549484
2024-07-24,1.9742454691632,2.50421677706668,1.08225892255246,1.59463468850851,0.72759093184484,2.1578178489055,0.841517152996819,0.839335530928722,0.723682789361828,1.02945600170643,0.488967784587867
2024-07-25,0.948375917968815,0.94820725517587,1.59016376610482,0.362075597088371,0.99414881017425,1.65048381101406,0.811952714877904,1.13064396576137,0.715705979954385,0.436007491132949,0.298878178810748
2024-07-26,0.697367843916462,0.322069572989869,1.33768113737636,0.265589342837805,1.24429239177154,1.71175627759975,0.864526615217198,0.188792843027957,1.08964816695347,0.522895138945449,0.661647544320128
2024-07-27,0.713158490735633,0.261171214110888,1.36219396477677,0.283827467788365,1.26865996201562,1.95442168115739,0.873987425606383,0.203649991868007,0.5579021512681,1.00649441820883,0.714379793246719
2024-07-28,1.24117147614169,0.992105106938036,1.15351308645891,0.326263727626829,1.3231240480756,1.88969846543719,0.935757956623934,0.284061502872001,1.42290233192168,1.41534576090009,0.578333738713103
2024-07-29,0.870537477269245,0.899573715755107,1.17472270892665,0.277178699743131,1.4033626056335,1.66469775540063,0.905792778275836,0.36309390874853,1.28362242329871,1.5095639949967,0.416653078704966
2024-07-30,0.71482925236144,0.768644460340008,1.69220655032559,0.404563212291806,1.34709558995667,1.45950556787834,0.855127571642763,0.196596495468869,1.1869696732589,1.31023824968576,0.665099509475291
2024-07-31,1.45871727899126,1.74246892641366,0.968648035364989,0.396830159824454,0.416372872123495,1.50952590876142,0.896567720363489,0.272461243502391,0.496848109990373,1.49212907320011,1.70651149850664
2024-08-01,0.70966305592345,2.00736549711199,0.797302707872186,0.359021368094179,1.16605241350334,1.91664560172994,0.897873560255225,0.598214781364316,0.398660984086543,1.68351133296463,0.731822260213447
2024-08-02,0.90972322673921,0.628048217942575,1.08819050433254,0.67721611125005,1.33818282184002,1.70287003938748,0.689948671329838,0.318534332223207,0.238191344311754,1.6522828445293,1.47071607570777
2024-08-03,0.956775092232607,0.645381323957313,1.54598572573211,0.685831050079333,0.968131503739862,1.01625702975432,0.714857703795814,0.290615130521223,0.742825484683223,0.408145891518376,1.89037680778015
2024-08-04,1.0112421308989,0.49483345433107,1.38029135003111,0.836912889681962,1.21734510198372,1.04013061577789,1.2255728826284,0.213015869083047,0.462533996936178,0.464937095138745,0.683618798856485
2024-08-05,1.12835896631025,0.912416490420402,1.0829943633388,0.855854179765867,1.03495891946429,2.16261620769485,0.555293380943687,0.703533232832736,0.513355448329417,1.57153577094224,0.740643088424653
2024-08-06,2.89582328646877,0.820358894425636,0.977805385166651,0.770037925390484,0.936908630035426,1.74258735078338,0.591401968292648,1.24959486975082,1.38690867024252,1.36185001521922,0.787316339244266
2024-08-07,1.02650326903348,1.15749378772126,1.2837086471457,1.16249742120421,1.07903637945867,1.53814638779099,0.58756946369044,0.706472329455334,0.294329337060933,1.51051866731835,0.760537504455024
2024-08-08,1.05552881865881,0.671977374018716,1.03300974620192,1.24903679202018,0.483980736086401,2.55959802752031,0.64289699738034,0.547145484474065,0.334183515003407,1.44490622296884,0.669152952638526
2024-08-09,1.67524950256863,0.505510141804725,1.07586156415446,0.807597747937011,0.314308487874654,2.04524958029901,0.811237450160156,0.273163113552236,0.939210303806658,1.6147603991973,0.636380542546989
2024-08-10,1.77647759084103,0.460106501671345,1.05636424529103,1.26371309893027,0.282111484139693,1.96530161767902,0.645808282710847,0.300498835008774,1.87797322985333,1.60952335465008,0.433520170338095
2024-08-11,0.510244756305021,0.693001969277555,1.28427589118908,1.19408307762112,0.298003406493496,0.79554000268776,0.92762719305636,0.275733678672219,1.61521552296395,0.589819349826512,0.376868792876201
2024-08-12,0.670590180797115,0.512972645468299,0.962706795787189,1.09868731541422,0.277060499426626,0.896561357100741,0.614912427266063,0.849965595314613,0.621346754802266,0.663533767922483,0.552735551903665
2024-08-13,1.03286829707373,0.580244014835308,0.776584190531985,1.35888671649319,0.578453044509138,0.846151585531932,0.564380388894694,0.775322412837106,1.52569586504003,0.831388591010139,0.455579624529044
2024-08-14,0.980201552849512,0.72846281863135,1.06820327902862,1.29205615252667,0.263752393673521,0.82400870071276,0.438827040370242,0.777831945432085,1.03951957087717,1.34340823041955,0.517647159676509
2024-08-15,2.11166277170603,0.557954864950216,0.893839475689727,1.30856712738833,1.15215126301494,0.474289321697766,1.04970691577943,0.622511723181234,1.45697635833791,1.01561145978968,0.54223764735289
2024-08-16,0.825654476172194,1.71511462760661,0.692854300551194,0.818527088051005,1.30496084380964,0.557806921293954,0.735510635563974,0.643888610608262,1.08785585467207,0.608175172889666,0.549529799923589
2024-08-17,3.34161082057454,1.67941948838762,0.54546097490406,1.13625974466211,0.944013275205335,0.904386919843291,1.11294874109371,0.755883792818327,1.07277555427538,0.845125379065099,0.401505639956091
2024-08-18,2.05119254573685,1.64883802237955,0.722544638601238,1.03108512413704,1.15592596605495,0.76511704760424,1.28521658013483,0.969010169581049,0.947105324649528,0.888561485911716,0.443525904942186
2024-08-19,0.620893502888935,1.64056510404226,0.357636528603132,1.11363553867338,0.959646765483462,1.1597879605765,0.990002687582391,2.6032802520928,1.16385246222107,0.82305920887888,1.02965042577684
2024-08-20,0.870367387076634,1.04685708596345,0.334641863101307,1.15757339982273,1.01903698442252,0.584252205641358,0.984496998946716,1.03894163812966,1.03271379816014,1.17104048639317,0.983547254307432
2024-08-21,1.52116143339335,1.07320762525026,0.418440146544558,1.23479631802624,0.87399806368959,0.707696642999951,1.02848683657094,1.10680337476798,1.0504663803302,2.00424155252877,0.654829168221744
2024-08-22,1.47777625367894,1.26283242120192,0.680955187847554,1.19931253328262,1.02594161313226,0.89430651682358,0.866711835583624,1.34280262268858,1.29223418413258,1.49641164636083,1.24037821513895
2024-08-23,0.498906964594291,0.99494032459886,0.560217320164877,1.18199634717864,1.40175783706648,0.774806675960898,0.844619364391449,1.1392784881165,0.853472826103558,1.15491985331301,0.65668020482703
2024-08-24,1.3974665638082,1.21453526314673,0.57624979956497,1.16405589804076,1.44714845024788,0.835942077656308,0.826406830082847,1.18556855159232,0.695018480500635,1.79723882971248,0.797030458277738
2024-08-25,1.55415566600472,1.08889522872463,0.555502067116384,1.15177954444163,2.46641136916353,0.897111768817329,1.09435946150637,0.981194356345735,0.653181164722114,1.13197214244458,0.714864846627638
2024-08-26,2.26642982180787,1.03602810764565,0.106975025974348,1.17096077045038,2.4322333660189,0.48509719925487,1.16078800340206,0.944336092122082,0.680830192294616,1.08427886268246,1.23972743695788
2024-08-27,0.929269024668773,0.755826828576996,0.13660329193025,1.1396757445468,2.45270933081675,0.752411155433398,1.04128628193845,1.01754036982868,0.570633566228352,0.802447080093086,1.08490780978915
2024-08-28,0.515228681377979,0.905471435971691,0.269503076873721,0.958728116651429,2.50774772003846,0.961999498678377,1.21845614111595,1.05292074857914,1.62076429949705,1.21973952455857,0.79316622543354
2024-08-29,2.2765781876556,0.979699184099323,0.307898538907637,1.16257586356042,2.55464712533331,1.53187079097858,1.17604763708886,1.18069675866716,1.61427866283444,1.05226961228454,0.761251175534779
2024-08-30,2.52991769961615,1.42399704070268,0.339493132806615,1.01824561972911,2.34806491588583,0.913318512896378,0.221883129982611,1.24078398000977,1.64482658572806,1.15337056896866,0.769187533203742
2024-08-31,2.48533344476311,1.39352986800649,0.324893584949819,1.12174291752152,1.0898086791775,1.15159857803584,0.248244493995741,0.995151384158833,1.55256430679629,1.19973630460012,0.82466660674363
2024-09-01,1.68372762284429,1.29306132445238,0.796696670947239,1.09600783287127,0.47968749134801,1.76027697993345,0.419716260771475,1.15858402439899,0.693077563281725,1.16696428295196,0.917750023828056
2024-09-02,1.75967090538212,1.18631604264496,0.745729412496612,1.00835958945046,1.34520146143318,1.14651959523807,0.545645557838968,1.07416118514173,1.62381714906233,1.22171311491089,0.936847939568917
2024-09-03,2.39309767876305,1.47952476259103,0.666442759384553,1.05483470128468,1.41038266164929,1.92194023829482,0.503654594408643,0.508671120001642,0.456738655208536,1.27459433023109,1.08143953955085
2024-09-04,2.6920244820183,1.00768704128155,0.529448405153607,1.10634387164616,1.34504699795918,0.965715142963398,0.645078452162283,0.529345188799865,0.789026045405461,1.28228610612119,0.891787408989623
2024-09-05,1.7170218126549,0.902909933628088,0.766588275310611,0.846945515381302,0.322544139417893,1.69685908824519,0.779003710690885,0.636043615930284,1.25684454473002,1.21909752268679,0.813326421133077
2024-09-06,2.18632189368736,1.5264716401083,0.551847694227265,1.00323746701262,0.948607701545763,2.37443816385264,0.457054383123496,0.869405849057525,0.84791106398505,1.32820160733303,0.544537162428402
2024-09-07,2.29147389655859,1.71363089098957,1.1613585198003,0.99931382190946,0.849174023055619,2.21995263638516,0.5011031568989,0.861629438666781,0.937672217064047,1.23780025207179,0.543653927533802
2024-09-08,3.11634150608921,1.52046014545663,1.09992644315857,1.53990686892888,1.85357771285543,1.17928381117492,0.831317687746112,0.905438083678651,0.550455454464105,1.3104984265275,0.804913861211227
2024-09-09,3.61642033353131,1.33769996743068,0.218125523420722,0.741137646426353,2.08796900494678,1.18370017083647,0.91480844900901,1.0061777324079,0.353857290278673,1.49508858593497,0.598151805085828
2024-09-10,3.21604157154973,1.53884134581997,0.188396391723441,0.55580447812519,2.18789963695277,1.33317181966412,0.461146142550057,0.747574142349505,0.745766380887973,1.21779605103684,0.940684260266327
2024-09-11,3.30994230788593,1.79773908047869,0.274831260714254,0.49862178005901,2.02778467212141,1.53870311006534,0.589186204754848,0.657916679768818,1.49081031832065,1.52991132337645,1.08854320168601
2024-09-12,3.17830646959248,1.82269598514126,1.72451301426287,0.425980338383022,0.945508434876388,1.52454185946399,0.957945827876577,1.56446256884214,0.809538317097407,1.30157231838685,0.601659377923033
2024-09-13,2.69679570500007,1.28631358610669,1.24480536178428,0.306318770283974,1.4601307688418,1.52047532293089,0.593299991891752,1.4928606851597,1.28157502374033,1.09484965648012,0.58778029609026
2024-09-14,3.02302085566756,1.56430691817716,1.24183140696391,0.201046974528768,1.90835732194095,0.744485314207805,0.362704470755163,1.57254478896437,1.0034514574136,1.12619930830786,1.58704676141253
2024-09-15,0.817469836049641,1.628696085899,1.34579422069288,0.275697279731964,1.92971775844809,1.03222323397753,0.51951093456446,1.53813014575271,0.574349639269681,1.38189686093206,0.933745423521969
2024-09-16,0.70749961901626,1.59075422519181,0.82959475403189,0.285701344457752,1.40837425588274,1.35763940171186,0.651972309190598,1.72807233317867,0.696668459321827,1.3295829129929,0.875460970643661
2024-09-17,2.58505476578641,0.559704342655424,1.0294270944396,0.234817598190912,1.48661800911049,1.26561999736215,0.545611594910114,1.57991570591174,0.832546971196819,1.31177758938126,0.780629922918963
2024-09-18,2.16321823005516,0.784216355094176,0.585249779445199,0.307271549084944,1.22561162456105,0.927018864149898,0.487440045370272,1.70589947004413,0.655816294250057,1.47588252864494,0.876225039970037
2024-09-19,2.1782046489284,0.848252165145787,0.24678485162135,0.629690742528571,1.4590030892849,1.10146105741762,0.507266084313496,0.574900159857952,0.661264539459785,1.46812441010187,0.943754123102216
2024-09-20,3.59171656008115,0.669226316746785,0.298712487139593,0.554428948632423,1.59586517513991,1.19678467204887,0.363765590185658,1.03832056899595,0.73409699042964,1.25345626841495,0.992673645266008
2024-09-21,1.3656166101028,0.86138809799671,0.304080576950769,0.339841556232442,1.54982868955922,1.22941605001212,0.303339115474974,0.710799826889844,1.0478305883132,1.24642743560159,0.902671549681306
2024-09-22,3.90658095804638,0.540284539208481,0.344543671905836,0.498568674905769,1.72185486759691,1.09851346477504,0.605938191701112,2.10216283019057,0.435926130586733,1.37812904339024,1.04878712935623
2024-09-23,3.78159398472953,0.431696787947149,0.456887254664518,0.306963389612168,1.73139592308297,0.823092261548911,0.47021991644212,0.481044139034539,0.73266265995319,1.60420147897089,0.822151865665088
2024-09-24,3.60030137646269,1.05896325686489,0.466145013273469,0.473583672951,1.63966418755725,1.59150536091791,0.372340719305165,0.524920128280242,0.700633447400377,1.37153864822787,0.7761606206798
2024-09-25,3.8940733644919,1.22298416031151,0.468359334304599,0.303987047287639,1.71823558677937,1.82056078871661,0.424796863822307,2.40201226808432,0.668267477387193,1.38799176329611,0.905503116037556
2024-09-26,3.36671885943471,0.597130440391005,0.467580439658221,0.942549902947134,1.63850505179695,1.56621172982406,0.446336176618215,1.1431158592014,1.05243082890521,1.31604430545932,0.906324627738564
2024-09-27,3.37973922117883,0.627088847127756,0.44659367334319,0.975917901114777,0.957383460382672,1.03629026517311,0.508547632233078,1.06160911793877,1.00090777764164,1.45370060340995,0.969770051679576
2024-09-28,3.44684570353568,0.614986773943313,0.455812357626275,0.691383857984228,1.61660393139239,0.594932515774448,0.433878089941299,1.06698030624481,0.993959008774125,1.47779048923236,1.33313817959107
2024-09-29,3.61697000972518,0.610792529074531,0.42945783976577,0.855749815825517,0.950789926348203,1.03247513835645,0.552725608235278,1.08708766167872,0.434726160979743,1.42902159167092,1.31261288409464
2024-09-30,1.85594878309384,0.579092192548085,0.379542358275464,0.802663544661558,1.12554429081851,1.02719733659833,0.451877007336875,1.0413719226659,0.889735538204552,1.3866600845823,1.29883540551339
2024-10-01,1.73237348751914,0.513419843547616,0.451957725766256,0.571287216183507,1.13709967107431,0.939416242231684,0.46547164645732,1.62025625051466,1.76115662337217,1.55923076468937,1.31729090302587
2024-10-02,2.77923101619302,0.554339259592297,0.582635366425408,0.284383403106859,0.81004073753677,0.643906348531909,0.436322182207503,0.363180443430497,1.90691837366644,1.94106259407764,1.28854067271562
2024-10-03,2.72141626697668,0.795814263232318,0.206809692270076,0.596372860412027,0.464779191754294,0.953644486516674,0.606339654973994,0.598670779294232,2.11459140627203,1.9585185836052,1.29262246774218
2024-10-04,2.00700974250397,0.476767129763996,0.400013830225305,0.69959818800298,1.35573146937765,1.44407788859065,0.467281280584531,0.405286386508764,1.15350150898521,1.27570053819366,1.35066707554147
2024-10-05,1.64618787438599,0.469118145162372,0.697329781142332,0.67425101657658,0.854526839570135,1.08389748262641,0.413380338076553,0.384675833864477,1.16378593316102,1.24616931677812,1.29673078161526
2024-10-06,1.64488590443831,0.924103641626406,0.354614184703317,0.760664928169078,0.230053630020998,0.644551937685426,0.564460334129153,0.463265886575634,0.746730750258919,1.4016594206069,1.33045951175422
2024-10-07,1.32986400285137,0.712480552866535,0.0418784509749592,0.763649675738724,0.88326912336486,0.715262381216645,0.888708001227545,0.609158552799205,0.785654147670777,1.63437346255924,0.527499752282322
2024-10-08,1.33294634876402,0.688964980815967,0.764289614831558,0.265451321747643,1.1374890053109,1.46163348014625,0.514192250153962,0.578616598556293,0.414343845211531,1.6943323113585,0.954191931724478
2024-10-09,1.63166593113362,1.10585649779389,0.380041251975613,0.239163806360368,1.06826870466899,1.3027827146587,0.489011475041773,0.520426263412668,0.330133162137247,1.52718258462846,0.977284337495951
2024-10-10,1.05365872432149,1.05719222765556,0.94484010623509,0.266321069522914,1.0844413694754,1.21965396149914,0.419348156236522,0.339003324206504,0.853795991803573,1.55623339376592,0.823004134432416
2024-10-11,2.09898733143015,1.0587633596344,0.474122081220214,0.705160466689747,1.12719512412753,0.905704397516077,0.498798120070942,0.592866831514511,0.834438020206065,1.50665485648172,0.881498056765755
2024-10-12,1.57226522972398,0.978522633201954,0.633207720622078,0.28818051042084,1.13615083779147,1.07276715110882,0.416693672184141,0.505903539060991,1.23889985540327,1.52162563880219,0.917803120025933
2024-10-13,2.12256793082168,1.00954340349715,0.70913049344319,0.224605501270446,1.10784150281794,1.15255113078233,0.497572553603162,0.598405450103892,1.25823194915288,1.56498677058797,0.898226060828613
2024-10-14,1.73652860099751,0.548466596751124,0.400323184653309,0.979198454777311,1.1399487556379,0.83037554836047,0.501919756991308,0.535799433432892,1.02972222194164,1.32208497374326,0.867736230662841
2024-10-15,1.56870246659886,0.916849173539833,0.228356339061957,0.806218317613594,1.08589283172221,1.49540155952002,0.793389591089927,0.642064436093601,1.32328720496818,1.51094051366882,0.807811256685323
2024-10-16,1.44366608870749,0.662208251657991,0.151290350784567,0.69866175909317,1.08012822690284,0.744103370263335,1.66406494736407,0.65228321805567,1.04136259306728,1.00466819454493,0.835715646818838
2024-10-17,2.54896826381684,0.519972820652476,0.162491061669657,0.726734020402435,0.960394082339663,1.39644337785809,1.65977276288965,0.669654531034872,1.2664950543071,0.79725752619673,0.787289311443648
2024-10-18,0.929695663375944,0.536965948110869,0.814873018918735,0.396342547786454,1.35645544952698,1.20999274967236,0.409000542928979,0.584703913410437,1.20153627359308,1.01242910683274,0.788757713461489
2024-10-19,0.869442848145014,0.523021175722704,0.781069607953299,0.742687503034513,0.97288125451875,1.43321617714214,1.18757933059108,0.563179493925044,1.18001219629582,1.03880943194555,0.794860830825295
2024-10-20,1.81963666055626,0.528442697607155,1.04874075946524,0.809381652701431,0.977178186982507,0.86469910528307,0.545747247821795,0.587674563692303,1.17504585381293,1.14421671519135,1.0967774429988
2024-10-21,2.28921040413031,0.468927163954936,0.216072445451752,0.484606946850336,1.23295682640665,2.08982241361086,1.47103893059022,0.260845323718016,1.29460322600271,1.30540490001057,1.50637754353844
2024-10-22,2.60059873940625,0.614728843045903,0.213403965429142,1.03532691009918,1.11894768742007,1.37260598342665,1.5168541270399,0.580549972915108,1.03955642404854,1.49653134727943,1.09555505802507
2024-10-23,2.18061736631602,0.458420549084754,0.173612151987699,0.532706656211622,1.41391488127097,1.57561447290506,1.56581072494915,0.654933536222464,1.23161726450757,1.95522105991794,1.28781986722952
2024-10-24,2.28283319129037,0.460634398155195,0.614555490529165,0.602042396412517,1.15558709528505,1.51739533029282,1.72575296331804,0.237252204102817,1.34600441636039,1.13813289615542,1.33267137719272
2024-10-25,2.54628818456067,0.254819769674233,0.56576597416732,0.546164373953387,1.04289900615671,1.38551004169762,1.67358034507827,0.429478141768515,1.39276588362841,1.1002505257694,1.28877144071241
2024-10-26,2.53719227005306,0.21633251919805,0.384205143356754,1.67928326196132,1.17184577307701,0.876978990243918,1.27037524404026,0.071054564999764,1.08582763278034,1.40467741096777,1.3163588102783
2024-10-27,2.86401755721242,0.319871287904696,0.568256573864742,0.683148246593714,1.09958722300275,1.03334995970619,0.430173891098646,0.276388775149519,0.599320390396353,1.93981027429084,2.15869829161067
2024-10-28,3.06107386368258,0.399595432987138,0.613997417022133,1.14434719781366,1.2020894856425,1.10897354124321,1.21858686930011,0.39220099255909,0.851761217686192,1.95328943256078,1.82831857874946
2024-10-29,3.09979235468463,0.383704344395714,0.78574666893451,3.35523700936352,1.23243534929316,2.01888791672656,0.406669417708507,0.232936460192908,0.70477776283626,1.98591003152245,1.24629054152421
2024-10-30,1.9111499571928,0.498753536651066,0.688241231983197,0.611143734203015,1.21683666782965,3.30115309011531,0.320274493066621,0.317280835247774,0.818651937899041,1.66696590112398,2.37229534209193
2024-10-31,1.73958070514133,0.476186217096937,0.922806283388574,0.778932357233157,1.2915602680694,1.50465584259161,0.615436811428145,0.573396095616299,0.850070525941038,1.76492319714767,0.816585652329877
2024-11-01,1.57137080416915,0.540277942781491,0.742300001081342,0.546097857672038,1.31095435846322,1.59900461581198,0.705936053472574,0.551515885142256,0.579823780663622,1.6908058227512,0.861001205355831
2024-11-02,3.58962027529492,0.508967033922276,0.710858855694888,0.56787584034469,1.27005106046337,1.20836923289535,0.72541676457555,0.523523702468408,0.608795961785546,1.74094147402486,2.05082508875414
2024-11-03,1.42371411053171,0.450676067954043,0.706031879240784,0.505214198405031,0.357642951704719,0.526898441509096,0.755355365390753,0.447466261232026,0.887988311370522,1.64238331282681,0.94639673530359
2024-11-04,0.994126847084753,0.37959979156766,0.589855083833886,0.589593519547146,0.344712804366315,0.9917436577932,0,0.204911207713119,1.25824200381119,1.4237555549142,1.89820348099804
2024-11-05,1.28802421959448,0.447899254177207,0.979550915288935,0.700281793866106,0.187946618959887,0.932645301383031,0.697440813339732,0.656181554030169,1.16227876382147,1.5185293861962,1.20349979761848
2024-11-06,1.83219840981081,0.549873378288498,0.727490763073852,1.23756195371617,0.118921932004901,1.42212777969126,0.749085792445881,0.567438929748949,1.49394434724645,1.46149392485576,1.29117558424983
2024-11-07,1.5285813439535,0.569837237742074,0.708585979749407,0.355288100309603,0.19204864300994,1.79226099072978,0.755973403697642,0.491136541947714,1.62186801292211,1.56039379216028,1.10742353128282
2024-11-08,1.7234403229066,0.295729415374006,0.686788179310233,0.484512597125412,0.818668842088293,1.48384951286722,0.7484557242747,0.65228853359494,1.72733384688037,1.50538693963509,1.30591594828157
2024-11-09,1.254293229111,0.184249399983829,0.610371442380129,1.16029332618823,0.799907221108423,2.14560518480437,0.838176150475387,0.54543623346654,1.70445398775475,0.495682219110823,0.832928015387706
2024-11-10,1.26032268862368,0.333557721651385,0.368280213832699,1.06400675043712,0.792165302596363,1.31785283503445,0.794033104287884,0.630608704009447,2.06821497303157,1.80466378144466,1.75269332957341
2024-11-11,1.32404415955083,0.231527081396538,0.681623065747628,1.09372755723665,0.77126196176034,1.02672534946378,0.759711465138757,0.588469409438399,2.11116598113323,0.732498180036843,1.72923696763513
2024-11-12,1.03592329806008,0.241293110200314,0.65446834569765,0.718906026843299,0.18096371257832,1.56740733604579,1.53104247348507,0.513845237682997,2.04312400706557,0.715958849343436,1.75614988910081
2024-11-13,1.42373015473818,0.225107098554396,0.423593429660038,0.789773511474241,0.881041174912657,1.97598264394953,1.0007029751906,0.526835900888096,2.11973792505093,0.805625410780107,1.73137478005983
2024-11-14,1.22437227623471,0.259508186470728,0.527168743568407,0.557031462256048,0.932441984759343,1.94266733511504,0.970313755066693,0.437582509498604,0.842618311168347,0.736874731915142,1.93575292663911
2024-11-15,2.69593490569699,0.425912032851815,0.528586855347342,0.437093567721264,0.863315973244775,1.54222052181069,0.647384274889554,0.589712907442156,1.774894586437,0.767826681815886,1.97362232877953
2024-11-16,1.00175131217103,0.277318397718686,0.601773568335303,0.378812723697787,0.517568835160462,0.458948098665919,0.609762027544647,0.710191685293074,1.66496700631403,0.78071199795325,2.03590997731945
2024-11-17,0.944961351483415,0.620423169185638,0.693687632418265,0.51043593165719,0.64899655963432,1.16610952267172,0.546029877120653,0.615553240755156,2.19904882012002,0.857204373595593,1.05150975214492
2024-11-18,0.678343318839088,0.531060503305392,0.608092841946164,0.433773134306801,0.627681354051461,1.6945383953482,0.656730319404956,1.24760409845194,0.895647175536929,0.978638490103236,0.689231823950983
2024-11-19,0.972394826125596,0.513128962037026,0.666969094205728,0.645028455364368,0.510299946200661,2.49088890331564,0.709087215853937,1.06265375283658,0.795730961537433,0.965499602916334,2.10811588977067
2024-11-20,0.553834270233674,0.364754289807002,0.545678788666891,0.722929015682537,0.505944152613649,1.85681844859306,0.744198016344925,1.46695361416672,1.03810750363014,0.350803308139735,1.41775307920581
2024-11-21,0.759502771962696,0.589280704902937,0.430799732256249,0.801401644090273,0.721372393153414,1.72551752737643,0.825086752177634,0.681531706905359,1.02668148132276,0.7473452536009,1.51121822075228
2024-11-22,0.741260355634257,0.3334288768185,0.260858711295606,0.586509861869036,0.653915615255159,2.15864761756061,0.815028258043299,0.747153333213219,1.6598229527653,0.58115818554026,1.94413561517802
2024-11-23,1.19679334231455,0.515717600943691,0.149095913432159,0.459893518926004,0.662807729632024,0.849348917444402,1.24589063696198,1.87209080704067,2.09731736312835,3.59645511791535,1.92131194591561
2024-11-24,1.25912611007414,0.250819464504757,0.360804208366485,0.474572961622503,0.706147344070982,1.97828695634647,0.98284958210654,1.02073848114113,1.59791973943025,1.07107648282419,1.34651623932196
2024-11-25,2.47014023621692,0.256409292117398,0.353990483267828,0.283110757100732,0.564248064219389,1.38557763395883,1.00500274512923,0.932264666653343,1.50325788542327,1.29987488021834,0.931667056838096
2024-11-26,0.710501270625514,0.23833549267195,0.435989017859373,0.773953666808822,0.435479204020673,1.79599895860776,0.766883029920986,0.991544313013502,2.43586628972113,0.953417224819069,1.75732971067408
2024-11-27,1.20183198954977,0.771067300271177,0.306621445177436,0.301727513088529,0.556349509317614,3.63735072758727,0.840757380625582,0.548789901893834,1.04730918860085,0.880979454949078,1.02849800807691
2024-11-28,0.494205320106515,0.260674631610384,0.479628409266417,0.443556145821055,0.633919934065955,3.31850606387959,0.85943350711023,0.651810680589594,1.62613705967353,0.830838779873728,0.910255859256234
2024-11-29,1.44098138531282,0.40515698498658,0.423854040889313,0.52603323284284,0.76105386955427,3.15151132747402,0.933603207084869,0.818364528745045,0.788438756531799,1.10580730627519,1.31105998569752
2024-11-30,1.4617070802956,0.403786802872167,0.328255827507606,0.841004050445922,0.561622035079952,2.51219353355526,0.866861933668221,0.715097428017787,0.87722182427129,0.988499230471339,1.24226772324761
2024-12-01,0.634897620431937,0.435363239859284,0.754457487815915,0.741536979622981,0.737560412857744,2.98235743884685,0.937459225525783,0.800207406478553,0.917757964653769,1.00137898943393,1.37505610534415
2024-12-02,0.641958850467402,0.311538839235605,0.838487436675584,0.857462412921492,0.652169670910675,3.23579361989158,1.892562612627,0.880461390025468,1.97957215235783,1.13223702380502,1.67326505055427
2024-12-03,0.709549374190982,0.414791081275023,0.721872930181545,0.815545350678385,0.497884946085813,1.70470560641977,0.995428457869318,1.71226120730336,2.21364340672412,0.81507183559297,2.13358841650096
2024-12-04,1.27954169654163,0.55268742686224,0.770738697559888,0.877086742027631,0.58881894773502,1.18898833904007,1.99340172791799,0.885626991246976,2.28784179242243,1.19591243520121,1.73539092612352
2024-12-05,0.789847227173773,0.247130057739052,0.836133086919172,0.897503592394955,0.429042149743136,2.48845512467487,0.947028986267953,0.838831252795303,2.13000510939234,1.17540447514196,1.81659938901618
2024-12-06,0.67833403720327,0.630800943821086,0.7197895481784,0.943715930080275,0.951238630191687,1.30263630159011,0.938142002492822,0.816420390277727,1.90630843634579,0.938583492269602,1.7829832532249
2024-12-07,1.22609183507286,0.65769822397344,0.979206384723689,0.888577629965271,0.57740579796801,1.24414085014094,0.802322462383386,0.424437506305033,2.07941725902609,0.846677963178703,1.43703543585398
2024-12-08,1.08585959586571,0.371722867788329,1.07427000783943,1.0203338180959,0.727294224453634,1.02006588416884,0.483548716927596,0.793108745499661,2.04359493384936,1.45139545466027,2.40452694131648
2024-12-09,1.58492544271331,1.77955762113685,1.23659323108961,0.7776174363054,0.782862298961595,2.12828126768613,0.450717999319674,0.785432474193342,2.30892027721115,1.07338346268003,2.32480909800862
2024-12-10,1.52255360534586,1.6672207702699,0.834300163391237,0.739145602596835,0.729973752693649,1.10051624063421,0.49997448824454,0.94881442861714,0.507476550033991,1.36716064536508,2.8485638178763
2024-12-11,1.51047161155432,1.60203167362676,0.505269004316109,0.367467092098157,0.628353669351262,2.04647343032623,0.63214938759651,0.844280224200181,1.59540947179536,1.7951364973247,2.58700197948333
2024-12-12,1.59207692192456,0.476593457706983,0.574745137326103,0.341296834463171,0.824615701820014,0.862584643869092,0.0783725332364607,0.872412571204698,1.73429540874226,1.5315724451115,0.954296974309202
2024-12-13,1.45112620035393,0.29469343475742,0.640428951793029,0.280653182394515,0.446821187614442,2.36941024344863,1.08689584031708,0.852628606503686,0.629073833484965,1.60675108188047,0.862937637221861
2024-12-14,1.50743788050317,0.296527904497249,0.52570445622592,0.267112533151869,0.449397765133361,2.48755567627331,0.213756530542235,0.694029889720523,0.643202452777018,1.60655973654467,0.660071696143349
2024-12-15,1.33175568399315,0.506626737685444,0.516766641669246,0.991882073240327,0.442141470782482,2.02388543660583,1.094038507981,0.549556503957586,0.670644182619834,1.50978213378704,0.940760550326717
2024-12-16,1.45417165270375,0.301188234238801,0.695156606021834,0.378035089745692,0.682742711568874,2.25690528427197,0.22191617564276,0.45912832237214,1.04088423886503,1.5666846203874,1.71464510288011
2024-12-17,1.67795973425442,0.411938135009588,1.34180330442823,0.187141110397574,0.683634105303532,2.2929486951734,0.999568988714159,1.52038351822959,1.2981624035434,1.07395764153743,1.44982118519919
2024-12-18,2.88125616780713,0.99236979275076,1.03356531767691,0.195861942075639,0.53035071768862,2.13319971147633,1.19810747193371,0.633871165219901,0.92849303444796,1.24540854266464,1.79077143168624
2024-12-19,2.48471703459446,0.951668398792078,0.854352683517717,0.7350426026698,0.298940990223278,2.08143267260199,0.972061780595725,1.32932879975692,0.682420401478279,1.82302252226614,1.31506327689387
2024-12-20,2.3551095168252,1.07447322457561,0.77534466354653,1.00156078973463,0.746945327743834,1.78471897083958,0.920296000155148,1.24496793617747,0.615205989807007,1.5766778981987,1.11554510106129
2024-12-21,2.82996489783373,1.01133672226708,0.869670003280417,0.967104303550462,0.731008650342667,1.73966377479798,0.852746131810731,1.1705546328645,0.837663190010448,1.63468854684759,0.946847349391587
2024-12-22,2.19566663317065,0.631281870066628,0.802986255176234,1.00600038749382,0.75126259385341,1.85144602694532,0.968678613777789,1.23445974676195,0.832893150924754,1.57749400860647,1.12064532180708
2024-12-23,2.36426173518788,0.30731314602759,0.762024019333811,1.11930699054781,0.710728413537227,1.80526609123959,0.985699039362795,0.878889384329703,0.833386563604601,1.74266848714211,1.20662137936606
2024-12-24,2.32729761936949,0.382099504021312,0.755530191885075,1.11208689229316,0.715736381175743,1.58634292427279,0.912086831476691,1.3540690989488,0.844749528505456,1.80030058317092,0.975706563748317
2024-12-25,2.37163828600415,0.625853269275321,0.581242140563618,1.17447414105627,0.884301673598907,1.72020415175886,0.974173699455587,1.38585505224077,0.825638042354998,1.48488179362712,1.80629926579832
2024-12-26,1.15369704269378,0.554793234829532,0.748715708587502,1.22161669284684,0.662162087854727,1.50880562254305,1.10692488719359,1.37721214095011,0.848285373120415,1.55750046671452,1.77800004516792
2024-12-27,2.18658757534395,0.543719017926523,1.18620202124345,0.822849449062508,0.545230096293792,1.57355692552115,0.843565857386888,0.96110340510412,0.893962681247235,1.34674271400153,1.41201191083643
2024-12-28,1.66094942898693,0.583345508469988,1.20731189141382,0.138404256869596,0.538670242154796,1.66545268427047,0.92237423922031,0.956892305530725,0.823479498316575,1.67206400998682,1.43318762773817
2024-12-29,1.99464528307912,0.780488445623291,0.696298992292491,0.238685274182142,0.531128451131265,1.6565567221314,0.875484541522526,0.659768319781241,0.859470874254041,1.68237557091237,1.49841307353624
2024-12-30,1.11381732307746,0.783096959364971,0.70232434122077,0.167168844106991,0.870791518397787,1.16218554846196,0.847330246231211,0.325847461948628,0.784258264346838,2.55356793572096,1.52957453813521
2024-12-31,1.21821648500709,0.59628571162194,0.600598337886959,0.758435435460445,1.00810800763009,1.30393014750113,1.13042857998914,0.635915288862177,0.826449435171168,1.10039307311367,1.99847519810426
2025-01-01,1.70626110151283,1.02473809707536,0.696828443409323,0.207724623618147,0.774166587897843,1.26321071991935,0.433838255514186,0.60970362203798,0.900998011660129,4.56609878727388,1.91899236414619
2025-01-02,1.11696490235362,1.02197286264853,0.777701977440477,0.189534088808222,0.982021089028592,1.6339535888554,0.486880430891446,0.439975181923611,0.943147753662741,3.49074830960705,1.96776013452455
2025-01-03,1.08304272960715,1.05920537535184,0.739445584248592,0.214079751293154,0.409385281062836,1.65185592433987,0.514141235637554,0.389632143430592,0.795036858945559,3.58452896885949,2.00099323826329
2025-01-04,1.06737156488479,0.967450732894512,0.709594182084886,0.190534157670228,0.388242523007846,1.78237515334014,0.511342471252083,0.409872548865236,0.804974820359965,0.692244297154225,1.9545731957393
2025-01-05,1.84231491935098,1.09884836643998,0.895384047618285,0.408594254675036,0.787785881419609,1.38040879188934,0.636609476451221,0.335958707707562,0.776689878602317,5.96037559920179,1.66813300923638
2025-01-06,1.10699162440516,1.1460201779679,0.73955484703689,0.335424924406839,0.550677754592491,1.80465210312039,0.651194324924973,0.433054489058425,0.928340389992627,2.67689650872867,2.00113947262998
2025-01-07,0.89630178661113,0.975505628797056,0.66447735866596,0.414636390428336,1.18964562877366,1.71117866240191,0.548803351243524,0.453080411588272,0.778962648183175,2.59005803777972,1.7899623693467
2025-01-08,1.61400821814487,0.799648868412391,0.67798819891621,0.391204710858933,1.25434810069448,1.74690892024441,0.555976444698582,0.496529790458299,0.882445771303273,1.33999843340609,0.84064140914073
2025-01-09,1.47089949557532,0.974363337472024,0.710887385498477,0.43704826817646,1.34222231681866,1.7051298575559,0.652729963439066,0.512751587408983,0.836452706862035,1.32885943393875,0.677844331226239
2025-01-10,0.993100187480411,0.805888547386915,1.18977904108059,0.310242710930651,1.02027540969433,1.60225089062442,0.530287942097872,0.408369225263572,0.878809213567779,5.50603865090724,0.706364719829158
2025-01-11,0.958531260147867,0.67904779348425,1.15802794884718,0.509116002423544,1.02729905681208,1.60325182149501,0.78224868547017,0.401030606847065,0.949667837852247,2.17757342771586,0.75056592278183
2025-01-12,0.916815276777306,0.694073834074698,1.2818407273637,0.515048138909284,1.03656072328074,1.59338360060696,0.621919842197265,0.405893099042434,0.883763687383189,2.27206034541107,0.762167688467825
2025-01-13,0.937767709448105,0.747089152496057,1.09076889690225,0.421888064067159,1.04975576801652,1.60406289975055,0.670726755967764,0.406141666376771,0.804015518567439,2.26652406603489,0.814871075557057
2025-01-14,1.75775597607565,0.860288040073025,1.09646481035918,0.416043329256265,0.928637249079351,1.63269722224559,0.627556245055926,0.487372663498766,0.936759243922421,0.948835888896119,0.791876898058294
2025-01-15,1.15676133722694,0.765830572565201,1.05700325067172,0.333718932088031,0.948464180969019,0.842586104878089,0.29174429963382,0.477526787961793,0.952579174690344,2.58828229927216,0.642712184897792
2025-01-16,2.55157134747461,0.823880114729814,1.04184302941926,1.08384972989368,0.949358621080784,0.806611329592421,0.245642308664793,0.50107269145514,0.840562482111348,0.977731288946684,0.617918126819435
2025-01-17,2.67282225544548,0.622259449505998,0.705934107139012,0.308875859374258,1.79082753755596,0.833829419788236,0.189700669151315,0.442396957993141,0.74736462422696,1.41618591913041,0.767642302976534
2025-01-18,0.577595473441924,0.810092767771451,0.545764970387659,0.333792799732575,1.97077591114277,0.924882570791326,0.194772615180185,0.450345967784763,0.813090974726174,1.34012598758624,0.694152363973143
2025-01-19,0.981070329485882,0.662459032905875,1.53716852646109,0.33863196413007,1.80727202483298,0.867366037713258,0.182062366059752,0.440243501921276,1.13122131534074,2.3469840824277,0.761464196014205
2025-01-20,1.09553405120215,0.533668672149595,0.842530534197662,0.87773413869396,1.98545099542227,1.13433474210546,0.181390448597539,0.83540433790907,0.89043009917753,0.972156001035666,0.798548168254404
2025-01-21,0.736171982255123,0.704631036758102,1.18437114582897,1.13437530293257,0.604163603595969,1.20944079531617,0.298991636788191,0.529896435238862,2.55159192866421,0.55355280574641,0.99262886557356
2025-01-22,1.71370233596018,0.905437033146433,0.664828523010841,0.890943043941364,0.683540263300781,0.971005379644156,0.352018760460638,0.580429555053933,2.5675541369496,0.629167155620607,0.484509253951754
2025-01-23,0.859132030242767,0.518061354730798,1.11211905625967,1.06570752641302,1.8293551924975,0.344853771343429,0.19352202591245,0.566066304730003,2.47119310998575,1.21809502453242,1.22091191417037
2025-01-24,0.673312287713597,0.588477552282543,1.24772115042474,0.995985294491971,1.95855439967538,0.570884598090807,0.440490052139868,0.522041630942639,2.50423296012801,1.33353686992469,1.25333493658128
2025-01-25,0.667411134017817,0.660554908221185,1.32109440881787,0.938554666398537,1.99591368984954,0.397145914365791,0.453643535812128,0.541985226495393,1.10893544650948,0.989357498574875,0.949206602361592
2025-01-26,0.927113832531512,0.943773019883395,1.36029568870214,0.853525895092286,0.505043613852396,1.39997759357136,0.605750751426684,0.588260866335243,1.12415877992039,0.990343209645603,1.32273802532704
2025-01-27,0.646795736767697,1.4139301058778,1.19245314219354,0.785597114610451,2.0425414005209,0.500799452030351,0.448126221987851,0.478577867680225,1.2304806293271,0.582704869609102,1.49743940709509
2025-01-28,0.648284753483765,1.49600906553366,1.8637170332715,0.959650671978969,2.07508124257624,0.366848330781191,0.499971504408,0.739337194430036,1.24144434242,0.712065995563825,1.52603681952165
2025-01-29,0.813205696719925,0.701676118168127,1.18643300863801,0.63901391044407,1.18563111053821,0.382529926772143,0.587836149637813,0.432715269650263,1.42068635605374,1.34601263707297,2.68039887755187
2025-01-30,0.922658751627462,0.917014102653967,0.609644649319203,1.01760265533725,0.475357817937137,0,0.402550589550213,0.613761627888782,1.32908753173553,1.22573402657444,2.55283687384293
2025-01-31,0.510427094049672,0.744805706767556,0.652086753863978,1.1759340791103,2.25842777444002,0,0.47303761822307,0.525100405923003,1.38019351460855,0.834865040494718,1.78172262509567
2025-02-01,0.437165633716662,0.625776406257014,0.698789280826609,0.730321445591875,2.04631535402609,0.426809620577578,0.489750704003208,0.363584715649926,1.4531402789007,0.792834522583023,1.79296759161971
2025-02-02,1.06947159019252,0.75075177248846,0.168236367448509,0.401968248036868,0.793809074263103,0.383191655655097,0.389407251081271,0.5714702632652,1.16230120633174,1.70827583801037,1.72626926698157
2025-02-03,1.13128945490604,0.705772076666398,0.314582597937588,0.472392512762775,1.51566211555718,0.731461188729215,1.61443775334301,0.534076705301199,0.899380880185511,0.447628705018625,1.87073291224911
2025-02-04,0.588197006751665,0.435866070988155,0.406692461060519,0.477311891884172,0.692227670583202,0.532724463455448,1.7111917346383,0.916701200444464,1.22953012747653,1.49568794134222,2.43384372349169
2025-02-05,0.601210227945381,0.238699300961258,0.444825543381923,0.531396843267438,0.698982517852054,0.391460414867998,1.7040206766895,0.872902869194701,1.22294608654432,0.501407331872942,2.71371406201196
2025-02-06,0.535682463091221,0.409254354291415,0.797721646807793,0.587149992941109,0.823312335826399,0.305133063326466,1.6702528474197,0.766597689068706,1.25196477310882,2.53692529190157,2.70667628423842
2025-02-07,0.808170017073117,0.595258329536054,0.494014386134537,0.490270160058436,1.5412031745913,2.03525498994985,1.5556753698107,0.243486038850122,1.71084369081736,2.08293172479765,2.7535840387827
2025-02-08,0.827892771587821,0.554801461168017,0.452130267845951,0.977372386366486,1.35852839725507,2.18765687014984,1.77947859547636,0.28764824014814,1.7298450036207,0.706275378583989,2.41658013539308
2025-02-09,0.863765978680929,0.572134225476771,0.576364810085568,1.04701145775284,1.62184432960989,0.891534030385357,1.6222637719985,0.195588310647437,1.3069011846094,0.543376371319613,1.62851346354814
2025-02-10,0.804622714947188,1.09521510166121,0.418399763017697,0.935969799179862,1.53929409871946,0.863808852459172,1.7567533024516,0.274432384220163,1.32165477403504,0.69387482501311,0.601345617587463
2025-02-11,0.60865682619902,0.214400152167244,0.80203645749551,0.887209937862204,1.65278989938503,0.934464497980518,1.76435871338908,0.23783659325662,1.56617397144485,1.51739752767749,1.89483660997831
2025-02-12,0.631414834341706,0.80971920087066,0.382451532051502,0.76426482340095,1.76150297918348,0.634534324229053,1.85931316156289,0,1.6872385162972,2.82401648914638,1.26403865736316
2025-02-13,0.83698489194141,0.404933436244356,0.204192536630741,0.781909538734146,2.33106721270241,0.928917078391013,0.441050582601945,0.956326439688924,1.6161124795915,3.03799245274322,0.743568280539052
2025-02-14,0.681941347346245,0.80003910189201,0.999297352532151,0.806895233824255,1.52117137165598,0.426671355618419,0.48535362275451,1.72034179363517,1.56155584805029,3.02056405882329,1.10830522661122
2025-02-15,0.476972153676334,0.71702007312444,1.03336615891875,0.900195135314873,2.1136303901652,0.523894322357187,1.54998838006372,1.37794823466368,2.10075751752018,1.6813455869249,1.09603306659655
2025-02-16,0.474640540321577,0.747591995530454,1.07104480482354,0.988232230290637,1.71439815955809,0.533192557754194,1.60349136526469,0.528956050368736,1.77091082204327,3.17496615786422,1.32986718758783
2025-02-17,0.906389361025677,0.90413664303153,0.848350413567072,0.962004343182268,1.25100043386218,0.227695943603587,1.67835526519346,1.61149393736414,2.18271087935354,2.33282194759832,1.39676470433817
2025-02-18,0.623057466994548,0.910038905493236,1.06564833096823,0.922783776617659,1.19177364162888,0.561118067882002,1.68344137127737,1.63493053100799,1.85003960911288,2.3152036797178,1.53579677087817
2025-02-19,0.992856190087793,0.819776548734438,1.08331550888004,1.00754207500262,1.21167237498576,0.541086967262936,0.9236863565773,0.597069398856904,1.8849313136458,0.748869892621541,1.65277955819313
2025-02-20,0.673871016831273,1.08223113826181,0.840591423233185,1.05652838666461,1.27738491094424,0.489816945831509,1.27754993225967,0.977342029630426,1.85007570463562,0.188526906804786,1.51101873928107
2025-02-21,0.654109311030661,1.11813822156213,0.464967429761091,1.29381131904446,1.65289679447377,0.554750308073259,1.30854742777474,0.621904168014058,2.05831187814995,1.50667474476231,0.996799248811358
2025-02-22,0.614599044911356,1.18708881942851,0.945861948907872,1.24134273635546,1.71133378620379,0.250002222740508,1.08305762652936,1.64013068940941,1.86569152441203,0.164211413632932,0.991669713240582
2025-02-23,1.19365353105951,0.98626399255016,0.500397357367711,1.35243822279433,1.30192428621717,0.415368651211054,1.12751184540018,0.554875838278819,2.04829175431946,0.35477034702951,1.06573205750346
2025-02-24,0.889442451895966,1.03367619753726,0,1.4700034534997,1.31598625690856,0.497451908539634,1.70022931648166,0.643086359062726,2.04194571779131,1.22867427756349,0.763299657933836
2025-02-25,0.896387365856149,1.08573449590068,0.759114835543829,1.37614460736912,1.00081886641582,1.00394300905391,1.76845699598139,0.657186040033454,2.1118953705466,1.37864738634687,1.61959225065712
2025-02-26,0.968710060036494,1.07254623694877,0.50584199367697,1.30483063604022,1.06701190588892,0.932667989391144,1.81560187012582,0.525188507577111,1.68119824060717,1.27993642410417,1.5961108902356
2025-02-27,1.07463376155255,0.65839844555999,0.701863910709976,1.41743099435973,0.844113673165364,0.498895324932111,1.79025539922641,0.339057102366531,1.26944010716009,1.6094984306937,1.78430325404288
2025-02-28,1.07772146582421,0.450126108419322,0.678118894571617,1.39541482352271,0.898331132606937,0.489813766739094,1.63375364628361,0.823690993208516,1.63295939489066,1.29768768271878,1.71743586600254
2025-03-01,0.885450423542567,0.677013223771088,0.686471787742187,1.32714090139067,0.827621989806972,0.406894468450555,2.45019332800799,0.82564534433323,1.29740669971565,1.19340272945905,1.57408876897506
2025-03-02,1.48012364825704,0.469726613899828,0.518167115575983,0.838008097065733,0.920480211122587,0.84811241923809,1.59651254962333,0.411076101676201,2.24516806715629,1.56650886596221,1.71477050991013
2025-03-03,1.41265076894331,0.469616969936183,0.73699600184689,1.69235331117269,0.737737228618039,0.244684116499921,1.79045076213529,0.746875746253696,2.26332690697745,1.4477486333067,1.71808690866154
2025-03-04,1.17320776593186,0.559086475460205,0.324569574088413,1.69003076393636,2.38646016098741,0.337876244727143,2.4184739062182,0.526858187248093,2.02612350098958,1.39788887067204,1.86704994873907
2025-03-05,1.2212861110835,0.697004256481643,0.742079394233963,1.02333769374325,1.20125613301308,0.597419630677688,0.871768241565085,0.313272320079892,1.96415668323161,1.41679533201438,0.836457373066228
2025-03-06,0.907845754646911,0.745823365674512,0.783637053235228,1.66852148888128,1.516787368929,3.72175626006038,2.65887899322443,0.335098175261534,2.18759110442753,2.43978848817598,0.710446247367728
2025-03-07,0.420743230666249,0.347230665095883,1.02184955147749,1.10378945955667,1.38100566151274,0.636451004907775,0.775887353125485,0.336401779968912,1.9890133704497,2.66371628315123,1.9120311758641
2025-03-08,0.658914699394969,0.407720768688663,0.53690599874815,1.72228961164387,1.53828189719234,1.04589945110292,0.674169249700467,0.355034302272989,1.28316362262407,1.57410281114149,1.85620112962577
2025-03-09,0.210723620731638,0.331555403230822,0.967883661281059,3.2820754264811,1.3317659497673,0.802494614525037,0.660346113329898,0.575363311127793,1.4782362251874,1.64273202983755,1.08658923765411
2025-03-10,1.02217783544575,0.376932713828667,0.560612821220013,1.64996552998205,0.975113876704997,0.818254330577571,0.469593604891966,0.463266609632784,0.988514421540144,0.927897362746167,1.11430624914809
2025-03-11,0.821864653447494,0.333697464841453,0.27800594007228,1.18002029317009,1.03384339782887,0.689083419628218,0.721717081700558,1.45707238594668,0.905184900901657,0.945674883059729,0.472426687232859
2025-03-12,0.855173341970193,0.597810970669116,0.461579113180326,1.4961150740281,0.940114907590097,0.754106553540348,1.12003882966459,0.929494784124046,0.896374717942595,2.64041547091403,0.338405610074726
2025-03-13,0.787045509595254,0.36206063563322,0.55720734279907,1.35497682349351,0.907123301801532,0.576763105940284,1.65135801240831,0.734011104040478,1.53358596958563,2.46577439165188,1.10094261577207
2025-03-14,0.746945458196281,0.409846489874006,0.436482927829637,1.11191933135017,0.888743515111184,0.478195615491469,1.11748228271327,0.484283675527511,1.65424571429656,2.55788527418,1.14862435749862
2025-03-15,0.854546868536448,0.295182176856422,0.405886511697061,0.718792354540953,0.678397502156326,0.633502382957666,1.20879697735663,0.502794904185901,1.60563329125524,2.49414268573901,1.07197335394993
2025-03-16,1.20794261793468,0.382455298967449,0.461585814110872,1.11178048423185,0.658187639937427,0.502641710716559,1.32337203922084,0.446077561537994,1.67292943692181,2.46912882665418,1.05139580447486
2025-03-17,0.879150743112203,0.593681758594135,0.415116833285996,1.29657839420471,0.64406961236362,0.568143889791572,1.19855732551565,0.596987637951335,1.83410101637946,2.33190127418843,1.05160939322919
2025-03-18,1.16417810198873,0.606800221264824,0.4200632627864,0.970580396209214,1.18755337804005,0.92755777280648,1.19901231830593,0.442206545908645,1.71066034466672,2.50415379632,1.101970929023
2025-03-19,0.716083604712561,0.572260020380292,0.75534044945661,1.49499856087477,0.83805809048068,1.13676437612838,1.13563003723557,0.442235846240737,1.79521937351821,2.68695881223652,1.66225932490948
2025-03-20,0.713732333699126,0.582177958808998,0.698373077007041,1.46902762208661,1.13942645867593,0.951099220847185,1.20971972275768,0.551373332282362,1.41981872727226,2.50315871668399,0.806406852040542
2025-03-21,0.902636197344712,0.645211004611704,0.418306821836112,1.04877935812726,1.40097627813609,0.619758735580734,1.45737049890046,0.403552335316375,1.73953772145146,2.8142423707923,0.733561152657698
2025-03-22,1.05609336479356,0.676664398324108,0.473181370455418,0.96920456670852,0.688905829858026,0.954656768447395,1.62387153190667,0.379168751664743,1.37426188904708,2.35072600707585,1.5065461708044
2025-03-23,0.624573081425662,0.567514614955925,0.48343348214902,1.05804599273435,0.815013676468206,0.599899604948646,1.78431675514614,0.554777926183708,1.14804588605114,2.27805357265068,0.83631308771603
2025-03-24,0.391852066268814,0.657623432977911,0.416933490892586,1.89578607462241,1.34589810082604,0.610903684848295,1.72349762118472,0.696353078370326,0.556829305137753,2.08607054033206,1.94009674927369
2025-03-25,0.505249210347187,0.659620875690423,0.418133726663712,0.840156198736459,0.831533090172678,0.550330899817026,1.38502319496516,0.644019986526968,0.366846140643135,1.86081860256717,1.28784843926451
2025-03-26,0.933928814971725,0.741913373606178,0.457760733240296,0.836530525223582,0.718485085490622,1.13587568939689,1.24480935418893,0.69762744743734,1.39888002293119,2.24902053877197,1.53284153518039
2025-03-27,1.71654584056376,0.801306532667854,0.763542775725107,0.930019971058621,0.617763438142559,1.10129074717756,1.21341742542557,0.666942588105479,1.37899001816227,2.13347813862819,1.2194693073292
2025-03-28,0.436514904522748,0.795651204787703,0.404540525742767,2.13483834608602,0.617789170252168,1.53216348923549,1.3910285611207,0.267006574751867,0.4723823921408,2.47215331671496,1.53138878085548
2025-03-29,1.75104132666211,0.813061109744645,0.367215354062946,2.97465171852118,0.424131294275345,1.53077178297332,1.32105757935616,0.682437495974039,0.533053255029418,1.73426142534342,1.9630383434619
2025-03-30,1.70861679802128,0.357398415064727,0.479069766562502,1.08994137377458,0.905753517119285,1.21890569291021,1.48190705640052,0.25426820217981,1.86570641409044,1.78088017569718,1.3049447379504
2025-03-31,1.71382604027009,0.900509197630617,0.607016752950637,2.51325651989559,0.48646106494949,1.14368377179741,1.4809548605986,0.793409299184374,1.41654003023057,0.879493202011427,0.96597802545132
2025-04-01,1.9937653151955,3.01522398494384,0.580433769097522,2.0170376691255,0.29478804817311,0.851637302050201,1.58783933385907,0.340974031208377,0.963577335697558,1.79580291204895,1.1691722963684
2025-04-02,0.860705392281284,1.0966611297146,0.307305450098488,1.46848553146883,0.760096106257859,0.817855334863189,1.51913483821217,0.402409788601303,0.979568342033834,0.748593300133465,1.84415761931528
2025-04-03,1.40986409574544,1.93538230301765,0.192538371831632,1.1283795727012,0.435886928993881,0.955681733695584,1.57103413631406,0.68965572139906,0.725288659885171,2.19310629275626,0.683223545610718
2025-04-04,0.516033889189338,1.13788861886112,0.746219812523235,1.16532313449663,0.483452741935275,1.36378630360009,1.68956733315451,1.21769502834951,1.1826707259636,2.04635608367432,1.16917433518427
2025-04-05,0.948034885119399,1.15005416560492,0.480126163480172,1.92822133443697,0.57872722815275,0.970692277273087,1.80363063856501,1.20949042792767,1.54794549875555,1.38702971492241,1.33086611047816
2025-04-06,0.0831403569350639,1.12836937172597,0.863689839169201,2.16150682642888,0.462134468096385,1.30965098110305,1.81900047815929,0.730991515314985,1.19478277444785,1.54720723200045,1.27147282036706
2025-04-07,0.490884082735902,1.16639830339514,0.518317124137605,2.06805176880945,0.57650557883463,1.24128148722612,1.69298030260536,0.720475900735288,1.51010848482954,1.47629668816266,1.58934337276672
2025-04-08,1.20948505000371,0.663123536109564,0.818117935442173,2.14388374662317,0.565989812216746,1.31551604784098,1.17349195789371,0.690795338082274,2.80937467720256,1.10453371512892,1.42539840076576
2025-04-09,1.63031896976617,0.533724298743847,1.35721497215981,1.97435247156245,1.15276195271599,1.31844270400893,1.2808706063535,0.632765367651412,1.30244074551038,1.83708225374671,0.70117105656591
2025-04-10,1.44677025813206,0.989878031815607,0.761396101754788,1.57894594106374,0.931583793681612,1.37978062182327,0.600607378057355,0.467101249530783,1.56096439651554,0.922273311925602,0.450080234977054
2025-04-11,1.46980286301231,0.861138010641986,0.817780731139834,1.91232009344508,0.604354039885758,1.54277538057357,1.11543222518278,0.551273468735812,0.4858882734847,1.61691387921677,0.911695416105315
2025-04-12,1.4874432557377,0.691754657967611,0.679585953526325,1.87635415504488,0.639304444372393,1.50165992884586,0.995277895593963,0.583989763012689,1.17478699155958,1.55307369923189,0.476939346503928
2025-04-13,1.48700983216164,0.909030317160465,0.597705070162415,1.95299404604155,0.664569499128799,1.50449187003437,0.997860432590831,1.00003230781395,0.533228378550746,1.15423972862352,0.464735234892378
2025-04-14,1.40857757033829,0.929031809961206,0.603167892476392,1.72587473267628,1.06386914820272,1.47974493418916,1.10970679434461,0.96075700567142,1.109559046887,1.54440706869776,0.844562079362199
2025-04-15,1.05771337795173,4.27104516444118,0.833313854615162,1.79201614733883,1.18699230134168,1.52318669247552,0.561512695434218,0.994245328504876,0.981172603718555,1.38454426846841,0.612210750352455
2025-04-16,0.998937286699798,9.3274317377803,0.331753528512747,1.81328598840998,1.10998591698053,0.838773668737798,0.498978767362003,0.98076292195647,0.900180912424825,1.38848253497534,0.947759875657033
2025-04-17,1.58589530515836,10.3955527081142,0.559002851696919,1.64626219795672,1.04591281665513,1.18007199093715,0.534179364077195,1.32110617229569,0.889412828409398,1.08182077140216,1.35598991065077
2025-04-18,0.601227740342731,10.7783030749486,0.510962642981764,1.37115646390864,2.06060325593818,1.11165624946329,1.01718005364633,1.73295484310309,1.64010121605496,1.49396125171167,1.6146772855062
2025-04-19,0.772926907881538,10.787866631096,0.638037976001491,1.23652550639428,2.52103105901839,1.91849061616139,1.13180325343012,0.677410305525837,1.13022272607382,1.13546400751499,1.49996673814552
2025-04-20,0.553390847828193,10.2761925021597,1.34858111846155,0.786889707836076,2.18636776239867,1.38559053685496,1.01993082541362,0.703150924906365,0.603832249553,1.07366237632448,1.37912649606682
2025-04-21,1.05070143727912,0.862039357111549,0.888200628924821,1.03633666936217,0.751608723635825,1.53748029745388,1.24779810228248,1.30252269807506,1.82544374536984,0.526717777521886,0.869271904995133
2025-04-22,0.551102130480942,1.05469894867121,0.984345424812149,0.686760638475218,1.04234374889486,1.24208582326722,1.07171165587892,0.932074197226829,2.05146324720132,1.5040578234606,0.598813342625045
2025-04-23,0.819725243300568,4.53415970953143,0.703054355309459,1.23278649719124,0.936340192472044,1.23706739493378,1.14653400955907,0.928478994343531,0.327015895644538,1.44367635872835,1.00414602634161
2025-04-24,1.33220884791856,4.39087924332157,0.894936699987613,1.21513388015136,0.878588030366131,1.25469463251567,1.15260970325027,0.943366683353725,2.10876642070093,1.37476818355691,1.15375505380227
2025-04-25,0.552813636199304,4.24526081653411,1.25149771492293,1.22143508596348,0.970785377626954,1.28205178167266,1.55964112381626,0.927463308984048,1.93761545410081,1.18277113696646,1.09187458878252
2025-04-26,1.25907576160255,4.25102324729242,1.31477679196225,1.17464237224722,1.09414458835198,1.49990047485336,1.60963201462293,0.401661224763284,0.910425554797882,1.14696240251896,0.487846756996447
2025-04-27,1.86954270036646,4.24923287496346,1.33679739662945,1.19156385956899,1.42650797229858,1.50264571954742,1.35604761539269,0.465920286854288,2.23446651240368,1.33220676062149,0.243627275353005
2025-04-28,1.73353284501896,0.704934453684115,1.292833613986,0.403369623501307,1.33921168392416,1.06924422108541,1.4360172791132,0.49906329278338,0.77127294400124,1.34662409940236,1.14671458021016
2025-04-29,0.927188583647126,3.8992376001928,0.993888357282605,0.422256029257577,1.01415685130752,1.08824149779427,1.12403055776206,0.75930387575685,1.02251443633981,1.10772628227697,0.845231510653528
2025-04-30,0.995309964335098,1.31054409682448,0.504851177955328,0.929467312116877,1.09136232479568,1.12749154560551,1.29389769421744,0.810115260435395,0.627114435350226,1.34548878540269,0.960829271809805
2025-05-01,1.09829194433127,1.6171718717777,0.709019810789084,0.508166737080086,1.29580336486053,1.02966961163179,1.55351794385302,0.992838055423283,0.664961829018656,1.25379913885457,1.00577916959713
2025-05-02,0.974182602810188,1.03880126373328,0.460267611870584,0.445083691708465,1.28410404745645,0.91283707363593,0.854265162032705,0.675437733579215,0.662098278468007,1.22314066452769,1.19653221803722
2025-05-03,1.2738688064614,1.06790131027781,0.610807518520055,0.793802923772968,1.17852958803937,0.930737424081553,1.24957898589338,0.975386619577454,0.621818081217462,1.38721629812336,0.913528790792663
2025-05-04,1.12392440293224,1.42814407904876,0.655916435258265,1.01086080095159,1.05372227837522,0.737022467328899,1.14948214902388,1.04769218532235,0.658043563401211,1.17842276041433,0.964537616187204
2025-05-05,0.851103445668407,1.1333504312547,0.381750457694924,1.18429732556792,1.19658698102781,1.23597480429048,1.34529319154522,0.668370738406326,0.415569090130804,1.02039846145056,0.879076958977474
2025-05-06,1.02981098841172,0.479004609271775,0.74433439129666,1.2208312648389,0.939654571842212,1.30273004225851,1.18894555954061,0.388715429740827,0.643150262915292,1.11201140755949,0.81181759125192
2025-05-07,0.795473590996993,0.453648915262382,0.168312002240705,0.931954990198372,0.847428546363857,0.756046242404323,1.35160755136523,0.3857492726577,1.03930459116704,0.694297126365934,0.873433185209106
2025-05-08,1.03612061216136,0.958138534989688,0.394918938403176,0.711512874107324,0.895225936616161,0.82999483488822,1.30946751451043,0.287416850007207,0.579373751117642,0.995823129481963,0.826729058810863
2025-05-09,1.04310035573936,1.73488035818359,0.513461389976228,1.03002688161582,0.917649175906211,0.870427303446997,1.37154439999528,0.375735411366931,0.578733033996382,0.809033480067315,1.04784422734096
2025-05-10,0.832574828470795,0.972760106195897,0.440992505818436,1.06467196786723,0.936013922847391,0.480078763395232,0.364042506898753,0.475064359406246,1.71090769278469,0.796705520371215,1.03846404391981
2025-05-11,0.811348976322637,1.06252281787446,0.434394624152004,1.13218959334646,1.03754265938813,0.20128099482193,1.34841774508517,0.402693717360037,0.390648209641543,0.751357447372982,0.699532121964668
2025-05-12,1.71127923177695,0.66848681990568,1.41797483312656,0.716915095073028,0.91159521923221,1.15482037228984,1.303486259256,0.374734726230799,1.38023229194531,0.779079452999057,0.332167858890695
2025-05-13,1.90941609796308,0.531588925132939,1.39213689932751,0.741854003168977,1.02388475743904,0.808628522959223,1.31048016235599,0.206675236912841,1.49778262927397,0.8086281157132,1.24262173749824
2025-05-14,1.66280259006394,0.577297971106304,1.30130264811869,0.859993007520006,0.890102955220859,1.06836852288324,1.21956443564614,0.475222463156851,0.272166524062286,0.778516592443649,0.337774102109164
2025-05-15,1.41873311536111,0.553515624814165,0.321160016146672,0.783198795672899,0.949018810767469,1.00351654601082,1.26906939474721,0.820259687606327,0.423952305009026,1.45965789478544,1.30047225720531
2025-05-16,1.66122834146917,0.54252022757623,0.341259102814423,1.05885745752541,0.952519794724407,0.97872781917926,1.26318608017074,0.500033471932593,0.451325279305647,1.47694161946069,1.31728006316879
2025-05-17,1.02898871854851,0.57098057778733,0.368573867202496,1.0167656148955,1.05494784910436,1.06259354803365,1.35784632028745,0.525823559268739,1.44044728574729,1.74826299862663,1.26423833431205
2025-05-18,1.52722795778714,0.526002613497521,1.0120293924861,1.30303928828173,1.02318090039224,0.943621069924893,1.22723672350674,0.56932189614953,1.55129386351551,1.46543916367478,1.32896438947705
2025-05-19,1.67654704378608,0.442107554317059,0.636028079785562,1.2572891448765,1.06422330050323,0.845018065460382,1.11758280864393,0.761536327714714,0.951379182084285,1.98223351183762,1.0568917637333
2025-05-20,0.937618743066868,0.619943808065447,0.983207909280127,1.23264319665078,1.23024501594723,1.0769722917303,0.966762850487488,0.695349345045304,1.5063296999161,1.42218923956623,1.07123332583452
2025-05-21,0.88932474673073,0.765985795156643,0.617157916860638,1.22694258153955,0.858401120002412,0.627055111692408,1.09438488447724,0.548338939779585,1.57177704343474,1.74199179202357,0.932511853685305
2025-05-22,0.955241886851486,0.740040188512595,0.538361032398601,1.13649319278852,0.984169660822989,0.519372990583589,1.0299098795395,0.556357882451341,1.50748749066745,1.7847807809918,1.23483219439423
2025-05-23,1.57399012201883,0.90369559355652,0.607953350427088,1.41319626398703,1.3427220934684,1.1384909623303,0.91346027936248,0.620595023604875,1.57654914450324,1.70152939657626,1.30026170188074
2025-05-24,0.876157740599092,0.728684254493878,0.304850045582225,1.49426933476525,1.06407886903513,1.06812476636467,1.08086150322122,0.378236458091916,1.53845923223295,1.65719933200324,1.25003410481897
2025-05-25,0.812124976020754,0.41252733972139,0.770049393708592,1.19282816692239,0.905528517135457,1.10765155342058,0.810810252930563,0.559529124839679,0.322576639424342,1.59061204208494,1.19204895854077
2025-05-26,0.804777289903379,0.474715403020766,0.580476585578868,1.59584860048581,0.898917983046391,1.0956103229574,0.997594955903114,0.536364271444089,0.372781488757641,1.25061769345607,1.28393798709433
2025-05-27,0.497364738361761,0.68583008361024,0.352622219799037,0.820562679345489,0.860310618850219,1.18649425561604,0.97708441221021,0.477546587150776,0.747396591524884,1.20981858993305,1.7264894165302
2025-05-28,0.748108167633784,0.773975109040378,0.389789268576716,1.10701101344679,1.05140512133375,1.21125115487938,0.949138047599838,0.428095151413499,0.347477187720161,1.56808989504651,1.85932221610501
2025-05-29,0.746249991530069,0.747726519283136,0.552349145842684,1.23408431521176,1.15460123892801,1.16626869519384,0.97486244026065,0.301215004539805,0.549605464065512,0.533252246275693,1.69129645403775
2025-05-30,0.77952210221273,0.688878830560078,0.38244528748191,0.783842996256087,2.30122541232997,1.15149491422244,0.911105098117102,0.338229278627067,0.652358988767065,0.643534111213721,1.97965614382095
2025-05-31,0.774466468545705,0.426646703981078,0.16540450751919,0.855432138089849,2.11135533599623,1.06169386371151,0.939881002226778,0.652836668564519,0.589843611898161,0.466035748761083,1.96667153027546
2025-06-01,0.69915874314241,0.825150808609615,0.505796649843859,0.897396075121453,1.15067870074292,1.08032250625868,0.8839588503868,0.347202217198121,0.560063833531932,0.918305117663805,1.94337342601984
2025-06-02,0.698091870723018,0.44652747896457,0.577041142634016,1.16372821509887,1.65978454726808,1.87747486566159,0.867142504494224,0.394501252457691,0.737401836140614,0.447546273263916,1.86628777291973
2025-06-03,1.32700290195895,0.909928252838113,0.441445907735078,1.36317278293761,1.35265625207271,1.09125568016313,0.659553201573774,0.335829171884343,0.811751782036066,0.67108103601987,1.9007427142834
2025-06-04,1.44170747444111,0.686394887487229,0.313510729311056,1.38915048690894,0.447480708951032,1.10997686128568,0.74638347262757,0.415895320315103,0.620494417484755,0.734693261796352,1.86422641746898
2025-06-05,0.868063811091078,0.679666863726321,0.449645229893632,1.50583370009326,0.402160749631217,1.30953052190453,0.807785209146778,0.435846382019565,0.61101988087058,1.00036998286773,1.9127804482839
2025-06-06,0.906177496173608,0.542957888530974,0.587293535667712,1.38055306043249,0.441319803399069,1.16002496177329,0.693580881676034,0.352759568110146,0.428673814141021,0.766934544435985,1.13845382559806
2025-06-07,0.683753632956741,0.67183183836507,0.604619832396747,1.47262944766091,0.474545811002948,1.04926586522943,0.716349281095123,0.410020622488988,0.428725800742133,0.670278442968015,1.16466503889945
2025-06-08,0.90219444069172,0.691275940140514,0.587552234957941,1.50319707778348,0.470900406334934,1.17608618289924,0.73989755267087,0.811025338154175,0.412876547586615,0.80624891837226,1.5010598601646
2025-06-09,0.825180720919879,0.696893636816103,0.757361576120707,1.55262055782241,0.331764031877795,0.913550709171146,0.721824335794596,0.633322752479911,0.453995268525265,0.709584306989085,1.25464675477052
2025-06-10,0.988216984780482,0.757778974720972,0.764788396571716,1.51489685651812,0.339324151079493,1.27830839768252,0.774635418367191,0.670530620734832,0.395290509657035,0.666522508141753,1.95533998951162
2025-06-11,0.639068835779628,0.601856064406592,0.691353201299841,0.646269755807985,0.429535111562269,0.942308075503584,0.657919060880479,0.963770908371345,0.622527177925435,0.581236928258907,1.98790215621872
2025-06-12,0.84583585695194,0.40280721602942,0.729967114862232,0.815989153536114,0.17311282398847,1.42634419466088,1.13318051688611,1.06768350787213,0.940812102948994,0.389789348168952,2.06347611300695
2025-06-13,0.867656745375137,0.418149313095846,0.789502684848602,0.848339488402525,0.181360050082575,1.44985467460168,1.197870620745,1.03089330150471,0.892274860900955,0.557126372693173,2.04597410584209
2025-06-14,0.44303145712412,0.253632177839413,0.710710806787663,0.540955015679749,0.440696671155608,0.776288084130973,1.20838240073201,0.83850086942588,1.00219324251567,0.294908748306645,2.01670742805671
2025-06-15,0.682834340251624,1.01447654552422,0.637807825938876,0.609626400040075,0.406368810143384,0.675254817761943,1.19384923291174,0.908255015927427,0.837622924106886,1.22060556750036,0.685923269171579
2025-06-16,0.896915641447763,0.226450998924731,0.321670008148715,0.875776424016345,0.580712232619064,1.26748390269619,1.38763850056705,1.07160715115103,1.08549719265651,1.19333105192123,0.74913624160688
2025-06-17,0.817004980318806,0.645000931515021,0.887671506387969,0.862311104050739,2.04838580463977,1.41814324215287,1.39683550770254,1.15709625810727,0.960773360379419,0.875476421987011,0.839881942973224
2025-06-18,0.885575100705983,0.320326022334695,0.886615281211237,0.940315326966018,0.427418793115439,1.42787295341276,1.47445517003698,0.832867373938863,1.04292621636998,1.17166519049249,1.0957755773197
2025-06-19,0.870493201262572,0.590242484546603,0.874160873481633,1.06736471153342,0.367473940240871,1.45347333588928,1.3137101118237,0.667069264551584,0.785300268681397,1.13563294622219,0.825412955566015
2025-06-20,0.929850958516344,0.159589258630576,0.682029803433396,1.34738120495172,0.498793261990433,0.656731981916104,1.36873981007485,0.961222564233729,0.800412453304132,0.570852488758328,0.71302805192969
2025-06-21,0.951634197989636,0.146193526094869,0.66997364312013,1.33836797369972,0.581566032482796,0.685380703193143,1.40135091894804,0.793568370136568,1.40191599575109,0.483388548159672,0.755803003676576
2025-06-22,0.940005313049783,0.196236290301354,0.698558538769448,1.38089424914158,0.571551644475176,0.504239873066458,1.41386234731625,0.733664561889666,1.30295538826952,0.331361041725468,0.802683149364356
2025-06-23,0.985242964232007,0.281672878375184,0.668822276379356,0.994075903235727,0.608351412470489,0.461955175836957,1.54282743800501,0.736610732073925,1.39203693070938,0.794751134452437,0.566337869470838
2025-06-24,1.06065276809829,0.28947202727826,0.546346569632124,1.3741255612931,0.924344269096831,0.651970594468968,1.43326656381312,0.582621012793445,1.30069774546025,0.802701566004841,1.91984296620345
2025-06-25,0.87287404076452,0.220188424892184,0.608269941015335,1.15260532096711,1.16077869951683,0.570022439125707,1.47715678630779,0.614541658732405,0.32074749702443,0.825350083000931,1.88396847016304
2025-06-26,0.517846642080168,0.468600440504318,0.412892032483993,1.10492806374263,1.15850006933379,1.1653890713489,1.3685073499614,0.836193957416076,0.694037371395795,0.925634822433924,1.93082394517825
2025-06-27,0.5483767746611,0.486258551915149,0.638338244186083,1.11869962812687,0.66265492035287,0.434929971176742,1.45151403397336,0.629652591822975,0.630412543597169,0.906645245634846,0.526572699091263
2025-06-28,0.710304575058309,0.149234970055133,0.594584362937106,1.13083824534388,0.53686641954287,0.462570361656968,1.52539526017208,0.598724052552455,1.11915719501341,0.87811889085234,1.80083024528753
2025-06-29,0.561468434580077,0.187738442240147,0.628488344624801,1.18667461736508,1.14350916484514,0.612778052837016,0.980410602370044,0.554309566745897,0.713450530498042,1.07388290333456,0.601543041959764
2025-06-30,0.488933421656291,0.222683103132703,0.531491259846807,1.18026560899229,0.793506401545471,1.11757225905405,0.836027624884034,0.493412211019382,0.719562890178224,0.937844937226052,0.602382591724711
2025-07-01,0.603968785177179,0.534361447028483,0.296069030309955,1.3132770618606,0.430502003888218,2.38546287698688,0.710644316670838,0.38507280715896,0.647705563716513,0.975707162315798,0.896250404186332
2025-07-02,0.961415837065923,0.15860096661809,0.537226216493988,0.769370644206387,0.529570930466272,0.790064813434387,1.88008054212106,0.505820259266448,0.620485564844167,0.940349100817497,0.942468577449183
2025-07-03,0.840320850749383,2.13476463881954,0.5509032257414,0.535065621542345,1.14331955181841,0.814764962136873,1.22816206829341,0.825235135053862,0.629787061819693,0.813256467502219,0.828700860442665
2025-07-04,0.770060604592631,0.684964780491301,0.670138979617555,0.795121136793878,0.643428302475864,0.666352777959276,1.3131816379217,0.820032796647055,0.596656599979414,0.786324479156932,1.17175564934194
2025-07-05,0.578774565222889,0.724528428232191,0.724729910911211,0.803462936225721,0.528928824028523,0.690531820597584,1.69705100697797,1.18440372349519,2.62002306189211,0.770062649944929,0.42287028449982
2025-07-06,0.469884371979138,0.408211461817922,0.624764721162592,0.798951659272016,0.727376683121226,1.60590243290657,0.555171873446373,1.87846855788052,0.651207598937699,0.738230785189489,1.09759777924606
2025-07-07,0.936512630124071,0.389632988237194,0.65527177119736,0.602388716687214,0.680772824397896,2.14392756689177,0.651295228712884,1.31981045449088,0.566038784247206,0.923911999067602,1.15585972694788
2025-07-08,0.557910701671348,0.855029646195708,0.817373728744387,1.1865206591309,0.714832845704008,1.88271030599169,0.588034747399692,1.80015669735226,0.551932855970676,2.32985402059899,0.780384082843918
2025-07-09,0.954226332228902,0.367600944374107,0.952476300135117,0.711790027313508,0.594697568100788,1.03603878289446,0.615788121664303,2.25134960037608,0.716529620040737,2.17601951119592,1.0368976391777
2025-07-10,0.466586187521232,1.05278946011712,1.87176181902956,1.05678946316526,0.272120428125801,0.526979040160754,1.25273891400009,1.47347542122063,0.672401551699842,2.45563453053743,0.847673699060428
2025-07-11,1.04191445380557,1.07011267593375,0.875147094957218,0.531144962917931,0.819889240704118,0.53933505650035,1.09405959145388,1.35402448721188,0.723783376667634,1.8827722615441,1.14303467489484
2025-07-12,1.03402845897298,1.00257422572822,0.917324590661544,1.17929070613644,1.17604303433112,1.49886974096018,1.29292310172556,1.72617225931008,1.22206666934216,1.96760068224299,0.758952705244849
2025-07-13,1.05326817187912,0.439594879349044,0.981456029805971,0.624679504360388,1.46761166499706,0.35298049005601,1.32431138364097,1.41749849036581,0.738865949376979,1.81062587768067,1.10997466875152
2025-07-14,1.47645558026059,0.455253164249699,2.16007146904343,0.731333365378479,1.39800540834444,0.540789794450644,0.576332036680422,1.43031029210836,0.625363890832941,1.78629647486302,1.10160105245303
2025-07-15,0.832910861472172,0.446426718981066,1.17202379935858,1.32410849625117,1.39656557050673,1.06200811719116,1.12129375865849,1.41521722715787,0.452816986017703,0.983497589188394,1.37566714447012
2025-07-16,0.986091481168214,0.329207231734132,1.2003448198393,0.410481600573238,1.4031145517886,1.10574374971108,0.957049436903971,1.17598855442372,0.463282531371541,1.82755690120094,1.21555931726424
2025-07-17,0.924466435506463,0.449765347161505,0.647642184450732,1.30870407827008,1.01759144731489,1.54843662336609,0.47191631159312,1.45927705910629,0.292755759167083,1.71984722399559,1.15408525868261
2025-07-18,0.99289712958408,0.576660990918036,0.207259867411046,0.529672102878879,1.57576946680484,0.943088355687929,0.560259449436849,1.26141708285074,0.578358354595156,1.7827098083726,1.07363368251618
2025-07-19,0.367730479034238,0.51296766579341,0.513148809969013,0.671911758479912,1.29589437021811,0.762036460846917,0.885449355698696,1.44852381608326,0.488998350441302,1.53492077036286,1.03497967948493
2025-07-20,0.9960292269522,0.305704817326223,0.816975487213482,1.62425514569158,1.51306626289656,1.81733816587206,0.424049693628176,1.77302714592871,0.691217836252698,1.66643672375782,1.08930821030157
2025-07-21,0.986667003826909,0.587808248205614,0.397219793614953,1.61316108637023,2.16757077986411,0.861489270768333,0.466958746119757,0.942880673560547,0.695150516395724,1.98627487739254,1.24643632771701
2025-07-22,1.38750791085795,0.626113852623427,0.503358449110455,1.45927894335417,2.05418246015232,1.66607657984559,0.470510326644243,0.981035688414033,0.400917735275957,1.66027899369064,0.514148038850823
2025-07-23,0.54106104286962,0.557006669091667,1.04337565537143,0.70504230482341,2.03564534389354,1.49218117982523,0.436433783737768,0.978649340139262,0.423591105939487,1.97118045584231,1.41997743122352
2025-07-24,1.50681742841318,0.320217062091457,0.741887107919487,1.61308728094978,2.01084801970053,0.919448929842093,0.389981619407555,1.39502436067669,0.474123434907086,1.87966917428308,1.27141296820515
2025-07-25,1.23109824969503,0.220228473005585,0.489332443706501,0.942870974328652,1.90331613282046,1.00043468061032,0.346955621490728,1.24599055736959,0.423907011743773,2.30158690622096,0.950081489744724
2025-07-26,1.14348006981042,0.210618825915539,0.870851467353472,1.46734919492528,1.84129152690529,0.671050035070735,0.40018221911301,1.35478986800438,0.270160829354891,2.29067322254077,0.484632150998467
2025-07-27,0.755882921655383,0.62764583014544,0.957346482489661,0.914154881171057,1.80758236917883,0.526229522902375,0.34530879312274,1.33272964846528,0.404696864029796,2.30472139804075,0.887184627768397
2025-07-28,0.726556410143636,0.280233877316782,0.834211164608264,0.662822353455107,1.62000093400798,0.468097772960453,0.35686927732804,0.631201687287588,0.43047490076291,2.04531183051823,0.795827237825478
2025-07-29,1.20077308820799,0.372640223518229,0.261673256705764,1.08191185799785,0.934028013911648,0.658557973293703,0.403407376239469,0.674599349472883,0.578436194356744,2.28062887678414,1.0301690613846
2025-07-30,0.207710104620749,0.906343460293905,0.568631071050092,0.494155801004131,1.02987312479529,1.31173220055238,0.367126921482587,0.694212345365069,0.596485926181761,2.46298001184995,0.615898531540175
2025-07-31,0.256658997809835,0.698298323580036,0.457317266958894,1.18512620764434,1.34501066581894,0.955633110842937,0.445676284019476,0.639723901854044,0.680459522344352,3.08752626726874,0.519051278434272
2025-08-01,0.380637651521831,0.682748622542289,0.423053006113515,0.590840281076538,1.4151425575878,0.63855443872953,0.469154163668387,0.915638386255255,0.553692819775208,2.19663745569353,0.553264225579051
2025-08-02,0.552858072957144,0.793607248803638,0.418256117586025,0.992297878080532,1.42065033494243,0.623347873640648,0.465324271558063,0.957545421215263,0.5575391821914,2.17404682254973,0.726667084242638
2025-08-03,0.482195308105205,0.765934519459681,0.425077598937175,0.979371424205046,2.06714402497701,0.827543653831668,0.515984042033271,0.863283327252528,0.620740557337545,2.24254523009867,0.393386244288301
2025-08-04,0.406306623053581,0.452582765009632,0.4412085316709,0.867684174167279,1.90079925633315,0.585208375167628,0.51358991166025,0.746546384085903,0.484047142841531,3.18840815648853,0.520929382657733
2025-08-05,0.831790335794792,0.492371608889603,0.467825176054326,0.998262689257754,0.607295656132185,0.968229791155245,0.522194136085576,0.632100264947541,0.776781047053169,1.43905344978825,0.655232687275019
2025-08-06,0.773526567400532,0.588158515674,0.424495757902834,1.33105142816171,2.20132591779477,0.567754258403666,0.516593179784092,0.402670164922446,0.541033330579982,1.95661368510997,0.260498570531224
2025-08-07,0.833590542808506,0.408702978017326,2.88325087740802,0.648582153971868,1.95240655605207,0.649119897869059,0.634784575623762,0.521659437508333,0.53494445943393,2.14989226108254,0.544813987635267
2025-08-08,1.08454786235186,0.323011250104863,0.256645303749437,0.619322342713173,2.09361034924647,0.768972208229405,0.564319213681095,0.46111743179243,0.441340166602287,1.68377500281473,0.540909916355152
2025-08-09,0.47241187208445,0.830395919799807,0.544519079936283,0.772897419483082,1.86533012465114,0.560064968435557,0.540001384356974,0.369174746505145,0.573826731897632,1.27892948829751,1.40082779938636
2025-08-10,1.04620372701693,0.811144290711815,0.588443950043937,0.707730678858812,2.17123900714218,0.746542515845929,0.64752306125129,0.811909243680223,0.486246820308759,1.42704098173115,0.788667023767097
2025-08-11,0.421172119063095,0.794213446131081,1.12012860146292,0.611398577387834,1.97231547715731,0.599350892953797,0.644847544803006,0.618118274979269,0.489536080545145,1.42193340469184,0.812781190836317
2025-08-12,0.540851550630269,1.03986825317227,0.33839240359756,1.37423830704566,2.04326185332751,0.673377664714241,0.568459422740563,0.701367418364222,0.275103197852199,1.80609989598451,0.692510181860687
2025-08-13,1.14377399819933,0.778105605319764,0.978799826695501,1.21594310588715,2.20727323177026,0.571707363584582,0.609746686637008,0.667819854160722,0.445032908341102,1.38062665710942,0.862636497925335
2025-08-14,0.101421845458871,0.769185199232674,0.616180152612626,0.642800433170201,1.04684870293175,0.642995042488943,0.607571084292544,0.244702923325807,0.435526840424095,2.69334571704671,0.872225594511941
2025-08-15,0.896572776245618,0.564710055592602,1.02150793655533,0.320790076095684,0.902112727006172,0.270733883753687,0.779247009775626,0.395585484108287,0.618614169202887,2.740230234355,1.15234386872432
2025-08-16,0.905371514788256,0.483626071673775,0.786278521186455,1.15444545097648,0.961273165427121,0.39004473465132,0.649599783320876,0.365801312650205,0.545700581411235,2.8175354770937,0.943244065137719
2025-08-17,1.12522981421102,0.317970061188209,0.586607654502609,0.984027304424493,0.96459477980067,0.580950362716962,0.661271875905011,1.13043773144293,0.57185463698807,1.99037028478613,0.931684020588007
2025-08-18,0.537221709007453,0.647539595619142,0.516037935737342,1.25475660968105,1.02613184675259,0.560626264360277,0.702171365834975,1.04546703699646,0.638315284101607,1.60026502055667,0.908858946704641
2025-08-19,0.547350920755277,0.538027944909927,0.563864409664972,1.92528787476255,0.406692064114404,0.61545718728923,0.590678206248342,0.665830820899811,0.699057849921802,0.641433448574847,0.737048236808266
2025-08-20,0.594195900114414,0.373519333341717,0.399440765575156,0.281406143808823,0.318580009104597,0.898102525404838,0.597667763752958,0.820775415514307,0.317684982169141,0.655424207647465,0.929741473561684
2025-08-21,0.223188875093278,0.537103885125365,0.459184146792353,1.58498436715141,1.12131093359551,0.397055209187912,0.576121746336719,0.886064465438733,0.691345540465012,0.95025786209147,0.474496748726504
2025-08-22,0.627504639074737,0.725914572058819,0.503064247352844,1.45910047929716,0.697672668020375,0.897506274876541,0.513069764550023,1.03833552799099,0.468190496670837,1.54574802104782,0.338629484815032
2025-08-23,0.454022369419403,0.433770194989767,0.387567680483551,0.786449620272394,0.574100058641294,1.01015652456927,0.351243271396073,0.938473097832224,0.433519000494972,1.44922346581741,0.326655041500713
2025-08-24,0.382239233939588,0.276575540814452,0.315199080965245,0.936981762831566,0.736367748883324,0.624213647694341,0.326259587616019,0.97262607473803,0.911142553362424,1.52728285427753,0.409182890217672
2025-08-25,0.556389830510505,0.373058184066254,0.384298208302344,0.743806645102001,1.11425461727996,0.378458455386756,0.499079325766763,0.82337913072796,0.86794200239668,1.92610231554,0.373407562438843
2025-08-26,1.12622108020217,0.444353586798052,0.52189106233178,0.695679475573443,1.10940982779385,0.685134245729064,0.546317912973031,0.982582502554621,0.730649254918574,1.56686499009116,0.49443895786142
2025-08-27,0.218308619387807,0.315559592639648,0.394506942578583,0.884027973252842,0.98325630395767,0.695855977828497,0.433499201363117,0.987625641789522,0.667805140195892,1.55099165753826,0.297502257813174
2025-08-28,1.12361092083262,0.567537625806172,0.526370765870424,0.273118082731539,0.860230722847953,1.1832076948712,0.570845944454917,1.07315486255387,1.01367278756018,1.22533066124834,0.422294484400758
2025-08-29,0.398483125481137,0.707780882780016,0.545155959212594,0.290108613446904,0.52859872505149,1.12079231790693,0.55797349395201,1.07454144061379,1.22613438596113,0.771241391138121,0.282356341990801
2025-08-30,0.516417582880526,0.346579628404666,0.515247578177899,0.39859758206112,1.0951264566634,1.15603122416032,0.308384243783478,0.995088458577205,1.08113024684288,1.07982172061016,0.263722702592278
2025-08-31,0.372675609391163,0.713143247038155,0.367926246177685,1.05804002241922,0.662044548457454,1.09817142702178,0.358241525985035,1.09052474462333,0.503293398299624,0.988317259415095,0.19198496799173
2025-09-01,0.649976933051753,0.720910641103254,0.595179893885788,0.977825569746898,0.621112683561724,1.07715924248545,0.916788830240831,1.14604356771378,0.906190129912107,1.04834708163263,0.480080445233945
2025-09-02,0.334781666419168,1.03847481147985,0.832050412659769,0.586800980319891,0.872716340235925,1.20552232817378,0.411069896295087,1.28143786102411,0.814001702496042,0.735062416608668,0.196642592308764
2025-09-03,0.516786127454851,0.829586710342756,0.875160090600101,0.142676944276069,1.01196008620958,1.18649581032392,0.319313562748054,1.40554282437629,0.663063786117782,0.959758366384192,1.24390986300632
2025-09-04,0.429795135137115,0.846925906507038,0.911727160515335,0.453465378270289,0.822171440666975,1.08772213646331,0.128667714658043,1.51332931117399,0.299276582925956,0.846395953613701,0.886235994597736
2025-09-05,0.412237966828577,0.788476504304595,0.935745956595297,0.595552525657422,0.914626125970537,1.04623005144901,0.47950639766578,0.702948941110572,0.286802992168714,0.81155500365696,1.05335207293756
2025-09-06,0.35343452108823,0.742695849692963,0.855460653690814,0.621136887993817,1.17074795528554,0.974301734288942,0.504357376608813,0.987563940112221,1.41820139984505,1.29277979721639,0.914903377159245
2025-09-07,0.486963611321327,1.35164081766177,1.11211592411659,0.537628591846834,1.02189966639453,1.01638267105915,0.300540889249357,1.24324626552553,1.35239217379893,2.24268426869838,0.905970805765
2025-09-08,0.504381551973416,1.42016040234073,0.517625583672539,0.531928992384975,1.02816522343849,0.746887283991097,0.282796011538376,1.30550016254916,1.26476870947624,0.770571899152737,1.20721960126997
2025-09-09,0.410280278761789,0.909255832242282,0.562091683442953,0.254554080293534,0.739288969368874,1.60524946271707,0.362572352341653,1.63805868638143,1.41871296359294,1.05516367156229,1.18840063780088
2025-09-10,0.931773661270295,0.809738250088287,0.349935559961819,0.215160324410964,1.29315610044795,1.73457309986444,0.43630043679306,1.70093666308192,0.632000987076209,0.477906633179919,0.607905942193751
2025-09-11,0.41261144262794,0.58511323374975,0.72451754692361,0.285031791944556,1.32915100241464,1.58191687133108,0.440855940492944,1.71417025960002,0.293741012615078,0.744371905188719,1.01367404941502
2025-09-12,1.36443003615437,0.52453667850693,0.432114299732753,0.21105447821498,1.60314775061184,1.68753784303418,0.489816459232975,0.964993378074197,0.360988218737679,0.864422392006382,0.971142428242578
2025-09-13,0.858889129352562,1.74689325999216,0.399337189031642,0.283111620475495,1.28206891349686,1.31690947408955,0.738724024729695,1.02906844723877,0.428509784834386,0.764833655958448,0.674793997624269
2025-09-14,1.36381958365497,0.330486625089963,0.470668746701841,0.285504768702324,1.19772277024674,0.211826134764335,0.87926776480595,0.768461142918199,0.321593042016592,0.532667506067497,0.753988910096184
2025-09-15,0.623855830326187,0.501542005805949,0.464825515968028,1.60844621137636,1.39255487219364,0.100030791169597,0.311174404806163,0.708151010991488,0.611827989553754,0.597955366388904,0.683116444633089
2025-09-16,1.02467840627973,0.674070858790538,0.635422513019565,0.689775603706527,1.5604641827525,0.405085534524671,0.756212198241448,2.16308805684773,0.744702672822957,1.00081344767906,0.881732408482187
2025-09-17,0.769295157886674,0.396561069367177,0.640067709009932,0.838527968363009,0.569588766231382,0.561426675879111,0.313615597368891,2.14882794898062,0.568132740809278,1.04445161910116,0.656058531470749
2025-09-18,0.399464151718189,0.791984074431253,0.332752374218413,1.17516755044345,0.534934503270558,0.409859717301284,0.845391868309151,1.75475304036605,0.536862863461241,1.09604591803013,1.03414944464262
2025-09-19,0.876598505127416,0.775104427934241,0.534000915533429,1.06703319212798,0.536809094102394,0.257512826503852,0.753277666998454,1.57534176403493,0.50254975894449,0.778698883723142,0.928370154887287
2025-09-20,0.898727655010157,0.729687554985621,0.531641915192925,0.621632464773573,1.13470730680259,0.437816800966219,0.629637144398977,1.74097942522213,0.425427139645771,0.852888090978414,0.579863186730772
2025-09-21,0.607777793487381,0.701269390053923,0.348940327430017,0.793081237908264,0.795166411548771,0.402895567870543,0.362708601182802,2.07542226069129,0.74654116004581,1.15813298845114,1.6253752415097
2025-09-22,0.443170246061298,0.684821202109877,0.37897886110291,0.732990442273035,0.876137075191873,0.949631689307924,0.385838557410626,1.30607522146826,0.718410436167792,1.02222150788251,1.49390581473602
2025-09-23,0.501375358968197,0.554100311861804,0.442724426874624,0.239488938270878,0.708476959588977,0.948628492152812,0.72001176704466,0.990270129988583,0.792659950553583,1.0109264855586,0.69754858143606
2025-09-24,0.788329488290847,0.678028191098931,0.45229541514911,0.593282499735067,0.855111636083492,0.720326288277353,0.52627221253054,1.21511002556915,0.888097990825649,0.670109532895541,0.894040874137955
2025-09-25,0.580518221142873,0.386493271168184,0.544947813057887,0.711517358495829,0.98406638069615,1.35678240722874,0.519439472076394,1.12444239787322,0.837629807623557,0.727697544276092,0.556890387817479
2025-09-26,0.698029089244076,0.401026472783479,0.508424128484304,0.912665645773137,0.574571483363015,1.52587772503665,0.260518109638609,1.98670908466782,0.922901746339676,0.719151163340671,1.02564964409008
2025-09-27,0.597481428443287,0.429447983785104,0.720546735480751,0.817021361507053,0.511442188968453,1.43354285454479,0.525460910222673,2.14067664510786,0.887714944892998,0.657152483425588,0.816730462170253
2025-09-28,0.740897289610796,0.319854217066563,0.572851791778619,1.32296383389471,0.882698432867614,2.06580036477677,0.221563457152285,2.19703777811214,0.389729013480398,0.412396716049075,0.56145213692567
2025-09-29,0.930743497878423,0.515154219834,1.34064582923788,0.647475216496685,0.787424706678396,2.00070460746467,0.508874124574085,0.91338347849108,0.808956710852038,0.581796804962266,0.694157499187776
2025-09-30,0.951479579284694,0.361632707938765,1.26255779842931,0.598834561823008,0.760497748865657,1.74916244238998,0.620764607949917,1.45839020966592,0.698494834446774,0.41795039429339,0.772464284991601
2025-10-01,1.01321931110911,0.852792763094182,1.32213425580462,0.976325558812143,0.95978480309261,0.493548089614574,0.661748038515925,1.65860698694967,1.45160984511193,0.746655693634582,0.565114834029236
2025-10-02,1.02838577987965,0.847173798491332,1.66069941170552,1.15375196668816,1.55918458228158,0.480269561068047,0.847124484083245,1.30834623233617,1.48940247377669,0.51331659938841,0.215849343791592
2025-10-03,1.01483115006045,0.724999822608495,0.374035472452268,0.62055615858974,1.79832392648096,0.50760184208627,0.571047501240624,1.3378555484447,0.873963419587898,0.938071811326204,0.863439238234789
2025-10-04,1.22190118762167,0.886705418278403,0.321518982754722,0.626058929276382,1.84751902337585,0.69829976072346,0.601488930584986,1.63436201303143,0.732145520647752,0.889407903540534,0.176432250654949
2025-10-05,2.60302448203599,0.904923151409218,0.319736924167514,0.995360857766499,0.222464611987851,0.673043375619929,0.533139654197378,1.58213283916444,1.13319705099993,0.833964719946342,0.263539414133524
2025-10-06,1.49135999072504,0.664483549905782,0.629337751574889,0.962936625603609,0.502776230295349,0.87376702473389,0.851768209467838,0.594515045997264,0.941787077331059,0.886807994288509,0.567430603759894
2025-10-07,2.49702873206146,0.599236406910852,0.400269150852462,0.739825073236956,0.568894086539988,0.645355942585178,0.418792831798911,0.653365926384833,0.457876364447458,0.657885869743916,0.696657808737145
2025-10-08,0.594566496312599,0.47761943665254,0.384324463926347,0.788128855090678,0.597992246757589,0.968360756453761,0.894195083115779,0.715610786972844,0.568317737317413,0.750859097309675,0.392561846217658
2025-10-09,0.926012739842198,0.893561854254128,0.143081155699663,0.679776930367471,1.34685675195922,0.593237038314211,0.831715145864496,0.874979442703133,0.466489205113784,0.731008681024205,0.669627231026351
2025-10-10,1.19173510398783,1.11448759451883,0.33885050448484,0.772894249564926,1.29709722865968,0.607106626329269,0.575554398643842,1.23803403070622,0.888455672622011,1.2926318024097,0.209405802795589
2025-10-11,1.02308522660898,0.0975801384273911,0.312625560850238,0.692250653492055,0.972943058687605,0.771082542796372,0.584573527826557,0.630661351040304,0.810454538279891,0.912108101994476,0.593995593349377
2025-10-12,1.19649815858791,0.764954301116996,0.247763375983322,1.23682901873141,1.14410621307538,1.14635296668397,0.563478260793774,1.24214316353735,0.841481818663,0.930298229124935,0.599153697631592
2025-10-13,1.03570158307904,0.908102566680363,0.325122104711305,1.17614074141388,0.526796317992034,0.880520307155161,0.419429163622995,1.02595987769064,1.37130343924661,1.33118095752209,0.543339567056017
2025-10-14,1.29523187787496,1.0009678408589,0.369075744247332,0.314358415007562,0.51214997113087,0.842704061177219,1.59956215520311,0.524003315863302,1.30055228691041,1.35139983726316,0.530374093911978
2025-10-15,1.05188180191336,0.9623197358794,0.404191890049373,1.27835701819739,0.464033318785203,0.864945861329103,1.62444126792256,0.906909315914448,1.2654094326095,0.767248568741351,0.668269909562828
2025-10-16,1.09982751777594,0.897184640497275,0.255459901868355,1.23702247963367,0.825032420549118,0.911211051859694,1.4800948673174,0.869275068274874,1.20027481113899,1.14887326092885,1.22894921117694
2025-10-17,0.687177760756559,0.750023883184814,0.206891853289582,1.0093498984448,0.542499388844567,0.840980383621165,0.785319637810806,0.815635077195862,1.45286813896784,2.31703243838174,0.937375977399061
2025-10-18,1.24781341414847,1.13577412903117,0.371727788841588,1.03063915017307,0.337970274020152,0.520662374267015,0.214851784791495,0.969532101232294,0.545496946208941,2.47752810389109,1.15591568153834
2025-10-19,1.11774701945142,1.06114617389275,0.331608486871186,0.484492833386858,0.665279295436918,0.895102843941715,1.29088912437397,0.814000312995742,0.77762730653644,0.552931370917447,1.48037116405921
2025-10-20,2.38770338175352,0.900654180415857,0.358641361579674,0.342295789751168,0.559078066387035,0.527822888633392,1.11304504548058,0.93233527351024,0.664216006084389,1.03666375924965,1.03557764235645
2025-10-21,0.746429630163879,0.807971179969922,1.02253721157626,3.33573457513379,0.398625349792848,0.686535925875808,0.516490728539833,0.383768571008455,0.790205929244455,1.05189537619124,0.905290112321401
2025-10-22,0.523181114800109,1.03716646662689,0.427176666274155,3.71444632718684,0.840485140026559,1.04288867190849,0.482707355989197,0.948381774094691,0.755009980233015,1.01448900646791,0.731006400458253
2025-10-23,1.09318381204405,1.03266683391852,0.794578077280937,3.62859904344071,0.457583328270719,0.991147498930702,0.379995501461077,1.23213837698842,0.835491459928085,0.727200153678112,0.606577511426016
2025-10-24,0.583343409120916,0.496718334414737,0.745534204159473,3.71613011718243,0.455580845739841,0.966079984339922,0.481346275433131,1.17520625220632,0.870484355785889,0.996906699083108,0.431308864344514
2025-10-25,0.577130281957612,0.491006955236267,0.48235156350818,2.97040750680704,0.432378933026664,0.925951643927108,0.447035734652284,1.25722037753648,0.820320204643444,0.71733100982391,0.449525198879657
2025-10-26,1.15231395027207,0.543175228310345,0.940278433632544,2.9688160963911,0.621787380587773,1.04944303017859,0.614665515812166,1.81054756887271,0.761859359736581,0.616079466021882,0.404246718544771
2025-10-27,1.37350543789434,0.339087808299585,0.514717674919143,2.93049960434026,0.743211661751814,0.659330809924643,0.353153301499654,0.832340085802362,0.778679169049977,0.675937529654801,0.898923316368425
2025-10-28,1.28383662230891,0.689938437571397,0.914514097340302,2.93313453478911,0.925287009647588,0.944768121969307,0.6946650242651,0.683411610129525,0.821778342485703,0.820032602179576,0.884388425038085
2025-10-29,1.40078246775682,0.484039469564556,0.799004665820165,0.571607045161506,0.496049841920707,0.841065623212815,0.567721082996829,0.417853890652186,0.988813993227687,0.714571083233128,0.495288793497872
2025-10-30,1.07582781801743,0.458143342506061,0.186022922318813,3.97969303624159,1.86349018082458,1.12681566432415,1.27074557299013,0.534749753663857,0.63603349005026,0.525558307666581,0.4405609343162
2025-10-31,1.04050795904005,0.639583110420939,0.277917451975774,3.88493573155235,1.17359639541451,1.18355998249202,1.38762086850332,0.503866961602784,0.641281678206122,1.1804275193427,1.08986902247872
2025-11-01,1.67523636940952,0.754043369226507,0.707443988526934,3.93083878973361,0.615287031602728,1.16020201106911,1.29928948738139,1.06041537161587,0.759398432574928,1.39105352130121,0.61225895448082
2025-11-02,1.68249803997487,0.371787219935504,0.50614873811842,4.03990247281772,0.68908646471058,1.24665601858164,1.209296658526,0.625929625511492,0.375503333243057,1.61965305293918,1.25645000038279
2025-11-03,1.69831837820871,0.605961863974709,0.558050528164918,3.91727332516861,1.30152309658966,1.27598489718031,1.21899393824906,0.695224889005797,0.376225998689469,0.880172224645995,0.414162793570091
2025-11-04,1.45364340319427,0.492999262954171,0.469278507252294,1.57094610882726,0.839385900265183,1.05919324508688,1.01289376978275,0.733518889058618,0.462332637002808,1.12985975404706,1.1593246576573
2025-11-05,1.50659026647128,0.840206635615644,0.226377136286191,1.67259061737204,1.00717408040996,1.39625669175966,1.06625502209992,0.937493829116831,0.884630279614155,1.53306939419318,0.6786781651304
2025-11-06,1.13364054286132,0.772667003167846,0.821018363909073,1.63769162106727,0.565519321869845,0.661841837353684,0.903875027019721,0.722366219775243,0.460061737701934,1.5249261047877,0.407254950756708
2025-11-07,1.5514263940453,0.884141365810095,0.653657492339764,1.69953816302487,0.975869155248015,0.548867420819958,0.838492272919818,0.464593220085469,0.652664936959962,1.10403238820165,1.09095975508367
2025-11-08,1.17025456039087,0.718903798930062,0.557872667735213,3.38790870624286,1.13926910442805,0.489870621900993,0.740484265875239,1.1486148007626,1.81235665918868,1.49607352762567,1.61581236875743
2025-11-09,0.805185766861023,0.671188485487746,0.607103105903346,1.4435745406717,0.936089530966056,1.12934370479733,0.774606078970376,1.13562904518741,1.6905219356556,0.458429076900488,1.19562596609374
2025-11-10,1.27598430820487,1.56118705793364,0.671653051745444,1.57465899740092,0.856704051223549,1.24378693669445,0.577563212313077,0.718593052233683,1.41849785512717,0.469428953005112,0.720773892620921
2025-11-11,1.1703032042544,0.871649772998809,0.489845072380586,1.49612646062624,0.842654172154482,1.1730775001443,0.79899054011496,0.582238718505778,0.812744606250057,0.3087030534445,0.683513623485743
2025-11-12,0.983748558802536,0.362847653172874,0.564808759362836,1.28817736072504,0.571848759232933,0.697620987353844,0.724388419467684,1.20691846629724,1.09689233922454,1.01277397353675,0.926255398641237
2025-11-13,1.39466461879874,1.25127063364075,0.541427544921683,1.16522464785058,0.621382685754159,0.346504364210882,0.815964655769073,1.34562745445585,0.787845127785911,0.996195310457007,0.787597668026673
2025-11-14,1.16983850844423,1.30570022905184,0.682320679196315,1.54483988210448,0.515488641217328,0.788136706103337,1.14375243821546,1.21804973999691,1.02226412242957,0.488968906744544,0.917682886028576
2025-11-15,0.678814749871209,2.21349961245424,0.666282465287382,1.30256803666863,0.442232903669434,0.704536032748885,0.934127417231815,0.480091319863055,0.889070584611549,0.83592403549538,0.767121654655498
2025-11-16,1.09815532430764,2.25646618185823,0.566214815361243,1.5841083248323,0.54023758787279,0.867240006191822,1.0124902461289,0.440900337912139,0.921615272553686,0.765272151279001,0.727693662892535
2025-11-17,1.20291708983231,0.522815164865078,0.491146793102478,0.948990608626408,0.774887764247863,0.797822240391072,1.90007244807377,0.443337153783305,0.505063116788395,0.633541193764937,0.556307485465072
2025-11-18,1.24614889863205,0.534903587653728,0.340003016118086,0.914419655162672,0.751359704203229,0.110850883681899,2.05722805171951,0.290131458580248,1.76580204477399,0.27133087766012,0.695112869938216
2025-11-19,1.03677433852574,0.503993938684753,0.422201769904668,0.803160173015623,0.179879604744354,0.115202465233292,1.72625952872675,0.342825667086976,2.08107061356064,0.331780786954618,0.909076408772887
2025-11-20,1.51408317235612,0.594201770782123,0.423164197781576,0.819594378584308,5.9338594194426,1.30746071802735,0.923096228910765,0.396859227521241,0.967525743140869,0.408452328732383,0.40796814052836
2025-11-21,1.24594572185131,0.849175631421217,0.503784450198273,0.649718766617653,5.90893377327406,0.450598343148498,0.955119451358429,0.360048071635652,1.21935849719766,0.302063898737875,0.54497210378453
2025-11-22,1.23361088298992,0.395295306904787,0.410123445074174,0.991193973576519,5.9695052913538,0.471902776119874,0.920172347603344,0.385898632514364,1.32807458259044,0.280307970491702,0.604230316658132
2025-11-23,1.24750971308467,0.647328820372712,0.874611844546578,0.948475074036177,6.20380694823612,0.414113404614278,0.98439757403642,0.407605339553683,1.270057117716,0.353065902571699,0.538071537441961
2025-11-24,1.21882769436375,1.62439126079152,0.687851483008858,0.237318612841287,6.18259572245392,0.403088538157568,0.978301584387081,0.464548773622177,1.24324607711378,0.378665294725591,0.369973519338126
2025-11-25,1.46166203773353,0.481932389672281,0.529736413586023,0.927161964630656,5.85462675902726,0.373384693261732,0.925621564514831,0.817359907651706,1.08984507515444,0.587652569277288,0.647577029765128
2025-11-26,1.37915205702463,0.632700607868742,0.661395051310826,0.854987178299348,5.51721928491314,0.481509213689782,0.7181857996637,0.352198716254542,0.979510248277436,0.7406131745978,0.511141001533009
2025-11-27,0.847028981815709,0.36933545224438,0.48468079447732,0.70186534215909,5.62227949298156,0.3747417251851,0.473568217674868,0.461425534013842,1.09287148750144,0.726770534978068,0.630328612667788
2025-11-28,0.748897749449547,0.306262845576607,0.590697559186608,0.805970769218958,5.54209198556621,0.379759520659218,0.515171737831902,0.884123208244538,1.05341069126605,1.24758196932195,0.622163767004198
2025-11-29,0.963815593344461,0.303649621918587,0.635318004978592,0.639487994015198,5.70951191255362,0.365520589920341,0.482801278852186,0.934406197163828,1.04882644916564,1.2891360877415,0.36498451143838
2025-11-30,0.68906893584979,0.307848829213759,0.754664651573513,0.684056493253179,6.33823463331846,0.364330284380812,0.345874711321072,0.862544994499192,1.02559669797783,1.49259881936691,0.486068660334414
2025-12-01,0.992233577157775,0.453069954997921,1.61956050300425,0.698865196458671,6.01014695576689,0.407154918704013,1.20525862910499,0.642755506900002,1.01575009132478,0.941696273434555,1.04888119304797
2025-12-02,0.980197154453387,0.423917478660521,0.461348713690084,0.772758068103691,5.79952204328845,0.379069597874425,0.598347705322167,0.727458691802767,0.996994433499487,0.911863738631478,0.559221147483094
2025-12-03,1.01500393455845,0.412889546928654,1.11305510344004,0.901480842711865,5.99255494274404,0.416040905391367,0.25157506296079,0.63306146607282,1.43575800385129,0.856530483805981,0.599957083363971
2025-12-04,1.10878706396567,0.437251618294662,0.402825547748512,0.746192006182747,5.66477698551454,0.728231883468991,0.504459623103544,0.820868723234872,1.60838646690768,0.879149361377373,0.564011720158591
2025-12-05,1.12136784514394,0.49957814717898,1.81787778347579,0.644384045538613,5.92097196115072,0.394533427424301,0.540705169874827,0.862835386176775,1.75705637082705,0.891139221759241,0.877494977390844
2025-12-06,1.43322234378593,0.587022523227338,1.13318788480286,0.445502718790415,4.84497294282416,1.15348405399129,0.202528265785006,1.03825552165844,3.09196182266684,0.883766577246792,0.513902612391099
2025-12-07,1.48451008963116,0.616566826434839,0.250199437770469,0.717849850683848,4.63419719648589,0.371128649744091,2.54436730158848,0.678555254068672,3.06450707073199,0.867553066842094,0.889523548310794
2025-12-08,1.4476747216708,0.732518097404218,1.22414791795561,0.61380184604422,5.15276028242407,0.393927219446746,2.4033643804989,0.95737945363263,2.34157215216706,0.982054128463376,0.536960074357567
2025-12-09,1.47796282298045,0.646657852646486,1.12837174283756,0.681379776424673,4.69552449823092,1.60902405966362,0.683039048829429,0.799742000740394,3.0926248165913,0.859470297915585,0.581018202743738
2025-12-10,1.20934704119469,0.974963063983934,2.55391203065774,0.51034575860941,4.61665707485927,0.507978913069065,0.436075334211903,0.92302137772044,2.42880110818348,1.05441585341569,0.700867152508047
2025-12-11,1.62839421423059,1.44897922776715,0.708223571984561,0.452470998669017,5.14505849318875,0.331749314235797,2.04744567511113,0.517023844034197,2.37067528122981,0.927094835970829,0.514359758214526
2025-12-12,0.669151424536166,1.27908014754173,1.65184401317353,0.309219953944316,5.15743303822937,0.71228671794867,0.6532748365875,0.689417382902856,3.00779574387271,0.700788857971055,0.505514140930145
2025-12-13,0.728735849886536,0.248336449400389,1.24251137087217,0.229730176220793,5.06815681548051,0.390955709828455,0.61694869521935,0.921463446200537,1.3672103219653,0.585982412823104,0.686814044972871
2025-12-14,0.739358710560814,0.918358469741189,1.45562114122177,2.43792693703841,5.18668400059424,0.213219859868604,1.26312768913321,0.948004379652058,1.26064386467487,0.657675940798818,0.517745768964227
2025-12-15,1.81045481253701,0.819704082522602,0.73623228587999,0.607805665248416,5.06589128526103,0.577379528462224,0.85347329009339,1.05425010700344,2.65252115760118,0.685427832813007,0.432986956755782
2025-12-16,0.741338198614511,0.783893976218754,0.846534678593073,0.963556343228843,5.13024366286522,0.582143825925379,1.13548388650419,1.3755975946436,1.04842745358894,0.704036878973276,1.40138455149105
2025-12-17,1.01237844687049,0.810290299167954,1.43210724737985,0.610325236147641,5.61684192329078,0.479130082712111,1.13802627839028,1.29172549683039,0.80743942708875,0.714604717199588,1.53202374880784
2025-12-18,0.663953365979075,0.743350656877644,0.746835639922699,0.662849472618469,5.50114368651083,0.717219464738317,1.0881041457829,0.646856824629111,0.651333729308377,0.957035536248933,1.51164384392998
2025-12-19,0.868179191817008,0.901830014967245,1.01474428611393,0.793956833841514,4.86431498704465,0.487668745968434,0.407832246095714,0.783388042732225,2.96911214681632,0.993676094396785,1.56620504430728
2025-12-20,0.826971374865367,0.915989710554362,1.01934752322708,0.792776463967002,4.86431498704465,0.49841459931301,0.567037875459019,0.707444149347017,2.75647624154682,0.884713149710362,1.53180129088408
2025-12-21,0.876829840946794,0.841499593145588,0.977487152628641,0.48413927867489,5.24295661327457,0.510418961210981,0.711879745385692,0.70651280021422,2.59382074553269,0.974718476869068,1.49083754398624
2025-12-22,1.89474546941776,0.868320846432185,1.18916511804227,0.577434277348686,5.33645762608059,0.169031689638731,0.656019684087883,1.02852111991261,2.44468261480441,0.917872106292723,0.480670498681237
2025-12-23,1.55368009939371,0.603784786063378,1.08536119152369,0.870352061747463,5.39260629905844,0.621608685218259,0.528766510222427,2.37004182241231,1.89168749451305,1.35085736494054,1.42064504911632
2025-12-24,1.27664830136393,0.477770112710042,1.62841264495724,0.504230571755057,5.9447349821083,0.317013575046599,0.485125211443268,0.532539136654737,1.88057000903618,3.825335179933,1.80640035473159
2025-12-25,1.33663142916158,0.665776541446388,1.79478150285997,0.562005423778259,8.15307360470078,0.595086349145764,0.594286042037651,0.938051223982356,1.91931440495232,0.732087529271751,1.80398572432635
2025-12-26,1.05113425352229,0.509861304610603,1.59360012782945,0.801362773937479,8.47222044656437,0.288915579348397,0.663509933835954,0.900845296242592,1.80167182251719,1.55123814005473,1.80229783092355
2025-12-27,1.02805173181906,0.933416083460373,1.80221195725757,0.340523158581604,8.2241872381428,0.277058434154675,0.703167297197054,1.00707901965075,1.71942229069071,0.686700293511255,1.32924954873661
2025-12-28,1.1201141601837,0.979794912074789,1.38649348358091,0.637829663587748,8.16833745385777,0.194936931521337,0.489255587853176,1.04443486193125,1.75688680146292,1.35351530665021,1.77122383189065
2025-12-29,1.71717395693776,0.904783850372129,1.23657618935311,0.589812683287881,8.15456738897273,0.503711054623956,0.578715858743552,1.55863432531978,1.84226967588322,1.62829367384572,1.77770243080028
2025-12-30,1.41085132425949,1.13164103389362,1.92287251144807,0.609589241651393,8.48898301570244,0.170196863721199,0.412059699651486,0.932373241039764,1.80114599102976,0.878393130358204,1.80974256918417
2025-12-31,1.77319032321413,1.01275075906722,1.32503873499337,1.25215986247424,9.80538127085299,0.28199317086104,0.559437693029997,1.16591143683449,1.80573115620054,0.761642858269715,0.65978570386875
2026-01-01,1.26117302164893,1.25840211926229,1.44204513605444,1.23634989471187,9.65523826999782,0.753346971997923,1.09500757324933,1.31859340991112,1.85330342628314,0.721756611906581,1.6600189789054
2026-01-02,1.08098362061422,2.0808835131867,1.37081781884982,0.34151280714031,1.45956356948221,0.460951925002829,1.076724296363,0.97503610230702,1.86900505571726,0.893823975209058,1.43601683863368
2026-01-03,1.40979738147288,0.535094555546609,1.62190470393124,0.348323264534185,1.77958155295335,0.369678122629138,1.17408080974884,0.782714668676606,1.86604707408679,0.527712154104129,2.45334631598978
2026-01-04,1.80278193910437,0.3768559384096,1.61036300882157,0.770723782931962,1.69600589477301,0.509962838805752,1.06826866711553,0.951944485586738,1.85424378024235,0.734820407588779,2.62074067324094
2026-01-05,1.01166696656053,0.503479008663961,1.53832743595045,0.797111874037801,1.82443573053385,0.562408701470217,1.6018040942202,1.18847809590057,0.530137146836574,0.599885904679833,2.70502626005799
2026-01-06,1.52989796879087,0.351238489510276,2.02716944958766,0.710701373103515,1.91501415236829,0.869205270908992,1.70830195524688,0.79649405307376,0.474124722329576,0.698846834165565,0.301357928572825
2026-01-07,0.716308394143683,0.391161199048105,1.33138775405265,0.635194239800502,1.81295106635048,0.878493740121092,1.63626821349698,0.943515490263197,1.85840758534887,0.715031963637715,1.88141720007213
2026-01-08,0.729586371928717,1.47477738322559,1.51524082285686,0.683587404799033,1.72286793488284,0.58428668287428,1.12686398551863,0.92030875773962,1.84073324552213,0.54344030369408,1.48264566629823
2026-01-09,1.78818598779,1.28214253397204,1.30858096872176,0.28403564837134,1.65738375941917,0.653357184226448,1.27593736847846,1.02796900209726,1.71136536588569,0.361918521574734,1.36436121125068
2026-01-10,1.84765988154528,0.744820477118534,1.00382681125492,0.714958186055499,1.9591029133388,0.51555489136325,1.08531841529925,0.909244038745296,1.65735253739641,0.460034443542464,1.4770501166875
2026-01-11,1.56115771575432,1.62609823081362,0.784352407170237,0.676477399503349,1.97930465020018,1.05897391521338,1.2341547262819,1.46572387055845,1.76654652723614,0.418637005031937,1.82381072934073
2026-01-12,0.891784471244124,1.37780804210311,1.06020656718551,0.388426458580226,1.71592423288108,1.27741027065955,1.58020094603814,1.23861725236252,1.70343178262364,0.417235528781077,1.66524293511506
2026-01-13,0.81283639556284,0.958421251340249,0.873196747701277,0.924107004486441,1.70189654964989,0.99108542463864,1.25071560098787,1.32740276987084,0.548219870175048,0.700495180152427,1.26682642993854
2026-01-14,0.858190155277252,0.948270515573726,2.01704066819329,0.532360169810939,1.79747147346311,0.872620444598752,1.1329678899113,1.50201422724922,1.65871866298712,0.511950724390744,1.21499325350289
2026-01-15,0.820802862226527,0.832487277572143,2.01982173922331,0.88531795062109,10.9947118062915,0.213095459626447,1.25039893868115,1.52496465933223,5.85693428590783,0.186793418908794,1.11007082403289
2026-01-16,1.3077182527863,0.968531851590517,1.89570428484222,0.67624750119518,11.0186969868785,1.00188694728057,1.21124546016055,0.854758629244595,0.536042154462528,0.569376314235495,1.30899458029373
2026-01-17,1.18723807583634,0.806543816301824,1.6101627491144,0.897385842548807,10.5979481504486,0.939692109532971,2.04567818776181,0.499066790824536,2.9975833843976,0.722206274786584,1.39118252771929
2026-01-18,1.68272978525789,1.0416583185933,1.77844252226219,0.808833267342671,10.5955581138955,0.721377803013871,1.3023168956314,0.863753486962226,3.68034743248942,0.729999323375194,1.43845932942731
2026-01-19,1.54198996645965,1.55247098673224,1.77299065368897,1.38315090477219,1.89699441864606,1.02334447402274,0.589064886014939,1.38729290403384,4.6500299911511,0.730276300308822,0.859106811641412
2026-01-20,1.57957393707646,0.323256108995579,2.26431814170086,1.36158260811799,1.60839659273969,0.97737765337971,1.79991588811789,1.31093091025149,3.75380391051554,1.92643034529558,1.43900213764285
2026-01-21,1.74110270564227,0.831329782600281,1.84088862005761,1.57867439203491,1.3134458446246,1.01417825670712,2.06371424568562,1.15423073552633,3.96491040454806,0.527165969114899,1.09498506631848
2026-01-22,1.60376224285589,0.834622558568767,1.48666969087249,0.856048547663142,1.35957385800561,0.978754325030348,2.07337616477948,1.16563159023985,3.18288690493236,1.70904344897768,0.727800318481589
2026-01-23,1.58169904376725,0.607793143818183,2.20032417798477,1.35569585375945,1.27242717838837,0.874025452053778,2.05896327755621,1.28634420013946,2.42548267168823,1.70805833982362,0.577579034327897
2026-01-24,1.60178355419627,0.570511912121357,1.82565957251772,1.25992942041149,1.10655967764071,0.933883503169001,2.05451113406318,1.28841204164052,1.26011149534223,0.801850816586063,0.8352518858159
2026-01-25,1.59411200225606,0.647229746754985,2.18906774537269,1.32445037119357,10.5754954261395,1.12140546165935,1.33394873006956,1.16114796871669,1.26804100236667,1.76757802842684,0.604055420202848
2026-01-26,1.62983854242206,1.08921900937302,1.73494482944689,1.42080480201855,10.4728071151857,0.998598564844729,1.40840747786561,1.06081646223075,0.746988700646906,0.457674107636755,1.20057647673447
2026-01-27,1.59659509791157,1.0508121923453,2.00658245154924,0.950115846966136,1.26445476982151,0.739935613368441,0.883672400198962,0.170899336483185,0.707710779763104,0.589229726823568,1.40594971989861
2026-01-28,1.62677861242334,1.14820197154692,1.16474311749835,0.493069990728664,10.285309633026,0.593021507686219,1.38454682874883,0.594084236366595,0.631968509978904,0.624386226159455,1.14905304986755
2026-01-29,1.6982354073909,0.673838543343507,1.17527915017684,1.48061544445888,10.3263520083058,0.530742475205985,1.60401079702016,0.479119925765321,0.946764771199855,0.469998745843229,1.04973619729154
2026-01-30,1.55465777244593,0.750317702207008,1.31204647292039,1.32036604424066,10.4993556994297,1.24257341753297,1.03261567977785,0.505896334829281,1.01076123188083,0.627250446769193,0.956037375104593
2026-01-31,1.5220536952326,0.73401271857782,1.24546616872365,1.13324432204797,10.4965134477682,1.22725901845879,2.1102822719233,3.31004260732837,0.896367281037238,0.571184508803482,1.61926904441032
2026-02-01,1.32342798879932,0.711358304136242,1.12400801748101,1.21014385261017,10.5897470831573,0.984125360331357,1.31839236546069,3.24130047662782,3.35890799141791,0.279748781082155,1.06451023250405
2026-02-02,1.51382916348846,1.26383233846142,1.05206862951343,1.35445178163438,10.5857710078187,1.26265757157121,0.74751842182282,3.39660928060902,3.49539722168542,1.47627374178264,0.851211285087477
2026-02-03,1.4841079926824,0.755314302927763,1.60137427352907,1.54354879820586,10.4827750060945,1.02555285930808,0.822280655549606,3.20249008494637,3.49190236022169,1.4787857192222,0.303612009873459
2026-02-04,1.53835125509827,0.752373935759842,1.45902404741798,1.64008939746142,10.480219685279,1.37485290509049,0,0.655737775094042,3.49398415802548,1.46611586962409,0.361124609008159
2026-02-05,1.3913717056034,0.986440037963347,1.01576978044869,1.17373220410877,10.5206641846536,1.86233525817901,0,0.76674223190225,1.41485107557526,0.335665213116416,0.374408041524621
2026-02-06,1.87547476632422,0.506502292729272,0.700945450617833,1.19450608401145,10.6951342043577,0.831898193041042,0.671047607728695,0.593906685474195,1.70349468387416,0.443357551286106,1.74503968440352
2026-02-07,1.43711742076565,0.539709313454175,0.697998332317161,0.787532214045737,10.3483118530943,1.55744159268876,1.57306756371726,0.215284447248323,0.825461554681417,0.447504942201159,0.607613107856628
2026-02-08,1.41888283944976,0.926604316533981,0.901323909055559,0.942433655114372,0.904603504992424,0.514537885095794,1.54932420898604,1.09222748647111,0.656899117426261,1.04516297684478,0.773166733604407
2026-02-09,0.981710565966161,1.67873885090535,1.49674030215086,1.16551269671011,10.5119886372774,0.678382617508513,1.53427399768678,0.758936482663613,1.20504178714595,1.02747464274738,1.03540899565578
2026-02-10,2.13968985746837,0.788047313823175,1.27826021853139,1.22228312498352,10.5526210945235,1.37738886007013,1.49840949563331,1.57055192530641,1.57310934630488,0.721097129616415,0.943005802963402
2026-02-11,2.2321598666852,1.16728214680134,0.761553095150511,1.31172199388888,10.5623960042227,0.400120799178803,1.15844902337252,0.724003257806605,1.11301415020367,0.660509411233081,2.17298876469947
2026-02-12,2.20956012640648,1.55612657567566,1.74847350066029,1.33494427263171,10.9272933073799,2.45243587884314,1.25355276014153,0.251117188051914,0.960915777317933,1.25215872867317,1.9644777256025
2026-02-13,1.57853389718126,1.32361703112863,1.6698733003031,1.58777818602788,11.0935743872931,1.26144579451541,0.450836925669795,0.851940366795381,0.758178116304941,0.342723197871981,1.21439662232967
2026-02-14,1.06945907878134,1.32295867666443,1.81162048249869,1.54493060539868,0.949222600016014,1.34365257403964,1.53200577071852,0.829191540966028,0.731132337398975,0.37363659044408,1.14442382526537
2026-02-15,1.25950314031963,1.3985585062474,2.39257320831057,1.61216191685692,0.809199783044912,1.25086622248519,0.382394795423299,0.857082405202224,1.06359861563947,0.367163822225564,0.460901298173261
2026-02-16,1.38093217881026,1.59198956006456,1.5791189024881,1.59763029100434,10.6789634049573,0.654693105791988,0.352514474405852,0.777726053182539,0.999204637746727,0.454673021061356,0.995178234131884
2026-02-17,2.46696426905714,1.62889797339754,1.00677462350021,1.15300217482983,10.5870451800991,0.678472660289626,0.418965511190534,0.714494524718982,1.28787312117378,0.36949776758345,0.371392230273464
2026-02-18,1.89779260335455,1.78006844692336,1.11607908426055,2.14441795173027,11.8395903834461,0.706648561801438,0.929640797861973,0.868243436906078,0.682299144613135,0.382243327247105,4.32152997695748
2026-02-19,1.7281357272812,1.31429755914291,0.851239925209672,1.17586481055813,11.6780270503187,0.261770974245348,1.35981954759349,1.3767355130983,1.02190223961231,0.338872907923759,1.33408181820551
2026-02-20,1.38550607004245,1.40062126901603,1.15938893223142,1.17931609695121,11.8055427151707,0.208875412602942,1.37905498756104,0.77817300692024,0.618796835284821,0.71702501265344,1.5540213462579
2026-02-21,1.99628858135802,1.23479148201271,0.996207773702231,0.859875998420992,11.8204499275766,0.254225127073024,1.36931779812739,0.707792694498242,0.717680293598814,1.70706749289625,1.46058905730794
2026-02-22,1.43827296258347,1.0323918391129,1.40831597576885,1.09813994387754,11.6620026486425,0.230061010200024,1.41323254077421,0.880917871825026,1.09132224889108,0.663793187512649,1.36839333029411
2026-02-23,1.42286474308312,0.911727645270907,1.23735761907399,1.5406956389415,11.559168771874,0.686263131250735,0.454796119990685,0.952055635683254,1.05040889128015,0.542142486701935,1.13503121310112
2026-02-24,1.78988511650355,0.796598937036701,1.22314609042885,1.33630636910131,2.71506820261135,0.323560804019056,0.370084445723557,1.30764419400155,0.719981984740243,0.298536062725085,1.52890591261453
2026-02-25,0.660345010582825,0.825837992671695,1.34202720278601,1.85484068444309,1.77356840481409,0.392971468261359,0.364194668753505,0.935469524415505,1.10142296761407,0.356991304491481,1.25799524188403
2026-02-26,0.666552645315678,0.871302383954913,1.08829691174804,2.17115773233813,0.681641571396405,1.49747780963369,0.351621409940125,1.00891287851434,0.795396616311877,0.519120373598032,1.26345335611565
2026-02-27,0.752354115098175,0.753054091877582,0.992211106983982,1.7372538888356,0.698285659995516,0.405797613375098,0.348604750363115,0.979764585924201,1.48421259238224,0.893209692712842,1.41664794006702
2026-02-28,0.769175242521634,1.09554936482189,1.11952133142586,1.54415704795354,0.554396457897459,0,0.508780183049845,1.35628358534937,0.784946286831804,0.453383524778127,1.48324856386979
2026-03-01,0.767186742761693,1.03012437405226,1.09745218807894,1.58953446319521,0.797309129540711,0,0.402184942065453,2.78942504420148,0.824152217122899,0.403825945138299,1.38880569152503
2026-03-02,0.858964760140523,0.86384803559527,1.140633955413,1.23304293977478,1.61509595350224,0,0.356509864572938,1.31502782195314,0.359700273310894,0.53704516109285,1.62217192082445
2026-03-03,0.824020782744984,0.962265148564875,1.09870120366255,0.521292265156333,0.926254158921312,0.532648608726829,0.298438660271761,1.54454200747475,1.68489945825239,0.310976203347678,1.53756673229291
2026-03-04,0.922129023196533,0.984365703789808,0.572364135691817,1.19880308325817,0.827290898704122,0.596353735314247,0.368421111136803,1.34843619540813,0.137498316938509,0.441606497638013,2.25626090254854
2026-03-05,0.88125681850153,1.03593915030769,0.903214843927981,1.16548059555002,0.931307764591868,0.755211576110786,1.48961292399759,1.29837826048807,0.466047401741788,0.470352814372761,2.87762315490421
2026-03-06,1.02126210640008,0.927137931505138,0.852465057878761,2.4947710543568,0.441565751404713,1.23907891098996,1.43719968668947,1.35458597804154,0.404491339954468,0.413541196236835,1.61023029333804
2026-03-07,0.855796776229192,0.598088975285943,1.06733043006922,1.9340040420103,1.60493535459972,0.535902469207083,0.849567918505982,0.925831612429787,0.423330613219352,0.412693971717568,2.47176558870689
2026-03-08,0.883108662444136,0.650388494190554,1.07516423915264,1.98428860756194,1.49307714903766,0,1.08676966412415,1.40726171718791,0.46001602436617,0.405589236243866,2.35545483186376
2026-03-09,0.954312014139853,0.938429073599192,0.455352843726472,2.12146975807122,0.388078484618777,0.369343386287911,0.643376420601636,1.29607447075076,0.443810017947867,0.377723209536901,2.40326317246246
2026-03-10,1.41084288422176,0.636435900147974,0.884140048022207,1.143605922281,0.661082395105452,0.421767175476932,0.687106899945879,1.41977813770066,0.432415427278182,0.315008809579995,0.524602932647527
2026-03-11,0.805731157594376,0.598311460961266,1.0873843839792,1.27022903764563,0.892959759814505,0.466413167368912,0.983101783752372,1.76816078364457,0.465043240021058,1.27772516301815,1.76399762893125
2026-03-12,1.04192437119163,0.543972183559961,1.16778522164963,1.41955252485075,0.717453512973407,0.859012402834958,0.98600037706635,1.18063370415525,1.0206325732605,1.42728170975795,0.704107414171378
2026-03-13,0.817670499625817,0.66865720014098,0.906321562890726,1.62545027551087,0.887073264211318,0.567403864636441,0.909160316711763,1.65768691145256,1.15072371915814,1.45761105937672,0.723438096211395
2026-03-14,0.897488407218618,0.505796011004513,0.956973990558372,1.02485661659957,0.895912225095881,0.567427949665108,0.914123022112116,1.36411158138295,1.13929208832799,1.45469817494915,1.78611816604319
2026-03-15,0.80031974584342,0.375567472445553,1.04499695441398,0.996252597209337,0.927580103104593,0.638907680342979,1.01036066791166,1.31078063067957,1.16018741392552,1.50080914219294,0.812897966154988
2026-03-16,0.818005838311295,0.521815441764549,1.0451810152034,0.945336720532121,0.877154707401842,0.518902728944958,0.986775293224535,0.999075111316717,0.95785206986085,1.49119609595172,0.865735292325618
2026-03-17,0.81715964494927,0.616990662666418,1.10435430578656,1.17394308352996,0.830689349331699,0.330513662727747,0.31624120497869,0.975925115611713,1.28242017123778,1.1574973707318,0.865500489674194
2026-03-18,0.905374482958721,0.527993943982056,0.911702737253505,1.73055975668853,0.682747973416804,0.543217196585394,2.06418133070731,1.86225876295269,1.49675350293916,1.4973146778311,0.73840330782146
2026-03-19,0.854204359762731,0.491280562916854,0.479548499371245,1.78769145006052,0.679528681744548,1.13611899939127,0.984607200108821,1.45794757998245,1.62426914101829,1.46280239134274,2.29794111805325
2026-03-20,0.836524196909319,0.616044834711439,1.2632923767047,1.49186657467753,0.479528305461459,1.49206028456103,1.51865568464542,1.33342862344559,1.17352494988049,1.34197421676828,0.876863114826364
2026-03-21,0.943675175919034,0.631477466503019,0.351368640978686,1.05637936351718,0.630690680382331,1.46423906665026,1.31616109821454,1.88799255373472,0.930420823269671,1.39566626248885,0.938356290576824
2026-03-22,1.17087032950763,2.6671370985772,3.09287294309722,1.02438738692617,0.77302635368968,0.501397798184887,1.66356599850447,1.89418424360909,1.23897475723353,1.41728213919471,0.844578777540526
2026-03-23,0.907188199080848,0.583604874569832,2.27820336682679,0.952078141878902,0.1868930693401,2.38594403505824,1.35088522802002,1.53809742019213,1.23650284945494,1.60948469595422,1.57644383304176
2026-03-24,1.08078101993356,0.613187574380769,2.8988521638493,0.500232388870774,0.765532583307378,0.657150517545644,2.62679536884663,1.72582506547521,1.12166078705513,1.59451664147358,2.27660785955306
2026-03-25,0.993930521369203,0.540810370086618,2.87620460839418,0.918086080091373,1.06593178160163,0.690928472126856,2.52771028278704,1.21098946297769,1.15565204310679,1.49648407703339,0.331911031263075
2026-03-26,1.37923840782376,0.719973372238451,2.82870657476587,0.581425784974646,1.39824105065794,2.69210003680677,2.57261391482199,0.986754972127889,1.23812128896855,1.56265449403323,0.939293709212523
2026-03-27,0.712124896333864,0.652236277463259,2.05922206356129,1.10647598623648,1.17620140859133,2.22517472417053,1.08580062543076,0.795237432754469,1.25481085112734,1.5339106731889,0.806735277684708
2026-03-28,1.33810116679592,0.692581417847758,1.87707864667404,0.810276572912006,1.14844759023603,2.16486032711202,1.12320515658564,0.858307937431095,1.31175002037488,1.55537614188209,0.818974616816963
2026-03-29,1.27050102628318,1.20998725876411,1.75193906025741,0.81647095070711,0.995229098480219,2.32737649015073,1.12710519510326,0.896512654136281,1.14069122465486,0.56523557907289,0.85344372396269
2026-03-30,1.04496041210492,0.484818543525574,1.8065151895976,0.839595898554546,1.51735195022287,0.787899723563225,2.43182536464013,0.732193373618585,1.05385121152312,0.819509174587252,0.902578506390512
2026-03-31,0.558762375919589,0.609840718494087,2.19680874527105,0.686400583312717,2.28470550243371,0.901903068431515,0.914894673841559,0.934146891737386,1.05094050470755,0.807305801903717,0.951785921591149
2026-04-01,2.12756119003738,0.370865905066724,0.980665949568453,0.63184488349511,2.24941563942797,2.11790849601435,0.896573693739824,0.664123300503899,1.05262550513564,0.573311215208695,0.951881266659415
2026-04-02,2.08981990736281,0.526459464187681,2.86579302504837,0.577103706884529,1.36503595865287,2.15513225594162,0.731597198518446,0.694811400882567,1.12976720356275,1.04392102363465,0.98288171293067
2026-04-03,0.803490670331335,0.522604286076332,2.55915332423682,0.530182973877692,1.40925973603425,1.61573547177131,0.706574146378746,1.00087150777581,1.10745666702664,0.601438848548162,0.997860315147733
2026-04-04,2.10034395906982,1.64636633383554,2.65692765182526,1.23967529523809,1.39372731702443,1.46053799554485,0.570681641169098,1.02793957278548,1.11669367571456,0.67816481652623,1.14522657794181
2026-04-05,1.53711423902107,0.772363009112385,2.95430478952193,0.74931025719347,2.1402374093089,1.36919963097925,0.60910006109545,0.804700873966451,1.19868644553154,1.07072355495465,1.08976444547905
2026-04-06,1.7418106196061,1.685859084765,2.64452212252003,0.4988365182255,0.679436748510796,0.579043329867076,0.679632603137501,1.74496567215859,1.17109524722151,1.03049865255171,1.11697883792796
2026-04-07,1.5978455877185,0.672076561605515,0.951085646331597,1.45597881798091,0.614555218679587,0.90036689366919,0.707649309117996,0.763876492087932,1.05343095750675,2.06007199530532,1.40198732929815
2026-04-08,1.46770552395154,0.618538503819056,3.03484291138643,0.458081080212985,0.613712607868136,0.981318840723124,0.776710944350413,0.650408707090424,1.06421512171069,2.72592766297596,1.37275286911546
2026-04-09,0.565096115454278,1.06321227464773,3.23104723389884,1.09627204501219,0.418647895354377,0.604102972739924,0.626408706972338,0.464490590959089,1.52662513089493,0.269333952894175,1.37635166505378
2026-04-10,1.06078078865615,1.89420252427694,3.09734632897638,1.93595699853171,0.835008524405359,1.47814995653537,1.26790102382788,0.638098389222276,1.64117786910888,1.06388640939461,2.15224568591495
2026-04-11,1.04156639293523,1.23067402364395,3.02817170978123,1.92799704701643,0.694608185743723,0.834394835575866,1.32626335075674,0.724255069677557,1.63984365950717,2.3626316589132,1.32031127003508
2026-04-12,0.943798699405151,1.73138165679175,3.01300864753169,2.40178788710468,0.831475505995876,1.21226998588082,1.34680758540861,0.676633541507841,1.61104873671174,2.63756101365562,2.26773052022856
2026-04-13,1.43923999186145,1.069945209197,0.421537602804835,0.48903327536682,0.708028925122104,1.39841406900134,1.69313874736978,0.70144714123714,1.68388244873972,2.29743919777113,1.54553863935449
2026-04-14,1.00120906336719,1.0268194664011,1.39496607273449,1.49464748812333,0.799820346333084,1.36041241753301,1.41590391844817,0.694471310269962,1.60516583981323,2.93490183933455,1.62990537282267
2026-04-15,1.43503403646802,1.15990058436368,1.0125029201688,1.84683715957065,0.485056920545501,1.58864607642069,1.82810398052161,0.360614911104408,1.62006276405796,2.49328127110689,2.55868027017849
2026-04-16,1.32630567330218,1.12235132260202,0.971239348878405,1.87443956512566,1.1744046898593,1.42259740159503,0.436695938106943,0.721232283095975,1.5733775036303,1.84859482121784,2.53094148273755
2026-04-17,1.21728065953643,1.22353458134516,0.918466615924382,0.52662499191358,1.09924267300786,1.35844105585006,1.66405551421253,1.04868908654486,1.59290383077224,2.4010959747923,1.39845940166692
2026-04-18,0.616988331472702,1.20456317283528,0.463991231710812,0.819387861486456,0.801733963580569,1.29293415328127,2.24864853303257,0.903447805530342,1.94363940787924,2.44815961517365,1.52664470765199
2026-04-19,0.581805761898184,1.38949772268206,0.548636527664548,0.909347807483918,0.734703097466648,1.05894194923553,2.1702574123371,1.11572218344884,2.19118029247626,2.25472609010672,1.95256557511063
2026-04-20,0.57202558179563,1.12005887121558,0.565829866331634,0.550045739339921,0.815103006016678,1.04313063515583,2.09488096755368,1.3718870974661,1.161108964905,2.38322342586716,1.91510163518729
2026-04-21,0.459694037416695,1.04092320141438,0.480290802643685,0.547555554952604,1.14572674060178,0.433906136919036,2.13751750419498,1.18400112713337,1.6154186616763,2.2024942286587,1.03049434389491
2026-04-22,0.98022257342535,1.471535344103,0.574656178870016,0.89319795286244,0.711635110369235,0.17187230789137,1.76969899020003,0.673392314791834,1.61448402598941,2.28252146327366,1.77253358314513
2026-04-23,0.516570967720641,1.22930193833922,0.681592360243041,0.309912375009079,1.14324084183912,0.754320174532233,1.25512763776582,0.605195250045648,1.62418581929327,2.1624599750612,1.55360691003127
2026-04-24,1.15637447165616,1.00923890590451,0.640120495937327,0.613067010448742,0.899062346097233,1.06150609912932,1.47165978712063,0.582150720010977,1.55229252162853,2.12409988026265,1.48341628305871
2026-04-25,1.18101970552965,1.17248385471503,0.644682615172774,0.607055074750767,0.912546389050555,1.28741044029242,1.54896883730637,0.648244953117096,1.55215397624671,1.48165491802838,1.39660843487672
2026-04-26,0.560063904022134,1.36451037945186,0.7269447990005,0.552324979928579,0.757905934425259,0.43094700162048,1.6600447084968,0.758754630371642,1.72480178247662,1.20963230060162,1.53811688736343
2026-04-27,0.691892055016698,1.11103086360682,0.866703992307581,0.72023910621934,0.662839818354032,1.37170129043849,1.51966055616074,0.924451498438743,1.55296290642082,2.33385400796012,1.64023489223573
2026-04-28,0.957562406313648,1.32362566647328,0.74104577169027,0.638231019683488,1.0291530876666,2.07072281164332,0.502910164295369,1.46156490975978,1.70390034067317,1.47710321376023,1.39459452360895
2026-04-29,0.972668404460649,1.11100372918522,0.725103696181533,0.956614744950775,0.68488437737067,2.38033652561581,0.980204878105265,1.9030787993828,0.703426375640188,0.993991319591732,1.49475738021794
2026-04-30,1.12263805004706,1.200300966058,0.8233950313933,0.490276720573644,0.778749690799269,2.56465072032367,0.600507392763227,1.04517287133775,0.67663615931194,2.19079181783158,1.30154359751239
2026-05-01,0.961547060876636,1.2484960683889,0.763704508907621,0.490888567855237,0.856522210290103,2.65416295508509,1.35135821148724,1.77468164898,0.587662468777991,1.35347113985271,1.38081403939425
2026-05-02,1.27750500532459,1.26987031372796,1.00445514977009,1.42039456003722,1.27850291914602,2.77255086633508,0.931488747758305,1.06463805025551,0.786793910349541,1.67330097712787,1.25559950710417
2026-05-03,1.1784906959108,1.08716456823263,0.831043069951682,0.233632353150906,1.15026118575758,2.48053613259869,1.10714188630966,0.985269209607954,0.796352653755051,1.82294289110008,0.674491610522894
2026-05-04,0.896332826917847,1.42663526202001,0.856412838135748,0.404821687384318,0.813527916232159,2.35515852438895,1.03273766583887,0.968682205011251,0.846849379225365,2.17130470011425,1.07712604972895
2026-05-05,1.20137205008219,1.09806953510415,0.848467378926635,0.677419447154271,1.37832147294437,2.74763413791865,1.09704995428917,1.73200028572961,0.730547867842542,2.57880722195971,0.595705196585167
2026-05-06,1.12553550888078,0.974949085515769,0.878976581117615,0.468440960500402,1.34969795073473,0.865664659464866,1.48778174481399,1.588799228684,0.590414592583705,2.20213968590532,1.10190305195111
2026-05-07,1.51456975918109,0.671317311189765,0.993525394309048,0.378757544883077,1.38645496208651,2.17151323911397,1.92303245702096,1.60137777542172,0.506306857964784,1.56324238448826,0.539046788853393
2026-05-08,0.995644205000454,1.2398844692519,0.938205700710966,0.632252021178731,1.64366209614501,0.845273448933887,1.89896217761967,1.01807758059537,0.508169528096588,2.1654084092839,0.143248934819811
2026-05-09,1.27966280388847,0.96877705250124,0.916347613219353,0.0780790800458386,1.32719689272485,0.896142243719659,0.916014100440714,1.17494166986631,0.52544967290341,0.609570117567923,0.383469343686716
2026-05-10,0.798962088232081,0.833813249755349,0.730970358205485,0.483320881935731,1.39387742366875,0.92863757080952,1.09619011770539,1.01860221194095,0.45027793740509,2.26522708793665,0.350233299865812
2026-05-11,1.12741449537279,1.37356637011893,1.00532324242761,0.430058774459555,1.23412035498544,2.00794534247656,1.71316995936437,0.500827816762504,0.396174213750412,1.91438264398245,0.395454907770151
2026-05-12,0.879094364351875,1.45469600522629,0.912864178278765,0.516293106993225,1.29351509088518,0.871183760380182,1.75193404928874,0.987522404897575,0.969492424000411,1.9960600158442,0.196906416462341
2026-05-13,1.11468175498235,1.205140245721,0.80447923599289,0.36562826490636,1.02227813116866,0.954353498293661,1.68242121841261,1.01055767993666,0.795430758904312,1.02530646622661,0.607665521410428
2026-05-14,1.06070636314497,0.818331479395797,1.15304857209187,0.447554139060087,1.3549813287837,2.73751742537733,1.75816489265977,0.973719450570426,0.565949655373535,1.86179472029288,0.664555329546149
2026-05-15,1.07120527362602,1.10094142522292,1.04418624687811,0.410257405254872,0.61713517939502,1.58233400201703,1.50441227347913,0.944045046532478,0.57973951814411,1.88685019432913,0.70653992419791
2026-05-16,1.02744480176845,1.15013654612694,1.15102192660002,0.485735425250023,1.05398346314512,1.6395642653232,1.49175539285029,0.926476270774568,0.347055278544765,2.29812391663592,0.549661712523553
2026-05-17,0.996171281121525,1.1202700912853,1.34627812564672,0.394722540529535,1.04594974331807,1.4756489982014,1.50637236713115,0.957944296086281,0.365070135547272,0.35563726861912,0.753285101113251
2026-05-18,0.955877934635792,1.32376304270757,0.876473388293305,0.314136973170163,1.01847846353952,1.04660088416181,1.47856186624341,0.949090038713359,0.460144562505803,2.27852565674122,0.529672288526997
2026-05-19,0.632024216928309,1.31961373764152,1.30456122337613,0.536480466179401,0.779231453831796,1.2077213416056,1.5215727489081,0.817069694825669,0.466786949946742,0.577844858935307,0.387533767721414
2026-05-20,0.994236277590563,2.52088361204257,1.23926341072759,0.570245939347449,0.555630640809893,0.376890890658503,1.46427247144918,0.911182626823012,0.464655846313093,0.717838232512197,0.39021855856689
2026-05-21,0.719287847409205,1.40594397932413,0.96812659860723,0.928060205779513,0.75785432788908,1.17550597532875,1.53478822630594,0.813451378709119,0.453645740868152,0.346725044023065,0.578593998124254
2026-05-22,1.06474584773591,1.49036546309466,0.952128461464461,0.649711488090954,0.767115682563357,1.1236530594391,1.50096514029375,0.893294738983515,0.555290374403623,0.309812513969396,0.328487128134815
2026-05-23,0.932918818659953,1.86166278407973,1.4277245614895,0.617675400988475,0.629523941953202,0.544598677109451,1.4532364498885,0.871885992838974,0.434396380880646,0.378591273716746,0.630221594576737
2026-05-24,1.23810719297505,1.29760663016855,1.51247295280823,0.564127310720293,0.698160045465626,2.02941754325646,1.53221579210155,0.943940523404419,0.374958346777861,0.291950050531589,0.654301161425781
2026-05-25,1.29956536551923,0.960339413774653,2.19331782593813,0.617626899530887,0.972072954988075,0.542773652407281,1.78504620980883,0.889696921535567,0.472909374670024,0.850996250368201,0.515302041740676
2026-05-26,0.813522553929155,1.09743575104092,2.07042083273263,0.702464724279163,0.90317326814441,2.08626431569145,1.70396448924178,0.919054798007384,0.511894870495028,0.721390537776709,0.519950990413977
2026-05-27,0.844913670033755,1.68207983842737,0.5745490972053,0.304285322046892,1.09228795819996,3.47742326438868,1.41446908328116,0.62925880346865,0.543818765218207,1.19493512372547,0.623183308967982
2026-05-28,1.09473185194643,1.40158856761655,0.529926598117846,0.990666371295267,0.682468210035677,3.0459521116457,1.54165733109162,0.310037078741124,0.552509397667143,0.716205948438345,0.661332267036457
2026-05-29,1.08863715096745,1.83133272701562,0.507146451244264,0.385347054869775,1.10850351701168,3.01385435262252,1.44071707344227,1.29696113461704,0.309959066798727,0.768981077440777,0.636031946037673
2026-05-30,1.14450236240046,2.375456093708,0.554448188969332,0.442225637325218,1.15135834021429,2.99455469835091,0.84061080455586,0.327636500009777,0.428298514680124,0.855718094382778,0.878345597444346
2026-05-31,0.456869480343951,0.934333782861019,0.229233340965272,0.456853089207421,1.52005434579293,1.98366576322189,1.0373571899085,0.651546176811706,0.57458907463684,1.14526662371431,0.939066839252329
