"date","usd_coin","binance_usd","gemini_dollar","stasis_eurs","rupiah_token","tether","nusd","pax_gold","true_usd","paxos_standard","dai"
2020-01-01,1.0031723760053,1.00240137203002,0.99567299983456,0.988857644892527,1.00697420801384,0.99936644856103,0.983259490558444,1.01420530090982,1.00283024440593,1.00324544566705,0.981846990726462
2020-01-02,1.00334636825117,1.00266147398951,0.996693542420889,0.995946745776688,0.993664050153487,0.999507821326192,0.991412125742991,1.0048421278515,1.00254187345526,1.00429210657931,0.972605800892401
2020-01-03,1.00243373760432,1.00165341319436,0.994442562550393,0.983051557736356,0.985034470975074,0.999983202508337,0.975229676520874,0.988331204823594,1.00284416066423,1.00302355701594,0.978826383556656
2020-01-04,1.00012994062169,1.00119484266151,1.02349861051374,0.999444448169659,0.98171853018609,0.998661400936105,1.00170612853182,0.989459908679346,0.99963686536387,1.0026341974741,0.98787714642571
2020-01-05,1.00113280535317,1.0018293951399,1.00109604536587,0.996168485614347,1.00356325137279,0.999594694084947,0.985235993926724,0.991727461432965,1.00103256886993,1.00126812961,0.970133742675622
2020-01-06,1.00050010163764,1.00014399939212,0.999968893685855,0.99006845772393,1.00700068017994,0.999073171867019,0.98417307917624,0.973575876484104,0.999803996658714,0.999596841598786,0.981101036182327
2020-01-07,0.999542743468522,0.99888362984726,1.00554059405586,1.00508915248637,1.00227173397435,0.998182786642968,0.995877915932565,0.97931659295001,0.998690409946842,0.998615163632512,0.99868002674042
2020-01-08,0.999139812054047,0.997571402605551,0.997289874564477,1.00262751653535,1.00972231526318,0.997681336691834,1.00438616200133,0.968016788764355,0.999350214117231,0.998008921502611,0.995635975802252
2020-01-09,0.996342248545807,0.997534025305357,0.99546162690889,0.997002948783982,0.990924319429729,0.99653668153343,0.991335984129385,1.00993673719182,0.996704967053527,0.996542011225999,1.00040553743002
2020-01-10,1.00041924586599,1.00064633092745,1.00074307398515,0.99208208785264,0.996283149915921,0.999479428088975,0.98822356594603,1.00699427355475,1.00001989998624,0.999790553388434,1.00273156462844
2020-01-11,1.00280034869086,1.00176371218114,1.00525710729301,0.998014540688668,0.996522216255544,0.999865522768079,0.998622841867839,0.979487429703357,1.00315752667292,1.00264326227629,1.00663117824305
2020-01-12,0.997845137282334,0.998408795124976,0.995447710109144,0.986556975392274,0.998204475948932,0.997525374440692,0.998791602167372,0.977504036315825,0.997839874291301,0.995521836004435,0.994608294919038
2020-01-13,0.999948827900381,1.00131005353725,0.999950551452591,1.00222742026812,1.00275703469867,1.00016813174629,0.986088026879592,0.976232676607482,1.00065853588063,1.00091545246751,1.00110280363814
2020-01-14,0.998835184989321,0.999678620426407,1.00041781031787,0.995414145815606,1.00316660262218,0.998552525232111,0.994265364702637,0.983927578960995,1.00015419857176,0.999849733124375,0.993082201425726
2020-01-15,0.99992196650733,0.999675219050932,0.997743729500688,0.999638331959758,0.994752618625655,0.998848852452953,0.995646096517863,1.00852763847349,1.00104663184945,0.996543072945402,1.00353072335519
2020-01-16,1.00062948306168,1.00191936559788,0.999441733216029,0.999199211062411,0.992534910452448,0.999401936204767,0.969144958221556,0.979028518913426,1.00259073798229,1.00165804414819,0.997161718671329
2020-01-17,1.00037777841501,1.00051681968539,0.996340345911027,0.99991973881254,1.00784048666718,0.998319726024037,0.991488566626282,0.972533618400707,1.00049293772776,1.00172229727532,0.996114721613639
2020-01-18,0.997724347084042,0.996518959855886,0.997478845375821,0.985746417865465,0.992493690995415,0.995787458378562,0.989175242975788,1.01577764228445,0.998020574705701,0.999458039207532,0.992670241038179
2020-01-19,0.999806033003142,1.00000090631781,1.00270024387687,0.992512401466492,1.00059133510553,0.997552985994124,0.980950726888124,1.01869968224503,0.999594474453711,1.00032622653136,0.990855539063801
2020-01-20,0.998572359463792,0.997543221116479,0.991061870747676,0.998258571046417,0.999220811505518,0.996951327309103,0.97497540080539,1.01388997622192,0.997269884750015,0.9971960522512,0.996875695797804
2020-01-21,0.999367802779324,0.998882772182946,0.989560039805597,0.990813709420512,0.99486677620213,0.998303032262566,0.970151417433771,1.0157307080824,0.994913466473527,0.99897850779894,0.993392583729597
2020-01-22,0.99932637083018,1.0005206427213,0.995753707505731,0.999651295467018,1.01179173562319,0.997711673952466,0.99558519497821,1.01064049972146,0.999411527698008,1.00391196730118,0.993694035032649
2020-01-23,1.00213843223918,1.0016229041892,0.991642785840905,0.997474034400752,1.00558060586229,0.998593701049981,0.989511673833721,1.01416041916232,0.999345541805995,1.00223628101567,0.994435810528734
2020-01-24,1.00181826270685,1.00326077399312,0.996129599907477,0.999840471863867,1.0179184468842,1.00098991042517,0.983260259965045,1.01178245732499,1.00027660266318,1.00431997670245,1.00152894105309
2020-01-25,1.00112384607042,1.00151240186626,1.00592997049763,0.996603289457129,0.999233286922159,0.999097347850901,0.981696480490686,1.01303155432269,1.0012448375932,1.00346793097898,0.997078890419024
2020-01-26,1.00066390885368,1.00233702758859,0.998270322707738,0.990307963911065,0.964195523870909,0.998749599105029,0.977810456241132,1.01597627388913,0.999687766911577,1.00284466898963,0.996906431655149
2020-01-27,1.00210768633697,1.00157849105497,1.00651749049239,1.00895441557994,0.962780917761291,0.999417653103968,0.980936952715747,1.00151111069842,1.00093919769094,1.00080655788201,1.00313055177553
2020-01-28,1.00043341943624,1.00026795202309,1.01447029188696,1.00049775121904,1.04661008622957,0.997320267772765,1.02050834801797,1.00368508108096,0.9990382716557,0.997231665030024,0.998568225771907
2020-01-29,1.00112245169494,0.999409138117462,1.01380187104753,1.01029905570498,1.0366955725509,0.998579721622346,0.987577349460554,1.00595833909782,0.999380111612283,0.998467008589867,1.00683392453229
2020-01-30,1.00307323874762,0.997275196768041,0.994829288656414,0.994634337717214,1.08169917325608,0.995918811247621,0.990647262630853,0.999705939457504,0.998236323703454,0.998095045729821,0.995001401534201
2020-01-31,1.00738416292416,1.00093953149334,1.00772095589312,0.996760616633875,1.14439587315593,1.00010714986254,0.980135005907838,0.999497715218205,1.00226867916468,1.00083144185157,0.996401784251555
2020-02-01,0.997590551146073,0.997387628158034,0.992476816176133,0.986251123100966,0.98913962709387,0.994972324838235,1.00274795003906,1.00321545758227,0.99863518939255,0.996217772838473,0.995723779799354
2020-02-02,1.00017226265395,0.998938855737139,1.00085020692902,0.99357813605074,0.991759792844874,0.99775698373137,0.973484543737378,1.00618635649931,0.998888610571481,0.999054445890079,0.995290034947004
2020-02-03,1.00178725291538,1.00049828293429,0.993787722512452,0.992479912046122,1.00666954387662,0.998671944109986,0.97130387409165,1.01041436273087,0.999500339616765,1.00009903366245,0.997463329139208
2020-02-04,1.00333545680852,1.00395073503078,0.99709794710745,1.00275064015223,0.997477730507148,1.00087094302112,0.969066456539149,1.02066324507246,1.00344205150986,1.00363653088195,0.997300346170608
2020-02-05,1.00266688396187,1.00279623252104,0.990906930074843,1.00162777922591,1.00020526719873,0.997921339195332,0.966427212867396,1.02062861189604,1.00027396549613,1.00347774980555,1.00210473855444
2020-02-06,1.00014998454629,0.998647871837328,1.01157592591068,1.0065043155887,0.997608966815646,0.998020152360994,0.96118839109978,1.01045994368146,1.00026378995164,0.998531997040015,0.995050120683076
2020-02-07,1.00228105063734,0.999334452462569,0.995732271087656,1.01047862419231,0.995035034892585,0.997937262359782,0.95571614213295,1.00517551909309,1.00019777362822,0.999216122221024,1.00287983734783
2020-02-08,1.00129458552486,1.00101913291717,1.00456820883407,1.0062635296084,0.997294791366506,0.999092660305078,0.987678899570052,1.00953099189193,1.00048746613432,1.00285704144473,1.00547634641367
2020-02-09,0.998512298271151,0.997599956974908,1.00996820226528,1.00366212165485,0.998502255433255,0.998724027591266,0.988431763655312,1.00128118178214,0.997822462846631,0.999027182565038,0.998191709328787
2020-02-10,1.00108652347036,1.00107848250996,1.00392160396765,1.01104594953094,1.00959315681328,1.00379014269737,0.98852222551033,1.00098310728035,1.00425732981521,1.00385538990804,1.00285731707063
2020-02-11,1.00055951100319,1.00015061701988,0.993870047418502,1.00297982285405,0.998281446789441,1.00117506733524,0.974708999066278,1.00393496841829,0.99981121876483,1.00140563143155,1.00021492142459
2020-02-12,0.996067326102398,0.996088854204645,0.999712727746945,1.0071018887003,1.00465683576116,0.99988258121297,0.982379932099032,1.01238586086154,0.997429969099085,0.996459514039706,0.997084012911572
2020-02-13,0.997951405835485,0.998067340880177,0.999003997800194,1.00789825379595,0.997758683013198,0.999670092098653,0.983190389054449,1.00635848665054,0.996643879084842,0.99875365151414,1.00123186524041
2020-02-14,0.999512426399481,0.998778150577216,0.994342151718346,1.01208930560828,0.997188019963786,0.99906678303884,0.980515729055241,1.00672852331482,1.00390224798051,0.998719015632553,1.0016264036301
2020-02-15,0.996851575441172,0.998251450832929,1.00824930753575,1.01425422594856,1.00716874067025,0.998751366236614,0.847061822433677,1.00852134798415,0.996890860057208,1.0002097549071,0.998321032294646
2020-02-16,0.999290541644035,0.999536553665943,0.986182904766422,0.992792807683615,0.99375426219861,0.99985099064352,0.970561355398498,1.00819566203663,0.997174687752854,0.99930022829468,0.99131012883761
2020-02-17,0.997244387297081,0.996130374366595,1.00577396941031,1.00899862211622,0.999555814476901,0.998739252658642,0.966119732609894,1.00711829304326,0.997278134273534,0.998713733192111,0.99461967445392
2020-02-18,1.00049517277557,1.00275314169928,1.00100583735847,1.0078809743488,1.01773092625299,1.00315244070983,0.9750273115736,1.00400426818661,1.00255387783001,1.00156927075694,1.00336104803223
2020-02-19,0.996572233082464,0.995125292696749,1.02019541745845,1.00026585512849,1.00030602257949,0.998916290492748,0.994493257410435,0.958620767103026,0.995204126014956,0.995801693415659,0.998072163052871
2020-02-20,0.999770172241927,1.00025850639316,0.951673297714763,0.995196456593054,0.99474403015918,0.998576378683938,0.949184688089938,0.954103381689732,0.996910074608317,0.997349577315926,0.995178936752603
2020-02-21,0.99972217796049,1.00023879823455,0.988712997498247,0.993423620877918,1.00336148292587,1.00002317341643,0.981667808731342,0.949181575566206,0.999864413004242,0.999519204627149,0.995551763984442
2020-02-22,0.997794414961608,0.997897326269718,0.993563326564219,0.997934891551626,0.999049435300677,0.998377979906513,0.979217550194656,0.967439852254282,0.997148962970936,0.997843192413815,0.99937911484284
2020-02-23,0.998706582414044,0.997645921819754,0.992068615042388,0.994104260403473,0.995633867533669,0.999835090849951,0.969928727808096,0.969686519490365,0.997683937187596,0.998558366448308,0.998241601793877
2020-02-24,0.995674907350327,0.997812317215874,1.0050287686873,1.00305510905217,1.00958312244743,1.00059208686195,0.95793918441574,0.977377611338378,0.998739475308985,0.998104004357025,0.999677815798994
2020-02-25,1.00009811201638,0.997616202842057,0.986587143163659,0.997840077873325,0.999280551121924,1.00196206160085,0.969926728653226,1.00839121398016,1.00094461347961,1.0018167500751,1.00162551283117
2020-02-26,1.00061081146924,1.00070623303616,0.986102662262945,0.989868406342087,0.994778313556407,0.998177584938227,0.951527250024983,1.01442434626696,1.00164588795321,0.999279446144724,1.0016701197682
2020-02-27,1.00117595994388,1.00055946493724,1.00267091842033,0.993099076966558,0.98959537719143,0.999237075049114,0.93017267430109,1.01737765556915,0.99998001428819,1.00010227936038,1.00065865164226
2020-02-28,1.00239536209861,1.00399343696925,0.999425973796012,0.993604792962685,0.987125026130651,0.999717946251806,0.91793728607756,1.03735134529718,0.999540391816332,1.00296725516799,1.00555497263428
2020-02-29,0.997209981521422,0.998055345679052,1.01896861581203,1.00318485043781,0.990323443993417,1.00005829060222,0.938854647678616,0.972545662064777,0.995689536164026,0.997820072276463,1.00626041533981
2020-03-01,0.998243763569469,0.999726725934748,0.982376235737766,0.995393026497409,0.979727050259854,0.998754675040675,0.941355847954741,0.990385308985016,0.995512589829282,0.998910178002614,1.00176125884152
2020-03-02,1.00330745139149,1.00271766195785,0.990793558861391,0.991575050187003,0.998978330677364,1.00138642508694,0.957803351006426,1.01043623782898,1.0030686531412,1.00249730030703,1.0157610473298
2020-03-03,1.00019880888774,1.00065386875109,1.01521575123509,0.99536654383915,0.993666456478499,1.00033289657998,0.94012132828314,1.01682740875746,0.998610457252587,1.00102940055755,1.00133034199767
2020-03-04,1.00040448447688,0.998869952744221,0.997250842365155,0.997636702223046,0.992495577781859,1.00083933158709,0.957831127748836,0.9998070367471,0.999087569911936,1.00007398978194,1.00052396788982
2020-03-05,1.00106071364046,1.00141242955375,1.00420890443671,0.99561321046955,0.991535270391238,1.00164858140501,0.95783459782648,0.990071728910286,1.00019468566754,1.00039030399762,1.00115858849759
2020-03-06,0.999074648386384,0.996154100566859,0.996607927306412,0.978300020575952,0.996370650347914,0.999044078486656,0.960443774861396,0.962268420303509,0.999414272359202,0.998404050315342,1.00186656618563
2020-03-07,0.998138295772969,0.998471383336775,1.01472093014652,0.988025525331408,1.00490571788151,1.00040649581778,0.944106234021459,0.972062365979828,0.998007697758181,0.999605816681914,1.00093706175871
2020-03-08,1.00067871875465,1.00181145100578,0.982394045362571,0.976572038314233,0.997878178368542,1.00107010164066,0.946621323959594,0.955480738456011,1.00089288172685,1.00101612479166,1.00111009189226
2020-03-09,1.0014391268876,1.00313922140355,0.964317698896035,0.966455725708573,0.972449697976127,0.995900126568046,0.910563862896547,0.972506003963014,0.996724786009178,0.999558379063875,0.999634001400076
2020-03-10,1.00075105125559,1.00198867249269,1.01441943043928,1.00327148109139,1.0003201620369,1.00345496666485,0.951527718856864,0.987719516912278,1.00325225062932,1.00282388922269,1.01334545908324
2020-03-11,1.00164369650913,1.00183861062868,1.00743558618413,0.981792833976419,0.976895208707729,1.00052990472458,0.958552277687623,0.962650209684698,1.00075698126952,1.00085147891114,1.00357915831023
2020-03-12,1.00160371058151,1.00054962766271,1.0091416445655,1.01524048345768,0.995680618529058,0.99881679883641,0.973672573135595,1.01306675887275,1.00136064241401,1.00109816804046,1.02899367066376
2020-03-13,1.00472837783535,1.00748007253213,0.887491304786342,0.945236032617685,0.896789632912683,0.987292401290919,0.836533387171618,0.992352482741233,0.940736578395,1.03099521408078,1.0585118673161
2020-03-14,0.998340256754671,1.00573569312632,1.04118387197701,0.983526526011621,0.963604886331387,1.0122904462995,0.96150944092344,1.01392801027382,1.00003908485168,1.00230631769169,1.0221261501218
2020-03-15,1.00395446860547,0.999284702664973,0.958108365204409,0.953362401242545,0.963664026261752,0.992663598607931,0.961030025928175,0.992113747934654,1.00673347637886,0.997518027104568,1.03389594895999
2020-03-16,1.00367854229984,0.997650984081897,1.00052352445946,0.94431029831291,0.984973591401142,1.00114589486584,0.976693948446275,1.04244739519105,1.00326700183709,1.00459947823106,1.03603210106239
2020-03-17,1.00473728927223,1.00316899324619,1.00940152451785,1.00198392218238,0.996237360533514,1.00548628586478,1.05702835188218,1.0613712322479,1.00049964687709,1.00178083831615,1.04258207817166
2020-03-18,0.996459402978472,0.997587816695058,1.02767908510201,0.98978880083842,0.98646531861098,1.00177969129588,0.438271631514194,1.03576453023114,0.992666302402546,0.993349315720459,1.02115023310221
2020-03-19,0.998560467125021,0.997279501346307,1.02832090519968,1.00831587748259,1.01622443342261,1.00221998948956,1.01860579830745,1.0383375017954,0.998211734150507,0.998553432608573,1.01979133759075
2020-03-20,0.996185494347649,0.99660873340846,0.987912487448338,0.972233449887896,1.00375595008174,1.00139337617675,0.996923667322895,1.01392522306077,0.991966984946229,0.997870027283155,1.02167631011186
2020-03-21,1.00370297065648,0.999846426883796,0.994815218971909,0.978166361604091,1.01123807930165,1.00479171270374,1.00063528713031,1.02986065414123,1.00804077381013,1.00049306848187,1.02700243825537
2020-03-22,1.00125743639783,0.999832262859775,0.982172661949569,0.958665792033449,1.0061656811738,0.998394964409526,0.966083779961858,1.06237680547394,0.998072557545186,0.997756368518974,1.01588803782334
2020-03-23,0.99937635196246,1.00002698147179,0.982912540444912,0.956719621780985,1.00880292833461,0.998284356137163,0.99460926176027,1.03298522676591,0.994690685353666,1.00094723745625,1.02304564870187
2020-03-24,0.996395284032384,0.996855629687338,0.992594459380734,0.986355622167769,1.00447228699763,1.00224415755014,1.01377881038449,1.00835342468208,0.998042949049268,0.998220303418794,1.03455244364134
2020-03-25,0.997387697506184,0.995583789319524,0.995466277545359,0.976673497661763,1.01031727637172,0.999569292154334,0.98972318223709,1.0107768358127,0.995978400145403,0.999885879568992,1.02825945630877
2020-03-26,0.999641368352244,0.99911041671381,0.992740502291572,0.968301144091365,1.00268808084177,1.00093505919573,0.984427188165324,1.01320072854247,0.99862305963305,1.00086316038798,1.02348298544206
2020-03-27,0.999634059479386,1.00163585812636,1.00015703139769,0.986191687593137,0.994641748892067,1.00437213773686,1.00238108737769,1.04961497541996,1.00148998540233,1.00227039063192,1.02216814246754
2020-03-28,0.999561421375461,0.998474034952796,0.966092952053202,0.97167055165222,0.965147497274119,0.99914692626289,0.944353190731542,0.995336424336152,0.98830474768164,1.0022629511977,1.01582606275112
2020-03-29,1.00113679441868,0.999735901448792,0.993309046516015,0.989875332097441,1.0000391328322,1.00063731215446,0.996062621996322,1.00575734527401,1.00254009108714,1.00010694083993,1.02328305963009
2020-03-30,0.997130782465674,0.999490017945638,0.978822760985229,0.983881865549719,0.981288920052329,1.00232680674,0.980418822978217,1.01516473074375,0.997210421512492,0.998010396664354,1.02887261624544
2020-03-31,0.996117953138676,0.993362217382311,0.988480743370748,0.99066352127766,0.996053984190837,1.00294977076256,1.0485001626644,1.021382915356,0.993265574363566,0.997462290972549,1.01161846283038
2020-04-01,0.997692169013106,0.998514957628249,0.992167422452183,0.999058538432943,1.00273918824437,0.998493170953659,1.05713590967501,1.02098981753367,0.99603970769135,0.996917894216782,1.0146732672737
2020-04-02,1.00422285946839,0.998098648175935,1.03908927686016,1.00561172335992,1.03243334531496,1.00033730291539,0.990954210803538,1.02760267238884,1.00643491062416,0.999150867887765,1.02768497505344
2020-04-03,1.00008154770345,1.00324697031262,1.0034530325466,0.991543566268639,0.966753204373606,0.994714638641883,0.993661554751684,1.00657624978385,1.00357938481828,0.999921051004852,1.01622696555537
2020-04-04,0.998592598527977,0.998570799990056,0.996702042771711,0.97904867852823,1.0062524312415,0.999921238905934,0.992841681151478,1.00930683958031,0.994848221537968,0.997197695359591,1.01660695117564
2020-04-05,0.998734957396289,0.998130031985894,1.00527389897416,0.991084894271177,1.01332234255965,0.998742294536139,0.992797990927468,1.00768272036885,0.998451560806151,0.998710374552865,1.00775212330983
2020-04-06,0.998677275769821,0.998942382589961,0.997149755973813,0.983343953422668,1.00666886894956,0.999864433512904,0.991969096880784,0.989557798915752,0.996764464358709,0.998782763684236,1.01410182576963
2020-04-07,1.00060479493574,0.998603589544097,1.01627646455211,1.00041766041755,1.01086032148231,0.999974151632714,1.02494287041902,1.0006627088514,0.998828446671385,1.00058371949626,1.01323097383664
2020-04-08,1.00067176156417,0.999367366672171,0.981151729824285,0.985917211093207,0.994748837659838,0.999376516356061,0.97919474005736,0.990284229496886,0.996818653777092,0.99914815440008,1.03554203717334
2020-04-09,0.998117215340145,0.997787218693659,0.994855014208016,0.984383795330034,1.00860566476379,0.998996440654622,0.994277921116331,0.996559754774917,0.99733174846366,0.998527524970595,1.02098358713395
2020-04-10,0.998591617189277,0.999643714115935,1.00360848249825,0.972694391146288,1.01029814308846,1.00004755333709,0.984018772981076,0.998773619221071,0.999384601516398,0.99938294148227,1.01949145020891
2020-04-11,0.99990701277741,1.00190987225135,1.00153610038105,0.982829371163455,1.01339016311493,1.00175224935065,0.987574957901004,1.01516546715937,0.998897732470473,0.999158863123878,1.01677890069812
2020-04-12,1.00024551593547,1.00029044899134,1.00725410837995,0.984260429059574,0.996395932733758,1.00141372904553,1.00478278878506,1.0168382320198,1.00013776796625,1.00121045148251,1.02261398074412
2020-04-13,0.99722269968874,0.985834604049466,1.00306092850601,0.978950157552118,0.965925508242176,0.996086209409026,0.98309008200382,1.01160692207593,0.990493545417317,0.990827765360893,1.01037065540385
2020-04-14,0.999007819120312,0.998040281051165,1.0107525591767,0.978818249918813,0.962277983332614,0.998971739195842,0.988791230896718,0.994896055025136,0.997353863425003,0.999393139738288,1.02028753896675
2020-04-15,1.00035971369775,0.997065595453441,1.00232193011068,0.986775890054945,0.978474849348037,1.00062152343393,0.996792243318081,1.01582319336579,0.998369234602485,0.999443330965505,1.01857385317284
2020-04-16,0.99905795509529,0.999275991616356,0.991736512779323,0.989822538238349,0.983553740316251,0.998300202798198,1.01391309326399,1.0124933421333,0.998865477248441,1.00052205103541,1.01569769818852
2020-04-17,0.995702595239234,0.995709935943167,0.992329437391317,1.00646014952217,1.01438221732694,1.00286022107383,0.995300780547537,1.02221058677255,0.996306133485804,0.996312266156103,1.02809193177119
2020-04-18,0.99517873118283,0.998544908884867,0.996178056830094,1.00054677263272,0.996059661825854,1.00091078425925,0.999407921307666,1.01381703372102,0.995366700900422,0.997049876621682,1.01861474129081
2020-04-19,0.998328421184737,0.998192976212214,1.01578465738073,1.01358360015556,1.00409588358448,0.99986136444762,1.00542344059333,1.0033066703844,0.998598007956025,0.999848913292622,1.01836499327056
2020-04-20,0.998556719041499,0.99933673635645,0.990801278954933,0.999061043738551,0.997896632581905,1.00047381014288,0.970048775929083,1.00705447099617,0.998735527053086,0.998755586223204,1.01243054196287
2020-04-21,0.999795926315803,0.99935034487918,0.994460077701301,0.992827055428404,0.980034534523257,1.00589532801336,0.998499367591935,1.02364239506487,0.998022106692732,0.99997574769667,1.01548112277562
2020-04-22,0.997840583577136,0.999939481705134,0.985792120502279,0.993847422955019,0.973841133048874,1.00110183127094,0.990509468129981,1.00452991204326,0.997597537770493,0.998756234397604,1.01169887784404
2020-04-23,0.998764092017054,1.00089988524208,0.996501401087686,0.998548342406565,1.00181341849182,1.00044352035338,0.9921489937651,0.989929965519452,0.998104378178951,1.0000680446162,1.01559358150418
2020-04-24,0.99697155765642,0.991984962349751,0.983295482659274,0.989331572926523,1.0010135558413,0.996058575247608,0.986654516332844,0.994285711797186,0.988856589444873,0.990165883662864,1.01122551753275
2020-04-25,0.998905854732101,0.998545747758612,0.994607210170801,0.998635624721263,1.00681651843958,1.00002674060526,1.00659909590587,1.00443319407843,1.0000497630157,0.998497161671436,1.0121260250483
2020-04-26,1.00039293003173,0.998265548759682,0.996519140103878,0.994499666472495,1.00893962413685,0.99933273799086,1.00653165353673,1.00768356239062,1.00103221485223,1.00083247124049,1.01230602723603
2020-04-27,1.0016644448401,0.999246360317751,1.00009133253147,1.00129980801056,1.02563956945857,1.00137248281422,1.01263602791776,1.0123253437144,0.999634198340329,0.99852388874676,1.0081031838113
2020-04-28,0.99990031096106,1.00082688205829,0.99680629839917,1.00055405040176,1.00556900002115,1.00269993848602,1.01161225513331,1.00821957985712,1.00023195689555,0.999174636905528,1.01466477678991
2020-04-29,0.998129571723033,0.998714806559796,0.997551763147854,0.996801838887957,1.00563032005359,1.00052533898634,1.01247797502087,1.00451637563699,0.999887420972076,0.999367805600578,1.01072951474491
2020-04-30,1.00135549160955,0.998590215793561,0.998766800463606,0.997881458388028,0.992209100814177,0.997504706165653,1.0081773583534,1.0054500612552,0.999924202407127,0.998186258301102,1.00836922762678
2020-05-01,0.998610844782621,0.998489387555339,0.99348745769788,0.975433070063975,1.0020708606962,0.999778794508077,0.994381148820237,1.00854482161859,0.997927122263747,0.998258643852849,1.0157523359595
2020-05-02,0.997508088505031,0.99815633954416,0.995205734094189,0.991613781270649,1.02199215108447,1.00151410798601,1.00373640389767,1.01774579836658,0.997270599118601,0.99821047486918,1.01717697428089
2020-05-03,0.999216958540331,0.999500094566253,0.99623231127915,1.00013193331381,1.02912940667154,1.00275451844195,1.00670044348123,1.02262851815255,0.999873835385145,0.999473279014882,1.0130946479482
2020-05-04,1.00008015833365,0.999500045155179,0.994641231007557,0.997735595858162,1.01615691954166,1.0009700790544,1.00565773099764,1.0009483974181,1.00017694914743,0.999113669298592,1.00809861606895
2020-05-05,0.999498059943107,1.00192516162155,0.996089129390912,1.00541237344118,1.00102729943722,0.998273546385793,0.996287505230738,1.00771697775109,0.999799230818516,1.00022647941274,1.00533874468642
2020-05-06,1.00273531212032,1.00147890687299,0.99795641088836,1.00987277043092,1.00528773859771,1.0009285571518,1.00582906408938,1.00357247761362,1.00250808403984,1.00187374335218,1.00605716361885
2020-05-07,0.990259052318962,0.985158328624134,0.991510902492443,0.978970247216394,0.988756880579552,0.99917553151697,0.983480437874898,0.995214449233938,0.988823682481067,0.988813103642803,1.00280324852428
2020-05-08,0.999685039855913,0.999066760706637,0.996302532755041,0.998375161625825,0.9917788744964,1.00108079643265,1.00112885174041,1.01379083802789,0.995637614455803,0.997058238324674,1.00308528964046
2020-05-09,0.995866072356256,1.001706500422,0.990786512747594,1.00320853772976,1.0204048351478,0.99840418842009,0.988501108943663,1.02220677720598,0.996875694535726,1.00150183953962,0.9987159952441
2020-05-10,0.998051856144802,0.938718349029923,0.995831388272926,0.987285393080118,0.958181663084144,1.00030647310181,0.993976605458523,0.997784163417647,0.99738601792447,1.00693298145354,1.00315119009012
2020-05-11,1.00095245860318,1.0017989160471,0.995844016525598,0.988393632490497,1.00704930164582,1.00124293377834,1.00450592526682,1.00405086612922,1.00400354101382,1.0018493638916,1.00572872716833
2020-05-12,0.996858943449225,0.996611919135088,0.978297740852518,0.986209424381756,0.991327886412796,0.999563168739624,1.00188404465423,0.999179122142587,0.999216427657333,0.999510198065546,1.00650595115048
2020-05-13,0.998482987783449,0.998792502106666,0.99241868207091,0.994531493622442,1.00143627454928,1.00161174690296,0.995402810930354,1.00662337783844,0.998810208135848,0.998725576476332,1.00543693348481
2020-05-14,0.999243782478058,0.998655712379045,1.02129291171879,1.00377318532461,1.01536915265026,1.00035602182159,1.00390705845695,1.00294119525809,0.998155491414724,0.998412416730914,1.00888277514344
2020-05-15,0.99813328573026,0.998084623559833,0.999557774876998,0.993363200382304,0.998181722228389,1.00236268527648,0.997170687637828,0.998920060793688,0.999038452623888,0.997088257444504,1.00392735987659
2020-05-16,1.00051411929153,1.00147304518719,0.996454961169661,0.989332553051378,1.00149042760473,0.999778310989846,0.994401563155658,1.00325540767108,0.999861519116904,1.00377192183923,1.00517276951526
2020-05-17,0.997223872438163,1.00013149099095,0.996370072953669,0.997093883133247,0.999574441517902,0.998853388397794,1.00155014335368,1.00703058007349,1.00002011895235,1.00047122413971,1.00765298882732
2020-05-18,1.0005186775938,1.00175832963632,0.999794170163077,1.00088897643213,1.0056217041113,1.00199815146324,1.00122857387599,1.0007001216098,0.998600169802116,1.00147410380825,1.00820710859389
2020-05-19,0.998573387540663,0.998613975509351,0.998146413924377,0.985649647369352,1.00114419049835,0.997508539684426,1.0042704538265,1.00400364177776,0.99880173045567,0.999551211095377,1.00265134562914
2020-05-20,0.999399119305652,0.999463553617592,0.995854397915822,0.994178138496384,1.00534286471715,0.997821929014798,0.997382200813654,1.01394142554312,0.998409787686617,0.998899702242778,1.00159361675891
2020-05-21,0.999438009604905,1.00176286878644,0.997932290085722,0.997821882585337,1.00506441178959,0.999318821772978,0.999817003805204,1.02892606366355,0.999686900906581,1.00350803318718,1.00058007957899
2020-05-22,0.999013642730202,1.00298908213192,0.996393426724793,0.991210096858179,0.996000420696333,0.998120071976468,0.984258681915879,1.01729607127405,0.996559719376924,1.00223285646713,0.999726619260153
2020-05-23,0.998370116702693,0.997413673926335,0.992471809000079,0.99621110554977,0.983597640345804,0.999510682072211,0.981464769515762,1.00823678828386,0.999158911850493,0.998591365875863,1.00290189845738
2020-05-24,0.999276419184757,0.999455822154949,0.993832993291354,0.99310642734273,0.982139499057267,0.998406493199552,0.999156197624044,0.999953486674374,0.998042559321512,0.999177585391235,1.00128407513838
2020-05-25,0.995617779282015,0.992566916148366,0.995127134659587,0.983865785764797,0.9911001829973,0.994110104141478,0.979140622640486,0.996276666272747,0.997088587739443,0.995856424997541,0.99405053929781
2020-05-26,0.998416763819622,0.999461818372208,0.996329169880462,0.989222584713236,0.985143386082255,1.00057183872464,0.995525851915643,1.00434249112935,0.997378925208471,0.9986145701214,1.00117487138273
2020-05-27,0.999954346572461,0.999420629873342,0.997760103265733,0.990006568598104,0.987375491439139,1.00004323865188,0.999784707756158,1.0089308366408,1.00046219118216,1.00073620285423,1.00266930112953
2020-05-28,1.00091833841512,0.999705720303897,0.999797633771293,0.989740555614419,0.994323529515918,1.00018049498696,1.01024938614378,0.994156841448082,0.999314112259936,1.00007021588038,1.00298377967685
2020-05-29,0.998732912982988,0.99800818588398,0.999620901558787,0.992049556850806,0.996811882036244,1.00031334081014,1.00612897017553,1.00923222076514,0.999307246082434,0.997879918812098,1.002248270659
2020-05-30,0.999554585570317,0.992898006202816,0.992519349737812,0.993493279834014,1.00331468033598,0.999309494769262,1.00798722795792,1.01485505704457,0.998780318094898,0.995652527716247,1.00161239112238
2020-05-31,1.00159578886733,1.00141173681154,1.00738144501374,1.00186584863862,1.01434197439704,1.00161708272096,1.00980083834152,1.00947965605194,0.999876752800051,0.997850111219348,1.00109617639854
2020-06-01,1.00279767228562,1.00384348469909,1.03583985176995,0.994140563612389,1.01664059445476,0.999324967433754,0.99478529096316,1.00768889173584,1.00061175747022,1.00204975108528,1.0010405386742
2020-06-02,0.9993749786394,0.997118751290568,1.05450938771782,0.990149526538931,1.00754070028126,1.00969384709619,0.991572882840328,0.999912296994828,1.00062745012543,0.998946196389553,1.00935839439874
2020-06-03,1.00018764065923,1.00166271805254,0.997984204604648,0.990903369403148,0.98749089263338,0.998623988027455,1.00734820345259,1.00986521882388,1.00079531835493,1.0023748585033,1.00346044946558
2020-06-04,1.00151869095073,1.00063202628394,0.99894379203501,0.96607124203139,1.00186329524996,0.999446284007669,1.01399097367019,0.995744295529514,0.99895024424501,0.997814799301552,1.00163373345244
2020-06-05,1.00071864381071,1.00136067877794,1.00083206678639,0.974068881098415,1.00785066745838,0.999919604599766,0.997844133259748,1.00479273995,1.00013457023212,1.00003309119672,1.00192742714548
2020-06-06,0.995474992278178,1.00028990604069,0.999137373236237,0.983148401488147,0.999332807113761,0.998482463527832,1.0071802334612,0.986684122989652,0.998675998347761,0.998692937267605,1.00089432183694
2020-06-07,1.00037017144163,1.00043685226549,0.998347152593763,0.994438785885359,0.996754069381242,0.999133512831037,1.01529015342062,0.988047823246632,0.99982578638007,1.00011904460007,1.00116583551025
2020-06-08,1.00012578556778,1.0001923673491,1.00050318639369,0.995219793385389,0.979878778345044,0.999774006683729,1.00414811490833,0.996461479424622,1.00007772429997,1.00064546758925,1.00289218907728
2020-06-09,1.00210835546471,0.997962958878878,0.9982588394726,0.994409362856459,0.994800911079056,1.00038364037573,1.03760302959625,0.99425426898513,0.998874143938072,0.997398714900074,1.00138526587209
2020-06-10,1.00031634061444,0.999622112445374,1.00164459822849,0.973299758599119,1.00698121616024,0.999369609271802,1.00687721429084,0.995316953894944,1.00064417324764,0.999174576621871,1.0027075095639
2020-06-11,0.999005212396231,1.00044140054521,0.99963397501829,0.98005208008766,0.986915994432922,1.00054166308609,0.992558899139857,0.999391287630267,0.999965727579253,1.00017497909265,1.00284236370087
2020-06-12,1.00169306051347,1.00216431860253,1.00203131082129,0.994073493006825,0.979681469945392,0.999709828995843,1.01337920814259,0.986950523133583,1.00547209761802,0.999760459844814,1.00359869539089
2020-06-13,1.00127488987403,1.00121509971038,0.99867758744221,0.998030858604808,0.988710291855587,1.00028295219828,1.03139319724451,0.991527527675421,1.00170422695392,1.00248194467075,1.00110160934418
2020-06-14,1.00030014006792,1.00045036136083,0.999073680775407,0.999033752082431,0.983301711696169,0.999821496048168,1.01034453418723,0.998811080954351,1.00100639177981,0.999743178773002,1.00060311630648
2020-06-15,0.999952285348053,1.00084012231534,0.997363404819224,0.989205717716167,0.978421197948116,0.998945374047998,1.00095442675097,1.02844225090359,1.00045511215857,1.00095620719015,1.01275860974596
2020-06-16,0.999502716937419,0.999356028681139,0.995415365079936,0.993251419468479,0.982229521643045,1.00159108130947,0.993954584516056,1.00685351713863,0.999198237884701,0.999135303974162,1.0084836840919
2020-06-17,1.0001893494658,1.00019378663561,0.998320011574939,1.00028146990046,0.997478023854048,0.999507004899598,0.993264233144221,1.02170597887514,1.00052394090385,1.00128675045818,1.00464527098525
2020-06-18,1.00112493171128,1.00065123816563,0.996528241591458,1.00359961228389,0.99665537810741,1.00005201273867,0.998751836304372,0.998713525597501,1.00056518595894,1.00119227301017,1.01022157786481
2020-06-19,1.00065499317614,1.00114205901069,0.997522377059897,1.00061149664833,0.994201201772276,0.999443949248249,0.997542945992875,0.992584452323948,1.00013427898036,1.00005676916464,1.01020303947315
2020-06-20,1.00185022933163,1.00174179592,1.00027840497538,0.996859011293172,0.989556947742834,0.999887208340573,0.998087310395987,0.992510518143282,0.999266606872688,0.998664831070342,1.00918632360194
2020-06-21,1.00051869650738,1.0001199412789,0.99932912763019,0.999510734823201,0.992192752745183,0.999588953943819,0.996181615965488,0.991264264434613,1.00037958445962,1.00086625711184,1.00748894927534
2020-06-22,1.00066419590779,1.00236266571946,0.997632898338506,0.986035553494307,0.995398510985536,1.0004039839775,0.997913186558497,0.979940369797542,1.00184569523185,1.00132726667964,1.00787539617073
2020-06-23,0.999796238580518,1.00054997907905,0.998692266061989,0.972369055291653,1.00626496241252,0.999934710262221,1.00721076725297,0.998500099082626,0.999864683112611,1.00063076616228,1.00584241933674
2020-06-24,1.00078875322774,1.00099655392258,0.997563873066002,0.983063837535974,1.00197915642963,0.99971056513539,0.99472654295216,1.00077402133604,1.00090020994245,1.00152029976982,1.00640729306821
2020-06-25,0.99999998268714,1.00012398630106,0.995138821876748,0.994279578192969,0.992479517634918,1.00098352151052,0.99415936838578,1.00649166281403,0.999571048766281,0.999337887633492,1.00790362800114
2020-06-26,1.00061189184682,1.00141656666337,0.99685516440876,0.997585447583718,0.991799016363636,1.00043730826287,1.00438288958989,1.0054037907303,1.00116997256399,1.00054553146077,1.00326000931693
2020-06-27,1.00090245034002,1.00143887847013,0.999005892715331,0.992719400136478,0.983770110558348,0.999167465283944,0.997247232471346,1.01805633616774,1.00125065829646,1.00004320751595,1.00287797513533
2020-06-28,1.00130508074015,1.00153218522894,0.998894143935493,0.987525616890664,0.976299855079817,0.999710716345152,1.0011772544389,1.01089533963283,1.00131743272178,0.999922635388188,1.00468973582361
2020-06-29,1.00230222542745,1.00118524793235,1.00057996992254,0.98534276134794,0.998036148404353,1.00077433532165,1.00188642108127,1.02470348474385,1.00189780551281,1.00210819733308,1.00509049368508
2020-06-30,1.00002631634274,1.00063352442145,0.999871494754868,0.990937927492543,0.990768039968283,1.0001804991259,0.999464900381175,1.0097593266576,0.999714831787348,1.00033677166066,1.00434127298697
2020-07-01,0.999735975241118,1.00037103222899,0.998961420083023,0.983420348533449,0.989860362457371,1.00097744386008,1.00121644019332,1.00151717586136,1.00026801125318,0.999673434054773,1.00934570902144
2020-07-02,1.00002952735744,1.00077623663267,0.996581625791686,0.988879112788129,1.00814205320342,1.00034337177651,1.00729804225159,1.0050497181742,1.00001465984082,1.0000555468899,1.01428699253579
2020-07-03,0.999741575407547,1.00071134246547,0.996165706877609,0.981245951623761,1.00485850652998,0.999796193428692,1.00184761336766,1.01373531244919,1.00058363575508,1.00026139827363,1.00785238268555
2020-07-04,1.00025641762806,1.00054103792269,0.995960139937164,0.978160656815538,0.999187153768708,0.999322430699383,0.996502055397663,1.01906125561236,0.999464893676859,1.00084306089844,1.01561853549615
2020-07-05,1.0003619486645,1.00009482998864,0.997017585646157,0.987264614173142,1.00162539795848,1.00014247754682,0.994913565597638,1.01919160586084,0.99975056659621,1.00150650585985,1.01334559137002
2020-07-06,1.00037647132096,1.00014728235905,0.997593713683924,0.976728284065004,0.999578830886353,1.00061140492986,0.99075336643101,1.00903132557336,1.00059245838906,0.999385842497837,1.01214685246807
2020-07-07,1.00063374378048,1.0011550515295,0.998343341881161,0.99592475677336,1.00563355005994,1.00103364487373,1.01031793163016,1.01064070379387,1.00146134745394,1.00140526049809,1.01607331708419
2020-07-08,1.0001943576915,1.00084128433064,0.997616241544006,0.990003200010839,1.00662876045498,1.00082574922947,1.00656025175496,0.985959459296074,1.00071044639754,1.00032136454428,1.01173030173369
2020-07-09,0.999775592212545,0.99911478750613,0.999019749958215,0.998810644273518,1.01286976541018,0.998890774260836,0.978677171097653,1.00704588318677,1.00052661532908,1.00003009011034,1.01517344736659
2020-07-10,1.00086999519465,0.999958015816245,0.997204923561052,0.994862790456114,1.00873533397361,0.999830639224102,1.00291378669741,0.99572234658358,1.00052459362327,1.00155601111711,1.01880208237519
2020-07-11,0.999672660888025,0.999835120076977,0.999227081282251,0.995826546363324,1.00841603598767,0.999857449736672,1.00858519371922,1.00115524451407,1.00001654202011,0.999176035428839,1.01789889372783
2020-07-12,1.00015814891515,1.00020499506642,0.995784715112796,0.990607572019438,1.0108780937978,0.999883630282679,1.00406619590475,1.00259022809795,0.999131808473822,0.999072260208685,1.01858964782045
2020-07-13,0.999955938057254,1.00029732982729,0.996336270632775,0.985272456601681,1.00948277566183,0.99973847867855,1.01957587878053,1.00479004816588,0.999288213229488,0.99757368854217,1.01901147604035
2020-07-14,1.00018286320362,1.00035635301874,0.99682825686543,0.97523125818784,1.00632716016751,0.999953767473491,0.998940740423598,1.01107095309702,0.999870969568596,0.999686394594236,1.01606658850251
2020-07-15,0.999197002269505,0.999730615709768,0.999937263185659,0.978523078918359,1.00900028776971,0.999646721493546,1.00428618595824,1.00165981758714,0.999012387609288,0.999226281479819,1.01414053621894
2020-07-16,1.00011531607154,1.00053102719434,0.997476957869292,0.987553612074128,1.00892023849849,0.998741982881093,0.997595392744814,1.00300664553627,1.00085789313781,1.00027507946865,1.01242082235941
2020-07-17,1.00050743311794,1.00056700594041,0.999330418657655,0.985956508671822,1.01331086596549,0.999882381860443,0.98207114259342,1.00296176800142,1.00106254086683,1.00036251663115,1.01542307857234
2020-07-18,1.00001403769687,1.00024980149475,0.999454690751763,0.98390371262636,1.00795776022063,0.999897294562896,0.998265961742759,1.00917468804616,1.00019036257002,0.999368473272998,1.01234746479682
2020-07-19,0.999009847442852,0.999861685885187,0.999424179352031,0.986804873172731,1.00745738200545,1.00023694142046,1.00148737842585,1.00476088036964,0.999109731125277,0.999242966684661,1.01092869116752
2020-07-20,1.00006599599907,0.999647198296887,1.00071270251401,0.98356733055451,1.01687953214579,1.00019587600775,1.01370468640137,1.00747851155273,0.999914499435683,0.999228013321659,1.00830097245485
2020-07-21,0.999417023097368,0.999935194288532,0.999095442566407,0.972018524230622,1.00212993136672,1.00015645463998,0.984630050816866,0.994784730540281,0.999330368136745,0.99980471168746,1.01027317857532
2020-07-22,0.99960135529773,0.999343254701562,1.00047739002911,0.976842215778752,0.998314474345016,1.00021534372968,0.990979536477468,1.0004130130311,0.999728592969586,0.999689246432151,1.00900336836389
2020-07-23,0.999715736115474,0.999652530021669,1.00072990208562,0.982818251035103,1.00866122818452,1.00119852282721,0.991563704887501,1.00126524415049,0.999078751868058,0.998252781854607,1.02638331420941
2020-07-24,0.998552295403576,0.9981961738035,1.00121859107702,0.984836412450451,1.00257600361182,0.999291920008853,0.989903046587364,1.00363725829159,0.998096792454661,0.998110876721325,1.03106697927118
2020-07-25,0.998803281530153,0.998534982298482,0.997287503419225,0.981413003033528,0.99925232008878,1.00043712059057,1.0065437231632,1.00646335655143,0.999682599690888,0.998919379796364,1.03404966156045
2020-07-26,0.998185839546643,0.999154816818962,0.9990040172768,0.989618001913331,1.00203804169861,0.999789253272022,1.01251456653955,1.0050492114206,0.999026283506969,0.998378751308655,1.00523051701696
2020-07-27,0.998209816924905,0.998296456225503,1.00062279042013,0.987330697824025,1.00087900560905,1.00013098559204,1.01120008427047,0.98035758003382,0.998163089323092,0.997027147854791,1.00763460959123
2020-07-28,0.99707547361604,0.996683076134122,0.999726582328203,0.990751684393514,0.995736826516518,0.994901743399647,0.994088130893188,1.00980060437965,0.999020842008234,0.997627958644964,1.00924671753092
2020-07-29,0.996840562679064,0.998382356188517,0.997633820000344,0.987541799031623,0.998354879328636,1.00003471126481,1.00300102954603,1.01084659389546,0.996588467458998,0.996891307260278,1.01825795043909
2020-07-30,0.999020808951171,0.998825594578366,1.0028532886651,0.986892920024663,1.0058715048289,0.997848733716386,0.995966098923114,1.01563863276942,0.997672454626431,0.998627291201004,1.02715524051929
2020-07-31,0.997603832390546,0.998702350519467,1.00049053347254,0.998810735070453,1.00230702504232,1.0007727173227,0.989978336853549,0.995475997953016,0.998193181010808,0.997280809783376,1.03146907910157
2020-08-01,0.999157494562321,0.998487911550461,0.994975769465483,1.00977431802571,1.00433374510413,0.999825830944735,0.99533853249991,1.00994204488117,0.999790151275255,0.998628660618679,1.01978393077008
2020-08-02,0.999579315507518,0.998595752137185,0.996925160738463,1.02383965758825,0.691749404798997,1.00038233916262,0.99150224377594,1.00491471398339,1.00009862148583,0.999563448819114,1.01613807458805
2020-08-03,0.998550896997192,1.00020558461771,0.996964049893249,0.963125739608987,0.654404325532236,0.999685274574881,0.988839885296959,1.00995936000899,0.998193188077073,1.00106377542999,1.01844392563484
2020-08-04,0.99905571829497,0.998618863988631,0.996750499330284,0.981465193967398,0.995580799993521,0.999690952452003,1.00275131298431,1.00627656015442,0.999990100889821,1.00156868647132,1.01147406115614
2020-08-05,0.999482585810558,0.999843141435102,0.997956005705512,0.977019611098848,0.993590940291685,0.999922848934408,0.99284533973809,0.998747395571206,0.99911159455539,0.998925317425232,1.01427082430026
2020-08-06,1.00177190138177,0.997646416040371,1.006532759012,0.999448537777134,1.00460651835722,1.00222566614261,1.017518049617,0.999076884155899,1.00105120320706,0.998210751005953,1.01513745853922
2020-08-07,0.999670527372976,0.999598502945461,0.999559300900163,0.997224222063561,1.00698327934137,1.00023287671932,0.98879577467972,1.01687113413242,1.0003879480065,1.0004850939802,1.01458786104462
2020-08-08,0.999258265032731,0.997503333151261,0.99910293892071,0.974684049729781,0.996807392489435,1.00186186608106,1.00964420394527,1.00248158712421,0.998779308519334,0.998946757584275,1.01727223099472
2020-08-09,0.999497870435885,0.999566590033087,0.998957857762744,0.990828192700688,1.0001196297835,1.00034725597216,1.01405500576772,0.998596766096376,1.00020674503055,0.999924180983673,1.01946289148113
2020-08-10,1.00032804763966,0.999625878325798,1.00223800569541,0.987155307134816,1.00469125224426,0.999929027950081,0.99639383924125,1.00269432758762,1.00130009287829,1.00003994012794,1.01655229578727
2020-08-11,0.999752177962446,0.999156838990474,1.00005080728944,0.995257629747093,1.00460621958857,1.0002432940632,1.00383635904679,1.02279307961968,1.00003324175422,1.00010307147802,1.0160856515604
2020-08-12,1.00050765498373,1.00135675469324,0.987400544858667,0.989404811488886,0.994563874810014,1.00224395328909,1.00989234649132,1.0154033894939,1.00133321898666,1.0002489557385,1.02215618451773
2020-08-13,0.998859222915201,1.00013863754269,0.997319756117444,0.978708574512362,1.71912081194343,1.00076121400557,1.0133526461849,1.00899808560411,1.00075356205038,1.00041957078448,1.01480337895707
2020-08-14,0.999095377865832,0.998192750488236,1.01700501261187,0.990389257352776,1.00668598216701,1.00095656364683,1.00809962132048,1.012036910423,1.00009859644222,0.998136108674094,1.01599960977745
2020-08-15,1.00032636181915,1.00065180043008,0.989171613871543,0.9774144272665,1.00090429945459,1.00165863029051,1.00937819890283,1.01268221673332,1.00031196102603,1.00076010280878,1.00765522067896
2020-08-16,0.999139211256988,0.99979338091077,1.00403478606949,0.971043080754635,0.998405389990149,0.997785610449954,1.00901275933618,1.00466422394317,0.999137202651678,0.999425563507351,1.00591433170773
2020-08-17,1.00036736117537,0.999496309569093,1.00101664581724,0.975293053685913,1.00288163943903,1.00054246793355,1.01273767335766,1.00406280012271,1.00256315113078,1.00103287699585,1.0066047709544
2020-08-18,0.998493363912869,1.00237287763477,1.00334310984575,0.99333906041649,0.997175898390944,1.00005227060995,1.0250077389554,0.993655163949395,0.996737792211943,0.996786003836645,1.00272902238638
2020-08-19,0.998545422165138,0.998785077300207,0.980885589886325,0.982505928404438,0.98336955015304,0.999918209143615,1.04218158719237,1.01451401023259,0.997961742979672,0.997907121280891,1.00334930372326
2020-08-20,1.00003186873779,1.0017854574714,0.988606997494071,0.990920763956736,0.978360707627178,0.999319729235132,1.04816548880267,1.01525597043937,0.999736189141364,0.999714698767988,1.00611352074199
2020-08-21,1.00007737602702,0.99868530573245,0.987810113269381,1.00188892275131,0.985074259547498,1.00133974317182,1.02885341042756,1.02200128983182,1.00021263504701,1.00071495165184,1.00524123228032
2020-08-22,0.999634779240127,1.00056995864444,0.987340542014241,0.988854138049656,0.974387023729326,1.00017157237954,0.997164506057284,1.01325120814853,0.998810276510428,1.00208748314122,1.00647105856375
2020-08-23,0.999937157638972,1.00006391199559,1.00338676717849,1.00569174205781,0.98392502491285,0.99982485809968,1.00296982699081,1.01297591562739,1.00051738040047,0.999607081488614,1.0043928325465
2020-08-24,0.998890936300689,0.998385344827562,0.997454161868149,0.996105302476455,0.990405859074705,1.0001637869295,1.00394231590397,1.00268770201146,0.999212985964393,0.998664191975145,1.00652461464025
2020-08-25,0.999771506023629,0.999199730572777,0.996559856706863,0.996783617062151,0.98677465798669,1.00056811386076,1.00859575196083,1.01408309945359,0.998736737006906,0.999578383892456,1.01681397821958
2020-08-26,1.00092626648023,1.00061231792437,0.999072268980173,0.996492876105384,0.982149833983035,1.00012165741839,1.01955917940602,1.02330298667012,0.999342397464707,0.998572520385287,1.01436773752151
2020-08-27,0.999516259744893,0.998583836769649,0.998815837111597,0.989691549509143,0.993000907939538,1.00042455181641,0.999945181475049,1.00983051796921,0.999280221413437,0.997254363551413,1.01180842054814
2020-08-28,1.00024237296295,0.999440391080934,0.994796003540663,0.98966639295418,0.990421399244106,1.00073436614329,1.00977626773079,0.989694429763412,0.9994872563865,0.99936636994594,1.01509888450201
2020-08-29,1.00047832394578,0.999579913014974,1.00519726943216,1.00230941942047,0.999198317110563,1.00107174256072,1.0133450842301,1.00976664049508,1.00061595140996,0.99982535802501,1.01414161678602
2020-08-30,0.998620179683973,0.999135270405233,1.00314857724629,0.996659726653189,1.0002397038564,1.00032776494933,1.00360146521939,1.007162174811,0.998923304551262,0.99909900773392,1.0118622954965
2020-08-31,1.00202679257152,1.00125125041421,0.998079233679227,0.993489768693013,0.993522455021079,0.999699808804962,1.04740039102164,1.01345571944878,1.00076062308176,0.999513304300553,1.01479129537855
2020-09-01,0.99926486118166,0.997676879162275,1.00149425955381,0.975281682063252,0.999459786434273,0.999523908716525,1.03588972397334,0.9931388690905,0.999768704315518,0.99892228075527,1.01579244345716
2020-09-02,0.996900434061218,0.997141049931842,0.991613518343087,1.00236934381891,1.00868049015207,1.00044809662395,1.06780439030655,1.00429802762192,0.995493951756394,0.999746094105558,1.01384371298753
2020-09-03,0.998644299457301,0.997861350952618,0.995168452348813,0.980082813992529,0.998824182371005,0.999679850924703,1.04794697344331,1.01170016212955,0.999259217228774,1.00134837952474,1.00679975627
2020-09-04,0.998844889874837,0.997805364851138,0.994895033852781,0.985414772005778,0.970866395295108,0.994584291207089,1.04047891397895,1.01017227634874,0.999641562060337,0.999220751922903,1.0025095890937
2020-09-05,1.00129394101989,1.00304418294616,1.00008651416677,0.992878981056244,0.989841779540961,1.0005249568286,1.01770349583141,1.00372576629283,1.00162704564806,1.00211730035714,1.01960468107064
2020-09-06,1.00468197168561,1.00670365206991,0.997934965863776,0.991919517214188,0.993946431171507,1.00482641924205,1.03425164567948,1.00992950454853,1.00293765186212,1.00763702048963,1.0170191782582
2020-09-07,0.999799619343756,0.998552456185067,1.00216484084192,0.995063144008392,0.99201626300128,1.00076384129806,1.01582894915721,1.00500952715141,1.00191168300191,1.00401282355197,1.01892743405539
2020-09-08,0.999518353904577,0.998898765326729,0.999996485883941,0.987744803809483,0.994993790305367,1.00027784638771,1.02774138945115,1.01357799986617,0.999369927425191,0.999187710763529,1.02922794902377
2020-09-09,1.00315567420907,1.00352645431324,0.999164391886432,0.968452419832142,1.0003749188264,1.00307858761223,1.02147508526244,1.00616690668005,1.00349676516903,1.00341836524403,1.02816264952862
2020-09-10,1.00044292710561,1.00018119213921,0.997865447408687,0.978792004735505,1.00286953892892,0.999868362728787,1.0130050238175,1.00330676713624,0.998726728101037,0.998184723833941,1.03291607095826
2020-09-11,1.00149821652547,1.00012546870771,0.99998732184016,0.985459082655397,1.00319084645778,0.999983424212953,1.01419387224605,1.00638907447625,1.00178540116664,1.00016196282617,1.03383833785934
2020-09-12,0.999843706777366,0.999587358782955,1.0028304886485,0.991823782366858,1.0029323054208,1.00034943906377,1.03381978853892,1.00663262674874,1.00005089533476,0.999393713323808,1.03675426193953
2020-09-13,1.00300960509828,1.00043633608015,1.00874485001356,0.990654606952024,1.00332013563521,1.00034155109597,1.03687596489144,1.00329354404646,1.00248158127051,1.00348632708597,1.02903005927875
2020-09-14,1.00082553353775,0.999569086444193,0.996029913857612,0.966064287615134,1.00171067792456,1.00076521077456,1.01033986886381,1.00302746996171,1.00061782510799,0.999659388601954,1.02432928912006
2020-09-15,1.00122633340935,1.00054712824589,1.00648072149786,0.980149962996024,0.998534405086753,1.0010071964713,1.02051963266367,0.996542803323684,1.00134102429187,1.00034965035538,1.03422425705002
2020-09-16,1.00076548860892,1.002744286212,0.999539181296911,0.995764074879899,0.990826354801099,1.00020988179606,1.01059130119842,0.996746233262205,1.00140495156691,1.00061374240535,1.02009013745673
2020-09-17,0.997697624680008,0.999597716297726,1.00483938404207,0.996168334952652,0.990746592837626,1.00018045591686,1.03241154636834,1.01902103469414,1.00068311382388,1.00126087064918,1.01485504840853
2020-09-18,0.999392669275312,0.999052949914083,1.00046994895866,0.994316496718369,0.990114504939265,1.00095238266428,1.00760721047532,1.0011486007051,0.999765018267549,0.998621043122082,1.01892575373044
2020-09-19,0.999470172617616,1.00080973908784,1.00042681881528,0.985291264717104,0.994546451120261,1.00057632651542,1.00443023304452,1.00427968182975,1.00264418564619,1.00159902835223,1.02003949303382
2020-09-20,1.00003754591175,0.999847062503194,0.995997428714867,0.993290567771291,0.999832207145004,1.00017459710328,1.00571884185942,1.00605020369387,1.00188921901457,1.00014175595538,1.00929819823579
2020-09-21,1.00070648755205,1.00016723753474,0.997571503096457,0.986152999693431,0.996172787435755,1.0024014418819,1.01129194470254,1.02021087258977,1.00072294108479,1.00056456368758,1.01179376956645
2020-09-22,0.998347803084518,1.00095455084653,0.982413689341318,1.0012638465093,0.999526133779633,1.00004616502341,1.00819380164712,1.0053831117694,0.998611452550551,0.997373590415812,1.00774835623622
2020-09-23,1.0022821944058,1.00144457765937,1.00223612002584,1.00466026842777,1.00033747895318,1.00054700981524,1.01004035293378,1.01390355086741,1.00168817101016,1.00109601131477,1.0107882531666
2020-09-24,1.00017058823291,0.999349678104069,0.97850327455012,0.995128581419938,0.999652131638463,0.999488323241205,1.02772451855568,1.00395740283312,1.00060318042597,0.998800015046766,1.01179977390085
2020-09-25,1.00009991936022,0.999464259748609,0.996633456743936,0.96851416069901,1.00197730176699,0.999648343648826,1.01027164345533,1.00466113516021,1.00039101695815,1.00090362504931,1.01104606031961
2020-09-26,0.999656467183785,0.999386574663146,1.00298413505663,0.965073342575917,0.997119619246903,0.999761789959117,1.01154103393442,1.00560151551057,1.00118031778339,1.00059247048383,1.01003468184991
2020-09-27,0.999902939545294,1.00035167641174,1.00304992629295,0.968210576078602,0.998150449327597,1.00015108140563,1.01394782975403,0.995833067897618,1.00095917149436,1.00052569749733,1.00927948491829
2020-09-28,1.00095244198442,1.00082418700598,1.00463866023713,0.969518370228036,1.00534694158669,0.999390230242496,1.01826601273444,1.00643083114205,1.00046139190801,1.00061633372556,1.01031365193552
2020-09-29,0.997192194055258,1.00087978486052,0.996586578752472,0.991714358448579,0.995827833157953,1.0000887250688,1.00219762080562,0.995624987515417,0.998558418707252,1.00184593712353,1.01110545788859
2020-09-30,0.999732098391197,0.999886010834021,0.999165914718368,0.992405435988194,0.999365357737066,1.00115197170689,1.01190851904152,1.0086816387001,1.00045530567214,1.00101486629584,1.01263250987722
2020-10-01,0.999622693248818,1.00014122396543,0.997287333106333,0.990121943073468,1.00144736713023,1.00051908604046,1.00945965391068,0.994638085191923,1.00055244610823,0.999638612644275,1.01083107865424
2020-10-02,1.0006761658224,1.0006337243548,0.990490524633198,0.958009718149778,1.00120608461277,0.99991728900239,1.00625594028319,0.995965008224753,1.00166144359925,1.00237918705916,1.01145161438885
2020-10-03,1.00122049344355,1.00091559424555,0.999640722069591,0.993825551780266,1.00002553292873,1.00115009785397,1.10800365160873,1.00205295515822,1.00085265215872,1.0013676170586,1.01217310411342
2020-10-04,0.999438042024425,1.0006840204269,0.998722849730651,0.99299813295182,0.996340268088626,1.00049645471708,1.01005157781203,0.998194591405204,0.999328346564602,0.999821684802256,1.00677438338847
2020-10-05,1.00076496785994,1.00038610124116,0.997643326279014,0.992826551610591,1.00105694551779,1.00006418050333,1.00543271264649,1.00077552302052,1.00052146245745,1.00135572665847,1.00999232490374
2020-10-06,1.00105234767931,1.00006707900255,0.999336101055808,0.96787844286918,0.996126991892158,0.999778960941414,1.02054240552211,1.0029799282617,1.00071312207887,1.00102487949702,1.01038720909876
2020-10-07,1.00167942952615,1.00118550614969,1.00242127719883,0.956903708454292,0.99709375352216,1.00087833634957,1.01072262420817,1.00165487074844,1.00081152806274,1.00102033247096,1.01106476009993
2020-10-08,1.00075389245754,1.00025872581159,1.00496201842001,0.992435552771497,0.999054241662874,1.00008954596478,0.995497557182052,1.0053146108868,0.999986208784416,1.00011981841013,1.00878216114483
2020-10-09,0.999879372881797,0.999693235934966,1.01465449959179,0.970614387261697,1.0046524986621,1.00003177271273,1.00166927739771,0.994493415921042,0.999702776051453,1.0002181627911,1.01144533572507
2020-10-10,0.999177598258069,0.99959181164864,1.00898745432114,0.991142564737914,1.00541589409881,1.00097789833213,0.998200027106111,1.01368463933899,0.999433384069156,0.999110164012155,1.01348145521105
2020-10-11,0.998754453352409,0.998667782334597,1.0017072773627,0.973335617242372,1.00985675781149,0.999384122764849,0.990318274115924,1.01054792051806,0.9998883151179,0.998779898337584,1.01002774249195
2020-10-12,1.00038097529982,0.999830520140625,1.00770972942241,0.981045015161452,1.01863769225046,0.999938861380901,1.00251161970513,1.01126371704245,1.00034860364903,1.00098044962139,1.01011824141418
2020-10-13,1.00025356103573,0.999660799374389,1.01133187370446,1.00569510738032,1.01606425418936,0.999466632064393,1.00109395656105,1.00117605994732,0.999705683075365,1.0003227808714,1.0087544813057
2020-10-14,0.999422708173274,0.999758668263334,0.996877143892064,0.994572568739736,1.01159995877792,1.00011003403366,1.00232208782089,1.00558289097228,1.00113116121885,1.00104838071684,1.00942154262657
2020-10-15,1.00092453828886,1.00140930958533,0.996227237815919,0.994105725947466,1.00676093445529,1.00047452173526,1.00669992750506,1.00911024295617,1.00137542721955,1.00131976708333,1.01017693371155
2020-10-16,0.999596160888465,1.00044926919911,1.01480273390825,0.991009346562337,1.00808656559604,0.998818608928354,1.00019662328539,1.00768397214931,0.999899214823174,0.998963685343654,1.00564863058611
2020-10-17,0.998683650316697,0.999920765289586,1.0108221848665,0.995258391346923,0.999011818541374,1.00056792668716,0.998412024034623,0.999682180353663,1.00021901720514,1.00073229546763,1.01027506368761
2020-10-18,1.0006928230877,1.00239214593479,0.994202866229833,1.00137037786705,1.00499239646466,1.00035262361142,1.00524161705158,1.00127823265014,1.00172806309421,1.00107971831909,1.00692825752811
2020-10-19,1.00067278230588,1.0028504098018,1.00191733354277,0.998485636638336,1.00758060906135,1.00106661618696,1.0072826567045,0.997142298446372,1.00282825476405,0.999613987128444,1.00968755675779
2020-10-20,1.00081634042522,1.00155855761132,0.996897682987971,0.98794666390307,1.00776829386467,0.999846978312934,0.999114297603558,1.00156289812161,1.00010741772238,1.00138742222977,1.00806926473462
2020-10-21,0.999043833613763,0.998630427991627,1.00707787038786,0.990039785650657,1.00158324323554,1.00139953138786,1.00125167360476,0.998703877281769,0.999407468225244,1.00026483622373,1.00857676317392
2020-10-22,0.995330368833491,0.999419252084809,1.01718065785209,1.01407615002953,1.00840062876458,0.981837468536407,0.995208177576479,1.00696220284528,0.998537374221941,0.999286521467604,0.990161716448139
2020-10-23,0.996612298998526,0.996503969750906,1.0197940305419,0.995541650252195,1.00639973969302,0.998117560954919,0.989971146061924,0.999372129535146,0.997316929881175,0.998876404763006,0.998911268364353
2020-10-24,0.999926396931843,0.999953120087106,1.01456054935528,0.991376535057793,1.01088238853071,1.00036042570899,0.995508152510379,1.002200029819,1.00024780956365,1.00175380715337,1.00858681482394
2020-10-25,0.999740438931952,0.999740631453424,1.01102485075187,0.995846516680682,1.01456802826705,1.00005614248328,0.996372272321009,1.00731541812739,1.00012831805965,1.00173247123596,1.00351789126462
2020-10-26,0.998643530590727,1.00012420825602,0.992636523432868,0.984222431005306,1.00678450180589,1.00008005503319,0.998226605862174,1.00776169632138,0.998776590492739,0.998328028657769,1.00490020546379
2020-10-27,0.998803656605262,1.0001022984177,1.01237447313462,0.991556839305628,1.00596457258483,1.00032778596441,1.00019789677557,1.00620166525572,0.998944191943295,0.999445075528301,1.00378329970696
2020-10-28,0.999602889238024,1.00131440634353,1.02784270253857,0.986145296132065,1.00968502965219,1.00116023006963,1.00500567879719,1.00917671546611,0.997209117529756,0.997487302764881,1.00843759135702
2020-10-29,1.00061698708445,1.00129425573299,1.01227727191065,1.00284116152337,1.00359258606167,0.999617277431067,1.00307003024601,1.00976965903018,1.00047648532417,0.999770705478371,1.00963626167355
2020-10-30,0.99914388769316,1.00075611171138,0.999540384369771,1.0003191560331,1.00313862712414,1.0009456991436,1.00154711807282,0.998985702694749,0.998922991354352,0.998288795990571,1.00950328081352
2020-10-31,0.996053445697908,1.00098089659936,1.00252406750934,0.999049728087001,1.0032842464329,0.99961437093714,1.01480167587966,1.00692970549846,0.998168340575954,0.996690431191177,1.00920555678601
2020-11-01,0.998075876528719,0.999994878803648,1.00612766235379,0.999254319321233,1.00432990284253,0.997788584518539,1.00685819921497,1.00455868968981,0.997937721199951,0.998088687229414,1.00697815755267
2020-11-02,0.99766439326828,0.999187218572676,0.998187752875113,1.00059743081833,1.00900855978515,0.997339098419503,0.998327227548421,1.00102552936449,0.997722063599229,1.00003609859342,1.00715500730745
2020-11-03,0.998107474448432,0.998938173510964,0.995079827067229,0.974743673454248,0.996409189487731,0.999082622778767,1.00779874905282,1.00431454792131,0.998668910142831,0.999393166702005,1.00828781430308
2020-11-04,0.999273170532922,0.999800926187933,1.0175981754999,0.997139333427886,1.00238934371699,1.00043908048148,1.01545088023609,1.01830172503,0.99833473356509,0.997908079251373,1.01125810646738
2020-11-05,0.999407880399336,0.999494619169538,1.01820464348948,0.988019883059548,1.00046929572595,1.0000330632486,1.00690175470295,0.998930093497694,1.00005778777902,1.00021260544158,1.00799136705283
2020-11-06,0.997304217524398,1.00149448976204,1.01944896320093,0.989805564013882,0.994135912170645,1.00237618213404,1.01383937357768,1.00639720377941,1.00076491998824,0.998546000368137,1.00840478661064
2020-11-07,0.997930192807146,0.99827692488448,0.997619943955246,1.0013782510656,1.0021936499424,1.00031062559482,1.03167401146424,1.0029389240259,0.998375998291958,0.997873823916064,1.01025801177795
2020-11-08,0.998251435831658,0.998107584636134,0.98761167331872,0.985239500870604,1.00062741916548,1.00215958165279,1.00437117041703,1.00210387546097,0.998369445273683,0.998155170903341,1.01166306806003
2020-11-09,0.99948905178683,0.999437029260196,1.00463602749226,1.01175025492036,0.992714973781262,1.00017787960432,1.00856589848872,1.00385741114211,0.999582513962215,0.997476963691099,1.00798747309724
2020-11-10,0.999900670446606,0.998916612975533,1.00226372133344,1.01304739958367,0.993864608015437,1.00094152320545,1.00157369435378,1.00431635531974,0.999852932683842,0.998954347296681,1.00894341194303
2020-11-11,0.998143711344874,1.00000815537409,0.991952701691196,0.982164650628349,0.997835088595784,0.997111933817848,1.00643769317997,1.00694971183302,0.998326245634263,1.00670845561465,1.00440795872683
2020-11-12,0.998213788183341,0.999991803162353,0.996559541047765,0.995839395177823,1.00660387883582,0.998715174093199,0.988294655979945,1.00405179196243,0.99898433669555,0.999431586789732,1.00620621401877
2020-11-13,0.998284629945548,0.999463742139488,1.01297499810913,0.988727557049772,1.00236063010882,1.0001847955996,0.997659049369904,1.00676837688654,0.999033690360369,0.998136722397117,1.00629195280986
2020-11-14,0.999557877812599,0.999290203361684,1.00840726435989,1.00379364843369,1.00214043814527,1.00125527259219,0.999650834100953,1.01220172202704,0.999780616389277,0.999939810111664,1.00665769631593
2020-11-15,0.999057463448145,0.999995032283151,0.998589232231648,0.993675106970044,0.998703383439636,1.00178004035144,1.00647482047759,1.01456262298246,0.999069539182558,0.998915157655588,1.00733372135712
2020-11-16,1.00067989203785,1.00027133928444,1.00263552885368,0.992279869139919,0.990189359154071,1.00302102083485,1.0068542138059,1.0056740465625,0.998483330548052,0.998278002048879,1.0076772413119
2020-11-17,0.998019639076468,0.999883277423747,1.02508215973991,1.00200364476707,0.99760209953255,1.00027056419147,0.993170452183944,1.00899737214264,0.998713772655783,0.99825688574076,1.00415881825592
2020-11-18,0.998556805519322,0.999475085080308,1.02915986674594,1.00677367164072,1.00693759760239,1.00182029187915,1.00802947980032,1.01554924633101,0.9989957025903,1.01005331993856,1.0044084491452
2020-11-19,0.999473540042244,0.999816336678083,0.995858698796866,1.01704431377259,1.00283701627661,1.00024921735522,1.00171044434026,1.01556885517413,0.999208058200482,0.999199346986431,1.00395415031989
2020-11-20,0.999588309817459,1.00018766608022,0.992265406802485,0.999241750252197,1.00547020191776,1.00039359307788,1.00167133726977,1.00255538796822,1.00010019213119,1.01150721823301,1.00412667966697
2020-11-21,0.998649988118674,0.999335796318318,1.01241155910578,0.997131114958936,1.01232215657508,0.999852257672087,0.996433836155589,1.00951974651506,0.998218926812114,0.998399762940522,1.0039974978872
2020-11-22,0.997356571978083,0.996857580887666,1.00883746131448,1.00656721066998,1.00659764742437,0.997815740885181,1.0084523242906,1.00619006273878,0.996438697372254,0.996057107590697,1.00223533964714
2020-11-23,0.996723312001128,0.998319109735058,1.00839211200919,0.985794405932538,0.998886073298337,0.997206483509866,0.997783128424305,1.00416965113087,0.99359115565057,0.996485117082502,0.997712602854604
2020-11-24,0.997942349729599,0.997992554833362,1.00004273438155,1.00028903390613,1.00396641960864,0.997796116803096,1.0004823627446,1.01876818146409,0.999482550621156,0.999229343006636,1.00080961731874
2020-11-25,0.997451934817211,0.998206371764023,0.998072408421974,0.988122656950655,1.00937660265841,0.998062716274627,1.00909398379598,1.00771621104879,0.996712483227157,0.996796728810453,0.99960071073888
2020-11-26,0.999183616318622,0.999471638737,0.981300104956131,0.982048634253057,0.994781803470554,0.997326621211766,0.998138899927645,1.00716985782817,0.997523542315622,1.00536734181772,1.00166398660476
2020-11-27,1.00123880224636,1.00252591860437,0.99659973100373,0.995617252918928,0.997782938758813,1.00032931722323,1.04514827184724,1.00969478685353,1.00030329825192,1.00080172824746,1.00266300471935
2020-11-28,1.00158374247098,1.00172114872182,1.02295729713165,0.987017943745247,1.00877328434872,1.00273611811032,1.05162921286726,1.00249567810887,1.00427206814591,1.00208313303338,1.00570232601993
2020-11-29,0.998721821741016,1.00001515055356,1.02789366611399,0.995690597535917,0.997590927442132,0.999182394452738,1.0105257723938,0.995884026657559,0.999377028514787,1.00026013369756,1.0014448588477
2020-11-30,0.999699696960847,0.99974790588302,1.01487030965865,1.00733927188344,1.00154991705854,1.00062335735958,1.00434144553054,1.015824241976,0.999528111881784,1.01828594004092,1.00383031302288
2020-12-01,0.996558034366188,0.997602620254605,1.00511386426103,1.00978738430973,1.01333595937513,0.998255007461388,1.03695051219766,0.996897916220989,0.999841311661618,0.996786955673817,1.00671399030463
2020-12-02,1.00138307434929,0.999973263570747,0.98787138079258,0.989133693345324,1.00644659140019,0.994793583216957,1.0102782935913,1.00181006877136,1.00239596203613,1.00114634351175,0.999859413209239
2020-12-03,0.999872907400295,1.00014878962825,1.00182437624556,0.990817740383171,1.00693262622967,0.999090542696256,1.0081542017893,1.00284643879197,1.00008406850962,1.00006542358074,1.00174831922821
2020-12-04,0.999239711056897,0.999742382084379,0.997167984580029,0.991849903660657,1.01166746830949,1.00126161535977,1.00466066457862,1.00766258689846,0.99980931556487,1.00325470887642,1.00543294240797
2020-12-05,0.999658238088495,1.0006602425353,0.991165560189182,0.986132092698518,1.003008055091,1.0039867977335,0.997942919036566,0.999528985789534,0.999883912661163,1.00257144239605,1.00641337700227
2020-12-06,1.00094161512294,1.00125204750614,0.998032274487187,0.995615674188536,1.00267521554554,1.00168331878102,1.00770695245688,1.0045012176516,1.00016153243782,1.00095845139173,1.00284908960497
2020-12-07,0.999579380629986,1.00013037182575,0.999964376659298,0.991783288871989,1.00407408482732,1.00133684494293,1.02335507224502,1.00524562321667,0.999983677244302,1.02432356074647,1.00680069960129
2020-12-08,1.00012789082903,1.00081521319593,0.998968116911737,0.999484254553976,1.00662635663991,1.00036522778991,1.01591197766385,1.00601304420386,0.999643057246732,1.02224302404141,1.00530696779325
2020-12-09,1.00001344717977,1.00125370929249,0.996465924678625,0.995141186177831,0.995456485055046,0.998170289864109,1.00785019796373,1.00751368845612,1.0000486498886,0.999738765225301,1.0039815624115
2020-12-10,1.00031040046621,1.00083965935497,0.998435498380868,1.0016398500615,0.993271389485107,1.00059824449078,1.01535042218709,1.00789315670294,1.00045002684688,1.0005728709007,1.0035085601491
2020-12-11,1.00035123711622,1.00065195096975,1.00342364984759,0.98822066737183,0.988607949916291,1.00086318391145,1.02056531829419,1.00634709430011,0.99928883632758,1.00116868875318,1.00537253550192
2020-12-12,1.00005241707494,1.00065146614658,1.00100085282722,0.9922446998741,0.989500388684478,0.999957612017079,1.0187027204831,1.00583358151246,1.00072829922782,1.00083532287625,1.0036036169224
2020-12-13,0.999619273555184,1.00079707352791,0.999598905942166,1.00544346029157,0.997281806286715,0.998793652875444,1.01238024163936,1.00788877693947,1.00027828255346,1.021446150795,1.00048854099913
2020-12-14,1.00065459185041,1.00012605882267,0.994188148130642,0.997432255489164,1.00733187108295,0.999157937555652,1.01049770196834,1.01495407240866,0.99957132422026,1.01951813828349,1.00330924920317
2020-12-15,0.998977138006167,1.00034107529888,0.999648297810476,0.991547967671714,1.00774553323169,0.999592232966581,1.01876463708697,0.997271756433991,0.999709946331473,1.02571653624683,1.00159151215865
2020-12-16,1.0000581090162,1.00067190641097,1.00282717701143,1.00136149160249,1.00620505789788,0.99977320883758,1.00693716933288,0.996798196061214,1.00039341974575,1.00069776666319,1.00156212013962
2020-12-17,0.997635158881364,0.99823003582083,0.9986689334451,0.988832207089174,1.02215536111505,0.998546564072911,1.01407292019392,0.996289533498854,0.998520485092584,0.998459418055988,0.999870838124922
2020-12-18,1.0007322637432,1.00036940156556,1.00571998883344,1.0008348153935,1.02368155193879,0.997295309296982,1.02857462091707,1.01425908044771,0.998684213762156,0.999056840361798,0.997595011933313
2020-12-19,1.00080152050917,1.00007323383133,1.01024023876256,0.996285770512888,1.02209074635233,0.998875325433193,1.01347290743691,1.01197349983179,1.0024100953437,1.00182859251235,0.999646416641187
2020-12-20,0.999713356192387,0.999981763852338,0.992922090751331,0.982802181272924,1.00708855997925,0.998295647566333,1.03560391996586,1.00718740473757,0.999378605290824,0.999436552552211,1.00050878659963
2020-12-21,0.999369837656312,0.998576533503032,0.993639511552679,0.99687393494807,1.01126009542637,1.00280979854201,1.00268498791607,1.01563033337962,0.999490762571879,0.998479353494729,1.0028307661249
2020-12-22,0.99695514412162,1.00007249542585,1.00763784164954,0.994733929715618,0.997324108183794,1.0020297939082,0.999299305773956,1.00983424253327,0.998090783491232,0.998222155789796,1.00151528660354
2020-12-23,1.00217178442443,1.00228930550221,1.00374340375564,1.01030254757268,1.0052535986871,1.00196163875901,1.05846198574126,1.01320935364172,1.00276919406809,1.03060131188309,1.00397633945769
2020-12-24,1.0025962328849,1.00321813081796,0.99337186272175,0.995435270811489,0.993998789136164,1.00401264317963,1.00314155677687,1.01202146158837,1.00042724372098,1.00198573086819,1.00818496687267
2020-12-25,1.00214700604614,1.00073009719131,0.990894096195042,1.01759093800104,1.00142366791729,1.00238262315077,1.01875675968592,1.01593586800666,1.00199264645768,1.0016740175725,1.00358823440005
2020-12-26,1.00022619665432,0.999860815698661,0.99403056589037,1.01533651691761,1.00341344416963,1.00293572101907,1.01437179474213,1.01809880493885,1.00036083232906,1.00016436031273,1.00415786145255
2020-12-27,1.00135023244007,1.00157988967442,0.997730582513439,1.00439916974895,1.0148363623553,1.00208120725726,1.01680564550846,1.02513877154617,1.00175378113896,1.00108718727371,1.00562555340333
2020-12-28,0.9985212889313,1.00197651989673,0.995414080601678,1.00776502748373,0.99298282546924,1.00130512325803,1.02334520724671,1.03539118448109,0.997190235768091,0.99789384984406,1.00546146921208
2020-12-29,1.00301554109726,1.00212810967195,1.00900217761047,0.999805322526649,0.997046650685818,1.00205873984893,1.01153281023475,1.02186024731338,1.0025344337248,1.00191693955288,1.00663492090483
2020-12-30,1.00329344245377,1.00347912339515,1.00777108620668,1.01238145421723,0.997306196799256,1.00122373083675,1.03598233709969,1.01841203411613,1.0037828939809,1.00232543131956,1.00425830748671
2020-12-31,1.00065308227979,1.00114183049921,1.02083664731051,1.02121710880795,1.00016866777914,1.00156448772384,1.019231725458,1.01582960376772,1.00064099521743,1.00043155707848,1.00490641816461
2021-01-01,1.00149060846682,1.00056623075792,0.999546211436448,0.988839162735961,1.00571279762167,1.00005206463379,1.01811335067001,1.02444030372074,1.00056353642585,1.00057423214599,1.00262214454506
2021-01-02,0.999482779113081,0.999393714619798,0.997410756443436,1.02531190467937,1.00413846380286,1.00199260701963,1.08924044562315,1.02477760716766,0.998653868556669,0.999323341316537,1.00403543718213
2021-01-03,1.00260125940002,1.00272470409287,1.00143423857287,1.03867957615276,1.01874528287914,1.00312050931624,1.09745565278992,1.04343623853127,1.00183312542619,1.00167182019668,1.00549277959045
2021-01-04,0.996563908225826,0.998637369065032,0.988277838971164,1.00180695570302,0.989277836323436,1.00072118646518,0.993816822024855,1.01446583559923,0.991019845279504,0.991411324752691,1.00785146603858
2021-01-05,0.980894319372315,0.980239157379838,0.98481116976194,0.976052431611346,0.972623781008472,0.999706127508926,0.990983065582463,1.01222102227428,0.979176162134176,0.977476336727027,1.00200480087669
2021-01-06,0.999967312171086,0.999434311616591,1.00065599216572,1.00846884647834,0.999536729274553,1.00274717864049,1.00093524148216,1.0308829789095,1.00346239800459,0.999753061893769,1.00049399262637
2021-01-07,1.00025771947632,1.00333144190753,0.999693850220049,1.01578078388316,1.00633155525629,1.00783152861509,0.99687853782173,1.03326776718335,1.00179786214983,1.00086890597303,1.00603788992434
2021-01-08,1.00383054905768,1.00130760834349,1.03429327696349,1.00855412323588,1.00854833237131,1.00112297641031,0.982770241793214,1.03596238055827,1.00534349706503,1.00240532279452,1.00035712910609
2021-01-09,1.00139464576216,1.00084172130589,1.00466103218112,1.04090234590845,0.995591483756695,1.00257532372287,0.999408864731004,0.993345619550309,1.00088706906347,1.00002640302005,0.998569399000507
2021-01-10,0.998651494564296,1.00078705772908,1.0010416202743,1.03849695483015,0.999721012752231,1.00522817078356,0.99350485623804,1.00074130265274,0.996955516258285,0.997149054929064,1.00595191917253
2021-01-11,1.00177485484939,1.00223466596649,0.987987502065263,1.05137194654742,0.996516713582822,1.0020453162051,1.02088890641842,1.0180374152747,1.00183999230281,1.00329488924904,1.00036618733078
2021-01-12,1.0037355736018,0.999641081216622,1.00765183010948,1.06969674904339,0.994636527280981,1.00851845281619,0.996529976428999,1.00345130881293,1.00165000698156,1.00010976022361,1.00986473117773
2021-01-13,1.00306262591025,1.0020557663856,1.00268494644366,1.00530838452249,0.984443744338257,1.00232527752387,1.00953320019221,1.00886766785761,1.00365241245052,1.01025094596407,1.00319531677123
2021-01-14,1.00233208023029,1.00160713357871,0.993622227463408,1.01452320921167,0.994713582008421,1.00361854973969,0.994394767147221,1.01250940502236,1.00378806009293,0.999971984382007,1.00142168561233
2021-01-15,1.00372355866066,1.00121100497314,1.00197389250058,1.04139764788877,1.0048862985261,0.997876356349744,1.01281696018389,1.01007665907339,1.00244779566461,1.00532705994973,1.00158089806713
2021-01-16,1.00170040030678,1.00227316290461,1.00489194601457,1.04027817853558,0.994436635349831,1.0005219609799,1.00664226531766,0.99668062286007,1.00047884402424,0.999576553820405,0.999467979946023
2021-01-17,1.00044559463876,0.999180456613398,0.997197079964564,1.01986417037364,0.993379024852099,1.00214105778082,1.0006270651434,0.998717281944143,1.00005521200487,0.99879728986678,1.00153183405212
2021-01-18,0.997716406553554,1.0005317845704,1.00053664611194,1.01557167859354,0.994631518473348,0.998182350681985,1.00277878603791,1.00181011540604,0.994616912553592,0.997868586506304,0.999309624149422
2021-01-19,0.999571076203274,0.998632593152898,0.998922840521582,1.02947991633274,1.00094596050096,1.00014986856944,1.00344041882383,1.00642305809627,0.998625577123914,0.996902522210079,1.00102217688474
2021-01-20,0.994431561585641,1.0003346744824,0.995873757443562,1.01693021863748,0.991923043895268,0.997458102885184,1.00051240653883,0.997226148597466,1.00315169852817,0.999839889277123,0.999152388955512
2021-01-21,1.00152234421239,1.00084730493959,1.00222989008998,1.02739051785055,1.00017496097758,0.997756308493604,1.01326277838966,1.01225377431776,1.00301723572372,1.00030095313005,0.998162518251493
2021-01-22,1.00018321667282,1.00049163670759,0.97654142016462,0.981857620039749,0.974062898758489,1.00698805376506,0.997168086178728,1.01638928540095,1.00115492146911,0.997446139495621,1.00226660323888
2021-01-23,1.00138939709631,1.00054207139734,1.01030965534086,0.985431538431735,0.991951864076869,1.00041181503684,1.00804836172104,1.0070596192488,1.00344368722533,0.998736494963912,1.00116241887358
2021-01-24,0.999668121721973,1.00003865150018,1.00809272731568,1.01687349334753,1.00260495114132,0.998581670804565,1.01066897848319,1.00750957746587,0.999379213690458,1.00090693444101,0.99882921669748
2021-01-25,1.0008067267035,0.999273623239439,1.01319971964529,1.0482304185029,1.00531879252307,0.999586145888947,1.00803379192153,1.00463708328488,1.00047140465269,0.99991789769617,1.00092493100548
2021-01-26,0.99903997834952,1.00136050518079,1.01942515057601,1.03003405455149,0.999782972293469,1.00084572821772,1.00639861860399,1.00501517171719,0.995814042475009,1.00025530875294,1.00178885329912
2021-01-27,0.999867333822595,0.999814166297083,1.0165348484546,1.0437469665766,0.993021107583491,1.00320125354254,1.00904005209772,1.01124817626278,0.999691736287408,0.998192556469711,1.00197526469286
2021-01-28,1.00055037263519,1.0021158142823,1.00167402537625,0.972471085164387,0.998189448761584,1.00207475242,1.01276539785619,1.00691151856174,1.00298677669045,1.00713655098657,1.00044621159813
2021-01-29,0.992744520925428,0.995055589327409,1.0125120180432,1.01393697162867,1.01085488504768,0.998860546721079,1.00006697966277,0.999473715945474,0.99300548741874,0.997326917146666,0.996475459568956
2021-01-30,0.997796295989064,0.998634178345801,0.994948468862504,1.02465548848756,1.00205031032347,0.995040306982819,1.00735526853685,1.00699827108715,0.996726544989828,0.997557330068691,0.994249533539549
2021-01-31,0.996504769477409,0.994811145024696,0.978488315283096,1.01056275647752,1.00012073197643,0.996505221791999,1.00319740068089,1.00574905704287,0.99497022711857,0.994872003384528,0.995847159011493
2021-02-01,0.997276938129761,0.997100490485465,0.974907563825603,1.02610381071539,1.00219480168175,1.00088927664805,1.01608119378693,1.0104578822005,0.997808228300243,0.996679925053328,1.00005782427196
2021-02-02,0.998177851358974,0.997571131596998,0.987124219032281,1.03895236427551,1.00027224105453,0.997456462958835,1.00638302257856,1.00871033183046,0.998160439995484,0.994450762271566,0.998909163551592
2021-02-03,0.998974238326787,0.999111543001075,1.00675785388323,1.00019351981674,1.00304190920939,1.00092924375145,1.00416886835878,1.00764886531839,0.997716428762665,0.998340259285956,1.00057901415282
2021-02-04,0.999675695892607,1.00009658538165,1.02144453992301,1.02494234535631,1.01119751709867,0.999919278517084,1.00163082472579,1.02028440147912,1.00089112543354,1.00599352096523,0.999340329320891
2021-02-05,0.995119243958496,0.994822930146037,0.987210320043457,0.998866085795214,1.00261849957218,1.00139610864598,1.01546678740655,1.00003131549368,0.995223781470203,0.994592328616426,1.00129205286404
2021-02-06,1.0009691571022,1.00048051911273,1.0183777211012,1.01364813176201,1.0040526238764,1.00204021004991,1.0251139253942,1.01385196896393,1.00054807692988,1.00437194511156,1.00165522397574
2021-02-07,1.00058469398873,0.999005085439252,0.988231134590136,1.00239695390963,1.00144516671339,0.999377442096777,1.01553781930832,1.01434243968892,0.999705875242926,1.00076637420919,0.99875238288161
2021-02-08,0.995688303198914,0.996508603630822,0.988155636111491,1.05793837645425,0.991599954358245,0.998733479400247,1.0105114831509,1.01505916315095,0.996030957037542,0.995557415946078,1.00059519384103
2021-02-09,1.00225100758767,0.997569895150157,0.998136625881697,1.03955963180436,1.00708618576632,1.00296811866436,1.02284058188409,1.00208980225367,1.00210864313463,1.0069910319066,0.999819633129948
2021-02-10,1.0015524870201,0.999075872089412,0.99983450345184,1.01893367817136,0.998988980707402,0.995561308613187,1.01277851561219,1.00632774590051,1.00187053467262,0.998564916484235,0.997284332250202
2021-02-11,0.996778593373667,0.998742745656543,0.981977061272208,1.00642903129957,0.983554428434004,0.998018842531534,1.00865323236166,1.00583946296705,0.998318696795601,0.999253865248874,1.0003077303752
2021-02-12,0.996883242375645,0.997056500890142,1.02504053325063,1.03597662014162,0.981461044797043,0.997606547798581,1.00969144120767,1.00804224766318,0.996987279391753,0.997811939769217,1.00003897130309
2021-02-13,0.999096402829462,0.997201716569314,1.02002679919859,1.02534721691498,0.98011542472782,0.997166063632206,1.01138575389643,1.01260649258513,0.997640132219592,1.00210793036118,0.998050821580103
2021-02-14,0.999356209793867,0.995874898000988,0.994705769117273,1.01429702357508,0.975751775561326,0.998774389369216,1.02143890699664,1.0148237077838,0.996245028958686,0.996547662832754,0.999656847634905
2021-02-15,0.996368597884434,0.998765151555467,1.00650782940553,0.978638800587828,0.963885136675716,0.996301225304972,0.99341411369172,1.01272864094739,0.999052076890583,1.00020182624495,0.998297944471226
2021-02-16,0.999344342734547,0.999299788636036,0.997423167471355,1.02245508733542,0.964505740001064,1.00017935023661,1.0028151739333,1.00431102851675,0.997369077043728,0.99963866929345,1.00210190768108
2021-02-17,1.00148464445466,1.00085011200417,1.01172989651843,1.0414802065483,0.98167459331739,1.00107871895202,1.02154025360221,1.01712977015743,1.00096987896756,1.00304526236277,1.00117629008659
2021-02-18,0.999077352261127,1.00015503713236,1.02753901610085,1.01472136162072,0.995769371381965,1.00067378972328,1.00940392061922,1.00815248800468,1.00128916210867,1.00045518587188,1.00111389734442
2021-02-19,1.0020460348463,0.997453564965515,1.00033127940245,1.00990848395049,0.992491142568523,1.00028923839347,1.00561120619949,1.01579916543587,1.00122048875824,1.00201484381432,1.00130871114897
2021-02-20,1.00504626523555,1.00636082425743,1.00992033360915,1.01734056129089,0.984774693220496,1.00634942011614,1.02780376895544,1.02003834468879,1.00375259515278,1.00506546973496,1.0047206092655
2021-02-21,1.00876470842116,1.0087960093049,1.0070381316792,1.0153552015501,0.966406305793843,1.00505646112671,1.01712610237405,1.02853063069431,1.00703294921418,1.00704130211955,1.0023220980558
2021-02-22,1.00260402146831,1.00251375489784,1.02441944603677,1.01631640768063,0.962798918186465,1.00359081811657,1.00865265001441,1.0142772955931,1.00290112619602,1.00593811776605,1.00422333967096
2021-02-23,1.00557399972261,1.00754613991312,1.02939257858877,1.0169264261485,0.97926686188943,1.00526547101203,1.01946128786847,1.01394573131838,1.00860708566148,1.00673124587883,1.00368347162956
2021-02-24,1.00599748771204,1.00779691368805,0.991343929162459,1.00523547772117,0.950137627858095,1.00370907336031,1.06240469688209,1.0104551691974,1.00491419442747,1.00446150878357,1.00673917908472
2021-02-25,1.00496581520236,1.00629836531951,0.995748640376248,1.03115434639935,0.958439183809223,1.01028856521062,1.01447643053875,1.01905475631389,1.00480104664943,1.00529856104698,1.00998085124878
2021-02-26,0.992674777180868,0.997087072784347,0.962908829795582,1.0025482299169,0.968338779718993,1.00372165836615,0.999270160444209,0.999949014946842,0.999023951962896,1.00065540727946,0.99795141329104
2021-02-27,1.00700811058431,1.00790806994957,1.00228388887892,1.00844757639625,0.981112489466941,1.00804506020214,1.02914775479508,0.993391916742882,1.00463354942428,1.00510153208053,1.0075734425025
2021-02-28,1.0090844327011,1.01476024363806,1.01162814702459,1.01445564146534,0.976600338105149,0.993995964398886,1.02618697254733,1.00431637283395,1.01188890140944,1.00997814822552,1.00628467334597
2021-03-01,0.997235241596765,0.996542770837381,0.995278391166345,1.01702813436331,0.972208449722196,1.01135552502562,0.998879752165934,0.99442897813432,0.997394272150067,0.995889363061188,1.00531474288052
2021-03-02,1.00260387275835,1.00161361259064,1.00329177342719,1.02047588369531,1.01196599711595,1.00823419308705,1.0316315956753,1.00532682410488,1.00368400015772,1.00480592117836,1.00534547341573
2021-03-03,1.00616266767272,1.00683388469807,1.00094365001457,1.00774583158576,0.994499954087774,1.0084334103697,1.03090693298413,1.01736784128834,1.00381104655837,1.00386248321348,1.00661348432883
2021-03-04,0.9969030471028,0.998435400448404,1.00326192909332,1.00267373073557,0.992389384562887,0.999225705066722,1.00597916789989,1.00589828836215,0.999060742364951,0.998378564654624,1.00058535740481
2021-03-05,1.009529540469,1.00874905500448,0.997956996565002,1.01886491316103,0.996971175851958,1.00330308253869,1.00998008787418,1.01498216488094,1.00399744207528,1.00719640512815,1.00640053060047
2021-03-06,1.00448010178985,1.00507915451974,1.00978423652432,1.01335925950451,0.998222136474226,0.998489200229491,1.00855687221826,1.01221997197386,1.00466670675526,1.0056978807974,1.00129972844986
2021-03-07,1.00004495198052,1.00052923541811,1.00564809668043,1.00191589288424,0.997402800798563,1.00184899382842,1.01714016931252,1.01249445855451,1.00154951729762,1.000038552932,1.00263427404032
2021-03-08,1.00242704743509,1.00468029952675,1.0088745177475,1.02896992627744,1.0137459711563,1.00313682039406,1.00687458064092,1.01919000106442,1.00656057155206,1.00571843999258,0.999340548030406
2021-03-09,1.00365984514422,1.00406433124273,1.01160387492684,1.02637101233716,1.81252385904983,1.00035815050323,1.00950759618921,1.00211758459735,1.0059830062488,1.00394897016934,1.00249114942341
2021-03-10,1.00178958640807,1.00168006289715,1.00258882139456,1.00447952884629,1.00893058254791,1.00250528763689,1.00283740599927,1.0136186245944,1.00197432887413,1.00157758460363,1.0040992325537
2021-03-11,0.997893846543158,0.99706031985208,1.01989772517776,0.982016736089581,1.00374745421944,0.99708315910683,0.999837968405106,1.00111946763855,0.998666375958225,0.998590237247349,0.999343354479765
2021-03-12,0.999135946670618,1.00004164515418,1.01962579893414,0.998880988513713,0.997593914002459,1.0022334951787,1.00404484203196,1.02128447162663,0.99952086636287,1.00007602861474,1.00459332408321
2021-03-13,1.00130049387975,1.0015548155634,1.01557274512653,0.980207054235199,0.99418466166163,1.0020283285737,1.00307039051166,1.02244119704077,1.00031211190677,0.999258691489102,1.00480358659394
2021-03-14,1.00019467939851,1.00414811493815,1.00954517195664,1.04181126432376,1.00098972216519,1.0019526939209,1.01090848345261,1.02532808428702,1.00022395017251,1.00152059895288,1.0048836437321
2021-03-15,0.994117759693798,0.992031423163236,0.996958819961476,1.00877488730639,0.989730509220358,1.00370347253272,1.00595571059745,1.0006606959324,0.997348611080998,0.99675182352292,1.00514687758963
2021-03-16,0.999532705958448,0.997395064761471,1.00199826163665,0.994080386788247,0.998907831620158,1.00303563627125,1.00373829385659,0.99977522303048,1.00070072414703,0.997291969363097,1.00343178645602
2021-03-17,1.00612372296222,1.00679531686643,0.998694189265437,1.0298416385214,1.0091080822638,1.00164824207347,1.00671739144296,1.00665371765775,1.00239553376135,1.00283709260492,1.00086231854031
2021-03-18,1.00397998125383,1.00718395362148,0.9999820940233,1.03267228711068,1.13036944996581,1.00404689590257,1.00875846964707,1.02004144842058,1.00504658082406,1.00620923568574,1.00387484513642
2021-03-19,1.00373808211699,1.0028357259122,1.00370661884205,0.983359209819825,1.11492776760278,1.00387578391419,1.00665341195087,1.00608022765305,1.00249302398311,1.00264739152168,1.00421106379278
2021-03-20,1.00093515215674,1.0049178327221,0.993799898864511,0.99917991347318,1.00268518360838,1.00438614293911,1.00847261409585,1.01276228570667,1.00152889193441,1.00183997616045,1.00166214904839
2021-03-21,1.00070067144346,1.00220620752209,0.996589623311794,0.994693518920128,1.0055504113488,1.00435547212972,1.00752871354687,1.01474761960136,1.00156857586898,1.00319271239146,1.0042365943126
2021-03-22,1.00377148311492,1.00260249925971,0.99492523483513,1.0001658559446,1.10954371614974,1.00339185888401,1.00866308061795,1.01056819499507,1.00241030711327,1.0027430087825,1.00299706747026
2021-03-23,1.0013927367003,1.00098518638319,0.969288748359994,1.01369446148094,0.974232144731066,1.00358486625344,1.00819769511273,1.002642285831,0.998620758862717,1.00037936992824,1.00429623824097
2021-03-24,0.999333958142811,0.998743240837419,0.993725429773947,1.01954826208681,0.983463673634001,0.99835640568457,1.00841409895759,1.00220438749371,0.999845610413042,1.00087761931968,0.999357733673792
2021-03-25,1.00031182511712,1.00069469490138,0.978315554050561,1.01369257246281,0.984342296929468,0.998859617915471,1.00611071779277,1.0029728206297,0.997572294198221,0.9992863159253,1.00224483029074
2021-03-26,0.999952086422598,0.996656028955987,0.99300925815143,0.971414169087049,0.975009800730204,0.99888229884411,0.99807153108419,0.998053162551599,0.999057917898653,0.995798155207283,1.00003666814007
2021-03-27,1.00304600308861,1.00239589871487,0.999641587703644,1.0346435238672,1.0033389258465,0.999559020429858,1.0112842952534,1.00989735249234,1.00095314211988,1.00198099690415,1.0012433792103
2021-03-28,1.00005816743925,0.997226519052041,0.995632597032401,1.01738376048323,0.993076189947131,1.00000476986206,1.00182374168971,1.00305410143825,0.99843681282172,0.998689233752924,1.00238540522248
2021-03-29,1.00134255857158,1.00290966482259,0.997352040818761,0.987246567234587,0.990109117382888,1.003428313592,1.01539640902519,1.01490688025297,1.00140615115179,1.00030491999033,1.00253026032191
2021-03-30,1.00351578863049,0.999821019611247,1.00869079659247,1.02674811486699,1.0048740131986,0.999223609707339,1.01186078223826,1.01706146080224,0.999820391722738,1.00058255413309,0.99925481379315
2021-03-31,1.00069294953662,0.999595057614822,0.997779478204747,1.02088937973376,1.0077722196136,0.999905505308956,1.00467218835591,1.00853361734988,0.999786604033377,0.998923045646797,1.00031313228613
2021-04-01,0.9990316334391,0.999242377004221,0.995345065547982,1.00885249997372,1.00479123036902,1.00028782655846,1.02050999652336,1.00076085522658,0.998901205458189,0.999553665609541,0.999121033491072
2021-04-02,0.999717450943493,0.999485434538666,0.992350042724716,1.01257303413415,1.00280061724489,1.00073566167192,1.02126252314381,1.01753269072101,0.999159365357349,0.999707100758995,1.00105889849505
2021-04-03,0.998878274632775,0.998786611305832,0.997702647822221,1.00176809681569,1.0042103678169,1.00056105205896,1.01347422664225,1.01375267368749,1.00286839594892,0.99765284590639,1.00237516693815
2021-04-04,0.99546840473794,0.998731575459222,0.994041522847817,0.97894698342927,0.99695545929618,1.00063728743103,1.00236990814692,1.00958670557815,0.994487077915804,0.997325547737441,0.999616755246629
2021-04-05,1.00041817558925,1.00060086622321,0.999543455210829,0.99554532393497,0.999602556199646,1.00052293798054,1.01258045653004,1.02073911327114,1.00086469216635,1.00089992916136,1.00171883782244
2021-04-06,0.999530568600427,1.00001678586906,1.00053764157321,1.03155510920597,0.987917870970528,0.999328201557321,1.00933153065077,1.00831943765156,0.999782388588094,0.998990705484664,1.00099194797596
2021-04-07,0.999856700482495,1.00005832882219,1.00763996852679,0.981365536199806,0.991287155353237,1.00030310581015,1.01026859546314,1.01068662380097,1.00017377426492,0.999811691525212,0.999977564708432
2021-04-08,0.998535871859824,0.999508845076531,0.992633029183934,0.981861755084064,0.979933837602093,0.999459887047751,1.00600318151391,1.00349320912281,0.998717063422186,0.999424917389911,1.00226881159309
2021-04-09,1.00134437978462,1.00221144924249,0.997098768541416,1.01039122473376,0.992529333118077,1.00177595743763,1.01119262880199,1.01472126533574,1.00125733086671,1.00289476398433,1.00057940216352
2021-04-10,1.00123663707008,1.00198749373744,1.02183971020172,0.991029319200101,0.984977128602897,0.999502702667857,1.01155496026572,1.00386025332524,1.00171254630599,1.00075839863799,0.998708340390078
2021-04-11,1.00151558146576,1.00289791580041,0.980164854867489,1.01582582682659,0.985704324801358,0.999258102448654,1.01483497430052,1.00795314432021,1.00342305256927,1.00299059985392,1.00083253220731
2021-04-12,1.00174761487251,1.00162228875758,1.00020208617485,0.976479776893651,0.989505147014423,1.00093468061126,1.01090867587809,1.00896026711055,1.00208062536372,1.00149926258841,1.00210574553167
2021-04-13,1.0001568131189,0.999947528338802,0.987577986854392,0.996689125688818,0.982802153382086,1.00079327126623,1.00962168272916,1.01050253864379,0.999843858088167,1.00101699683562,1.00097111038919
2021-04-14,1.00133760694579,1.00112716896646,1.00121001417322,0.997695451994897,0.986230830618848,1.00122855499192,1.01278447294721,1.0072607005525,1.00171426011684,0.999972159254631,1.00080610799698
2021-04-15,0.999928237683529,1.00032696552622,0.996227140732643,1.02509844650441,0.985451380518433,0.999671888366557,1.01353071790008,0.999628305383049,1.00010324968456,1.0002661435677,1.00185635490049
2021-04-16,0.999893831092283,0.999347852489007,1.00803724957976,0.990914707462078,0.977394741067159,0.999981196513133,1.01125348852978,1.00501586250094,0.999394742327787,0.999178777661765,1.00152550045897
2021-04-17,0.998593667033113,0.996666224162419,0.99305199043974,0.953761378086728,0.977759536089062,0.998926548745956,1.01383117630309,1.01347598032599,0.998965212388409,0.997261024205046,0.996757328067785
2021-04-18,1.00024363934836,0.996914866665286,0.993805211324306,1.00726758346044,0.973283872394483,1.00134899275964,1.00478750213161,1.0183534376711,0.997575945101219,0.999459543811081,1.0009246249433
2021-04-19,0.999799520101216,0.997568697120257,0.993200974091926,0.989511753505529,0.944197943342067,1.00058387043682,1.01416848617186,1.00874087097172,0.997953840625468,0.998101200292442,0.99889392198399
2021-04-20,0.999521920255775,0.997620036725128,0.990937772198543,1.00598031077011,0.934124390314987,0.99983691325767,1.01044651876242,1.00969298118246,0.997607658270952,0.998584881821174,0.998838949454998
2021-04-21,0.998514487862553,0.997765260628934,1.00661501955706,1.02199454687795,0.957737304220258,1.00038926176049,1.0050954238352,1.005764170083,0.998053021670583,0.997856129715396,1.00322422871498
2021-04-22,0.999520847314943,1.00077531936283,0.990068970698667,0.970469436776515,0.966124901940235,0.997144848303956,1.01385346507738,1.01912249707155,0.997955423365401,0.999948513052728,0.994263541268365
2021-04-23,1.00259944936876,1.00115730699596,0.998024354496898,0.999983285791714,0.958213000191205,1.00110280510536,1.01531212945723,1.01013784065073,1.00269590717379,1.00359336648065,1.00186620605436
2021-04-24,1.00118304506333,1.00205004110395,1.00766054654165,1.0175942058263,0.968620538453726,1.0017695380033,1.01923551369515,1.0113503812618,1.0036765315232,1.00299293498654,1.00074546860613
2021-04-25,0.998308385081577,0.998353429932307,0.992788559718355,1.06354784704526,0.956876220991818,0.998545616085732,1.01345461763927,1.00110166850259,0.997332057334618,0.996524349108208,0.999387642810976
2021-04-26,0.999589345271963,0.999364515041472,1.00261572275581,1.02985879989647,0.95565497598892,1.0038618406359,1.02476451430262,1.00175376023559,1.0005432488045,0.998944764323272,1.00219311271321
2021-04-27,1.00079635657563,1.0010946746599,1.00061173515221,1.01612479926784,0.979352284876688,1.00059228830916,1.02052487027632,1.00796958434772,1.00139859681816,0.998905720036402,1.00120774949187
2021-04-28,0.99858096804302,0.9974371853191,0.998391567059606,1.02410721532694,0.983699797062802,0.996849716392913,1.01625705140883,1.01220722441406,0.998793215070895,0.998176102035583,0.999407891650734
2021-04-29,1.00060165227303,0.999878968717076,0.997130370545883,1.04289949947855,0.980590146998653,1.00160044588886,1.01737791310052,1.01446914499306,0.999965663266329,0.999269093037078,1.00110328070636
2021-04-30,1.00147087514554,1.00113687956896,0.997152196874827,1.06566336621842,0.987108329508529,1.00069787505114,1.02385079119832,1.01086063363525,0.999743586557789,1.00088075007581,1.00184496581426
2021-05-01,1.00062655148548,1.00187870646063,1.01787448859572,1.04449106337552,0.996135376416541,1.00137302187793,1.03213744527018,1.01100831644668,1.00219251747237,1.00051451243729,0.999394013523714
2021-05-02,0.999839429081519,0.998813840028951,1.00388922013014,1.06605085394658,0.992386748734345,1.00054724638899,1.01732100400508,1.01231578853142,1.00026948354823,1.00076993423552,1.00072952883932
2021-05-03,0.999572872686357,1.00028575497476,0.993585312848227,1.02049889893879,0.992109613698517,1.00059291416998,1.01491682780207,1.0105847577602,0.999495010295293,1.00189826490738,1.0022314615589
2021-05-04,0.999972697791073,0.998651915999772,1.0005540868005,0.915144972857158,0.982734167049883,1.00131983872563,1.01588234032443,1.01037978973665,0.999478133440488,0.999758032704627,1.00341114487665
2021-05-05,0.992583858846966,0.993173121849474,0.985410197398392,1.02235779752578,0.96754699887939,1.00353170540283,1.01373135940664,1.00104470534784,0.995603167215154,0.993784745766898,0.999913561482226
2021-05-06,1.00044951372441,0.9999957872282,1.00469843125985,1.04571577055945,0.977783857104001,0.998492435963078,1.02432164695261,1.00452056167306,1.00017391537282,1.00118718259677,1.00059247016072
2021-05-07,0.997099659841044,1.00121127017154,1.00244298155705,1.03813969233771,0.972102347310942,1.00029930820977,1.02672551775013,1.00886967497296,1.00011816058529,0.998873784082691,1.00016521497022
2021-05-08,1.00247413108481,1.00079797817985,1.01201536571857,1.0356066662833,0.979692518336697,1.00182530399451,1.02868844009394,1.02286134417929,1.00195749834681,0.998967410472678,1.00157843442702
2021-05-09,1.00127739640486,1.00060427271831,1.02019319931302,1.00856309564695,0.976498119475175,0.998844008086269,1.0210734571266,1.02348238234171,1.00190022559062,0.999283990950972,1.00029868648153
2021-05-10,0.99922962226562,0.996971601230564,0.999097602410488,1.02140360470832,0.962294231432757,1.00104626737808,1.02579030545503,1.01647160379628,0.997680087774712,0.995783584619797,1.00095338404979
2021-05-11,0.999027742839857,1.00259743975205,0.986902891586212,1.00184071210921,0.942246272385888,1.0071871928323,1.02107821729338,1.02061501855147,1.00194185073536,1.00028232651233,1.00339385699238
2021-05-12,1.00180086484232,1.00271407696643,1.00453908010917,1.03900035887302,0.967641084294242,1.00072630833725,1.02455559244768,1.01457020535134,1.00083640197653,1.00065844227759,1.00151595461739
2021-05-13,0.992316453997095,0.994118729997929,0.991351676039816,0.975452559098036,0.947871961649034,1.00319195468462,0.9978429261498,0.979953362633892,0.98071198848901,0.987867756004141,1.00017790473693
2021-05-14,1.00588203318847,1.00713290999743,0.989794194888107,1.01185530815271,0.929768761732278,0.992982559092924,1.01563755285202,1.01795703488152,1.00987080896243,1.00666408523469,0.993430583962833
2021-05-15,1.00008002695777,0.999095562553064,0.988862081815921,1.01630910076105,0.955442429244719,0.998631393545803,1.0203948342685,1.02098603304944,0.997687854775216,0.997362205741169,1.00043921969074
2021-05-16,1.0047588099246,0.994822086851981,0.986662171223616,0.997140187613681,0.953337336752543,0.995133803358789,1.0226432516248,1.02284593726026,0.99639966701155,1.00136534302912,0.999392741958673
2021-05-17,1.01098873128052,1.00233036052003,1.00343878450417,1.03986691126082,0.955234398518961,0.997646557965747,1.02258228768926,1.05685850799935,1.00976580377448,1.00534125475611,1.00070141142683
2021-05-18,1.00158809071858,0.997980458548077,0.997415061855408,1.01612315711425,0.697542212328948,1.00593475162841,1.01842362874914,1.0311940096257,0.99774312773407,0.995765192391152,1.00338251090375
2021-05-19,1.00171991180448,0.9993428568995,1.00136554110202,1.00045106416117,0.965330104628396,0.99702662599759,1.02283776634714,1.01090554721413,0.998283782359249,1.00036299123995,0.992771345187582
2021-05-20,0.996686537140799,0.987663147849828,0.970300706332527,0.967047797477227,0.935049594606197,0.994190551708844,0.989837858685135,0.995953237432867,0.982465228023327,0.989742250082749,0.994898130440491
2021-05-21,0.994089643968968,0.99204646452259,0.992975658264632,1.02878065178583,0.960561472242098,1.00457690642123,1.01436925717723,0.989759233665763,0.997566177379178,0.997992585202365,1.00741478556139
2021-05-22,0.997097775611986,1.00039303736894,0.994306599020838,1.04855675852446,0.956318942026297,0.99889747989037,1.02090856859662,1.01449420901935,0.996721051282018,1.00111450003842,1.00114904134156
2021-05-23,0.998092770898322,0.995169596624245,0.989483603277963,1.00681856193453,0.969201026485386,1.00286964069269,1.00263891373497,1.00819895863309,0.993983404269363,0.997820654328094,1.00396974964561
2021-05-24,0.999799749000842,0.997659842229203,1.00483185919942,1.03293594419498,0.975610257977447,1.00136484173103,0.99525934761098,1.01275722478329,1.00031931378841,1.00156105177284,1.00314871800329
2021-05-25,1.00031016545656,1.00003623596493,0.999834254817866,1.01812952935896,0.965089132871864,1.00308083146586,0.998623022218897,1.00072561979083,0.998163615029271,0.998991155898218,1.0036412043566
2021-05-26,0.99921749421615,1.00013501268378,0.995624775946177,1.01290721869694,0.981999457062914,1.0011599617977,1.00180027349223,1.0013543389043,0.998882029630945,1.00002849843342,1.00255585709611
2021-05-27,0.999699385239135,1.00505882295011,1.00273421301687,1.02870130828533,0.991598016907513,0.99931038057253,0.998855048704027,1.0112693346832,1.00175820274743,0.999119740516443,0.998606229870664
2021-05-28,1.00013328590857,1.00044741493598,0.996034647088637,1.00439095680231,0.989387738424815,0.999275728138737,1.00385890422232,1.00698998171389,1.00050959588629,0.99901579860355,1.00116586471963
2021-05-29,1.0056512893623,1.00607766176288,0.998391959708186,1.0021355950662,0.98717383181158,1.00063074647699,1.01284376855398,1.01399624418792,1.00274309547006,1.0004312845603,1.00598887190934
2021-05-30,0.996284377244862,1.00114516561981,1.0077185135425,1.02732346616467,0.969002243328346,0.999161599891438,1.00286442548349,1.02657601029366,0.999437767771635,1.00018382494713,0.99933623500183
2021-05-31,1.00043492710896,0.99892730381982,0.993909171828052,1.00901938621811,0.977439766649379,0.998048695204903,1.00481682695913,1.01287766237966,0.998593663150006,0.99901856379782,1.00142201991611
2021-06-01,1.0017286032156,1.00126966710755,1.00733189973929,1.03062496971811,0.989724623923797,0.997550374539126,1.00853987658107,1.00684561910158,1.00067050132202,1.00047987484238,0.999897997323128
2021-06-02,1.00069148372422,1.00398707590477,0.99905821989019,1.01646984392385,0.985274886602132,1.00233716207946,1.01050628616579,1.01556226421703,1.00104618029194,1.00197289914505,1.00316625764471
2021-06-03,0.998067230166529,1.0000798592516,0.99979387803489,1.0214117138417,0.99362055763257,0.999472738593901,1.00524607622308,1.01274164850678,0.999977854393743,0.998842103000665,1.00040270093594
2021-06-04,1.00276320574553,1.00130882590467,1.00163719834524,1.03248946531986,1.00217278556208,1.00032897878824,1.0090152366242,1.0104485374993,1.00153607362299,1.00374065667319,1.00132133564521
2021-06-05,1.00031205661784,1.00016733457061,0.996566503648839,1.0276475822049,0.996667881114176,1.00064532906455,1.00553935114517,1.01473760704959,1.00144435716943,1.00009364979967,1.00076154321839
2021-06-06,1.00175655047425,1.00260884942699,0.99980273378694,1.03728112137425,0.98311423498989,1.00100870627487,1.004495205769,1.02020672973128,1.00271385366805,1.00168757593997,1.00089844376295
2021-06-07,1.0034150066261,1.00398739535837,0.997899332804652,1.02363558181209,0.98197657113598,1.00257823350696,1.01064483714336,1.01385884299515,1.00149626730537,1.0013905578398,1.00297212376183
2021-06-08,0.999389852398489,0.989078215448438,0.991992964871613,0.999882779358588,0.986535049764959,1.00027626501396,0.994609992096524,0.996082457883835,0.992629120070101,0.992072204302835,1.00240016545578
2021-06-09,1.00226437160415,1.00241657490042,1.00389691174945,1.02351809971748,0.98559189263193,1.00242262847739,1.00044495592129,1.00362934190985,1.00001746177217,1.00156769949003,1.00261887985867
2021-06-10,1.00170067316475,1.00440507459583,1.01181633302578,1.01455503775924,0.995902771917359,1.00174909111166,1.00488186504431,1.01269260780914,1.00205340100741,1.00326203082557,1.00216138085869
2021-06-11,1.00065484745757,1.00055191861953,1.00680882052991,1.03359112937451,0.987146280332398,1.00398099169058,0.997232189688984,1.00456949207043,0.996134940104495,0.996547661721304,1.00429431667291
2021-06-12,1.00039605215586,1.00328958055114,1.00739683893131,1.02555088393524,0.991382145570208,1.00068311706512,1.00724193074495,1.00073459480756,1.00205094695738,1.00179376496531,1.00028039000226
2021-06-13,1.00002813373566,1.00080562283695,1.00488085898973,1.02151957559873,0.986184865028543,1.00426876511833,1.00573550014103,1.00023669426335,1.00176054415832,0.999931826727703,1.00351332402217
2021-06-14,1.00679745932332,1.00615993874138,1.0098584701168,1.02962108349029,0.998089422641536,0.999425139376043,1.00663949219071,1.01595807859424,1.00410869626206,1.00295408973593,1.00060302179201
2021-06-15,1.00535086457108,1.00458684667139,1.00561956917738,1.024903755447,1.00258241026143,1.00111895903341,1.01498032702116,1.00679133829712,1.00387251912174,1.00313727721121,1.00166842402988
2021-06-16,1.00305789238877,1.00338321274121,1.00422000687787,1.03934288491461,1.00143383497698,1.00288187700299,1.01226909015632,1.00270254768906,1.00294279034772,1.00189693137587,1.00464135554831
2021-06-17,1.00057020610985,0.999323128263282,0.998331730047406,0.995980888297137,0.999608711301068,0.998502368962828,1.00490718546498,1.01007631075257,0.999634457710104,1.00059183569955,0.999616240971257
2021-06-18,1.00555521926865,1.00497374869151,0.99975833850605,1.03246970532278,1.00420876477155,1.00291941300287,1.00431438395956,1.00415455186025,1.00499529901488,1.00506279039427,1.00585955644907
2021-06-19,1.00311138343733,1.00131449255593,1.0072488439754,1.00020596212172,0.991331442482497,1.00087711876424,1.00947755958118,0.989260225924713,1.0002923877338,1.00011823575667,1.00243852226284
2021-06-20,1.00012290130828,1.00024187792648,0.996376380987591,1.00727795289913,0.994272435604101,1.0042114667627,1.00039593622305,0.988115119420164,0.999151213426012,0.999031976442399,1.00492526720896
2021-06-21,1.00620310827588,1.00445555013231,1.00178871658533,1.04039377578556,1.00278907576316,1.00119536461274,1.00588567430776,1.00240922503401,1.00385492729654,1.00422776252011,1.00228077395321
2021-06-22,0.999528298170838,1.00227620328212,1.00287370940451,1.01466744574697,0.977258684823296,0.99720934652348,1.00787182670952,1.00919527285462,1.00032456011988,1.00020853157631,1.00161938797743
2021-06-23,1.00419152058083,1.00255981413708,1.00099034892885,1.00210449218335,0.99787240802538,1.00453321078506,1.01635802224844,1.00196923178539,1.00439893504867,1.00372633050089,1.00317121253609
2021-06-24,1.00398368357042,1.00444417698524,1.00204681564954,1.02396386900675,1.00798355667973,1.00282121085797,1.01049653358941,1.00277360904019,1.00383091048022,1.00167745957546,1.0033779337688
2021-06-25,1.0001707846175,0.999976547450679,0.997679757015003,1.01236712065657,1.00158343673133,1.00219663035395,1.00631424608996,0.99931911725416,0.999854237872042,1.00047645931981,1.00205272484028
2021-06-26,1.00486906991735,1.00427996365098,1.00363372772046,1.014024289092,0.998563620317284,1.00070346838795,1.01734503453423,1.00289547733503,1.00314051176672,1.00268106075565,0.996240221456298
2021-06-27,1.00421577126757,1.00551453817903,1.0046434497922,1.02378109226747,0.992539176575385,1.00316068973602,1.01500385086345,1.00452989027178,1.00585128991342,1.00577678918016,1.00542955221008
2021-06-28,1.00416594145612,1.00323448944901,1.01157173942693,1.01482540497982,1.00337269264958,1.00180206958465,1.0168199440953,1.0087431136391,1.00536384553484,1.00275498114495,1.00709638444737
2021-06-29,1.00299384622617,1.0054436284435,1.00359672660811,1.01557604426745,1.01100756350813,1.0038513883661,1.01967074970239,1.01338313880459,1.00440102276446,1.00499007788621,1.00270545813507
2021-06-30,0.999545430510149,1.00126709504812,0.999297043447819,1.0146539682812,1.0102938719826,1.00041755172051,1.02100454589102,1.00612736711781,0.999184128082729,0.999197539231245,0.999998283140867
2021-07-01,1.00327638326992,1.00593913649263,1.00168514792064,1.02519211121077,1.01079378923957,1.00445957292447,1.01237590746301,1.00542995393594,1.00407658271138,1.00372962093086,1.00300613998363
2021-07-02,1.00492845011722,1.00747238562518,1.00354037634707,1.02230329401083,1.01020432501656,1.00163076042074,1.01988419188713,0.998996719234572,1.00489616563946,1.00374651163146,1.00288941929507
2021-07-03,1.00302381293273,1.00530627179194,1.0080635160495,1.01981620029956,1.00430257296669,1.00432375950453,1.02077581840018,1.00889234027572,1.00426823821013,1.00471431009354,1.00700801422955
2021-07-04,1.0025487614127,1.00521329741146,1.00138558496529,1.02342712372855,1.01426085071035,1.00322521147739,1.01624636907815,1.00741223691927,1.00658029144384,1.00366154476988,1.00297580558406
2021-07-05,1.00110733337477,1.004266434614,0.998653418027367,1.02174684091458,1.00683760422153,0.995146280011523,1.00761591814071,1.00279833841315,1.00212652750907,1.00226051762336,0.998385622648428
2021-07-06,1.00160886884199,1.00120492953898,0.995842766041292,1.0227246353725,0.99677293329064,1.00382999341328,1.00575636771938,0.993157494400249,0.998529446584486,1.00076934111135,1.00589271294329
2021-07-07,1.0020838686309,1.00197190271066,0.998990255154736,1.01925469621206,1.00113255023174,1.00252655907742,1.00689899777647,0.999538958786515,1.00274818859563,1.00368516647409,1.00339276572695
2021-07-08,1.00028030930946,1.00063619056781,0.999905220678211,1.01381537947337,0.999628415327243,0.999837737087128,1.00141602877499,0.997322733663848,1.00092688423339,1.00066908503933,1.00148405654095
2021-07-09,1.0034025538713,1.00455927247922,0.997564146049426,1.00435705232719,1.00313145348597,1.00267521306558,1.00626035655351,1.00702790230863,1.00274382517071,1.00527261040667,1.00255021293039
2021-07-10,1.00177594079618,1.00147337566585,1.00192721353779,1.01401733793098,1.0048151196589,1.00334136065481,1.00320840370694,1.00914744152456,1.00249736561262,1.00222420949063,1.00444407065193
2021-07-11,1.00227747277687,1.00258834665,1.00212349227318,1.0161956170499,1.00240012888173,1.0043249043533,1.00415688854695,1.0067097772359,1.00135221712747,1.00153895512298,1.00489215276177
2021-07-12,1.00114821620678,1.00374366255644,0.999120127940236,1.01163906650557,0.999844117074707,1.0009603731185,1.01243144860921,1.0063090262393,1.00088003724542,1.00166838111819,1.00216103758874
2021-07-13,1.00391916961457,1.00095629976803,0.998775928961336,1.01184385252308,1.00542212562143,1.00239639806961,1.00605809546937,1.00492739546212,1.003465151337,1.00380993777393,1.0039149673485
2021-07-14,1.0017239265434,0.999307693438858,0.996267802019364,1.01391065660115,0.998175945648599,1.0041312554288,1.00065869783867,0.998885428898536,1.00091909821805,0.999656620308966,1.00469581275382
2021-07-15,1.00186319335078,1.00070305480421,1.00303242861969,1.01499883635861,1.00096634066464,1.0026076440163,1.00171580388404,1.00196412201049,1.00250013344547,1.00313345819603,1.00395412856417
2021-07-16,1.00380346678665,1.00057188220408,0.992831309560083,0.997564749257316,0.998688051362238,1.00306094037269,1.00807258142073,1.00721921987076,1.00061488587192,1.0020281021867,1.00494836343696
2021-07-17,0.998812629280628,0.994028844491594,0.995644027893279,1.00268798892371,0.999251994009405,0.999707096498609,0.997597049531501,0.994564481278568,0.999391159849714,0.999685263532948,0.998914651060385
2021-07-18,1.00002383439721,1.00070721608869,0.989655023395689,0.999975311589898,1.00125909978932,1.00177518402743,1.00599296579856,0.996366120856476,1.00246531118653,1.00267452482996,1.00263985763358
2021-07-19,1.00506020013723,1.00479663541308,0.999020524053966,1.00424816171554,1.00446885884345,1.00261765952912,1.00858281271834,1.01201724143947,1.00523826392359,1.00529072776244,1.00236496370487
2021-07-20,1.00090498469336,1.00286268815033,0.998339912648282,1.00153072705366,0.999028419768021,1.00192054165254,1.00840869202629,1.004216942316,1.00334272100023,1.00234069158718,1.00347059474089
2021-07-21,1.00315235704446,1.00480437847754,1.0032841584576,0.998808253644767,1.00292032988582,1.00194506794604,1.00701699043159,1.00728727869833,1.00549122009183,1.00441370147115,1.0015337105233
2021-07-22,1.00764350798088,1.00739765810191,1.00554451414039,1.00998318234798,0.997930872041407,1.00253548116182,1.01636555647041,1.01413904350175,1.00756487168745,1.00569512328853,1.00428047418671
2021-07-23,1.00256182961277,1.00262566492285,0.995877931614006,1.00442029161443,0.99383319409432,1.0013959524551,1.00876687531837,1.00647479148239,1.0042024134216,1.00299759875153,1.00279090732191
2021-07-24,1.00076209375135,1.00404934283327,1.00880862086938,1.01081098241945,1.00107512727832,1.00245311996143,1.01013157489039,1.00679095144734,1.00476188191565,1.00320772206798,1.0065110343235
2021-07-25,1.00238018224672,1.00402015768409,0.999817036407874,1.0055543353751,1.00657514941311,1.00230508534509,1.01311406077882,1.00665705314987,1.00339507853342,1.00269019966919,1.00211984580221
2021-07-26,1.00516844944758,1.00787021616585,1.01557457726088,1.0017758142536,1.02855508185629,1.00288562977456,1.01780016162494,1.01068511921208,1.01014629696221,1.00990208329613,1.002692639903
2021-07-27,0.994179960993384,0.99599941815514,1.00090480652716,0.991460996111563,0.997242251043768,1.00646753274847,0.997034859514844,0.999069462989928,0.995471853885539,0.995248771624564,0.999154532430542
2021-07-28,1.0034588000673,1.0008656073441,0.997985982207763,0.998946577125929,1.00260913933966,1.00431510829653,1.01815721388608,1.00454574704518,1.00108419474356,1.00050830675677,1.00461826801193
2021-07-29,1.00071595965767,1.00132888572804,0.9978237250752,0.996606253436976,1.00161206039816,0.997566321862091,1.00705230786572,0.998712660136695,1.00061731710029,1.00062044425588,0.999771084327663
2021-07-30,0.997374276759387,0.999800257295777,1.00174848649037,0.99833551434024,0.996002617038043,1.00327712928749,1.00017057849992,1.0012425985321,0.997133515361927,0.997897633741504,1.00619386382889
2021-07-31,1.00569176479131,1.00818206688256,1.00122731915746,1.00152129866863,1.0068984678386,1.00218343634536,1.01222458836812,1.00000921652133,1.00319452552681,1.00309031294217,1.00426546427435
2021-08-01,0.998964379366499,0.997811387301873,0.999484497753438,0.997106290064034,0.998867474928148,1.00015251698019,1.0084785714927,0.994279783320339,0.999415190639258,0.998621215126241,1.00190130341546
2021-08-02,0.998339517057477,0.991033796603902,0.974196762970642,1.00109662804354,0.991252027692414,1.00329714817576,0.995369761061727,0.998815059165345,0.997429873132757,0.999753532846577,1.00182746187024
2021-08-03,0.999808436775825,0.999089111383304,0.995079746418072,1.00008090536293,0.988609763347547,1.00105992678191,1.0030381815862,1.00446806959394,0.998706332418252,0.999312314568874,1.00237745279097
2021-08-04,0.999071489545436,0.997867135049737,0.99427624145782,1.00656148036958,0.986814788508066,1.00669648586938,1.00198090708663,1.00354795736926,1.00089644849653,1.00136572217929,1.00612477177006
2021-08-05,0.999924384159777,0.998102132666331,0.999930323155878,1.0008940677909,1.00025882599351,0.993630131960136,1.00116724699499,1.00299629609058,1.00053349746897,0.998890809481641,0.995116367834183
2021-08-06,0.998532697024156,0.999003542131698,0.997281038910937,1.00636292374056,0.998422051870035,1.00013471220329,1.00167806902297,1.00467494083561,0.999106754277023,0.99807080207323,1.00056193472693
2021-08-07,1.00029194170772,1.00046795057119,0.998224577154202,1.00596933092739,1.0031313237337,1.00130324833377,1.00875270380295,0.984153299574892,1.00052248001768,1.00045373238538,1.00016264341957
2021-08-08,1.00084746111311,1.00342195860259,1.00953778831414,1.01277991009219,1.00864925026336,1.0008233296859,1.0159485215107,0.987661408501031,1.0026004338813,1.00189511689279,0.999777539022485
2021-08-09,1.00052905323018,0.998251288777137,0.994467728773904,0.996874447635416,1.00381439356511,1.00154338442717,0.997163433078366,0.991713786435877,0.995319206385399,0.994245333805635,1.00355134082943
2021-08-10,0.99995025271186,1.00013569321759,1.00269409886411,1.00634399577227,1.00537122377073,1.00509411606575,1.00629194775472,1.00740133452432,1.0008636087875,0.999972215390878,1.00398513061501
2021-08-11,1.0004276023507,1.00394327836416,1.00144218650401,1.00102916741644,1.00177113860936,0.998819552361861,1.00274323374942,1.00498595304614,1.00149848561154,1.00269702215693,1.00059441122899
2021-08-12,0.999723095756862,0.999875063165278,0.996885537345734,0.998700849605308,0.997804919077241,1.00192413933856,1.00052469275723,1.0015997292918,0.999086305517242,0.999685500043729,0.999256066477138
2021-08-13,1.00085187808228,1.00108370415298,0.994434807270461,0.99796275434482,0.999926569745094,1.00123579999571,1.0088505596547,1.00318534001031,1.00190732419874,1.00024739917416,1.00029627661513
2021-08-14,1.00123174547125,1.00104325443712,0.999038952618704,1.00423235280765,1.00856316085309,0.999571553672542,1.00349688719885,1.0147600597204,1.00108442432929,1.00099496875334,1.00081818039401
2021-08-15,1.00007807336242,0.999361159374525,1.00272279442954,0.997843612067353,1.01289985532475,1.00011941623155,1.00590979674483,1.0112417465017,1.00070086751357,0.999829455869904,0.999989635887332
2021-08-16,0.998748763386701,1.0004328275843,1.00749762620937,1.00162168741198,1.00726220243453,1.00119383728852,0.99577107946081,1.00222898865031,0.998792756966928,0.997725474074369,1.00098615527019
2021-08-17,0.999853787170482,1.00029140341657,0.99574082725356,1.00152579855881,0.998065364148479,0.999826977761475,1.0009011728834,0.99729331644729,0.999153844255552,0.999569343961458,1.0011266997363
2021-08-18,0.997011006126318,0.997607616553914,0.989496356659043,1.0002638639306,0.984176843802361,1.00148303782126,0.996796609938443,0.997625642907505,0.998450565671384,0.995152036427805,1.00182615402649
2021-08-19,0.999077453695671,1.00127243278831,0.993670587809862,0.9967942732352,0.998888574428554,1.0017999197302,0.999344744967439,1.00119685182076,0.999868821171441,0.99959960202365,1.00354319230374
2021-08-20,1.00407213816519,1.00397130149232,1.00796357752843,1.00910568200967,1.00729278069543,1.00841850470524,1.00736334058212,1.00171840764771,1.00333282186313,1.00224109643132,1.00956512806566
2021-08-21,1.00010578533211,0.999684221413489,0.9975284095618,1.00096976645553,1.00790043790557,1.00116137886816,1.00232998984971,1.00247343478441,0.999473855734347,0.998530209282054,0.999684011577059
2021-08-22,0.998478722106335,0.997538902501217,0.991897310917205,0.996969932498127,1.0073329171309,1.0004812834709,0.999232551495142,1.00154268019025,0.996842338882955,0.998657346311499,1.0013598373484
2021-08-23,0.999389789454481,0.999127274101397,1.00282959425379,0.998297579935944,1.00279091322209,1.00561344114649,1.01265131152277,0.997581433948895,1.00181844982443,0.999171361987008,1.00632831209755
2021-08-24,0.99991106225314,0.999160483173392,0.993597556692122,1.00037314406171,0.999563959819275,1.00008919373978,1.00260614984094,1.00064795050158,0.998553347564248,1.00003888074879,1.00037168102886
2021-08-25,0.999395717285502,0.99931598752256,0.987317079244927,0.990991371051939,0.994265739830334,1.00198862417396,0.995966365879431,1.00521327572164,0.999071979983808,0.99848279359246,1.00234865070313
2021-08-26,1.00015507218243,1.00035912441088,0.997867143017421,1.00223090533277,0.996585948149664,1.00055550803077,1.00023174091693,1.00829408689178,1.00000042966268,0.999074078243183,0.999854655827289
2021-08-27,1.00128928939277,1.00157873648236,0.98522730212894,0.996164373974496,0.989228256967322,0.99683686565549,0.998208407828443,1.00512866920133,1.00143106106398,1.00017464911532,0.999792088111315
2021-08-28,1.00010854197043,1.00025157125703,0.997442483282605,1.00381874810302,1.00263135209435,1.00139267553474,1.0034925133795,1.01615265668957,0.999854478722997,1.0004761337102,1.00267545249064
2021-08-29,1.00266445688394,1.00247790822416,0.998416362271989,1.00125980941248,1.00284668404909,1.00086887577233,0.996780838134358,1.01651356482901,1.00150815727786,1.00115870144092,1.00015655051052
2021-08-30,1.00051774600063,0.999561434858865,0.993422316205161,1.00309699619405,0.994953135747394,1.00212922909095,0.992168510577274,1.01238603873293,0.999416025680641,0.998586851948806,0.999939428682735
2021-08-31,1.00067154769757,1.00007286335149,0.988244632288864,0.988620423930492,0.985044787023383,0.99935684617622,0.98172892432827,1.00241639328797,0.995807307049026,0.999580507654042,0.997830204117265
2021-09-01,1.00183031590069,1.00133747146132,0.993813177858937,1.00016466212161,0.998577961532081,1.00221020675531,0.997718919456873,1.00515322905538,1.00152595690185,0.999595272575433,1.00399011900528
2021-09-02,0.999877675611983,1.00242749347085,1.00285110055218,0.99748951508116,1.00251187334219,1.00114273939954,1.0002692032821,1.00371193856156,1.00145365505647,1.00142820680132,1.00015905914534
2021-09-03,0.999254668724385,0.998824600694412,0.995592901509113,0.992257719302827,0.997763521774514,0.999515550019153,0.993336439137001,1.00218668412786,1.00023534417126,0.998552175634452,0.999851229928025
2021-09-04,1.00089624536902,1.00044369486685,0.997591758015121,0.999575845122602,1.00683281769408,0.99886493975048,0.995435051982092,1.01277457428765,1.00368844991723,1.00152893347581,0.998898488821238
2021-09-05,1.00022503031919,1.00054257976245,0.998063361628422,1.00031879514091,1.00502659433523,0.99710219804087,0.997775249099261,1.00941968917426,1.00087016509417,1.00262426457136,0.998331287854062
2021-09-06,1.00017572298366,0.999945305216815,0.997316910653137,1.00554598517542,0.996435086947856,1.00042881812459,1.00115608888065,1.00286214656528,0.9991823903274,0.99820034778194,0.999645182643032
2021-09-07,1.00093574888048,1.00054576224175,1.00213506105293,1.00271772379712,0.995647534622148,0.999971446728854,0.996835124116279,1.01228285664186,1.00224396100805,1.00140533868837,1.00050746422777
2021-09-08,1.00167626713194,1.00503113574408,0.995446013274789,1.00105128684928,0.998300793928743,1.00153077743156,0.996223059343576,1.00014565311884,1.00372909032999,1.00321591921278,1.00160991595795
2021-09-09,1.000660673305,0.999563992650922,0.99541527431882,0.999276167061782,0.991135618873638,1.00351136130712,0.994462079377907,0.998996620852898,1.0025059424532,1.00065267394725,1.00397353089243
2021-09-10,1.00236771830652,1.00121090731464,0.99958113056902,0.992812355938948,0.989482169468868,1.0037602354125,1.00045975730802,0.998923262279521,1.00223295983265,1.00047687160761,1.00449569807617
2021-09-11,1.00077609662687,0.999577111464276,0.996902713189555,0.997121357418281,0.987961463873039,0.998984499655804,0.997213123580631,0.999402739343597,1.00044595102389,1.00044527774979,0.997759269824241
2021-09-12,1.0019571571964,1.00170954876496,0.998306839501441,0.990600454850808,0.987929938819925,1.0023842193722,0.999059052300376,1.00188164405437,1.00201873922619,1.00456330284025,1.0025973102069
2021-09-13,0.999191392063222,1.00046159642035,0.996431607643459,0.992543455631078,0.994397307438215,1.01067408454379,1.01157560702617,1.00476275990363,0.998861989118969,1.00016141820095,1.01089523675208
2021-09-14,1.00311715950816,1.00369247480454,0.997483241426004,1.00039147630517,0.995220618261023,1.00246595807847,1.00488324835603,1.00890988361127,1.00218657261734,1.00247859720266,1.00410564258031
2021-09-15,1.00197574987065,1.00287660885623,1.00063827596172,0.998049058519507,0.99848060749898,1.00317006208519,1.00115926714376,1.00594565907652,1.00293771528335,1.00257212011165,1.00167106141375
2021-09-16,1.00086589110539,1.0006253599755,0.99850030558213,0.997772478578196,0.993985633890347,1.00119904554502,0.99985709241515,1.01144703630107,1.00203807164754,1.00097377536766,1.00179663770227
2021-09-17,1.00161945816004,1.00234599247361,0.999373005595904,1.00091178358606,0.997144127627184,1.00182284475192,1.00367420690051,1.00161064616134,1.00215289472192,1.00162193469739,1.00211737963877
2021-09-18,1.00001389812712,1.00104316681843,0.998949597642739,1.00254941210337,0.992477142628702,1.00457332185092,1.00429488592086,1.00418844568116,1.00493181888887,1.00303510600623,1.00436948206431
2021-09-19,1.00368360558016,1.00263775130814,1.00024560655536,0.991588432775371,0.996952948288287,1.00229574284911,0.996448070701525,1.00327739269799,1.00193750474157,1.00147926654197,1.00383795558093
2021-09-20,1.00391257694007,1.00395950851589,0.995233421785292,1.00144719778186,0.996761117816938,1.00362860969508,0.979515863737899,1.00823403750766,1.00490203879959,1.00290495249465,1.00449748718028
2021-09-21,0.994836642422082,1.00337955132293,0.995755766850733,0.987084673561097,0.987993741888481,1.00024103299183,0.887588131350262,1.0015481394431,1.00300557028695,1.00337383200115,0.991183233436
2021-09-22,0.996180608576449,1.00002507696559,0.991371019233134,0.985336674086473,0.984545403203058,0.991877793975382,0.996839386411025,0.999185492257989,0.997121023829974,1.00189826237286,0.995158620151957
2021-09-23,0.999801498847404,0.999790378724838,0.998023933390944,0.990659137064448,0.997249647396544,1.00075535829559,1.00481473186083,1.00109307226658,1.0011438854471,1.00106932062829,1.00068750066768
2021-09-24,1.00326827938149,1.00282802967325,1.00735512708915,1.00283125296888,1.00867993115606,1.00131281775582,1.00512517239773,1.00347740584382,1.00418576815409,1.00415894822855,1.00240182467682
2021-09-25,1.00134730563257,1.00258306561941,0.994955300529064,0.983994327992864,1.0135472904138,1.00004125487409,1.00092093110969,1.00438303663639,1.00097595864762,1.00176120897249,1.00226152560111
2021-09-26,1.00314560946976,1.00240436569225,0.996688016437247,0.99764181308175,1.00033870359267,1.00286223812414,1.00678288106185,1.00482737172633,1.00383858908695,1.0047766100886,1.00419508527658
2021-09-27,1.00373704467302,1.00394962216308,0.996093804495595,1.00011784182192,0.994952823206221,1.00359221716412,1.01635863357639,1.00647192897469,1.0070236904159,1.00361449642305,1.0039221478912
2021-09-28,0.997271317374012,0.995691095063428,0.993041746264997,0.99312884071856,0.98944880778414,0.994717608464562,0.993813628646373,1.00778950744617,0.999323203846999,1.00058567941464,0.994492403971589
2021-09-29,0.997806796113994,0.996510348314418,0.99127834999191,1.00433994652173,0.995561703869295,0.996852214646853,0.994169408310886,0.998829670863509,0.996569909962621,0.995811939851691,0.99464909532673
2021-09-30,1.00348049993685,1.00385739898918,1.00340386046409,1.00547519466619,0.998717884404477,1.00354635284867,1.01013064930012,1.00856380051903,1.00405878583627,1.00405633102075,1.00385775837526
2021-10-01,1.00459948316947,1.0031987236671,1.00073859522731,1.0004936971911,1.00594501235282,1.00196392735953,0.999814251304186,1.0062649250318,1.00315760224407,1.00370883938368,1.00578466886094
2021-10-02,1.00201703211374,1.0014904261718,1.00167704606033,1.00239364640702,1.00947635879773,1.0022941171408,1.00153055700004,1.00742382592648,1.00218308738533,1.00199506744656,1.00264360444891
2021-10-03,0.9996052649742,0.999402814324881,1.00481381072273,1.0022732213612,1.01050740307,1.00297043175106,1.00096700028937,1.00089014856531,1.00238127787989,1.00493217215996,0.999447546492788
2021-10-04,1.00179068902608,1.00229393225223,1.00248816154128,1.00101098542845,1.00567245720512,1.00217881077878,1.00332706267132,1.0133840983171,1.00209654093562,1.00255094737417,1.00357732868432
2021-10-05,1.00101787471867,0.999117952266691,1.00040597287141,1.00761613215657,1.01025571819987,1.00191838741603,0.99934348235497,1.01226237695817,0.999943899659094,1.00141353262985,1.00325869526798
2021-10-06,1.00064811537291,1.00070961708709,1.00080694748983,1.00561910770851,1.00931530323133,1.00231366038393,1.00266705624794,1.01111826983832,1.00059016539993,1.00078301469629,1.001762677927
2021-10-07,1.00185203780389,1.00224746391942,1.00153932797948,1.00159482835668,1.00432529737785,1.00021345092725,1.00613338116586,1.00414864736727,1.0002595645383,1.00020485816816,1.00235607977939
2021-10-08,1.00184944084855,1.0018864526681,0.996196201088245,1.00035365240194,1.003142087896,1.00197934905835,1.00190460203197,1.00280651718279,1.00098689063932,1.00135540741878,1.00108435096857
2021-10-09,0.999615690366747,1.00192390591193,0.998124582375272,0.99867821726527,0.996706740007321,1.00194314632549,0.999066226306022,1.00220788194173,1.00262267220195,1.00327571715153,1.00183953141436
2021-10-10,1.00224088397058,1.00176701660318,0.995176728712647,1.00148678859793,1.00751366145418,1.00184754887096,0.999123000487379,1.0032811492863,1.00163127716843,1.00190430043718,1.0029879944842
2021-10-11,1.00095161534133,0.999738575436502,0.995152480949536,1.00148378901498,1.00123065198382,1.00127124369611,1.00076410349823,1.00407084688389,1.00005285287733,1.00117233520457,1.00127342670989
2021-10-12,1.0061372445556,1.00562451117524,1.00271042624764,1.00223752460619,1.01314284673905,1.0036465642424,1.0022544032534,1.00534071368757,1.0046506205929,1.00541203163208,1.00730816518861
2021-10-13,1.00132182390439,1.00152331843293,0.998543329128655,0.999240592833714,1.00013805350532,1.00171257899227,1.0067718943181,1.00038464440113,1.00265695046142,1.00210559609944,1.00201475246207
2021-10-14,1.00298299383396,1.0026355912138,0.998613510327144,1.00432343506542,1.00080970727153,1.00283726180722,1.0036732547078,1.00161444580125,1.00693469277563,1.00122683805253,1.00481832839858
2021-10-15,1.00136083623287,1.00240446927079,0.995330616504526,1.00619633407485,1.00616539616659,1.00094078064682,1.0027790213522,1.01176994520532,1.00286894482752,1.00022770706749,1.00196375583958
2021-10-16,1.00520694038599,1.00630330175216,0.99475567158616,1.01168684642649,1.00741429067416,1.00090056327276,1.00595606672922,0.997242687510966,1.00494477113173,1.00540494208907,1.00489061572724
2021-10-17,1.0024479734993,1.00290127656561,0.994858527977787,1.00234623128433,1.00422963430847,1.00277949270342,1.00440785663432,0.998302337178186,1.00295350493528,1.00327896274271,1.0028508267768
2021-10-18,1.00215319002448,1.00467798851053,0.998308163469741,1.0045825790825,1.00481056500448,1.00284530383061,1.00562788177804,1.0089606985941,1.00200741307438,1.00228195485206,1.0047036120875
2021-10-19,1.00038591568038,1.00119660887287,0.997370790203868,0.995395935941154,0.998406780755948,1.00037674341366,1.00209448039403,0.994352190017972,0.999229249774116,1.00082401501251,1.00083968472444
2021-10-20,0.999576147724578,1.00119496473022,0.996026969033831,0.997351842137576,1.00436912493618,1.00387252617744,1.00572262535844,1.00322121889929,1.00153845933183,1.00309022269702,0.999835279701779
2021-10-21,1.00297550044659,1.00348986640799,1.00135463667643,1.00115194767258,1.01651938126911,0.999964470706916,1.00805609026832,0.999661035176587,1.00388315275026,1.00083882259463,1.00034434471942
2021-10-22,1.0043668281413,1.00137446383008,0.998741736100728,0.998523629893028,1.00389590318783,0.998323277632807,0.99910954952479,0.996921192316398,1.00391907298091,1.00046635813055,1.00087286066015
2021-10-23,1.00451842365755,1.00397166619834,1.00122828683399,1.00055368354151,1.00733294706427,1.00403790876739,1.00718831760814,1.00735657885894,1.00455434554522,1.00501582253096,1.00564894346344
2021-10-24,1.00543913230014,1.00583773582948,1.0000270635806,1.00508557658172,1.00951358614019,1.00514305636258,1.01147590600203,1.00894024983596,1.00592064704366,1.00564774147143,1.00645329279146
2021-10-25,1.00486516428125,1.0045162997373,1.00767460222394,1.00627408360611,1.00664873495945,1.00477353620043,1.00663716460187,1.00527049056935,0.999596855135054,1.00363368031202,1.00507531047711
2021-10-26,1.00369623139569,1.00365132461411,0.99977083252185,1.00442389438978,1.00760287686096,1.00410785481534,1.0113228303205,1.00852449605863,1.00375480734231,1.00402408089683,1.004967109972
2021-10-27,0.999589144687931,1.00020698496466,1.00056178391682,0.997125288742724,1.00516511758657,1.00048953825471,0.985902579439571,1.00969669043963,1.00019662148985,1.00211128018822,1.00002585864375
2021-10-28,0.999216561176544,0.999897624320932,0.994153528422513,0.985991689905357,0.994844866806717,1.00153383307555,0.995471097395708,1.0032145911203,0.999481016208818,0.998871774797445,0.999125056072385
2021-10-29,1.00170586477087,1.00037293293486,1.00050872044445,1.01048691976396,1.00364879760532,1.00248871815163,0.99728536647972,1.00767608994684,1.00307438901677,0.999145544289636,0.999011185358704
2021-10-30,1.00201349873109,1.00215585412661,0.999628352631844,1.00144765725261,1.00275871404234,1.00193865253689,1.00189573810197,0.994932867236876,1.00162602727207,1.00003687644214,0.999750351320583
2021-10-31,1.00236170728298,1.00201942072261,0.999898319526337,0.999866148262656,1.00291232771131,1.0023825534454,1.00195881592859,0.997093089404125,1.00237855678336,1.00113151415404,1.00400477700595
2021-11-01,0.998702722183441,0.999584191879308,0.994904012290927,0.995779220262514,1.00200645023732,0.999998572189084,1.01685864178276,0.992328010523265,0.999107799051691,0.999314223170989,1.00001819370777
2021-11-02,1.00048276576562,0.999971916748228,0.996635047153845,1.00012562548928,1.00074890940468,1.00145685822616,1.00356530730125,1.00163581585428,1.00135639738576,1.00042360228097,1.00161449254838
2021-11-03,1.00353413913468,1.00256525916805,1.00113551968543,1.00244395893681,1.00646537803738,1.00449383284329,1.01089252270849,1.00616636790406,1.00180562054875,1.00199436748948,1.00266413552923
2021-11-04,1.00084302849831,1.00065177167831,0.992037992288738,1.00756445829339,1.00801265112889,1.00213063215291,1.00630989648307,0.999949065288791,1.0010943149652,1.00255070175777,1.00083652874753
2021-11-05,1.00520837738213,1.00456818323423,1.00214447895612,1.00730143590388,1.00949693746858,1.00436581559518,1.0341985953706,1.00292651363231,1.00355338947405,1.01546825970911,1.0046473171927
2021-11-06,1.00262639563129,1.00313741602508,1.00049601090754,1.00273389811955,1.00280194050917,1.00426499427906,1.00425898400204,1.01585326362589,1.00351617822835,1.00324900961178,1.00345906470898
2021-11-07,1.00479295581985,1.00242072252265,1.00088483602617,1.00175250807452,1.0121159153129,1.00371470758211,1.0088758051579,1.01560674809437,1.00237963790521,1.00149431318385,1.00327161196244
2021-11-08,1.00176134388677,1.0031907378225,1.00156614724708,0.999270671262183,1.0069252863782,1.00538530439526,1.00938836632139,1.00419131999734,1.00379010046703,1.00225770107262,0.999048220822477
2021-11-09,1.00059696578302,1.00062191097455,0.999462206242351,1.00017016006599,1.00229755879962,1.00047556055144,1.00181825073617,1.00252176716747,1.00028444108096,0.998740330180768,1.00095556787022
2021-11-10,1.00171602323741,1.00152735759665,0.99821809849381,1.0056138039729,1.00181179938701,1.00114889580832,0.999434215888444,1.00411858308189,0.999906532019554,1.00013325124928,1.00114997725236
2021-11-11,1.00378242173714,1.00494439655029,1.00282093696245,1.00161143849825,0.999281005493158,1.00500878264997,1.00609347854001,0.99969762335275,1.00584631302445,1.00486316624927,1.00442136628367
2021-11-12,1.00139191816332,1.00085100917132,1.00004168486259,1.00426107016049,0.997897840430432,1.00068918074107,1.00122054357206,1.00974329165759,1.00150642273273,1.00245800407467,1.00116710742631
2021-11-13,1.00597134684045,1.00472746542189,1.00514151111228,1.03507897210454,1.00553069329932,1.00549756936789,1.00390481599387,1.01723610539501,1.00556808877949,1.0002936872183,1.00764128071833
2021-11-14,1.00362196485433,1.00457491430024,0.999083575895047,1.00305060525711,0.998703077069547,1.00416587750877,1.00200226091044,1.01656125498929,1.00415704865009,1.00428839822577,1.00317282001771
2021-11-15,1.00976007896694,1.0076387904597,1.00309739080261,1.01351650802668,1.01059665744982,1.00739025183935,1.00934339620018,1.0143388472892,1.0079873376862,1.00628006937477,1.00835514124624
2021-11-16,1.00288186740555,1.00211494019795,1.0006325382818,1.01254775525674,1.00228441414422,1.00187726382563,0.996165152684246,1.00146163194207,1.00152928520499,1.00167686784972,1.0031440842988
2021-11-17,1.00333575027757,1.00227163034321,0.995317108289032,1.01073507740919,1.00401836752514,1.00244184241493,0.99960516863007,1.0011729421732,1.00086296576323,1.00110706595181,1.0023975443982
2021-11-18,1.00681961898682,1.00798004597706,1.00131640913124,1.01108540549783,0.998945613993354,1.00686284248625,1.00166641061826,1.01129349017377,1.00788808575886,1.007435930448,1.00768086965169
2021-11-19,1.0007675482153,1.00190907392652,0.996362545774811,1.00588129063535,0.992846822778879,1.00249478739331,0.998173814597908,0.999580938558134,1.00089412599663,1.00207128079837,0.999338152238878
2021-11-20,1.00550817648243,1.00311744752198,1.00055813117635,1.00804546407899,1.00054752009568,1.00813889421386,1.0047626915491,0.998209972710793,1.00497167597123,1.00386787785971,1.00626699985472
2021-11-21,1.00631419459177,1.00472919307461,0.997915775240271,1.01158134834004,1.00315954955563,1.00569172653345,1.00660970536904,0.995640315591383,1.00472154990117,1.00450462159873,1.00669403491666
2021-11-22,1.00294292196253,1.00305049959194,0.999706358560089,1.01244801603335,0.999407231919579,1.00300270141323,1.01040152458731,1.00352019587169,1.00288247597079,1.00224941842839,1.00450953244966
2021-11-23,0.999901729070352,0.999600308818344,0.996887868774229,1.00626782857666,0.994778269095296,1.00022385368298,1.00542885014068,1.00799314747505,0.998607999745244,0.99830738320336,0.99984453900922
2021-11-24,1.00123660700292,1.00050184548517,0.998638573070813,1.01134583434837,0.9999813124665,1.00145744486297,1.00043043688217,1.00382892064381,1.00140118438318,1.00133908030951,1.00093425803068
2021-11-25,0.999958002446217,1.00301904583864,0.996702605045793,1.00358224442888,1.00050070428726,1.00064625775192,0.997624995348037,1.00135297531257,1.00168185927204,0.999525206756925,1.00224497180476
2021-11-26,0.997962837756334,0.996767047330962,0.991520176329665,0.993469685017298,0.99969566006697,0.998101271671234,0.997843465572851,0.991676712558592,0.997930205140183,0.998183545453521,0.997960589949375
2021-11-27,0.999942930027496,0.996303838512038,0.997710466075682,1.00331047757467,0.994845538346507,1.00023322214111,0.998758032630778,0.98911412501593,0.998145337748398,0.998083399826172,1.00017212869246
2021-11-28,0.999736893024412,1.00015415731613,0.993170253702432,1.00356466862853,0.989279928391441,1.0010565448624,1.00075368226315,0.991131052549409,0.999392801444418,0.998903950858106,0.998798667749673
2021-11-29,1.00049340140579,0.998781603236317,0.993869945180405,1.00728718723018,0.995576888110151,0.999079203697565,0.997800623757093,0.996938885656301,0.998854973859503,0.999224187085279,1.001637828844
2021-11-30,0.998457553474677,0.999134458349582,0.998141354062046,1.00464989169965,0.997108103336512,0.999671246842223,0.994756277206882,0.99601156977619,0.999741790359094,0.999425460008116,0.998609677422376
2021-12-01,0.99776580195932,0.997095011812507,0.997590409063665,1.0044448199966,0.996929017561104,0.998495699680687,1.00419396187822,0.992888006049261,0.997669877893827,0.998909660589414,0.998002771762879
2021-12-02,1.00078342255672,1.00059107306312,1.00027532996982,0.92705200388423,1.00077137622067,1.00023919038079,1.00996613797001,1.0051999145401,0.99983048385265,0.998112658275801,1.00131948956633
2021-12-03,0.998184739045627,0.998804869512364,0.994905901621712,1.00268894673207,0.996809673191056,0.99774339429642,0.997150747934992,0.998039246690149,0.998646495576752,0.99833901961227,0.997539946852555
2021-12-04,1.00206632033237,0.999898198018523,0.998255156712557,1.00439199401961,0.991424276232944,1.00051642957216,0.995756869447431,1.00782875100558,1.0002603096909,0.995520991902999,0.999703768225611
2021-12-05,0.999132144612245,1.00231014044857,0.993905987183026,1.00908503116504,0.997043405145048,1.00074646668443,0.998678855461649,1.00512011214965,0.999285293040336,0.994816497399465,0.999592700539695
2021-12-06,1.00120178849335,0.997680935831852,0.996745395074928,1.01077750539413,0.988267294867,1.00136142492046,1.00219564778714,1.00152990484045,1.00037570929616,0.995152603655206,1.00047595659332
2021-12-07,1.0009222152041,1.00010983713321,0.993929962114097,1.00292303476183,0.999461965727007,0.999820251429446,0.995963560679545,1.00102526889552,0.99875646725234,1.0000022448975,1.0010238609331
2021-12-08,1.00200501058977,1.001550017965,0.996415011376722,1.00606359252549,0.9967384624997,1.00147773451184,0.999953755943453,0.999462974655833,1.00031271041624,1.00179816353384,1.00296137470992
2021-12-09,1.00009956689402,1.00056252089423,0.997215316027187,1.00939601446152,1.00466200743327,0.999845667717213,0.998425134049359,1.00114752494964,0.999486764250775,1.00059035623465,1.00135576671048
2021-12-10,0.998574704664235,0.997382117435587,0.994983959177133,1.00284083368116,0.999596443741729,0.998098393737927,1.00079201924908,1.00120013247454,0.99563244696473,0.997451955842124,0.998008007839509
2021-12-11,0.996124156127502,0.997889660008144,0.992989616718538,0.993745809701671,0.987446931574945,0.996447036142384,0.994183825331893,1.00444787316813,0.994981096809914,0.996354130058323,0.995229215210866
2021-12-12,0.997664222186558,0.998804511128156,0.996231048157869,1.00120652558592,0.996773541599102,1.00013086146967,0.99713848510921,1.00422879190182,1.00077969110017,0.998645647936782,0.999549308549804
2021-12-13,0.999231581126135,0.998658819039434,0.996729063771652,1.00007521548818,0.995589348997738,0.999384956055176,0.995047809172311,1.00022535002724,0.998616751912665,0.99931179910782,0.998977621571198
2021-12-14,0.998431856652746,0.998644136524945,0.998649239111566,1.00418305007999,0.990842434720907,0.997493599732086,0.995473555861755,1.00404490757716,0.995350946283536,0.998252521137035,0.998837928320134
2021-12-15,1.00154711354031,1.000892379791,1.00082315056181,1.01115454160954,0.99801416780627,1.00212881728769,0.997377291157539,1.00566396998698,1.00244341157928,1.00276420235513,1.00264427411895
2021-12-16,0.999502290455368,1.00151034970277,0.996676087032835,0.999299455579026,1.00042085599837,1.00025327367531,1.00315393301928,0.996640415081808,0.999619053402734,0.998557788804443,0.999657433390805
2021-12-17,1.00042510634974,0.999636321905182,0.998564080610139,1.04204440335129,0.995435982593338,0.999459542545513,0.999210253512209,0.995975425616155,0.998813804502541,0.997795299127691,0.999880949760748
2021-12-18,0.999762427203805,0.9987282707121,0.998380642540207,1.01582398788972,0.991518852567229,0.998387252943114,0.999238722417984,0.997086175995707,0.998502398613895,1.00016059863356,1.00031294185841
2021-12-19,1.00046832844168,1.00085422787561,0.997357346759075,0.996321267714197,0.998784296503241,0.99990491367527,1.01826987327261,0.99924745934125,1.0003625697891,1.00092575652403,1.0009100207432
2021-12-20,0.998758257320619,0.99771496676185,0.995859945611294,1.00689926890683,0.995820338042612,0.99863663876975,0.995902588816924,1.00270484766662,0.997177111767952,0.995571356081234,0.997997708665465
2021-12-21,1.00318014883997,1.00735106141178,0.998184157610462,1.01822738606481,1.0006941688392,1.00311543525448,0.998027087015765,1.00299646679758,1.00446450954151,1.0020762080292,1.00386122090978
2021-12-22,1.00203559120825,1.0029207360615,0.998942674782296,1.01308664277363,0.999980346200558,1.00230783923018,1.00162459850041,1.00305504464038,1.00077383586735,1.00075755376871,1.00187093126933
2021-12-23,1.00220512150434,1.00075408885698,0.999002340412815,1.09816611913809,0.997013468557597,1.00135961784111,1.00239844251386,1.00120000870766,1.00089448343948,1.00161197490588,1.00157494577783
2021-12-24,1.00370329198843,1.00358401209797,0.997701749057222,1.01387973663711,0.99956117628561,1.00299396071305,1.00474325520795,1.01844615382583,1.00204181361077,1.00102916890736,1.00419432971341
2021-12-25,1.00211788059131,1.00475548362408,1.00332956470474,0.997489493392606,1.0042362231313,1.00306381212943,1.00577642744238,1.01810416602037,1.001755506577,1.00230142553153,1.00154195590322
2021-12-26,0.999993854987215,1.00171154745173,0.999089793671713,1.0159977555526,1.00354393620245,1.0011658004083,1.00724982167409,1.01780936755021,1.001677429082,1.00222530760525,0.99932682457528
2021-12-27,1.00004438675577,1.00147665586985,1.00207784367786,1.01329814213976,1.00484487700035,1.00187702609595,1.00406168065849,1.01655455501259,1.0008309952154,1.00114215810648,1.00062337045254
2021-12-28,0.999994311011152,1.00040956457217,0.998543417413529,1.01476932019833,1.00132252823489,1.00056786413807,0.991220663740872,1.01792887040392,0.9997534047497,0.999936173179252,0.998669007283925
2021-12-29,0.999964920661785,0.999546945104833,1.00075876361784,1.01016593727214,0.997203576218404,1.0004601482447,0.997098882913386,1.0078001653163,0.999718143731239,0.998978225380823,0.999921938288305
2021-12-30,1.00524912034973,1.00192789354455,0.999552610787338,1.00988968497581,0.993480921520749,1.00227541735286,0.99748643838992,1.00696038158622,0.998322636486753,1.00104841652467,1.00310914484767
2021-12-31,1.00323918207704,1.00163375591172,1.00137443591321,1.01060926884954,0.99815521736243,1.00133637240844,0.996845429997042,1.00368687206918,1.00200174834885,1.00208267533381,1.00344885887908
2022-01-01,1.00043061901891,0.999238105362761,0.995833102002476,1.01824034248293,0.990666951061852,0.9985822067754,1.0061774785763,1.00515381850281,0.998235924977866,0.998981680221545,0.999370011416513
2022-01-02,1.00496614911123,1.00536731689391,1.00388514470804,1.02758882122975,0.999081905833336,1.0056235944783,0.997174493604456,1.01481463208005,1.00576055901002,1.00593911675832,1.00458384682351
2022-01-03,1.00032799538925,1.00063504490415,0.998700511852745,1.02543763311931,1.00201342194668,1.00048344102061,1.00160105932281,1.00906994867251,1.0008070282112,1.00072712092731,1.0017286585568
2022-01-04,1.00082936673209,1.00176836836742,1.00088583922365,1.02337574447969,0.996983707331318,1.00096296423689,1.00093680210631,1.00150904561525,1.00155560548505,1.00213201351557,1.00215355260315
2022-01-05,0.999807787581513,1.00040393651104,0.998746298299762,1.01837765691251,0.998479260013552,0.998683448070849,0.995070593703482,0.997889400379412,1.00214934853673,1.00003018997445,0.999962379840452
2022-01-06,1.00154495565859,1.00311181237238,1.00347777676338,1.01528463903229,1.00199074535096,1.00302439672284,1.00761075933028,1.01181905553608,0.999175340226562,1.00221441083183,1.00272539630921
2022-01-07,1.00059773378865,1.00143114412368,0.999058031280477,0.989503984153469,0.992765413265436,1.00117144155567,1.0024099552135,1.00252005146062,1.00072522860941,1.00296210554874,0.999930722182753
2022-01-08,1.00220727147953,0.99834543263194,1.00561322309582,1.04358551520225,0.999121423064398,1.00209480417904,0.99034324722486,1.00696117828464,1.00223675387719,1.00255037650501,1.00344215807017
2022-01-09,0.999402944844684,0.99855042936371,1.00122979695031,0.970590261036617,0.994120086148618,0.997693089485426,0.988739390456445,0.999002897287088,0.997311801124452,0.997500366098796,0.997978795870184
2022-01-10,1.00059334708136,0.999197759910214,1.00055443875111,0.990860450670683,0.993971639729826,0.999475668166135,0.990547466863688,0.996998058104929,1.00029879146684,0.998475665142416,1.00285667349263
2022-01-11,1.00071538537099,1.00181561099247,1.00252263813068,1.01475824260165,0.999302119932568,1.00109641780539,0.999496270026403,1.00037720599818,1.00247590876036,1.00183871542153,1.00107051341575
2022-01-12,0.999859060699735,1.00041088448491,0.999577763943707,0.999461451740486,1.00215424566952,1.00041841341035,1.00558884271056,1.00373126990114,1.0001526655783,1.00143040204795,0.999613435698909
2022-01-13,1.00140872693632,1.00042744470041,0.998875457281021,0.998421483772113,1.00150801930667,1.00097244421249,0.99883028349333,1.00694215095772,1.00183415747973,1.00104569744111,1.00142959108486
2022-01-14,1.00022148395082,1.00161920427888,0.998786952672728,1.00415966839909,1.00016104996457,0.999478513270256,0.998674479568362,1.00390148436048,1.00022296868689,1.00046493193167,1.00061925366957
2022-01-15,1.00085763226459,0.997136004188858,1.00171141951119,1.00056505610199,0.998915583389518,1.00089386655234,0.995838390066659,1.00199451018111,0.999672597038886,1.00096959749653,0.999179930747022
2022-01-16,1.00012123697562,0.99904848550992,0.999793422418329,1.00387566555238,1.00289776639009,0.999764361966442,0.993118961771412,1.00232336126286,0.998225537766813,0.999934485135844,0.999419094426859
2022-01-17,0.999730394935713,0.999032172125183,1.00112808586474,0.999720312242614,1.0004918376421,1.0003035122848,0.998477055395185,1.00314073111457,0.999491135502672,1.00055052339202,1.00017075315786
2022-01-18,1.00240618338731,1.00185719587416,1.00222603799662,1.00639999108724,0.997475205083861,1.00210940704535,0.995878979406857,1.00899948340276,1.00183595916415,1.00193928042441,1.00140801286378
2022-01-19,0.999601073205888,0.998931658837115,0.993076889010715,1.00886621429432,1.00214131549542,1.00002197397715,0.983262091448209,1.00153117272607,0.999812154159394,0.999804074960494,0.999818080130875
2022-01-20,0.998792814841386,0.997205130028015,0.998825386824204,1.01023558824977,0.996312569630849,0.998961172506456,0.992968674341703,1.00665557589712,0.998381905688781,0.997324315270733,0.997495552285086
2022-01-21,1.00020635314479,0.998135630532754,0.997003283110531,1.00487175894497,0.999536896558244,1.00007475178657,0.993207557782588,1.00345095611238,0.999133034632357,1.00006826153715,1.00160784930982
2022-01-22,1.00290164496893,0.998195446338469,0.995794014828906,0.998035410987643,0.99102900356742,0.999263730775699,0.999065234851953,0.993957762618127,0.998789865575171,0.996349825956794,1.00243671837902
2022-01-23,1.0040797400132,1.00436250768367,0.999240688091182,0.999888475555632,0.999206478539009,1.00251202961862,0.999469482702104,1.00597865010821,1.00367760056355,1.00181250617616,1.00468062531941
2022-01-24,1.00509515691896,1.0028530084474,0.9979708229656,1.00786448278054,1.01463785249332,0.999979782294352,1.00380212555884,1.00565062456664,1.00154661435895,1.00165349863627,1.00300989420122
2022-01-25,1.00098587205506,1.00346085002607,0.997590817363372,0.954381886669166,1.00453977091341,1.0052319388051,1.00248588192463,1.01202653641773,1.00553415479782,1.00492654930043,1.0038969490966
2022-01-26,1.00275460972624,1.00156867326476,0.990285835959036,1.01074316285312,1.00125358073634,1.00142796591301,1.00046867436852,1.00875572253929,1.00285453635394,1.00059102761839,1.00183600980624
2022-01-27,1.00083637704218,1.00164586371869,0.990053326306726,0.971488805603949,1.02052121630417,1.00163015241588,0.999361594656456,1.00479467730171,1.00085289933995,1.00250415335093,1.00140645003405
2022-01-28,1.00259491950694,1.00375385551829,1.00126908402875,0.948050659991416,1.01607220156528,1.00703793189372,1.00748667437237,1.01236277516355,1.00544227075745,1.0033858653502,1.00402393804371
2022-01-29,1.00035060157434,1.00148950943467,1.00133279336675,1.0141945968095,1.01348186796061,1.00183457007488,0.99774582728412,1.00558060792494,1.00257939626292,1.0025832240331,1.00140959473806
2022-01-30,1.00312109460076,1.00258006878566,1.00128484863974,1.00767351001856,1.01188380698629,1.00315583492033,1.00642211696924,1.0068986845115,1.00258160051759,1.00141976266597,1.00202601739914
2022-01-31,1.00071302677208,1.00041225014762,0.997896649888422,0.995990926072057,1.00462304644542,1.001870255574,1.00566415125662,1.00504782142728,1.00011358345049,0.998115245748191,1.0003150218754
2022-02-01,1.00109443909283,1.00239243296856,1.00059476706131,1.01877874219503,1.02249740191155,1.00161741862653,1.00599383792889,1.00100190945957,1.00161346368434,1.00136779486844,1.00131541118287
2022-02-02,1.00065138818722,0.99943484688763,0.99952527128472,1.00121819602832,1.00444505737898,1.00144458676931,1.00307327452834,1.00416103728351,0.999395998625113,0.998781654475941,1.00171854691151
2022-02-03,1.00089081616207,1.00212965071797,0.998811455741167,1.00454432025587,1.01255522167556,1.00193616906161,1.00227123402107,1.00659629402535,1.00079746885098,1.00172605905015,1.0012885372692
2022-02-04,1.00182052927371,1.00379565892558,0.998630481189393,1.00726512158936,1.0076868885983,1.00140221289457,0.999654687624404,1.00046654755599,1.00283747104993,1.00018703505533,1.00083607907959
2022-02-05,1.01092473193848,1.00955716696914,0.998629269119352,1.00471146056083,1.02342882834107,1.0055295027882,0.990781478722759,1.00664742700164,1.00759041518756,0.999685099566319,1.00434569213214
2022-02-06,0.998480741699864,1.00084535610408,0.999673659238906,0.992337611432309,1.01482112058942,1.00045559138574,1.00303133932414,1.00005569129536,0.999457940901755,1.00067779696821,0.99989592421094
2022-02-07,1.00161398834333,1.00332253968306,1.00032388439262,1.01165184507228,1.0161106300163,1.00035233204638,1.00533044858732,1.00513131585152,1.00253647909068,1.00183911718511,1.00071352407144
2022-02-08,0.999134473133549,1.00040472082381,1.00224005191786,1.00215760696284,1.0224925610325,1.00129876225092,0.998497474635758,1.00319681521669,1.00103521387175,1.00236151665714,1.00035759998302
2022-02-09,1.00099161938899,1.00050054591952,1.00064592269403,1.00777468377746,1.01420662490231,1.00145483020406,0.998518784101398,1.00311144829484,0.999867198774126,1.00054665434679,1.00205784551053
2022-02-10,1.00133237972828,0.999968498712823,1.00077437840784,0.997688583418691,1.01164379526099,1.0011743070695,1.00246917687084,1.00489169563735,1.00029345456614,0.999956070526679,1.00121592317657
2022-02-11,1.00194743732053,1.00080407987963,1.00167095395776,1.00521796307377,1.00005648496528,1.00165656747789,0.999161352833184,1.00394401453363,0.999281226337588,1.00048081829068,1.00240542931519
2022-02-12,1.00031954785488,1.00031183507643,1.00198672926416,1.00003013466441,1.00437460767396,1.00204496260894,0.999718488682382,1.02554937810067,1.00099003534655,1.00049830130507,0.999990634631017
2022-02-13,1.00089910982057,1.00101691237678,1.00084425343398,0.99461818680392,1.00513148118856,1.00200086374931,0.999365072343816,1.02821973649575,1.00149145716687,1.0002960471714,1.00192019515265
2022-02-14,1.00020745745836,1.00067947403313,1.00135474749236,1.00900328994969,1.00332044939604,1.00115999485039,1.00024412777045,1.01637365870338,1.00145504965678,1.00108749246959,1.00078385218036
2022-02-15,0.999952995410483,0.999738658215128,1.000591401001,0.999834887419757,1.00091134924705,1.00115596663067,1.00139785992664,1.0150311374014,1.00009783160921,1.00064816154636,1.00002932071609
2022-02-16,1.00003725369146,0.999713012053408,1.00143967368176,1.00119075072103,1.01050622353675,0.999550997704479,1.0017716181929,1.00192202710153,0.99939430975784,0.999165739909606,0.999228715314787
2022-02-17,0.998994501503118,1.00059895376724,1.00071542041962,1.00501582447774,1.00136252239269,1.00075665539704,1.00144056212532,0.994338499115385,0.999077379229651,0.998842859525094,1.00001418836962
2022-02-18,0.999304330820244,0.99883447285901,0.999502521245573,1.00494676364384,0.998276966820715,1.00106328356439,1.00039240587883,1.016535926247,0.999116849072783,0.999544946394882,0.999158800903141
2022-02-19,1.00070351241349,1.00021942253964,1.00029467108732,1.00223870731308,1.00670526299748,1.00041730271649,0.997850745732994,1.01560509470629,1.00039749855126,1.00076402478073,1.00051055467206
2022-02-20,1.00245195272521,1.00271279109264,1.00452120634213,1.00284787238009,1.01162960684151,1.00234395558538,0.998655143388414,1.01898230684452,1.00246373845127,1.00258549279647,1.00293686469298
2022-02-21,1.00162469072375,0.997431699028754,0.996980459741218,1.00075004990186,0.9984292131607,1.00104603945431,0.998634948882205,1.02160379683524,0.999998760174041,1.00032296542131,1.00044332208594
2022-02-22,1.00166197959208,0.999437501809603,0.999919472503549,0.999533552720896,0.998208354489826,1.00192403182044,0.999339106369548,1.03093112756677,0.999087292784906,1.0000752931978,1.00067148603354
2022-02-23,0.999721829422648,1.00397825901918,0.998319021573234,1.00578600706199,1.00577476676364,0.999526569081991,1.00354976450647,1.00747425290602,0.999823842898723,0.997906538113047,0.999324677722244
2022-02-24,1.0004966672036,1.00074114636571,1.00089350049126,1.01729215618527,1.00464756310752,1.00195966168087,0.999329630793471,0.977076958259842,1.00145094443981,1.00132922539607,1.00046500064557
2022-02-25,1.00082442349272,1.00099599968493,1.00532899322288,0.998610224170678,1.01261328729202,1.00115592408732,1.00044785821182,1.01420369243504,1.00075230699491,1.00062238607739,1.00112095801098
2022-02-26,1.00137266705497,0.999722407068892,1.00265563247805,0.995924810006802,1.00799295562473,1.0024861622617,1.00139395190449,0.995053861228424,0.998531985891171,1.00163420630588,1.00030988679485
2022-02-27,1.0025797638859,1.0024286727679,1.00215202862893,1.00221335631393,1.00504911055563,1.00247150292966,0.998478493745871,0.990294589502769,1.0022824539352,1.00169491638553,1.00236747934866
2022-02-28,1.00243560613503,1.00292485742681,1.00487663661346,1.00245425570994,1.00557610377371,1.00253604261907,1.00205316289765,1.00457931260577,1.00289397571465,1.00205075701834,1.00156261165247
2022-03-01,1.00050057745068,1.00063590074402,1.00221296352202,1.01548864029873,1.00979542445825,1.00010399958937,0.999000927600167,0.987480888810185,1.00125223933323,0.99931248020824,1.00076045250305
2022-03-02,1.00051391156771,1.00420646123731,1.00162159497564,1.0032905588726,1.00927626356558,0.999390352746811,0.997324086846626,1.00250265211835,1.0014262161514,0.9980660840594,1.00051581421649
2022-03-03,0.999655370860664,0.999281854558282,1.00269509700987,1.00759721244845,1.00747396141189,1.00122500619224,1.00096007403132,0.994681469857879,1.00023911260582,1.00014949328927,0.999886815329249
2022-03-04,0.999307317249978,1.00192540107842,0.999736574920719,1.01584545298411,1.00611918665616,1.00090264780011,1.00248438611556,0.995115195874195,1.00029939009803,1.0006213512936,0.99887096881212
2022-03-05,1.00015825154681,1.00151349831209,0.999669454425716,1.00460479109413,1.00336730512614,1.00154308927032,0.999674332670576,1.01474090754914,1.00108498440099,1.00167527672356,0.999867488108122
2022-03-06,1.00117062725693,1.00169625682755,1.00228660286181,1.00541597986843,1.00546745983941,1.00163833998092,1.00073992957979,1.01633021668677,1.00135232795012,1.00103532771834,1.00153836136487
2022-03-07,0.999929339859381,1.00248174191872,0.999766613846641,1.00570117746938,1.00204004924672,1.00095727410709,0.99714324526416,0.997214416796194,1.00048670640162,1.00150999412585,1.00065510973258
2022-03-08,0.998568695977007,0.998937905578165,1.00159996452204,0.999334337482152,0.996881064160929,1.00005508645141,0.996683424884671,0.992401803645531,0.999155907816061,1.00169853562692,1.00008646456363
2022-03-09,1.00008490560201,1.00006838948914,1.0017357022298,0.984012988453627,1.00338686761569,1.00016252252346,0.997447093082069,1.01807659114074,1.00054723788871,0.999817956283394,0.999731860318342
2022-03-10,0.999974133310604,1.00043717558636,0.99994107472694,1.00704344493791,0.998885961919891,1.00019620643509,1.00005157250443,0.997783888458739,1.00087004306161,1.00024192540915,1.00013748327485
2022-03-11,1.00032308501312,1.00036708626208,0.999992799759824,1.0074191235909,1.00072679835604,1.00099147332941,1.00153886523472,1.00465201421103,1.00017108515754,1.00078186914952,1.00009709734116
2022-03-12,0.999250842555757,0.99914791975017,0.999115747349585,0.997267425108704,1.00172865036777,0.999571644869841,0.999328166617172,0.997946778596997,0.997728626289931,1.00050607154616,0.998299797525438
2022-03-13,1.00034522891758,0.999652276070043,1.0015317831783,0.996140221581677,0.997863047867041,0.999966505611795,0.995662884058198,1.00110520026191,1.00052925249466,1.01592599535733,0.999818078963366
2022-03-14,1.00109413134327,1.00080621307627,1.00080223348334,0.996440628348738,0.999350453345926,1.00070950972998,0.999437852879316,1.01388673995293,1.00145921708267,1.00026544277213,1.00140377683497
2022-03-15,1.00072022014796,1.00054761909924,0.999838354162931,0.99753159076786,1.00914843305593,0.999705010709384,0.996766291707251,1.01627813859786,0.999656047887466,0.998312269771403,0.999674538522869
2022-03-16,0.999850469471832,0.999618086009995,1.00097539589165,0.995625374069107,1.00026109904043,1.0002701882169,0.996973610233844,1.00328899945136,0.99925761486194,0.998382846961609,0.998327458539407
2022-03-17,0.999926767465406,1.00075932248083,1.00053365144137,0.992375391896814,1.01397951728372,1.00089596952509,0.996892703026557,0.998236015878129,1.00125790827113,1.0003012903287,1.00073742259271
2022-03-18,1.00066174301016,1.0008632203005,0.999572267372496,1.00479334917176,1.01423157000714,1.00118288481568,0.997207072546303,1.01004865152049,1.00054423551303,1.00061839815958,1.0004497080889
2022-03-19,1.00018095694005,0.999253968961394,1.00094977707618,1.00163202376463,1.01232204364249,1.00132381537418,0.998238001185114,0.99597268188643,1.00118863230315,0.999777051789878,1.00011177731109
2022-03-20,0.999890153164628,0.999210293013942,1.00021779248889,1.00002725558487,1.02170510058074,1.00023372432925,0.998958473688303,0.99184194830686,0.999934030404002,0.999645242274661,0.999576831175742
2022-03-21,0.999538748092008,0.999427756816108,1.00051207339229,0.999395563734341,1.01184060355515,0.999705664529937,0.995899352016581,0.99820677194771,0.999809752169914,0.999808508433256,0.999319792062156
2022-03-22,0.999038969737606,0.999556367490559,0.999980896957743,0.999297287499356,1.01822347582714,1.00021615678194,0.993857796358552,1.00330528244599,0.999933892743016,0.99996348401564,0.999188996282467
2022-03-23,0.999552556853477,1.00003361125805,0.999328204160326,1.00178073897567,1.01727389188881,0.999609747505706,0.994892654177145,0.993176421517237,0.999652768198683,1.00024693032802,0.998892059818007
2022-03-24,0.998884668090607,0.999311008669739,1.0006217992608,0.999174872545284,1.03093534866003,0.998348026563035,0.996523552730872,0.998948465226497,1.00091474710826,0.999005327880055,0.9992236831229
2022-03-25,1.0002616763822,0.999471280828452,0.998760827554646,0.99872515449878,1.03783051513109,0.99961528444917,0.999971952276566,0.998677162785204,0.998517017675533,0.99927513676644,0.999266366553031
2022-03-26,0.999169369662006,0.999861741048781,1.00086781045997,0.997915392556095,1.05009906552335,0.999732975122294,0.999215213993211,1.00019468837293,0.999607797020015,0.999323806743773,0.999256605859071
2022-03-27,0.999276008712489,0.999244791687479,0.999244160712517,0.998743932197515,1.04854245713583,0.999515690859194,1.0010660882969,1.00357380214253,0.9991174779977,0.999879489166184,0.99888925568553
2022-03-28,1.00066011587146,0.999446882171505,0.999493602935536,0.997160867117127,1.005746173068,0.998782297890363,0.996947031043216,1.01236944278267,0.997853542480907,0.998329792278817,0.998663063140739
2022-03-29,0.999307532050792,0.997400595816152,0.99936038906912,0.982844306906268,0.995268537188649,0.997710190257333,0.997880487216927,1.00563409937156,0.997353904845293,0.996977420149628,0.997864033173579
2022-03-30,1.00109088899508,0.999767982386262,1.00039671553277,0.989572772755827,1.00762890210949,0.999741522031985,0.998503029525552,1.00012297591975,0.999571796951584,1.00024399627941,0.999422006822566
2022-03-31,1.00786036760935,0.999446093790624,1.00077147830263,1.00237328869401,1.00210395804936,0.999394056650081,0.998057079585533,1.00339328127932,0.999443737209152,0.9992194628462,0.998782376397577
2022-04-01,1.00753987038799,0.995972524665072,1.00600814831072,0.999944284268776,0.997848280838604,1.00080779525162,1.00193498943163,1.00226580715684,1.00163261393997,1.00415988512038,1.00303584507561
2022-04-02,1.00559110874345,1.00082565370875,0.999948611757502,0.997916665807951,1.0084916595116,1.00027960483043,0.998469983327227,0.994438752995485,1.00054284238181,0.999873577163215,0.999669694977401
2022-04-03,1.00326813753002,0.997632879143722,0.99729210107039,0.995855733880504,0.997013885088511,0.999644574774391,1.00075006899265,0.992649508069672,0.999609089316876,0.99955924247076,0.999066133502673
2022-04-04,1.00109149737593,0.999570935430848,0.995497325769966,1.00259447734116,0.99440077113206,1.00068920861075,0.996162554669607,0.997190078659717,1.00067475924957,1.00130682028066,1.0004442400446
2022-04-05,1.00040168791438,0.997835879815066,0.998734171704665,1.0002680687299,1.00021879566402,1.00059609153939,0.998439353017862,1.00070355897553,1.00003243201607,1.00010739070313,0.999538765465539
2022-04-06,0.997993630960738,0.999103245733813,1.0016007344637,0.995563394521754,1.00242226961453,1.00087452067089,0.994943462701948,0.995137084439839,1.00028275509261,1.00040934004997,1.000256720023
2022-04-07,1.00149196051402,0.997627892191285,0.995956913730236,0.995232588700578,1.00373713059766,0.999769080174839,0.993291351986888,0.996918905891902,0.998255237348245,1.00049277953983,0.999740700144534
2022-04-08,0.996531537477551,0.998869764549478,1.00068150563502,0.996494987412112,1.00776667426193,1.00021493127578,1.00021679886982,0.998561642340866,0.999225351884177,1.00025089057667,0.999122656562516
2022-04-09,0.9983373652753,0.999425249116459,1.00323682903595,0.996919604108304,1.00831119409173,1.00085443683425,1.0012302226732,1.00824163907515,1.00084783119992,1.00057185702117,1.00194100567728
2022-04-10,1.00130351449648,1.00117031862409,1.00435033074357,0.994358246586151,1.02469496533216,1.00062915871856,0.998226622780862,1.01150961512494,1.00082146300009,1.00115203309984,1.00104507723919
2022-04-11,0.997736682823037,0.997708395635414,0.995305381734751,0.996788684637848,0.997290917600216,1.00092353747615,0.995003663822657,0.993496326491443,0.999025668257978,1.00105565686475,1.0000263027268
2022-04-12,0.997843958628759,0.997618505962674,1.00031219773301,0.995963740136039,1.00389999695794,1.0009510266138,0.996936346792741,1.00038745587921,1.00074970252231,1.0009824084935,1.00035423073058
2022-04-13,0.997509485377573,0.999765805550205,1.00404964158589,0.991627451590602,1.00202609648112,1.00152176951919,0.997445065396128,0.999326867725974,1.00215112699573,1.00246133686728,1.00236927291649
2022-04-14,1.00005785241267,0.99970961188008,1.00193895483975,1.00298778223934,1.00373750355337,1.00156917780285,0.998044262228532,1.00620956076199,1.00109726213544,1.00201808515477,1.00150968659549
2022-04-15,0.999432786332506,0.999121843487529,1.0027663591845,0.99318507148128,0.999206709397544,1.00122853694946,0.997327424208085,1.00375269105574,1.00106849785687,0.999793852787782,1.00119701601068
2022-04-16,0.999958706844757,0.99838019378122,1.00175738397813,0.995169885184952,1.005390741603,1.0005182605277,0.997313673591929,1.00498726165866,1.00039858343692,0.999339713173818,1.00026356358029
2022-04-17,0.997828002229427,0.998280626356491,1.00030900275204,0.998810543032288,1.00332054639282,1.00095844768845,0.997852375774116,1.00545715006591,1.00073872504751,0.997181406552043,1.00075641649387
2022-04-18,0.999845494546339,0.998202420555214,0.999421726149782,1.00364154398121,0.991175665425401,1.00089193758051,0.996840479226208,1.00805289349781,1.00090148754388,1.00062206691374,1.00128472522741
2022-04-19,0.999170409064264,0.999109420840567,1.00112891391972,0.997612250724822,0.999876087412676,1.00078101913546,0.996605044804138,1.0035349411132,1.00070291562045,1.00085148797652,1.00112060455232
2022-04-20,0.999410824455571,0.999424869321456,1.00066476108041,0.984315718078898,1.00501185254086,0.999665853321474,0.99735994523096,1.00270301708006,0.998580467321812,0.999124395054308,0.999543842839772
2022-04-21,0.998801964394705,0.999276472592316,0.997875254139569,0.989375589499898,1.01341453151048,0.99999462121354,0.996308554369306,1.007539238915,1.00024915200108,0.999199254091014,0.999752644242782
2022-04-22,0.999342968899157,1.00200249799405,0.9994873130597,0.992348461460463,1.00533767542221,1.00061632424345,0.995807817713314,1.00953774142445,0.999734349636126,1.00067118095147,1.00016567536838
2022-04-23,0.999463021197095,1.00121228388609,0.999292564956521,1.00138861909434,0.999435646214768,1.0001412686632,0.996584947915525,0.997443113178903,0.999422637783276,1.00012825248771,1.00025770238884
2022-04-24,1.00105210604226,1.00059188338379,1.00256235524829,1.00014619611847,1.00240762024869,1.0010142684354,0.997509891782076,0.996459155356365,1.0005105667483,1.00119182468731,1.00090043300172
2022-04-25,0.999203835979178,0.998512216828122,1.00079819816992,1.00908510925714,1.00756914032619,1.00021859295035,0.995954367615921,1.00747029011231,0.999887012384573,0.999957618698538,0.9986335753027
2022-04-26,0.999474528710575,1.00100850733921,0.999372662198919,1.00287095385804,1.00133751384585,1.00016225682022,0.99708490551053,1.00219670415254,0.999568498514531,1.00039502749647,0.999843441141196
2022-04-27,0.99793371969903,1.00073595612702,1.00204763524281,1.00657857803809,1.00152034648695,1.00050131710146,0.981576337912793,1.00561216648905,1.0011318204874,1.00119502935301,1.00033371679637
2022-04-28,0.997589070352868,1.0005485244641,1.00031348289853,1.0026677510013,1.00795940137958,0.999849340149746,0.982029028802517,1.0011774262709,1.00018854351558,1.00035144718727,1.0000800133562
2022-04-29,0.998531029572703,0.999650853651264,0.999018719110339,0.984560271824751,1.00086629850865,0.999653785986144,0.996808945438684,0.990867913786155,0.999861097120464,1.00063134291135,1.000355933115
2022-04-30,0.997382729164068,1.00075109671909,0.999684210119075,0.998313931829676,1.00307635485824,1.00122161689014,0.982323849860173,0.994919185429826,1.00143214684916,1.00145910541616,1.00071532640227
2022-05-01,0.997960362064765,1.00103546838331,1.00230938081548,0.999748600886438,1.00493669457918,1.00326891680293,0.999503432604433,0.993466792193626,1.00103516270759,1.00078171308348,1.0011375253893
2022-05-02,0.998243480079796,1.0000950948714,1.00304312603302,0.999987578582131,0.996597612653192,1.00137906198708,0.973480401603106,0.995686109941293,1.00105916652681,1.00075745796121,1.00152013831529
2022-05-03,0.998355825645945,0.99836859104212,1.00043911932139,0.995898691455564,0.996508275201414,1.00052218942773,0.968262415631346,1.00711987758799,1.00021645057506,1.00122164227416,1.00041709151466
2022-05-04,0.99843179407806,0.999747234828965,1.00163303826111,0.996559114019262,0.993665563242526,1.00109015117825,0.968772910901804,1.0011850890061,1.00071218331085,1.000886569088,1.00122115457033
2022-05-05,0.99994767102431,1.00050489116722,1.00162690134193,1.00769373550175,0.994935733970454,0.999678874400406,0.992856662215017,0.997318134649356,1.00042137216179,1.00058200831199,1.00007827010956
2022-05-06,0.999270183855825,1.0020777029575,1.00061246526918,0.995096019167026,1.00328770419735,1.00037778551908,0.974550550389148,0.997446640197405,1.00226771252484,1.00198913599356,1.00099209732318
2022-05-07,0.99703949025748,0.998941239903534,1.0005971533535,0.996281741288176,0.999393405306945,1.00076342625925,,1.00079514581791,1.00123553699665,1.0012232440852,1.00075150591561
2022-05-08,0.997254303235518,0.998013760915469,1.00052973784333,0.995444786892329,0.999530931533536,1.00163084750045,0.990083164484239,1.0013025979842,1.0009403309499,1.00024626627925,1.00089326171034
2022-05-09,0.999469017509751,1.00095648703409,1.00212872542607,0.994870262886552,0.995837066159932,1.0017268923181,0.990083164484239,1.01095602715407,1.00229207566344,1.00291350770648,1.0027126956794
2022-05-10,0.999202924405359,0.997373438905928,1.00077856031089,1.00310280822332,0.961054760483034,1.00023800444774,0.995100338767986,0.995514062370063,1.00077929430964,1.00054519090847,1.00001052463222
2022-05-11,0.999451606461141,0.999920264752818,1.00219690452027,0.994896373849454,0.99901596201892,1.0012181584816,0.988697689640954,0.992695373519482,1.00211843895499,1.00071574216775,1.00160263565188
2022-05-12,1.00052037038028,1.00088634298374,1.00042478488412,1.00320475695682,1.01358913813876,0.995968779237918,0.978835439258502,1.00219525147755,0.998710705603449,0.999473794453068,0.998574268693669
2022-05-13,1.00157813313153,1.00340336306499,0.998538932405835,0.986200576983958,1.01062086550397,0.99805250862798,1.03264436339761,1.00649461886319,1.0020432440771,1.00189543394127,1.00023962053939
2022-05-14,1.00237463830069,1.00252033920185,1.00180434958977,0.987184200797819,0.990872442216195,1.00060981052868,0.997574726990364,0.992118207502544,1.00171089379265,1.00143995457112,1.00241012702541
2022-05-15,1.00685372387868,1.00309053135648,1.00482716897052,0.99143774306464,0.999791171853211,1.00310481340842,1.00213883297859,0.996950504658996,1.00433953617908,1.00518608313721,1.00447168382075
2022-05-16,1.00314042552897,1.00344444081798,1.00201769685705,0.990153588813119,0.991100117273217,1.00085378752289,1.00026791688885,1.00512813192312,1.00210700536223,1.00352008518599,0.999694226974965
2022-05-17,1.00274248870837,1.00188145298012,1.0044585300407,0.981340912803361,0.985452127412384,1.00137123622176,1.00198476948817,0.999548961074987,1.00237752719109,1.00353622004661,1.00171762289195
2022-05-18,1.00266203401125,1.00145237557564,1.00288465794979,0.9982880373332,1.00306775337423,1.00058574263039,1.00273763764892,1.00118511577277,1.00237989151343,1.00121300561461,1.00189770780224
2022-05-19,1.00222521457044,1.00165369421899,1.0017478402514,0.981733180699433,0.998992081797551,1.00022815800129,1.00006316537069,0.995094077484495,1.00057646863238,1.00169705373745,1.00199798087436
2022-05-20,1.00167586285731,1.0035658582813,1.00352439406629,0.997573060221337,0.988135077793675,1.00108182822884,0.998989080173671,1.00366439664341,1.00401831351569,1.00335295719182,1.00260737969937
2022-05-21,1.0016744736661,1.0013559026941,1.00270629903277,0.994635134514916,0.99836589974785,1.00125355379722,1.00033209364366,1.00361121063732,1.00179077681016,1.00261738388507,1.00244185179939
2022-05-22,1.00276144537034,1.00266582109778,1.00151630430103,0.994815489726887,0.99872384481451,1.00082868247173,1.00233940665254,1.00461680265602,1.00132061366523,1.00232075150357,1.00208826266885
2022-05-23,1.00191589248265,1.00112862866204,1.00198135147049,0.985492864560067,0.999504529570358,1.00024101572446,1.00061777869163,0.994857568592013,1.00071878882269,1.00127313698728,1.00101638664484
2022-05-24,1.00187195009565,1.00119529008875,1.00093041091965,0.988775492626191,0.999657421519477,1.00024893083632,1.00145287484685,0.999339642422528,1.00194760456975,1.00152101610529,1.00159285133937
2022-05-25,1.00064130085959,1.00130340219271,1.00149346214601,1.00116264125174,0.998073757488108,1.00008278675536,1.00122272253385,1.00673202909297,1.00039851581348,1.00075536300266,1.00067280892292
2022-05-26,1.00044762740219,0.998614354426253,1.00145843592502,0.992052610779413,1.00002033361443,1.00025207111146,1.00434454271204,1.00662407569008,1.00076918050174,1.00189020959441,1.00072582315165
2022-05-27,1.00212075421204,1.0011621721646,0.99870183072541,0.998353462186208,0.994954229732074,1.00091341749738,1.00379336469328,0.996257918842551,1.00034571760534,1.00239160369014,1.00219620209225
2022-05-28,1.00041191045671,1.00125157426403,1.0055198514396,0.998051121822392,0.999286393251572,1.00057205253044,0.999806130157904,0.997701335957427,1.0021679640465,1.00245168664007,1.00115408379819
2022-05-29,1.00288626512996,1.00149441119418,1.00359151292334,0.999139903540975,0.998281381644464,1.00147540815676,0.998602636985625,0.999256586954092,1.00204006322103,1.00319712387836,1.00252679838377
2022-05-30,1.00399599849009,1.00143371235308,1.0026110362598,0.999462326233271,0.996105712679891,1.00028705386054,0.997784892551691,0.997878392543707,1.00170105020237,1.00139916485305,1.00127751607079
2022-05-31,1.00125032789931,0.998231419756559,0.999782874748778,0.999347861321694,1.00151835314415,1.00041121845165,1.00115431794536,1.00184282688907,1.0007320273818,1.00081054673021,1.00016558904665
2022-06-01,1.00069783346726,0.998708797826499,1.00103672956409,1.00362000468122,0.999444970311492,0.999243767289284,0.998619829329461,1.00402495066408,0.999728974141707,1.00102350785771,1.00029293219489
2022-06-02,1.00064481981007,1.00041668419991,0.999901652019153,0.987020744186462,0.999032011395568,0.999569188263198,0.997211291665967,1.0112555200909,1.00032773535685,0.999967695861138,0.999625110105521
2022-06-03,0.998762380823288,0.999159212618168,1.00144425644279,0.997156477324298,0.992513110638552,1.0003054822238,1.00197614552064,1.0217969418075,0.999353968077457,1.00049428830871,0.999466709366234
2022-06-04,1.00069789762194,1.00198308875239,1.0017198772652,0.993687155959146,1.00302153576003,1.00042463500702,1.00316487378118,1.0152861439511,1.00119301218437,1.00150232249637,1.00151903552198
2022-06-05,1.00135003913583,1.00317704821475,1.00195303632276,0.994568867632982,1.003622052525,1.001021005077,1.0048588494839,1.0188308061625,1.00209921795415,1.00255216532479,1.0024426054853
2022-06-06,1.00081075853444,1.0010195676512,1.00229355999404,0.996875866073605,1.00475988687629,1.00010144777214,1.00419187282115,1.00262724170379,1.00032116032034,1.00106850284928,1.00055544493704
2022-06-07,1.00143545843698,1.00136555752415,1.00085122731886,0.994327242586613,1.00256800391845,1.00032179439582,1.00245999210348,0.99968502621515,1.00059275320751,1.00011370852253,1.00035833138961
2022-06-08,1.00200844537434,1.00139132561104,1.00255023734132,0.991821583179562,0.998956245222444,1.00139891915706,1.00488308139709,1.00563351338075,1.00226609192055,0.999775483459188,1.00145257865403
2022-06-09,1.00070856363376,1.00182073055335,1.00141904220346,1.0014804950278,1.00844151591069,1.00068138102965,1.00500224660925,1.00285429825878,1.00011153139464,1.00034228580123,1.00018699620739
2022-06-10,1.00085398827743,1.00145633905423,1.0018780373751,1.00472137731669,1.00192333796097,0.999856079247972,1.00383087857177,1.00216586777554,1.00077065123566,1.00107543188046,1.00086586045663
2022-06-11,1.00161302604593,1.00166142782208,1.00200097827648,0.996948358807518,1.00447654922637,1.00034915981818,1.00497649932714,1.01578622255227,1.00100840015131,1.00210891519384,1.00196282392631
2022-06-12,1.0002012202694,1.00155159631492,0.997332840152866,0.995958918927203,1.00574824317187,1.00000743992558,1.00385804862312,1.01965137211773,1.00104439898717,1.00040758211282,1.00081205535646
2022-06-13,1.00090215431381,0.995422319061207,0.998329251161278,1.00763933831585,1.00856258683288,0.99817583194566,1.00877423431935,1.01469516302284,0.999517778520095,1.00053545454955,0.999986969289101
2022-06-14,1.00381995630208,1.00676060527342,1.00700307970876,0.99935428234183,1.01181357983177,1.00387853537174,1.00591921189147,1.00725840897505,1.00819473898705,1.00606679451736,1.00424861303971
2022-06-15,1.00117964911178,1.00792552532378,1.00460108297871,1.00351745498014,1.02345143958948,1.00080686572628,1.00435118059021,1.00151357985854,1.00427912050549,1.00116708504266,1.00157983179163
2022-06-16,1.00450791156448,1.0029310846356,1.00291514991352,0.991721611538059,1.00351739156504,1.00275757826351,1.00447383720789,1.00516179370089,1.00205177799416,1.00214356015386,1.00293517976688
2022-06-17,1.0042649435259,1.00318065790928,1.0038256960162,1.00568938403284,0.999682620106526,1.00243991878769,1.00340499550058,1.00747632070604,1.00364170860426,1.00370194836819,1.00401871475127
2022-06-18,1.00013445327453,1.00164609913461,1.00139149945508,0.998619378865865,0.996800671514145,1.00068945573933,1.00382406362249,0.996545169758153,1.00124876189292,1.0017672037643,1.00175063378036
2022-06-19,1.00358525994883,0.998065173564929,1.00237753891757,1.00159774568295,1.00579344913803,1.00093490107511,1.00823645458196,0.986374783503354,1.00315484989035,1.00242279048133,1.00285213874977
2022-06-20,1.00323130982822,1.00200745726467,1.00319974664452,0.996868259308431,1.00221259494994,1.00031300066902,1.00173954461764,1.00121728730813,1.0015254009221,1.00251651650379,1.00187666591195
2022-06-21,1.00276272414008,1.00411981191802,1.00217995857608,0.992936239576223,0.997761080428965,0.999920979855583,1.00358996044176,1.00977746111899,0.99967669959625,1.00243500714358,1.00216081696639
2022-06-22,0.99966928142012,1.0021969378345,0.999770122859204,0.988926507372541,0.998064925105358,0.999512971095352,1.00240641690046,1.00378764012428,0.999979342113028,0.999651616447617,1.00015600535521
2022-06-23,1.00012527866266,1.00188778841009,0.999787117234801,1.00160248723665,0.998601100619866,1.00111539112973,1.00251250417753,1.00686266265918,1.00105393693452,1.00162715564409,1.00100905845172
2022-06-24,1.00179319583782,1.0001248342565,1.00081127058246,0.993801142415258,1.00059303587214,0.999874292018247,1.00527784562733,1.00191291924725,1.00182270388875,1.00046586980846,1.00057798684207
2022-06-25,0.999429248873699,0.998579260614621,1.0013152129336,0.992112186275168,0.997951938050265,0.997306309354052,1.00145999960765,0.997656794126044,0.997877393492045,1.00266134561229,0.997773206346557
2022-06-26,1.00327730125187,1.00244727810682,1.00074433318297,0.995072888598909,1.00199051255539,1.00058332954659,1.00287525656786,0.999968823234662,1.00088157543002,1.00081085961529,1.00148621923639
2022-06-27,1.00133093879998,0.999388723911152,1.00026694877312,0.993160318988463,0.997558816719377,1.00256432218056,1.00449023316039,0.995850464862708,1.00117041614075,1.00144988516906,1.00342970890452
2022-06-28,1.00089873964699,1.00177123492063,1.00109224874772,0.998607299002041,0.99950552129551,1.00056955622269,1.0036049339889,0.999991235817652,1.00145655570481,1.00157393761644,1.00121490876753
2022-06-29,1.00100537353833,0.999950439910858,1.00104502195359,0.998991848557497,1.00130041361333,1.00033432364875,1.00372149718568,1.0067675645504,1.00148665827169,1.00042394630011,1.00157792520343
2022-06-30,1.00085080497614,1.00200520429448,1.00378667597325,0.994303932699112,1.00078668824297,1.00099715949876,1.00697912536561,1.00525361054899,1.001593542253,1.00264878877854,1.00181755643914
2022-07-01,0.987916159084029,1.01407906686875,0.991936021642531,0.994068955854328,0.984101997622608,0.997063044838486,0.988572296687696,1.02093717109687,1.00533422769884,0.989162446312756,0.994856132942594
2022-07-02,1.0009274893141,1.00018952378043,1.00069128628613,0.997764398192305,0.995315156112192,1.00216059386312,1.00806479180016,1.00745363740593,1.00163043847923,1.0036637180123,1.00192109657236
2022-07-03,1.0013602107348,1.00224880523756,1.00158201648457,0.997627505911644,1.00007551745703,1.00148590494362,1.00635174367318,1.0109422258177,1.00125742443564,1.00236525115336,1.00113776287529
2022-07-04,1.00187201035359,1.00200409286357,1.00235839011186,0.997799974381997,1.000437120061,1.00075891971699,1.00506390854594,1.00335536283898,0.998904449180353,1.00163516711538,1.00280784275867
2022-07-05,1.00190738788813,1.00392069789303,1.0001890428803,1.01318252125801,1.00131437333223,0.999796698868549,1.00722721293996,1.00491987119512,1.00117974428342,1.00169805710797,1.00104421643626
2022-07-06,1.0014387178053,1.00113858593709,0.99916391634582,1.00368915784561,1.00122672831812,0.99891149368352,1.00616454059689,1.00028883552171,1.00027926280592,1.0005100754313,1.00146449916144
2022-07-07,1.00107508287808,1.00094811209351,0.997304962379551,0.997971296536696,1.00049938492934,0.999460957323198,1.00812932377648,1.00035332367717,1.00161771581638,0.999798413216601,1.00079628840529
2022-07-08,1.00175174738517,1.0009856641824,1.00137692441423,0.995669043100403,1.00023656160815,1.00092808907024,1.00965369748643,1.00433441315361,1.00181446286448,1.00218729144475,1.00128508625662
2022-07-09,1.00370981677858,1.00110881618614,0.997085610289147,0.995288576465661,0.997618654015053,1.00287473430283,1.01284829036898,1.00453876359214,0.999956823971436,1.00277550283936,1.00247229826934
2022-07-10,1.00035208919208,1.00027665122546,1.00087446472415,0.996519857840774,1.00073135539784,1.00093264568653,1.0108617478277,1.00011311395588,1.00118851119183,0.999620310472694,1.00236162874294
2022-07-11,1.00055648585903,1.00078424559764,1.00077144021992,1.00378798382206,1.00044831599727,1.00005671587693,1.00591038433171,1.00375262785703,1.00084666651571,1.00096700023033,1.00087323164816
2022-07-12,1.00004230663068,1.00163077719203,0.999927401964545,0.990657999719386,0.999462442675178,1.00021500885696,1.00890494375933,1.00000807404864,1.00098321266704,1.00096018414033,1.00020217767484
2022-07-13,1.00151758958195,1.00171540673037,1.0022177560883,0.990029572654888,0.995617658552359,1.00054714333645,1.00971226324472,0.999367401577124,1.00191126174928,1.00312019637101,1.00260433671055
2022-07-14,1.00128386630298,1.00145888466833,1.00160419636896,1.00326414071034,0.99588566018702,1.00079260723917,1.00752314408981,1.01285160997951,1.00147273511549,1.00084748275097,1.00043055892898
2022-07-15,1.00156050876078,1.00141155797712,1.00164546263688,0.987798448314726,0.996622990087582,0.999892446741004,1.00937006025692,1.00711845178678,1.00053122765141,1.0032658357268,1.00013438193251
2022-07-16,0.999588010813798,1.00088906797153,0.996593763601161,0.99374061957078,0.999789249584003,0.998132856569033,1.00799190131738,1.00056991726689,1.00059005740795,0.998115387889002,0.998109530740575
2022-07-17,1.00011299659667,1.00036344268397,1.00183798318159,0.994069569116285,1.00548033883064,0.999588627472543,1.00759171654336,0.997017188474153,0.999750263395898,1.00079350058647,1.0002308077022
2022-07-18,1.0015423483254,0.999460916736762,0.995145128163977,0.985708838099941,1.00320282387192,0.99960320952808,1.00998957138856,0.989753601236104,0.999516446855635,0.997203999875766,0.99993128834932
2022-07-19,1.00018443555364,1.00467418463348,1.00034083002435,0.984460692294345,1.00378797789106,1.00198081263872,1.00758823746016,0.996802286214128,1.00046976874449,1.00233298895688,1.00140938524176
2022-07-20,0.999334103794085,1.0014444474397,0.993132800120768,0.995637672010169,1.003900410263,0.999931190358702,1.00705755603935,0.996360863419423,1.00026003807949,0.999174569010455,1.00037959667084
2022-07-21,0.995044833563916,1.00015779103915,0.993269510554978,0.992362784886369,0.994703998000953,1.00024712716406,1.01094916110012,1.00650225888427,0.998374284805806,0.999103731788144,0.998677454735758
2022-07-22,1.00018437138578,0.99940412224833,0.999765096780232,0.995368170381242,0.999956397744217,0.999738259598302,1.00769107127206,0.995016777311078,1.00094322180691,0.999773603550393,1.00059744628906
2022-07-23,1.00069817657468,1.00053890063219,1.00042608488143,0.995059120813672,0.999792477319449,1.00024963072775,1.00607192135587,1.00127461516493,1.00094756287835,1.00017737400295,1.00092578896376
2022-07-24,1.00119309310414,1.00080051752689,1.00275332971241,0.998227508169633,1.00079436073922,1.00179630507531,1.00871167581544,1.00023247882963,1.00195154238058,1.00257990874136,1.00155942041366
2022-07-25,0.998494248838386,0.995912914760262,1.00100939583081,0.997089826041925,0.998325128658766,0.999947082903658,1.00664187507282,0.99598309425342,0.998710661682345,0.999141601904544,0.998572733727107
2022-07-26,1.00272268197561,0.998104723431169,0.987288218209744,1.00872998671962,0.999776593416478,1.00190938075562,1.00531001371112,0.991926494547908,1.00386490146971,0.999914888537422,1.00407177139713
2022-07-27,1.00024754697514,1.00473409199644,1.00776664060373,1.00018211759008,1.00132790088281,1.00111272520955,1.00577618082746,0.998665685270657,1.00095863679495,1.0048152157481,1.00076009137687
2022-07-28,1.0007092784433,1.00228919159707,1.0012734267091,1.00392215109541,1.00130337309368,0.999394558476252,1.00330473412504,0.996000614220131,0.999781725436087,0.999074826089997,0.999465553034627
2022-07-29,1.00249749436807,0.999655719736828,1.00250171800754,0.999532002424711,0.997586051673109,0.999280827793623,1.0059565809613,0.994613365447945,0.999213552984836,1.00092117907563,1.00074017207058
2022-07-30,0.999981115918062,0.995358854349287,0.989307899485576,1.00435839862338,0.999935598636536,1.0004956846069,1.00750832900171,1.00276124014434,0.997521419215054,1.00071351602531,0.998732919581923
2022-07-31,1.00087213386465,1.00169721486648,1.01302285905293,1.00178959875335,0.996649317329143,1.00052595086999,1.00649851254299,1.00441709711307,1.00096077172509,1.00089532913473,1.00044493566989
2022-08-01,0.99998736371559,1.00080500139846,1.00254448649038,0.995107867813067,0.997735025795649,1.00128433399413,1.00578637545357,0.998677599160153,0.999662653513984,1.00396926587684,1.00276997904532
2022-08-02,1.00110725064966,1.00056065725279,1.00213264861147,1.00779640139722,1.00090530007482,1.0025900530083,1.0070745580792,1.00100057426394,1.00109324411815,1.00206460688734,1.00015470682194
2022-08-03,0.998802906492537,0.999756913847774,1.00282813457323,1.00207013145305,1.00068676417944,1.00255111689821,1.00891022174108,0.992939673321142,1.00065617853572,1.0007828746833,1.00006356583454
2022-08-04,1.00204739446404,1.00294714948722,1.00602312787293,0.993570750866109,1.00339309395433,1.00136724494365,1.00760956984506,0.991707573385916,1.00226787653977,1.00135958654567,1.00138726163557
2022-08-05,1.00150814930996,1.00249569387673,0.999149079156161,1.007421062045,0.997828130888554,1.00137393256592,1.00829281361291,1.00336692277668,1.00200246038613,1.00175469525067,0.999220935526962
2022-08-06,1.00094426704359,1.00091254041865,0.997621035055143,1.0014882163475,0.998187676872439,1.00087357720254,1.00677011215895,0.991216183155758,1.00092175688007,1.00001482182423,1.00027622730226
2022-08-07,1.00063565589824,0.999814686489836,0.997598082235322,1.00040511958083,0.997526353123405,1.00090954953281,1.00677993971483,0.989099844596172,1.00035982833127,0.998353666616112,1.00036205234869
2022-08-08,0.999512444069125,1.00115970361661,1.00058766555502,0.995290419469737,0.99757040405672,1.00009551355533,1.00634606791137,0.996766033947626,0.999771147174915,0.998265863305526,0.999536584369109
2022-08-09,1.000897821425,1.00192811691982,0.99834727061608,0.998095638705545,0.999158094792757,1.00161814047948,1.00690217479376,0.995922195043494,1.00048052899197,1.00099151629955,1.00149472188715
2022-08-10,1.00295263032725,1.00145124721226,1.00082827041139,0.984832112710245,0.998738457366445,1.00206443198548,1.00745593934655,1.0004673200171,1.00318906202238,1.00004423569124,1.00219246473669
2022-08-11,1.00051002263261,1.00093824122569,1.0001729477064,0.993685011390791,0.996911434977465,1.00059534542854,1.0056111307625,0.998817840078611,1.00092543416937,0.999488482732719,1.0005378095288
2022-08-12,0.999959091492181,1.00014108342809,0.982013990284561,1.00243534299603,0.994558387277209,0.999915526656581,0.983824218804212,0.995620370139976,0.999790168322768,1.00004024568743,1.0019910798045
2022-08-13,1.00088494170567,1.00114590306499,0.998303464183295,0.999103089551955,0.997855667044498,1.00199871408796,1.00450862127654,1.00452839345922,1.00167776634968,0.999563718853906,1.00145646203516
2022-08-14,1.00167832712719,1.00064513708873,0.989562639750581,0.996994563635576,0.996219283132939,1.00058799060342,1.00441785915682,1.00367255502074,1.00005245139365,0.99931481436246,1.00089392031852
2022-08-15,0.999402494107484,0.999282278612496,0.998673508164787,1.00284023525877,1.00073407805863,0.999533145733729,1.00094743820643,1.0056201609483,0.999563302238312,0.997683452123414,0.999468319409598
2022-08-16,1.00191135373355,1.00358583084522,0.994599425688303,0.995428017759328,1.00138267426966,1.00184166590295,1.0029999461163,1.00010455585501,1.00096896977353,1.00202432899251,1.00069305946163
2022-08-17,1.00113691660246,1.0020199513907,0.993700097360837,0.997720939955726,1.00079336963282,1.00098949253823,1.00277888563907,0.99971446410223,1.00093462806768,1.00076088882983,1.00138804449553
2022-08-18,1.00023883748799,1.00111433429331,0.999958905221592,1.00205338505956,1.001745489884,1.00087530521722,1.00368044821147,0.99503976092871,1.00061191638636,0.995802095166866,1.0008289553308
2022-08-19,1.00027884387945,1.00252087342153,0.986856948723892,1.00133974237902,1.00129875604648,1.00124051300325,1.00356335525479,0.999203241269833,1.00080741986799,1.00113526671853,1.00049000820105
2022-08-20,1.00201890883277,1.00290335345639,0.998863077749719,1.00033903605644,0.996255714568561,1.00333523497223,1.00759423530623,0.995205200814656,1.00390575269111,0.994708564053291,1.00342910654696
2022-08-21,0.999737458378431,1.00024690697685,0.988665615563788,0.9961262298078,0.997290684073668,1.00081649406227,1.002521320958,0.992800450734754,1.00126871010635,0.99686687185126,1.00023633209284
2022-08-22,1.00256445402831,1.00259536250245,0.996755961825316,1.00807180484916,1.00169637549138,1.00296967381395,1.00673987935583,1.00387264249161,1.00275324405028,0.998938092575722,1.0018108851654
2022-08-23,1.00165076514044,1.00542646852938,0.993602649368306,0.993217440778582,1.00322161082216,1.00070190123455,1.0056702319314,0.996461045918233,1.00150618401296,1.00304608282884,1.00230815823343
2022-08-24,1.00067127338141,1.0010191854152,1.00087825843705,0.996574160056034,0.998685928332122,1.00120893132458,1.00705000965109,0.9975052204573,1.00101467948259,1.00169500251712,1.0015156720293
2022-08-25,0.999966150039372,0.9980519193726,1.00277704009128,0.999098293965236,0.995100251076221,1.00094119853668,1.00903549204107,0.990025028912091,1.00028372277279,1.00064303386213,1.00011730672685
2022-08-26,1.00074802438333,1.00137370752152,1.00033301289417,0.993781862633133,1.00030403207886,1.00088142018271,1.00932174950593,1.00084993155073,1.00083073583817,1.00015330115418,1.00090703262682
2022-08-27,1.00250748321237,1.00111520036103,1.00350980305471,0.994036277043842,1.00037956894573,1.00367895927411,1.01081038292648,0.988163766028988,1.00397506385571,1.00127836793217,1.00388663576714
2022-08-28,0.999631730712074,1.00059757013546,0.99678560097919,0.99254827264971,0.995784275599298,1.0006185613502,1.0083303347801,0.987418082128971,1.0003676718747,1.00369202161954,1.00042876194593
2022-08-29,1.00388690234217,1.00265191666884,0.996096300303756,0.992328773037749,1.00379516716711,1.00357039651624,1.0122398996751,0.985545561271354,1.00270192168087,1.00234814653085,1.00230797791205
2022-08-30,1.00149784886615,1.00231119613803,0.999000268682806,0.996940683631185,0.997637331228684,1.00142880036259,1.00874076340694,0.999567921879781,1.00183859164749,1.00141654221385,1.00200882651417
2022-08-31,0.998433948158214,0.998533750254868,0.982767397624307,0.990937293290355,0.996087695989065,0.999554462901437,1.00763880453845,1.00034417199501,1.00012021751566,0.999193951200541,0.998752111657109
2022-09-01,0.998448179920378,1.00093135672038,0.995949089645238,1.00388166021754,0.996012427642074,0.99964088800467,1.00849003923408,0.997928045083546,0.99882167328675,0.997844786947186,0.998991604683471
2022-09-02,1.00179566515064,1.00097570034998,1.0023903601069,0.98913289546802,0.996665777725502,1.00090253034303,1.01085775345871,0.990862093919216,1.00159980321826,1.00008709703333,1.000881313378
2022-09-03,1.00013764345829,0.999826001197511,0.99969326204321,0.989070455300961,0.998239811280836,1.00046633134966,1.00647651000262,0.997703891881381,1.00056678060218,0.999022227695508,1.00009689879704
2022-09-04,1.00092143630993,1.00047458472123,0.995819416795519,0.988188981250543,0.998376234474013,1.00131422773883,1.01079404515081,0.999016502431806,1.00031854503868,0.9984728706129,1.00151416552512
2022-09-05,1.00000132472089,1.00136762694493,0.998819392825841,0.986587985764447,0.998799508360234,1.00002823715853,1.0111383991672,0.997189277151126,1.00031547790369,1.00042547566569,1.00090079834107
2022-09-06,0.999025818001986,1.00002240017641,0.989155708943803,0.997916471140941,0.993332164468148,0.99764098308503,1.0090672092368,0.995826819503591,0.9979963695926,0.998023908736933,0.997894100700763
2022-09-07,0.999221949509724,1.00033007737957,0.987446303303721,0.992599677928884,0.999540555278418,1.00053313169961,1.01149335644505,0.99325307998688,1.00187512091313,1.00102756646492,1.0002452029115
2022-09-08,0.999842978063444,0.998997052427518,0.986135993087159,1.00045677156066,0.999464859376762,1.00014307079497,1.00815689891701,0.993645984989565,0.99938989794093,0.998295908365699,0.999602152679362
2022-09-09,1.0003531810391,0.999997254418458,0.99389115472533,0.992180918930001,0.992312174868061,1.00024511262873,1.00816341146683,0.985788108680043,0.99997697201741,1.00091988214912,1.00038439284208
2022-09-10,1.00079499481618,1.00007742429584,0.99990677154992,0.99654400239577,0.998016585607189,1.00068080856412,1.00892528938813,0.990667911808419,1.00045367446513,0.999579285312896,0.999204254817241
2022-09-11,1.00124634485309,0.999242076589994,0.997265656446569,0.997623619046088,1.0013699224533,1.00112684456795,1.00890220250852,0.991891841094664,1.00123228813016,1.00053125469377,1.00125905529549
2022-09-12,0.998356968166339,1.00108831079966,1.00039769845513,0.986165353181218,0.998710759536502,0.998714151989795,1.00497398014431,0.99250432260245,0.997581478780836,0.998375366739017,0.997555671974357
2022-09-13,1.00011768314424,1.00012087502425,0.984065625194341,1.00448478300871,0.994904241840977,0.998753596232801,1.00574004517561,0.994914279877265,0.999135082656659,0.999340765424348,0.999490921292461
2022-09-14,1.00010296919967,1.00015754764804,0.990833999463917,0.988437856845255,0.999838141197454,0.999788084792277,1.00468060888317,0.995030463899143,1.00073713323852,0.999224888085138,1.00014879900374
2022-09-15,0.999938826464972,1.00059320453622,0.995292505807665,0.986818730623019,0.994083731409612,1.00062949026956,1.00918517588027,0.999875914476755,1.00055041586257,1.00107484503259,0.999289485473878
2022-09-16,1.00028489939469,1.00008158608088,1.00331310444638,0.989550219301252,0.99643084848558,1.0002190356531,1.00723436501335,0.993481309004524,0.99864037077,0.99919394384998,0.999166962396328
2022-09-17,0.998886563029961,1.00122141602993,0.99028577659608,0.990786798442244,0.99396231969776,0.999748076415096,1.0083743116238,1.00120248664061,0.998122618144549,1.00225686918833,1.00015277022517
2022-09-18,1.00041919181336,1.00022266398386,0.997469289830872,0.989799543300758,0.997093412113526,1.00025957562949,1.01054287059501,1.0031447782827,1.00030729376258,0.998756112111348,1.00047590715316
2022-09-19,1.00126788626598,0.999643829848866,0.990812020945781,0.991001794257929,0.999903756773738,1.00173575199752,1.00919215783897,1.00448875677805,1.00153266176047,1.00210240594862,1.00119565750707
2022-09-20,0.999708771080159,0.999746339040652,0.998057379102308,0.988551197901159,0.99675611675429,0.999948811465406,1.00774332345435,0.999307179930991,0.999652234466429,0.998987818456715,1.00007565725956
2022-09-21,0.99990887308231,1.00026088889124,1.0009290922965,1.00006141825628,0.999995649572953,0.999982284892132,1.00840062812619,0.989044593532676,0.999082339997127,0.996979689063161,0.999161680463101
2022-09-22,0.999944184476224,1.0008519928619,0.997291083681469,0.990591289631826,0.999275496597782,1.00084135066657,1.00883820970842,0.994342460224129,0.999943730548646,0.997635277272118,0.999010694237986
2022-09-23,1.00185251982862,1.00120168413522,0.998655459319672,1.00286288204356,0.999599874705882,1.00038159208719,1.00932848149126,1.00282422332444,1.00063591041538,1.00078179718544,1.00038659063408
2022-09-24,1.00126853557724,0.998614201903487,1.00107061598706,0.990146939786548,0.995831668346897,1.00089382830591,1.01056745785525,0.985898663447802,1.00053005628808,1.00202906482161,1.00013569622402
2022-09-25,1.00000447618285,1.00089858748182,0.99989855074028,0.987154854786539,0.996743537348763,1.0005142731495,1.00919697927454,0.985586223592338,1.00005479540351,1.00007339351964,1.00010341367564
2022-09-26,1.00097764783605,1.00159276580682,0.999151961028839,0.996707239144869,1.00225323387374,1.00082042328811,1.00916505038987,0.995920962833846,1.00019744851998,1.00178114934795,1.00109419521018
2022-09-27,0.998591725806049,1.00073728721114,1.00115869107443,0.991897586904786,0.999615509658399,1.00106808818425,1.00922885186351,0.99072113234208,0.999121136280712,0.999440030641786,0.999605121041891
2022-09-28,1.00020956855022,1.00075728419277,0.999550199948646,0.984025125382845,1.00544526789761,1.00067530445469,1.0097910948543,1.00270992797911,1.00031915359075,1.00021555756107,1.00015325566326
2022-09-29,1.00252769934141,0.999558448711778,1.00094752082441,0.987786836414697,1.00073565825196,1.00168556663391,1.01053482132046,1.0016890459169,1.00193900761968,1.00370235652595,1.00167008937001
2022-09-30,0.999527993051055,1.00081209344652,0.99657771558079,0.992936307460063,0.99578252901804,0.999982735684207,1.0094583852719,0.98988692693986,0.99882889165587,1.0001079409236,0.999825154309417
2022-10-01,1.00104592425052,1.00177748811006,1.00048473351226,0.991972477057548,1.00191997359477,1.00086824909197,1.00989271677739,0.991349926910531,1.00056124077852,1.00321313184804,1.00119096452895
2022-10-02,0.999185810113921,1.00108273499199,0.998718360493162,0.992269738918255,0.996839110156698,1.00052582008154,1.00769456587018,0.98951681683218,1.00051581057056,1.00215871780948,0.999276194210694
2022-10-03,1.00037545464153,1.00429135588352,1.00350833538386,0.988134363770565,0.999485509219459,1.0019758689614,1.00968552925578,0.991707301758906,1.00139655515098,1.0004020309456,1.00082888569924
2022-10-04,0.999550208228636,0.999418179635202,1.00022303889851,0.974676971850666,0.996453367807515,0.999968983386018,1.00962360514096,0.992088663632812,0.998662222768387,0.999581857204775,0.998918776388873
2022-10-05,0.999560084603501,1.00095334295172,0.998176621307011,1.00366686146236,0.999150423056462,1.00019039960249,1.00860032472402,1.00390922894391,1.00081912583805,0.999395316850424,0.999090830824436
2022-10-06,0.999661041856881,0.999775443261651,0.998729209028289,1.00223491211182,1.00140983221412,0.999886388369608,1.00835449286573,0.996506909463765,0.999663894841851,1.0006679688179,0.999141814916298
2022-10-07,1.0011873099377,0.999969489507008,1.00132191034299,0.993382835281743,1.00164435648465,1.00020987687058,1.01241660596444,0.995190786180058,1.0002921575314,0.99822946146536,1.00068749443656
2022-10-08,1.00262518340054,1.00201917669055,1.00117077495406,0.99104686796016,0.997794088195083,1.00163974443319,1.01394975726754,0.990512642053281,1.00270248763274,1.00153877217972,1.00114614855957
2022-10-09,0.999974192445182,0.999739273596943,0.998465261265635,0.984193932267084,0.996351316789587,1.00024259313474,1.01102252268895,0.986796410830015,0.999195961144112,0.999103707230977,0.999879564000192
2022-10-10,0.999942987788717,1.00042185591359,1.00129026062616,0.984874895864585,1.00042837071608,1.00024961308113,1.01258039853442,1.0069856150493,0.999940795670985,0.99939048240676,1.00007001443762
2022-10-11,0.999205890939494,0.998840286694971,1.00071871181596,0.982447845453864,1.00531321872924,1.00007685682758,1.01091781821239,0.998394358104378,0.999714044812819,0.999874172013209,0.999186887400746
2022-10-12,1.00087358105751,1.00119065198776,1.00140112943538,0.990182180434164,1.00028104540395,1.00038552860053,1.01230901918453,0.993028880272128,1.000463056365,1.00067229150375,1.00019267247745
2022-10-13,1.00013373661443,0.999974014553425,0.998511164554477,0.982493453772334,1.00213012186975,1.00006067481353,1.01202706632618,0.99239396518223,0.999547384834963,0.998947099596752,0.999827596343847
2022-10-14,1.00047802130718,0.999482817738026,0.999425511157304,0.992367088819929,1.00082290954715,1.00046216455,1.01532755281438,1.00174806093651,0.999888342289196,0.996346351491796,1.00031529971424
2022-10-15,1.00013704704494,1.00086408971937,0.999025570656507,0.989129783152492,0.996857359398995,1.00078002645238,1.0137163611881,0.988555909774486,1.00054804318136,0.998075201951935,1.00036189929102
2022-10-16,1.00012908534164,1.00125282544479,0.999571762247614,0.987346646996865,0.996428494419145,1.000165325733,1.01021855819403,0.98961168330773,0.999743300286707,0.997935955242864,0.999656848993136
2022-10-17,1.00040465566815,1.00061453791652,1.00389001964103,0.981455006417856,1.00523293842744,1.00010404581788,1.01594310734633,0.989860461519735,0.999676600375487,0.999104828332118,1.00048772249096
2022-10-18,0.99969508196792,1.00025649545008,0.999672710821043,0.991156869879822,1.00103312595783,1.00003655287792,1.01589587259788,0.99646349386076,1.00007545617605,0.997404488305436,1.00008965704861
2022-10-19,0.99849976596537,1.00008984140992,1.00093927477344,0.996914164453587,0.999239839013547,0.999791361801713,1.01308146603037,1.00337213949386,0.998761913855806,0.997609264373339,0.998991866666272
2022-10-20,1.00056366629016,1.00049989910845,1.00109246108912,0.986676523404019,1.00256201259977,1.00079468532902,1.00921789759663,0.992998764655939,0.999464641706326,0.996805925203656,1.00084097811777
2022-10-21,0.998987927563695,0.999711044541408,1.00094359724292,0.981089736670204,1.00360824250752,0.999756983687424,1.01141696071632,0.997008577211677,0.998174870885848,0.995972326900458,0.999384829725515
2022-10-22,0.99903413808279,1.00023406397005,0.999636554482658,0.989712670800877,1.00405373785212,1.00008245343481,1.00909015401111,1.01504365416293,0.998796945506859,0.99748553045574,0.999374075473667
2022-10-23,0.999550190346856,1.00018118587914,0.998609980368844,0.989698021083675,0.99922661880472,0.999968345211162,1.01097779464255,1.01655623108716,0.999554803095311,0.99607169840801,1.00005426473574
2022-10-24,1.00136272299508,1.00114654402261,1.00133407440799,0.989358948471219,0.999739234130622,0.999435184935134,1.02304610663929,1.00626239755181,0.999562987535066,0.99521329185936,1.00078955208196
2022-10-25,0.999757707733394,0.999305205944293,1.00124080805247,0.983884410226903,0.998913334176022,0.998938408111451,1.0134377989071,1.00022406356699,0.998979436510616,0.994846469300476,0.99926610501558
2022-10-26,0.999772436583146,0.999807181667646,0.999317225878864,0.979585191442989,1.00084389291343,0.999887827686155,1.01991413965426,0.985584783643033,0.999989915222184,0.997384458286286,0.999573415814624
2022-10-27,0.999892996697423,0.999929692012644,0.997290811558404,0.996796906823826,1.00203385392538,1.00002498616892,1.02582194023389,0.998297775716582,1.0003484519862,0.998884025522018,0.999726696100747
2022-10-28,1.00007703715903,0.999829261578009,0.99895341878593,0.995692371911329,0.997889037642152,0.999799753379595,1.01692192188132,1.00244060314338,0.9987576916424,0.998686543429138,0.99966106610613
2022-10-29,0.999288754388707,0.999386201806955,1.00000747706682,0.990505228840796,0.99911941969426,0.999620776001839,1.0172994009153,0.992374550069456,0.999361109756464,0.99643836381025,0.998539681737657
2022-10-30,0.999306828214749,0.999763284211929,0.999100555734546,0.993949519647775,0.998585799889861,0.999948187290646,1.0282040753382,0.993220989263332,0.999594984610344,0.99606228001543,0.999234787903087
2022-10-31,0.999763911379065,1.00013666618718,0.999703556375366,0.996515882000027,1.00255502084447,1.00005289226143,1.01964137539069,1.0009347620031,1.00001278249346,1.00178903492026,0.999576018199544
2022-11-01,0.999731739993202,1.00006393952416,0.999235855157369,0.991800591502183,1.00381598625648,0.999774406132542,1.03550664512959,0.985744612600666,0.999487088276178,0.997382883648487,1.00016274100647
2022-11-02,1.00089218026256,1.00044177268052,1.00076662049631,0.99141373994215,1.00255183317332,1.00024490722641,1.03418665956889,0.989691673155483,1.0003933151861,0.999182638446985,0.999206889024534
2022-11-03,0.999963681992401,1.00062877890799,1.00011268756974,0.998158056498193,0.999697456961832,1.00045781816279,1.0208438114181,1.00592165974465,1.00018014980062,0.998680076043146,1.00063777838185
2022-11-04,1.0003237360263,1.00050416030042,0.998888860153099,0.973653620985607,1.00156476288924,1.00039461844419,1.01974864854061,0.986260650893559,0.999865530266023,0.998022188642872,1.0004830154104
2022-11-05,1.00017078181347,0.999250571111363,0.998466603689232,0.999006645444199,1.00639721051153,0.999917808246465,1.03521556287293,1.0138712899015,1.00008863705289,0.996631001070402,0.99979699442475
2022-11-06,1.00037753181549,0.999854091890781,0.997569004370664,0.994970781514689,1.0034902586483,0.999736331692128,1.00945581608,1.01335005023044,1.00042125826779,0.998201083640323,0.999662346783952
2022-11-07,0.999503795060016,0.999904213639751,0.99708949660269,0.97959280579794,1.00022078215897,0.999788188378302,1.01013727690666,0.990970760156813,1.00049181563503,0.997769984481021,0.999712194206461
2022-11-08,1.00115114928624,1.00097947869008,1.00561515652366,0.982902916921856,0.997194503007165,1.00063071606995,1.03227895082167,0.997134978455022,0.999276847192131,1.00038803112856,1.00106346228484
2022-11-09,0.999633007012194,1.00180513124332,0.998381987829696,0.990171184992597,0.979156322240293,0.999940044395347,1.00953037196349,0.993900559909984,0.99981093351725,0.997809943651434,0.99858360024377
2022-11-10,0.994032684738158,0.999200115193863,1.00065430090559,0.988136690221315,0.989931458588655,0.993587152777407,0.99391483486639,0.988763797863507,0.993494904164231,0.989806749923926,0.994461438310909
2022-11-11,1.00145718087415,1.00288783529392,1.00519797084506,0.988581380396777,0.98365124004025,1.00011945177237,1.0017750032017,0.991085912709358,1.00328860481935,1.00303479857686,1.00245557536396
2022-11-12,1.00429574209147,1.00859275185443,1.00481763593999,0.975698983795333,0.997377238609122,1.00359406611559,1.0093956093094,1.0098729276369,1.00052000640674,1.00130362728611,1.00483319240395
2022-11-13,0.999993572947223,1.0013244464909,1.00226052318817,0.996824478804284,0.986686386059189,0.999860643690858,1.0025399480039,0.982029854459323,0.999825090937955,1.00253427548635,1.00106622071753
2022-11-14,1.00178146719503,1.0015684337865,1.00308803660069,0.994142200669527,0.995164226648221,1.00048193627999,0.99695515742618,0.990968707727106,0.995841029934862,0.991126009485788,1.00227817472543
2022-11-15,1.00195495784059,1.00200153441112,1.00172971690885,1.01310548549006,0.999787783823839,1.00104150864965,1.00036264354436,0.98675207310898,1.00328881285288,1.00079489901072,1.00258708623718
2022-11-16,1.00135455735162,1.00215646879885,1.00191062989013,0.983673260366349,1.0027328889354,1.00080037357841,1.00398387697381,0.995658853142945,1.00266684401185,1.00067776069017,1.00219009549964
2022-11-17,1.00339444647287,1.00130719334174,1.00065807918834,0.962766446724763,1.00287176232015,1.0010894903954,1.00696012779163,1.00187930808268,1.0018231458311,1.00367065850368,1.00302002119163
2022-11-18,1.0009492982514,1.00201663845115,0.999249040494325,0.975246288199295,0.998447323649892,1.00164465137119,1.0050086737812,0.995708967321955,1.00136843066618,1.00012263687262,1.00134767459392
2022-11-19,1.00175850060578,1.00144438443646,0.997584867314267,0.976646445642014,1.00010160914741,1.00034206323021,1.00525524444989,0.986969156016002,1.00071449234882,1.00061620884246,1.00196450235388
2022-11-20,1.0010569378048,1.00130556485431,1.00092454312616,0.955943446700681,0.997509325605093,1.0002046184744,1.0052418669554,0.990046342475903,1.00518815741158,1.0005703866881,1.00141458131611
2022-11-21,1.00217214967748,1.00188812615514,1.00021229956646,0.954439983192869,0.994913465583245,1.00146126848963,1.00610144118387,1.00633773368732,1.00400874399377,1.0012671755809,1.00259029497631
2022-11-22,1.00209155422148,1.00199004910676,1.00064277755066,0.975079240844025,0.995806405691394,1.00094418894922,1.00419991822655,0.996423587375529,1.00127405111015,0.999861926569958,1.00168323120843
2022-11-23,0.999339671894523,1.00001390474477,0.998718507505035,0.977790096921092,0.998087163685035,0.999045185449572,1.00835973580789,0.998949426487357,1.00084406393052,0.998149621718123,0.999484529617636
2022-11-24,0.99858399930726,1.00176186880926,1.00112114304381,0.969200941291519,0.999060539010454,1.00050170459232,1.0085848378546,0.996311232804313,1.00214478255785,0.99898864933435,1.00000391859218
2022-11-25,1.00075446632185,1.00144907402234,0.99994295718092,0.982419929331917,0.99304846936797,1.00057544813595,1.00552270943933,0.996381478592427,1.00063622806509,1.00084233380572,1.00254560409824
2022-11-26,1.0017635822509,1.00022079322753,1.00280583137111,0.983645188966881,0.990200764848884,0.999675249687633,1.00508377351089,0.997509185059725,1.00151665988607,1.00254521807519,1.00157279204038
2022-11-27,1.00099572782599,1.00061167605172,1.00003247085555,0.978371834416901,0.989349873412138,0.999756466650593,1.00538107279708,0.997930403255938,0.999086066556853,0.999399098112384,0.99793300779282
2022-11-28,1.00144850242816,1.00064788720481,1.00455290903308,0.960264900321613,0.997102767676642,1.00092347821821,1.00463855116417,0.99222086829987,1.00056554359237,1.00239718340367,1.00136552933323
2022-11-29,1.00088396496978,1.00059761028311,1.00158478781454,0.985340221151748,0.995142083723969,1.00036206942293,1.00649132483306,0.992876979277483,0.998691804170953,1.00093107600204,1.00040443780682
2022-11-30,1.00048803916772,0.999877170939979,1.00138233969888,0.971545341356156,0.996568678246619,0.999991034980602,1.00449236269266,0.989230409678777,1.00127759371995,1.0005839419344,1.0002107340586
2022-12-01,0.999989755557757,1.00630157956715,1.00918457611926,0.94041484865899,0.998098654069979,1.00110315966555,1.00514065489428,0.992500382849,1.0000143600839,1.00485224429281,1.00004198787779
2022-12-02,0.999812195050739,1.00026902712485,1.001337277204,0.961435570047762,0.98431523835707,1.0004960857094,1.00579700084822,0.994472297680061,1.00023439368419,1.00010533561175,1.00074712944459
2022-12-03,1.00121779251335,1.00218180447982,1.00217611902405,0.961121084571894,0.998658340621684,1.00046476745614,1.00722459588147,0.991819086111131,1.00019014511588,0.998479041073475,1.00127769349598
2022-12-04,1.00197150422638,1.00160779578775,1.00001273178183,0.966600427932079,0.997314466732321,1.00101751035953,1.00531427873699,0.992282119100997,1.00074278551523,0.99779084962747,1.00512167386925
2022-12-05,1.00028125232685,1.00141558040787,1.00194199739872,0.961061694613665,0.994189463776323,1.00122997245956,1.0048194672648,0.997104991382322,1.00044285587944,1.00095230173961,1.00091033673296
2022-12-06,1.00014509824399,1.00087847006054,0.993321315618681,0.975802650969448,1.00526423537522,1.00076243587125,1.00515361451758,0.997889109350207,1.00001234114949,0.999972038071583,0.999574894716413
2022-12-07,0.999014221848623,0.999787642403047,1.00024243936481,0.972560315374879,0.994745264723157,1.00057821527955,1.00585259111177,1.00169590939143,1.00068498279734,0.997563249834305,0.999609883241409
2022-12-08,1.00051135105026,1.00049254745614,1.00096628759292,0.976662566949195,0.997452370095462,1.00040102598264,1.00601592623186,1.00322880730358,1.0009812892919,0.999470763177355,1.00023791641981
2022-12-09,0.999891984598348,1.00024484846398,1.00270581149796,0.969613591804218,0.996175955493325,0.999938033164644,1.00547107316243,0.9975059310756,0.999856365947976,0.998972602213503,0.999101142177679
2022-12-10,1.00057279595309,1.00044949993378,1.00016318273112,0.956181309388,0.996326950638097,1.00107585992691,1.00768047112511,1.00042362578748,1.00050302204366,0.999825435651594,1.00079458341322
2022-12-11,1.00076292876689,1.00072145193039,1.00148265817239,0.978446276003687,0.99618735335946,0.999672442181012,1.00586961439936,0.998774464672041,1.00055068544428,0.998876893557295,1.000521811158
2022-12-12,1.0011257152811,1.00039583113697,1.00232657232539,0.97332313001596,0.997697799315839,1.00052577733481,1.00901179230879,1.00160082147287,1.00028247633985,0.99786937232337,1.00093282942048
2022-12-13,0.998068329529515,0.999612884736905,1.00019917369756,0.972849019127601,0.997078038943766,0.999343170653587,1.0096324156691,0.994150696362496,0.998433143719275,0.998188542348264,0.998852580810217
2022-12-14,0.999756982380119,0.999108826546055,0.999056232748909,0.979465170295364,1.00243608332496,0.99970957070712,1.0149259533246,1.00005441804438,1.00009473735566,0.998445644661289,0.999097929449059
2022-12-15,1.00071040892933,1.0011027083229,0.99987931564737,0.982003176736642,1.00003072393215,1.00015618630587,1.01639566929802,1.015434268735,1.00019830468021,0.998121956675573,0.998919556728026
2022-12-16,0.999661716690214,0.99894261537897,0.998980971779092,0.999525716565862,0.996637443547329,0.998623399049319,1.01240314919656,1.00314284149004,0.998404785888657,0.998030451401097,0.999293223232503
2022-12-17,1.00053979835712,1.00227899635185,1.00173167145153,0.982732436879359,0.995020772973696,0.998755672253276,1.01316846945582,1.0130830897288,1.00154455144531,0.999646476737321,1.00045447649488
2022-12-18,0.999859084341737,1.00133017391582,0.998579305902057,0.986657260246767,0.996751974424659,1.00130504238985,1.00972002734272,1.01352334243168,1.00086588063625,0.999979598949867,0.999758869305659
2022-12-19,0.999569503428723,0.999712192020588,0.996724777223788,0.983670850681918,0.997158516534382,1.00050751962363,1.00069723218846,1.00037953085539,1.00027217216923,0.997005783875022,1.00028404529331
2022-12-20,0.999271080161336,0.999391588797838,1.00013368148191,0.986923976156474,0.997537690371937,0.999419229901965,1.00913483230001,0.993869848256124,1.00003043674834,0.996576243516521,0.999282798559291
2022-12-21,1.00058079827137,1.0004387258933,1.00091095607681,0.990348458021219,0.999024360683205,1.00010875971692,1.0016998571518,0.999637635565569,1.00020923787727,0.995456752777736,1.00021126517476
2022-12-22,1.00100803708205,1.00113410535591,1.00133416921477,0.99219071180204,1.0007791847662,1.00062145295522,0.999367928449253,0.999178413803614,1.0008535703098,1.00033217911743,0.998911418643103
2022-12-23,1.00049308514751,1.00042904186399,1.00118327489317,0.978660225609867,0.998521355725024,1.00055757804545,0.999671996517344,0.998619292328747,1.00042760132643,0.999550220863336,1.00060995624524
2022-12-24,1.00084159772871,1.00052465488148,1.00122344716562,0.98196577704428,0.997046152278344,1.00048750130391,1.00072275751113,1.00419395887457,1.00130905717773,0.996439489713007,1.00118733238475
2022-12-25,1.00013258149996,1.00014803596894,1.00119325744443,0.989640288570718,0.998194504424574,1.00049337141041,0.99951637099327,1.00009499492703,0.998259291701856,0.990855398400797,0.999899186455252
2022-12-26,1.00120211198675,1.00101094074993,1.00296628969687,0.99302184782545,0.998299134723073,1.00080165336882,1.00071072398348,1.00090319235672,1.00103368572474,1.00050384488604,1.00071051012237
2022-12-27,1.00088622516529,1.00039299063359,1.00400666149751,1.0059459503557,0.998942354746347,1.00016020077846,1.00140716308237,0.999646425125887,1.00060694204249,0.99944369084639,1.00102441573919
2022-12-28,0.999815644688847,1.00012996102447,0.9964468777266,1.00366673210132,1.00118754100343,0.999994355125136,0.99967088032535,1.00506013056585,1.00049055569316,0.995556962095861,1.00096011589578
2022-12-29,1.00059639922006,1.00045916811364,1.00210736527676,0.993915378770201,0.998420869441306,0.999814278937587,0.999466841847267,0.998804137756309,1.0009389524712,0.996347712843753,1.00021846151014
2022-12-30,1.00035985176433,1.00066747737456,1.00151897481539,1.00146034463717,0.995857438619937,1.00030440196167,0.999414066088532,1.0030488165958,1.00032483666989,1.00091000079307,1.00058132894477
2022-12-31,1.00040862747829,1.00109266709523,0.999948230678831,1.01925649445434,0.997277165819144,1.00004443429545,0.99582566435238,1.00550579223776,1.00115643321549,1.00062370250819,0.999547453428033
2023-01-01,1.00061528234937,1.00090189700964,0.998213832084792,1.01209845144627,0.994874436577694,1.00012617702721,0.993744384165203,1.00595934464281,1.00415033479209,0.997354847365138,1.00054885388073
2023-01-02,1.00053094835089,1.00095934932576,1.00034371259047,1.01543148550629,0.993245100545026,1.0005637325822,0.991995911958504,1.00751747915423,1.00256890861232,1.00098460274511,1.00042741283536
2023-01-03,1.00028370080554,0.999439101695096,0.999644229382561,1.01081866715055,0.995925354480357,1.00017885384176,0.997864176425704,0.993407544145893,1.00108541070998,1.00065482797308,0.999214189513577
2023-01-04,1.00074919121958,1.00053418964502,1.00167861347841,0.993992391400631,0.997521924132276,1.00005401334794,0.997256163517001,0.991175448510226,1.00135309013482,1.00020596865062,1.00016661680991
2023-01-05,1.00027009075735,1.00034960860547,1.00178827817617,1.01084769111853,1.00158226716243,1.00016859213251,1.00103345983191,1.00109670732462,1.00078073130874,1.00055413718074,1.00039957852182
2023-01-06,1.00027077910261,1.0007571414145,0.996751143309548,0.971228537990781,1.00041256017025,1.00002274327973,0.999150593430802,0.999725304242971,1.00032043047296,0.998109195485796,1.00013319899017
2023-01-07,1.00050616325804,1.000191534244,1.00087533815805,1.01797068730033,0.999983923016866,1.00000235748316,1.00173582348256,1.01094753829945,1.00030089766457,1.0003084234146,1.00088466921365
2023-01-08,1.00071512512744,1.00084693783881,1.0012200334239,1.00911676158646,0.998469386381004,1.00049058911597,1.00138906003692,1.01331730550138,1.00131303452561,0.998691248968494,1.0009323590567
2023-01-09,1.00093892074323,1.0001464583864,1.00071755867759,0.99365195063426,0.993927887545106,1.00034508131744,1.00405989660115,0.991880667444146,1.00052924856479,0.99801698108388,1.0018037389179
2023-01-10,1.00121122233084,1.00021798971325,1.00138017429482,1.00205672276613,0.997674863358891,1.00074469023499,1.00512335744333,0.993144576385074,1.00125661161406,1.00089693129341,1.00149728499066
2023-01-11,1.0001850503125,1.00036901281862,1.00084400515795,0.998332236135978,0.994496157135796,1.00017334996962,1.00034639400566,0.989096793146424,1.00023632210961,0.996437479521242,1.00041300560561
2023-01-12,1.0008516693208,1.00916828716118,1.00129369268239,0.99901756338931,0.994504743366301,1.00099702343598,1.00485948768556,0.998017821768164,1.00075313716394,0.998092496835649,1.0011271928427
2023-01-13,0.99991140701983,1.00039284308663,0.993754948255592,1.0106189732271,0.994528998705067,1.00037501585506,1.00088636449902,0.989315988102166,1.0005055276884,1.0004730011146,0.998941435028877
2023-01-14,0.999214724351926,1.00005029003183,0.999334832628993,0.987295844035889,1.0040391915263,1.00060097017164,1.00040700433162,0.99578212373507,1.00012496602916,1.00055884870536,1.00075056413324
2023-01-15,1.00104573052409,0.999158674565444,0.998918104018279,1.00966085139996,0.997291570147941,1.0005018241032,1.00237729897231,0.992994947097939,1.0002034935574,1.00073725587838,1.00021633472287
2023-01-16,0.999145602884802,0.999318436920735,0.998880912926579,1.00505465265095,0.993379103308573,1.00008981687122,0.999867854665083,0.992534330300235,0.99961805398336,1.00119745734118,1.0049117663827
2023-01-17,1.00023113695057,1.00010198848528,0.996529699032446,0.998702242959131,1.00414814532987,1.00013056828383,1.00064902849713,0.990757304163616,1.0005106421189,1.00080194966307,1.00034110406194
2023-01-18,0.999802089960181,0.997192556227841,0.997699259158933,1.00349238370415,0.998439128555523,1.00015256862146,0.999822347638328,0.988225055775026,0.99987732837847,1.00007669603074,0.999965027830079
2023-01-19,0.999748825488615,1.00063243741604,0.999490075550713,0.999073407336096,1.0012636874898,1.0012953124771,1.0004972022632,0.990126133358595,1.00070367366089,1.0020002764,0.999205900215997
2023-01-20,1.00036498536814,1.00022359223317,0.999194429011087,1.00225872482849,1.00343727276085,1.00044745458617,1.00121732403935,0.98864278894532,1.00030094445251,0.999689417287108,1.00252861736653
2023-01-21,1.00101703787605,1.00043410042909,0.999554246909922,1.0104465298112,1.00964151944112,1.00073108301948,1.0002723454955,0.986727389829586,1.00071136533891,0.999990459526078,1.00264807806163
2023-01-22,0.999504857868235,0.999214629588056,0.99886220700103,1.01484705900029,1.0025733578854,1.00002259762133,0.999901331661515,0.987634559115724,0.999451839474011,0.999760399076498,0.999587435253382
2023-01-23,1.00127619814964,1.00185573059986,0.999353946508855,1.0072404582619,1.00248766567947,1.00084677137011,1.00370929372507,0.993033781929862,1.0016368266656,0.997062603890196,1.00048321385317
2023-01-24,1.00171533599689,1.00175351555044,0.999996168812432,1.0017293020216,0.990811342475292,1.00210849557381,1.0035331329089,0.99170508908362,1.00278978030618,0.998641696848056,1.00124629623591
2023-01-25,1.00112869984024,1.00236145499349,1.00318885165957,1.00021147521389,0.993090349479424,0.999682389844534,0.99863075331755,0.991498495612286,1.00021902824559,0.99357439601382,0.999932927021049
2023-01-26,1.00097800005087,1.00110599886224,0.999784520882552,1.00889511667198,0.998585573722607,1.00200128034657,1.00171913467512,0.996502363729443,1.00179673559258,1.00192332132849,1.00126193178803
2023-01-27,1.00086022204384,1.00123473355005,1.00044037730964,1.00458870587875,0.997523504892161,1.000460898497,1.00009820923933,0.997498979157008,1.00072166148882,0.998264673573099,0.999614707189313
2023-01-28,1.00101108934123,1.00080823366761,0.998718911710938,1.01892997832759,0.99837617789182,1.00123244533159,1.00272847412208,0.997571866368635,1.00149147492516,0.999290411933986,1.00075100036884
2023-01-29,1.00023560425623,1.00018098267075,0.999570991468712,1.00293584632701,0.991293841303583,1.00089457492738,1.000892229033,0.997008443000306,1.00099190153516,0.996275759637302,0.999270914948674
2023-01-30,1.00063639505564,1.00080880955334,1.00052727121999,1.00819793366871,0.997115416361498,1.0012925681989,1.00123025297636,0.996748842134994,1.00075175284675,0.994836934163822,1.00008773210082
2023-01-31,1.00219434474579,1.00215984173177,1.00239008471852,0.993532159456916,0.999325754730333,1.00142014950114,1.00232938349974,0.999366944988526,1.00165265366339,0.998625639264941,1.00145168271527
2023-02-01,1.00056811952096,1.00032630258568,1.00128593961481,0.992211576864056,0.997027777915272,1.0007402382204,1.00179236112764,0.988259827023717,0.999638429870282,0.998618914923321,1.0004519659628
2023-02-02,1.00101275480156,0.999813266705406,1.00146621102872,1.0096163158859,0.99343661402461,1.00115154120504,1.00006763127815,0.979713581607146,1.00105167453177,1.00146695684778,1.00066140068592
2023-02-03,1.00225428337321,1.00183047318777,1.00204863231244,1.00532089453493,0.997804307960182,1.00212618404938,1.00187747097176,0.996776572641335,1.0026884465703,1.0022191593766,1.00113505418682
2023-02-04,1.0002550857122,1.00019158999975,0.999616298667914,0.988303320625968,0.996323383551639,1.00036299989092,1.00062446347269,0.978355761143131,0.999460539366215,0.992808953552918,0.999218869102538
2023-02-05,1.00219614993355,0.997987511649575,0.996671422887736,0.995744368636674,0.993674649018441,1.00119618434143,1.00289479867902,0.97578940333978,1.00157606022991,1.00166110039721,1.0009832127166
2023-02-06,0.999843759584921,1.00083140779142,0.999183048817137,1.00150645748999,1.00165315537652,1.00026795085849,1.00256251993986,0.992369049255687,1.00017418457418,0.994853460291699,1.0004215301671
2023-02-07,1.0007754408877,1.00091474243957,0.998765956572973,1.00172319801057,1.00249644549873,0.999997765820472,1.00280319639775,0.997817950907584,0.999795854670326,0.999571002799206,0.99981064714516
2023-02-08,1.00093395938319,1.00050006677731,1.00014627641446,1.00307096085167,0.998320487386859,1.00072691252544,1.00059521341659,0.990599620551115,1.00069155441923,0.994114545594006,1.00004368763462
2023-02-09,1.00033220391067,1.00057462476939,1.00077131637542,0.996459225688886,0.999495447617911,1.00028105152742,1.00273921285991,0.98914932105207,1.00045325114323,0.993178627770408,0.99987226237696
2023-02-10,1.00034964564675,0.999886632754153,1.0007429935516,1.00775972611063,0.995869007742886,1.00055127112431,0.999307167831647,0.991171816097967,1.00033726788237,1.00026259030539,0.999658647097918
2023-02-11,1.00024761275858,1.00202866974414,1.00030531459829,0.995644496837085,0.994115688323358,0.999877025753676,0.999744110269407,0.980626006589174,0.999393199802692,0.999553462229977,0.999812158023647
2023-02-12,1.00118771787533,1.00041656026788,1.00127962325517,1.00033329027981,0.993098037867018,1.00121952206002,1.00233821621507,0.984661865181713,1.00067853334275,0.999564572565346,1.00101079298454
2023-02-13,1.00079597268128,1.00061174234294,1.00240330995874,0.997476664718772,0.99688721545717,1.00075463035358,1.00416427473501,0.98504204181244,0.999773689619676,0.996694844656204,1.00028418815945
2023-02-14,0.999677309296909,0.999774284520397,1.00057143621434,1.00085761353904,0.995214228792436,1.00039747082042,1.00138330490802,0.970988538168707,0.999577215944463,0.997563158531202,0.999851685156266
2023-02-15,0.999558388941722,1.00052508169393,1.00356595203592,1.00579967412105,1.00443840224427,1.00070376029706,1.00054797445193,1.00012491165085,1.00048771920264,1.00010546432129,1.00050246580451
2023-02-16,0.999976154556238,1.00034710452124,0.999309706255735,1.02319156829883,1.00185244877786,0.999833581396932,1.00223612720418,0.995761923418925,0.999825167978041,0.99624127989246,0.99971900313609
2023-02-17,1.00617431750618,0.999087818827654,1.00035689841741,1.00735532589886,1.00773253869783,1.00537021762584,1.00895523016175,1.0012400579398,1.00406944323383,0.994483207473074,1.00087364282611
2023-02-18,1.00166848466313,1.00210413793338,1.00170397126687,1.00314533395226,1.00108868464885,1.00013643245696,1.00461698945907,0.995949816922823,1.00195758818089,1.00000376202484,1.00049720780143
2023-02-19,1.00048543537691,1.00020235229814,1.0004282456823,1.00541800622699,0.998734651729537,1.00051805666483,1.00073505119065,1.00570320650308,1.00096087419813,1.00002838933931,1.00030637529201
2023-02-20,0.998851946689808,0.998162384881879,0.996817773049758,1.00074129249915,0.994161361528758,0.999298945527162,0.999989088801896,0.988020237337946,1.00075813298089,1.00023649771204,0.999134121700162
2023-02-21,0.999123149175243,0.99925198572346,1.00263529851722,1.0024537260948,1.00335031687402,0.999406141143022,1.0009518336448,0.991876873794469,0.999025724447201,0.990850264536126,0.999591420882314
2023-02-22,1.00082077228196,1.00037815418596,0.997993162551893,1.00244352199203,0.998859924398274,1.00043869956515,1.00128203511565,0.989939464621811,1.00030950982858,0.992031864756427,1.00003602869369
2023-02-23,0.999989828456675,1.0003525520034,0.999757539721308,1.00255649039502,0.993877265607899,0.999477602329776,0.999273041785118,0.99193969984894,0.998731258750808,0.993637750119775,0.999336856085273
2023-02-24,1.00075353619186,1.00221369385652,1.00113700265201,1.00378882506572,0.999191347254121,1.0008228823336,1.00159724802177,0.995409458908097,1.0007393604103,0.998152137609975,0.999831568220329
2023-02-25,0.999879610562549,0.999938751781755,1.00149748175609,0.993956720284922,0.995566973153595,0.999823121044366,1.00042126903889,0.987132773169941,0.998710446239769,0.998229228823086,0.99989820261591
2023-02-26,1.00007761610537,1.00013729473123,0.999762648148289,0.999135090209369,0.991781634884583,1.00021005001383,1.00065791502189,0.983990066472584,0.999667319636395,0.996403683117701,1.00000708807746
2023-02-27,1.00061878490353,1.00004320798731,1.00037729523668,0.993324249979785,0.999856246360186,0.999805678514083,1.00203935332315,0.993505763074116,1.00045052534766,0.999172032029638,1.00006776343751
2023-02-28,1.00075313042615,0.999784938795489,1.0009328063646,0.997754121955622,0.998964305434923,1.00058164275119,1.0018128286264,0.997967485902182,1.00034936517248,0.999661801629262,1.00019016170962
2023-03-01,1.00011856318618,0.999809696362971,0.997912226912281,0.991754953358226,0.997446107215871,0.998542526169615,1.00186905975428,0.986405495392528,1.00015241957505,0.998395570945364,0.999791958681638
2023-03-02,0.999084911305949,0.99965011845608,1.02479470907449,1.00477284259062,0.999403588300056,0.999860434555036,1.00059707285701,0.997987571469862,0.998522620048134,0.999010070572747,0.999320108823654
2023-03-03,0.999627905819635,1.00022485548711,0.999701476968852,0.997552045610145,1.00010085292815,1.00001565807472,1.00272793237157,0.99113494982079,1.00009151168149,0.999779454582334,0.99980077082192
2023-03-04,1.00061489218535,1.00053069436359,1.0016831525018,1.0036243944004,0.99883303960092,1.00074910073629,1.0021200190884,1.00042316103417,0.999737340086151,0.997846412112885,1.00031168887341
2023-03-05,1.00128630583969,1.0012445999528,1.00144733041824,1.00135335352782,0.999234918877611,1.00141549689305,1.00448593290708,1.00445647352543,1.00206365349476,1.00088408077224,1.00148599776606
2023-03-06,1.00080311847001,1.00071336666858,1.00005373300723,0.994604118331317,0.997789245255201,1.00018828608338,1.00322776568913,0.998378959234995,0.999666655601521,0.999050950499159,0.999728012343604
2023-03-07,1.00041757574392,1.00029437544727,0.999095794637402,1.01545582085605,1.00240201818221,1.00036124733236,1.00172885573481,0.996161658971287,1.00047628402108,0.998912094294696,1.00002105114458
2023-03-08,1.00062633500209,1.00156458488152,1.00232140838351,0.999417359520116,1.00266696406013,1.00084951522897,1.00363172280621,0.99839311785406,1.00080262024047,1.00055608182266,1.00117620553891
2023-03-09,1.00084159952697,1.0011659629137,1.00012942187693,0.998889025615269,0.999648504780869,1.00001535119477,1.00338361554489,0.994855949093012,1.00012824046769,0.982447918626671,1.00030409345839
2023-03-10,1.00151134743731,1.00135809915974,1.00152851069107,0.99380837065357,1.00103213427336,1.00174303684868,1.00190706029368,0.987187020986408,1.00143438701964,1.00082820897785,1.00062769916631
2023-03-11,0.993483678986324,0.99770304929448,0.9928050406034,1.00562224245484,0.996307470878043,1.00097004429716,0.99927633188003,1.01498994742396,0.997969355911234,0.996448525245213,0.995643227838156
2023-03-12,0.965578235058062,0.995417074684828,0.977525129557074,1.01429957923028,1.00344700347955,1.0029250302398,0.989911744992847,1.0337272054237,0.993850521004385,0.987460051955761,0.966990097892344
2023-03-13,0.993657131818962,1.00610433774965,0.997277488794009,0.997667034236756,1.0056399683887,1.00730250914536,1.0022578885653,1.01859439092185,1.00568920386517,0.992953960028196,0.994563791445811
2023-03-14,0.999419605860614,1.00196717110392,0.99992907796523,1.00247907542581,1.01157995724427,1.00365967651645,1.00295191462744,1.01330689425376,1.00186630124459,1.00009932256308,0.999785683307451
2023-03-15,1.00080983506735,1.00194859006231,0.998948237095596,1.01724399252925,1.00538523902864,1.0038817647747,1.00583030009254,1.0034559250471,1.00267829423052,1.00054451784825,0.999391773048336
2023-03-16,1.00309843956687,1.00050089787146,1.0022431417123,1.0087886691838,1.00449454054686,1.00658385095692,1.00739476527453,1.00675314298832,1.00558054298986,1.00282749164336,1.00077613996906
2023-03-17,1.00402565842063,1.00481227613326,1.00218976245622,1.00905727177154,1.00507564836482,1.00698814672105,1.00785249188856,0.965471085427226,1.00605412996775,1.00410085124513,1.00189826702515
2023-03-18,1.00245808103763,1.00354745900547,0.996206431669234,1.00642548314592,1.00731887364433,1,1.00682242213914,1.01781032506908,1.00355211665528,1.00046090323625,1.00088264382568
2023-03-19,1.00413518616689,1.00512976610191,0.998693805201616,1.01469132241287,1.00413164931234,1.00000000000001,1.0063364430327,1.021867057167,1.00553141372651,1.00514684566592,1.00076159823376
2023-03-20,1.00123528003913,0.999166087421425,0.999272156714374,0.997955174725648,0.999638430792306,1.00561045943936,1.0044604199384,0.999426085163536,1.00126507538652,1.00110919877924,0.999965515531813
2023-03-21,1.00592680440569,1.00708995204267,1.0053694956383,1.00564133946073,1.0058372297345,1.00959405222748,1.00975089488169,1.01549675349528,1.00924979162878,1.00735045060145,1.00306194432604
2023-03-22,1.00374468843962,1.00507024289301,1.00401273417139,1.00619040746879,1.00734750910417,1.00693170951254,1.00717403150259,1.00724341224374,1.00637154684284,1.00520538316033,1.0011258431686
2023-03-23,1.00505540184683,1.00457773562154,1.0046755760473,0.993806727902149,1.00608046102341,1.00780677292193,1.00800625808342,1.00481665253481,1.00579910514518,1.00574854804315,1.00322027570557
2023-03-24,1.00311510812569,1.00360860166343,1.00072891057913,1.01601666954799,1.00977678012508,1.0047654136365,1.00672939824387,1.00153900741215,1.00566116374302,1.00358253918661,1.0004334309044
2023-03-25,1.00025041581437,1.00602069529017,1.00034459038324,1.00384190719248,0.997740906996942,1.00191908807844,1.00989502305387,1.000087153192,1.00639027494845,1.00114900893383,0.997457755556752
2023-03-26,1.00653006523164,1.00673011344768,1.00337675389227,1.01221464548438,1.00083632672756,1.00760352283334,1.01227644491728,1.00776081307287,1.0070698456831,1.00686908048985,1.00402573197897
2023-03-27,0.999798685524104,0.99915386553068,0.997211198640176,0.999351074671054,0.995229674121215,1.00110255723893,1.00258817903214,1.01356625551617,0.999636620706782,1.00116487094271,0.999282858766384
2023-03-28,1.0015642197087,1.00125980776951,1.001637878143,0.994554171403228,0.990412097492489,1.0020172443569,1.00378969259257,1.01675811212739,1.00316548503298,1.00153333496894,0.995826983924928
2023-03-29,1.00142931303852,1.00103243641946,1.00149588572807,1.00180913698133,0.999481221781683,1.00106136105984,1.00379086082514,1.01088524381398,1.00148114013929,1.00097862405429,1.0003847768642
2023-03-30,0.999798726581581,1.0001180643008,1.0008087925901,0.987379281920158,0.996600522512918,1.00067657278368,1.00021685673228,1.00757462311514,0.999899492086291,0.999397797287599,1.00027520315545
2023-03-31,1.00035399298257,1.00087425904142,1.00381126178012,1.00361742793325,0.992306958351707,1.00067364953473,1.00347056657685,1.00083505155412,1.00085715505811,0.999252136606676,1.00054798594826
2023-04-01,1.00023067871119,0.999988315762138,0.999592922489837,1.0019734641872,0.997588136243871,1.00088992822427,1.00216808293657,0.998890480093739,1.00091916576346,1.00002808316946,0.999634806359394
2023-04-02,1.00048783678239,1.0003236990995,1.00009794248596,1.00317448067124,0.999105814351434,1.00118733836521,1.00106673565716,0.999025565351107,1.00063589746848,0.999633146722029,0.999822211329141
2023-04-03,1.0013693416238,1.0016939849857,1.00083748743087,0.996298076891048,0.999838498453624,1.00202195996508,1.00278355886,1.00475611677449,1.00105044068104,1.00119736523408,1.00098949729923
2023-04-04,0.999285937876842,1.00033200693492,1.00212747761646,0.994536460694996,0.993870985357096,1.00028904781212,0.999195667803673,1.00075159950294,1.00012547141682,0.999727092971403,0.998540002943431
2023-04-05,1.0005993348242,1.0027114150351,1.00369324687609,1.0019748947839,1.00010060491574,1.00118904627797,1.0046954722634,1.00020080190571,1.00378309522916,1.00248782764837,1.0010240457606
2023-04-06,0.999824649150607,1.00026493632706,1.0000396527457,0.998182630603816,0.996921636604646,1.00026448190734,0.999447339204349,1.00578666590027,1.00006527039311,0.998617830516203,0.999585606771142
2023-04-07,1.0001183466876,1.00027206371991,1.00080904188867,0.9963464934678,0.998978275345003,1.00062143341058,1.0006414325392,0.998482722930341,1.00021833488515,0.999498171843717,1.00064443969495
2023-04-08,1.00064780469388,1.0000973787251,0.999415539949433,0.999515978628278,0.997313637105643,1.00110585705771,0.998397464388052,1.00087947867721,0.999939261774778,0.999554196991279,1.00054699596871
2023-04-09,1.00027217012166,1.00076139384731,1.00154306816418,0.997738044026024,0.99825197626339,1.00102141468197,0.996189181142604,1.0001891903335,1.00046603323837,1.00018550525144,1.00006309222944
2023-04-10,1.0003649385878,1.00012249043042,1.00148176194863,1.00896658006569,0.995850414697245,1.00135870325128,1.00044490799333,1.00136637724599,1.0002831518192,1.00043107458464,1.00018064455519
2023-04-11,1.00036872362859,1.00015162207811,0.994427195621477,1.00009851306614,0.997046268135557,1.00116651252875,0.999959310177193,1.002738558215,0.998907588338938,1.00133947385792,0.999779476913808
2023-04-12,1.00040473499626,1.00115008373295,0.997433169937768,0.990876783661318,0.995781000591618,1.00105355461664,1.00121447656859,1.00747869989706,1.00147380731629,1.00017171376765,1.00008476712754
2023-04-13,0.999721326625426,1.00017002811425,1.00120177589519,0.990631225587317,0.994375788733073,1.00079446708217,0.998236278767109,0.998310167338375,0.998913030525568,0.99943958450769,0.999084598466904
2023-04-14,1.00124480165901,1.00158739530009,0.999817577483709,1.00318150702246,0.993257451371463,1.00176594589407,1.00217633249292,1.00556571116716,1.00046354703344,1.00210452371163,1.00105892390155
2023-04-15,1.00052458052668,1.00171563107846,0.994009231220582,1.0013265633114,0.993187814285329,1.00111528127332,1.00052331526715,0.991749100348631,1.00022063574758,1.00038177926585,1.00026766763721
2023-04-16,0.999354450377112,1.00100139236134,0.997844019284074,0.999316508446985,0.992696133194765,1.00069967120025,1.00091571851793,0.991036777035035,1.00020969579526,0.999907739795766,1.00044262610117
2023-04-17,1.00037738105367,1.00073343779821,1.00089179910665,1.00592269128891,1.00238126723052,1.00089697066483,1.00098647379073,1.00381361829428,0.999271680003959,0.999097758524876,1.00036242663239
2023-04-18,0.999883954177716,1.00096655732604,0.999895199183751,0.996386697834577,1.00295129360831,1.00158262576265,1.00130447479086,1.00758311585688,1.00047916797633,1.00059706928139,0.999658999982045
2023-04-19,0.999640917237492,1.00064961227685,0.998596594771185,0.999673696693262,1.00066144818307,1.00053239117092,0.999186604001245,1.01766385190818,1.00080085427198,1.00012570035769,0.999472034571541
2023-04-20,1.00092418297563,1.00261203757381,1.00200584399272,0.996136055178687,0.9920159234317,1.00135684832032,0.999845915438154,1.00786596001402,1.00352394152607,1.00266852375552,1.00027531100561
2023-04-21,1.00028518072504,1.00130688563637,1.00189761435062,0.994961481163583,0.989192349251091,1.00038091376438,0.999226206072166,1.0100018657001,0.999551895294095,0.999507132537962,1.00028213313586
2023-04-22,1.00125977939499,1.00063207372358,1.00015294612891,1.00194626658505,0.988050539322828,1.00117070601484,1.00019922190143,0.99679213332804,0.999765564444305,1.00072708461031,1.00042500217331
2023-04-23,1.00134191063952,1.00181408642249,1.00165729665365,0.999923906147617,0.99033079173461,1.00200093785349,1.00174113288805,0.995657112348709,1.00113626285883,1.00052315963675,1.0003087382937
2023-04-24,1.00064631660657,1.00107142271862,1.00956856772688,0.995963511143638,0.985079421352033,1.00116375783237,0.999081692194942,0.994719934610981,0.998405662891949,0.998336823822019,1.00021729281846
2023-04-25,0.99934905068591,1.00029550859069,1.00085449103028,1.00775925725955,0.98470540753079,1.00071679514271,0.999927976601645,1.00168618398941,0.99847204056581,0.998765540127268,0.999404628133416
2023-04-26,1.00101379989058,1.00117557779203,1.0011271985762,0.994483831195675,0.995975299167151,1.00147371261878,0.999752593743544,1.00154145643264,0.999179518709218,0.99952708505136,1.00083646767859
2023-04-27,0.999669453113378,0.999417336247203,1.00125490650357,0.999653789379958,0.989392691309072,1.00029683694242,1.00201319262511,0.994593245931514,0.99885453207124,0.998034695483704,0.999868702146365
2023-04-28,1.00060441246156,1.00115461966771,1.00086771884961,0.999157534691232,0.993023725798168,1.00135089924826,1.00120259222681,1.00165162554772,0.999819909307542,0.998514980461141,1.00009344532193
2023-04-29,1.00007727613531,1.0011352554646,0.997594525426407,0.996417143453125,0.996005564271668,1.00079383590009,1.0023047976605,0.998810240752726,0.999947156874117,0.999001232510286,0.999901753966831
2023-04-30,1.00045581453821,1.00070850902349,0.999807383025213,0.996287382826938,0.996533413232093,1.00095248878821,1.00341924617411,1.00614143010462,0.999679034923115,0.998240222999397,0.999958532022336
2023-05-01,1.00040299952501,1.00090502189272,0.996520945907443,1.00312687134824,0.99489777102065,1.00136260792946,0.996793188868275,1.00743556360106,1.00789393595391,0.998020745615958,0.999673243774271
2023-05-02,1.0006633332762,1.00082047556699,0.99377640901048,0.996845918457898,0.994315301621447,1.00133235440503,0.998359393708534,1.00757275897863,1.00327166008265,1.0001357992202,1.00019703571949
2023-05-03,0.998537546932501,1.00039731540099,1.00208371049452,0.996521937223613,0.996046999263757,1.00134053307238,1.00224551333989,0.998637744939541,0.999395763169252,0.998985917236884,1.00036248003938
2023-05-04,0.998173701142604,0.999920072426978,1.00178552210766,1.00523212652915,0.998669565565655,1.0003731491866,1.0003805473693,1.00359702958154,0.998463257336295,0.999241471781654,0.999674128761996
2023-05-05,0.999884358998358,1.00076871191884,0.999506981892998,0.99828395540166,0.995560956625167,1.0005735868563,0.999440907815436,1.00614211767425,0.999897601996528,0.999196388625467,0.999781242309295
2023-05-06,1.00003284298427,1.00051720209996,0.999357331251236,0.998582541649483,0.995513201753796,1.00134087818501,1.00371112615857,0.991068156205782,1.00004721735463,0.999896532639314,0.999790651071227
2023-05-07,0.999246441759401,1.00059688303089,1.00071802054453,0.997622974653401,0.995929143132629,1.00174143768314,0.998733280080481,0.993003302032267,1.00062352514941,0.998394627680851,0.999303120724421
2023-05-08,1.00249447509485,0.995310586959083,1.00185441073249,1.0050591159732,0.9944464364379,1.00147787302294,0.999740136845351,0.990156378927039,0.995303741059314,0.997003056097485,1.00017810071473
2023-05-09,1.00073750456354,1.00061679827287,1.00004366410857,1.00307482497285,0.998356224257453,1.00089339468226,1.00390387561662,1.0009775573653,1.00088298126623,0.998923615402371,1.00007762014768
2023-05-10,0.998508353327603,0.998989701122978,1.00085265173056,0.996652870465712,0.998497971930876,0.998773584418374,1.00265327526377,1.00369139710774,0.999015229488631,0.998268783526534,0.999740197247304
2023-05-11,0.998842351071131,1.00102244964161,0.998790210553498,1.00292731393597,0.995049763813984,0.999773091491269,1.00079600542855,1.00744364614287,0.999518928655621,0.999477952886898,0.999312196095204
2023-05-12,1.00074314488072,0.999861045622488,0.999331792422245,1.00721381945591,0.995231836488149,0.999992644245088,0.999956241918643,1.00839333496293,1.00135132179808,0.999791004250151,0.999330793209654
2023-05-13,1.00083272808815,1.00125205081786,1.00028481857716,1.00306921751413,0.998292357464094,1.0010597307143,1.00364999491323,1.00944664031137,1.00024827349832,0.999391810818773,1.0006812164096
2023-05-14,0.99822515776224,0.999523553488344,0.999632787861476,1.00766401473403,0.994463997960752,1.0007015823515,0.99593110124773,1.00618143704839,0.99834667375075,0.998873055934205,0.998662122675242
2023-05-15,0.999459038268369,1.00002408271596,1.00059814802377,0.99617380127964,0.999143422249191,1.00004122263697,1.00247075732934,1.00139491430166,0.999920011868467,0.999405247060938,0.999325709834528
2023-05-16,1.00071611133484,0.998882939308176,1.00154223009904,0.987071824837576,0.997899076307573,1.00163502049701,1.00211220970006,1.00436845457609,1.00147876062786,0.998259288859815,1.00038382263835
2023-05-17,0.999860630828638,0.999541629932958,1.00134544665143,0.985957151508163,1.00443966216284,1.00015386953458,1.00256371371191,1.00526601123478,0.999765984838785,0.999273100646145,1.00051563136965
2023-05-18,0.999462954127257,0.999917338687301,0.998854375469909,1.00824984399123,0.998708007433343,0.999302334528343,1.00009212039289,1.00380367921627,0.999675059423433,0.999869926770421,0.999856037097762
2023-05-19,0.998041662598366,1.00023626161402,0.997078030105348,0.993511818816859,1.00549072657475,0.999370508017546,0.999519646222825,1.00666737401736,0.999806616644195,0.998721087450424,0.999730036615288
2023-05-20,0.999594553581142,1.00046442318707,0.997003812331993,0.9855299768304,1.00314171108543,1.0005657221575,0.998949623205641,1.01609793807443,0.99979200386709,0.999009749505538,0.99974027791594
2023-05-21,0.999569368131714,1.00066257533562,0.996965953361445,0.997323421629162,1.00014438000067,1.00011778817584,1.00136785715281,1.01434038803692,0.999709589072171,0.998446090473043,0.9979135698211
2023-05-22,0.999740651425763,0.999875117016976,0.997388613257318,1.00000371064747,0.996879151069869,1.0003978793453,1.00113143784307,1.00408458126655,0.999280001952001,0.998776098190402,0.999594336942539
2023-05-23,1.00007646984443,0.999594672370681,0.99788672543498,1.00316619926703,1.00075815034678,1.00019018538738,1.00065943443837,1.01053233168843,1.00014505824493,1.0002583206407,0.999726480648509
2023-05-24,0.999626545478374,0.999079074082269,0.99995991363826,1.00166216173779,1.00150592176239,1.00007599330149,0.997257848387771,1.00430401010839,0.999319662865129,0.999562300575572,0.999801875798358
2023-05-25,1.00001570844191,0.999375805474836,1.00006267377536,0.987481387538434,1.00225751521399,0.999663316133496,0.997194642352384,1.0046785260916,0.99925908022875,0.999409534888114,1.00010333059637
2023-05-26,1.00005620944878,1.00006128852059,0.999350590692454,1.00308077111874,1.00259242981844,0.999854626497725,0.999247045573762,1.00580357634732,0.999801750549432,0.999849168838859,0.999816723099247
2023-05-27,0.99966061389836,1.00012205874178,0.997747164020852,0.997627692863073,0.999696867171777,1.00066948449166,1.00032171863025,1.00475063674611,0.999977081026612,0.999645736851349,1.00000222991869
2023-05-28,0.998199067011604,0.998715752517588,0.998546266426768,0.999680970092579,1.00004364797089,1.00014745919677,0.998422202414121,1.0058405617965,0.99945838925369,1.0007504614622,0.999790208703416
2023-05-29,0.999872467356697,1.00000765631947,1.0011226134985,1.00085935227679,1.00222960377806,1.00021557571694,0.998210293495299,1.00470452225491,1.00033574018333,1.00085498079843,1.00062885987062
2023-05-30,1.00109999447269,0.998847534065905,0.998009073382098,0.991829041708403,0.999823881992496,1.00045384376507,0.995493890739555,1.00398254026541,0.999366530573536,0.998426213907128,0.99925869202426
2023-05-31,0.999733293421579,0.999567331727185,1.00037342159504,1.00757739746322,1.00273148062218,1.00027688223433,0.996144380136713,1.00520322896043,0.999104389927741,0.999230569557352,1.00014276446071
2023-06-01,1.00054594433244,1.0004519291483,1.00087034633244,0.993489193922805,1.00185295081581,1.00040380670741,0.998879148193432,1.00570418445646,1.00098079798972,0.999357073246307,1.00071199459933
2023-06-02,1.00010616950375,1.00162376117732,0.998749628123039,0.999851195699916,1.00210884646479,1.000282410347,1.00376296963677,1.00032033931316,1.00082132226077,0.999717174739984,1.00060519210029
2023-06-03,0.9996784366724,1.00014075376315,1.00016469972837,0.999671972726138,1.00103079766638,1.00037657145054,1.00214165003454,0.98728442258792,0.999568255694282,0.999617824484505,0.999940989200084
2023-06-04,1.00008594904461,0.999898612042832,0.998798272288551,0.996030191509511,0.997393155718897,1.00037331887312,1.00311552710943,0.982837067755351,1.00015620556121,0.999615468457818,0.999632937207331
2023-06-05,1.00167554895973,1.00120355707061,1.00026645802823,0.999585638701875,0.995037699433232,1.00246049026568,1.00265034396217,1.00352114673651,1.00006426855246,0.999150145377683,1.00076106353446
2023-06-06,1.00045696022842,0.998843914856688,0.99938493178412,1.00160224404918,0.989932561075295,1.00145991081658,0.99800629636195,0.977401219334308,0.997507358621677,1.00059412345884,1.00028238460534
2023-06-07,1.00034269752528,1.00015178544692,0.99990939939241,1.0028287020752,0.999467303285384,1.00045456408254,1.00100232115857,0.986586999402481,0.99942989259669,0.999764788478845,0.999557429989885
2023-06-08,0.999800989751483,1.00047766069963,0.999762477182418,0.990218446384917,0.998789625483219,0.999848501862406,1.00088739984553,0.988024539740711,0.999612629606547,0.9993908082183,1.00057489378045
2023-06-09,0.999304426679786,0.99920879788555,0.999189193916676,1.00024933396072,1.00143009510262,0.999803171250834,0.996215564949565,0.977859714910392,0.998989174042029,0.99996879672807,1.00025891705046
2023-06-10,0.99993673519364,0.999700938744353,0.998596227036853,0.997430803050377,1.00007735805434,0.999935366726837,0.998265805975384,0.975891282266288,0.998796855376119,0.999470051655497,0.99993347723805
2023-06-11,0.999797673691765,0.99978303340328,0.999762982634998,0.995973956888166,0.995616612008243,1.00054256708865,0.999703884836762,0.978062954491752,0.995760122001563,0.999864301796776,0.999949067556547
2023-06-12,1.00020273068235,1.00000679537409,1.00089132553112,0.996158464210449,0.999831459321701,1.00054883816815,0.998050833727904,0.976481984237675,0.998580969484084,0.997622673995325,1.00028871999047
2023-06-13,1.00035498984462,0.999759889699946,1.00062279847321,0.993828475711453,0.997566980888515,1.00036185189464,0.998488033013037,0.983532944364358,0.998629447286019,1.00019864073077,1.00007871095026
2023-06-14,1.00043076361708,1.00001182096886,1.00085648421182,0.989336129064831,0.99877937154952,0.998999903077714,1.00020456576255,0.980618848415185,1.00009830739314,0.998740510961103,1.00014538141523
2023-06-15,0.999347497990473,0.999680100260327,1.00016326284854,0.987617333283948,1.00439589543738,0.999057543531066,1.00075646693357,0.991711348844096,1.00168665129092,1.00060497485284,0.998677049025682
2023-06-16,1.00008918740239,0.999427085274487,1.00196614666202,0.99481005591806,1.00034607204378,0.999088388977999,1.00158643824593,0.982830374657466,1.00207913625904,1.00091753143785,0.999854927468802
2023-06-17,0.999758624049013,1.00019695595243,1.00338081209617,0.996422000159341,0.997833229834238,0.999365518798008,0.99968930742775,0.989295507410855,1.00201617600752,1.00010464686842,1.00009587329148
2023-06-18,0.999417218945226,0.999747605543711,0.99961709322145,0.991333325505748,0.998883800840816,0.998907047523262,0.997795160636813,0.981653415486482,1.00189396789608,0.998828685059961,0.999030649884609
2023-06-19,0.999524011961716,0.999533642694626,0.99857057500367,0.995926295019918,1.00267856492938,0.999607385973945,0.999407641997325,0.985774700977404,1.00209686692925,1.00032623699264,0.999548559181417
2023-06-20,1.00032657560668,1.0006141305456,1.00104730038776,0.999324660481238,1.00194255883233,1.00011876623442,0.998536282662016,0.986048471868296,1.00287263531665,0.999657126170285,0.999976233442295
2023-06-21,0.999766766722248,1.00232816987923,0.997720755132875,0.989448136056634,1.00194161433991,0.999060525973033,0.99919218468204,0.996234260993825,1.00369958107845,0.998317795609024,0.998869598270424
2023-06-22,0.999635274979505,1.00000837759905,0.994066072255792,0.998804002938629,1.0003707342637,1.00084148079896,0.998608526664922,0.998441856200607,1.00158258520128,0.998118438465384,0.999729750759775
2023-06-23,0.999805152817812,0.998634694826621,0.996468733320224,1.00298711452823,1.0074245694292,1.00085596964694,1.00201159737789,0.992500838013744,0.999967008729709,1.00047552281442,1.00012840803583
2023-06-24,1.0001342359291,1.0005279783144,0.998134789371751,0.998626802915137,1.0003770228049,1.00069892614633,0.998927201984454,0.994863228618053,0.999704685885152,1.00070900096551,1.00055044608033
2023-06-25,1.00005661969599,0.998537418888324,0.999711519217704,0.99939878729571,1.00197990908604,1.00087267302736,0.997116162440113,0.994321300994582,0.999765182284565,1.00020884307821,1.00005440428811
2023-06-26,0.999369135427826,1.00068600793401,1.00088743030451,0.98325737208528,1.00156050475463,0.99969991197972,1.00166776908876,0.986941811511958,0.998979270305075,0.999271603893674,0.999462259779291
2023-06-27,1.00139020838762,1.00056470274006,1.00259526496741,0.994509068349256,1.00279135911328,1.00025009199389,0.998407798639656,0.990739606750742,0.999495010471856,1.00039438555878,1.00022138649264
2023-06-28,0.999738961669145,0.999036859856974,1.00113600928855,1.00151883953637,1.00304872255051,0.999820207828214,1.00058769298895,0.996447616336105,0.998715550690163,1.00023916764021,1.00071547851797
2023-06-29,0.999633229182047,0.998410773142418,0.999577279408827,1.00206278267122,0.998137979024633,0.999450623605012,0.998947311003669,0.992561139703731,0.999671875167705,1.00009949662881,0.99945270231353
2023-06-30,0.999751589639058,1.00000298355379,1.0008091567456,0.992633319566666,0.995453814619118,1.00038332162658,0.998478384263052,0.994515113880854,0.998335634561905,1.00004469982732,0.999793545617911
2023-07-01,1.00042775656031,0.999739639233555,1.00027409963118,0.997543805655815,0.996791604421482,0.999596453061708,0.995224493663868,0.998354160962796,0.999334221184278,0.998573796677676,0.999145720957612
2023-07-02,0.999920495817646,1.00023008806946,0.999849148947987,1.00187476048429,1.00065978136716,1.00018345061238,0.997762600582391,0.995283490614667,0.998935516536225,1.00018861167653,0.999756368324576
2023-07-03,0.999777866856763,0.999764119866679,0.99919780807802,0.997192819998003,1.00229972329138,0.999019126705124,0.999495727407314,0.991411481802033,0.998572280088561,0.999333979346557,1.00002122292819
2023-07-04,0.999672067816822,1.00048708068206,0.999223235075273,0.999397016828116,1.00163064208148,0.999795592054086,0.998792562743845,0.982447403912963,1.00022700444905,0.999718752641709,0.999358909208633
2023-07-05,1.00017662347864,0.998422837849267,0.996362198849157,1.00210228025018,0.999283981275139,0.999938522739754,0.994561503403032,0.983622633657289,0.999579004536472,0.999627872001438,0.999439102799906
2023-07-06,0.999401946032942,0.999889461638329,1.00038948111854,0.999121930297425,1.00174492731063,0.999232418969151,1.00108877926603,0.985571831266931,0.999276177197968,0.998317946996097,1.00054908282382
2023-07-07,0.999821716323805,0.999026133615046,1.0001451323463,0.989782081616846,1.0026558629145,0.99999914288471,1.00072512221161,0.98736934240711,0.999940513555737,0.998635139390268,0.999572686147638
2023-07-08,0.999622677233618,0.99996923053057,1.00141708215279,0.995826241417229,1.00338114757323,1.00012225673917,1.00043127932273,0.994603223855673,0.999629086843731,1.00017374513266,0.999725075875377
2023-07-09,1.00080419249391,1.00107171563993,1.00041283034511,0.995378111650985,1.00157968338139,1.00024228635382,0.997063001109769,0.993841799937702,1.0007443452749,0.999945479622385,1.00017486827179
2023-07-10,1.00010464071657,1.00025166438582,0.996770354826915,0.995789766738295,1.00655870086883,0.999835827561206,0.996394957437046,0.988554304918766,1.00010220782855,0.999875219899929,1.00081652778866
2023-07-11,0.999758459002827,1.00053223801152,1.00154051595234,0.997505502677547,1.00327315965161,1.00009608084266,1.0005203559924,0.98523401965172,0.999950905571875,0.999247951226941,0.999534585454455
2023-07-12,1.00011359072227,1.00033239016048,1.00094783092946,0.983728306821289,1.00124881536322,1.00012627748358,0.998857811356871,0.991319101193243,0.999852718980293,1.00034104572745,0.999742345795628
2023-07-13,1.00049048249147,1.00086416009203,1.00140701480195,0.990558064306164,0.999052788557863,1.00050745157515,0.997528147055976,0.993454053507058,0.999152329231412,1.00339677802965,1.00048432225535
2023-07-14,0.999008057717248,1.00188302753356,1.00070601966474,1.00005806531227,1.00371320312353,1.00039160216417,0.998169124210502,0.991627632992343,1.00145430003294,0.999931512136511,1.00045373879151
2023-07-15,1.00013053115187,1.00060527861185,1.00068870113802,0.982138562389179,0.995606396181674,1.00070663928779,1.0005037939643,0.985527142286941,0.999471531627822,1.00181336031989,1.00023807219433
2023-07-16,1.00012231435157,1.0002356388373,1.00206423977114,0.991794172912325,0.997953280741469,1.00065308844755,1.00113268214376,0.982502848212727,1.00037465807247,1.00121876590272,1.00026939453829
2023-07-17,1.00000348441039,1.00059131699748,1.00228213060121,0.991820232371885,0.998560613983497,1.00054828687326,1.00249797993696,0.985691678243395,1.0001844727058,1.00138450178601,0.998614601485755
2023-07-18,0.999034379104324,0.999635611607149,1.00173293869195,0.999664381263842,0.9999996515112,0.999807187142002,1.00098554612847,0.977491380798512,1.0000250482562,1.00025321567641,1.00013038759253
2023-07-19,1.00088292103336,1.00050228338436,1.00026235466001,1.00127366390379,1.00215491149723,1.00048095198365,1.00034764721677,0.980268109526138,0.999350849161714,1.0018208147795,1.00037030734805
2023-07-20,1.00005088334081,1.00080657639658,1.00183388326127,1.00576400272959,0.998354848160252,1.00029287624565,0.999640282845394,0.978658931441978,1.00068767315012,0.999886920447911,1.00063092019837
2023-07-21,0.999467511710603,0.999523783220511,0.996794528040101,1.00085432480717,1.00310598050666,1.0001992653281,0.999879429749131,0.984688271953585,0.999621865652021,0.999542580067866,0.999397524467373
2023-07-22,0.999596313586824,0.999310231661419,1.00024560430513,0.997978522771268,1.00426878117919,1.00005038229021,0.999210051955811,0.980028428110276,0.999896752025897,0.999528110496004,1.00039767901935
2023-07-23,0.99970613543606,1.00016788877234,0.995156646865252,0.995473186539397,1.00220467038823,0.999749052642201,1.00089299232865,0.979312867904384,0.999854142918565,0.999440878511878,0.999895123007996
2023-07-24,0.999548567491011,0.999912919417414,1.0031859214983,1.00373594015382,0.999455355172041,0.999898413750001,0.998957203910771,0.983367630993612,0.999997679277624,0.999689430515306,0.999840909123393
2023-07-25,1.00016173994809,0.999804768936431,1.00040483984434,0.999630613828072,0.999514724585265,1.00009732958332,0.999042966723301,0.985932972026881,0.999723183490191,1.00016999067053,1.00022664583186
2023-07-26,1.00161517057259,1.00028948270616,1.00058571013048,0.99534681951419,1.00366431624693,0.999606270592189,1.00033688187958,0.986363919131673,0.998404764202799,0.999470725852625,0.999507976806995
2023-07-27,1.00054175771988,1.00110596659947,1.00342202596543,1.00728128853947,0.999693062051346,1.00083260440899,1.0009828300412,0.990941683539242,0.999867641549717,1.00119819254782,1.00111677790723
2023-07-28,0.999957405046355,0.999397807203069,0.997611030848501,0.995473433422212,1.00537402038581,0.999739572533881,1.000406885187,0.995643095566131,0.998451236307882,0.999744450228369,0.999725294517984
2023-07-29,0.999903928227535,0.999718669386352,1.0023163367455,0.998043826262125,1.00092911369023,0.999945384955563,0.999783462314428,0.999023207700495,0.999023248875424,1.00046878316038,0.999558309339228
2023-07-30,0.999495727919211,0.999986107202316,1.0038136112762,0.997368844202709,0.999445696724921,0.999974534784441,0.998189488679182,0.998787815056883,0.998888931364838,0.999718785620118,0.999609631163231
2023-07-31,1.0001022498555,1.00008063340573,1.00110507799273,1.00146147492494,1.00250811863063,1.00023784578569,0.999876523768978,0.99543361505782,0.99865018229635,0.999949423256469,0.999683812954049
2023-08-01,1.0000060964003,0.99987067450994,0.999311628646125,0.999699976690794,1.00072873472136,0.999866830556736,0.999434646368865,0.997798810146759,0.997942347609567,1.00119453811616,1.00069533080278
2023-08-02,1.00254336839683,1.0022717707162,1.00227964180133,0.99945623409499,1.01615598343241,0.999941596094952,1.00107475223982,0.99968233489842,1.00220064225222,1.00923732962063,1.0011128349777
2023-08-03,0.999738115950684,1.00033902037761,1.00067413216154,0.993906141936777,1.00463694044008,0.999241912887552,0.99690488011022,0.995863873917471,0.999795812890255,0.998830528387564,0.999104347194856
2023-08-04,0.999628523479942,0.999279381808734,0.99505654944266,0.983215337617878,0.999568605356652,0.998679853807978,0.99905307046123,0.998532861248382,0.999487328562137,1.0078828065807,1.00011912466752
2023-08-05,1.00042485438913,1.00137796465763,0.996130653539239,0.99791277250377,0.999469586487296,0.998912495470958,0.998682670788455,1.00361235896667,1.00020552149171,0.999861094620468,1.00054025941858
2023-08-06,0.999844276988879,0.999903093067783,0.999531740834103,0.996449899238474,0.999407689030119,0.998986926013881,0.999098270947439,1.00358796364487,1.00002740981736,1.00103637016376,1.00033010326606
2023-08-07,0.999813518473195,0.999311377770445,1.00051063747501,1.00057260107942,0.999917586543206,0.998319841678346,0.999918719611634,1.00053015205052,0.998732564502418,0.999606584755372,0.999869995891865
2023-08-08,1.00007267168402,1.00051263598802,1.00051053514898,1.00539495174848,1.00011016228125,0.998873153300928,0.998899225912446,1.00406918890672,1.00011123846093,1.00100678474863,0.999634802288681
2023-08-09,1.00008480720795,1.0013825832115,1.00080453819619,1.00749017323039,0.998290153728225,0.999945498209549,0.997636856999716,1.00056129817407,1.00037801224868,1.00033400021092,1.00006913561558
2023-08-10,1.0000019535862,0.999861829948553,0.999444825267479,0.986770953048647,1.00123410299637,0.99971200824011,0.999340599859669,1.00020713801082,0.999654471306362,1.00023659933641,1.00012859708849
2023-08-11,0.999861391915614,0.999956712911708,1.00153901001211,1.00233384673589,1.00108742977475,0.998898981430932,0.99804871057013,0.998692825023644,0.998914732164058,0.999757200022468,0.999738430338655
2023-08-12,1.0002693796319,0.999997067244925,1.00564160033382,1.00007106934775,0.999324633068636,0.998937921201273,0.998693325584245,0.995491889167738,0.999300713075701,0.999781884459615,0.999724503925342
2023-08-13,0.999880070972455,0.999951947419296,1.00412441657931,0.999591550255773,1.00027255286404,0.999377198383189,0.998634371758252,0.992164778404437,0.99946183189731,1.00014187310629,0.999729678081284
2023-08-14,0.999980667621826,0.99926180061368,1.00377316356649,1.00241647138486,1.00422752950869,0.999383639327044,0.997449721805406,0.995955397197356,0.998714099667105,0.999493997920975,1.00015046247042
2023-08-15,0.999688442511062,0.999894516284377,1.00557837564562,1.00012770574078,1.00328857856406,0.998712649259746,0.997115334589027,0.997119286906124,0.998379939608105,0.999689649962108,0.999848973412744
2023-08-16,0.999974793859185,0.999627128919408,1.00051477053509,1.00199768641059,0.998742144803436,0.998893430293958,0.996483581607695,0.995166857012901,0.999125829359704,0.999974157441339,0.999731006605509
2023-08-17,1.00093917181657,0.998966834665312,0.999294511986436,1.0022963457971,0.998055105766815,0.999750119508866,0.999681830028962,0.999395374836706,1.0005485617636,1.00036051125311,1.00065233339141
2023-08-18,0.995522475298744,0.997125958456841,0.999017273983608,0.99778114945234,0.983874920732891,0.996174430715599,0.993890878307866,0.985637218924419,0.993846953515413,0.99718469295005,0.996423635900709
2023-08-19,0.999658039787443,1.00122323984956,1.00119904294186,0.996495864952432,0.997646330398116,0.999380820968805,0.999105360823058,0.9908411790278,0.999701525743449,0.999967975749388,0.999997441073618
2023-08-20,1.00050439168872,0.999860039156753,1.00188535631391,0.996370542899393,0.995140866361704,1.00024323741473,0.998832251336056,0.991006946443552,0.999877279382445,1.00081225347259,1.00012105093468
2023-08-21,0.999292763390178,0.999270308892638,1.00104005590121,0.998144371926901,0.997998037876026,0.999207841172059,0.99806941546933,0.992164743663716,0.999000550963841,0.999109955059953,0.999752685073623
2023-08-22,0.999316986885744,0.999902454650582,0.999938458640292,1.00385941651708,0.997353555618708,0.99983214905944,0.998511604023838,0.988157422767605,0.999264805369177,1.00167535221838,0.999806357432475
2023-08-23,0.999795499885419,1.00099466624987,0.998692182513767,1.0006105564131,0.995468572425631,1.0001995267368,0.99976780412395,0.991654070764033,1.00101174110431,1.00112832134973,1.00035147001239
2023-08-24,1.00029056284836,1.00033768132571,1.00427617476382,1.00503213829182,0.994202603061226,1.001008252152,0.999449068052026,0.995041044778008,0.999450048744474,1.00126329390672,0.999756530095389
2023-08-25,0.998997249043299,1.00075221617335,0.993055845642574,1.00137764203216,0.998553602120008,0.999269737376739,0.998672966712088,0.994619079245603,0.99999321783707,0.999112772226012,0.99893140926239
2023-08-26,1.00038311996767,1.00003940885621,0.998554686697706,0.99678098049199,0.997957009562958,0.99950115086061,0.999770985850241,0.991315229213265,0.998637399637104,0.999651330938647,0.999989638328904
2023-08-27,1.00003172379204,0.999764430406516,1.00120971633262,0.997003384127283,0.997044525914018,0.999656163174702,0.998689717294613,0.992282429674396,0.999090972047727,0.999291066437118,0.999936235665687
2023-08-28,0.999858638723334,1.00003110578334,1.00433258055868,1.00220152565123,0.994214986919991,0.999498423716438,0.998843582552678,0.990827736368673,0.999049316937996,0.999629061370399,0.999700685202343
2023-08-29,1.00020597771437,0.999930466077333,1.00151666740994,1.00064572089242,0.995268293819282,0.999580241290934,0.999212719753188,0.989178171587434,0.999150778945141,0.99982617333679,1.00016226931287
2023-08-30,0.999759831835506,1.00007906695654,1.00033769437357,1.02247928867714,0.997508274589341,0.999913100598656,0.99981733384946,0.986595183992984,1.00201729206437,0.99987298853703,1.00101065454719
2023-08-31,0.999763554281234,1.00004731746031,1.00003898345338,1.00949551498133,0.997825407898098,0.999715112912725,0.996839005704071,0.989179848949316,0.998905816010938,0.999935889072441,0.999811796081421
2023-09-01,0.99924642756422,0.999013347741516,1.00050092339434,1.00668646079824,0.996796597713802,0.99965511991545,0.997563990256181,0.987183864617055,0.997206354390672,0.999930791428763,0.999243052765852
2023-09-02,1.0014391982205,1.00002791629788,0.99969459399225,0.999194437109233,0.993702216844692,0.999407830986886,0.999728837753673,0.985249346766286,0.997699191129149,1.00054488915185,1.00055250657227
2023-09-03,0.999886659840194,0.999949362279032,0.999448695213308,1.00147397095437,0.991927455091998,0.999680400944084,0.997583132590691,0.984519782572756,0.998068880652284,0.999819160279143,1.00003049556166
2023-09-04,0.999770372229186,0.99966257702671,1.00021615040834,1.01044174652362,0.992793149590001,0.999607445561563,0.997767658481577,0.9869977785477,0.998116647678297,0.998932430297672,0.99967085396902
2023-09-05,1.00019113046457,0.999588067409089,0.99987977823008,1.00338747913845,0.994876431805504,0.999522002834688,0.998240479833754,0.993308080262682,0.997887833856176,0.998386024307632,1.000114755752
2023-09-06,0.999759074740826,0.999655627540678,1.00033630124676,1.00146843935534,0.997969052320207,0.999530226920746,0.997834267614385,0.992738743445075,0.998163360005383,0.999911926982899,1.00010789032918
2023-09-07,0.999728468771731,0.999691461370361,0.999601903292715,1.0090326673863,0.99733291836024,0.999304019812141,0.997297448556533,0.988111488527234,0.997937819797666,1.00007912514738,0.999793252737404
2023-09-08,1.00063944724792,1.00086922871968,1.00135383276502,1.00890389150453,0.999113839002074,0.999928745019248,0.997693607108962,0.989774006149578,0.997684089531341,1.00030177908411,0.999282456063986
2023-09-09,1.00016972028937,0.999971964816562,0.999358119328747,1.00306977887634,0.998057270436989,0.999998239949562,0.99597178435522,0.987814806656238,0.998413949225459,1.00033241224482,0.999989058992893
2023-09-10,0.999784858204847,0.999848455482102,0.998217628018419,1.00302077874605,0.996716389031977,0.999619406557083,0.998551273953422,0.985728504544229,0.998078688184904,0.999823473150523,0.999099860324118
2023-09-11,0.99974294858562,0.99984892657755,1.00036073364017,1.00284501994013,0.993908979560452,0.999657219569114,0.999576519890164,0.985096066525719,0.998414666902053,0.998516936851732,1.00011656495285
2023-09-12,1.000239404691,0.999951913952079,1.00127282650747,0.998868606092663,0.997899021631766,0.999701056882346,0.999677431171547,0.991381277157997,0.99754939342592,0.998298338077416,1.00026680099228
2023-09-13,1.00039908763506,1.00070077732368,0.999032195783976,0.9988757527346,0.999950173951232,1.0008352580001,1.00094322749638,0.990418118631739,0.99882514073881,0.999862259701548,0.998807984013378
2023-09-14,0.999943963912373,1.00048649940251,0.998971710851095,1.00618362407217,0.998768889215121,1.0001464549773,0.999086080059605,0.990212611047622,0.998579580965443,0.999493456247744,0.998376278169346
2023-09-15,1.00012517339088,1.00007566036229,0.997796430087821,0.998211180047522,1.0006818710286,1.00006696176828,0.997929044098661,0.987520184531412,0.998158555966216,0.999053435317741,0.998383180536442
2023-09-16,0.999124338223951,0.997789541627674,0.998524032912431,0.999267419323527,0.997992300363588,0.999894627688143,0.998338748406618,0.994958818018596,0.997766817748495,0.999321820538806,0.999650646261105
2023-09-17,0.999573398898241,1.00026283883873,1.00051483198335,0.997869035496121,1.00004799076722,1.00017097155457,0.999502863216382,0.993302605712279,0.999459667890067,0.999637600671875,0.999763656089856
2023-09-18,1.00026722482015,1.00112078296039,0.999607994462529,1.01012133904059,0.999424791267988,1.00024868729455,0.999333972017344,0.991703531660538,0.999503271228648,0.99881836160567,0.999965892453366
2023-09-19,0.999527234875606,0.999644977348265,0.998869549398022,1.00515980079207,0.999800290760826,0.999955056279049,0.998912310155095,0.99204178587293,0.998973827021694,0.998527079353595,0.999449581329852
2023-09-20,0.999695928555218,0.999987349127794,0.999997281981952,0.999257814957238,1.00153029668627,0.999854991741839,0.998936247008105,0.995234681645281,0.999692017096003,0.999271569119331,0.99937398163263
2023-09-21,0.999421291637489,1.00006901156165,0.999521974933698,1.00180811951692,0.999327989339055,0.999429372177092,0.997336788821654,0.998291661873297,0.99820230084523,0.99910969018886,0.99972146342738
2023-09-22,0.999586998390594,0.9995492943356,0.997414087732757,1.00314938400219,0.998264709725255,0.999809643816848,0.998105609986944,0.9922583170836,0.998607653421099,0.998396976876806,0.999049528986139
2023-09-23,0.999950911926754,0.99968392681348,1.00127248713184,0.995836961721595,0.998108268406611,1.00011541414438,0.996876382303812,0.992644760336408,0.99822177278188,0.998987009726811,1.00017857955523
2023-09-24,0.999779734560498,1.00010326222139,1.00008201271859,1.03505085770127,0.997354929834361,1.00004542969726,0.997096253179564,0.993488273059947,0.998522114656025,0.997832462606132,1.00045303520541
2023-09-25,0.999732581620604,0.999767086190233,0.999426230537498,1.03728858720498,0.999550256492372,0.999999695651231,0.998418316370078,0.99507881230084,0.997840677182,0.999830358584112,0.999364558823656
2023-09-26,0.999992076456962,1.00001061968158,0.999158931362339,1.00164624528972,1.00135981183573,0.999781805483817,0.999161257053273,0.997412035525984,0.998470683572727,0.99933962203883,0.999905743668123
2023-09-27,0.999608366128873,1.00014624103385,0.999097171744708,1.0099110754341,1.00242576509867,0.999532157128734,0.996590279898999,1.00204354390207,0.998299665404478,0.999779704972238,0.999366583414671
2023-09-28,1.00020035834545,1.0004263413754,1.00057594470802,0.995987662086963,0.997746990612126,0.999394331785669,0.997334865300995,1.00356576064246,0.99803934679321,0.999488473765252,1.0005956465344
2023-09-29,0.999585731688802,0.999770145401333,0.999892971679336,0.994825956744596,0.997051440147794,0.999652662997051,0.997686171931114,0.999936282539015,0.998094766302785,0.998774428169727,0.999321303502336
2023-09-30,0.999965134594048,1.00003530393015,1.0000653320664,0.996787630939286,0.998810974250683,0.999861706734984,0.998602890364471,0.996135545693508,0.99863880102103,0.999080213060326,0.999838991390614
2023-10-01,1.00006158556174,1.00019468376502,1.00028944304676,1.02699626423291,0.998961305263482,1.00008155362492,0.998631546150826,0.998321900011701,0.998613704631242,0.999940671655409,0.999682365270786
2023-10-02,1.00078049450958,0.999779819180726,1.00031846092826,1.00807613251305,1.00094614819112,0.999755166090155,0.998137597803208,1.01911888326477,0.999366528169892,0.999771291472401,1.00139580919625
2023-10-03,1.00072680735753,1.00013962580133,1.00034195247855,1.00312158694051,1.0030861894586,1.00009616099526,1.00071035995702,1.00541511474713,0.998587926019026,0.999023608561349,0.99863149543615
2023-10-04,0.999900060451168,1.00014091424368,0.998486755259599,1.00019978107626,1.00015275112766,1.00023505079551,0.995649276273779,1.00415008345016,0.99823188501272,1.00007702035679,0.999189568519882
2023-10-05,0.999759949965522,1.00017754449755,0.999469337998419,1.00586723032935,0.998351904328701,1.00006644338232,0.997307531379646,1.00702775807866,0.998961271867406,0.999030909150487,0.999237119218382
2023-10-06,1.00039713253288,1.00000692271168,0.99879713845113,1.00148184370712,1.00029890867104,0.999769664808013,0.995500446273243,1.0035689040247,0.999628275410986,0.99881190111036,0.999596882822951
2023-10-07,1.00016148616281,1.00064200770963,0.999210367557904,0.999469577539628,0.998533990940576,1.00095526945002,0.998330119176228,1.01139564165711,0.999890939417855,1.00030990446556,0.999451045512447
2023-10-08,1.00018904606212,1.00046248639406,0.998871903494912,0.990885461263713,0.997735208703532,1.00075362642221,0.996605244460593,1.01891277270201,0.999802411602828,1.00018084043565,0.999886648920794
2023-10-09,1.00028724226381,1.00146093308803,0.998351321005869,0.998659584591667,0.999865018982842,1.00059766509589,0.996816347288326,1.00722085361091,0.999870086271173,0.99983793050575,1.00027802698557
2023-10-10,1.00001306094492,1.00029498237593,1.00107837017857,0.995615787790601,0.999631339883567,1.0001339640139,0.999467142424762,1.004224108076,0.998575985989714,1.0001896242647,1.0004812941714
2023-10-11,0.999808042897926,1.00023101538191,0.999737842735049,0.99826142830403,0.996631834501554,0.999980129475323,0.996096685712649,0.996189630175182,1.00030271515162,0.998519463691586,0.998589219525544
2023-10-12,1.00008554992042,0.999668725557844,0.99964634480091,1.00280985305228,0.997072988517913,0.999543653373747,0.997518280764478,0.997365188449863,1.0003961591931,0.999895558135608,0.99977129708071
2023-10-13,0.99940490296297,0.999821341082785,1.00012535575081,1.00504492437063,0.997649719433172,0.99950142127309,0.997429310384975,0.992243996323731,0.998741015631746,1.00027111153059,0.999346080739007
2023-10-14,1.00005860813533,1.00026232276547,0.999359019849412,1.00085364338567,0.998277018617959,0.999720602641409,0.995311728368438,1.01515272581484,0.999129484100561,1.00025484174855,0.99995186523929
2023-10-15,1.00011147285006,1.00032761095134,0.999656014883834,0.999599311655399,0.998420321868034,1.00019312490899,0.99624593743195,1.01662150862723,0.999567147857663,1.00043324397264,0.999667826735058
2023-10-16,1.00002808127905,1.00079915873708,0.998215803223918,0.995050342717087,0.999356962475828,0.999833610830776,0.99633646644795,1.00129077231053,0.99915447062418,1.00048597074342,0.999618869147092
2023-10-17,0.999726438371534,1.00062942733659,0.999267257720076,0.994762773019504,0.999164965615076,1.00062534520767,0.997393442799496,0.992593960544709,0.999637949085137,1.00078594487232,0.999591643122267
2023-10-18,0.999820296542753,0.99956353630846,0.999089308428071,1.00315847333017,0.999876672741127,1.0004255371947,0.997759490479488,0.987112051679075,0.999044691828542,0.999700850665395,0.999003079948308
2023-10-19,0.999961309292733,1.00054260640598,1.00004162424717,0.997244043607067,1.00652900716061,1.00021245668658,0.997880479416378,0.996448442912442,0.998388584748895,1.00016977995928,0.998810217164849
2023-10-20,1.00122757784739,1.00216039408448,1.00021111743589,0.99854242177719,1.00380385494078,1.00069359861386,0.997111354108485,0.988760598737138,1.00025226352206,1.00082215293641,0.999656232425535
2023-10-21,0.99886813089913,0.999430406822831,0.998316104423706,1.04067417569211,1.00103495692976,1.00025963289632,0.996233226156524,0.990480145831075,0.999267449873419,0.998879632115608,0.998829107403665
2023-10-22,1.00092646012966,0.999965637737888,0.997568761643484,1.00361099948255,0.999262775094525,1.00037127302845,1.00088827573734,0.990248282974433,0.999792205932103,1.00032667760565,1.00023646548441
2023-10-23,1.00062427275221,1.00050429610261,0.995933271523676,1.08312798159783,1.00208657935839,1.00082694203901,0.999877254676767,0.993904389283278,0.999543872818424,1.00073704481251,1.00008426273662
2023-10-24,1.00037169704318,1.00005670454378,0.998152426839719,1.00586318892137,0.999411130219487,1.00132379823118,1.00115825205206,0.99485021555249,1.00301707182208,1.0006960244623,1.00071692982657
2023-10-25,1.00077066531081,1.0008332467672,0.999948972944751,1.00272730756025,1.00324484709735,1.00015415741432,1.00197998632927,0.991811183322706,0.995977672026002,0.999783240181661,0.999765650751792
2023-10-26,1.00004460568292,1.00007092265355,0.999360446682202,1.03445271449506,1.00439620856149,1.00057732867583,1.00087645488177,0.985382568712536,0.998117306926038,1.00043334856422,0.999263973114057
2023-10-27,1.00034632491988,1.00035364711634,0.998140832998375,1.00052731720298,1.00101228638802,1.00053203402762,1.00056586931226,0.989706174689238,0.998897683197086,1.00031693965678,0.999162298647142
2023-10-28,0.999849950065025,1.00129677478236,1.00004617586052,1.00023252962775,0.999623858856061,0.999605175490911,0.99946687281249,0.999945410443263,0.99922636591652,1.00006870545904,0.999389841644258
2023-10-29,1.00008401762618,1.0019270062217,0.998980691748758,0.997726606449575,0.998042355399853,1.00004883467419,0.998801119192144,0.999892970436567,0.999839599028108,0.999840032649569,0.999107546930206
2023-10-30,1.00239051140201,1.00205198669792,0.998165622222655,1.02057121419473,0.997124201207469,1.00058906601025,1.00071687527876,0.992119859898535,0.999112496300333,0.999885486222767,0.999807643192772
2023-10-31,1.0000805458612,1.00060653286267,0.999988930993131,1.00172016417798,0.998845325111707,1.00058359327151,0.998232966984189,0.989897139399024,1.00010294430414,1.0004002311648,1.0002010967031
2023-11-01,1.00037559510936,1.00071408070966,0.999606547109555,1.00457383840833,1.00229519381661,1.00074486400704,0.998766604240185,0.992504065182895,0.999945540843443,1.00076650799579,0.999177208247153
2023-11-02,1.00028445175974,1.00040031581966,1.00012223410762,0.995438586882096,0.995658688254276,1.00044789356219,0.998685493243515,0.989231037813052,0.999945907480487,1.00060231632032,0.999492113339801
2023-11-03,1.00087693734639,1.00264521050219,0.99990688773771,0.992203604591037,0.993765578297727,0.99991188053864,0.99935083491104,0.986169569473764,1.00068284781562,0.999921683072671,0.999947447242351
2023-11-04,1.00000524625628,1.00092874045827,0.99915237650894,0.996445721997503,1.00427222109694,1.00041900584724,0.99793302711222,0.991605050434202,0.99996465879966,1.00063065115641,0.99936790965502
2023-11-05,1.0001442880424,0.999658717996784,0.99856827318394,0.999033356876083,1.00049875361201,1.00034844882547,0.999029504450086,0.98965148251995,0.999974962423452,1.00014249441526,0.999073116344396
2023-11-06,0.999393425217277,0.99952124188673,0.998429322000904,1.01181250224178,0.989368993358126,1.00050945628133,0.998547570824009,0.9830897911116,0.997774861168821,0.9989201591216,0.99988528456264
2023-11-07,0.999770286204598,1.00089946453201,1.00103408429524,1.03544287900967,1.00025326161178,1.00066991090692,0.997779406495489,0.993932409156662,0.999695788429592,1.00081515059212,0.999038709231273
2023-11-08,1.00051088650404,1.00017882610439,0.998514796033111,1.03209008762609,0.9952210112454,1.00070862202872,0.998186421464877,0.993417153216586,0.999426925472592,1.00040392689244,0.999943354382434
2023-11-09,1.00018283323642,0.999212945816624,0.997975685084623,1.00025025031471,0.993188663528235,0.999611637847835,0.997505867885411,0.991532823111165,0.99577795175465,0.999605250613913,0.998756502057091
2023-11-10,1.00090418857831,1.00109690779299,0.998901847819369,1.00671843554251,0.995212756604187,1.00046011639378,1.0017286315625,0.996477431275405,1.00059848064934,1.00145416527204,1.00040118989588
2023-11-11,0.999751580507855,0.999254739362982,0.998097439355399,0.99431365433536,0.998474575890795,1.00034269619045,0.999378849420653,0.984535516088106,0.998584825862598,0.999005224929783,0.999218645649949
2023-11-12,1.00044966843979,0.999780151383673,1.00148509545817,0.994964651791597,1.00391782437481,1.00107563568957,1.00146355087968,0.983768196154445,1.0026711459641,0.999437772399509,1.00118652923482
2023-11-13,0.999808594667241,1.00156381817108,0.998939207801244,0.997550204914196,0.999064889909705,1.00042648648181,0.999574441647028,0.991195661495481,1.00130285528471,1.00028738997754,0.999864651467437
2023-11-14,1.00015075238339,1.00105233296859,1.00029421221198,0.982326827671329,0.995204620866483,1.0000993526878,0.998447458159799,0.991450567804685,0.999700526233359,0.999724141375286,0.999681196677759
2023-11-15,0.999470806871562,1.00001758924981,0.999372541308104,0.999000955016595,0.989998295617267,1.0000625446476,0.997650374512896,0.982476034932523,0.997299618997901,0.998487505054636,0.998739516107309
2023-11-16,1.001377982952,1.00345215166695,1.00056909991365,0.997908976679255,1.00437782787908,1.00076107538191,1.00064847813542,0.986957035714752,1.00170492334982,1.00089320149236,1.00085819001933
2023-11-17,1.00041504136848,0.999857825116183,0.997832704784512,0.997496593845455,0.997072140959157,0.999987618229422,1.00011814686934,0.983301991341505,0.998912068862867,0.999509051033662,1.00036523574576
2023-11-18,0.999502604428369,0.999530117591018,0.993665537327387,1.00212060207543,0.997891457256021,1.00018119277834,0.998833070898122,0.98802933863578,0.999161995589844,0.998649383242561,0.999625140480877
2023-11-19,1.00026775217286,1.00006558136449,1.00054480642536,1.00117655057072,0.998656351357864,1.00076695211766,0.99865981532603,0.985026113685842,0.99921556191514,1.00037321575012,0.999006001730742
2023-11-20,0.999115170193732,0.99830581918822,0.997191445852494,0.992839172495203,0.991706195991694,0.999726160731128,0.998881313449996,0.990885125991599,0.997787290802984,0.999959884456387,0.999127192183113
2023-11-21,0.99968465711603,0.998899345063614,0.997866079812896,1.00195744734733,0.993533776775183,1.00044619042341,0.99880511748417,0.986633308766694,0.999233102310323,0.999404043285824,1.00004367182401
2023-11-22,1.00057851812363,0.999222379772919,0.999523847860254,1.00245998667903,1.00364994902989,1.00076262432449,0.99491262480908,0.989036126462608,0.994674631480242,0.998152713828713,0.999138265340111
2023-11-23,1.00018470624104,1.00043279937443,1.00002293762882,1.00286240135056,1.00251844099336,1.00062446386285,0.99360946752481,0.994519037866867,0.999401202377091,1.00008760969993,0.998820101997544
2023-11-24,1.00013657204757,0.99948139140742,0.998757072826321,0.996816709796013,1.00082821018623,0.999878145007394,0.993081869186256,0.992119021729862,0.998844719571366,0.999803097942957,0.999583961108417
2023-11-25,1.00027536073252,0.999846016331147,0.999541227931816,0.999353533113828,1.0003704134348,1.00103859322634,0.996822998027452,0.995863091401313,0.999139137263409,0.999874023005018,1.00072283482801
2023-11-26,1.00064247227391,1.00061584645719,0.998487229459474,1.00177498767145,1.00218728274814,1.00051646239695,0.996680864028304,0.993969245390036,0.999386644622978,1.00004051459978,0.999208265312233
2023-11-27,0.999783692674685,1.0001834256142,0.999214964467603,0.999377185377727,0.99717531782631,1.0001890248485,0.995544725512855,0.986301994087389,0.997477306386754,0.999994685693866,0.998259498257523
2023-11-28,1.00069997161166,1.00070943178842,0.999994015851017,0.994027781794294,0.995577018864837,1.00065524071653,0.994873299188365,0.991850104302215,0.99805967173368,1.00008632543291,0.997854138045749
2023-11-29,0.999747443334761,1.00083096792955,1.00007576062006,1.00077802639772,0.99471885449555,1.00049759367429,0.994963898009377,0.992711445542476,0.998025862839626,1.00007085084248,0.998523922202997
2023-11-30,0.999418767560538,0.998427016612312,0.99881386423648,1.00587343805578,1.00281181815415,1.00001192222974,0.9955392711934,0.993549124899968,0.997000032736806,0.999212844918336,0.997305231144466
2023-12-01,1.00004812508588,0.999918428401421,0.998067609842156,1.00105647538431,0.997563632878998,0.999617278098117,0.99715458242213,0.988780255118838,0.998622862253704,1.00012453236887,0.99957209008318
2023-12-02,0.999797626533467,1.00034435325243,0.998902427867762,1.00012367131624,1.00178143760571,1.00055945211672,0.997500438398885,1.00275649820233,0.99913896399812,1.00037267467455,0.998790025131266
2023-12-03,1.00025072795911,1.00005667172973,0.998058817557022,1.00066416362479,0.999904110561791,1.00069016822048,0.998692679742694,1.00014320676178,0.999486901184137,1.0001980121457,0.999371203342305
2023-12-04,0.999158465520155,0.999588071201119,0.998308179858296,1.00017233149572,0.992229576481195,0.99989359049167,0.998416735226762,1.0081919114963,0.999928227686536,0.999855130180377,0.999344760774288
2023-12-05,1.00061268375578,1.00178923510416,0.99819307924043,1.00378157605726,1.00010877653857,1.00022915347112,1.000109927155,1.00090466307753,0.997788762758119,1.00050806643871,0.997168843449716
2023-12-06,1.00014334206816,0.999792321935639,1.00095868530206,0.996967646428999,0.998071351021346,1.00009472417122,0.998806656332551,0.995770507842649,0.999119639936926,0.999977349782399,0.999302355111034
2023-12-07,0.999472813765537,0.999870168956386,0.99997255052727,0.996731928478099,0.999789224192307,0.999585741198098,1.00108658818469,0.986646134593779,0.998178852510826,0.999017409846762,0.998548915629131
2023-12-08,0.999851006890028,1.0009533414495,1.0002437003903,1.00194403982721,0.996753796908744,0.999932568056819,1.00257628505527,0.993791708803566,0.99737453763529,0.999194865576815,0.998801348647406
2023-12-09,1.00052101755279,1.00019095213197,1.00022761493031,1.00088720582556,0.997492383683753,1.00104776359532,1.00285325732781,0.987983928909778,0.998934699200148,1.00110106832015,0.999383522551417
2023-12-10,1.00081801986654,1.00012504351671,1.00048839751787,1.00098575637659,0.99395056948263,1.00103115281033,1.00213576232139,0.98089698394434,1.00023657343991,1.00061306209665,0.999578844818979
2023-12-11,1.0002616605555,0.999628895724666,0.999122869151924,0.987947080174393,0.998430394356292,1.0002147832877,1.00004194739041,0.99905441491186,0.99928596126334,1.00030311647186,1.0002051576331
2023-12-12,1.00084103532733,1.00022378640004,1.00089882540503,0.994196983758286,0.997658197271339,0.999594030453586,0.99506777521412,0.990082729162389,0.996854686091328,0.999643018704171,0.999331829138488
2023-12-13,0.999506565674596,1.00309223584884,1.00174108385644,0.996299422520977,0.995557709634048,0.999058463939966,0.992904055073516,0.990705055983821,0.997708953089678,0.998814865443237,0.997904618698221
2023-12-14,1.00050811146768,1.0011398371501,1.00278566020246,0.988833579493689,0.993175874088372,1.00024508020676,0.998350499340999,0.987388813909783,0.997586860211995,1.00013923474838,0.999105637983363
2023-12-15,1.00031800740185,1.00181247522303,1.00211807118103,1.00515048135365,0.996081697103374,1.00028389776505,0.998694371959244,0.986981314720309,0.998041013253798,1.00002544048284,0.998493844982849
2023-12-16,0.999972958051093,0.998653638084288,0.996162931500706,1.00071282752333,0.994153078277629,1.00039236969814,0.994639622774432,0.979763887693563,1.00058080082665,0.999322559833496,0.998163834801037
2023-12-17,1.00087140279687,0.998598096064015,0.99959136979143,1.00108313558003,0.995301303396119,0.999841810309405,0.994922540038151,0.976600299357894,0.997576212894716,1.0008934324322,1.00057281018395
2023-12-18,1.00050027466669,0.999079101977861,1.00002315548749,0.999844047313974,0.992914264239005,0.999337797306415,0.993960000926968,0.988059190016665,0.995942804867092,1.00014436019239,0.998710225978694
2023-12-19,1.00040721066135,0.999410909285504,1.00014974015557,0.995366457116471,0.9957131072571,0.999768178781641,0.995829542363609,0.991893316961239,0.999953968256723,1.00070770161044,0.999154621098506
2023-12-20,1.000475867307,0.998444296506275,0.999047432810819,0.998755148692936,0.996986949455717,0.999857495682859,0.994991499566139,0.993374014563582,1.00054212924627,1.00024185663039,0.999577234533133
2023-12-21,1.0000073464072,1.00232320401676,0.999775901650674,0.995097924277234,0.999106452468705,0.999983239100936,0.992281354727384,0.990268349982682,0.999995436469825,1.00066229056693,0.999647789442756
2023-12-22,1.0004979573044,1.00037284366555,0.99761972064826,0.997201601200954,0.996663078060179,1.00010569889079,0.993279743946837,0.987041554820991,1.00102934706579,1.00083933539368,0.999468312313604
2023-12-23,1.00013645031885,0.996522530671227,0.997289498611319,0.998865514650872,0.999607987066506,1.00071618203473,0.991564547517465,0.987290545862274,1.00046381273821,0.999290143720318,0.998670992800541
2023-12-24,0.999769255966827,0.996316121459065,0.998940371059836,0.996030177286991,0.996180661921749,1.00030475123892,0.988792902318676,0.986226354281747,1.00020748367391,0.999824545083135,0.998908716983831
2023-12-25,0.999054650512035,0.998114651511399,0.999493577480705,0.998050333484829,0.993501439690959,0.999608558559507,0.991897297016561,0.986488080676425,0.996955043587317,1.0000167518487,0.99811082482119
2023-12-26,1.00051136834263,0.996727461581491,0.998688718692508,0.994525242901595,0.996445251616448,1.00022653394132,0.998964253891208,0.988117082489546,0.998260919058157,1.00023579362727,0.999040881928872
2023-12-27,1.00076018087646,1.00021149166335,0.999117133384008,0.991048040514675,0.991050372485686,1.00044192725929,0.994899766244502,0.987661842917214,1.0004603854662,0.999831815220015,0.999234145651123
2023-12-28,0.999808232789599,0.998000320409665,0.999349256177748,0.998171572652325,0.996354888980071,1.00009832859235,0.994159332793052,0.988441357997661,1.00081645832771,1.00041952146052,0.998838553117847
2023-12-29,0.998520856865964,0.99227475479907,0.998373492918779,0.997641844734876,0.995735791448255,1.0000876642713,0.986695860066001,0.992201419461428,0.998375262263058,0.999696580719073,0.997974520052029
2023-12-30,1.00100153921977,1.0056700692402,1.00023427664625,0.996881226899702,0.992091132164744,1.00024209979445,0.989166696295338,0.987550204273846,1.00091504781684,1.0016030362246,0.99935439556549
2023-12-31,1.0002495267884,1.00011676213781,0.997995165985389,0.991655990259329,0.988150335983643,1.00023158955193,0.993457721872727,0.983391516788416,0.9994535279839,1.00066991530266,0.998466974596312
2024-01-01,0.999262039575949,1.00367652162595,0.99568322401584,0.990893317823992,0.986036702272389,0.999462977371656,0.989619104488019,0.982253598986598,0.996675172083122,1.00002700340381,0.998417608069112
2024-01-02,1.00126128273605,1.00262051829104,1.00012762665255,1.00188247175265,0.992270878523295,1.00090903422304,0.992299123425616,0.980668345527052,0.999251790189378,1.00189948743857,0.999666136029751
2024-01-03,1.0021169087948,0.999749321193298,0.99670067377538,1.00405947256227,0.997714274317858,1.00202368581724,0.991143186986128,0.991743555017312,0.998181422771606,1.00242445221099,1.00009437841857
2024-01-04,1.00043053429417,1.00245299457454,0.999331399169908,0.992397616037154,0.997386435815888,1.00092408382176,0.992979450125842,0.985229927073258,1.00102696426298,1.00005507806413,1.00031363224462
2024-01-05,0.999865589743864,1.00227032297281,0.998402112773551,0.999781651053664,0.997147303651168,1.00081267964122,0.994498426794494,0.992037453293183,1.00105714017281,0.999120055750022,0.999283448112437
2024-01-06,1.00050512301673,1.00264140656032,0.998468629279698,0.999411674623574,0.995669071290998,1.00069990180306,0.992470778501415,0.992357115295927,1.00105844171114,1.00046647818045,0.999759413421165
2024-01-07,1.00069839244323,1.00519214668609,0.998477025365898,0.996880643032117,0.996246582459484,1.00054227416866,0.990260953094119,0.990113275934534,1.00057904837036,1.00028461355363,0.999958089639769
2024-01-08,1.00206085420169,1.00215561427034,0.99997326602226,0.995164460410359,0.996915399164493,1.00182449570178,0.993444014781289,0.996449593161593,1.00093602083098,1.0012916208504,0.996983038907508
2024-01-09,0.999866409706461,1.00065044334519,0.997524273024269,1.00091290678293,0.997944788070779,1.000505964338,0.991090801223626,0.985929944167299,0.996693886170968,1.00020336846582,1.00070628661952
2024-01-10,0.999725176146972,0.996768205248245,0.998920208252926,0.99972412215114,0.999511889084247,1.00021549190101,0.991207626645879,0.989016027216835,0.995848761138993,1.00040088174974,1.00106136885487
2024-01-11,1.00031987954191,1.00176617501206,1.00065395618121,0.999560015670584,0.997041993538574,1.00003432831567,0.99804520705672,0.984818498459005,0.991946502075212,1.00036614273361,0.999654518346956
2024-01-12,0.99927907869047,1.00101276370149,1.00170084754587,0.999040967442376,0.996536609078108,0.998779804520694,0.990988357435964,0.984326441024991,0.997735958307939,0.998731307832006,0.998425654766144
2024-01-13,1.00206035419155,1.00201404195384,0.998297170367047,0.997051547462442,0.996015008899396,1.00115019045779,0.997701621604558,0.992777548907284,0.99667448977153,1.00096436271295,1.00069270881011
2024-01-14,1.00050786123962,0.99658993705041,0.99918860487662,0.996563377187088,0.998287665103011,1.00068540515274,0.991810915249356,0.99033910997674,0.995045715944623,1.00077926708889,0.999901635358149
2024-01-15,1.00023841773428,0.997885295211237,0.998905939140492,0.998162826957195,0.995841169635239,0.996099912935444,0.99559671206005,0.98062359862024,0.993644269385616,1.00098044978906,0.99489745261948
2024-01-16,1.00075821904651,1.00661245170066,1.00114151141932,1.00443140170368,0.99918200624541,0.999896867073416,0.992104157098356,0.999358533147239,0.987989249608724,1.00041277362835,1.00055199347103
2024-01-17,0.999890076561177,1.00190066592255,0.997223925880301,1.00126764060772,0.99905271581652,0.999884648298946,0.991601790733605,0.99484372094515,0.988775374942877,1.00034609617602,0.998145165520686
2024-01-18,1.00022251105929,1.00119528015943,0.99928531629289,1.00216071661732,0.998431466599628,0.999528259892311,0.991623400166232,0.995562040166942,0.985420218957231,1.00050147246808,0.998321458126677
2024-01-19,1.00009295334974,1.00262598664774,0.997897412879765,0.996857458052356,0.996502176310038,0.999013029635284,0.993372059483856,0.991996049525504,0.98629991468473,0.999736939208666,0.99837071045128
2024-01-20,0.999842382238019,1.00385218520407,0.998383317522474,0.998456659549803,0.999539010251868,0.999327955438064,0.997178224730797,0.990646301213319,0.985600732416483,1.00015005600012,0.998691429759862
2024-01-21,0.998818301619292,1.00139660753241,0.999074565169821,1.00339002123379,0.99930936798546,0.998815395577921,0.999129351424149,0.990760911743208,0.988738202129772,1.00067251565279,0.998709651040929
2024-01-22,1.00031838277386,1.00079941323632,1.00028118854136,0.999143225245626,0.997058149509616,0.999102272749655,0.996712766075214,0.991167313950472,0.987966114208174,0.999904747301895,0.999761252283536
2024-01-23,0.998148136551344,0.998556023544071,0.998300119710848,1.00425442770574,0.99629578677878,0.997160008863973,0.994602989782041,0.986172915324444,0.980543412840141,0.9996673247846,0.996854645075059
2024-01-24,1.00179639578667,1.00232715846242,1.00030640572212,0.995179912149445,1.00575699588862,1.00057266344924,0.999514473949995,0.989189443037769,0.986355505447598,1.00073615645463,1.00096048736751
2024-01-25,1.00040150251355,1.00208699102036,0.998551661339717,1.0047981062944,1.00281761526119,0.999236969374404,0.996435572017315,0.992272879931506,0.985817116636023,0.999297691248548,0.998913923324217
2024-01-26,1.0009794080708,1.00039208229673,0.999207715257936,0.997527521400617,0.999885201636383,1.00011115690167,0.996967274726557,0.99093534034171,0.983169248386523,1.00012963231224,0.999439725718298
2024-01-27,1.00036958491973,0.999960152723632,0.997867717902481,0.998140843679091,1.00222139971563,0.999669625399525,0.994720006361256,0.988750869860235,0.990447314310844,1.0000453946799,0.999508250837353
2024-01-28,0.999723638378564,0.999453531020303,0.998251064518501,0.998349259397552,0.998722273413671,0.999860950522914,0.993601563267207,0.989196796434946,0.988776084967301,1.00000374159358,0.998563415957733
2024-01-29,1.00030654005035,0.998996681930745,1.00015442146569,1.00332411234923,1.00109931859297,0.999684611455203,0.995408497333084,0.989899374202772,0.98871385634144,0.999174907170606,0.998157010364778
2024-01-30,1.00012176301283,0.999730222807569,0.999788383461864,0.998318910866525,0.99642643742413,0.999944512390282,0.997526819175039,0.985997933278722,0.989686019895048,1.00021642147552,1.00077901909916
2024-01-31,1.00135910834782,1.00135933114049,1.00036467129154,0.998067823330125,0.998641814180466,1.00073507964617,1.00047313151944,0.990168613473909,0.988625658007161,1.00200257605007,0.999053480508725
2024-02-01,0.999457641809983,0.996567024040943,0.997165104177941,0.995620351647961,1.00256013692961,0.999085147708158,0.992215740523476,0.99052214775262,0.986632184689748,0.999008405497946,0.998114248434504
2024-02-02,1.0002545930343,1.00046473885581,0.998575443048368,1.0063239318592,0.995837134012953,1.00000488141158,0.992867752666968,0.990083537896729,0.987699523513729,1.00060549510617,0.999379964098833
2024-02-03,1.00045044068993,1.00088144431755,0.999388065040656,0.999374085424585,1.00096248424601,0.999755329471983,0.993493673388296,0.98425550934262,0.987682935635429,1.00026322746771,1.00005804752378
2024-02-04,1.00012950344675,0.998910933337422,1.00041663775333,0.998991918751201,0.99757933340382,0.999990640968466,0.992235174051972,0.984084428664711,0.987929652360594,1.00031086020969,0.999985056610078
2024-02-05,1.00039491034825,0.999140656461127,0.996967886742068,1.00506241259428,0.998093727715405,1.00001863935268,0.996875320770526,0.997715909940825,0.985793148254887,0.99995819382381,0.999613832311645
2024-02-06,1.00044857312434,1.00074710980903,1.00068714542831,1.00476339263448,1.00031709702017,0.998848606519928,0.994475427551775,0.990574209811126,0.980823024950083,0.99997153730285,0.999933186804812
2024-02-07,0.99997012744103,0.9989032679026,0.998769933689964,0.997452005970071,0.999731787053216,0.999340650849182,0.993700336598804,0.991991031800905,0.98475043803457,0.999992240919558,1.00027947811159
2024-02-08,0.999932243298194,1.00038851528002,0.999265799867697,0.997528628536365,1.00011570515584,1.00040370792955,0.992361970448199,0.991500592982975,0.987676049423801,1.0008879810774,1.00033288339801
2024-02-09,0.999689055475161,1.00208542328802,0.998825746613028,0.999658657806427,1.00188556329651,0.999985252650074,0.9948569512983,0.9897016807785,0.982189320492693,0.999977900835761,1.00034180661266
2024-02-10,0.999745196687313,1.00315489490827,0.999104738827134,1.00000183357382,1.00301611357818,1.0003389897662,0.991101619963497,0.98593399787617,0.985285793320003,0.999839043113086,0.99932520353091
2024-02-11,0.999763113475844,1.00259306106675,0.997729216184588,1.00206035196359,1.00091552509498,1.00008196077769,0.995150452593521,0.983405363358753,0.983692407914018,0.999957786174966,1.00040748150422
2024-02-12,1.00028016444815,1.00202336304079,1.00059849237975,1.002838226821,0.998551808269371,1.00047077934593,0.993317996333312,0.992457747453835,0.982506950719576,0.999090650240493,0.998693305901078
2024-02-13,0.999709833709801,1.00444310899786,0.999380808862908,1.00693941985319,0.996135253964014,1.00072105680609,0.993207468039546,0.987010754366879,0.982506031931014,1.00062410174359,1.00054745600295
2024-02-14,1.00172436756774,1.00319577928008,0.999672960272463,1.00119943144485,0.99411007228096,1.00097294052936,0.996301557666823,1.00193416658043,0.988918865933337,1.00258941967631,1.00049722704059
2024-02-15,0.998775923630601,1.00194054496693,0.997953576929355,0.999489212644085,0.994510824702773,1.00009149465501,0.998367156438242,0.992010980889929,0.988103818789769,0.998678025603954,0.998721317034702
2024-02-16,0.999692988801294,1.00272171940014,0.997362112349565,0.999366266053654,1.00040760103109,1.00126499734761,0.996667351441112,0.989965526378767,0.981387358333637,0.999731358699215,0.999593695188161
2024-02-17,0.999517026735994,1.0019422423632,0.998524474656619,0.998269748534813,0.995779051418049,1.00109897191888,0.99760522885749,0.991025380380418,0.978485743023462,0.999442017404472,0.999630918847118
2024-02-18,0.999201216600447,1.00175320566712,0.99683987360607,1.01024290482897,0.993960576543171,1.00060646933605,0.997766386828523,0.99159818195368,0.974607968349717,0.99956088849909,0.999958779595907
2024-02-19,1.00056501697669,1.00017904016395,1.00001117993489,0.991364691207039,0.998318839087905,1.00102537498275,0.999292064142221,0.985477102450962,0.980029535292253,1.00042774040365,1.00080292126439
2024-02-20,0.999616372927502,0.999572389630232,0.999003040095748,0.995080969591724,0.998323663293945,0.999872379573673,0.994992680133146,0.981974890022637,0.975952414824921,0.999196077123604,0.9989645797997
2024-02-21,1.00086456301437,1.00131137976997,0.999455316994508,0.999671717039129,1.00128830059945,1.00046227368192,0.996761337162814,0.987361269114748,0.976962765349271,0.999917434232578,1.00086619861534
2024-02-22,1.00085197814948,1.00333580239588,0.99653307181334,0.998943831417309,0.992771286379293,1.00110420148871,1.00021797447457,0.987426807392841,0.977566702740362,1.00016285123643,1.00038709842742
2024-02-23,1.0005908060607,1.00393764296783,0.999602482397262,1.0005052082469,0.996244349306145,0.999726311177914,0.997369786050868,0.990446372439335,0.973899056807394,0.999475915999346,0.999801305707093
2024-02-24,1.00001814582391,1.00263707647889,0.997814936056704,1.00047222169994,0.995988425264286,0.99973980418225,0.99668499434576,0.994732955234334,0.974039803229887,0.999700502900258,0.99924911228224
2024-02-25,0.999324595362223,1.00147568653085,0.99859187913022,0.999567730385934,0.995477533078543,0.999436773544333,0.995996123354565,0.993260746890348,0.973691185353542,0.999392680830841,0.998952187402642
2024-02-26,0.999849288499463,1.00186646697772,0.998789253942631,0.997051794396555,0.996888913898936,0.999990340931145,0.994801820289019,0.986637654827,0.974749038085737,0.999852955543666,1.00067864979221
2024-02-27,0.999189379141908,1.00236042361605,0.998137324815285,1.00348139731498,0.99951383150439,1.00017432831492,0.995007167103596,0.984892429192682,0.975562915928243,0.999622141992095,0.998969195224999
2024-02-28,1.00027354472888,1.00138212383556,0.998782023218838,1.00017583790553,0.998095692256458,1.00046548009322,0.996795833146711,0.990293840519699,0.967924357617655,0.999829838137975,0.999363025100327
2024-02-29,1.00079514051717,1.00158182973597,0.998971903618486,1.00092715922924,0.996637999360081,0.998777126964508,0.998724949764956,0.994325915967951,0.961488023811198,1.00049518448035,1.00019945389004
2024-03-01,0.998855632250658,0.999603319081853,0.998746023852799,0.997635327391571,0.992246921583955,0.998841642773515,0.99881440596049,0.973057380693733,0.998377095217544,0.998436819308244,0.997904386890127
2024-03-02,0.99854449917865,0.999914387509623,0.995217856290652,0.998906182538072,0.998013200232194,1.00033085835159,1.00171987892415,0.986815304457582,0.999992410501682,0.997816241749221,0.998561322165967
2024-03-03,1.00000990464411,1.00301768499099,0.99840144061437,1.00180998610004,0.992220894251374,1.0007521176735,1.00058087347035,0.990603524909706,1.00057409220047,0.99998340426397,0.998249976822181
2024-03-04,1.00069289752235,1.00338459752209,0.999004947383824,1.00147773177597,0.997162954155276,1.0014440750555,1.00048513443357,0.971183617171265,1.00175268862565,1.00095858502848,1.0008687960203
2024-03-05,1.00141150412413,1.00464794320277,1.00131803625945,1.00053620370983,0.994733338350167,1.00243371944101,1.0053514531395,0.975741977268708,1.0026881046429,1.00014518077517,1.00159014258862
2024-03-06,1.00285045981405,0.999522076377608,1.00274922911817,0.998198557224081,0.990527944134595,1.00147381360778,0.999615264149698,0.985721951358446,1.00390525491685,1.00271453610339,1.00209897999006
2024-03-07,1.00048438989014,1.00171774540432,1.00092180685552,0.995904488656494,0.99167772934473,1.00147245711042,0.996700304495308,0.97972266957342,1.00142794668081,1.0002671727361,1.00073133148583
2024-03-08,0.998776267087387,1.00645580561164,0.993618757344848,1.00084212105517,0.992948385712002,1.00023041336898,0.997289936748722,0.982241749499809,1.00026042056715,0.99810662622663,1.00336352551299
2024-03-09,1.00068477231411,1.00376721809153,0.999999142977454,0.998809171059592,0.995942046448909,1.0025695025058,0.99909329726576,0.983436993320042,1.00325857724538,0.999433296839914,1.00173653345274
2024-03-10,1.00032080945402,1.00811143165456,0.999810065431673,0.999858726429028,0.992909525838785,1.00218061927171,0.998850288391507,0.983692246546312,1.0043403618339,1.00007364427455,1.00176346269003
2024-03-11,1.00091865938393,1.01404807065808,0.999735601207099,1.0006070476228,0.991940866066595,1.0015198329324,1.0023630107171,0.982587641554256,1.00332924613256,1.00151748999836,1.00038650570057
2024-03-12,0.999382382625584,1.01859611927548,0.998788644872306,1.00222780746649,0.99322621611512,0.999979871966887,0.997749569293509,0.991746344445952,1.00047755591644,0.999689511247219,0.999489891446456
2024-03-13,1.00085738268229,1.01898689834328,0.999609424664321,0.997405671441018,0.987552807562335,0.999874903386593,0.998722754497367,0.992502597287248,1.00070800348851,0.999782705042569,0.99914670450633
2024-03-14,1.00066864552298,1.03608280730485,0.996695054451535,1.00598787270634,0.994721239609524,1.00046660131394,0.995803680412276,0.99408817979847,1.00126104218324,0.999815598989612,0.999977576061692
2024-03-15,0.999156475073843,1.02944975658563,0.997530062234554,0.997645839537877,0.992864708539394,0.999129491212417,0.99594411689802,0.988084903532863,0.99959367494683,0.999981313341428,0.999165693995468
2024-03-16,0.999093666409866,1.02157691088664,0.996759087924983,0.999956397213584,0.987666453587765,0.999081161280962,0.998593221430563,0.983986861984076,0.999431039332382,0.996172953359584,0.998259941289798
2024-03-17,0.998474600793303,1.00245562120756,1.00035241577888,0.997565949819168,0.985617633870175,0.997259210277315,0.997630797907024,0.972376286802622,0.997267573092671,0.998450427108271,0.997276028062246
2024-03-18,1.00059271662054,1.00828353834705,1.0001138014267,1.00357434366346,0.993185162046123,0.999830380007101,1.00385004846359,0.987917553647075,1.00401059180493,0.998277776816138,0.999818038285398
2024-03-19,0.999100274252229,0.998674245543867,0.999174620777664,1.00200033320537,0.995271190116001,0.999096295479107,0.995687779870703,0.99366990586111,1.00024909437965,0.998499605218478,0.999049494303664
2024-03-20,0.997707829109111,0.998436071638875,1.00078916451593,0.99992144156391,0.997713670464314,1.00007280257919,1.00210680634665,0.9882659712397,1.0054714754235,1.00052558348135,0.999145452806631
2024-03-21,1.00035261854618,1.00492928298217,1.00085899432767,1.00530138469102,0.990140852598699,0.99960055200288,0.997219149205854,0.986819084262181,1.00561088448103,0.998191014115873,0.999052991336244
2024-03-22,1.00110994275299,1.00268615171985,0.999915882947849,1.00280121231199,1.00183901097614,1.00040229591259,0.998287280705892,1.00251870812951,1.0050400314547,0.999649224339573,1.0002308025217
2024-03-23,1.00044117428326,0.99940172117126,0.999896944805447,0.997875142635176,0.996553663525295,1.00052272981265,0.998781811615876,0.992557309364187,1.00764412951621,1.00064610801958,0.999196543346793
2024-03-24,0.999066466111588,0.996952337575824,0.999609531028874,0.997568110538208,0.994477491267516,0.999077710671986,0.992944596355622,0.990599476279063,1.00673101381896,0.998470411401698,0.997697994710017
2024-03-25,0.999945352341109,0.998737908724959,0.998754133362121,0.997459188029095,0.99782359753449,1.00032954016028,0.996503193631352,0.996051398991007,1.0273383768085,0.99796328031431,0.998956313309948
2024-03-26,1.00057879097456,0.999100471188743,1.00056680027519,1.00099387935176,0.998226103995555,0.999959290526229,0.997565228579728,0.988277145105733,1.01942213655285,0.999574302807757,0.999855260574161
2024-03-27,0.9999675459067,1.00128558012169,0.997272378388314,1.0033408830283,0.999545217231499,1.00143521755717,0.997853376896731,0.987779881785534,1.01989196511445,1.00001659158176,1.00057566683139
2024-03-28,1.00263014265746,1.00221283459573,0.998702287238545,1.00186847562571,1.00130981165775,1.00153946464593,0.997816245837333,0.986492015003371,1.00442840624709,1.00273971202018,0.997490787653444
2024-03-29,0.999071824877011,0.997870911998508,0.999152358568687,1.00051416957687,0.997687357206778,0.999431234343974,0.995864174911257,1.00219069933063,1.00044898668813,0.999707655664344,0.997741400907438
2024-03-30,0.999885791290013,1.0018270372834,0.999374549172712,1.00046019886512,0.99586226220519,1.00017671892392,0.997510122486467,1.00520088120384,1.00069663319617,0.999768265318706,0.999007147377318
2024-03-31,1.00026086233113,1.00546292285926,0.998991181826127,0.998834030537939,0.996426112308468,1.00057951489663,0.997642192714221,1.00048649025644,1.00114240776642,0.99982121811989,0.998910665313939
2024-04-01,0.999878532268724,1.00866003131539,1.00001619952864,1.00461332125923,1.00067035374498,1.00004781694206,0.997400959914712,1.00568966726671,1.00001258980533,0.998922651474145,0.998891165259298
2024-04-02,0.999605888765953,0.999461899897548,1.00048910918308,1.01090378392809,0.994914079151326,1.00022173811623,0.997522978536841,0.987415331769694,0.99939387504292,0.999817116835648,0.99942732452874
2024-04-03,0.999335713336797,1.00135322682309,0.996981965295396,0.993785068052618,0.996056822805987,1.00056624134307,0.995068327414576,0.997010872579624,0.99624989456976,0.999353442013551,0.998988034970973
2024-04-04,0.999754219659971,0.998388968137978,0.998999114299098,0.995426436210649,0.995268530385302,1.00007304390282,0.996880345965552,1.00499745999515,1.00023063783411,0.999603916405396,0.999814586835876
2024-04-05,1.00100598754862,1.00985122917577,1.00154640374534,0.999366940021935,0.995731318190976,1.00051058861696,0.998075437383346,0.992441405839918,1.00109328865627,1.00086332193119,0.998545212270918
2024-04-06,0.998893992078239,1.00409682510673,0.998995810395291,0.999411964869957,0.988506030674065,1.00041135577104,0.998642940115622,1.01365087717337,1.00117995570363,1.00020063127909,0.998939167742875
2024-04-07,0.997972031392273,1.00483577773866,0.998750100817457,0.998822693061618,0.986221908288906,0.998835370583426,0.99339836891319,1.00574719338869,0.999321036331301,0.998285295587038,1.00018929908236
2024-04-08,0.99982826836454,1.0035153118652,0.998872736709598,0.998508318790722,0.988085115189491,0.999977916524798,0.999945356405271,0.9799062050569,1.00038562047809,0.999058563459151,1.00082004155279
2024-04-09,0.9994821029854,1.0017932869952,0.998436277273449,1.00592267435588,0.992719016095597,1.00003691345183,0.99574121782835,0.981610522158768,0.999778781299127,0.998877273901726,0.998615332486074
2024-04-10,1.0008344967685,1.0005837419718,0.99885831668414,1.01264037086601,0.987493935185404,0.999738066320855,0.997596830270127,0.995719473816448,1.00003610773572,0.999520780036505,1.00011723818507
2024-04-11,0.999569808641845,1.00147031097012,0.998656926660673,1.01651409267819,0.982434149237406,1.00005384100918,0.996333438985755,0.99650910012714,1.00021295637435,0.999094783901956,1.00012831140401
2024-04-12,1.00095842167692,1.00408807304503,0.999565988028003,1.02151559859527,0.982619199727907,1.00018954038673,0.998188596995293,0.988455269804088,1.00091595743566,1.00033706397357,0.999912725689428
2024-04-13,1.0013015376927,0.998997905560243,0.999717053084406,1.01539092706997,0.961697935773457,1.00049522763691,0.998537445251966,0.984727794464845,1.00032507111988,1.01060699485625,1.00034695003894
2024-04-14,0.998959043395596,0.997982959479511,0.993885052098331,1.00988788780183,0.955666082343248,1.00019944578921,0.995578998324833,1.0263493872243,0.999272155552181,0.999704210948966,1.00184240035129
2024-04-15,1.00037552183809,1.00300784093524,0.999584928972835,1.01424152277487,0.958624503524837,1.00126568524658,0.997032320681553,1.01974566310261,0.999803227491186,1.00181707109205,1.00004776757451
2024-04-16,1.00070055737075,0.999840944152076,0.999116530629974,0.998322355896848,0.991733969806156,0.999863566099163,0.997716627018357,1.03040437314839,0.998589211012972,1.00028193374989,0.99892249781218
2024-04-17,0.999784311166778,0.996884767620428,0.99892298850063,0.999522698064233,0.992229946562778,0.999818489641416,0.988901644196527,1.00338960421522,0.999226398729584,1.0001172380324,1.00022626036665
2024-04-18,1.00004461104179,0.996602586222344,1.0003036430242,0.999143523291004,0.990750157343269,0.999876930169348,0.996427691730749,1.00391000948146,0.99884136792418,1.00094591509161,0.999437083448629
2024-04-19,0.999829554282603,1.00109203971027,1.00049954808529,0.997798516580863,0.998273253525576,1.00021706038479,0.996064202568508,1.00203281257499,1.00037722938863,1.0013298030861,0.999789597355136
2024-04-20,1.00075298784635,1.00146073516833,0.998746278163728,1.00132719623665,1.00124836480592,1.00026327441855,0.997941677570507,1.00811908374764,1.00294354939063,1.00252559009348,1.0020061673759
2024-04-21,0.999812653267226,1.00008785222973,0.999955301017444,0.999396960705781,0.990770031982652,1.00043965913872,0.996109622145198,1.00380802249426,1.0013049069103,1.00338287678605,0.99977429310308
2024-04-22,0.999724062241051,1.00065725795011,1.00030413150039,0.999989233504768,0.991239088033465,0.999954238415737,0.993566292426201,1.00583665019163,0.999777984390589,1.00240818658098,0.999806010253302
2024-04-23,0.999723736177405,0.999707288269617,0.996762211768168,1.00262734021029,0.995619637130078,0.99995634642444,0.994652213290973,1.01171209578633,1.00156515929927,1.00101316584585,0.9996468020736
2024-04-24,1.00006771554127,1.00126326222703,0.992288458990044,1.00740491335858,0.994649838463596,1.00024089694507,0.996989440833731,0.999121985488609,1.00284065064749,1.00312697102374,0.999916668396884
2024-04-25,1.00057659507588,1.00294237213738,0.99978161380043,1.00071974466037,0.994728580579387,0.999718466449313,0.997294732952626,0.988175664529645,1.00049423969512,1.00350011007675,0.999624635518236
2024-04-26,0.999947783316516,0.999412258486688,0.99902036289176,1.00461935647467,0.99853984713916,0.999821350607994,0.995492596951317,0.990062462535177,0.999884436899504,1.0030596786704,0.999864959712364
2024-04-27,0.999968806902147,1.00149737939155,0.999518783724974,0.999646382144151,0.994823948621894,0.999695733670072,0.995700031522393,0.996921903602783,1.00020670891464,1.0051150227218,0.999510992350265
2024-04-28,1.00032367830375,1.00340875147382,0.999822552664203,0.999376399982398,0.997021712408364,0.999629450766824,0.996352772528677,1.00343270850881,1.00039160711788,1.00287797249564,0.999473700115626
2024-04-29,1.00002720777358,0.997633527431174,0.999989142439887,1.00205777045883,0.999167715661051,0.99988078655484,0.99499494950956,1.00610602941422,0.999162854587799,1.00126556080039,0.999296223716999
2024-04-30,0.999480370932295,1.0006834763294,0.99875113235086,1.00776580330668,0.9982621798574,0.999343681899816,0.992671727582545,1.0133003955812,0.99862933629308,1.00005286638914,0.998856271250812
2024-05-01,1.00002164676897,0.999156353186472,1.00108078106459,0.999858556164616,0.995809780997449,0.99869387900352,0.995320098841504,1.00384203422604,0.999738822556056,0.999577283315575,1.00001964724918
2024-05-02,0.999597073606663,0.99962709474524,0.999079716289646,1.00079617906544,0.996751926851499,0.998749879484106,0.98969866020522,1.00275320520293,0.998385393779426,0.999742563003479,0.99902335263073
2024-05-03,0.999988040486985,0.999892227295817,0.999055501332336,0.995995490675608,0.99171824997611,0.999972454955312,0.99183249568567,0.996122896446573,0.999260461308926,1.00105152252478,0.999493158537543
2024-05-04,0.999514627533718,0.997568274073717,0.998674569634476,0.997788644996398,0.996822188163604,0.999950727867566,0.990278501623703,0.994958331147312,0.998801122576201,1.00281833710413,0.998970076746147
2024-05-05,0.999684370324403,0.997907942652846,0.998913212909883,0.998480600159211,0.995885318809372,1.0001416518194,0.993565955696528,0.994063404966155,1.00058291497008,1.00137477017225,0.999584610372921
2024-05-06,1.00010455222449,1.00136586823204,0.998493722861928,0.993255930246758,0.993104926783094,0.999572309159404,0.991943770797103,0.993441857778762,0.999885903007025,1.00188237219462,0.999736915089182
2024-05-07,0.99976410743275,1.00190836794685,0.999298167693995,0.99646649163012,0.994118249424806,0.999813837809907,0.992166803844762,0.995002853903901,0.999335342131998,1.00054515456984,0.999054918012129
2024-05-08,0.999662007127618,0.997027033357382,0.997915310868368,0.99834660085921,0.9975389419605,1.00017196992201,0.989940018239607,0.99160161327354,0.998525756838314,1.00034791619734,0.99905386829665
2024-05-09,1.0003964012924,1.00074763090593,1.0002551528853,0.995436651185981,0.995989456788932,0.999860304189902,0.989454260035279,0.994895720179551,1.0000832564312,1.00168106300725,0.99989949117412
2024-05-10,1.00096594749091,1.00329438800074,1.00022424794653,1.0019541796332,0.997456849212868,1.00025879837724,0.989297188975342,0.986301285316379,1.00065094800603,1.00044238997231,0.999320212906992
2024-05-11,0.999961304550485,1.00078882996368,0.998905252554617,0.999149352980544,0.99542237195121,0.999834139012016,0.987103923407598,0.983231930643997,0.999721811017056,1.00021996903931,0.999503384475845
2024-05-12,0.999900983092694,0.997852506106119,0.999083928797767,0.997319511392017,0.996064345275194,0.999642587015677,0.98247781817658,0.986073921780435,0.998708998374594,1.00013373202902,0.999193957887801
2024-05-13,1.0001531743626,1.00125938018451,0.998823227974984,0.997598468689431,0.998793468565161,0.999280266088527,0.988555281361932,1.00056671073105,0.999466924036489,0.999962531723639,0.998834455857778
2024-05-14,1.00013316787594,0.995898072638818,0.999289555004898,0.997742175969495,0.999140794146003,1.0000690328913,0.968773104082328,0.988970344425846,0.999396959697813,1.00095746770593,1.0002250156635
2024-05-15,0.999976950189408,1.00560460518251,0.99719585160859,0.996845954545516,0.994510488887754,0.999496195515826,0.980353917027549,0.986934061121962,0.999243767456994,1.00055953837693,0.999160238592319
2024-05-16,0.999597244214658,0.999997357863539,0.998656254675239,1.00030173886995,0.995949626974386,0.999595739291013,0.981454343864107,0.997705765019361,0.999430347349871,0.999202353928238,0.999122967773561
2024-05-17,0.999705926519625,0.999524950693137,0.997557917438548,1.00032811873812,1.00665143206407,0.999918653969231,0.957783344925192,0.99136395800181,1.00053241190781,1.00004978584853,0.999556096329504
2024-05-18,1.00091546773846,1.00401606838872,1.00122107931437,1.0010580726356,1.00240714811177,1.0011081742369,0.976114023212175,1.00512867143777,1.00104650653927,1.0018720616228,1.00045756844135
2024-05-19,0.999252082120226,0.997495070151168,0.999608122273568,0.99962603412198,1.00012206917032,0.999661625030111,0.980857243272328,1.00050524200304,1.00009919629824,1.00007277238852,1.00065530342306
2024-05-20,0.999969795532925,0.99808049070405,0.999682663091483,0.999969344676199,1.00035009153187,0.999945383231187,0.986352945240236,0.986443194882402,1.0012094727832,1.00138841902289,0.999366930886486
2024-05-21,1.00016660473843,1.00061470910051,0.999434616568377,1.00323547936795,1.00736651215257,1.00030151649132,0.992828244333573,0.998524608948396,1.00224089317575,1.00105214282746,1.00015981751215
2024-05-22,0.999735295539002,1.00760573456103,0.99871902371115,1.00251331502721,1.00299719247374,0.99888736948302,0.99672515722794,0.995559371483633,0.999038996029428,0.999814644442806,1.0000084077919
2024-05-23,1.00024436838779,1.00231378547377,0.999678900629982,1.00119174360469,0.999532326738162,0.999777626134258,0.99930489116091,1.01047769678181,0.999829877617076,1.00179695873138,1.00088141812025
2024-05-24,1.00044990042892,1.00345362120029,1.00225074060256,0.996237299670374,0.998914475633213,0.999864712318229,0.99912949669458,1.00140603416021,0.999962966198247,1.00152312592898,1.0007488812878
2024-05-25,0.999786633417175,0.999871188454336,0.998478436016559,0.99799842345869,0.993745041312075,0.999533561550137,0.997796782225403,1.00150050118567,0.99833746967729,1.00095753014665,0.999831767826649
2024-05-26,1.00004769350307,1.00168893015572,0.998964985051034,0.99941277791725,1.00041094135171,0.999877132873246,0.998209023223629,1.00201771879868,0.999823712490021,1.0007547580233,1.00015072912502
2024-05-27,1.00020054546176,0.998088156282734,0.998819358588377,0.999620107777995,1.00020668197606,0.999767809633718,0.998919757802221,1.00392399337681,0.999883378625024,1.00063972540409,0.999974878889332
2024-05-28,1.00017597408887,0.998577988953447,0.996969080840807,0.998622630577406,0.996956694103703,0.999257879499764,0.999115295593284,1.00458085721912,0.999464406466783,1.00043454735258,0.999802953694576
2024-05-29,0.999779802590921,1.00623177564242,1.00056143304499,1.00187294689195,1.00289262442378,0.998849116308894,0.99847414446085,1.00246367176485,0.99777683142849,0.999543478570954,0.999100244139044
2024-05-30,0.999954024319143,0.998172597704538,0.99954762882867,0.996047590360404,1.00234465773597,0.998922907316588,0.997820582643268,0.993847569637498,0.997976838335513,0.999926896182504,0.999549991667932
2024-05-31,1.00002529465929,1.00351990793156,0.999494572511908,0.998973173286926,0.998410621642382,0.999521033813763,0.997721297324037,0.996615017323808,0.999449456470525,1.00063517547039,1.00022460195354
2024-06-01,1.00007275948885,1.0018282897959,1.00009794195769,0.999448558614946,1.00013414794206,0.999210188453741,0.999067083133107,0.995365633865841,0.999313008697839,1.00063416796651,0.999979252141636
2024-06-02,1.00007520982294,0.995060338825493,0.999416513830535,0.999643781029587,0.993872455621652,0.999376889123061,0.99953764719572,0.999966544426762,0.998575726844676,0.999997792544822,0.999960157480083
2024-06-03,0.999604162331737,1.00121985245562,0.998410861639749,0.991981537714527,0.989613530708165,0.999344623820242,0.99937559766047,1.00286183096431,0.99861848624076,0.999689655665048,0.999194869946266
2024-06-04,1.00016772190328,0.99986990461437,1.00035376967191,0.996386779044512,0.997392289096207,0.999883595378808,0.998999798206228,1.00633576325986,0.999139759014639,1.00028628315237,1.0000944802797
2024-06-05,1.00023303891332,0.997687461960596,1.00025983061756,1.0009935587627,0.998988305926336,1.00015664105407,1.00031469519478,1.00225248478065,1.00005625063473,1.00189928795972,1.00054264916482
2024-06-06,1.00032230025557,1.00205578694537,1.00030376821243,0.998902608399017,0.996189863970178,1.0007556119348,0.999931110692316,0.999299989510016,0.999848868208569,1.00350084477986,1.00030639394978
2024-06-07,0.999932763109924,1.00113491971275,0.999132967170937,1.00718717228223,0.995190466412408,0.999555801587853,1.00063694726792,1.01142405196223,0.998989265371381,1.00022529357027,1.00070608353123
2024-06-08,0.999985341055538,0.997852078086664,0.999581054277186,0.999303104498001,0.99187174271374,0.999593742528896,1.00070100097688,0.984902698419239,0.999144329898569,1.00025741589917,0.99995229264058
2024-06-09,1.00001205234106,0.999346659331238,0.999244869693666,0.998517636216313,0.99027800987951,0.999938322370624,1.00096090499523,0.98504169196716,0.999967196466132,1.00035650601889,0.999582661321665
2024-06-10,1.00007355234548,1.00050778157517,0.999617852364648,1.00263751880985,0.993266895670636,1.00006556742585,1.00079236458632,1.00532173902812,0.999394267443514,1.00044830502251,0.999374159351347
2024-06-11,1.00022682383692,1.00083677828223,1.00055550063975,1.00468758292205,0.99416116855872,0.999721633747613,1.00183636806082,1.00605856623633,0.999106777260253,1.00039928725936,0.999791639751701
2024-06-12,0.999892678886065,0.993941886962894,0.999871521999707,0.991780520902527,0.994006878022219,0.999706848425674,1.00108557720492,0.998479303286608,0.99778976789169,1.00039027791097,1.00093924251196
2024-06-13,0.999927297045422,0.992175156662908,0.999882901758041,1.00644711489324,0.99736671527206,0.999637250099312,1.00072868298342,0.999505958160459,0.998320990867315,1.00041911270068,1.00046855821976
2024-06-14,0.999105570884724,0.977816125956175,1.00023869020758,1.00633222105605,1.00223680078152,0.999078637883797,0.999220854339227,0.990735727738715,0.997011478996591,0.999323686953619,1.00006383814297
2024-06-15,0.99990464520355,0.992660556968198,0.999381653558911,1.00236480405714,1.00314168690437,0.999366646832664,0.999486014763762,0.999897829833584,0.997533425093216,0.999892491577887,1.00072403830394
2024-06-16,1.00000883461286,0.993367793703817,1.00025742856349,1.00071385887045,0.994839561702547,0.99937161081392,1.00062552564106,1.00711243465715,0.996840558068627,0.999698177269434,0.999369026158913
2024-06-17,0.999801906977763,0.981732955293686,0.99983799201122,0.999432054636678,1.00154478706402,0.999263387075976,0.999860510890196,1.00139498597113,0.996920863052291,1.00008610193478,0.997923956383852
2024-06-18,1.00028896435344,0.983162341088904,1.00049232175608,0.999933711716771,0.995341145760819,0.999630278230059,1.00017734204166,1.00092702238411,0.997466633146987,1.00076311133444,0.998890676383374
2024-06-19,1.00037886415693,0.999721968334383,0.999863799582322,0.999647052371357,0.995014800008204,0.999917302158304,1.00051325973016,0.995175825729361,0.996588237819772,1.00060328615094,0.999291945956993
2024-06-20,1.00024015492204,0.973535607938662,1.00009948736517,1.00581125139911,0.998139742998261,0.999937888724798,0.99973453784655,0.993632713185203,0.995907121729499,1.00049913101742,0.999278863308802
2024-06-21,0.999475733787701,0.946037537738008,0.999501945121118,1.00127050813492,0.995368582314368,0.999050425752279,0.998817295835597,0.988852507061705,0.99742947973229,0.999611005792372,0.999256081421181
2024-06-22,1.00002894501092,0.934548109904611,0.999529208131069,1.00167664719287,0.994647506906843,0.999555222126035,0.998908028325216,0.981394642778807,0.998114926228528,1.00018444459874,0.999313910107017
2024-06-23,0.999906590685817,0.967817824588006,0.999806859599747,1.00235618620991,0.989551525378536,0.999505597604316,0.998767895138266,0.980317521104412,0.998255501917393,1.00027081725216,0.998801625127996
2024-06-24,0.999383175159998,0.940306301578409,0.999236611560743,0.99672207023177,0.987004291442612,0.998949499681524,0.99771944238018,0.992860495158942,0.997576125385895,1.00017974746593,0.99880059658194
2024-06-25,1.00035110609697,0.999712062548919,1.0000332635683,1.00724233153284,0.983874449212004,0.999828567756988,0.99945602357112,0.990237400389624,0.998486670242988,1.00063205437918,0.999634463718693
2024-06-26,1.00029480918259,1.00080237585894,1.00002472294464,1.0097751771231,0.994915065455667,0.999918584428066,0.999111802157329,0.994528353210859,0.999170024206836,1.00044325763705,1.00044019102404
2024-06-27,0.999756404067432,0.999434638308885,0.99868401696569,1.00323433780581,0.992616558226636,0.999177899715638,0.997775960969899,0.991422525460003,0.997663921141226,0.999546548855636,0.999220471213125
2024-06-28,0.999844172861487,0.996843590603202,0.999409428981141,1.00375137330624,0.992625994918574,0.998727328911327,0.997907197485614,0.990623866019179,0.997355574537188,1.00012868719957,1.0001388560158
2024-06-29,0.999863359412989,1.00030761795312,0.999226189559673,1.00296135165259,0.993583398857531,0.998130732214434,0.996023881377552,0.990532826674841,0.997259067276616,0.999956560359955,0.999270940204538
2024-06-30,0.999666761509029,0.997844959981714,0.999614648953443,1.00083250877459,0.992643805261099,0.99836608636531,0.995574663133221,0.98942382638275,0.997126129282201,0.999760204503231,0.999150864489895
2024-07-01,1.00006470190404,0.998764132713686,0.999603625152555,1.00175670453694,0.992405308957931,0.998506090612026,0.996611076468099,0.991229433818348,0.99748517969639,1.00048573803781,0.999632156108536
2024-07-02,0.999850718825186,0.998610103143219,0.999344836109668,0.998128773844957,0.993563611069044,0.999031791864419,0.996131739692771,0.993099816197604,0.998327366876273,1.00279206044711,0.999357836859399
2024-07-03,1.00005191070127,0.998123213929109,1.00013493505276,0.999036962843347,0.994206085698213,0.998667024321636,0.996286888818778,0.989855877925436,0.997329907770108,1.00260200838396,0.999931908961189
2024-07-04,1.00019131306758,0.999082192339933,1.00016230839787,1.000227122419,0.989413467515031,0.999138752110714,0.99773629424385,0.992575269158239,0.997882098188675,1.00067717368979,1.00125162748735
2024-07-05,1.00015586386685,0.978878113986411,1.0017282902097,0.996140020846768,0.982128709371671,0.999155771280725,0.996432296282688,0.981984170778122,0.999219086243047,1.00296231856772,0.999918138897108
2024-07-06,1.00021821589887,0.985101021205713,0.999106629331537,0.999409838183183,0.99891171917472,1.00036360091079,0.999421723673983,0.99512754684002,0.998705957661764,1.00089777266926,0.999201799133101
2024-07-07,1.00022313581473,1.00622332023252,1.00043605482549,1.00144759285747,0.992713887717856,1.00052707327514,1.00217217725256,0.995263467066946,1.00003246437167,1.00122824328688,0.999505559004348
2024-07-08,0.999263245678576,0.986533864572385,0.998978600723946,0.997723629484892,0.990930525099063,0.999858922997905,1.00371324359902,0.991827099734236,0.996459390355071,1.00037443204072,0.999642008849093
2024-07-09,0.999816452924721,0.998421167746885,0.998383407590708,1.00110834778397,0.994873444460266,0.999761565827541,1.00051567093036,0.992772553953386,0.99819530455176,1.00000287795986,0.999873991609496
2024-07-10,0.999724432172822,0.99429315851865,0.999241407343594,0.999793995427414,0.993011245280791,0.999603244179045,0.999909282769595,0.987191037024131,0.998911343650544,1.00037190023057,0.9990852848724
2024-07-11,0.999760265682506,0.996099871403529,0.999503620173754,0.997963694452861,0.992449400933567,0.9996552421122,1.00195466521414,0.987256113609591,0.998371231432585,0.999678560056144,0.999218140626584
2024-07-12,1.0006825244112,0.999986762209271,0.999870454269552,0.998897093056283,0.993865987357628,1.00032672531253,1.00093808407464,0.993542563061465,0.999608840650887,1.00038297258415,0.999599775321813
2024-07-13,1.00012717798557,1.00649137595779,1.0001959540964,0.998817799330517,0.996763979343934,1.00009635948716,0.999278026314286,0.993892437945336,0.999195389383885,1.00036606447401,0.999734664726056
2024-07-14,0.999545938714351,1.01128586077342,1.00013460657783,1.00070966144467,0.994423539592984,0.999768474503087,0.999386589211275,0.991976966656515,0.996435380085312,0.999516665231242,0.998661407667494
2024-07-15,0.999664942512681,0.996488898380336,0.998650681004045,0.997061797714076,0.99691941162572,0.999900198128168,1.00148316616697,0.992260465005414,0.997134171250433,0.999561248872816,0.999345474488719
2024-07-16,1.00052261796546,1.03256250463737,1.00093387655709,1.00129084200975,0.999341774218863,1.00094231989599,1.03145184353617,0.986194973448652,1.00091200981847,1.00155374528259,1.00068692362499
2024-07-17,1.0000660082831,0.998993999053366,0.999354616708185,0.998117278499305,0.993868969617642,1.00060319905533,1.00053609564704,0.991159758590754,0.999437898095966,0.99970473721897,0.999638467088539
2024-07-18,0.999206618276421,0.977795810788484,0.998344024393692,1.00049343915407,1.00011019699004,0.999841845587696,0.999306295018868,0.989341342895851,0.997926303649371,0.99976794109794,0.9991346260959
2024-07-19,0.999780774298601,0.940999912123622,0.998980573299917,1.0004981204147,0.999907513755727,0.999478271443133,0.999952800955307,1.00350434464318,0.999124174003493,0.999838472911467,0.998946833598587
2024-07-20,0.999828808604968,0.987028888631585,0.999883564537431,0.998887165044894,0.997902540135129,1.00044668944167,0.999930897487782,0.996664772296386,1.00059450523507,1.00087840793551,0.999488567586655
2024-07-21,1.00001933053932,0.995894811689289,1.00010745988581,1.00031077748111,0.99959006440817,1.00036422861856,1.00095429329983,0.994385718775188,1.00029237228368,1.00034966012926,0.999901894300212
2024-07-22,1.0007928294514,1.00306846394188,0.999223500802558,1.00243647449603,1.00189583353615,1.00067060921492,1.01070255524913,1.00397359330644,1.00158016723201,1.00158562491459,1.0000486899772
2024-07-23,1.00004848705227,1.00068095209424,0.999218000137351,1.00360413822031,1.00011161774686,1.0004649642623,1.00043224898386,0.995213956290079,1.00131749930446,0.999996590019321,0.999452612028273
2024-07-24,0.999977597788346,1.00075749517337,0.999370224883961,1.0004539230814,0.997384374428701,1.00015279100561,0.999522556651438,0.994423973285514,0.999409498364613,0.999838811212884,0.999388437887693
2024-07-25,1.0002425014351,0.978322434176906,1.00003461762481,0.990182266364626,1.00187304122068,1.00004729985207,0.999504499912348,1.00964033776729,1.00059858230118,0.999748914650255,0.999548874039759
2024-07-26,1.00031173354113,0.9994946213284,1.00134532232352,0.999538432337305,0.999634243456872,0.999824330333276,1.00015272956082,0.997084807374109,1.00020085589204,1.00037558560615,0.999766601096002
2024-07-27,1.00024006973764,0.99605717885741,1.00008707002721,1.00070761033726,0.997745431115413,1.00014810783858,1.0007725396419,1.00551407104887,1.00053204722674,1.00039963363403,1.00002852179798
2024-07-28,0.99981831241468,0.993687406276048,1.00020401420492,1.00137664935077,0.998870978188238,1.00002265010997,0.999922172608369,1.00403542509806,0.999773854059237,1.00011965976788,0.999217460340765
2024-07-29,1.00020569742118,0.994455037006615,1.00132731840459,1.00403034875642,0.99918956737502,1.00016527756821,1.00032616395486,1.00126496668172,1.00024356007293,1.00032446948984,1.00074516975159
2024-07-30,0.998970257943297,0.996880694110411,1.00063023768518,1.0004127708465,1.00190143855816,1.00005236317642,1.00819417044951,0.9984063013871,0.999779413336682,0.998461417389325,1.00052466414041
2024-07-31,1.0000066789027,0.980617305550461,1.00157995623475,0.999996011213656,0.99674857982414,0.999692191321534,0.999462210825161,0.991765006742544,0.9998551275936,1.00111939480626,0.999026359999539
2024-08-01,1.00021277275103,0.98853909445526,0.999137283140916,1.00312360324256,0.993130928954043,0.999927204378581,0.999137257240324,0.998256731722145,0.999742609559183,1.00264839481402,1.0004639648856
2024-08-02,1.00021313223685,0.993365994695536,1.0019611228963,0.988152107048937,0.995116216868393,0.999206932624054,0.998477616311608,0.988679525575497,0.999237569987248,1.00046189781653,1.00000547996431
2024-08-03,0.999682253668117,0.997047075498826,1.00034819902461,0.9959765228628,0.993133787243593,0.998649745543452,0.998382317434125,0.994327146110629,0.997437342139399,1.00028662386205,0.999510811487265
2024-08-04,1.00031508116688,0.992131826963956,0.999320535198799,0.997111202221395,0.992690291526779,0.999528942049268,0.998860297648005,1.00180750739538,0.998687471168138,1.00130620152772,1.0000894369037
2024-08-05,0.997406369517978,0.99555719532482,0.999827848861164,0.991277427217605,0.981774716219919,0.998331996374061,0.997746083830361,1.00851390861119,0.996653951802928,0.999427528674071,0.99822593783508
2024-08-06,0.99817504854825,0.991701382613339,1.0012108066897,1.00145351968672,0.989253914364701,0.998338429910117,0.996833814818622,0.990592980215185,0.995720207826702,0.99947493908648,0.997158823457525
2024-08-07,0.999630099139592,1.00035905621734,0.999820580188365,0.998685039471735,0.9872773414964,0.999795481102455,0.999277706644048,0.996823616030942,0.999065180914812,1.00152654680128,0.999480551018908
2024-08-08,0.999916892773302,0.999116114685692,0.999708025415092,1.00030990897068,0.991682144813539,0.99997813936662,0.999483945552244,0.990366304716613,0.999294045331064,1.00140508772466,0.999453752614706
2024-08-09,1.00070410514671,0.999681811306677,0.999920027776489,0.999152697440174,0.994493113224144,1.00093484857242,1.00086824506207,0.997099798116862,0.999248061600746,1.00312640458045,0.99981851953275
2024-08-10,1.00152309276672,0.999989528832922,1.00159724992175,0.999943417027927,0.993263449859753,1.00242906667679,1.00173914595115,0.999030408771623,1.00153202065533,1.00460782503578,0.998841671142346
2024-08-11,0.999971946319846,1.00046652939836,1.00020955769391,0.999566872381483,0.989716043319163,1.00017109516924,0.999535683856048,1.00168768784583,0.999173549156839,1.00151419064857,0.999748574292108
2024-08-12,0.999832704895465,0.998847910459862,0.998217242747807,1.00029925728456,0.992663543351691,1.0006695520459,0.998640628760352,0.995695332335838,0.999274480552894,1.00225035355632,0.998903343151836
2024-08-13,0.999974931668144,0.996275894784728,0.999421066630358,0.997592090402282,0.989218268382547,1.00013937495057,0.997485960785567,1.00204887333901,0.998436138672206,1.00184570477419,0.998899649402766
2024-08-14,1.00049435405388,1.00154386538917,1.00160929918319,0.996651961672778,0.99065782098001,1.00087776002544,1.00008868103322,0.993459579222678,1.00079944649577,1.00168028119429,1.0000544755781
2024-08-15,0.99985134337499,0.99930614779874,0.999883287227165,1.00173194408654,0.996444678590848,1.00004303762188,0.999579527155935,0.995368012123631,0.999274803080053,1.000744155191,0.998762330669496
2024-08-16,0.999955007823708,0.998129129687182,0.998736063464072,0.997898250680811,0.995164539714197,1.00009055694967,0.99965089626541,0.995593536363,0.999022329419164,1.00030459703102,0.99875107397895
2024-08-17,0.999504352293268,0.999668371987564,0.999818051452082,1.00044570638041,0.997094586201787,0.999803189028666,0.999802933661855,1.01156651191782,0.999667543490062,0.999908753021718,0.999227183850632
2024-08-18,0.999926181941179,0.999683496361339,1.00057167567715,1.00022862944497,0.995621324226224,1.00020120207062,0.999815928840337,1.02281103526319,0.999433418268926,1.00020174190749,0.999668343209904
2024-08-19,0.998283692993703,0.994265221107088,0.998080622605727,0.990282064722999,0.990006299836425,0.998598428163579,0.998108622650487,0.999700955583924,0.997127273325986,0.997993348920676,0.997327842722252
2024-08-20,1.00082864917866,0.999238539824061,1.00074662194621,0.997003651895237,0.994429258835354,1.00099906924832,0.999675690869413,0.993313992956598,0.999843807597964,0.99973535697194,1.00097945209949
2024-08-21,0.999645261035266,0.997688732933122,0.998912856606193,0.996372729978462,0.996358496152732,0.999930103014715,0.998424535946844,0.999142389236149,0.99911490275888,0.999672429513994,0.998910470878472
2024-08-22,1.00005521077436,1.00041931382696,0.999252552182879,1.00239694110468,1.00451634091616,1.00040491975895,0.998830003979989,1.00003352814991,1.00065192699657,1.00047041382382,1.00030779604188
2024-08-23,1.00002089662612,0.999723497865985,1.00014301505276,0.993107416857221,0.990378464594923,1.00008933792816,0.999133465466849,0.99461697533194,0.999752954468692,1.0002049812049,0.999667035497874
2024-08-24,1.00038020953973,0.999522008569805,0.997011732040269,0.999429439333151,1.00221959596432,1.00155772046725,0.997358281123124,1.00402071179718,1.00075380191342,1.00275078599869,1.00115380169482
2024-08-25,1.0008818387517,1.00232066583699,1.00206892220386,1.00292412361193,1.00141648512739,1.0013900307431,0.999322233694363,1.00563869149727,1.00185862456335,1.00077925299038,1.00109715613882
2024-08-26,0.999323887202935,0.993813413200765,0.999587964289858,1.0005229460571,0.988973337421757,0.999710886833682,0.998136161278699,1.00384979170844,0.999703150958434,0.999360914987686,0.999497816143508
2024-08-27,0.999426043615697,0.997344420691196,1.00006309096076,0.998901718814848,0.999076868513463,0.999942985124715,0.99847699335483,0.999257541638023,0.99888819554024,0.998395378685348,0.999026481345942
2024-08-28,0.999543061754308,0.997783193563022,0.997735547497277,1.00058953263641,0.993109170270155,0.99910556254677,0.998102987804117,0.998699301745938,0.998767212125181,0.998964328936978,0.998651953722623
2024-08-29,0.999362925282648,0.999128368468786,0.998221029826527,1.00136106162055,0.993110957411174,0.999109822666826,0.998116849187098,0.992104583768678,0.998361571301721,0.999889691262714,0.998548116261706
2024-08-30,0.999626567085032,0.99894255687857,1.00007886184356,1.00115027641937,0.999231601238188,0.999754231378133,0.997154224564336,0.994109541907212,0.999476615444261,1.00022156545253,1.00023269279925
2024-08-31,1.00004526852134,1.00087868090939,1.00027536505629,0.996960069076031,0.997831385707863,1.00016797448352,0.997951249910987,0.989224543842787,0.999349649335182,1.00094321446117,1.0000764895187
2024-09-01,0.999907569111578,0.991987505942414,0.995884908670474,0.998275793025904,0.993206325322498,0.999848912299865,0.997012233532148,0.988714278034709,0.999137794782861,1.00170832379851,0.999876119345808
2024-09-02,1.00032549847103,1.0002514060243,0.998708589943711,0.996976474335606,0.998459103480434,1.00052495931426,0.997771927177287,0.996584992842842,0.998300190607358,1.0007416795452,1.00020112179914
2024-09-03,1.00008933455699,0.99832324540562,0.995637099587335,0.998830584093145,0.996396498069476,0.999974648406958,0.996963150378483,0.997417972249376,0.999306600802531,1.00108333066073,0.99985272738822
2024-09-04,0.998524923755066,0.986860723199878,0.996922738280668,0.995592742609683,0.990368947083721,0.998101450592515,0.99617423178486,1.00636104268332,0.995198838107932,0.997488123089347,0.998448688813172
2024-09-05,0.999980860731653,0.999574436967511,1.00110096140101,0.997629309000919,0.990801799450493,1.00006182321161,0.995346109806013,0.99275297105545,0.999448056194554,1.00109069672194,1.0002312943002
2024-09-06,1.00009480358371,0.995549797930296,0.999330789905427,1.000866974289,0.994608344105662,0.999541305874881,0.993457280834815,0.99685315218818,0.998622074220566,1.00151776665236,0.999533743934178
2024-09-07,0.999889604885199,0.997488591214581,1.00259246938253,0.998402602959255,0.993919002694432,1.00001674254982,0.992155525177252,0.994307407819935,0.999063395367094,1.00112327762663,1.00001691804879
2024-09-08,1.00005236272931,0.999078257116656,1.0011082624474,1.00088301183101,0.989026869018333,1.000204354128,0.99179634218321,0.991063246365333,0.999290994681418,1.00210174335564,1.00050659302445
2024-09-09,0.999430382055058,0.99668271764605,0.997677312177347,0.998848317948279,0.996176502506433,0.999247551850744,0.990498746298826,0.999184756587215,0.99813333715587,1.00061192570639,0.999132409741988
2024-09-10,0.999387434027692,1.00163088781736,0.999767044607675,0.999975950711927,0.993512129393534,0.999536677801559,0.991277709624757,1.00106249251614,0.998497364340271,1.00160984817644,0.999660199179606
2024-09-11,0.999840873266607,0.991080071551283,1.00393400224065,1.00013845745825,0.991450709028721,1.00019956233511,0.993059703584432,0.998166075193057,0.99862128486314,1.00134970491282,1.00033902092088
2024-09-12,0.999543045671332,0.997314974498725,1.00013202508001,0.996970913104474,0.989745125068587,0.999855942473032,0.991072381032269,0.998855502028873,0.998423702061873,1.00087717130933,1.00008640132551
2024-09-13,0.99952090131614,0.993168436030773,0.99994547049711,0.997425209746802,0.994874400953581,0.99975327757808,0.99238472355485,0.99257114645951,0.998248649025127,1.00062114904621,0.999663269454816
2024-09-14,0.999973610435214,1.00041525413664,0.999976892793862,0.99833258603382,0.996435141346284,1.00074994134836,0.992861430524748,1.00418413952047,0.99990768593511,1.00088022065994,1.00013521327424
2024-09-15,0.999987480237962,0.999317089959668,1.00043637974276,0.999136560830212,0.997473232533272,1.00034298270855,0.991206888539331,1.00270741542422,0.999177218483891,1.00090067785352,0.999963130232475
2024-09-16,1.00034792681173,1.00016902154718,1.00083174389454,0.995084791554275,1.00605028541652,1.0005359834375,0.990080093592317,0.997690879501969,0.999173330995522,1.00094326477473,1.00033031997479
2024-09-17,0.999391598860521,0.999650984517932,0.998706382894581,0.997763486928719,0.998080157711399,0.999317942674491,0.991386134184154,1.00525413768808,0.997884812368786,1.00034060137524,0.999415425958417
2024-09-18,0.999953230759972,0.997876686499174,1.00226129536854,0.985449081602699,0.998349222417648,1.00014319775414,0.989936541810983,1.00556013460442,0.999673362783272,1.00107705268558,0.999727223869127
2024-09-19,1.00135935066742,0.988890231932189,1.0013667101688,0.996842240618767,0.994955029501598,1.00153025832818,0.991765003302602,0.996659687802231,1.00337107507442,1.00277241973322,1.00122053685996
2024-09-20,0.999832034026445,0.973264633850793,0.999295546662172,1.00028096893074,0.988622644920926,1.00008287838566,0.985499526042811,0.99335172676867,0.999308104241341,1.00157958621187,1.00028209156976
2024-09-21,0.999989414040208,0.996917025597839,1.00030131151108,1.00090516108837,0.994279909246838,1.0002725884224,0.99367886668505,1.0061559651886,0.999268409161606,1.00091851626524,1.00038261907137
2024-09-22,0.999929401910424,0.99945715509003,0.999819172943343,0.999571808165409,0.995929082924503,0.999846938399153,0.995118003004589,1.00902877584993,0.998619088104411,1.0015357572376,0.999692209817307
2024-09-23,1.00010096612801,0.983123750581265,0.999618526500965,1.00268793730821,1.00100775209852,1.00025978412834,0.997236344044916,1.00094110675583,0.999374365559054,1.00155429845035,1.00055338674745
2024-09-24,1.00013559024713,0.98302024464642,1.00048561742534,0.996285018078538,0.995073970320866,0.999919859900348,0.997662692387441,0.999167595097229,0.998828388741726,1.00065918113763,0.999825699543363
2024-09-25,0.999925093562482,0.992299922197175,1.00104476611922,1.00385059451949,0.993047054553299,1.00005005922666,0.999601912783846,0.999608724016452,0.999166272066431,1.00036932574763,1.00001571820072
2024-09-26,1.00067166875193,0.97861046905178,1.00222387349479,0.997096628179855,0.99927233537189,1.00061224293522,0.999750195097117,0.994961287300963,1.00040042313528,1.00100459963522,1.00117839256796
2024-09-27,0.99995561863742,1.00085098472498,1.00027567476016,1.00095020140224,0.998821080795149,1.00007093697979,0.998334789817658,1.00024769548054,0.99985625933243,1.00065134188845,0.999774042074444
2024-09-28,1.00049490100304,0.992404115449457,1.00024765790473,1.00127098101117,0.998449230363899,1.0004402202446,0.999674601095082,0.997901575991336,0.999897955288296,1.00002880439565,1.00058659363891
2024-09-29,1.00030953878005,0.996841317883857,1.00104325610694,1.00061719500396,1.00182706543927,1.00064014010459,0.999460843561564,1.00018606531506,0.999923198484693,1.00162263457947,1.00004997103066
2024-09-30,0.999778035212729,0.985574271039823,1.00139089455745,1.00194393473151,1.0015272537391,0.999926444113204,0.999277827865694,1.00511405780994,0.999190118811495,1.00044252128001,0.99957924453585
2024-10-01,1.00051029643838,0.979865806803797,1.00220870933251,1.00635650369551,0.998374049880942,1.00015491052204,0.999300274990194,0.995815892858297,1.00004078173274,1.00023729383938,1.00051104741052
2024-10-02,0.999533113811148,0.98315031440099,0.999956393897275,1.00197725750651,0.996936313966722,0.999216206507481,0.999155087198768,1.00875260791129,0.997865897877447,1.00092757183214,0.999420371442789
2024-10-03,0.999989122140209,0.963316220333754,1.00109772173138,1.00280938876992,1.00446632602137,0.999953265760714,0.998745820520239,1.00882922699494,0.99739369437619,1.00085297657091,1.00049668695795
2024-10-04,0.999658665044912,0.998823837750239,0.999474026211698,1.00742489824642,0.999671374035319,0.999632466948765,0.999526725535346,1.00219128936818,0.995306544837564,1.00149868751178,0.999616473548947
2024-10-05,1.00015429082388,0.989234496437816,1.00132070154505,1.00147803475061,0.99246761259165,1.00031943516724,0.999596827946801,1.00236615848236,0.999105500233922,1.00159286811895,1.00020930812263
2024-10-06,1.00014543838317,0.994032575586858,1.00103441571592,1.00232469346988,0.995210173637506,1.00031913950904,0.999095462241226,1.01031094345812,0.998204969832846,1.00023141109963,1.00004769055664
2024-10-07,0.999728573451122,0.990861886465919,0.99971757127785,1.00221357235046,1.01270199702442,0.999618822783454,0.999134340581866,1.00975678787664,0.997416006609712,0.999357822676503,0.999571536540047
2024-10-08,0.999268841166435,0.989974605915159,0.999212063261602,0.99945892964051,0.997130658829327,0.998781844461082,0.998195331935926,1.00534272691102,0.996181220842005,0.999138827923613,0.998260895878321
2024-10-09,0.999835942658365,0.996838040124002,1.00050526349252,1.00196781476243,0.993691701918266,0.999245737216362,0.999101404942535,1.00609604497699,0.997486202105046,0.999841901879941,0.99982469465255
2024-10-10,0.999377164094625,0.98007651393256,0.998957933976563,1.00207429811343,0.99803419982149,0.998715317092758,0.99757181351859,0.999255514249533,0.996494286916999,0.998663846885962,0.99931717810759
2024-10-11,1.00002108113573,0.991418502931896,1.00085698796148,0.998936062389198,0.994811653751781,0.999361245549043,0.998598203792929,1.00232113624697,0.997137404518394,0.99966236220867,1.00007386123769
2024-10-12,0.999900458627816,0.994357861877086,0.998223144392748,0.99991700932696,0.999014625414224,0.999986791591203,0.998842377242046,1.01248056156155,0.997430961543269,1.00043827646167,0.999846898945069
2024-10-13,1.00013985322285,0.995386470030404,0.99916996285476,1.00133009068466,1.00050981020908,0.999994135649292,0.998873649290134,1.00916021344576,0.997785912019903,1.00086082813375,1.00006250854132
2024-10-14,1.00046416311378,0.99324647531322,0.999736959986262,1.0005238617345,1.00149514002381,1.00011902754274,0.99837125622687,1.00171368621463,0.998373213212747,1.00125807625025,1.00058847084596
2024-10-15,0.999755207809363,0.983049438252604,0.999042140048465,1.00302887761014,1.00101123334823,0.999426972832282,0.998325953066425,1.00287333579,0.997830102697845,1.00114118394677,0.999616981616287
2024-10-16,0.999378858979179,0.98826935496811,0.999460085593899,1.00326251312085,1.00032679506501,0.99931191585677,0.998432693807738,0.995800819580507,0.997548393142066,0.999849428241074,0.999731212131442
2024-10-17,1.00001857552648,0.989789529097398,0.998400370728906,1.006201194623,0.999558763507744,0.999901508397444,0.999258692823553,0.999491468816461,0.998114837229178,1.00122730448646,0.999774368669408
2024-10-18,1.0000519041904,0.972437484049653,1.00019735390467,1.00011034079658,0.993308263580784,0.999880228539955,0.999038084782152,0.997417646950162,0.997551337449164,1.00039180038162,1.00009244985942
2024-10-19,1.00030661065441,0.983608886868624,1.00082249119577,1.00388930348813,0.996767570513566,1.00026040110527,0.998914946913905,1.00659227448238,0.999157887933766,1.00113732693153,1.00037514902127
2024-10-20,0.999994503144647,0.974342294070803,1.0001983255341,1.00706237997717,0.997177352125604,1.00006724385822,0.999321778307608,1.01175945737992,0.998168384150645,1.00064651204527,1.0000947448258
2024-10-21,1.00005661236235,0.982036748558968,0.998843957439929,1.01216555582721,0.997182794667731,0.999906606436519,1.0001376525309,1.00256119535144,0.997748935811115,0.99957715123417,0.99993628661887
2024-10-22,0.999574190375117,0.960806608807915,0.999507087509286,1.0065994284352,0.99847442833834,0.999418788789525,0.999293712296001,0.999594723732992,0.997578737446611,1.00063197513585,0.999713220612188
2024-10-23,0.999884480368932,0.979820589086162,1.00019656886004,1.00493260283596,0.999185058547217,0.999490936167118,0.999684471680362,1.00234229213245,0.996731314775398,0.999614988891744,0.999515846930358
2024-10-24,1.00002003833733,0.997028260303083,0.999846716741487,1.00116591082595,0.993034196846261,0.999118781900574,0.998948160125732,1.00020264828031,0.996989931747937,0.999837393457702,0.999977114848664
2024-10-25,1.00057534190895,0.991575576527842,1.00119715807026,1.00455386610338,0.999070194059618,1.00013936485439,1.00144747169419,1.01339390257676,0.997209917520419,1.00135445342966,1.00071475014443
2024-10-26,1.00168471254505,1.00046892813551,1.00019182170214,1.00063541968579,0.99761345005003,1.00001390586263,1.00039736770612,1.01785808668466,1.0003085307309,1.00149044021118,1.00307535063891
2024-10-27,0.999830678858966,0.995080103324839,0.999173545919042,1.00117214831252,0.992642520431394,0.998711902131312,0.998946570893748,1.01557616355208,0.995732058272301,0.999931973950965,0.999812166742743
2024-10-28,0.99966656958531,0.992518375890824,1.00028307878143,1.00322412121015,1.00087940209149,0.998396486823323,0.998760778214142,1.00595074712432,0.995094255199967,0.999753229687143,0.999461183207655
2024-10-29,0.99991921044309,0.963628125548466,1.00013890302683,1.0049236841198,1.00109836585817,0.999330636691841,1.00043730466435,1.00100802946629,0.996564659620245,1.00002345744747,0.999747614293471
2024-10-30,1.00082835097001,0.995733389053086,1.00117880817312,0.996968486270959,0.998034536586414,1.00054665185798,1.00265663682655,0.994011762223481,0.996764386395915,1.00152013465049,1.00138543456149
2024-10-31,0.99975790403403,0.995328836451302,0.998809183251639,1.00206419410779,0.997879208881448,0.999056122927265,0.999584517741648,1.0011090060915,0.993724584189119,1.00067104917833,0.999622006070171
2024-11-01,0.999350699878042,0.99151570530019,0.998700065441986,0.996199517158094,0.992081489860628,0.998207017619499,1.0027984769709,1.00049163233707,0.990765090798256,0.998631228707012,0.9984808370395
2024-11-02,1.0003285748658,0.998238084689487,0.998698321262506,0.998496336206038,0.991975521866045,0.999732166986109,1.00169355297026,0.998702324120742,0.996543878766402,1.00099641964527,1.000220735255
2024-11-03,1.0000890372722,0.985594468568512,0.999039371908143,1.00088114877321,0.99311911758763,0.999946866272532,1.00317913222598,1.0025258253276,0.997531642149566,1.00082022464048,1.0002397873842
2024-11-04,0.999948903485637,0.983627184113328,0.999929998638418,1.00242625738531,0.99420139197803,0.999665160268972,1.00218289438649,1.00210538011033,0.995218635040542,1.00070602443245,0.999744419234479
2024-11-05,1.00029262420647,0.994066042604563,0.999575294604638,0.996296192922601,0.993246039296913,0.99963718071239,1.00265769913503,1.00232697266399,0.994939926625307,0.999569317242507,1.00077716418871
2024-11-06,0.999193528021742,0.992971872124702,0.999817458836539,1.0231310488101,0.993523724638352,0.999619599332363,1.00260307812667,1.00232397914395,0.994440152910056,0.999513986740344,0.999047355862403
2024-11-07,0.999481372936225,1.03798023538539,0.999597091446234,1.00674087896935,0.998131661458709,1.00058613974383,1.0033160048391,0.995678941141996,0.993891577992189,1.00050140250617,0.999412554884416
2024-11-08,0.999593401655777,0.999505648440872,0.99972741660139,1.03054687227637,0.99605975119763,1.00088231870829,1.00622782725823,1.00954396896955,0.994276463542932,1.00143706542719,0.999278228593607
2024-11-09,0.999974468941803,0.998830058572801,1.00026147126652,1.00978047651644,0.996664391553517,1.00107969097489,1.00864290151334,0.99603164860378,0.999087626275315,1.00039317188035,1.00009309922661
2024-11-10,0.999054296365556,1.00888664964592,0.998107797322006,1.00596619436351,0.990070565057079,0.999153132914138,1.0147679093898,0.991968764001069,0.996042878985447,0.997575566305074,0.998138677588871
2024-11-11,1.00034971914724,0.996262046818458,0.999917499259725,1.00958236849704,0.994663409743278,1.00114232803975,1.01576722999176,0.997356327510195,1.00037782355851,1.00030440406214,1.00032697693111
2024-11-12,0.998588102156623,0.996845217956859,1.00136228172104,1.02754359599208,1.00416386695356,1.00017067669864,1.0132193589522,1.00468685383822,0.997933347123918,0.997384339568164,0.998192950714909
2024-11-13,1.00096922608314,0.996648326238473,0.999862351137387,1.01752110455645,1.00081206479164,1.00246582088837,1.01172248995466,0.983657390812557,1.00243330069487,1.00260694514873,1.00127721642324
2024-11-14,0.999953155858263,0.989844224895427,1.00042797037712,1.00742069856969,1.00278167517854,1.00058576582805,1.01383724139181,1.00839546376331,0.996205361238316,0.999323193969779,1.00028448369091
2024-11-15,1.00145512695535,0.996306122698868,1.00288834108681,1.0055343921779,0.992612208349091,1.00212740483457,1.01162228435394,0.996368648777785,0.999381661537406,1.00147974033015,0.999644085256551
2024-11-16,0.999632599442876,0.99330507934456,0.998252588840932,1.00917181379978,0.997544228677736,0.999913440955684,1.01578540071917,1.00142214902786,0.997143486498284,0.998696443478699,1.0003651317047
2024-11-17,0.999838582583135,0.984805462305247,1.000423421254,1.01403287111784,0.99893000104652,1.00100671893339,1.00419346655309,0.999285563993611,0.999104480858975,1.0006461934652,1.00081947089114
2024-11-18,1.00032717574365,0.994122848033516,1.00028130115027,1.00793687499372,0.99387108863814,1.00056276841666,1.00333369113532,0.99706517673645,0.999097045295751,1.0001877096258,1.00032987077035
2024-11-19,0.999860925500811,0.990860872659363,1.00000367675513,1.00228283067149,0.997480921935553,1.00065777050064,1.00323662794905,0.994661275881424,0.998986845556085,0.999801612708488,0.999860433832221
2024-11-20,0.999860647343692,0.994790106896926,0.999983447105301,1.01688612454152,0.996633513541438,1.00112850039665,1.00273475334729,1.00910656066095,1.00020016930009,1.00153439334562,0.999332105058441
2024-11-21,1.00076303609826,0.997743843694668,1.00171282617736,1.02373143564757,1.00617739495008,1.00154730799525,1.00215490262306,0.994560675876694,1.00097444488507,1.00167148381019,1.00076378919401
2024-11-22,1.00002458864967,0.998500788133745,1.000314583337,1.02193576784987,1.00398989211423,1.00104097184214,1.0197959523311,0.986221250536336,1.00070127180081,1.00001245787947,1.00046851055256
2024-11-23,0.999906081305842,0.989968667456749,0.999654390051955,1.00353767731871,1.00252597693327,1.0009537763964,1.00460340491811,1.00609916768203,1.00086462162138,1.00084151866412,0.999726506078329
2024-11-24,1.00023463769458,0.993135571842164,0.999964877726766,1.02924796803323,1.00143027505166,1.00146512227422,1.00055826846231,1.00779293283257,1.00035218416906,0.999896537029987,1.00013564929371
2024-11-25,1.00044682415866,0.996308919189938,0.999298259801327,1.02891018719855,0.995362985817695,1.0014137329952,1.00588435867614,1.02332370866557,1.00102692678581,1.00206889851016,1.00120444815345
2024-11-26,0.998617657965226,0.990362452116223,0.999715070186688,0.99949031097213,1.01015526788972,1.00035214817121,1.00227080867119,1.00004017530396,0.997977237787,0.999635277028296,0.999686627789621
2024-11-27,1.0005931150539,0.995561921461934,1.00012559489971,0.990955646913986,1.00187615704856,0.999121080223533,1.00648513124184,0.996008223524063,1.00123608529059,1.00007066653342,1.00017916972645
2024-11-28,0.999779958834542,0.993998181703303,1.00010473574371,0.996810445717901,1.00256658629654,1.00121487066602,1.00320871674332,0.999739601521656,1.00360573913761,1.0004261338873,0.999908736105488
2024-11-29,0.99990003226717,0.958606908780456,0.999469493537093,1.01422000244935,0.99484644308687,1.00039810150584,1.00188735782359,0.989895151195312,1.0009202168673,1.00001488187508,0.99994360479379
2024-11-30,1.00038907794849,0.997639499213873,1.00061120162333,1.00212303445317,0.999503857026333,1.00094767394214,1.00516794047682,0.992099220823635,1.00184928151899,1.00089882399934,1.00062789746028
2024-12-01,1.00015189918537,1.02597936681037,1.00054976761123,1.00361381021428,1.00182351281147,1.00063043001197,1.00554811288507,0.990564126887794,1.00181963876013,1.00037429654546,1.00025265393908
2024-12-02,0.999654883472481,1.0069458565014,0.998694348588577,1.00667445461875,1.00834196893683,1.00078665525386,1.00147525130431,1.00555522618765,1.00119081146106,0.999372455793185,0.999886459003222
2024-12-03,1.00059855025311,0.983191494648027,1.00043903374392,0.997622636605486,1.0014751582379,1.00071297079132,1.00341650856752,0.998055238460714,1.00216532258176,1.00061832066219,1.00046441233335
2024-12-04,0.999919884071294,0.956129143209139,1.0007464227177,1.00136693248035,1.00448395844163,1.00092774281527,1.00186739844213,0.998982894521515,1.0031672794853,1.00196942659887,0.999954376152958
2024-12-05,0.999773408699008,0.973806191620607,0.999453593738232,0.990268035647517,0.994898403780953,1.00102613444562,0.998573802737027,0.996378787161086,1.00411867358724,1.00168427077498,0.999165653956552
2024-12-06,1.0010341200658,0.962785976728737,1.00299341259639,1.0154657026897,0.994520614345859,1.00184744963541,1.00490449964196,1.0000512029453,1.00688233277969,1.00179632490332,1.00129562464979
2024-12-07,0.999972499988638,0.995212640625787,1.00013400464166,1.00131531506184,0.994688577492923,1.00176312407647,1.01781234697951,0.999064494191682,1.01236207754722,1.00176741609273,1.00000909018212
2024-12-08,0.998628393842242,1.03005745969753,0.99714894777422,1.00021582686067,0.996034916729908,0.99932878924092,1.00063398135524,0.994702712012941,1.01814916133456,0.998206790923153,0.998053570420914
2024-12-09,1.00341273150597,0.871889171923298,1.00255035871882,1.00054153167206,0.998669124412666,1.00210126424429,1.00418154173216,0.994141555995203,1.02666736250331,1.00365103328084,1.00445010944008
2024-12-10,1.00034110473833,0.999673075054303,1.00012741062441,1.00582811100042,0.993640538670348,1.00090670630467,1.00029734799606,0.995842571816095,1.01936111456706,1.00107653269421,0.999586997041125
2024-12-11,0.99900511049705,1.02491063094179,0.999171563577616,1.00433513878458,0.995883770393824,1.00061654429179,1.00084543583163,0.995599637314512,1.00914480195741,1.00021069406159,0.999399176087788
2024-12-12,0.998905472250263,0.953904579926035,0.998152369065321,1.01252749694863,1.0013644327613,0.999977203182572,0.998201755630474,0.995305721847734,1.01862739952007,0.999565161156776,0.99864293530426
2024-12-13,0.999985146702785,0.99589337654022,1.00042231947553,1.00908483667359,0.998587423825841,1.00006968369017,0.99981299441186,1.00327358680798,1.00267305090662,1.00007866973187,1.00005283569686
2024-12-14,1.00031047631423,0.987551385645136,1.000386393573,1.0135827574,0.999978858662537,1.00017171128291,0.99932921496958,0.998997006293094,1.00451602895392,1.00033669398415,1.00045474645263
2024-12-15,0.999740808568456,0.984793116148514,0.999356456609016,1.02120770943889,0.995653669610839,0.999704488685645,0.998603301716013,0.992219635519428,1.00329399863346,0.999778114681504,0.999759924987538
2024-12-16,0.999782783815816,0.99603659330218,0.999548574091133,1.00298734680547,1.00322250613282,0.999469361500398,0.996700073942195,0.99697613428276,1.00565500831007,0.999734932424353,0.999804198503487
2024-12-17,1.00090198596361,1.00012097952891,1.00150946766539,1.01825681195488,0.998209146139932,0.999997829296482,0.998160192086676,1.00555045423638,1.00446180689504,1.00177562635964,1.00010365863938
2024-12-18,0.999203329887552,0.958382437620962,0.999570421249202,1.02145511172908,0.996435334806064,0.999497448730489,0.993800587542271,1.00161024026768,1.00275660175096,0.999678565742072,0.999589825870869
2024-12-19,0.999527767687588,0.965400249379428,1.00178386300621,1.00603125438569,1.00386231492507,0.998148088915326,0.989250888323184,0.989313613518445,1.00002001780578,0.998936576869389,1.0003475097601
2024-12-20,0.999503172750927,0.997505455521779,1.00126391918701,0.994147850315254,0.995869338341208,0.999005213505072,0.9921147578099,1.0003898557676,1.00226260229923,0.999466599721919,0.999463098748705
2024-12-21,1.00092975626109,0.994319232093346,1.00122988587434,1.00694904874718,0.999480857888045,1.00046121817473,0.994005079294996,1.00908749460711,1.00125663821823,1.00015380800733,1.00090206121625
2024-12-22,1.00064346406932,1.00000939429816,1.00076139937921,0.999716276232828,0.998609357816668,1.0001518352979,0.995797677852635,1.00678256623652,1.00157200408648,1.00124027555109,1.00054307248087
2024-12-23,0.999596240701885,0.972485973400604,1.00035317632769,1.00191729172647,0.989067105517267,0.998589644400257,0.992414863446936,0.999485663374265,0.998890302185375,0.998730179981343,0.999894483246094
2024-12-24,0.99983226114041,0.998620769571664,0.999751604041319,1.00077321196065,0.994263225275532,0.99850012358201,0.993604936161302,1.00135208284801,0.999296086977658,0.99988484988475,1.00012958226581
2024-12-25,1.00103609318721,1.00271171611751,0.999637583717858,1.0010772978305,0.995758996815671,1.00072883930898,0.994101128016775,1.00630818330809,1.00146644529066,1.00047410577285,1.0008475322864
2024-12-26,1.00048039126875,0.985923937093552,1.00043789631644,0.997407441446992,0.993363216855355,0.999313568658518,0.991249233433526,1.00974296441494,1.00121607210236,1.00126310434776,1.00039000526005
2024-12-27,1.0000556801457,0.982635399798216,0.999607182224422,1.03790528168114,0.995622367513463,0.99882317968137,0.981872970784757,1.01022946859372,0.999890256540784,1.00026116207043,0.999856857245038
2024-12-28,1.00032744926761,0.995791748852968,1.00148918254152,0.997976327454456,0.991477024980892,0.998542082559349,0.984867700959796,1.00626387246269,1.0003042159157,0.999877484394311,1.00052055108404
2024-12-29,0.999933174718234,0.999927435402474,1.00063100671069,0.998774497067159,0.994847274198144,0.998384698001011,0.9839085640774,1.01003936515224,0.999568813356392,1.00006302829677,1.00098835705789
2024-12-30,1.00017800209352,1.00000868652128,1.0013796804348,1.02807321883805,0.987688307347551,0.998334156734405,0.982315857703244,1.01348194170683,1.00005992841163,1.00105669922883,1.00050742535754
2024-12-31,1.00046830389572,1.06617150726089,1.00118014234656,1.01416672129001,0.988239377897883,0.998492193099583,0.972238940954789,1.00371266722474,0.999550697566136,1.00040063563683,0.999976466662481
2025-01-01,1.00054073860775,0.997492670906245,0.999822196152148,1.00230869511285,0.99001693595475,0.99812700495894,0.969556736135786,1.00755660208642,0.999145006775973,1.00053287586754,1.00082822334718
2025-01-02,0.999599556354171,0.995240031274521,0.998735275206905,1.01065762337299,0.997066039607597,0.997519255040062,0.963203269122418,0.992532936132436,0.99784867831951,0.998859784973787,0.999501349636572
2025-01-03,0.999889791786256,0.991829038684863,0.99918004545989,1.0131851025579,0.993491091876899,0.998848981276361,0.970920759826018,0.999426356599431,0.99947525340326,0.999818880614294,0.999970093584248
2025-01-04,0.999436151424539,0.998755956342404,0.999467672074748,1.00097861312477,0.995643042772073,0.999499785138426,0.965420626243031,0.996980646972038,0.999455243033895,0.999146347107997,0.999804962474693
2025-01-05,1.00009140748524,0.99726540061583,0.999995982747868,1.00167495151265,0.997168669702067,0.999929880051665,0.967188683395816,0.997273516734777,1.00051258517428,1.0007677167016,0.999821777034528
2025-01-06,0.999770693397088,0.98274716800589,0.999059234427895,0.989116908574714,0.998515341909102,0.999741255554518,0.965730032397627,1.00502827544622,0.99988825016878,1.0010602377462,0.999675148330675
2025-01-07,1.00012851903451,0.99360085890225,1.00157644558605,0.998390417419664,0.99393236319602,1.00067444102128,0.963039134802547,1.00456717873492,1.00123586507612,1.00162993227368,1.00081598772648
2025-01-08,0.999809583008473,0.986325380302602,1.00051595795773,1.00175211166144,0.994698875371472,0.999875430438339,0.962077801610852,0.998326314167895,0.999715525334257,1.00018738364156,1.00006370026407
2025-01-09,0.999593566389671,0.997422440053231,0.999234927689978,1.00090750901145,0.997071874644978,0.999467232800878,0.956937003127691,0.999325070747246,0.998864979027982,0.999991410191991,0.999271207529999
2025-01-10,0.999988187630774,0.998721738584205,1.00390727692955,1.01615858001049,0.999124892603366,0.999959853288742,0.960707091241705,0.99831976228351,1.00234212768287,1.00044775055926,1.0000274667287
2025-01-11,0.999974591892716,0.957398751364556,1.0003230734174,1.01261826892209,0.994750049685536,0.999795336976545,0.961623683896329,1.00259565104941,0.999641382504422,0.999654651522785,0.999925552204392
2025-01-12,0.999998473146471,0.992213720713034,0.999869004291663,1.01523692410912,0.994861166625331,0.999634052336329,0.962655973653601,1.00581318729781,0.999206176639123,0.999628903447236,0.999955333747507
2025-01-13,0.999900648337414,0.957026791136014,1.00026755088722,1.00496022329745,1.00009081337884,0.999469858176887,0.963239913908078,1.0070534188625,0.999726990916693,1.0006187838123,0.999801158214613
2025-01-14,0.999942471338599,0.995170867632637,1.00221261180899,0.996811469882793,1.00108066514042,0.999597820344706,0.976896442214673,1.00298232975821,1.00052811284313,1.00200026048217,1.00004061980576
2025-01-15,0.999989598437882,0.98174153878929,0.999709597243443,1.00289093828195,0.999549455427373,0.999668157505881,0.965791646242725,0.994991030541443,0.999591688428596,1.00110317723506,1.00007899368754
2025-01-16,0.999999921251758,1.00121538636386,1.00052746943107,0.996723186093856,1.0069110950703,1.00011131345994,0.978726462890642,0.995876828373532,1.00139596009422,1.00195217961917,1.00006424792717
2025-01-17,0.999960841650655,1.00020225751409,0.999836168707215,1.00374048827395,1.00326789716832,0.999876017091637,0.988280798979945,1.00432198366469,0.999744630244209,1.00122330058029,0.999997691599353
2025-01-18,0.999998952230555,1.00415609860459,0.998154232360259,0.998957727505133,1.00337816481507,1.00035520678907,0.987903244912001,0.998085831961828,0.999299235373844,0.999943870350702,1.00013283867499
2025-01-19,0.999927502683709,0.996991478373263,0.999467335528398,1.23012105804433,1.00346628855076,0.998894249388679,0.987253141755529,0.995330940682337,0.998506309629618,0.998735182855647,0.999804729807598
2025-01-20,1.00008051408263,0.990057457084363,1.0011735570448,1.08085748938736,1.002290533845,0.998716345388902,0.996450449827338,0.986259446680643,1.00125697197646,1.00001929842846,0.999891654151499
2025-01-21,1.0000625695122,0.978387568214211,0.998886483970523,0.995085719561719,0.992442247685446,0.998967602005675,0.977622314384357,0.990816048462097,0.990301291213149,0.997297297793087,1.0000406032434
2025-01-22,1.00008634808143,0.990126596030858,1.00124953239217,0.997009080058647,0.999004130208634,1.0000391281405,0.991203780895105,0.993634891935627,1.00149914516754,1.00117956013158,1.00034256462195
2025-01-23,0.999993069081119,0.987558154806445,0.99947763877921,1.00001289770717,0.990422108481891,0.999529529453576,0.984929956786622,1.00136807572738,0.997997669226823,0.999035261819137,1.000136731947
2025-01-24,0.999931167691056,0.992066885696855,1.00271021494921,0.986469169930024,0.989965988911233,1.00021385123512,0.98195882474655,0.991872598336573,0.998543465256913,0.999252934963244,1.00032939223919
2025-01-25,0.999904937808435,0.987282966161309,1.001064229636,1.00225214561089,0.996564923028051,0.999926517720557,0.98018043650303,0.996417110996478,0.99878159108083,1.00031982592913,0.999878389006145
2025-01-26,0.999969933472272,0.991251446400855,0.999772019141753,1.00872839604704,0.996224404957099,0.999830819508085,0.980517560843046,0.997439863263629,0.997600555813219,0.999377766125084,1.00068734644328
2025-01-27,1.00000845360063,0.985404905270014,0.998457000262938,1.01191747688468,0.991681123792356,0.999618215005542,0.975313532965721,0.995153262160153,0.995048520320951,0.996591794524422,1.00026740882039
2025-01-28,1.00008865009653,0.998774877234816,1.00010911211407,1.01416421570078,0.996374395354098,0.999879304264628,0.979578106441145,0.999549882176572,0.99973711893918,1.00109496957477,1.00013352073918
2025-01-29,0.999903263517707,0.99951828034122,1.00169288999529,1.00632844853582,0.994414488367407,0.999386865178355,0.988970551885502,1.00200706593902,0.999242158634664,1.00040648603818,1.00023997996895
2025-01-30,0.999899581003813,0.996803560588169,0.996262460855028,1.00462003995423,0.996522407843637,0.999985107004834,0.975299312309706,0.993170357616043,0.9978406054434,1.00015331775724,0.99994267535688
2025-01-31,1.00004941301613,0.99639273309261,0.998000953864874,1.00233849536426,1.00045034206197,1.00009205695346,0.967631604602348,0.999547617164413,0.997052165318933,0.998704716289754,0.999644986874134
2025-02-01,0.99999845832155,0.986966252216541,1.00197272859549,0.997982048815692,0.998759030891517,0.999710605988626,0.968142912312771,1.00498735056622,0.999219026535526,1.0006360886246,0.999676469229464
2025-02-02,1.00001728369553,0.990144123371726,0.998640925736456,0.979351303798346,0.993628864549651,0.999752437335515,0.965029537991121,1.00790315212856,0.997887994421694,1.00006795379195,0.999279491931569
2025-02-03,1.00000901780901,0.983038033904562,1.00021991542203,0.998507821302744,1.00241341726425,0.999718811600319,0.964269338841256,1.01031890626835,0.998884701756958,1.00079961815562,1.00049564579162
2025-02-04,0.999970744262972,0.902429189025672,0.999251191401233,1.00117101048812,0.998296066783685,1.00104509216523,0.963193088550377,1.00115987007186,0.998803082194894,1.00019829483316,1.00024030222587
2025-02-05,0.999975495859146,1.00435130986384,1.00328366702097,0.995521284874652,1.001137727736,1.00026147906508,0.998147069672404,0.993235984648093,1.00035431538504,1.00224126685589,0.999585688597971
2025-02-06,1.00000648014118,1.00213462655922,1.00050795967961,1.00023629897407,1.00101361226073,1.00004905609819,0.994969259064742,1.02233332205123,0.99870329978496,0.999894434498477,0.999651190892985
2025-02-07,0.999999083175636,1.00141168644495,0.999794650173617,0.99875316630394,0.993899377526129,1.0000773661565,0.994749745717141,1.00599347969859,0.998276940905977,1.00148367186906,1.0001108016158
2025-02-08,0.999995449760132,0.993141181388043,0.999688538464964,1.00636186423071,0.98646789363502,1.00020138486835,0.995178848810123,1.00474159319639,0.999846843880751,1.00087351571923,0.999619010867306
2025-02-09,0.999995115331403,0.997270395967548,0.998951232285312,1.00242108329124,0.995131640341182,1.0000525933192,0.994716510557271,1.00299029340936,0.996746205119134,1.00061059392889,1.00056006100604
2025-02-10,0.999998267124674,1.00191509364591,1.00251255430195,0.994310809103753,1.00026894934935,1.00017073284935,0.99593462979905,1.00202765014643,0.998519925049023,1.00109985506941,0.999528388917878
2025-02-11,0.99990185226237,0.995344050919554,0.999872904927676,0.995343254344239,1.00540168950039,1.0001766843203,0.991963949169505,1.00869068882041,0.997371484432756,1.00088696548484,0.999882597674906
2025-02-12,0.999912625829739,0.997005729279202,1.00059428647116,0.98415758393496,1.00160053982572,0.999841642955348,0.991747991138447,1.01034176802734,0.996794890439048,0.999363346620057,0.999572155397453
2025-02-13,0.99990220287811,0.99916930206646,1.00158491761426,1.00177714888117,1.00131450187373,1.00002677493358,0.988025697221422,1.00043506483879,0.998485440084956,1.00113231535511,0.999679735504942
2025-02-14,0.999902634811393,1.00281970219668,0.999774490020348,0.996091690318194,0.990809827588231,1.00007849107503,0.988104483777305,1.00383755284599,0.997829052634696,1.00020470846433,1.00009598584262
2025-02-15,0.999947156204971,0.997377637424367,1.00042923114183,0.986741591082282,0.991911169413398,1.00005965827207,0.986197351440551,0.991133395095342,0.998660007302134,1.00053490175168,0.999999916441753
2025-02-16,0.99998385790208,0.99272796216503,0.99970963759368,0.979645154510288,0.997933739755449,1.00015361440742,0.985836206679685,0.989130918768258,0.99896122774258,1.00030136857017,0.999965357386594
2025-02-17,0.999941995686358,0.980400891475852,0.999845381495822,0.971304426586045,0.994627463977625,1.00005189663757,0.984946610292581,1.0016823667311,0.997619578896192,1.00035702652521,0.999774352997886
2025-02-18,0.999903892893537,0.996919379102901,0.999416619288691,0.989979341129616,0.993507629601516,0.99994382449562,0.984631449768389,1.00149956177285,0.997686966435987,1.00012483708156,1.00016384422999
2025-02-19,0.999843838656175,1.00347369254895,1.00033884138099,0.996312167361916,1.00264832433327,0.999396209005843,0.974145439336496,1.00225484634588,0.997592135356063,1.00013038481315,0.999669658081756
2025-02-20,0.999902654714632,0.998462952665638,0.999178144953886,0.983430593938043,0.994062850133769,0.999900074996899,0.977671563628938,0.996938527408146,0.997198150312612,0.99975783906834,0.999915252464592
2025-02-21,0.99981003538788,0.998416452009525,1.00103095144867,0.995949352277446,0.997257818655814,1.00015860483822,0.979395784879702,1.00786205366808,0.997634693192824,1.00007512584473,0.999559263686429
2025-02-22,0.999895647263067,0.993331289781304,1.000009930788,0.982934176334079,0.998155213371359,0.999398564180564,0.983172040974819,1.00643177207511,0.997277231655254,1.00037823917335,0.999440679560368
2025-02-23,0.999997201858778,0.983971217736758,0.999439984345064,0.984796251688092,0.995631048540867,1.00006390244685,0.984489563922266,1.00848171176784,0.99824464029435,1.00014953388788,0.999833657940135
2025-02-24,0.999918877523924,1.00187207447218,1.00266134296404,0.984053831933231,0.994751194288425,0.999982943439359,0.986134681922389,1.00938968368659,1.00010559282048,1.00199051157022,0.999628787591938
2025-02-25,0.999875222325323,0.992328827343929,0.998827011559948,0.992229807457725,0.994163277140149,0.99972592920301,0.977222032496097,1.01118839302284,0.994302910383215,0.998132587654136,0.999602141027507
2025-02-26,0.999868050463623,0.994371441340683,0.996522655904408,1.00108096228032,1.00219712296519,0.998929772731072,0.98297449929477,1.0076447990522,0.996250858246973,0.999735150576409,0.999605075388136
2025-02-27,0.999867170565736,0.998418541612138,1.0000933576115,1.01642589628326,0.998339776455537,0.998531998080639,0.986825986877064,1.01283550670366,0.995547231223279,0.999957029856796,0.999443933676595
2025-02-28,0.999895810164988,0.998792433909807,0.99969456862853,1.00982135598233,1.01094917621662,0.99905112220323,0.985771960589097,1.00858534928079,0.99636822867463,1.00014659138025,0.999586819151419
2025-03-01,0.999853894179576,0.997572998626568,1.00075520686169,1.00337872048302,1.00417190281242,0.999445090729142,0.981557714422611,0.999425858395928,0.996906909188879,1.00001846858365,0.99913571287549
2025-03-02,0.999886132240166,0.999837348430505,1.00186906296951,1.0281546273373,0.999391183212959,0.999600840828019,0.982387797921918,0.996281845206734,0.996740462603215,1.00003273198362,0.999892833249071
2025-03-03,0.999971055858198,0.998988850406619,0.999852221856459,1.008335926466,1.0048840852631,1.00007120836062,0.982889585674635,1.00731217047943,0.994352852730439,1.00065454298689,0.999897453728022
2025-03-04,0.999816681087258,0.996931249520142,0.998504714394145,1.0003318696124,0.986944282225013,0.99925303502868,0.985164664813708,1.0060679202941,0.994460742103237,1.00050923095115,1.00002897446334
2025-03-05,0.999911697863725,0.99808602515489,0.999151229661232,0.986696799589608,0.999021522350322,0.999774718137149,0.984599615424185,1.00471284994556,0.996487374244697,1.0007043327659,0.999837011723458
2025-03-06,0.999861315158062,0.999601218444388,0.998925259655427,0.993188369306489,1.00055806741475,0.999974619725165,0.986699762517313,1.0083295529753,0.997318169955478,1.00054908023054,1.0000466646534
2025-03-07,0.999882107611634,0.998357566790545,0.999889256010271,0.986067055565761,0.999628851426234,1.00001877377928,0.993937783739405,1.00283679022075,0.996866981139291,1.00076737950402,1.00012603319836
2025-03-08,0.999856634082103,0.997953625175734,0.99995691660434,0.991950851103343,0.998118555803622,0.999570667701668,0.99463528466669,1.00617970869381,0.997537098291242,1.00008754573225,0.999536224025482
2025-03-09,0.999855134226718,0.997877486904698,1.00069900353311,0.993674303806962,0.998016958737797,0.999676680682824,0.995090461480598,1.00499236422664,0.996823672362202,1.00013926244145,0.999807135190009
2025-03-10,0.999871460014052,0.99814448093877,0.999044908009338,0.992106838554397,0.987094207872582,0.999693623661981,0.994218683221303,0.996622556117698,0.99676709351757,1.00002167999484,0.999847735373955
2025-03-11,0.999793459452837,0.998963025978081,0.998724449657021,0.997445084538766,0.992889953829029,0.999376528217238,0.993745925993342,1.00332035211605,0.996496941827686,0.999985547266816,0.999552659010123
2025-03-12,0.999876561598863,0.99843813472135,1.00006494954518,1.00792262900313,1.01043552144684,0.999731388624072,0.994097428607739,1.01183004645981,0.997853772229872,1.00009414770492,0.999581360540016
2025-03-13,0.99979752160175,0.99810435421278,1.00152073315711,1.00714488476507,1.00672856646542,0.999742686293646,0.994899826901826,1.01972220989237,0.998336424097098,1.0002329064326,0.999255864598164
2025-03-14,0.999872028602531,1.00143308267612,1.00102765902175,0.997350750851159,1.00594192109199,0.999535469471366,0.995825310664003,0.998382274712859,0.998042609146344,1.00002254269118,0.999781111078543
2025-03-15,0.999894995698471,0.998794355222936,1.00012295400823,0.994212571531521,1.00528598148822,1.00000939408902,0.995545904742855,0.99955658913565,0.998734615635391,1.00077839401927,0.999782254340285
2025-03-16,0.999899018701149,0.997945908584273,1.00000680643191,1.00085456972108,1.00815525148203,1.00001890488934,0.995503138197803,1.00031796243437,1.00050387724741,1.00048057481154,0.99992140293392
2025-03-17,0.999798020952448,0.994455597694776,1.00055046489878,0.992780322368367,1.00342661617971,0.999900121735017,0.995658724679314,1.00526294922682,0.999485751046952,0.99977845344199,0.999824386494041
2025-03-18,0.99986851845281,1.00215146464018,1.00121304278019,0.996298007900631,1.00615961407599,0.999931774281043,0.996091780207059,1.01447476124883,0.999676339340682,0.999755191966892,0.999779049508081
2025-03-19,0.999853776210913,0.99721978981767,1.00065256607313,1.00832524655091,1.00632056186023,0.999795170448208,0.994041444150712,1.0106458950763,1.00026604523208,1.00038200677035,0.999873033901851
2025-03-20,0.999799226442794,0.999315480456735,1.00054769954235,1.00407880922862,1.00789442622414,1.00025124453308,0.994086162353524,1.00995535844408,1.00038495704063,1.00064206020319,1.00005563875757
2025-03-21,0.999799471769494,1.001201135591,1.00047919228611,1.00380595097579,1.01261608302047,0.999404329205436,0.983306374348451,1.00385195097327,0.99913890635138,1.00036634048087,0.999437860082817
2025-03-22,0.999896109435857,0.999424358154987,0.996291163073404,1.00643192087626,1.0026696940878,0.99963261447925,0.98397870018163,1.00644049038084,1.00109440032687,1.00017210913147,0.99979364064979
2025-03-23,0.999893414228892,0.992896220877939,0.999987651793353,1.00877081881856,0.998031222841319,0.999831289786562,0.982802791697635,1.0070161526169,0.999301480956494,1.00034388875991,0.999814162112763
2025-03-24,0.999860592097277,0.998546238270576,1.00116340996587,1.01062697521639,0.998035565920449,0.999964074170867,0.983051147286396,0.996146917765547,0.998825622284217,1.00057116333346,0.999885295350329
2025-03-25,0.999869458445401,0.99874891056498,0.999773649772212,1.00390897552975,1.01476179347849,1.0001710876348,0.971643242899175,1.00240043360721,0.999861002313932,1.00115620722707,0.999886792483668
2025-03-26,0.999872413498901,1.00144184792792,1.00159727906775,1.01026630413503,1.0027834436346,1.00016826176643,0.965048800781571,1.00054232247855,1.00086351272526,1.00057859507092,0.999840111976334
2025-03-27,0.999898065496264,0.999993150242652,1.00115001319998,1.00357295373107,0.999736082618702,1.0000800620714,0.965910095206854,1.00232163230042,0.999210257389242,1.00082941511366,0.999752282644032
2025-03-28,0.999893875132998,0.994398832376977,1.00040651388928,1.00208052382727,1.00947777089952,0.999745857185837,0.96565502005395,1.00708081808875,0.99869708776769,0.999981770805245,0.999413411623644
2025-03-29,0.999983795157175,0.995722891587571,1.0004450375299,1.0013491792685,0.997707767379672,0.999515516700137,0.9671946102124,1.01530593688369,0.99855015163315,1.00043445407006,0.99956394044026
2025-03-30,0.999972246728896,0.996607872366245,1.00203724997013,1.00697848024775,0.987464566121671,0.999671449560407,0.96250794749634,1.01235901351265,0.997684176024142,1.00024667188974,0.999772110105844
2025-03-31,1,0.999222491720884,1.00012468370243,1.01030949279921,0.985998030702932,0.999788371997666,0.929242779126048,1.00865503915532,0.997552387081712,1.00028489705597,0.999408253263041
2025-04-01,0.999989690104237,0.998985304367248,0.998821399300049,1.00541890812181,0.990163649254865,0.999799817706225,0.946450420179442,1.00039206122467,0.996423054536626,1.00052371308383,0.999765404272766
2025-04-02,0.999950708154814,0.998272817280292,0.99995249702418,0.997145606543762,1.00810422290389,0.999982575352425,0.929841872338601,1.01968341850668,0.997081645986583,1.00035970013925,0.999625993125298
2025-04-03,0.999907517864332,0.997856460992484,1.00109213602036,0.977678336596028,1.00124700420673,0.999765658577813,0.955019533279285,0.998986751101737,0.997638456556616,1.00019054875581,0.999610764236268
2025-04-04,0.999888369229161,0.998895652096406,1.0024815215316,1.00598346600684,1.00116509765346,0.999571712087387,0.95179027527641,0.98806648312181,0.998187644144235,1.00037230239526,0.999717992968064
2025-04-05,0.99988938885375,0.997623805383177,0.999006935255456,0.993507227999265,0.992786877719046,0.999646475202855,0.945188873257343,0.992470988566265,0.998333379463624,1.0002563642384,0.9998713627932
2025-04-06,0.999933162989468,1.00841015075523,1.00011308994869,0.992289309825549,0.99566532716113,0.999604694109694,0.942844342067238,0.971275198794819,0.9972477173182,1.00022415596576,0.999944023632451
2025-04-07,0.999947940944071,0.996039301280934,0.997427581758911,1.00825553375981,0.991792885297638,0.99912032335919,0.93786754995722,0.99323465629319,0.997334199417235,0.99996780262528,0.99993563537232
2025-04-08,0.999931852638256,0.998453054813892,0.999583032076832,1.00338246819568,0.98890463647551,0.999589851569487,0.927448575281301,0.99822881821827,0.997848510324575,1.00016298279224,0.999799684901559
2025-04-09,0.999888178389071,0.998782740954696,0.998463870879585,0.993849773320054,0.997552457516918,0.999046265506789,0.919513052538951,1.01738671344985,0.996178466505103,0.999873430800228,0.999463558671969
2025-04-10,0.99991514849561,0.996111766274606,1.00040709443588,0.983171023790315,1.00424663641856,0.999762149896273,0.894607138584088,1.03466654028548,0.997855278108163,1.00007208775459,1.00008558643963
2025-04-11,0.999949186877105,1.00574366570955,0.99946165880075,0.985924269348018,1.00137506180095,0.99941408978077,0.869494243614426,1.01537034703852,0.997574426416991,0.999958285635948,0.999873173621791
2025-04-12,0.999982924653516,1.00567075146786,0.999715171612142,1.00706395784137,0.985903309965081,0.999530219471176,0.888715011237652,1.00927298598183,0.997488583204469,1.00002775924952,0.99971139395286
2025-04-13,0.999973126090882,0.999469073655966,1.00104070153045,0.995895148551444,1.00242319412743,0.999894927858812,0.900732656296454,1.00979032250703,0.997777208414047,0.999991446141214,1.00010922106071
2025-04-14,0.999898582350066,1.00339347370821,0.999900042683742,1.00447764533097,0.989534442708489,0.9997121178273,0.900982067725362,1.00473824003255,0.997369940566352,1.00026203810688,1.00002803816566
2025-04-15,0.999895509250066,0.998513805896671,0.999809387958958,0.993530423691922,0.997803438536393,0.999933424815005,0.866888182428894,1.01099757651859,0.996864726795196,1.00013955510814,1.00012922988653
2025-04-16,0.999896199107263,1.00298498639582,1.00027498201391,0.978748783907933,0.998921916144893,0.999949764179849,0.861174150443572,1.02228968593589,0.998065793142515,1.00022779447073,1.00022719483022
2025-04-17,0.999984219610716,0.995314010926963,0.999794710243169,0.991068598124877,1.01242208770153,1.00000261170007,0.821093490723516,1.00604204474877,0.998706158106602,1.00025702296563,1.00030147979166
2025-04-18,0.999986333285335,0.998505234037586,0.999951079684037,0.992519384819886,1.01537630698322,1.00000586634771,0.730889078178037,1.0087321327299,0.998371009148045,1.00000791507264,1.00038192893558
2025-04-19,0.999887756696306,0.998304204124477,0.999466756244366,0.973237082512283,0.990227344339789,0.999845544612206,0.827032559427983,1.00751439491974,0.997811013010684,1.00002871448119,1.00024603719212
2025-04-20,0.999905931444162,0.999697696488064,1.00020256977799,0.98138704992842,0.999121309380976,0.999908363930011,0.80561428744532,1.0135120428604,0.997975487899014,0.9999362814582,1.00014158131447
2025-04-21,0.999993728217546,0.999211964006068,1.00011774832063,0.947361933345056,0.999558282197428,0.999976094803195,0.770154565256642,1.04196801036137,0.99841401541047,1.00032403575169,1.00001512835656
2025-04-22,0.999929526841231,0.99760111227682,0.999516434998659,1.00324813056716,0.988102231722578,1.0000096563092,0.778310583964055,0.969860972888132,0.998637187606357,1.00051900849561,1.00057097908399
2025-04-23,0.999948040635173,1.00027288119043,1.00121113256304,1.00454462816312,1.01351796531078,1.00042980636525,0.80434691272505,1.00063724265793,0.998888369499369,1.00007111093079,0.999995642970211
2025-04-24,0.999984424154855,1.00033688292396,1.00003487353536,0.991219423937543,0.998370466000761,1.00038526860573,0.879232194674086,1.01100323236037,0.99815607598417,1.00008680557876,1.00018503469593
2025-04-25,0.999975065895406,0.999586318311018,0.999725533386683,0.992525278554266,0.991358209563988,1.00038900212018,0.876229068021343,1.00503884720762,0.99879403848686,1.00015035032549,1.0002926830289
2025-04-26,0.999999537098638,0.999089252426438,0.999350119828093,1.00364918347956,0.986926614767221,1.00061103871027,0.888238608414822,1.00519385373105,0.999521301164991,1.00005070879293,0.999974430978625
2025-04-27,0.999998604875482,1.00193878313679,0.998900263137866,1.00325724218952,1.00041817483395,1.00032492625399,0.889273379992132,1.00317290900286,0.998860666981111,1.00014516704349,1.00000071452827
2025-04-28,0.999899951417754,0.999030798040959,1.00004073885321,0.973139692705111,0.995101097589672,1.00033375492636,0.883093592229948,1.01869620245085,0.998507092656872,1.0001527073923,0.999935575400179
2025-04-29,0.999980299830196,0.992241186389214,1.00030885430399,0.990587933785179,0.991544196234275,1.00022022947216,0.874339249731856,1.0005778434686,0.998938179077372,1.00006185086638,1.00014676600842
2025-04-30,0.999955664469216,1.00339094191871,1.00006330683552,0.99168441902669,0.984213841438577,1.00027138973195,0.878465834890377,0.999769280198127,0.998951700169867,1.00013645202841,0.99987067310402
2025-05-01,0.999962778627087,0.998245283689811,0.999408405486303,1.0075580737784,1.00009690329461,1.00008539645857,0.875372542665177,1.00785981915987,0.998463808873986,0.999954941172949,1.0000151064927
2025-05-02,0.99996352748043,0.998667379085307,1.00053443784322,0.997844789075375,0.993050490165567,1.00029029326095,0.884879328170973,0.997366834908533,0.999037445193551,1.00009509094489,1.0000147669016
2025-05-03,0.999899851959034,0.996653680275629,1.00095726559725,0.99523087012421,0.990207610650284,1.00037203806899,0.888003175278478,0.998741513406806,0.998932825865303,1.00012631365655,1.00032049060751
2025-05-04,0.999937736431367,0.983558394780633,1.00037772698878,1.00055895296826,1.00132319975467,1.00022911639256,0.891795793431472,0.999894915078761,0.99865759139181,1.00005404319015,0.999898122250852
2025-05-05,0.99999754055844,0.997883496218235,1.00119737180504,1.00041781785164,0.990742935740361,1.00003881982379,0.894836570315716,1.02591253841268,0.99832851340123,1.00003351921231,0.999756381852965
2025-05-06,0.999977319985228,0.978326608882003,0.999880395214925,0.999818407997805,1.00773217188883,0.999918317767931,0.896573657967212,1.00871827051146,0.997603812981472,1.00009987714347,0.999814844445535
2025-05-07,0.999901481763076,1.00085134231174,0.99951759592723,0.999444019096563,1.00929231298454,0.999941470994648,0.902257189738485,1.0024193425826,0.998725431564844,1.00000462220031,0.9996932973297
2025-05-08,0.999959364130114,0.992936952602472,0.999766125433943,1.00723806467059,0.99421683675034,1.00018130004197,0.903938911893747,0.994415306720083,0.99814790817857,1.0001819546218,1.00021184093047
2025-05-09,0.999897187618752,1.02733463241399,1.00068799176497,1.00198233017212,1.01353576920754,0.999932646163024,0.913821458502156,1.00342400266981,0.999235983224631,0.999946939792622,1.00016147984663
2025-05-10,0.999900604432392,0.999949519868054,0.999984451380422,0.99993739327236,1.01411505983109,1.00006741871685,0.938912435399755,1.00081204165091,0.999352458515295,0.999955176441228,0.999864006748143
2025-05-11,0.999944133418427,1.00470460032018,0.99961264397119,1.00385689685502,1.01011611399408,1.00008433843401,0.944365367854105,0.990892154375846,0.999945767296504,0.999941492398984,0.999967281584721
2025-05-12,0.999997127369578,0.995993336881969,1.00209951227722,1.0073478823114,1.00418059531578,1.00018896003333,0.942585888198102,1.00720511824637,0.99913511439368,0.999907417102738,0.999892177230311
2025-05-13,0.999976307628479,0.996734033806,0.999979611803269,0.994800147592878,0.997822069467247,1.00003627154514,0.940676330547145,1.0014577615073,0.99862533306258,0.999929271725785,1.00011253605528
2025-05-14,1.00000101783831,0.997063568094949,0.99765281870094,0.998787664032456,1.01424711852203,1.00013201799416,0.935375125478848,0.989129310515678,0.998889402840443,0.999935183024261,1.00005397119501
2025-05-15,0.999949465385461,0.989920601641916,0.996437912019865,0.998755509468183,1.00004411809326,1.00016359589295,0.931681202193656,1.0241516662677,0.998581855261764,1.00024623733234,1.00009517524081
2025-05-16,0.999902298068884,0.986212529181952,0.999664830764607,1.00338883656669,0.990922353616791,1.0001335936567,0.939759450792966,1.00360812653739,0.998225017713811,0.999565536287361,1.00014455888517
2025-05-17,0.999900726410494,0.995413788559928,1.00478245356165,1.00176507310412,0.988077189373577,1.00021548379762,0.953864381319323,1.00485135853487,0.999150636337403,0.99959643977167,1.00011184636615
2025-05-18,0.999899660382311,0.994297020985224,1.00026135362992,1.00055613305701,0.991453736983718,1.00030343390139,0.968133501442018,1.01297334088427,0.998946532496104,0.999630791022068,1.00007822714194
2025-05-19,0.999867230696972,1.01481624237372,0.988788845778318,0.995165953053711,1.00280850240894,1.00031002760181,0.965832552372314,0.999738926931634,1.00120387852176,0.99951674056286,0.999907015235702
2025-05-20,0.999858010898668,0.997006744247532,0.998962736071566,0.999005554177226,0.991187073626466,1.00025804458969,0.960710878276895,1.02014878477746,0.999671959019416,0.998933974438829,0.999802080539436
2025-05-21,0.999833307131639,0.998997827610821,0.999857450050752,0.992626575944891,1.00788349746158,1.00025578437577,0.96027610767202,1.00468924424509,0.998474699682036,1.00003852776619,1.00009469143149
2025-05-22,0.999775417362014,1.00790236650435,1.0040322543487,1.00429755845974,0.999065190175867,1.00036301940837,0.968554110793282,1.00105503648497,0.998789603333652,0.999488386835156,1.00021122707169
2025-05-23,0.99978328311675,1.00864435734406,0.999860859046105,0.994356640250326,0.997200823318101,1.00018612205165,0.970245641598014,1.00859306875048,1.00051692308723,0.999292328459931,0.999924827495858
2025-05-24,0.999761211927377,0.982127565467276,1.0010230352397,0.995697941294141,0.989271365276117,1.00009207602876,0.965905943628945,1.0098039784713,0.99955981787724,0.99938722576897,0.999686909073427
2025-05-25,0.999798521616837,0.992577807718084,0.998986921133026,1.0075727138909,0.995327239179923,1.00020227660143,0.964026592537256,1.00639301786696,0.998192117054733,0.999609320153264,0.999976331529304
2025-05-26,0.999787166587962,0.997765714260446,0.997218495100939,0.999987080317383,0.993447448397501,1.00034178731686,0.961136458016153,1.0085924723468,0.998425542843215,0.999709348824948,0.999994116979602
2025-05-27,0.999788671495706,0.983983599283645,0.998690063040488,1.00254815172443,0.9973090165154,1.0002640914988,0.961688891387183,1.00829366124583,0.998456258051893,0.999687204627653,1.00001626424595
2025-05-28,0.999764588259816,0.985622627564125,0.997280140709675,1.00466964603823,1.00560617333908,1.00042002232219,0.959933177932024,0.987151012837815,0.999371320706548,0.999704258244445,1.0001357353351
2025-05-29,0.999783908342201,0.994199217461128,0.996062196875719,0.994591487492093,1.00077848165129,1.00018145868204,0.96323807807883,1.01424832002807,0.998221555242396,0.999728166939275,1.00001950992649
2025-05-30,0.999784306684568,0.988257775430619,0.998273715457416,1.00153153485039,0.999640217557401,0.99994955415284,0.950789839244732,1.0031951959893,0.998862288325881,0.998982713884447,1.00001152526182
2025-05-31,0.999867756942897,0.987554845603588,0.997592530160079,1.00308025798406,0.992219806550564,1.00024771513002,0.960518541887359,1.00167259778138,0.998179995136501,0.999741492829983,1.00007272925817
2025-06-01,0.999771602161423,0.987786247688557,1.00162074270031,1.00353127368429,0.995322278099999,1.00032645943182,0.94523446710437,1.00843180465945,0.998768412350165,0.99977233627665,0.999810974120789
2025-06-02,0.999796445278736,0.980796023478451,1.00155237962583,0.993130464600306,0.99886647070119,1.00037168208832,0.946858157210215,1.01586303769374,0.998384619960809,0.99971271897767,0.999957858167585
2025-06-03,0.999797913508278,0.999259099371742,0.998540358568749,1.00459297944312,0.998685326921388,1.00038490759839,0.949734936787878,1.00383407279549,0.998561664346947,0.999874668217818,0.999997688576501
2025-06-04,0.999809291881378,0.990579579799759,1.00154146348917,1.00196204885702,0.996500745140136,1.0005530007046,0.964132172490379,1.00826820295848,0.999058136075031,0.999920873179064,0.999941200073067
2025-06-05,0.999775707280342,0.983833338685369,1.00027973236484,0.997837518173383,0.994234271607286,1.00042005848525,0.977927665588561,0.998364962407931,1.00018133884899,1.00026993924026,0.999943106127708
2025-06-06,0.999813221781394,0.983076425606352,1.00141351032834,1.00075753486413,0.994797483391581,1.00036029020296,0.975220165329178,0.994337939970474,0.99845081910959,1.00004184672667,0.999976045122288
2025-06-07,0.999779724509159,0.996393782479284,1.00147676199413,0.996243940207844,0.997283507145373,1.00065115035876,0.972888928285503,0.993607509727009,0.999532143402517,1.00010072918545,0.999942800484672
2025-06-08,0.999776979824994,1.00260697096474,0.999644431177004,0.999019033336913,0.998547815487544,1.00043070076927,0.976719747793757,0.995425445551377,0.999083909509611,1.00014266346347,0.999821020692199
2025-06-09,0.999765797192192,0.991184167846622,0.999158261526512,0.996665399615685,0.994663218948236,1.00034738998521,0.971381116362964,1.00886183129157,0.998691945106336,0.999950528622538,0.999707210832581
2025-06-10,0.999768201165716,0.993707049937925,0.99990424367566,1.0018245110912,1.0015994964744,1.00028679545484,0.968290172749812,1.00355459264714,0.998745048050624,1.00017988456768,0.999328059294639
2025-06-11,0.999781857788602,0.993397809096308,1.00044849702679,0.984311357906223,1.00102566470579,1.00006453655806,0.9706342108465,1.01168371524008,0.996977754421728,1.0005094410931,0.999718748939765
2025-06-12,0.999788754441885,0.991465053585803,0.999845675367128,0.989882588434522,0.997001496119503,1.00014049923616,0.963974049826712,1.01312479338936,0.990607170666602,0.999972443345865,0.999780976848072
2025-06-13,0.999797752527681,0.999881461021125,0.999843997758862,0.99263187531509,0.99949823435849,1.00026980577439,0.961583562338274,1.01273182919183,0.989791334261335,1.00029172050544,0.999851296978696
2025-06-14,0.999717634951306,1.00789555915354,1.00024662930983,1.00069114710577,0.999862029407976,1.00031779192818,0.957543468967473,1.01977893156661,0.998556123459922,1.00037667888032,0.999948759680463
2025-06-15,0.999703171341548,1.00246927480541,0.999758277702159,1.0011714222385,0.997994612618897,1.00030101261684,0.971082310471109,1.01691584668186,0.997998658974769,0.999976285067621,0.9993083787602
2025-06-16,0.999751625691284,1.0080855093845,0.999906400582168,0.993008821070193,1.00112753337103,1.00003158725129,0.961948522496694,1.00362986106791,0.998686961322844,0.999875747016762,0.999529611829048
2025-06-17,0.999702757386803,0.990976632816235,1.00050083632241,1.00341495803813,1.00226104680557,1.00036676293326,0.968811139786678,1.01010775279271,0.996338524460627,1.00044578296487,0.999758201883212
2025-06-18,0.999798389696341,0.99761370085436,1.00072427032061,0.997345828168163,1.00515880943179,1.0000213122909,0.966795919579169,1.00421714823994,0.99497456173117,0.99997724157351,0.999286255406117
2025-06-19,0.999781719163319,0.997750214884902,0.999829195937511,0.999995522712135,1.00622747746162,1.00015443274057,0.964211842637392,1.00591249384799,0.994999573473632,1.00020243139304,0.999624174247929
2025-06-20,0.999825662753627,0.997175127296599,0.999844381338638,0.993623399269783,1.00726017715415,1.0000575884313,0.96188238651839,1.01174521325272,0.998140154824587,0.999947101432098,0.999565394254709
2025-06-21,0.999803995259687,0.998010518106872,0.999965599157173,0.994768090497726,1.00417168558777,1.00001677938158,0.961624421769035,1.01185078044845,0.998214390093676,1.00000290823428,0.999585183861901
2025-06-22,0.999807651680826,0.997873738621942,1.00011556505232,1.00281340746103,0.994361738924212,1.00017718681697,0.956443028558349,1.01537565189604,0.996816528828509,1.00025261266204,0.999835875835146
2025-06-23,0.9998077845643,0.998859305251068,0.999100158172038,0.991758625860461,1.00629753851555,1.00017600351641,0.95730090567712,1.0026467875278,0.997738211573187,1.00018820126484,0.999628338635056
2025-06-24,0.999812074315602,1.00400176703412,0.999602421631314,0.989099785101723,1.00584551594932,1.00056808581938,0.957072629440856,1.00787529697044,1.00035403942586,1.00068440388447,0.999871909485361
2025-06-25,0.999924145994287,0.997593763577451,0.999963431198432,0.99590797716914,0.998314306666377,1.00041808680652,0.957028192215891,1.00903326384513,0.999586718899574,1.00100908070284,0.999733237179502
2025-06-26,0.999865772137308,0.98476719025988,1.000123581652,0.99229734598742,0.991577115160744,1.00048151926802,0.939511978157871,0.998313818442435,0.997733055930272,1.00028715066054,0.999975649491228
2025-06-27,0.999871591454736,0.992925127353964,1.00020562432322,0.990950914527081,0.987831000521322,1.0003470109383,0.945836322151122,1.00324055109773,0.998753356023846,1.00008588377504,0.999752830932935
2025-06-28,0.999805097171274,1.00189444517561,0.999920769458219,1.00293304629898,0.992469051361119,1.00033689792635,0.939433513672056,1.00128878747895,0.999295487239639,1.00016668717091,0.999965573982094
2025-06-29,0.999846472410505,0.996543208967167,0.999955686060135,0.996123873822117,0.994759769406812,1.00027501303988,0.939611844405122,0.997619722315527,0.997936711800411,1.00003483032361,0.999661641363146
2025-06-30,0.999804914314648,1.00594165936641,1.0004374898967,0.990022976632736,0.999615719861624,1.0001223333379,0.935444685284729,1.01306004180795,0.997944919450567,0.999948702077249,0.999643448740332
2025-07-01,0.999902427164151,0.999344480334222,1.00028833136525,0.995413774307668,0.998547894593957,1.00020829022196,0.941988618614449,1.00110894924393,0.998484979294962,1.00004274757576,0.999874812101738
2025-07-02,0.999837528523209,0.983744036939703,1.00024431684455,0.994808816899576,0.997839387090591,1.00008277705896,0.937275899997584,1.00477127358759,0.999008945001466,0.999991602229012,0.999691059229826
2025-07-03,0.999805712768382,0.99848257095288,0.999665564513511,1.00276860281937,1.00223010040818,1.00032968385121,0.93864387916346,0.995723188668173,0.998014186416122,1.00005955041701,0.999757500645237
2025-07-04,0.999902314438496,1.00017771128888,1.00008411915571,1.00504000615458,1.00048451281659,1.00025292314687,0.936706302042872,1.00289892177113,0.999168754046838,1.00008294833566,0.999991137363581
2025-07-05,0.999805033745358,0.998398321808995,0.999443323181636,1.00088963439115,0.998164217867998,1.00021007284294,0.935561662347169,1.00301391871105,0.99717620258563,1.00046095961609,0.999983202126307
2025-07-06,0.999871688343116,0.999919568254143,1.00026376307513,0.993143403940976,0.998394745587186,1.00016030829496,0.934095233064402,1.0003251871808,0.997037395176326,0.999983026151794,0.999595189066482
2025-07-07,0.999856864387115,0.99801126570708,0.99965261676277,1.00443067506725,1.0067449374487,1.00004960992407,0.928907161052056,1.00925963789171,0.997360063775962,0.999864915091717,0.9996391335101
2025-07-08,0.999803383783091,0.997098372308074,1.00057295668284,0.99278543015425,1.00087202372175,1.0000093156866,0.929456459979125,0.996083242840117,0.997269882564426,1.00022209865255,1.00008937678707
2025-07-09,0.99988513456753,1.00070016047679,0.999801896815524,0.996315045476706,1.00051779787458,1.00011437315145,0.922283754152221,1.00966183540937,0.998311787644376,1.00041969720985,1.00005000852815
2025-07-10,0.99994436467313,0.998447121988323,0.999843315441905,0.996306803954765,0.998821721353871,1.00024372017677,0.920554286603348,0.999045350771606,0.998373735716482,1.00018669109242,1.00010665143846
2025-07-11,0.999806184596921,0.999486043351208,0.999270979704555,0.99861419903821,0.999919056672248,1.00002035519781,0.927825687077999,1.00382938869311,1.00241326390322,0.999886918516208,0.999693602180802
2025-07-12,0.99994429476079,0.997780934759605,0.999853173746106,1.00491111037562,1.00433495726507,1.00023792769484,0.942582967088479,1.00464546471287,0.999284160246795,0.999756635389662,1.0001587817513
2025-07-13,0.999865911286289,0.996450434177388,0.999930173472481,1.00262247482681,1.0043815964416,1.00021856097122,0.940566602149869,1.00576564827291,0.997832047103577,0.99985236990506,0.999837816564539
2025-07-14,0.99989657506272,0.994792401544011,1.00075135655843,1.00177746857657,1.00100679886554,1.00029810749213,0.943992116111247,0.996006453711323,0.998215735147653,0.999652745631199,0.999987129642215
2025-07-15,0.999891994097769,0.998162609478744,0.999984377484966,1.01036408909466,1.00178342387059,1.00011903942593,0.908868906853147,0.993565398042777,0.999483031040052,0.999841222296312,1.0003230469516
2025-07-16,0.999898975446076,1.00100293483358,1.00079518523199,0.997083158683274,1.00207246810148,1.00003244752203,0.893637324810362,1.00398141225504,0.998669859050377,0.999349139738056,1.00004838805401
2025-07-17,0.999859723746127,0.996576375448071,0.99986748159211,1.00495848846787,1.00530029260041,1.00041303401848,0.88121443297663,1.00389051140858,0.999949937725221,0.999782108172068,1.00003175872089
2025-07-18,0.999902462761353,0.960485694611222,0.998841135471632,0.995346609438428,0.998821171466021,1.00059484877748,0.884358190842699,1.00003845173254,0.99775115745474,1.00001711553758,1.00023047385488
2025-07-19,0.999831862707601,1.00708431949262,1.00082723244751,0.991423456981674,0.997350456336058,1.00051219356823,0.875859083146887,1.00214222211946,0.997988027665573,0.99954929707885,0.999945982198035
2025-07-20,0.999900512803772,1.00523067775211,0.999996401106711,0.993247348417432,1.00189896534121,1.00044292209537,0.864578808533502,1.00046122559106,0.998686054625941,1.00006752677663,1.00013269321944
2025-07-21,0.999899186643763,0.991373752185747,0.999584042361638,0.99645038023654,1.00431097727729,1.00039829514512,0.871210461854063,1.01011854306984,0.999522915410834,0.999904648632608,1.00007758736287
2025-07-22,0.999883006105216,0.99312095376798,1.00014826912269,1.00970302302073,1.00339988529023,1.00032534103118,0.82683256361297,1.01211166880435,0.998454423606888,1.00001960553727,0.999994887947192
2025-07-23,0.999903549211519,0.99806799025957,1.00005030655531,0.994372530250434,0.999670208071242,1.00036838074211,0.816262912660965,0.989814944977893,0.999563425522433,0.999980132529234,0.999999587998928
2025-07-24,0.999805940333325,0.997949697943443,1.00027868391151,1.00049501221909,0.998493739505433,1.00036658843151,0.919320219996521,1.00449121081269,0.999837899407594,1.00004145198549,0.999797286182343
2025-07-25,0.999810860380125,0.997731008187919,1.00065559260277,0.996378814876095,1.0013742311057,1.00040540458194,0.932888958631894,1.00072811841083,0.997982751912087,0.999981999034926,1.00003460479788
2025-07-26,0.999814492644198,0.997923196382146,0.999981566651337,1.00143862164897,1.00251450372718,1.00001857339078,0.930061976228444,1.00260808549703,0.997477583911116,0.999800074413453,0.999664125271155
2025-07-27,0.999813017283624,0.996120672949164,0.999728899791274,0.995342135998056,1.00323185855602,1.00023048198822,0.927376368869862,1.00009688216132,0.99991047435513,0.999861344965193,0.99995761035998
2025-07-28,0.999825948742787,1.00052208878983,1.00008531070125,1.00554921425687,1.00368557697097,1.00024905200647,0.928633233483603,0.994771164413621,0.998902757478121,0.99985890689984,0.999999985069524
2025-07-29,0.999756380410027,0.997843422428897,0.999969262900704,1.00738041876396,1.00358959029815,0.999939230002018,0.93455924355591,1.00311100651201,0.997825124431131,0.999911005691673,0.999883025217023
2025-07-30,0.999788654919744,0.996312572942932,0.99961920468628,1.00558636396724,1.00343448746878,0.99978507759425,0.928765983734489,0.990535348338179,0.997504095348076,1.00004341396579,0.999832287306167
2025-07-31,0.999827905472398,0.996333803837929,1.00037003530079,0.999927906531003,1.00657479428153,0.9999018266881,0.927696851436124,0.996041560337072,0.996604066385978,1.00011718408086,1.00004977096138
2025-08-01,0.99980220206328,0.998017903500858,0.999640926327812,0.987802642256417,1.00205162407993,0.999853968337843,0.948314811929389,1.02061034893165,0.995984266574473,0.999865589505514,0.999860292115875
2025-08-02,0.999757485049318,0.990415703544213,0.998887606790292,1.00321923563897,1.00238654755944,0.999556834847404,0.951562139689348,1.02014095369025,0.995931215116881,1.00009468707153,0.999810466674265
2025-08-03,0.999722516694597,0.998772890229037,0.999370849109868,1.00277927611801,1.00937720393186,0.999752320838874,0.961368736688571,1.02107129819184,0.997285293087959,1.0000466009954,1.00009801280395
2025-08-04,0.999701943297476,0.998616900908662,0.999644551464391,0.995122597288382,1.00115704135528,1.00002665123661,0.954441488038516,1.00553701118486,0.997224305585454,1.00045947493133,0.999857963105116
2025-08-05,0.999711065043223,1.00163815258652,0.999685301920518,0.996698119745518,1.00354467893243,0.999918107330427,0.948384787599003,1.00614628301625,0.997246824574182,1.00008479269793,0.999780643928457
2025-08-06,0.999802557773224,1.00128979825685,1.003018418098,0.995881365100026,0.999334625887565,0.999917072509133,0.952524452586041,1.00243540496711,0.99720453867465,1.00011504790538,0.999940746644847
2025-08-07,0.999804852347391,0.980995708898231,0.999963854739477,0.99797506000177,1.00064365585143,1.00017977137841,0.978790840281614,1.00521695535699,0.997865747341346,1.00001037317192,1.00014243984875
2025-08-08,0.999801914198444,0.9996635528153,1.0006813049798,0.999709321230274,1.00027939014401,1.00013894193843,0.983647700072752,0.996690366748144,0.999002188170152,1.00001219050689,0.999856317416464
2025-08-09,0.999706278368713,0.961538633143897,1.00017205517983,1.00221534837178,1.00118531743835,1.00003099224578,0.976838856250035,0.996216285384764,0.998301272212923,0.999887004825357,1.0000287790999
2025-08-10,0.999773336818672,0.985559373419752,1.00005660588295,1.0028046544501,1.00142225059822,1.00016879416439,0.992622332921945,0.995761238068311,0.998850194545484,1.00007595986268,0.999913655496017
2025-08-11,0.999793928003434,0.985911830197795,0.999784368666306,1.00645696987375,0.999152004072799,1.00006025908578,0.98847147930464,0.996121135835842,0.998632599366503,0.999988917372365,1.00022774144525
2025-08-12,0.999833498706536,0.999236828311358,0.999433126537624,1.00152408066322,1.00228941462328,0.999982986947626,0.988063947138531,0.998144487444833,0.998729978605033,1.00004481100744,0.999982282155631
2025-08-13,0.999790226942189,0.99906097477435,1.00044724208522,0.998295782626684,1.00203932901908,0.999729605066917,0.990068934803525,0.997910304789805,0.997987491626507,1.0000749993101,0.999665753848091
2025-08-14,0.999807406432304,1.02742098356821,0.999997803902314,1.00896589367977,0.994706316363116,1.00024408201989,0.995386208094786,0.992420536995734,0.997901475807269,0.99990295645233,1.00005226205598
2025-08-15,0.999806907705828,0.988903652184188,0.999578823635573,0.992098165814221,1.00131600776162,1.00066961177471,0.997701486118478,0.996556978046915,0.999442111680887,1.0002843672918,0.999840247260954
2025-08-16,0.999806507524009,0.998703456487208,1.00020455582358,0.996590640402921,0.9973519155304,1.0006533939618,0.9920461791041,0.996252342825087,0.999351419092775,1.00024966692681,1.00009716653097
2025-08-17,0.999903041764514,0.97022339417927,1.00008648826203,1.0034402772508,0.997480290838171,1.00059205531047,0.994319786824802,0.994754645429871,0.998640473395292,0.999943957743042,1.00009033727565
2025-08-18,0.999900583845277,1.0009152845948,0.999993626656605,1.00122684549469,1.0010333417825,1.00064101322418,0.996269412504321,0.994498269020762,0.99795482046344,0.999944254232884,0.999935789470706
2025-08-19,0.999811729645884,0.989346103641759,1.00029270528026,0.997693496625686,1.00715219128583,1.00044285111724,0.993747428981797,0.992086511348719,0.999280317326229,0.999557821163009,1.00001879266956
2025-08-20,0.999804248658262,0.991020076349493,0.999259524164284,0.997308251657928,1.00409684400901,0.999894535936955,0.996047319649507,1.00397451598211,0.996849651655574,0.999823248113388,0.999451997930285
2025-08-21,0.999781776346825,0.997601308148387,0.999796284406418,1.00705231538963,1.00221352894297,1.00007884446927,0.998545212229035,0.997321623028377,0.997369363788511,0.999891481693737,1.00004128354466
2025-08-22,0.999795217841434,0.998243766021772,0.999562082821007,0.990451365960429,0.996909516414779,0.999776169354345,0.996134309568253,1.0105822802589,0.996950916961155,0.999666988925552,0.999832701367995
2025-08-23,0.999704403442959,0.998082040224119,0.999498276974887,1.0008207577088,1.00753414931484,0.999689244666766,0.995272582273914,1.00949134162588,0.998579775442495,0.999488685632023,0.999583488223583
2025-08-24,0.999808374767304,0.997779974789536,1.00035604496633,1.01040735085628,1.0043690470208,0.999640148307197,0.97487301248201,1.00962054905239,0.997490212405379,0.999790336929594,1.00000156330928
2025-08-25,0.999792956875285,0.99502916694599,0.999570203682088,1.00574501746258,0.999359788119881,0.999939068176284,0.983686043079309,1.00451360196065,0.997944896422644,0.9997917536692,0.999999814437773
2025-08-26,0.999760265561091,0.997888571051824,0.999581833883815,0.997345489003406,0.994339017770624,1.00018714745014,0.986076750101108,1.00174348921162,0.99840063628276,0.999957859957533,0.999954100290267
2025-08-27,0.999814061686937,0.994445494062774,0.999848332100406,0.999797620726268,1.00674208506416,1.00018918018253,0.986534872727518,1.00195134459046,0.997672532397785,1.00030530384466,0.999728438357386
2025-08-28,0.999902515021298,0.998432726450378,0.999569350128881,0.997121429648749,1.0038587510995,1.00010547641936,0.984532425892926,1.00529468971648,0.997614248748214,0.999930311073797,0.999843397412009
2025-08-29,0.999811032052975,0.992251264434896,0.99955281083865,0.991774064244951,1.01032029974953,1.00011769867452,0.983525783879584,1.01596179902647,0.997768903928852,1.00005720520524,0.999877856941522
2025-08-30,0.999810276187488,1.00125677008474,0.998679749661098,0.999957413600505,1.00644813371926,1.00021809194608,0.984002013069308,1.01633172914123,0.996875736045401,0.999968859182936,0.999900984256943
2025-08-31,0.999801288720798,0.999065047341557,0.997400979334193,1.00075851274141,1.00326934402669,1.00021070702478,0.982166948939917,1.01536459395973,0.996562887735627,1.00000290598309,0.999857668702186
2025-09-01,0.999807617410376,0.998146650308857,0.999482870658501,0.994707806597905,0.999052796153151,1.0001597516639,0.980560332683907,1.00986184444161,0.998175171973722,0.999931412696583,0.999729311262531
2025-09-02,0.999802830718878,0.996801097014683,0.996709059039182,0.999946405400335,0.999577441916631,1.000080636078,0.98351211706664,1.0201716294715,0.998539184737781,0.999969798850496,0.99985099641779
2025-09-03,0.999715209596289,0.997971304010848,0.999491890653778,0.99913738219499,1.00591603501345,1.00001687329654,0.985565616551666,1.01057530956487,0.998722412155699,0.999820649780618,0.998478734700381
2025-09-04,0.999802037964301,0.998248627809073,0.999061300848032,1.00266457540093,1.00614503824767,1.0003823316647,0.984051073818271,1.00554400200906,0.996700852038235,1.00014286824336,1.00093464228345
2025-09-05,0.999810353615619,0.998624857175776,0.999417689789016,0.993733183764614,0.999228437200538,1.00013485513988,0.98821241931427,1.01267246776968,0.998346425239788,0.999952906454134,0.999803538992627
2025-09-06,0.999805782825504,0.998402617780978,0.999365484788627,0.993006151788681,1.00653707527063,1.00018337530797,0.984435579458457,1.02219254301009,0.996242661688008,1.00040405255406,0.999320346709178
2025-09-07,0.99984255642477,0.980894793528445,0.999731714760682,0.987109671295995,1.00758137418111,1.00037795246973,0.982426170883795,1.01513213950231,0.996323271480597,1.00014780795656,0.999960895903137
2025-09-08,0.999802893606206,0.983114283588775,0.999280116151056,0.986678357302264,1.00657928778182,1.00002198433832,0.985514971358812,1.00821362913108,0.997875442483293,0.999932458745066,0.999768850603857
2025-09-09,0.999802136417809,0.998186693485797,1.00176407313929,0.990562587614689,1.00820209117553,1.00005792931348,0.981987460015898,0.997000491914006,0.997994673492406,1.00016259320029,0.999935226282212
2025-09-10,0.99970623902952,0.999411294829315,0.99925017132764,0.994868562778223,1.00754650172964,1.00005365622419,0.980939794154303,0.999407642385545,0.996470595277554,1.00000186350548,0.999307605380373
2025-09-11,0.999798137628515,0.980649591592127,0.999186649194503,0.991496008726781,1.01011715246001,1.00029711389092,0.965626336500062,1.00695661992224,0.998561311247543,0.999944479573914,0.999888724643672
2025-09-12,0.999782964584893,0.996992540514463,1.00012317931487,0.998965831191651,1.00510139414828,1.00037313391367,0.9780841185086,0.996718262326279,0.997593028746624,0.999985180249079,0.999730730852842
2025-09-13,0.999753369289412,0.99902944276556,0.999989360706336,1.00148037431718,1.01065547895958,1.00065523837169,0.957708785310715,0.999595429907885,0.999587366752657,1.00006543813604,0.999794653998029
2025-09-14,0.999802455005506,0.981613528948872,1.00066586643961,1.00032447118757,1.00773907737686,1.00057039791605,0.972870386701719,0.998705021696855,0.997609478221366,1.00005949925512,0.999494967127735
2025-09-15,0.999764361210421,0.997102977830709,0.999804596346986,0.987091371267091,1.00667064928087,1.00065222239721,0.966719094274221,1.00175440084244,0.997204817710494,0.999947882926235,1.00006220272347
2025-09-16,0.999783033575139,0.997629551080967,0.999779872391987,0.989461670289154,1.0012566986809,1.00030665543218,0.966815641269999,0.997251173847002,0.997114721051186,0.999870300620104,0.999420824877414
2025-09-17,0.999781659592596,0.997092437978718,0.999645610279321,0.995916306662921,1.01128974157524,1.00030329934126,0.965388476368213,1.00970919024087,0.99859192499262,0.999893915584541,0.999140069111915
2025-09-18,0.999707622449496,0.996521307573088,0.999822238770933,0.999352964447802,1.01603546504875,1.00032793355721,0.968565325670337,1.00023200760933,0.998365004397694,0.999957743471309,0.999580677963098
2025-09-19,0.999728608215637,0.994529099857556,0.999701669508774,1.00259917473636,1.0143341001836,1.00034582139459,0.966828680915868,0.996648648660579,0.997952900064352,0.999868641704492,1.00000196184421
2025-09-20,0.999710282135497,0.997667862575398,0.999701354952417,0.995483574641011,1.00753148474984,1.00043894559366,0.972566697220952,1.00881205200317,0.99841850738022,0.999965996816601,1.00069443078168
2025-09-21,0.999702568710767,0.999078924039706,0.999744487469463,0.994816665800281,1.0161325919481,1.00045192332348,0.970962371111667,1.00817419961602,0.997076461991557,0.999908586294837,0.999843716514999
2025-09-22,0.999702036091033,1.01441592552745,0.999749728512074,0.993475726667188,0.996946239619431,1.00039969985799,0.97184433369373,0.992710450253786,0.998817618572814,1.00003181944468,1.00006625199262
2025-09-23,0.999705697411449,1.00949625169226,1.00003752388916,0.991932705478254,0.989511785641702,1.00081493690729,0.962388250819706,0.992536188413457,0.999509437958738,0.999577481648553,0.999744016656911
2025-09-24,0.999604186335898,1.02915760383893,0.999345224634837,0.998562621002853,1.00699137560424,1.00020622908386,0.970424601555077,1.00177549392313,0.998118138225145,0.999745829090857,0.999960169852844
2025-09-25,0.999705072704642,1.01280652273784,0.999877040622582,1.00163416963412,1.01220500043842,1.00033613322685,0.975571433513113,1.00089398758609,0.999965819756615,0.999861153165736,0.999367243603893
2025-09-26,0.999706160338755,0.9999904499612,1.00023514465794,0.993599061716849,0.978730950493522,1.00046077569429,0.974450530363019,1.00149922186486,0.999416895531845,0.999915935433638,1.00020503619758
2025-09-27,0.999698636424371,1.00224374151151,1.00115772301079,0.99898684580284,1.01580233948221,1.00055432137983,0.978298131717065,1.00663102390477,0.999560454445912,0.999772851093627,0.998939268669404
2025-09-28,0.999618930306449,1.00062293329604,1.00021660031739,0.990476368885067,0.999253160770585,1.00044918815554,0.981441575362856,1.00747403665498,0.998286732314583,0.999564805274337,0.999023183495725
2025-09-29,0.999705530736105,0.999295166361238,1.00019511265164,0.995368292150673,1.00463592124,1.0003198218516,0.989345741813426,0.991012584457301,0.999104636385889,0.999703657760613,0.998935321138475
2025-09-30,0.999611779044611,0.997850447083642,0.999862742923794,0.993937206654759,1.02384251665676,1.0005010520102,0.994845942348097,1.01062291922944,0.999448882407123,0.999840078364895,0.999431919045876
2025-10-01,0.999704614543078,1.00029646797391,1.00209700770613,0.995835687470997,1.01457115261953,1.00001867348162,0.992489466826152,0.996472057605898,0.999207834816262,0.99955181130808,0.999889224849984
2025-10-02,0.999804598749172,1.07400875708097,1.00185012249686,0.99954508579245,1.00474411987039,1.00046244852406,0.996186495982706,0.998909157719054,1.00024293619825,0.999713567511456,0.999523832039155
2025-10-03,0.999781456715202,1.0551680100587,0.999617376104804,0.994066011722048,1.01964689433938,1.00050350341568,0.997802209598632,1.00169022235607,1.00021170602439,0.999258232963553,1.00011719692631
2025-10-04,0.99984340657887,0.999109774594039,1.00022507890312,0.995746133268792,1.02367380793057,1.00054400081583,0.992887979460475,1.00672524309228,1.00047348072932,0.998950702600757,1.00054084390986
2025-10-05,0.999700298261352,0.998499588087602,1.00031902615378,0.99986535145123,1.00969360831521,1.00034636417288,0.992789078230766,1.0106654028465,0.999594627611774,0.9995565105574,0.998992513605267
2025-10-06,0.999703171500447,0.999697211259655,0.99965193864164,0.995401850992176,1.01500567292951,1.00020634250223,0.99473054924916,0.993130816265523,0.999926039515046,0.999667984778728,0.999385467134094
2025-10-07,0.9997414065992,0.994722894497511,0.99461792198005,1.0011330613431,1.01478809750493,1.00031946542606,0.990033262653528,1.00565656111985,1.00001987622321,1.00022281357278,1.00044812599619
2025-10-08,0.999625601876656,1.00121730538916,0.999977138745751,1.00557345128261,1.01788740996855,1.00038881667361,0.992531527183685,0.992169889434642,0.999924960815409,1.00002043549234,1.00055440757699
2025-10-09,0.999697520513542,1.00130804366344,0.999796219358398,1.00512804708942,1.00643566245276,1.00022374380429,0.996507118607156,0.997611717382988,0.999853232102599,1.00022886674,0.99897227192702
2025-10-10,0.99980093500008,1.00006066543732,1.00001462550358,1.00161386774319,1.01118034804479,1.00053263539087,0.996564911822312,1.00071126362195,0.999524859266292,1.00043731457897,0.99972066917666
2025-10-11,0.999785493251173,0.997732664455956,1.00079369028264,1.0029340537823,0.966016198820305,1.00169801144774,0.996279461236511,0.997745482741359,1.00019459576924,0.999691692351959,0.997590138667482
2025-10-12,0.999873024924141,0.997704672850757,0.999539023165675,0.988144804334728,0.981955549251945,1.00159109506191,0.994784164903262,0.999161943305386,0.999575661421328,0.999882456500538,0.999970135069634
2025-10-13,0.999924251737871,0.997844520969006,0.999592303372842,0.994711890816533,1.00009423754046,1.00120643404267,0.998480198110511,0.993194145846597,0.999968323033364,1.00022763524528,0.999843694592573
2025-10-14,0.999996456242598,1.00009580086241,0.999745028622948,0.99597429907711,0.985228154372244,1.00104481565994,0.998690725124363,0.999909047620271,0.999828494130799,1.00004991856607,1.0002978238357
2025-10-15,0.999901744641594,0.996392578302787,1.00067817664271,0.984895701275709,0.987981546834943,1.00066303901501,0.998308800762903,0.997807166599485,0.999785020377454,0.99972441665008,0.999799578828854
2025-10-16,0.999801542015326,0.996374762750697,0.999770011763256,0.985275930117325,0.99812611838159,1.0007493981957,0.99668943158205,1.00356501612589,0.999174608700873,0.999794658214561,0.998649062608493
2025-10-17,0.999801763829964,0.998091071405988,0.999557027569474,0.992876832970456,0.990950282896669,1.00044682214637,0.995763310528521,1.02455972436049,0.996722375623513,0.999988947415402,0.999209009439652
2025-10-18,0.999900184131894,0.999226422385953,0.999861443321055,0.980365869096317,0.989006373427004,1.00074475004524,0.997883781056478,0.977713992263735,0.999152392519947,1.00016442757307,0.999699100594294
2025-10-19,0.999803936918247,0.998520005781882,0.999803745245961,0.983556378655919,0.998740724010651,1.00061553672151,0.990981965453206,0.978307355998257,0.997018540024868,0.999577771813501,0.999045286976476
2025-10-20,0.999820270778589,0.99695845918482,0.999782427659088,0.991526774310724,0.994147673201754,1.00057867264257,0.995016971783878,0.998100778125063,0.998638451144091,0.999515667577673,1.00116618568375
2025-10-21,0.999800704889112,0.993870413618302,0.999958374222825,0.989590282995584,0.996446280981741,1.00052095427283,0.992242375649835,1.02107674689828,0.999015508062911,1.00005405088244,1.00023938027255
2025-10-22,0.99980772755474,0.994231146875548,0.999747683299037,0.988520690757664,0.996513678060502,1.0005377258322,0.995105075762724,1.00736089890375,0.998501579217282,1.00063980099163,0.998979102406806
2025-10-23,0.999803031117708,0.99754190593322,0.999390416934407,0.989621451484232,1.00729325682471,1.00035375418721,0.993973771963876,0.992108057049262,0.998946206645839,0.999690027217793,0.997386085806052
2025-10-24,0.99980988516662,0.998790733519792,0.999730412857768,0.988801737304722,1.00747492822247,1.00043734251223,0.994904293651964,1.01187754624847,0.996433630521842,0.999862606725158,0.999194039684772
2025-10-25,0.999885474763432,0.997096125245832,1.00030808651553,0.994758868999071,0.985172525801343,1.00039882251097,1.0027117250344,1.01026621185539,0.998558612542675,0.999994189470273,0.99911493144201
2025-10-26,0.999801943317134,0.998751480497625,0.999677731444618,1.00303551240132,1.01291355421569,1.00037689912861,0.993346265015552,1.0100832509971,0.997204980542206,0.999972675690653,1.00049923780064
2025-10-27,0.999897746006312,0.998925598219808,0.999748077135934,1.00077918553322,0.995139275442812,1.00017602051984,0.994598729084436,1.00753712106193,0.998450099757622,0.999708852751905,0.99903699728512
2025-10-28,0.999842184903193,0.998581447193073,0.999344649373194,0.993786102605395,0.998445317659224,1.00015255151841,0.989708194535675,1.02099165640075,0.998541448252158,0.999725090220736,1.0001600695666
2025-10-29,0.999807502070805,1.00230957615252,0.999605551125845,0.993810903298011,0.99050265719747,1.00032566373664,0.990014121166802,0.984702215442231,0.998653922400415,0.999730263604445,1.0001118978204
2025-10-30,0.999807295025208,0.99914546751173,1.00007461068626,0.994967186064822,0.992199018121989,1.00029637624585,0.988171663622385,0.991313215974749,0.99884591341545,0.999795623722995,0.999772339948176
2025-10-31,0.999800490941656,0.99579974616025,0.999248249628945,0.997308044661685,1.00407904596002,1.0001451170906,0.984743234380966,1.00589989688775,0.997439936102606,0.999751491614678,0.999813618127258
2025-11-01,0.999708607483698,0.999076864462812,0.998724887867661,1.00354005229378,1.00238266561879,0.999761339631083,0.983299963110619,0.99691918717512,0.996188203240641,0.999935656331534,1.00010033923901
2025-11-02,0.99979,0.999524264023486,0.999269416473345,1.0072622867958,1.01643087037313,0.999881863956762,0.985523550930143,0.998989661571252,0.996358246922654,1.00053645195764,0.999810078722526
2025-11-03,0.999808956016948,0.997147753512088,0.999369863932121,1.00184240453081,1.00023220786471,1.00005105196189,0.987416187115736,0.996151696318273,0.997533867357814,1.00060606450847,1.00006893191957
2025-11-04,0.999804285250367,0.996866003743271,0.999385365492094,0.997842813489931,0.996040868561049,0.999930831555092,0.978600771246243,0.999125980235588,0.997712445353335,1.00004537690007,0.998990785543548
2025-11-05,0.999775437644126,0.996350997975541,0.999095354588718,1.00099935586285,1.01411540536382,1.00001845616442,0.985601401542037,0.990780517588288,0.999093533079906,0.99992926063132,1.00042604822767
2025-11-06,0.999702464104493,0.997669159920654,0.999876370228301,0.996110477701855,0.997772249635477,1.00006226270903,0.980791150163153,0.992016960406528,1.00548015063953,1.00017148027701,0.999918213210315
2025-11-07,0.999703509640996,0.995635087013195,1.00015689521509,0.992544217459043,1.00411288721886,0.999602212714098,0.976617664218736,0.994163472325734,0.997409955493607,0.999815338296717,0.99958992804833
2025-11-08,0.999999650808741,0.998478877852744,1.00353507636404,0.986613452463932,1.00276033168921,0.999703889833568,0.979695998989292,0.996028512776919,0.995549923663352,0.999974429661966,0.999772662146652
2025-11-09,0.999801534460132,0.997896626538608,0.999421222524041,0.991392334887563,1.01433652753663,0.999805417225092,0.972163286443578,0.995395464947876,0.997675444010005,0.998555062188869,0.999152005619746
2025-11-10,0.999705543966981,0.999310307522354,0.99922664649145,0.995443399888514,1.01900888620299,0.999748439540465,0.97506375434744,0.98132185330116,0.997833716157747,0.999033238482476,1.00039273152406
2025-11-11,0.999801898842619,0.995702775609054,0.9995923722583,0.994935436265543,1.00979421614821,0.999603071514792,0.972986515245923,0.993644357710088,0.998362948271148,0.999556343530104,0.999186050114899
2025-11-12,0.999703896272806,0.995642130543294,0.999161840151144,0.990666110881306,0.985447747580448,0.999349317395904,0.966823935547609,1.00192218944296,0.998530729605049,0.998478420958386,1.00033944665966
2025-11-13,0.999801132542231,0.997993329465871,0.999398601545789,0.991687318415263,1.00988241908921,0.999813030716476,0.972734335766981,0.986333729320171,0.995899121218179,0.999859948244595,0.999481754873951
2025-11-14,0.999781737633796,0.999029827679233,0.999266091341914,0.980195568664277,0.992155248065742,0.999361804430786,0.968492475247458,1.00251849749979,0.995802488168917,0.999361886865145,1.00008944712188
2025-11-15,0.999793843398907,1.00107719839334,0.998911956855291,0.984415201149875,0.991745156878174,0.999680959130411,0.977722509058105,0.978215172672561,0.994383026819613,0.998266142202098,0.998544267046798
2025-11-16,0.999799569629794,0.999355345000819,0.99893202281387,0.992598306849479,,0.999624610177007,0.968267625186001,0.983196185794446,0.995549949401307,0.997818239788253,0.999551337373686
2025-11-17,0.999800868551821,0.999668916780748,0.998767955784714,0.987756886177824,,0.999319032946205,0.962760027255186,1.00161167057807,0.994946179689117,0.998298874233977,0.999150325813646
2025-11-18,0.999802173192952,0.998306952289735,0.998536087658359,0.991854559056689,0.874403970703383,0.998934125183276,0.964644713614073,0.995974865775887,0.995785836782982,0.997678476342026,0.999362477457071
2025-11-19,0.999804365849739,0.99757535055916,0.998787739385201,0.984558954957184,0.872943152614144,0.99953538731093,0.963400339142636,0.988367555440602,0.994782546176815,0.998976884435144,0.999623927018493
2025-11-20,0.999632382018823,0.999044115363274,0.998723547336095,0.987421396508991,0.152647187110395,0.999135631421655,0.964200901645361,1.00745989964376,0.99571734510894,0.999106469681707,0.998660654609439
2025-11-21,0.999703173099382,0.997873772762808,0.998682742845366,0.98349925769701,1.00488242560518,0.99890845101542,0.959817403708131,1.00924248758747,0.995167781219847,0.998798513628293,0.999627135050697
2025-11-22,0.999710837236842,0.998018763489403,0.998943813608172,0.972848282684599,0.984482169081325,0.999566761222362,0.955696954202784,1.00705851352372,0.997372112746146,0.999415391678178,1.00001215229386
2025-11-23,0.99970373328436,0.998775707269697,0.999247899628203,0.984706641612984,0.960971951863708,0.999601136090031,0.957840205855111,1.00525906335446,0.99632077049688,0.999425767664031,0.999435075507063
2025-11-24,0.999703080918218,0.989597874094665,0.99979152097705,0.987965918832775,0.991530164317872,0.99979804554823,0.956955413795057,0.999173078109392,0.996792835659014,0.999481321752428,1.00019663322308
2025-11-25,0.999682921349146,0.975996431510303,0.99987061631768,0.988334377895897,0.968651121603532,0.999894986363753,0.939736523516374,1.00234097189645,0.997143809960245,0.998643807384828,1.00011240380265
2025-11-26,0.99968247309526,0.999869739429351,0.999007658527885,0.985324423609188,0.0291134972774627,0.999717867932697,0.914375914364721,0.992516075099099,0.99718385640165,0.998460623729253,0.999173250834061
2025-11-27,0.99979720238882,0.997538902772488,0.999279958138144,0.989883998086222,1.01885672865047,0.999951840838614,0.9187160507626,1.00301093130997,0.995935401961096,0.999063186695017,0.99922420933365
2025-11-28,0.999703016003842,0.993354132105892,0.999596815146293,0.989160287219112,1.00429742655309,0.999999114002617,0.92398981522582,1.00019454875768,0.99674408993167,0.998017178509113,0.999444742024597
2025-11-29,0.999702942036291,1.00040455051484,0.999625774495342,0.991545889126207,1.02208236549834,1.00023183857736,0.926822862361229,1.01724203213861,0.996007297443117,0.998697933970079,0.999419337804722
2025-11-30,0.999822788403676,0.99853284415976,0.999883153394322,0.987703055531957,1.01136888298674,1.00034090789543,0.972060824689203,1.02207703985329,0.996513559769155,0.998242770049274,0.999317118644566
2025-12-01,0.999808905238644,0.999950250440902,0.999827347094028,0.987446521974671,0.99192060448204,1.00018130664165,0.966516669161353,0.996711338491075,0.995847374594805,0.998111822355734,0.999603715781872
2025-12-02,0.99980219692174,0.999330743065134,0.999597145639332,0.994281954248111,0.984430750643437,1.00005584971956,0.963199090939015,1.01445426055287,0.99549587621354,0.998394412661316,0.999528504448112
2025-12-03,0.999900402755574,0.998734472994744,1.00086980960694,0.992825043759717,0.977600931765096,1.00034405182725,0.972708545074999,1.00337214459234,0.996485254754253,0.9992140556411,0.999448189832017
2025-12-04,0.999900176300745,1.00065168116106,0.999869835803937,0.992366979149232,0.998727254971633,1.00028644459605,0.957306738446705,1.00358982201727,0.998671700605824,0.99911876850292,0.999145877505991
2025-12-05,0.999804829382121,0.996717943056182,0.999555239764674,1.00389529051621,1.00483880803489,1.00018212874276,0.958773537561022,0.997620564148476,0.99803986228207,0.998916018000176,0.998948068839888
2025-12-06,0.9997055432439,0.993556785850148,0.999537063050093,0.99878350327278,0.970878572069116,1.00023992112594,0.976555793770632,0.996889687347482,0.997798290830729,0.998890014788151,0.99978359229572
2025-12-07,0.999790072896449,0.998179465358219,0.999423790033263,0.99406577164251,0.994848570478582,1.00029179086219,0.956463333660366,0.997816946110586,0.997779068959889,0.99885338370818,0.999550864161467
2025-12-08,0.999863019741743,0.999447909415668,0.99976300599726,0.994617934060803,1.01533470298878,1.00024753157783,0.964734237388403,1.00228106639807,0.997874369613361,0.999020014088217,0.999565221087751
2025-12-09,0.999804860453146,1.01124015657473,0.999974843056475,0.992122605077283,0.989630467910965,1.00011074745485,0.95516642485454,0.999422218308896,0.997424139180486,0.998876309901883,1.00055583396734
2025-12-10,0.999801288479625,0.996657494920209,1.00075401661682,1.00125410621501,0.97135688784917,1.00008487998687,0.980919556849026,1.00593414085507,0.997211850592375,0.999774909171141,0.998604431527422
2025-12-11,0.998797873323597,0.9981098855651,0.999355411485622,0.99738546866247,0.984147934761396,1.0002070681901,0.965118421960402,1.00613485294389,0.998481977219476,0.999009342352258,1.00009244133767
2025-12-12,0.999901650572422,0.994444098252983,1.00107853221955,0.987134110598372,0.987156213009274,1.00019459381878,0.970837252690276,0.992148023809749,0.997241057188266,0.99930614164495,0.999268007375689
2025-12-13,0.999885121318445,0.99605560651009,0.999654988067142,0.983522701235035,0.9887361158351,1.00018548630635,0.965596522478047,0.997801353782179,0.996096887605132,0.999640902486276,0.999929572804085
2025-12-14,0.999965160783598,0.993974521138026,0.999782001031027,0.997934854119521,0.992297895843268,1.00016057886604,0.950915471651415,0.999263889997866,0.996474395472488,0.999650862111094,0.999448141583841
2025-12-15,1.00003578621269,0.997995678121444,0.999575793380988,0.983046584886688,0.988746400859852,1.00018510202129,0.933874757024655,0.995819804947398,0.996428486080909,0.999423267315646,0.999901705882315
2025-12-16,1.00004664707964,0.998998146190535,0.999561896259992,0.977287097036219,0.982874635560762,1.0000863047727,0.906338466394872,1.00951895646309,0.996051715452922,0.998965494286906,0.99936018562886
2025-12-17,1.0001156061295,0.994044641067848,0.999775767295615,0.9869684932504,1.00382178422476,0.999894872396889,0.922692893138015,1.0017650255627,0.995707464387301,0.999081295937644,0.999732348338716
2025-12-18,0.999930233582348,0.997072254874762,1.00624919355383,0.983563247555845,0.997891117787958,0.999799919544427,0.917702369045176,1.00863148237091,0.996391194299218,0.99880838775533,0.999519292075905
2025-12-19,0.999823404775466,1.00003573525234,1.00008528630247,0.997748826953545,0.973115588914634,0.999610536203262,0.903474251721811,1.00421766389174,0.995777136809291,0.998846623929673,0.999413042038922
2025-12-20,0.999836711049949,0.997718121663724,0.998971938631864,0.995290652399718,1.00358538568657,0.999472033793072,0.897352478404263,1.00499217471621,0.995697453831923,0.998807612574865,0.999656391237546
2025-12-21,1.00001752356761,0.997146154322574,0.999450811483638,0.983319945533478,0.981991968124999,0.999731465366335,0.896438388506733,1.00545074590711,0.995872552668245,0.999100313365322,0.999504356106496
2025-12-22,1.00003753732437,0.987148780666019,0.985236497312366,0.988689121771506,1.00310992789252,0.999787916413736,0.899534078920593,0.990640539522802,0.995627820189387,0.999080621866969,0.999846047429989
2025-12-23,0.999901527091046,1.00322815337261,0.99928458526735,0.990074948285258,1.00132274542998,0.999544285882946,0.894988713827604,0.999591571677707,0.995792027982346,0.998984610289531,0.999299202418
2025-12-24,0.999755026929368,0.999555603893788,0.999027212970866,0.98416506479101,1.00489543368356,0.999486341096157,0.899498397972025,1.01107141649519,0.998361270345597,0.998797912309561,0.999267799738057
2025-12-25,1.00007613074824,0.999534675431388,0.999060426270984,0.987856907895229,0.965759118745513,0.999518705075173,0.903834026972242,1.00297592868538,0.998340337528165,0.99862110992657,1.00006754761626
2025-12-26,0.999708152829279,1.00047425769008,0.998798816099531,0.995000162485296,1.0040979615443,0.999519293017084,0.899628164479302,1.00774278118083,0.998636938319065,0.999031566077887,0.999630502215063
2025-12-27,0.999889229301332,0.996384383088697,0.998907857901496,0.985803361468868,0.996840716073837,0.999367232296534,0.887391971746282,1.01643004885586,0.998336714663217,0.998890992914848,0.999769829779601
2025-12-28,1.00024180405265,0.998027705136874,0.999253953128218,0.993973840817746,0.996365287508674,0.999469729263136,0.906181029082403,1.0194394964628,0.998583520339844,0.999033755886228,0.999329242716996
2025-12-29,1.00003126467305,0.997316267620825,0.998745058725132,0.990824761581975,0.99581101010694,0.999388470477294,0.898451661397569,1.02087509280778,0.998624211309096,0.999090297019254,0.999409767172222
2025-12-30,0.999786567107834,0.995557953188711,0.998770174668402,0.987730885711194,0.996933309410458,0.998916315361554,0.870319218650995,0.99210899224257,0.997613001605826,0.999467070934262,0.998986924549054
2025-12-31,0.999874190454176,0.998621124552998,0.998595022548425,0.996807750663582,0.993907894182303,0.999018526044732,0.852181087565107,0.991903547562998,0.996989235548715,0.999356122721579,0.999541371288384
2026-01-01,0.999807959589242,0.997598215466462,0.997881704005518,0.990679432814221,0.991063510840043,0.998662724694602,0.815966723065585,0.986442339773771,0.996580693254465,0.998778531836938,0.99843781853927
2026-01-02,0.999892907073234,0.998667364401235,0.998403677704378,0.997685738388848,0.988423893644616,0.998867981848815,0.828478637993663,0.992204858442504,0.996610355688733,0.999018715217699,0.999102925352199
2026-01-03,0.999888495611401,0.99995293168218,0.999621374008098,0.996490319542162,1.00938294201893,0.999598333309413,0.838957764412754,0.989649359180779,0.9985129012289,0.999752263025233,0.999827926579881
2026-01-04,0.999969494922011,0.999517434101938,0.999151465608037,0.991478999870123,1.01152558291413,0.99965212462313,0.832291867902015,0.992247135172766,0.998105013633342,0.999667360124334,0.999727725503579
2026-01-05,0.99994767057984,1.0005000180104,0.99907886887335,1.00004156737522,0.982260608933035,0.999610568506161,0.831983918929294,0.987955130133498,0.997938791405765,0.998738017887852,0.999613155503158
2026-01-06,0.999764695625371,0.99986470245828,0.999604130201545,1.00417059454164,0.998863430570283,0.999963356036823,0.836525760839712,0.998679760669191,0.99820607733414,0.999844882235058,1.00012533130825
2026-01-07,0.999904490522288,1.00006304727559,0.999293926059889,0.99710653790592,0.988985162515647,0.999661546665972,0.862307309363517,1.01131235069993,0.998012816663217,0.999066756590044,0.999546174430794
2026-01-08,0.999932269657338,0.999527717411139,0.998967658802836,0.999692004245028,1.01528614787181,0.99912119661741,0.854969256636251,1.00904081912792,0.997533378660763,0.999199815592004,0.999527100072606
2026-01-09,0.999895117813224,0.998505888000492,0.998879304420025,1.00584179815093,0.997367322698933,0.999156959382823,0.863978269063745,1.00156392265455,0.996693736130615,0.999987418460396,0.999686162973919
2026-01-10,0.999936285769442,0.987978436246378,0.998276504820796,1.00392224106315,1.02111282839689,0.998727675348891,0.854894231726856,1.00880525638204,0.996933166485436,0.999652698358436,0.999541861148332
2026-01-11,1.00034895508136,0.987756835572458,0.998279849541171,1.00218442957998,1.022295077807,0.998749941626945,0.847764623529462,1.00994993299682,0.997472065460787,0.999260227024807,0.998937061237057
2026-01-12,0.999900908621291,0.995888739393183,0.998110051396009,0.99599703166848,0.991729429738034,0.998672283336601,0.840786807390214,1.004335320396,0.997123768484597,0.999285927630055,0.999216222221099
2026-01-13,0.999784960503432,0.99910399219246,0.998912151312123,0.996768259525116,0.981943774866275,0.998906154696955,0.784314245036705,1.00167074231915,0.998498566491005,0.999136234453877,0.999217535131346
2026-01-14,0.999710854590576,1.00152335659005,0.999318288438452,1.00481999929501,1.04156644003653,0.999590698812193,0.789251088770654,1.00293909052741,0.999071151560119,0.999762214717354,1.0008768880045
2026-01-15,0.999774656312205,0.999755618762125,0.999414425961683,1.0077528282204,1.02480757928831,0.999964919131166,0.827124588879902,1.00330911517155,1.00004831171451,1.00003574369338,1.00049094775473
2026-01-16,0.99977439516376,0.999738214828596,1.0008305039589,1.00157329553105,1.00416551018444,0.999724541665556,0.81388173631451,0.999581144679008,0.999688709091817,0.999546145845192,0.999615119586347
2026-01-17,1.00162932131878,0.999885739214222,0.999127826469089,0.998688556948151,1.01790627879965,0.999602233620263,0.814713231490859,1.00002026474039,0.999563918750726,0.999832571492456,0.999560971418913
2026-01-18,1.00001143826526,0.998441257485973,1.00003276585952,0.999447005688801,1.01263101390932,0.999641036394522,0.823124872124119,1.00614643338169,0.999408164945202,1.00020036395587,0.999819866836085
2026-01-19,0.999729462019524,0.995811581553158,1.00015045841531,0.99586792661595,1.01637029973648,0.999629097758005,0.805894895850699,1.00595812512069,0.999530131332644,0.99991712189627,0.99946212191902
2026-01-20,0.999701777940696,0.999267866806262,0.999636867087229,0.985828776858336,0.998814898342915,0.999359433911676,0.792302274201299,1.01480970640162,0.999267802162288,0.99960266376855,0.99956450469694
2026-01-21,0.999697931306289,0.971589520130954,0.998911493432829,0.99740879240944,0.990582329221218,0.998848703072394,0.779362180503091,0.997071872894352,0.998677551452551,0.99914397236682,0.999493279742252
2026-01-22,0.99970016727854,0.99888903122826,0.999288805000261,0.995487367431743,0.987279247938592,0.999130508130933,0.78924159172857,1.02813081805301,0.998807672888048,0.99969544011109,1.00016859310637
2026-01-23,0.999694769789181,0.999080176582011,0.998770838192495,0.992367605215232,0.991703964289177,0.999049672462016,0.771264345511528,1.01421912826548,0.998577289348505,0.999314038103161,0.999095664646929
2026-01-24,0.999605839856578,0.997279176606602,0.998763026551056,0.986938271413491,0.98500934068801,0.998778892989168,0.776272110597534,1.03021703061039,0.998544972714664,0.999294700388551,0.999539803521128
2026-01-25,0.999614905702928,0.99791170718272,0.997980178510992,0.993669733052179,0.995314628463391,0.998556910135559,0.773987369179174,1.03482991946116,0.998227981850018,0.999475333480593,0.999739170297901
2026-01-26,0.999703002904797,0.997804592677722,0.999185602866072,0.986091949506697,0.967724347828697,0.998994854117742,0.763797831634975,0.982280841148578,0.998958245518329,0.999540796326042,0.999626967462338
2026-01-27,0.999700348939344,0.999683190962782,0.999295609975682,0.980578587932529,0.987302960121674,0.998954753510152,0.765363433076671,1.02134179887321,0.998686114175739,0.999355739271645,0.999021143859922
2026-01-28,0.999701933056622,1.00394504583873,1.00081655249787,0.990136382866636,1.01071482942773,0.998690909134677,0.77048108092822,1.03246017228925,0.998356360262573,0.998964077939753,0.998452838876327
2026-01-29,0.999700968291538,0.998485312856659,0.998531050975012,0.985770543434715,1.00524740438919,0.998541748685287,0.739860226086929,0.984477332200291,0.997945008562554,0.999701624008887,0.99893085665769
2026-01-30,0.999701306435528,0.9986570549794,0.9981910501769,1.00063085201616,1.00357226892242,0.998487279555262,0.730565445850499,0.970199212475911,0.997543603241568,0.999151233285527,0.999626528524724
2026-01-31,0.999710806352682,0.999247949372125,0.997948149083146,1.00091614741057,0.986129671965334,0.998523047722706,0.723270097327231,0.951189013913885,0.997908507836852,0.999740315709492,0.998623148546946
2026-02-01,0.999551829097527,0.998920767123342,0.998235753124788,1.04104588192221,0.995251223921961,0.998949761532907,0.691375334168536,0.950639209120288,0.998032440122308,0.999588260143957,1.00116297548698
2026-02-02,0.999700608459596,0.998836889885076,0.9986090271717,1.04871480494774,1.01567702118321,0.998939288848645,0.695491616657672,1.00281897903088,0.998192676550387,0.999655888037203,1.00002085118507
2026-02-03,0.999702801367884,0.996768158192919,0.99892227976625,1.03199988286991,1.01433637041733,0.99920010100876,0.707508843571382,1.00667236992807,0.99927345913179,0.999399770766151,0.999740607728915
2026-02-04,0.999736755676186,0.998215917323924,0.999148601348522,1.04079618152276,0.994294751591708,0.99871676130167,0.69512701062769,0.985941220549485,0.99837162184983,0.999339816216134,0.999614712976647
2026-02-05,0.999776277385606,0.994144373993589,0.99872041088634,1.04021066077507,0.99914201165558,0.997961268108059,0.688077832410813,0.983118709037643,0.99701337986271,0.998326555540731,0.999339074822379
2026-02-06,0.99982050277688,0.992335841462824,0.997266996902037,1.02515802921168,1.01108754886588,0.998225042828587,0.601162012758877,1.01764553150124,0.997659408824439,0.999259264526386,0.995035427641488
2026-02-07,0.999715885458312,0.999464786490038,0.998674495135716,1.04985632621991,1.03664151406388,0.999388842196084,0.607958825691121,1.02365399051747,0.997309795618884,0.999737791467541,0.999829976234284
2026-02-08,0.999802031702246,0.999260854241402,0.998975189252109,1.04639096971944,1.00701935841799,0.999430511768138,0.656596773683172,1.03012550138278,0.999365379826961,0.999648613529045,1.00023540999999
2026-02-09,0.999887855215644,0.998717897681719,0.998919184361807,1.04404081622219,1.01684322955051,0.999499498559742,0.683083057357419,1.01541549186592,0.998445424223594,0.99987222785272,0.999944793014573
2026-02-10,0.999913381720361,0.997675401753172,0.999149526557614,1.06027135531035,1.01189976874394,0.999576342152586,0.683701169710221,0.997372727126053,0.99816309351871,0.999888701513842,0.999978357132778
2026-02-11,0.99994417861969,0.999541728883599,0.999018236860676,1.02567946878108,1.01227781024256,0.999498397221977,0.661829399492752,1.00471856967324,0.998772073573603,0.999539216874798,0.999585685651128
2026-02-12,0.99983187912405,0.999152082356519,0.998962160298826,1.04469069791309,1.02643317895139,0.999411598136572,0.670369982861305,0.974819370055312,0.997870359863997,0.999396884843822,0.999609529334516
2026-02-13,0.999917489444257,0.999156664982236,0.99939205740651,1.05145801874283,1.02850645808848,0.999346447755714,0.794410448827305,1.01466102367836,0.997944772738813,0.999444052912465,0.999710480765184
2026-02-14,0.999919143636312,0.999554164106183,1.00004307706688,1.06455426884803,1.01969566420634,0.999526705546248,0.798135736890097,1.01089759498159,0.998435644318034,0.999346829197146,0.999955103398245
2026-02-15,0.99990879937694,0.999245700904657,0.999091798877117,1.06522651852762,1.03268824363091,0.999667171610281,0.786029504382385,1.01326364456749,0.99813731445296,0.999506900083268,0.999736199368593
2026-02-16,0.999902849973652,1.000298034023,0.998956991228034,1.07506829540089,1.03222446823182,0.999590741397999,0.804150271298039,0.998143564181486,0.998390203701422,0.999530702787367,0.999795508825071
2026-02-17,0.999900198824592,0.997889884028858,0.999075324592412,1.06781756734315,1.01761273323951,0.999629990556653,0.810911220417775,0.994200285860354,0.998206446489766,0.999467337543944,0.999978721388982
2026-02-18,0.999999567968049,0.998990524933369,0.999325625179911,1.07614388558874,1.02327816795702,0.999656040819958,0.811694890776846,1.01361738079745,0.99754297699378,0.999185013164268,0.999653111211093
2026-02-19,0.999867818699638,1.00020803019039,0.999707272228296,1.09015496248053,1.01773338367586,0.99966128691167,0.813008557704949,1.00338847929447,0.998143695742187,0.999867234163664,0.999749622503104
2026-02-20,0.999999140168384,0.99966918927537,1.00516211959912,1.08707268823271,1.01678061748073,0.999664534496094,0.831825361061726,1.01567855998363,0.99828520918858,0.999564204729033,0.999379405621585
2026-02-21,0.999802977544878,0.999680409508668,1.00693804498173,1.07571673476993,1.02266574861403,0.999610755729251,0.852426750277879,1.02215137840385,0.998915874327804,0.999887464066667,1.00015453560441
2026-02-22,0.999994622679795,0.999691878262715,0.999366907450368,1.08090789502558,1.00293099161577,0.999771689451888,0.85959721906708,1.02513697142853,0.999250296213442,0.999609089586572,0.99990671874585
2026-02-23,1.00000279380424,1.00240335270837,0.999121854947762,1.07428350923761,1.00471267086662,0.999611366228515,0.86169904511385,1.01995650819084,0.999643554197827,0.999642540771526,0.999656361758269
2026-02-24,0.999807141295647,0.999903710374715,0.999482281043931,1.07203437741595,1.00602964764837,0.99971894621032,0.81526618845978,0.997925319720546,0.999213401848814,0.999274628624837,0.999823805969502
2026-02-25,0.999901018091015,1.00011256530594,1.0140436396574,1.05922700279324,1.00778497231112,1.00005838927293,0.80405361972515,1.00012383946587,0.99899300402945,1.00010381454961,0.999916483027285
2026-02-26,0.999899243600774,1.00166302820079,0.999590334339668,1.06993978807292,1.0058611873759,1.00018588155807,0.821086381978899,1.00466038999686,0.999033887874662,0.99998028556894,1.00038160265936
2026-02-27,0.999972586534311,0.999907512068023,1.0005142966043,1.07656471557673,1.01396977972546,1.00004495426447,0.807552885773516,1.02421195040332,0.999244459295066,0.999890884282712,0.998705775374166
2026-02-28,0.999998747290711,0.990370067868882,0.999545673320591,1.06819422889822,0.995496341786285,1.00003799741362,0.831701441683593,1.04081037354423,0.999058356560266,0.999845636179642,1.00008038498102
2026-03-01,0.999925970038744,1.00374176116198,0.999678640407841,1.06933557629257,1.0096339664341,1.00035478569859,0.811214414346053,1.04868312082865,0.99892920805907,0.999719371255777,0.999606887012108
2026-03-02,0.999999740983991,0.999037566792993,0.999421334349812,1.12981713502833,1.01241128302433,1.00004892553101,0.811397524945495,0.989739740696291,0.997998871226567,0.999843457734296,0.999600113958485
2026-03-03,0.999986299558047,1.01061421681687,0.998493804086173,1.07962745364885,1.01373328256307,1.00003559997602,0.827262563793956,0.972746134031445,1.00089229009947,1.00001948464436,1.0005399025512
2026-03-04,0.999995850251104,0.99725547196599,0.999769166263409,1.07686550866901,1.0161987093941,1.00003361525729,0.82076805308673,0.995354871572811,0.999825756424434,0.999648967868284,0.999754193942242
2026-03-05,0.999989833920712,0.996542210999158,0.9985412984903,1.07300509329325,1.01696195305807,1.00012908072941,0.83190280508726,0.990130129554282,0.99993617949121,1.0004669200621,0.999151698108296
2026-03-06,0.99990233736905,0.999274087937788,0.999315921221835,1.06536354225605,1.02159012327105,1.00004715188199,0.825851154531205,1.01880383494723,1.00000667213264,0.99990756469291,1.00008039772515
2026-03-07,0.99993017962437,0.981743392486792,1.00005948290166,1.07753836781961,1.0004964391398,0.999959659330444,0.810960221412377,1.01726650253992,1.00017468340953,0.999944506883966,0.999385029899608
2026-03-08,0.999999238166912,1.00029075036637,0.999621816449285,1.07817705573427,1.00065545123751,0.999979394830107,0.815986904625363,1.00948955948376,0.999717302981828,0.999603029384938,0.999972372402017
2026-03-09,0.999998858585757,0.997311599177415,0.999738630668424,1.07607994036469,0.999102258379089,1.00001872448409,0.811560977605998,1.01108971801096,0.99982563768097,0.999821230118218,0.999989270321003
2026-03-10,0.999939650620917,0.996907229740674,0.999560247486283,1.07563097763585,1.01506918172283,1.00003592321078,0.819020221254732,1.00346449829659,0.999655210717392,0.999785120985998,1.00011238430785
2026-03-11,0.999953377630562,0.998089908762718,0.999816201482514,1.06456298369589,0.989879463119225,1.00001684901511,0.790107912446263,0.993968970519029,0.999898745277748,0.999927914382786,0.99990698373777
2026-03-12,0.999908535792185,0.998644301822082,1.00048966001776,1.07148724192563,0.99701000086576,1.00005175872546,0.787237623585891,0.98548146592198,0.999814188404691,0.999786330628442,0.99994186482453
2026-03-13,0.99990373968791,0.993512059466247,0.999679206243352,1.10794579696609,0.999076342863488,0.999952369596546,0.843544338511922,0.989200872559814,0.99964848890559,0.999646431425675,0.999977271904097
2026-03-14,0.999997521771786,0.996881639942879,0.999586600792292,1.07282377892282,0.990844388665301,1.00009000402166,0.844877658325539,0.987545648368366,0.999632151271897,0.999719682831893,0.999924732754276
2026-03-15,0.999994937569442,1.0087075581359,0.999671847435183,1.07682402055453,0.990049265660666,1.00014158804654,0.843969363496573,0.988040479643714,0.999508969082648,0.99987157804047,0.999882132306624
2026-03-16,0.999992418447378,1.0104666659108,0.999644690243356,1.06965778364143,0.987196673399902,1.00010975079163,0.865219138343809,1.00065838725408,0.999189376321181,0.99993958383934,1.00000265607047
2026-03-17,0.999983847776791,1.00041607950309,0.999781903953655,1.05540147415416,0.971015252046389,1.00001977160664,0.845605667150048,0.997217680176789,0.999796220654753,0.999747734809047,1.00003587874964
2026-03-18,0.999902750866295,0.998872373963412,0.999694889617737,1.05963756628871,0.971015252046389,1.00017589468659,0.827602527461019,0.968063823452297,1.00002306040727,0.999674753055859,0.999960415989582
2026-03-19,0.999944542447532,0.998943031361691,0.999959922746224,1.05704027203858,,0.999992158921826,0.810894874321214,0.993536335984958,0.999658838307224,0.999319945176461,0.999822816214103
2026-03-20,0.999904970657684,0.994999434841796,0.99821383066929,1.06894126161155,0.994931057300047,1.0001271715338,0.819600345787901,0.970905058679132,0.999491518750411,0.999226522533851,0.999861250139661
2026-03-21,0.99993552385858,0.997348517191244,0.999424416946884,1.07308189498258,0.994931057300047,0.999898415534237,0.803024573696303,0.969896387660778,0.99926346223512,0.999051512368318,1.00008908798142
2026-03-22,0.99992939382055,0.995263283704898,0.99930108091982,1.05509983266422,0.975788599926086,0.999800611053828,0.782789262446041,0.96906960564417,0.999290623573834,0.999565263817434,0.999870950040802
2026-03-23,0.999922073533752,0.99899093246567,0.999726555878867,1.06220251277872,0.975788599926086,0.999759980658106,0.749996049702976,1.04022392431165,0.99891832205947,0.999722776496803,0.999775550969864
2026-03-24,0.999908004462869,1.00020086247165,0.99964166769161,1.05257368910644,0.968865326499276,0.999728071460486,0.755368030025471,1.01310096737624,0.998925063052051,0.999846890288482,0.999960247271768
2026-03-25,0.999857887311389,0.999405207221759,1.00018102067841,1.06258086712664,0.961753520559207,0.999546402575029,0.756057732250927,0.992349989151494,0.998426631686747,0.999507013162304,0.999747975218108
2026-03-26,0.999849311177847,1.00033622900866,1.00427161502723,1.05551941613377,0.984830691994987,0.999615855952777,0.793777530962698,0.993151421505404,0.998611680148506,0.999581614525412,0.999922413621224
2026-03-27,0.999783108089144,1.00038715358226,0.999381522358805,1.07379745141744,0.970068131899522,0.999377760823368,0.765694751819168,1.01511706997454,0.998119065434434,0.999434431969366,0.999899494462906
2026-03-28,0.999838254932514,0.99933587765182,0.999636471566292,1.05900329489924,0.983951109265849,0.999309021011614,0.756667667264666,1.01576039918558,0.997831265954108,0.999728870011777,0.999844870979185
2026-03-29,0.999748256180438,0.99906027769154,0.998554846470865,1.06864133554735,0.987625756892862,0.999270559361605,0.76972947839376,1.01346893000064,0.997613977560808,0.999093668665487,1.00004264689941
2026-03-30,0.999766930701265,0.997768726947182,0.998666211162932,1.07718466814106,0.99582951521581,0.999240074354521,0.771624832608236,0.995449583443524,0.997598202383677,0.999455790815835,0.999520190035092
2026-03-31,0.99972880554935,0.999285898018551,0.998666003672668,1.0682856839193,0.99106337233875,0.999210662894858,0.765607751638647,1.02400098444459,0.997877361041386,0.999530712143998,0.999789534161139
2026-04-01,0.999651779359592,0.998506243161351,0.99960553774974,1.05743689383787,1.12394709961245,0.999103323548842,0.762194008415842,1.00899580191753,0.997441444932336,0.999167577214827,0.999870013089547
2026-04-02,0.999830682170164,0.996754602458694,0.999659439529084,1.05665809712118,1.0107027894916,0.999870925304236,0.754300086746751,1.00851255903837,0.998126249706168,0.999874818231202,0.999954324874372
2026-04-03,1.00005480422484,0.998285062033502,0.999542127732886,1.05430838488762,0.98915758394861,0.999969206611799,0.739047386581529,1.00439391181804,0.998998467216847,0.999687775770402,0.99990548214567
2026-04-04,1.0002128695934,0.987118131879981,0.999642313055448,1.04703375476935,1.00999113065338,0.999890711954561,0.742060992249458,1.00530816549288,0.99967005607046,1.00023982982243,0.999871333572617
2026-04-05,0.999817726057536,0.998161464034233,0.999401568595858,1.05396521329235,1.03728036185037,0.99994819125451,0.743419140415237,1.00029091944528,0.999292648754813,0.999889689203452,1.00009485037962
2026-04-06,0.99979729737114,0.999765752918001,0.999238663772104,1.04994655104842,0.998112700264641,0.999644437060162,0.746992371552437,1.00264673508028,0.999247448301436,0.999891041931276,0.999970267559944
2026-04-07,0.999946821469534,0.997561757316302,1.0000089303852,1.04343739927771,1.00137257365264,0.999950438151283,0.748760446430929,1.02918488652137,0.999307207190315,0.999990200796965,0.999967490545999
2026-04-08,0.999875575653242,1.000874610426,0.99939288577517,1.04377554631091,0.990459872607149,0.999829856513111,0.747471866747265,0.978690427756847,0.998292579182561,1.00001450229126,0.998495062148086
2026-04-09,1.00001822157777,0.924337190168108,0.999728119263286,1.03641791016593,0.992201658866406,1.00000676934528,0.726237224380933,1.0026210369506,1.00015016954124,1.00032103911033,1.00054903243879
2026-04-10,0.999862547093062,0.997604419217755,0.999491208559198,1.03439634857848,0.982618921525832,0.999972350408578,0.725815731256379,0.997105465162505,0.999029046841953,0.999846189922578,0.999500548452227
2026-04-11,0.999913009382167,0.999716898405078,0.999706764708975,1.04091155953044,0.968961735080052,1.00027384270808,0.73913601758951,0.996568540021254,0.999638781551353,0.999557854590909,0.997723233656755
2026-04-12,0.999924441707145,0.997394290385031,1.00259562650723,1.04202878876322,0.972463130696404,1.00028672049698,0.74092212071615,0.979863802076997,0.999298603777141,0.999630807762335,0.999838664519651
2026-04-13,0.999992756317153,0.997552671155178,0.998894287768479,1.04177653420354,0.989428699152803,1.00013322180894,0.735989568005335,1.00459220656807,0.999165856412961,0.999846642470176,1.00044583879221
2026-04-14,0.999777415540823,0.999399564782641,1.00530469972678,1.03764256410671,0.993355750905627,1.0002696907099,0.728224496587383,1.01141931962997,0.999399506326981,0.999920679272024,0.999386770792751
2026-04-15,0.999809718680523,0.998266526202639,0.999782876191667,1.03125358587666,0.997566409326278,1.00035623722301,0.722950449946169,1.00422224906587,0.999754575268442,0.999935180946318,0.999386865629848
2026-04-16,0.999951971501313,0.998664909973055,0.999699860540899,1.03725555775458,0.977419909074544,1.00015827322883,0.725809060905157,0.991803207436973,0.999180906141063,0.99977392312581,0.999860786516579
2026-04-17,0.999870787086903,0.998773440234411,0.999714025439328,1.02736047561463,0.969629991883644,1.00014854027754,0.727110982834071,1.00534559310354,0.999285912327587,0.999504973245985,0.999011288597703
2026-04-18,0.999835045570034,1.00172297113459,0.999781648353188,1.02517537401913,0.990041120245923,1.00026204370097,0.728594203706748,0.995974689954898,0.999343097322792,0.999801634169425,0.999838467858798
2026-04-19,0.99979347112872,0.996853035318029,0.999697214554645,1.00053529135744,0.999900072886213,1.0002172992279,0.697849424960401,0.98825505960736,0.999474908879944,0.999915761663735,0.999570463099073
2026-04-20,0.999871510066345,0.993018934056353,1.00017090549515,1.02779450398936,0.974604079852232,1.0002638268614,0.692682996903525,1.00422040743646,0.999480606613401,0.999869865415948,0.999530123570188
2026-04-21,1.00003188906359,0.997126121384918,0.999667097831815,1.03170344519826,0.990289704773301,1.00025355735983,0.713261324043249,0.988789229701662,0.998425905340744,0.999784021938041,0.999536315191143
2026-04-22,0.999799068252368,0.999600644290545,1.0007689422105,1.04180387648869,0.977973104964938,1.00020170295303,0.718329706055228,0.991204085245344,0.998676740303322,0.999702563736439,0.999687203097299
2026-04-23,0.999730364562004,0.985946302473848,0.999596680301744,1.04446417052305,0.999424850109613,1.00019943488599,0.73592167867662,0.996693871139992,0.998119637266356,1.00005877262175,0.99956406267919
2026-04-24,0.999842519853849,0.985747159089212,0.999970576023532,1.04292459257142,0.98119755895353,1.00021749880037,0.731929828316645,1.0036086180678,0.998602588002646,0.999742440488044,0.999599649966181
2026-04-25,0.999810590774784,0.998752839604288,0.99972796208852,1.03385366840632,0.996816835395456,1.00019457655301,0.731056345496956,1.00229675991232,1.00053076665751,0.999438521124409,0.999765008035504
2026-04-26,0.999742942706344,0.998767850532017,0.999520244771123,1.02965861669761,0.996247700279213,1.0002061396823,0.767790461430722,0.998818730436638,1.00044300751866,0.999891762952315,0.99971265480986
2026-04-27,0.999952626478687,0.998680200728454,0.999729555074276,1.04334783936146,0.965133545671001,1.00014661630523,0.775112723826221,0.99605684894099,1.00012560985648,0.999558999269085,0.999622934210175
2026-04-28,0.99990150581238,0.99786211916534,0.99947963144315,1.04232805291065,0.964882427203474,0.999923949717731,0.712017971993088,0.995242840539266,1.00148050893678,0.999604706271036,0.999909380354304
2026-04-29,0.999820753910036,0.991600932945815,0.999457517957268,1.04561227332331,0.982925415714543,0.999804742169046,0.706378430316449,0.997513280894173,0.999923942129945,0.999773095536446,1.00008755407865
2026-04-30,0.999845564886675,0.998325999375897,1.00068225788868,1.04058543035984,0.992179508025169,0.999589029850989,0.716314543512794,0.998100293576307,0.999293319868804,0.999549422683212,0.999672611304318
2026-05-01,0.999668440626577,0.991948670397401,0.998763008289555,1.04284056730515,0.999167528499704,0.999463087222366,0.710669558480915,1.00766545005568,0.999697704901795,0.999430369163541,0.999601664883845
2026-05-02,0.999791095695676,1.01048120273833,1.00033500614518,1.04114825964212,0.992410756601664,0.999783786534851,0.719199414236668,1.00640532067921,0.998863211064203,0.99975662377016,0.99978130009374
2026-05-03,0.999864052018722,0.998244086069874,0.999372055502679,1.04355851288808,0.985725252886525,0.999883474131642,0.723439880890796,1.00795495480473,0.998599970213088,0.999630012126548,0.999745895635252
2026-05-04,0.999859487708143,0.997810987848751,0.999308665072842,1.0408274609124,0.98068453167299,0.999802816016624,0.729940555624567,0.988498340898435,0.998631635576296,0.99945908380679,0.999840006394073
2026-05-05,0.999753843211082,0.997460585131266,0.999590880182585,1.02143657377683,0.998048167674217,0.999809173497045,0.732123644299372,1.00637827317987,0.997939616044546,0.999453912414104,0.999737952307553
2026-05-06,0.999776909210446,0.998796001393548,0.999487029340857,1.03771008982532,0.994980483634826,0.999838810946799,0.714386472144719,0.997411267389588,0.998311681824456,0.999438282428058,0.999602191841535
2026-05-07,0.99973697071988,0.998844622964209,0.99964509549848,1.0363192981992,0.992621602271664,0.999861774187116,0.725585745307108,0.991988427820735,0.997757622058795,0.999450611717618,0.999707431689711
2026-05-08,0.999720837975085,0.997009834674104,0.999381704097607,1.04128199763267,1.02229420758492,0.999910467977372,0.723230797856148,0.999168858178525,0.99865109181837,0.999683748334305,0.999826312300027
2026-05-09,0.999899112088855,0.994983781849238,0.999453918830612,1.03163741941027,1.00900088708162,0.999916875411146,0.720420919951104,1.0003644882997,0.999665353939039,0.999667389746441,0.999523769907837
2026-05-10,0.999895329891088,0.998464196066807,0.999202990464232,1.03455784264233,0.993195803084573,0.999803113544414,0.712548606789629,0.99547554065596,1.00000211569722,0.999683295220794,0.999811861662892
2026-05-11,0.999899328904184,0.998406534127743,0.999424227068717,1.03704904126941,0.985181601005077,0.999851882731035,0.716576559077448,1.02175096800517,0.999751923882221,0.999754458056922,0.999675517267545
2026-05-12,0.999892511219351,0.998985426145558,1.00020471522744,1.04150883505935,0.988347876358102,0.999704129817168,0.578984146074477,1.00253849422104,0.99951868721277,0.99948007826006,0.999670912609087
2026-05-13,0.999785543649954,0.996552273762948,0.999916218405067,1.03984507792438,0.984386204762896,0.99972036181815,0.612343821727097,1.00002925633417,0.999456100388531,0.999382386130138,0.999704914483792
2026-05-14,0.999645742620792,0.99751963818287,0.999208990117009,1.02778949776443,1.00619621314573,0.999550824806171,0.661626512651876,0.991626524835818,0.999344879287672,0.99943449402632,0.999626039121613
2026-05-15,0.999667158443432,0.997248933918852,0.999362213545462,1.05443185918872,0.988179540599252,0.999727503552103,0.662975785939855,0.997310501418856,0.999213247410555,0.999816343826409,0.999694665941069
2026-05-16,0.999853649801147,1.00023755189971,0.999214964028668,1.04270961546188,0.981646960359715,0.999439477473756,0.648836542717882,0.995988848752373,0.999720743294265,0.999415589295853,0.999576013288205
2026-05-17,0.999813706363514,0.993278794172183,0.999017199348556,1.03085213329629,1.00827152337317,0.999530884305325,0.637326323085367,0.995853846305068,0.999454163621806,0.999594652093478,0.999810823520871
2026-05-18,0.999943247034315,0.969542351552333,0.998924723042071,1.03610711003071,1.04087266876995,0.999395021769792,0.628730720892445,1.00720887839461,0.999240215901667,0.999403277067436,0.999574896796791
2026-05-19,0.999757762546841,0.999019573050821,0.999796239281853,1.04277106979194,1.00573999820107,0.999278179305874,0.608636585054027,0.988429265301227,0.998988531348822,0.999374636721661,0.999767943248512
2026-05-20,0.999755401682602,0.99923616704793,1.00046185638163,1.05200367385134,1.00002652712863,0.99905135523288,0.606908525779945,1.01385946613881,0.99879637474025,0.999389166643053,0.999567057624932
2026-05-21,0.999668251311672,0.998228233603676,0.999236801649993,1.05449988713829,0.992798915643217,0.998985373741786,0.652948669469859,0.997293452281376,0.999145709231202,0.999269716304951,0.999570991106653
2026-05-22,0.999763869282066,0.999030715397056,0.99992589338063,1.04936671282571,0.991730877124378,0.999048129769714,0.669045695443554,0.995564031688474,0.99866034933517,0.999293209032612,0.999738237918202
2026-05-23,0.999781713482351,0.992579260108185,0.999942629624838,1.04099493168802,1.03004974992038,0.998801069312758,0.668913192595583,1.00191218303168,0.999062026432305,0.999385718073381,0.999513102001172
2026-05-24,0.999742416782707,1.00019339505285,1.00006651511064,1.0506551703112,1.03004974992038,0.998723321868613,0.648008369633441,1.00977130483122,0.998757012313971,0.999275936477141,0.999670447423453
2026-05-25,0.999807822029118,0.998271616778685,0.998301055089766,1.03954000058777,1.01149821612762,0.998783260478655,0.641883483125622,1.00676370914971,0.99848012452136,0.999063683246001,0.999694091369157
2026-05-26,0.999802135894417,0.998232380892897,1.00018459383889,1.03895183018988,1.02505805365487,0.999067182437536,0.661435921690149,0.999701467512674,0.998743943187507,0.999373357332374,0.999473190841133
2026-05-27,1.00019349711107,0.997089762757618,0.998157479755522,1.04271865651299,1.0041277866796,0.998607464736727,0.704595668550149,0.990056793877922,0.998204369915026,0.999411021563406,0.999686254485166
2026-05-28,0.999741496095204,0.99762634610282,0.998265145392995,1.04207801608535,1.03081036435438,0.998534234135341,0.662311782774804,1.02038015936879,0.998513979184518,0.999437796017032,0.999935034009858
2026-05-29,0.999684787926661,0.99273264847167,0.998484604938541,1.04351420109562,1.00662264361362,0.998654444236413,0.699617932458726,1.00092823789889,0.998644456775998,0.999537419104558,0.999510506008415
2026-05-30,0.999757680871562,0.997958577850282,0.998594396267617,1.02485083172968,1.02848398625934,0.998774896569232,0.701575033928657,0.998364983431109,0.997958120867833,0.999334607370364,0.999413916564701
2026-05-31,0.999634792061735,0.978899591696786,0.998135998660921,1.01922177409002,1.02932215488757,0.998578497804634,0.69299750304607,1.00096820331579,0.998375650354371,0.999311145134229,0.999493347232491
