Date,BV010082.Index,CVIX.Index,DXY.Curncy,SPX.Index,VIX.Index
01/01/2020,1.6421,5.71,96.445,3230.78,13.78
01/02/2020,1.6305,5.78,96.846,3257.85,12.47
01/03/2020,1.6075,5.47,96.838,3234.85,14.02
01/04/2020,,,,,
01/05/2020,,,,,
01/06/2020,1.6141,5.72,96.671,3246.28,13.85
01/07/2020,1.6148,5.48,97.005,3237.18,13.79
01/08/2020,1.6287,5.39,97.299,3253.05,13.45
01/09/2020,1.6303,5.27,97.45,3274.7,12.54
01/10/2020,1.6263,5.12,97.356,3265.35,12.56
01/11/2020,,,,,
01/12/2020,,,,,
01/13/2020,1.6355,5.13,97.345,3288.13,12.32
01/14/2020,1.6282,5.05,97.372,3283.15,12.39
01/15/2020,1.6208,5.06,97.229,3289.29,12.42
01/16/2020,1.6162,4.98,97.32,3316.81,12.32
01/17/2020,1.6179,4.96,97.606,3329.62,12.1
01/18/2020,,,,,
01/19/2020,,,,,
01/20/2020,1.6179,4.92,97.606,3329.62,12.1
01/21/2020,1.5972,4.97,97.531,3320.79,12.85
01/22/2020,1.591,4.88,97.527,3321.75,12.91
01/23/2020,1.5871,4.97,97.693,3325.54,12.98
01/24/2020,1.5767,4.92,97.853,3295.47,14.56
01/25/2020,,,,,
01/26/2020,,,,,
01/27/2020,1.5519,5.16,97.956,3243.63,18.23
01/28/2020,1.5699,5.14,98.018,3276.24,16.28
01/29/2020,1.5546,5.01,97.991,3273.4,16.39
01/30/2020,1.5405,5.12,97.867,3283.66,15.49
01/31/2020,1.4979,5.42,97.39,3225.52,18.84
02/01/2020,,,,,
02/02/2020,,,,,
02/03/2020,1.5131,5.37,97.8,3248.92,17.97
02/04/2020,1.5415,5.19,97.961,3297.59,16.05
02/05/2020,1.5587,4.9,98.301,3334.69,15.15
02/06/2020,1.5632,4.9,98.496,3345.78,14.96
02/07/2020,1.5405,5,98.684,3327.71,15.47
02/08/2020,,,,,
02/09/2020,,,,,
02/10/2020,1.5271,5.01,98.832,3352.09,15.04
02/11/2020,1.5443,4.94,98.721,3357.75,15.18
02/12/2020,1.5557,4.87,99.049,3379.45,13.74
02/13/2020,1.5536,5.18,99.067,3373.94,14.15
02/14/2020,1.5437,5.16,99.124,3380.16,13.68
02/15/2020,,,,,
02/16/2020,,,,,
02/17/2020,1.5437,4.97,99.003,3380.16,13.68
02/18/2020,1.5286,5.08,99.44,3370.29,14.83
02/19/2020,1.5317,5.15,99.705,3386.15,14.38
02/20/2020,1.5142,5.37,99.865,3373.23,15.56
02/21/2020,1.485,5.38,99.262,3337.75,17.08
02/22/2020,,,,,
02/23/2020,,,,,
02/24/2020,1.4186,5.71,99.359,3225.89,25.03
02/25/2020,1.3855,5.59,98.968,3128.21,27.85
02/26/2020,1.3551,5.98,98.996,3116.39,27.56
02/27/2020,1.2824,6.27,98.508,2978.76,39.16
02/28/2020,1.1135,6.27,98.132,2954.22,40.11
02/29/2020,,,,,
03/01/2020,,,,,
03/02/2020,1.0771,7.23,97.36,3090.23,33.42
03/03/2020,0.8758,6.75,97.153,3003.37,36.82
03/04/2020,0.7612,6.75,97.336,3130.12,31.99
03/05/2020,0.6564,6.45,96.82,3023.94,39.62
03/06/2020,0.603,8.35,95.951,2972.37,41.94
03/07/2020,,,,,
03/08/2020,,,,,
03/09/2020,0.5108,10.18,94.895,2746.56,54.46
03/10/2020,0.6387,8.99,96.414,2882.23,47.3
03/11/2020,0.6405,9.72,96.507,2741.38,53.9
03/12/2020,0.5999,13.5,97.468,2480.64,75.47
03/13/2020,0.6227,10.94,98.749,2711.02,57.83
03/14/2020,,,,,
03/15/2020,,,,,
03/16/2020,0.5374,12.61,98.069,2386.13,82.69
03/17/2020,0.5536,12.42,99.575,2529.19,75.91
03/18/2020,0.5399,12.69,101.16,2398.1,76.45
03/19/2020,0.4637,16.36,102.755,2409.39,72
03/20/2020,0.3535,14.17,102.817,2304.92,66.04
03/21/2020,,,,,
03/22/2020,,,,,
03/23/2020,0.3306,14.81,102.487,2237.4,61.59
03/24/2020,0.3486,12.18,102.039,2447.33,61.67
03/25/2020,0.2839,10.66,101.05,2475.56,63.95
03/26/2020,0.2526,11.51,99.352,2630.07,61
03/27/2020,0.2468,11.06,98.365,2541.47,65.54
03/28/2020,,,,,
03/29/2020,,,,,
03/30/2020,0.2384,11.35,99.181,2626.65,57.08
03/31/2020,0.2513,10.39,99.048,2584.59,53.54
04/01/2020,0.2672,10.31,99.673,2470.5,57.06
04/02/2020,0.2416,10.29,100.18,2526.9,50.91
04/03/2020,0.2352,10.63,100.576,2488.65,46.8
04/04/2020,,,,,
04/05/2020,,,,,
04/06/2020,0.2593,10.22,100.685,2663.68,45.24
04/07/2020,0.2505,9.58,99.9,2659.41,46.7
04/08/2020,0.2466,9.46,100.119,2749.98,43.35
04/09/2020,0.2502,9.06,99.517,2789.82,41.67
04/10/2020,0.2502,9.06,99.482,2789.82,41.67
04/11/2020,,,,,
04/12/2020,,,,,
04/13/2020,0.2531,8.76,99.348,2761.63,41.17
04/14/2020,0.2353,8.58,98.887,2846.06,37.76
04/15/2020,0.2078,8.56,99.461,2783.36,40.84
04/16/2020,0.2033,8.91,100.025,2799.55,40.11
04/17/2020,0.2009,9.03,99.782,2874.56,38.15
04/18/2020,,,,,
04/19/2020,,,,,
04/20/2020,0.1961,8.84,99.955,2823.16,43.83
04/21/2020,0.1873,9.2,100.258,2736.56,45.41
04/22/2020,0.1864,9.11,100.388,2799.31,41.98
04/23/2020,0.1904,9.23,100.433,2797.8,41.38
04/24/2020,0.1911,9.22,100.38,2836.74,35.93
04/25/2020,,,,,
04/26/2020,,,,,
04/27/2020,0.1974,8.77,100.041,2878.48,33.29
04/28/2020,0.1809,8.72,99.865,2863.39,33.57
04/29/2020,0.1892,8.23,99.565,2939.51,31.23
04/30/2020,0.1807,7.83,99.016,2912.43,34.15
05/01/2020,0.1909,8.1,99.079,2830.71,37.19
05/02/2020,,,,,
05/03/2020,,,,,
05/04/2020,0.178,8.42,99.484,2842.74,35.97
05/05/2020,0.181,8.3,99.709,2868.44,33.61
05/06/2020,0.1799,8.42,100.091,2848.42,34.12
05/07/2020,0.1544,8.43,99.889,2881.19,31.44
05/08/2020,0.1686,8.43,99.734,2929.8,27.98
05/09/2020,,,,,
05/10/2020,,,,,
05/11/2020,0.1846,8.43,100.236,2930.32,27.57
05/12/2020,0.1811,8.02,99.933,2870.12,33.04
05/13/2020,0.1791,7.92,100.242,2820,35.28
05/14/2020,0.1659,8.06,100.466,2852.5,32.61
05/15/2020,0.1707,8.01,100.402,2863.7,31.89
05/16/2020,,,,,
05/17/2020,,,,,
05/18/2020,0.1797,8.07,99.665,2953.91,29.3
05/19/2020,0.1714,7.84,99.371,2922.94,30.53
05/20/2020,0.1701,7.74,99.124,2971.61,27.99
05/21/2020,0.1671,7.54,99.37,2948.51,29.53
05/22/2020,0.1775,7.65,99.863,2955.45,28.16
05/23/2020,,,,,
05/24/2020,,,,,
05/25/2020,0.1775,7.46,99.863,2955.45,28.16
05/26/2020,0.1829,7.19,98.908,2991.77,28.01
05/27/2020,0.1923,6.86,99.062,3036.13,27.62
05/28/2020,0.1935,6.93,98.383,3029.73,28.59
05/29/2020,0.1897,7.16,98.344,3044.31,27.51
05/30/2020,,,,,
05/31/2020,,,,,
06/01/2020,0.1913,6.98,97.83,3055.73,28.23
06/02/2020,0.1964,6.9,97.673,3080.82,26.84
06/03/2020,0.2109,7,97.276,3122.87,25.66
06/04/2020,0.2053,6.98,96.677,3112.35,25.81
06/05/2020,0.2184,6.98,96.937,3193.93,24.52
06/06/2020,,,,,
06/07/2020,,,,,
06/08/2020,0.2243,6.98,96.618,3232.39,25.81
06/09/2020,0.2172,7.32,96.324,3207.18,27.57
06/10/2020,0.2033,7.66,95.959,3190.14,27.57
06/11/2020,0.2138,7.72,96.733,3002.1,40.79
06/12/2020,0.213,8.18,97.319,3041.31,36.09
06/13/2020,,,,,
06/14/2020,,,,,
06/15/2020,0.2085,8.38,96.706,3066.59,34.4
06/16/2020,0.2124,7.97,96.958,3124.74,33.67
06/17/2020,0.2091,8.03,97.158,3113.49,33.47
06/18/2020,0.2043,8.04,97.421,3115.34,32.94
06/19/2020,0.1987,7.94,97.623,3097.74,35.12
06/20/2020,,,,,
06/21/2020,,,,,
06/22/2020,0.1985,7.83,97.039,3117.86,31.77
06/23/2020,0.1993,7.95,96.646,3131.29,31.37
06/24/2020,0.1911,7.89,97.148,3050.33,33.84
06/25/2020,0.1917,8.1,97.429,3083.76,32.22
06/26/2020,0.1812,7.75,97.433,3009.05,34.73
06/27/2020,,,,,
06/28/2020,,,,,
06/29/2020,0.1795,7.74,97.536,3053.24,31.78
06/30/2020,0.1756,7.59,97.391,3100.29,30.43
07/01/2020,0.1826,7.39,97.196,3115.86,28.62
07/02/2020,0.1788,7.35,97.317,3130.01,27.68
07/03/2020,0.1788,7.01,97.172,3130.01,27.68
07/04/2020,,,,,
07/05/2020,,,,,
07/06/2020,0.1793,6.91,96.725,3179.72,27.94
07/07/2020,0.1803,6.97,96.881,3145.32,29.43
07/08/2020,0.1762,6.92,96.428,3169.94,28.08
07/09/2020,0.1733,6.91,96.7,3152.05,29.26
07/10/2020,0.1689,6.97,96.652,3185.04,27.29
07/11/2020,,,,,
07/12/2020,,,,,
07/13/2020,0.1693,6.81,96.464,3155.22,32.19
07/14/2020,0.1689,6.94,96.259,3197.52,29.52
07/15/2020,0.1651,6.92,96.081,3226.56,27.76
07/16/2020,0.1569,6.78,96.346,3215.57,28
07/17/2020,0.1568,6.78,95.942,3224.73,25.68
07/18/2020,,,,,
07/19/2020,,,,,
07/20/2020,0.1551,6.69,95.832,3251.84,24.46
07/21/2020,0.1521,6.58,95.117,3257.3,24.84
07/22/2020,0.1555,6.78,94.988,3276.02,24.32
07/23/2020,0.1581,6.8,94.692,3235.66,26.08
07/24/2020,0.1556,7.1,94.435,3215.63,25.84
07/25/2020,,,,,
07/26/2020,,,,,
07/27/2020,0.1603,7.72,93.668,3239.41,24.74
07/28/2020,0.151,7.8,93.696,3218.44,25.44
07/29/2020,0.1437,7.75,93.453,3258.44,24.1
07/30/2020,0.1403,7.65,93.021,3246.22,24.76
07/31/2020,0.1312,8.08,93.349,3271.12,24.46
08/01/2020,,,,,
08/02/2020,,,,,
08/03/2020,0.1298,7.78,93.542,3294.61,24.28
08/04/2020,0.1284,8.25,93.382,3306.51,23.76
08/05/2020,0.1345,8.36,92.868,3327.77,22.99
08/06/2020,0.1337,8.57,92.788,3349.16,22.65
08/07/2020,0.1406,8.51,93.435,3351.28,22.21
08/08/2020,,,,,
08/09/2020,,,,,
08/10/2020,0.1429,8.02,93.582,3360.47,22.13
08/11/2020,0.1556,7.89,93.628,3333.69,24.03
08/12/2020,0.1585,7.99,93.443,3380.35,22.28
08/13/2020,0.1598,8.1,93.335,3373.43,22.13
08/14/2020,0.1513,8.1,93.096,3372.85,22.05
08/15/2020,,,,,
08/16/2020,,,,,
08/17/2020,0.1496,8.14,92.851,3381.99,21.35
08/18/2020,0.1476,8.35,92.271,3389.78,21.51
08/19/2020,0.1454,8.63,92.887,3374.85,22.54
08/20/2020,0.1467,8.49,92.793,3385.51,22.72
08/21/2020,0.1496,8.43,93.247,3397.16,22.54
08/22/2020,,,,,
08/23/2020,,,,,
08/24/2020,0.154,8.3,93.298,3431.28,22.37
08/25/2020,0.1542,8.24,93.019,3443.62,22.03
08/26/2020,0.1533,8.05,93.006,3478.73,23.27
08/27/2020,0.1539,8.02,93.001,3484.55,24.47
08/28/2020,0.1405,8.19,92.371,3508.01,22.96
08/29/2020,,,,,
08/30/2020,,,,,
08/31/2020,0.1413,8.23,92.144,3500.31,26.41
09/01/2020,0.1441,8.38,92.338,3526.65,26.12
09/02/2020,0.1449,8.15,92.847,3580.84,26.57
09/03/2020,0.1383,8.21,92.739,3455.06,33.6
09/04/2020,0.1487,8.21,92.719,3426.96,30.75
09/05/2020,,,,,
09/06/2020,,,,,
09/07/2020,0.1487,8.36,92.719,3426.96,30.75
09/08/2020,0.1478,8.71,93.445,3331.84,31.46
09/09/2020,0.1502,8.73,93.255,3398.96,28.81
09/10/2020,0.1492,8.64,93.336,3339.19,29.71
09/11/2020,0.145,8.88,93.333,3340.97,26.87
09/12/2020,,,,,
09/13/2020,,,,,
09/14/2020,0.1466,8.79,93.052,3383.54,25.85
09/15/2020,0.1453,8.79,93.05,3401.2,25.59
09/16/2020,0.1411,8.74,93.214,3385.49,26.04
09/17/2020,0.1387,8.68,92.97,3357.01,26.46
09/18/2020,0.1403,8.6,92.926,3319.47,25.83
09/19/2020,,,,,
09/20/2020,,,,,
09/21/2020,0.1376,8.58,93.656,3281.06,27.78
09/22/2020,0.1378,8.89,93.988,3315.57,26.86
09/23/2020,0.1405,8.77,94.389,3236.92,28.58
09/24/2020,0.1369,8.91,94.354,3246.59,28.51
09/25/2020,0.1354,8.65,94.642,3298.46,26.38
09/26/2020,,,,,
09/27/2020,,,,,
09/28/2020,0.1326,8.58,94.278,3351.6,26.19
09/29/2020,0.1304,8.4,93.891,3335.47,26.27
09/30/2020,0.1332,8.27,93.886,3363,26.37
10/01/2020,0.1339,8.21,93.711,3380.8,26.7
10/02/2020,0.135,8.31,93.844,3348.44,27.63
10/03/2020,,,,,
10/04/2020,,,,,
10/05/2020,0.1384,8.18,93.513,3408.63,27.96
10/06/2020,0.1418,8.11,93.686,3360.95,29.48
10/07/2020,0.1421,8.16,93.63,3419.45,28.06
10/08/2020,0.1388,8.06,93.605,3446.83,26.36
10/09/2020,0.144,7.75,93.057,3477.13,25
10/10/2020,,,,,
10/11/2020,,,,,
10/12/2020,0.144,7.7,93.065,3534.22,25.07
10/13/2020,0.1385,7.62,93.531,3511.93,26.07
10/14/2020,0.1362,7.57,93.382,3488.67,26.4
10/15/2020,0.1367,7.72,93.856,3483.34,26.97
10/16/2020,0.1363,7.53,93.682,3483.81,27.41
10/17/2020,,,,,
10/18/2020,,,,,
10/19/2020,0.1426,7.44,93.427,3426.92,29.18
10/20/2020,0.1405,7.67,93.067,3443.12,29.35
10/21/2020,0.1403,7.87,92.611,3435.56,28.65
10/22/2020,0.1423,7.86,92.951,3453.49,28.11
10/23/2020,0.1451,7.74,92.768,3465.39,27.55
10/24/2020,,,,,
10/25/2020,,,,,
10/26/2020,0.1401,7.72,93.045,3400.97,32.46
10/27/2020,0.1416,7.87,92.94,3390.68,33.35
10/28/2020,0.1393,8.3,93.405,3271.03,40.28
10/29/2020,0.141,8.38,93.955,3310.11,37.59
10/30/2020,0.1402,8.12,94.038,3269.96,38.02
10/31/2020,,,,,
11/01/2020,,,,,
11/02/2020,0.1427,8.14,94.129,3310.24,37.13
11/03/2020,0.1507,8.12,93.553,3369.16,35.55
11/04/2020,0.1394,7.64,93.407,3443.44,29.57
11/05/2020,0.1395,7.37,92.525,3510.45,27.58
11/06/2020,0.1399,7.58,92.229,3509.44,24.86
11/07/2020,,,,,
11/08/2020,,,,,
11/09/2020,0.151,7.53,92.725,3550.5,25.75
11/10/2020,0.1515,7.24,92.749,3545.53,24.8
11/11/2020,0.1515,7.24,93.043,3572.66,23.45
11/12/2020,0.1494,7.14,92.963,3537.01,25.35
11/13/2020,0.148,7.16,92.755,3585.15,23.1
11/14/2020,,,,,
11/15/2020,,,,,
11/16/2020,0.1482,7,92.642,3626.91,22.45
11/17/2020,0.1439,6.94,92.416,3609.53,22.71
11/18/2020,0.1403,6.97,92.316,3567.79,23.84
11/19/2020,0.1347,7.02,92.294,3581.87,23.11
11/20/2020,0.1324,6.91,92.392,3557.54,23.7
11/21/2020,,,,,
11/22/2020,,,,,
11/23/2020,0.129,6.77,92.505,3577.59,22.66
11/24/2020,0.1281,6.81,92.226,3635.41,21.64
11/25/2020,0.1299,6.87,91.994,3629.65,21.25
11/26/2020,0.1299,6.94,91.994,3629.65,21.25
11/27/2020,0.1348,6.85,91.79,3638.35,20.84
11/28/2020,,,,,
11/29/2020,,,,,
11/30/2020,0.1352,7.05,91.869,3621.63,20.57
12/01/2020,0.1397,6.99,91.313,3662.45,20.77
12/02/2020,0.1359,7.26,91.118,3669.01,21.17
12/03/2020,0.131,7.41,90.714,3666.72,21.28
12/04/2020,0.1297,7.44,90.701,3699.12,20.79
12/05/2020,,,,,
12/06/2020,,,,,
12/07/2020,0.1261,7.66,90.792,3691.96,21.3
12/08/2020,0.1299,7.62,90.965,3702.25,20.68
12/09/2020,0.1289,7.41,91.087,3672.82,22.27
12/10/2020,0.1249,7.52,90.824,3668.1,22.52
12/11/2020,0.1127,7.78,90.976,3663.46,23.31
12/12/2020,,,,,
12/13/2020,,,,,
12/14/2020,0.1131,7.58,90.711,3647.49,24.72
12/15/2020,0.1163,7.52,90.473,3694.62,22.89
12/16/2020,0.1187,7.54,90.45,3701.17,22.5
12/17/2020,0.1199,7.63,89.822,3722.48,21.93
12/18/2020,0.1193,7.62,90.016,3709.41,21.57
12/19/2020,,,,,
12/20/2020,,,,,
12/21/2020,0.1197,7.98,90.043,3694.92,25.16
12/22/2020,0.117,7.65,90.654,3687.26,24.23
12/23/2020,0.1197,7.32,90.413,3690.01,23.31
12/24/2020,0.1275,7.01,90.323,3703.06,21.53
12/25/2020,0.1275,7.01,90.223,3703.06,21.53
12/26/2020,,,,,
12/27/2020,,,,,
12/28/2020,0.1295,7.08,90.337,3735.36,21.7
12/29/2020,0.1276,7.11,89.994,3727.04,23.08
12/30/2020,0.127,7.29,89.68,3732.04,22.77
12/31/2020,0.1226,7.17,89.937,3756.07,22.75
01/01/2021,0.1226,7.17,89.937,3756.07,22.75
01/02/2021,,,,,
01/03/2021,,,,,
01/04/2021,0.1168,7.08,89.869,3700.65,26.97
01/05/2021,0.1156,7.12,89.436,3726.86,25.34
01/06/2021,0.1268,7,89.53,3748.14,25.07
01/07/2021,0.1272,6.94,89.826,3803.79,22.37
01/08/2021,0.124,6.9,90.098,3824.68,21.56
01/09/2021,,,,,
01/10/2021,,,,,
01/11/2021,0.1294,7.09,90.465,3799.61,24.08
01/12/2021,0.1292,6.94,90.093,3801.19,23.33
01/13/2021,0.1276,6.88,90.355,3809.84,22.21
01/14/2021,0.1267,6.82,90.239,3795.54,23.25
01/15/2021,0.1225,6.81,90.772,3768.25,24.34
01/16/2021,,,,,
01/17/2021,,,,,
01/18/2021,0.1225,6.96,90.765,3768.25,24.34
01/19/2021,0.1159,6.76,90.498,3798.91,23.24
01/20/2021,0.1159,6.6,90.475,3851.85,21.58
01/21/2021,0.1133,6.72,90.131,3853.07,21.32
01/22/2021,0.1127,6.72,90.238,3841.47,21.91
01/23/2021,,,,,
01/24/2021,,,,,
01/25/2021,0.1098,6.57,90.391,3855.36,23.19
01/26/2021,0.1088,6.59,90.17,3849.62,23.02
01/27/2021,0.106,6.58,90.647,3750.77,37.21
01/28/2021,0.1091,6.81,90.455,3787.38,30.21
01/29/2021,0.1049,6.69,90.584,3714.24,33.09
01/30/2021,,,,,
01/31/2021,,,,,
02/01/2021,0.1026,6.75,90.98,3773.86,30.24
02/02/2021,0.1048,6.74,91.197,3826.31,25.56
02/03/2021,0.1015,6.66,91.171,3830.17,22.91
02/04/2021,0.0948,6.55,91.529,3871.74,21.77
02/05/2021,0.0896,6.56,91.042,3886.83,20.87
02/06/2021,,,,,
02/07/2021,,,,,
02/08/2021,0.0925,6.28,90.934,3915.59,21.24
02/09/2021,0.0959,6.31,90.439,3911.23,21.63
02/10/2021,0.0962,6.31,90.371,3909.88,21.99
02/11/2021,0.0959,6.37,90.417,3916.38,21.25
02/12/2021,0.0939,6.34,90.48,3934.83,19.97
02/13/2021,,,,,
02/14/2021,,,,,
02/15/2021,0.0939,6.31,90.48,3934.83,19.97
02/16/2021,0.0987,6.41,90.509,3932.59,21.46
02/17/2021,0.0936,6.64,90.951,3931.33,21.5
02/18/2021,0.0894,6.5,90.592,3913.97,22.49
02/19/2021,0.0859,6.46,90.364,3906.71,22.05
02/20/2021,,,,,
02/21/2021,,,,,
02/22/2021,0.0862,6.59,90.01,3876.5,23.45
02/23/2021,0.0898,6.72,90.169,3881.37,23.11
02/24/2021,0.0956,6.85,90.176,3925.43,21.34
02/25/2021,0.1232,7,90.134,3829.34,28.89
02/26/2021,0.1055,7.52,90.879,3811.15,27.95
02/27/2021,,,,,
02/28/2021,,,,,
03/01/2021,0.1026,7.24,91.039,3901.82,23.35
03/02/2021,0.1011,6.93,90.785,3870.29,24.1
03/03/2021,0.108,6.75,90.947,3819.72,26.67
03/04/2021,0.1046,7.03,91.631,3768.47,28.57
03/05/2021,0.1058,7.21,91.977,3841.94,24.66
03/06/2021,,,,,
03/07/2021,,,,,
03/08/2021,0.1144,7.2,92.313,3821.35,25.47
03/09/2021,0.1134,7.14,91.958,3875.44,24.03
03/10/2021,0.1133,7.08,91.823,3898.81,22.56
03/11/2021,0.1039,6.91,91.42,3939.34,21.91
03/12/2021,0.1062,7.01,91.679,3943.34,20.69
03/13/2021,,,,,
03/14/2021,,,,,
03/15/2021,0.1045,7.05,91.833,3968.94,20.03
03/16/2021,0.099,7.01,91.865,3962.71,19.79
03/17/2021,0.0967,6.88,91.442,3974.12,19.23
03/18/2021,0.0955,6.96,91.862,3915.46,21.58
03/19/2021,0.092,6.95,91.919,3913.1,20.95
03/20/2021,,,,,
03/21/2021,,,,,
03/22/2021,0.0894,6.82,91.742,3940.59,18.88
03/23/2021,0.0895,6.89,92.336,3910.52,20.3
03/24/2021,0.0901,6.97,92.528,3889.14,21.2
03/25/2021,0.086,6.93,92.848,3909.52,19.81
03/26/2021,0.0864,6.86,92.766,3974.54,18.86
03/27/2021,,,,,
03/28/2021,,,,,
03/29/2021,0.0867,6.83,92.944,3971.09,20.74
03/30/2021,0.0867,6.79,93.297,3958.55,19.61
03/31/2021,0.091,6.72,93.232,3972.89,19.4
04/01/2021,0.0946,6.56,92.929,4019.87,17.33
04/02/2021,0.1029,6.56,93.022,4019.87,17.33
04/03/2021,,,,,
04/04/2021,,,,,
04/05/2021,0.0968,6.51,92.595,4077.91,17.91
04/06/2021,0.0921,6.63,92.335,4073.94,18.12
04/07/2021,0.0893,6.75,92.455,4079.95,17.16
04/08/2021,0.0887,6.6,92.059,4097.17,16.95
04/09/2021,0.0933,6.5,92.163,4128.8,16.69
04/10/2021,,,,,
04/11/2021,,,,,
04/12/2021,0.0992,6.29,92.138,4127.99,16.91
04/13/2021,0.0961,6.26,91.852,4141.59,16.65
04/14/2021,0.0953,6.23,91.69,4124.66,16.99
04/15/2021,0.0915,6.24,91.671,4170.42,16.57
04/16/2021,0.0959,6.2,91.556,4185.47,16.25
04/17/2021,,,,,
04/18/2021,,,,,
04/19/2021,0.0933,6.27,91.069,4163.26,17.29
04/20/2021,0.0893,6.32,91.241,4134.94,18.68
04/21/2021,0.0857,6.42,91.155,4173.42,17.5
04/22/2021,0.0862,6.32,91.333,4134.98,18.71
04/23/2021,0.0902,6.27,90.859,4180.17,17.33
04/24/2021,,,,,
04/25/2021,,,,,
04/26/2021,0.0934,6.16,90.807,4187.62,17.64
04/27/2021,0.0959,6.13,90.909,4186.72,17.56
04/28/2021,0.0903,6.19,90.609,4183.18,17.28
04/29/2021,0.0849,6.18,90.614,4211.47,17.61
04/30/2021,0.0857,6.16,91.28,4181.17,18.61
05/01/2021,,,,,
05/02/2021,,,,,
05/03/2021,0.0864,6.28,90.945,4192.66,18.31
05/04/2021,0.0852,6.26,91.288,4164.66,19.48
05/05/2021,0.0842,6.3,91.308,4167.59,19.15
05/06/2021,0.0834,6.39,90.951,4201.62,18.39
05/07/2021,0.0838,6.46,90.233,4232.6,16.69
05/08/2021,,,,,
05/09/2021,,,,,
05/10/2021,0.0854,6.43,90.212,4188.43,19.66
05/11/2021,0.0886,6.58,90.141,4152.1,21.84
05/12/2021,0.0895,6.61,90.713,4063.04,27.59
05/13/2021,0.0863,6.66,90.752,4112.5,23.13
05/14/2021,0.0824,6.47,90.321,4173.85,18.81
05/15/2021,,,,,
05/16/2021,,,,,
05/17/2021,0.0814,6.34,90.164,4163.29,19.72
05/18/2021,0.0804,6.37,89.75,4127.83,21.34
05/19/2021,0.0811,6.44,90.191,4115.68,22.18
05/20/2021,0.077,6.46,89.808,4159.12,20.67
05/21/2021,0.0785,6.35,90.017,4155.86,20.15
05/22/2021,,,,,
05/23/2021,,,,,
05/24/2021,0.0784,6.32,89.844,4197.05,18.4
05/25/2021,0.0761,6.34,89.639,4188.13,18.84
05/26/2021,0.0762,6.3,90.042,4195.99,17.36
05/27/2021,0.0767,6.29,89.971,4200.88,16.74
05/28/2021,0.0774,6.3,90.031,4204.11,16.76
05/29/2021,,,,,
05/30/2021,,,,,
05/31/2021,0.0774,6.24,89.829,4204.11,16.76
06/01/2021,0.083,6.21,89.831,4202.04,17.9
06/02/2021,0.0809,6.2,89.909,4208.12,17.48
06/03/2021,0.0862,6.26,90.512,4192.85,18.04
06/04/2021,0.0854,6.24,90.136,4229.89,16.42
06/05/2021,,,,,
06/06/2021,,,,,
06/07/2021,0.0866,5.96,89.95,4226.52,16.42
06/08/2021,0.0876,5.82,90.076,4227.26,17.07
06/09/2021,0.0885,5.86,90.12,4219.55,17.89
06/10/2021,0.0869,5.82,90.075,4239.18,16.1
06/11/2021,0.0896,5.63,90.555,4247.44,15.65
06/12/2021,,,,,
06/13/2021,,,,,
06/14/2021,0.0908,5.65,90.522,4255.15,16.39
06/15/2021,0.0925,5.67,90.536,4246.59,17.02
06/16/2021,0.1205,5.74,91.129,4223.7,18.15
06/17/2021,0.115,6.05,91.889,4221.86,17.75
06/18/2021,0.131,6.05,92.225,4166.45,20.7
06/19/2021,,,,,
06/20/2021,,,,,
06/21/2021,0.1283,6.09,91.899,4224.79,17.89
06/22/2021,0.1184,5.98,91.756,4246.44,16.66
06/23/2021,0.1258,6.02,91.802,4241.84,16.32
06/24/2021,0.1255,5.93,91.814,4266.49,15.97
06/25/2021,0.1279,5.89,91.851,4280.7,15.62
06/26/2021,,,,,
06/27/2021,,,,,
06/28/2021,0.1235,5.78,91.887,4290.61,15.76
06/29/2021,0.1208,5.81,92.049,4291.8,16.02
06/30/2021,0.1182,5.94,92.436,4297.5,15.83
07/01/2021,0.1192,6.06,92.597,4319.94,15.48
07/02/2021,0.1167,6.09,92.226,4352.34,15.07
07/03/2021,,,,,
07/04/2021,,,,,
07/05/2021,0.1167,5.83,92.212,4352.34,15.07
07/06/2021,0.1076,5.82,92.546,4343.54,16.44
07/07/2021,0.1071,6.01,92.644,4358.13,16.2
07/08/2021,0.1014,6.31,92.417,4320.82,19
07/09/2021,0.1129,6.05,92.13,4369.55,16.18
07/10/2021,,,,,
07/11/2021,,,,,
07/12/2021,0.1152,5.85,92.261,4384.63,16.17
07/13/2021,0.1194,5.88,92.752,4369.21,17.12
07/14/2021,0.1124,5.92,92.41,4374.3,16.33
07/15/2021,0.1107,5.96,92.624,4360.03,17.01
07/16/2021,0.1037,6.02,92.687,4327.16,18.45
07/17/2021,,,,,
07/18/2021,,,,,
07/19/2021,0.1011,6.23,92.891,4258.49,22.5
07/20/2021,0.0981,6.3,92.973,4323.06,19.73
07/21/2021,0.1017,6.1,92.754,4358.69,17.91
07/22/2021,0.098,6.07,92.822,4367.48,17.69
07/23/2021,0.1006,6.02,92.912,4411.79,17.2
07/24/2021,,,,,
07/25/2021,,,,,
07/26/2021,0.0971,6,92.649,4422.3,17.58
07/27/2021,0.0959,6.05,92.432,4401.46,19.36
07/28/2021,0.0983,6.15,92.322,4400.64,18.31
07/29/2021,0.0943,6.01,91.864,4419.15,17.7
07/30/2021,0.0925,6,92.174,4395.26,18.24
07/31/2021,,,,,
08/01/2021,,,,,
08/02/2021,0.0881,5.95,92.048,4387.16,19.46
08/03/2021,0.0868,5.93,92.081,4423.15,18.04
08/04/2021,0.0896,5.98,92.27,4402.66,17.97
08/05/2021,0.0965,6.03,92.244,4429.1,17.28
08/06/2021,0.097,5.92,92.8,4436.52,16.15
08/07/2021,,,,,
08/08/2021,,,,,
08/09/2021,0.1025,5.95,92.945,4432.35,16.72
08/10/2021,0.1075,5.95,93.055,4436.75,16.79
08/11/2021,0.1031,5.92,92.922,4447.7,16.06
08/12/2021,0.1025,5.76,93.035,4460.83,15.59
08/13/2021,0.1013,5.67,92.518,4468,15.45
08/14/2021,,,,,
08/15/2021,,,,,
08/16/2021,0.0989,5.75,92.628,4479.71,16.12
08/17/2021,0.1021,5.95,93.13,4448.08,17.91
08/18/2021,0.1034,5.88,93.136,4400.27,21.57
08/19/2021,0.1046,6.11,93.568,4405.8,21.67
08/20/2021,0.106,6.09,93.496,4441.67,18.56
08/21/2021,,,,,
08/22/2021,,,,,
08/23/2021,0.1069,5.96,92.958,4479.53,17.15
08/24/2021,0.1054,5.94,92.893,4486.23,17.22
08/25/2021,0.1048,5.86,92.825,4496.19,16.79
08/26/2021,0.1032,5.83,93.062,4470,18.84
08/27/2021,0.0953,5.97,92.686,4509.37,16.39
08/28/2021,,,,,
08/29/2021,,,,,
08/30/2021,0.0913,5.82,92.653,4528.79,16.19
08/31/2021,0.0911,5.85,92.626,4522.68,16.48
09/01/2021,0.094,5.87,92.449,4524.09,16.11
09/02/2021,0.0968,5.84,92.225,4536.95,16.41
09/03/2021,0.0959,5.76,92.035,4535.43,16.41
09/04/2021,,,,,
09/05/2021,,,,,
09/06/2021,0.0959,5.68,92.035,4535.43,16.41
09/07/2021,0.1002,5.66,92.512,4520.03,18.14
09/08/2021,0.0996,5.79,92.653,4514.07,17.96
09/09/2021,0.0998,5.79,92.479,4493.28,18.8
09/10/2021,0.0974,5.74,92.582,4458.58,20.95
09/11/2021,,,,,
09/12/2021,,,,,
09/13/2021,0.0977,5.67,92.675,4468.73,19.37
09/14/2021,0.0955,5.65,92.623,4443.05,19.46
09/15/2021,0.0935,5.73,92.548,4480.7,18.18
09/16/2021,0.0957,5.71,92.932,4473.75,18.69
09/17/2021,0.0995,5.88,93.195,4432.99,20.81
09/18/2021,,,,,
09/19/2021,,,,,
09/20/2021,0.0972,6.1,93.276,4357.73,25.71
09/21/2021,0.0959,6.08,93.204,4354.19,24.36
09/22/2021,0.1055,6.03,93.462,4395.64,20.87
09/23/2021,0.1079,6.02,93.085,4448.98,18.63
09/24/2021,0.1137,5.87,93.327,4455.48,17.75
09/25/2021,,,,,
09/26/2021,,,,,
09/27/2021,0.1168,5.84,93.383,4443.11,18.76
09/28/2021,0.1178,6.03,93.766,4352.63,23.25
09/29/2021,0.1154,6.04,94.338,4359.46,22.56
09/30/2021,0.1134,6.07,94.23,4307.54,23.14
10/01/2021,0.1071,6.18,94.035,4357.04,21.15
10/02/2021,,,,,
10/03/2021,,,,,
10/04/2021,0.1134,6.08,93.776,4300.46,22.96
10/05/2021,0.1177,6.07,93.975,4345.72,21.3
10/06/2021,0.1212,6.28,94.266,4363.55,21
10/07/2021,0.1248,6.19,94.217,4399.76,19.54
10/08/2021,0.124,5.94,94.067,4391.34,18.77
10/09/2021,,,,,
10/10/2021,,,,,
10/11/2021,0.124,6.15,94.316,4361.19,20
10/12/2021,0.1392,6.23,94.516,4350.65,19.85
10/13/2021,0.1433,6.2,94.08,4363.8,18.64
10/14/2021,0.1443,6.2,93.956,4438.26,16.86
10/15/2021,0.1547,6.21,93.937,4471.37,16.3
10/16/2021,,,,,
10/17/2021,,,,,
10/18/2021,0.1556,6.16,93.953,4486.46,16.31
10/19/2021,0.1462,6.19,93.734,4519.63,15.7
10/20/2021,0.1439,6.22,93.558,4536.19,15.49
10/21/2021,0.1694,6.13,93.77,4549.78,15.01
10/22/2021,0.1788,6.15,93.642,4544.9,15.43
10/23/2021,,,,,
10/24/2021,,,,,
10/25/2021,0.1709,6.14,93.813,4566.48,15.24
10/26/2021,0.1737,6.09,93.949,4574.79,15.98
10/27/2021,0.1806,6.12,93.802,4551.68,16.98
10/28/2021,0.1867,6.18,93.345,4596.42,16.53
10/29/2021,0.1784,6.21,94.123,4605.38,16.26
10/30/2021,,,,,
10/31/2021,,,,,
11/01/2021,0.1941,6.29,93.879,4613.67,16.41
11/02/2021,0.1744,6.32,94.09,4630.65,16.03
11/03/2021,0.1787,6.18,93.864,4660.57,15.1
11/04/2021,0.1643,6.11,94.347,4680.06,15.44
11/05/2021,0.16,6.15,94.32,4697.53,16.48
11/06/2021,,,,,
11/07/2021,,,,,
11/08/2021,0.1816,6.11,94.049,4701.7,17.22
11/09/2021,0.1655,6.12,93.955,4685.25,17.78
11/10/2021,0.2058,6.12,94.85,4646.71,18.73
11/11/2021,0.2058,6.57,95.178,4649.27,17.66
11/12/2021,0.208,6.51,95.128,4682.85,16.29
11/13/2021,,,,,
11/14/2021,,,,,
11/15/2021,0.2089,6.54,95.407,4682.8,16.49
11/16/2021,0.2043,6.78,95.915,4700.9,16.37
11/17/2021,0.2005,6.8,95.828,4688.67,17.11
11/18/2021,0.199,6.71,95.544,4704.54,17.59
11/19/2021,0.2097,6.74,96.031,4697.96,17.91
11/20/2021,,,,,
11/21/2021,,,,,
11/22/2021,0.2433,6.91,96.548,4682.94,19.17
11/23/2021,0.2339,6.95,96.491,4690.7,19.38
11/24/2021,0.2607,6.98,96.875,4701.46,18.58
11/25/2021,0.2607,7,96.774,4701.46,18.58
11/26/2021,0.2068,6.97,96.089,4594.62,28.62
11/27/2021,,,,,
11/28/2021,,,,,
11/29/2021,0.2113,7.01,96.341,4655.27,22.96
11/30/2021,0.2419,7.17,95.994,4567,27.19
12/01/2021,0.2481,7.2,96.028,4513.04,31.12
12/02/2021,0.2838,7.15,96.156,4577.1,27.95
12/03/2021,0.277,6.96,96.117,4538.43,30.67
12/04/2021,,,,,
12/05/2021,,,,,
12/06/2021,0.3045,7.12,96.328,4591.67,27.18
12/07/2021,0.34,7.05,96.369,4686.75,21.89
12/08/2021,0.3323,7,95.894,4701.21,19.9
12/09/2021,0.3334,7.12,96.271,4667.45,21.58
12/10/2021,0.3208,7.09,96.097,4712.02,18.69
12/11/2021,,,,,
12/12/2021,,,,,
12/13/2021,0.3135,6.9,96.317,4668.97,20.31
12/14/2021,0.3177,6.9,96.571,4634.09,21.89
12/15/2021,0.3277,6.92,96.511,4709.85,19.29
12/16/2021,0.3101,6.44,96.042,4668.67,20.57
12/17/2021,0.3251,6.51,96.565,4620.64,21.57
12/18/2021,,,,,
12/19/2021,,,,,
12/20/2021,0.3239,6.58,96.551,4568.02,22.87
12/21/2021,0.3454,6.57,96.491,4649.23,21.01
12/22/2021,0.3452,6.48,96.076,4696.56,18.63
12/23/2021,0.3626,6.42,96.019,4725.79,17.96
12/24/2021,0.3626,6.34,96.019,4725.79,17.96
12/25/2021,,,,,
12/26/2021,,,,,
12/27/2021,0.3799,6.31,96.093,4791.19,17.68
12/28/2021,0.3852,6.33,96.202,4786.35,17.54
12/29/2021,0.3871,6.26,95.929,4793.06,16.95
12/30/2021,0.3822,6.18,95.968,4778.73,17.33
12/31/2021,0.3942,6.11,95.67,4766.18,17.22
01/01/2022,,,,,
01/02/2022,,,,,
01/03/2022,0.415,6.04,96.213,4796.56,16.6
01/04/2022,0.4001,6.09,96.262,4793.54,16.91
01/05/2022,0.4382,6.03,96.171,4700.58,19.73
01/06/2022,0.4711,5.99,96.32,4696.05,19.61
01/07/2022,0.465,6.08,95.719,4677.03,18.76
01/08/2022,,,,,
01/09/2022,,,,,
01/10/2022,0.4951,6,95.991,4670.29,19.4
01/11/2022,0.493,6.15,95.624,4713.07,18.41
01/12/2022,0.5,6.07,94.915,4726.35,17.62
01/13/2022,0.4974,6.1,94.79,4659.03,20.31
01/14/2022,0.541,6.17,95.165,4662.85,19.19
01/15/2022,,,,,
01/16/2022,,,,,
01/17/2022,0.541,6.2,95.258,4662.85,19.19
01/18/2022,0.5995,6.27,95.732,4577.11,22.79
01/19/2022,0.5928,6.33,95.51,4532.76,23.85
01/20/2022,0.6084,6.33,95.735,4482.73,25.59
01/21/2022,0.5865,6.48,95.642,4397.94,28.85
01/22/2022,,,,,
01/23/2022,,,,,
01/24/2022,0.5783,6.66,95.918,4410.13,29.9
01/25/2022,0.6091,6.73,95.948,4356.45,31.16
01/26/2022,0.6748,6.61,96.478,4349.93,31.96
01/27/2022,0.7202,6.62,97.255,4326.51,30.49
01/28/2022,0.7204,6.69,97.27,4431.85,27.66
01/29/2022,,,,,
01/30/2022,,,,,
01/31/2022,0.7485,6.7,96.54,4515.55,24.83
02/01/2022,0.7459,6.72,96.385,4546.54,21.96
02/02/2022,0.7303,6.69,95.936,4589.38,22.09
02/03/2022,0.7567,6.8,95.379,4477.44,24.35
02/04/2022,0.8676,6.91,95.485,4500.53,23.22
02/05/2022,,,,,
02/06/2022,,,,,
02/07/2022,0.8612,6.96,95.399,4483.87,22.86
02/08/2022,0.8908,6.88,95.643,4521.54,21.44
02/09/2022,0.9036,6.79,95.494,4587.18,19.96
02/10/2022,1.1342,6.83,95.553,4504.08,23.91
02/11/2022,1.0488,7.1,96.082,4418.64,27.36
02/12/2022,,,,,
02/13/2022,,,,,
02/14/2022,1.1248,7.57,96.374,4401.67,28.33
02/15/2022,1.0997,6.51,95.989,4471.07,25.7
02/16/2022,1.061,7.12,95.701,4475.01,24.29
02/17/2022,1.0322,7.11,95.8,4380.26,28.11
02/18/2022,1.0318,7.27,96.043,4348.87,27.75
02/19/2022,,,,,
02/20/2022,,,,,
02/21/2022,1.0318,7.47,96.078,4348.87,27.75
02/22/2022,1.0886,7.27,96.025,4304.76,28.81
02/23/2022,1.0945,7.55,96.19,4225.5,31.02
02/24/2022,1.0533,7.27,97.137,4288.7,30.32
02/25/2022,1.0724,7.32,96.615,4384.65,27.59
02/26/2022,,,,,
02/27/2022,,,,,
02/28/2022,1.0122,7.74,96.707,4373.94,30.15
03/01/2022,0.9436,8.66,97.409,4306.26,33.32
03/02/2022,1.0668,8.27,97.385,4386.54,30.74
03/03/2022,1.0688,8.87,97.785,4363.49,30.48
03/04/2022,1.0468,8.85,98.648,4328.87,31.98
03/05/2022,,,,,
03/06/2022,,,,,
03/07/2022,1.0842,9.85,99.293,4201.09,36.45
03/08/2022,1.1286,9.23,99.062,4170.7,35.13
03/09/2022,1.1507,9.09,97.968,4277.88,32.45
03/10/2022,1.1716,8.69,98.507,4259.52,30.23
03/11/2022,1.201,8.78,99.124,4204.31,30.75
03/12/2022,,,,,
03/13/2022,,,,,
03/14/2022,1.282,9.05,98.999,4173.11,31.77
03/15/2022,1.2765,8.9,99.097,4262.45,29.83
03/16/2022,1.326,8.74,98.618,4357.86,26.67
03/17/2022,1.3129,8.74,97.974,4411.67,25.67
03/18/2022,1.335,8.24,98.233,4463.12,23.87
03/19/2022,,,,,
03/20/2022,,,,,
03/21/2022,1.4603,8.04,98.498,4461.18,23.53
03/22/2022,1.4978,8.05,98.493,4511.61,22.94
03/23/2022,1.4719,8.03,98.622,4456.24,23.57
03/24/2022,1.4909,8.06,98.789,4520.16,21.67
03/25/2022,1.5937,8.11,98.789,4543.06,20.81
03/26/2022,,,,,
03/27/2022,,,,,
03/28/2022,1.6359,8.43,99.091,4575.52,19.63
03/29/2022,1.6304,8.33,98.404,4631.6,18.9
03/30/2022,1.6054,8.03,97.792,4602.45,19.33
03/31/2022,1.6252,8.16,98.312,4530.41,20.56
04/01/2022,1.7063,8.18,98.632,4545.86,19.63
04/02/2022,,,,,
04/03/2022,,,,,
04/04/2022,1.6984,8.11,99,4582.64,18.57
04/05/2022,1.7324,8.45,99.472,4525.12,21.03
04/06/2022,1.7562,8.56,99.599,4481.15,22.1
04/07/2022,1.7337,8.45,99.751,4500.21,21.55
04/08/2022,1.7774,8.34,99.796,4488.28,21.16
04/09/2022,,,,,
04/10/2022,,,,,
04/11/2022,1.7859,8.34,99.932,4412.53,24.37
04/12/2022,1.7123,8.35,100.292,4397.45,24.26
04/13/2022,1.7056,8.29,99.875,4446.59,21.82
04/14/2022,1.7686,8.05,100.321,4392.59,22.7
04/15/2022,1.7686,8.18,100.5,4392.59,22.7
04/16/2022,,,,,
04/17/2022,,,,,
04/18/2022,1.7918,8.16,100.781,4391.69,22.17
04/19/2022,1.8704,8.25,100.961,4462.21,21.37
04/20/2022,1.869,8.24,100.39,4459.45,20.32
04/21/2022,1.9358,8.39,100.578,4393.66,22.68
04/22/2022,1.9745,8.62,101.22,4271.78,28.21
04/23/2022,,,,,
04/24/2022,,,,,
04/25/2022,1.9529,8.61,101.752,4296.12,27.02
04/26/2022,1.8944,8.71,102.303,4175.2,33.52
04/27/2022,1.9187,9.35,102.954,4183.96,31.6
04/28/2022,1.9461,9.74,103.623,4287.5,29.99
04/29/2022,2.0223,10.12,102.959,4131.93,33.4
04/30/2022,,,,,
05/01/2022,,,,,
05/02/2022,2.045,10.16,103.744,4155.38,32.34
05/03/2022,2.0906,10.17,103.465,4175.48,29.25
05/04/2022,2.001,9.99,102.587,4300.17,25.42
05/05/2022,2.0391,9.49,103.752,4146.87,31.2
05/06/2022,2.0517,10.61,103.66,4123.34,30.19
05/07/2022,,,,,
05/08/2022,,,,,
05/09/2022,1.9745,10.61,103.651,3991.24,34.75
05/10/2022,1.9973,10.6,103.92,4001.05,32.99
05/11/2022,2.011,9.74,103.846,3935.18,32.56
05/12/2022,1.9654,10.36,104.851,3930.08,31.77
05/13/2022,2.0023,10.35,104.563,4023.89,28.87
05/14/2022,,,,,
05/15/2022,,,,,
05/16/2022,2.0132,10.37,104.187,4008.01,27.47
05/17/2022,2.0805,9.76,103.36,4088.85,26.1
05/18/2022,2.0614,9.61,103.81,3923.68,30.96
05/19/2022,2.0214,10.1,102.724,3900.79,29.35
05/20/2022,1.9979,9.91,103.15,3901.36,29.43
05/21/2022,1.9979,9.91,103.15,3901.36,29.43
05/22/2022,1.9979,9.91,103.15,3901.36,29.43
05/23/2022,2.09205505636067,9.392855190947,102.22410035839,3973.75,28.48
05/24/2022,2.02314470927313,9.29255379684475,101.68828457968,3941.48,29.45
05/25/2022,2.01330037397491,9.24744387036504,102.311754352127,3978.73,28.37
05/26/2022,1.99361170337847,9.24584134682976,101.836044660971,4057.84,27.5
05/27/2022,2.01330037397491,9.18261064712393,101.824875257494,4158.24,25.72
05/28/2022,2.01330037397491,9.18261064712393,101.824875257494,4158.24,25.72
05/29/2022,2.01330037397491,9.18261064712393,101.824875257494,4158.24,25.72
05/30/2022,2.01330037397491,9.16557434344492,101.824875257494,4158.24,26.54
05/31/2022,2.08221072106245,9.19531091427758,101.737518424568,4132.15,26.19
06/01/2022,2.16096540344822,9.13203794379858,102.613614702071,4101.23,25.69
06/02/2022,2.15112106815,9.17004667770436,101.883862593861,4176.82,24.72
06/03/2022,2.18065407404466,9.1686287424666,102.133015259929,4108.54,24.79
06/04/2022,2.18065407404466,9.1686287424666,102.133015259929,4108.54,24.79
06/05/2022,2.18065407404466,9.1686287424666,102.133015259929,4108.54,24.79
06/06/2022,2.22987575053576,8.97983458071652,102.314246430101,4121.43,25.07
06/07/2022,2.25940875643042,8.97547806605555,102.386828735818,4160.68,24.02
06/08/2022,2.28894176232509,8.98286211411073,102.328352375036,4115.77,23.96
06/09/2022,2.34800777411441,9.01012769754089,102.984784639182,4017.82,26.09
06/10/2022,2.57442748597349,9.16952568240628,104.137509646349,3900.86,27.75
06/11/2022,2.57442748597349,9.16952568240628,104.137509646349,3900.86,27.75
06/12/2022,2.57442748597349,9.16952568240628,104.137509646349,3900.86,27.75
06/13/2022,2.87960188021833,9.25132971776938,104.93138245316,3749.63,34.02
06/14/2022,3.13555459797207,9.18431278638458,105.384404908855,3735.48,32.69
06/15/2022,2.91897922141121,9.18676940673469,105.511578334513,3789.99,29.62
06/16/2022,2.86975754492011,9.7069666971162,103.888803090488,3666.77,32.95
06/17/2022,2.85006887432367,9.88028209057777,104.859132957338,3674.84,31.13
06/18/2022,2.85006887432367,9.88028209057777,104.859132957338,3674.84,31.13
06/19/2022,2.85006887432367,9.88028209057777,104.859132957338,3674.84,31.13
06/20/2022,2.85006887432367,9.87186953328131,104.859132957338,3674.84,31.03
06/21/2022,2.90913488611299,9.93470739452916,104.302580305525,3764.79,30.19
06/22/2022,2.78115852723612,9.94442432662213,104.063061951945,3759.89,28.95
06/23/2022,2.7713141919379,9.98424969545213,104.501305304082,3795.73,29.05
06/24/2022,2.820535868429,9.90738775055701,104.229721304499,3911.74,27.23
06/25/2022,2.820535868429,9.90738775055701,104.229721304499,3911.74,27.23
06/26/2022,2.820535868429,9.90738775055701,104.229721304499,3911.74,27.23
06/27/2022,2.87960188021833,9.90009297686397,103.776039660636,3900.11,26.95
06/28/2022,2.86975754492011,9.90116518121113,104.400134912337,3821.55,28.36
06/29/2022,2.86975754492011,9.89288591942991,104.818379735962,3818.83,28.16
06/30/2022,2.79100286253434,9.89511778914904,104.796658547999,3785.38,28.71
07/01/2022,2.78115852723612,9.9251505496923,105.30136189883,3825.33,26.7
07/02/2022,2.78115852723612,9.9251505496923,105.30136189883,3825.33,26.7
07/03/2022,2.78115852723612,9.9251505496923,105.30136189883,3825.33,26.7
07/04/2022,2.78115852723612,9.92257935303507,105.30136189883,3825.33,27.53
07/05/2022,2.76146985663968,10.0544722967728,106.624488834385,3831.39,27.54
07/06/2022,2.81069153313078,10.0818093632682,107.148785705044,3845.08,26.73
07/07/2022,2.85991320962189,10.0849610837041,107.132186824594,3902.62,26.08
07/08/2022,2.94851222730587,10.0878890178952,106.976022329075,3899.38,24.64
07/09/2022,2.94851222730587,10.0878890178952,106.976022329075,3899.38,24.64
07/10/2022,2.94851222730587,10.0878890178952,106.976022329075,3899.38,24.64
07/11/2022,2.95835656260409,10.1501670082183,107.831195636862,3854.43,26.17
07/12/2022,3.0567999155863,10.1354722889713,107.891596112725,3818.8,27.29
07/13/2022,3.19462060976139,10.1401586459799,107.813162837958,3801.78,26.82
07/14/2022,3.14539893327029,10.1900718613401,108.561708235853,3790.38,26.4
07/15/2022,3.1060215920774,10.1829620735802,108.008857771154,3863.16,24.23
07/16/2022,3.1060215920774,10.1829620735802,108.008857771154,3863.16,24.23
07/17/2022,3.1060215920774,10.1829620735802,108.008857771154,3863.16,24.23
07/18/2022,3.11586592737563,10.199566105125,107.24123040411,3830.85,25.3
07/19/2022,3.16508760386673,10.2387717364317,106.590412818726,3936.69,24.5
07/20/2022,3.16508760386673,10.1547753987634,106.782889341777,3959.9,23.88
07/21/2022,3.09617725677918,10.0556070889663,106.904988804737,3998.95,23.11
07/22/2022,2.99773390379698,10.1156190917183,106.428496651014,3961.63,23.03
07/23/2022,2.99773390379698,10.1156190917183,106.428496651014,3961.63,23.03
07/24/2022,2.99773390379698,10.1156190917183,106.428496651014,3961.63,23.03
07/25/2022,3.0567999155863,10.0482801481969,106.550948369804,3966.84,23.36
07/26/2022,3.04695558028808,9.98048621682433,107.206194277237,3921.05,24.69
07/27/2022,2.98788956849876,9.92815624852775,107.344938141357,4023.61,23.24
07/28/2022,2.91897922141121,10.0895471497289,106.490380936239,4072.43,22.33
07/29/2022,2.96820089790231,10.1235677253606,105.993314211683,4130.29,21.33
07/30/2022,2.96820089790231,10.1235677253606,105.993314211683,4130.29,21.33
07/31/2022,2.96820089790231,10.1235677253606,105.993314211683,4130.29,21.33
08/01/2022,2.96820089790231,10.1902507365753,105.306802439874,4118.63,22.84
08/02/2022,3.07648858618274,10.1864778299012,105.963714122824,4091.19,23.93
08/03/2022,3.12571026267385,10.2317741853337,106.597827556531,4155.17,21.95
08/04/2022,3.09617725677918,10.2590463953858,105.962588376519,4151.94,21.44
08/05/2022,3.27337529214716,10.3321125172286,106.697057424477,4145.19,21.15
08/06/2022,3.27337529214716,10.3321125172286,106.697057424477,4145.19,21.15
08/07/2022,3.27337529214716,10.3321125172286,106.697057424477,4145.19,21.15
08/08/2022,3.28321962744538,10.3567812614755,106.248850582282,4140.06,21.29
08/09/2022,3.31275263334004,10.0832662697583,106.183026681835,4122.47,21.77
08/10/2022,3.24384228625249,10.2471591607245,104.926793273719,4210.24,19.74
08/11/2022,3.23399795095427,10.2440975634408,104.919080234245,4207.27,20.2
08/12/2022,3.24384228625249,10.1622147181308,105.710762857082,4280.15,19.53
08/13/2022,3.24384228625249,10.1622147181308,105.710762857082,4280.15,19.53
08/14/2022,3.24384228625249,10.1622147181308,105.710762857082,4280.15,19.53
08/15/2022,3.21430928035783,10.1685852684732,106.26641647551,4297.14,19.95
08/16/2022,3.24384228625249,10.1007628836738,106.502293809418,4305.2,19.69
08/17/2022,3.25368662155071,10.1301090143082,106.817791818789,4274.04,19.9
08/18/2022,3.22415361565605,10.0567487924709,107.218159361035,4283.74,19.56
08/19/2022,3.24384228625249,10.0848808220863,108.139732066099,4228.48,20.6
08/20/2022,3.24384228625249,10.0848808220863,108.139732066099,4228.48,20.6
08/21/2022,3.24384228625249,10.0848808220863,108.139732066099,4228.48,20.6
08/22/2022,3.30290829804182,10.1058904321919,109.022591090194,4137.99,23.8
08/23/2022,3.27337529214716,10.1355682955517,108.411482858032,4128.73,24.11
08/24/2022,3.33244130393648,10.126851143996,108.604975092035,4140.77,22.82
08/25/2022,3.31275263334004,10.1313463979979,108.615236998045,4199.12,21.78
08/26/2022,3.3422856392347,10.1097412171311,108.472944364783,4057.66,25.56
08/27/2022,3.3422856392347,10.1097412171311,108.472944364783,4057.66,25.56
08/28/2022,3.3422856392347,10.1097412171311,108.472944364783,4057.66,25.56
08/29/2022,3.41119598632225,10.0683935035654,108.745172991245,4030.61,26.21
08/30/2022,3.46041766281335,10.010112366204,108.799554666693,3986.16,26.21
08/31/2022,3.48010633340979,10.0151892728586,108.489916394246,3955,25.87
09/01/2022,3.48995066870801,10.096487410725,109.623796129628,3966.85,25.56
09/02/2022,3.45057332751513,10.1381923003363,108.972886960834,3924.26,25.47
09/03/2022,3.45057332751513,10.1381923003363,108.972886960834,3924.26,25.47
09/04/2022,3.45057332751513,10.1381923003363,108.972886960834,3924.26,25.47
09/05/2022,3.45057332751513,10.0855272161031,108.972886960834,3924.26,25.99
09/06/2022,3.58839402169022,10.2008376107351,110.132356355146,3908.19,26.91
09/07/2022,3.578549686392,10.1089389891936,110.196822429572,3979.87,24.64
09/08/2022,3.578549686392,10.034688898496,109.975964342806,4006.18,23.61
09/09/2022,3.64746003347954,10.1104700697352,108.947865359982,4067.36,22.79
09/10/2022,3.64746003347954,10.1104700697352,108.947865359982,4067.36,22.79
09/11/2022,3.64746003347954,10.1104700697352,108.947865359982,4067.36,22.79
09/12/2022,3.6769930393742,10.1590722539718,108.239140693851,4110.41,23.87
09/13/2022,3.89356841593506,9.89297763572784,109.615141879803,3932.69,27.27
09/14/2022,3.92310142182972,9.71157142849137,109.499455042943,3946.01,26.16
09/15/2022,3.97232309832083,9.73425569606254,109.734663662408,3901.35,26.27
09/16/2022,3.93294575712794,9.66932046444891,109.685762670242,3873.33,26.3
09/17/2022,3.93294575712794,9.66932046444891,109.685762670242,3873.33,26.3
09/18/2022,3.93294575712794,9.66932046444891,109.685762670242,3873.33,26.3
09/19/2022,4.02154477481193,9.65532689879958,109.836405934093,3899.89,25.76
09/20/2022,4.00185610421549,9.58681576816266,109.968893492317,3855.93,27.16
09/21/2022,4.05107778070659,9.63674254124192,110.957496592492,3789.93,27.99
09/22/2022,4.05107778070659,9.70555476537242,111.231508216284,3757.99,27.35
09/23/2022,4.11998812779414,9.98637468714012,112.709490633756,3693.23,29.92
09/24/2022,4.11998812779414,9.98637468714012,112.709490633756,3693.23,29.92
09/25/2022,4.11998812779414,9.98637468714012,112.709490633756,3693.23,29.92
09/26/2022,4.13967679839058,10.1259961726201,113.965715205864,3655.04,32.26
09/27/2022,4.12983246309236,10.1227600564634,113.964608331243,3647.29,32.6
09/28/2022,3.9624787630226,10.1511126362971,113.196137160809,3719.04,30.18
09/29/2022,3.95263442772438,10.311729201038,112.375292121653,3640.47,31.84
09/30/2022,4.02154477481193,10.2043072086291,112.271763772308,3585.62,31.62
10/01/2022,4.02154477481193,10.2043072086291,112.271763772308,3585.62,31.62
10/02/2022,4.02154477481193,10.2043072086291,112.271763772308,3585.62,31.62
10/03/2022,3.98216743361905,10.2366303553492,111.832693362299,3678.43,30.1
10/04/2022,4.11998812779414,10.4356280021621,110.327310139698,3790.93,29.07
10/05/2022,4.11014379249591,10.5263154911429,111.434580889209,3783.28,28.55
10/06/2022,4.15936546898702,10.4970394728281,112.146089737344,3744.52,30.52
10/07/2022,4.20858714547812,10.4886353679554,112.334852029606,3639.66,31.36
10/08/2022,4.20858714547812,10.4886353679554,112.334852029606,3639.66,31.36
10/09/2022,4.20858714547812,10.4886353679554,112.334852029606,3639.66,31.36
10/10/2022,4.20858714547812,10.4790999844958,112.334852029606,3612.39,32.45
10/11/2022,4.247964486671,10.4374129329301,112.579349638355,3588.84,33.63
10/12/2022,4.247964486671,10.4469415810137,113.333772641971,3577.03,33.57
10/13/2022,4.42516252203898,10.5287225791869,112.400616088448,3669.91,31.94
10/14/2022,4.46453986323186,10.5326298124725,113.120137387827,3583.07,32.02
10/15/2022,4.46453986323186,10.5326298124725,113.120137387827,3583.07,32.02
10/16/2022,4.46453986323186,10.5326298124725,113.120137387827,3583.07,32.02
10/17/2022,4.46453986323186,10.7034588827999,111.976482801826,3677.95,31.37
10/18/2022,4.46453986323186,10.7212801559884,112.220265736851,3719.98,30.5
10/19/2022,4.56298321621407,10.6676660482913,112.836711739642,3695.16,30.76
10/20/2022,4.62204922800339,10.6938454445203,112.424408913017,3665.78,29.98
10/21/2022,4.54329454561763,10.8179198042025,111.815836281584,3752.75,29.69
10/22/2022,4.54329454561763,10.8179198042025,111.815836281584,3752.75,29.69
10/23/2022,4.54329454561763,10.8179198042025,111.815836281584,3752.75,29.69
10/24/2022,4.57282755151229,10.8848795354195,111.957946501879,3797.34,29.85
10/25/2022,4.56298321621407,10.833205525862,110.944020746706,3859.11,28.46
10/26/2022,4.50391720442474,10.9290941304486,109.811495721946,3830.6,27.28
10/27/2022,4.46453986323186,10.8974350695778,110.362404895587,3807.3,27.39
10/28/2022,4.51376153972296,10.9086037134924,110.977693803505,3901.06,25.75
10/29/2022,4.51376153972296,10.9086037134924,110.977693803505,3901.06,25.75
10/30/2022,4.51376153972296,10.9086037134924,110.977693803505,3901.06,25.75
10/31/2022,4.62204922800339,10.8688524044131,111.509923689468,3871.98,25.88
11/01/2022,4.71064824568738,10.8276370704958,111.598300082737,3856.1,25.81
11/02/2022,4.7204925809856,10.7750776059567,111.452156555123,3759.69,25.86
11/03/2022,4.74018125158204,10.9254406455854,112.85907359932,3719.89,25.3
11/04/2022,4.7204925809856,11.1152657274094,111.54090230101,3770.55,24.55
11/05/2022,4.7204925809856,11.1152657274094,111.54090230101,3770.55,24.55
11/06/2022,4.7204925809856,11.1152657274094,111.54090230101,3770.55,24.55
11/07/2022,4.75986992217848,11.010003018728,110.421335751185,3806.8,24.35
11/08/2022,4.73033691628382,11.1166325697842,109.394924568083,3828.11,25.54
11/09/2022,4.71064824568738,11.1469048845146,110.124371681348,3748.57,26.09
11/10/2022,4.55313888091585,11.5798504965359,108.266629778772,3956.37,23.53
11/11/2022,4.55313888091585,11.558152062287,108.266629778772,3992.93,22.52
11/12/2022,4.55313888091585,11.558152062287,108.266629778772,3992.93,22.52
11/13/2022,4.55313888091585,11.558152062287,108.266629778772,3992.93,22.52
11/14/2022,4.59251622210873,11.720698707947,106.890517926146,3957.25,23.73
11/15/2022,4.56298321621407,11.7636324117256,106.370328783953,3991.73,24.54
11/16/2022,4.58267188681051,11.6789451535791,106.325035176325,3958.79,24.11
11/17/2022,4.64173789859983,11.655774132031,106.926672709819,3946.56,23.93
11/18/2022,4.70080391038916,11.624110586818,106.74326747371,3965.34,23.12
11/19/2022,4.70080391038916,11.624110586818,106.74326747371,3965.34,23.12
11/20/2022,4.70080391038916,11.624110586818,106.74326747371,3965.34,23.12
11/21/2022,4.71064824568738,11.7362443635398,107.883845666105,3949.94,22.36
11/22/2022,4.75002558688026,11.7591247485205,107.379221822877,4003.58,21.29
11/23/2022,4.71064824568738,11.8391272195598,106.419640300134,4027.26,20.35
11/24/2022,4.71064824568738,11.7954209540193,106.419640300134,4027.26,20.42
11/25/2022,4.7204925809856,11.7952059411017,106.019305473842,4026.12,20.5
11/26/2022,4.7204925809856,11.7952059411017,106.019305473842,4026.12,20.5
11/27/2022,4.7204925809856,11.7952059411017,106.019305473842,4026.12,20.5
11/28/2022,4.7204925809856,11.8025533387264,106.199881629375,3963.94,22.21
11/29/2022,4.74018125158204,11.7259096064987,106.57422310793,3957.63,21.89
11/30/2022,4.70080391038916,11.7155792538331,106.86257261128,4080.11,20.58
12/01/2022,4.62204922800339,12.0739219812893,104.900994080735,4076.57,19.84
12/02/2022,4.65158223389805,11.9027667888411,104.671914962833,4071.7,19.06
12/03/2022,4.65158223389805,11.9027667888411,104.671914962833,4071.7,19.06
12/04/2022,4.65158223389805,11.9027667888411,104.671914962833,4071.7,19.06
12/05/2022,4.73033691628382,11.9371160930721,105.26104707515,3998.84,20.75
12/06/2022,4.69095957509094,11.9343735649516,105.270103299236,3941.26,22.17
12/07/2022,4.63189356330161,11.8490226215447,105.202503186927,3933.92,22.68
12/08/2022,4.67127090449449,11.8197449258421,104.799742062443,3963.51,22.29
12/09/2022,4.68111523979271,11.6410380724893,104.715193640882,3934.38,22.83
12/10/2022,4.68111523979271,11.6410380724893,104.715193640882,3934.38,22.83
12/11/2022,4.68111523979271,11.6410380724893,104.715193640882,3934.38,22.83
12/12/2022,4.71064824568738,11.6457524838376,104.939677167375,3990.56,25
12/13/2022,4.60236055740695,11.7398694845349,103.955673492622,4019.65,22.55
12/14/2022,4.60236055740695,11.7293828079719,103.767405603282,3995.32,21.14
12/15/2022,4.61220489270517,11.9332929600712,104.507038427265,3895.75,22.83
12/16/2022,4.57282755151229,11.9615349332835,104.634432043525,3852.36,22.62
12/17/2022,4.57282755151229,11.9615349332835,104.634432043525,3852.36,22.62
12/18/2022,4.57282755151229,11.9615349332835,104.634432043525,3852.36,22.62
12/19/2022,4.60236055740695,11.8788820938623,104.524675382585,3817.66,22.42
12/20/2022,4.60236055740695,12.1996119454974,103.872119164506,3821.62,21.48
12/21/2022,4.56298321621407,11.9694223664911,104.303132859229,3878.44,20.07
12/22/2022,4.60236055740695,11.8032841443778,104.458078095978,3822.39,21.97
12/23/2022,4.62204922800339,11.8067311864883,104.280690756933,3844.82,20.87
12/24/2022,4.62204922800339,11.8067311864883,104.280690756933,3844.82,20.87
12/25/2022,4.62204922800339,11.8067311864883,104.280690756933,3844.82,20.87
12/26/2022,4.62204922800339,11.7691231195952,104.280690756933,3844.82,20.87
12/27/2022,4.71064824568738,11.6889700019672,104.07684372295,3829.25,21.65
12/28/2022,4.67127090449449,11.6937048260209,104.405509335784,3783.22,22.14
12/29/2022,4.67127090449449,11.6680193031395,103.94935798739,3849.28,21.44
12/30/2022,4.69095957509094,11.5158256440399,103.600183698332,3839.5,21.67
12/31/2022,4.69095957509094,11.5158256440399,103.600183698332,3839.5,21.67
01/01/2023,4.69095957509094,11.5158256440399,103.600183698332,3839.5,21.67
01/02/2023,4.69095957509094,11.3865603933793,103.600183698332,3839.5,21.67
01/03/2023,4.68111523979271,11.4820581777217,104.591893039444,3824.14,22.9
01/04/2023,4.67127090449449,11.551453569496,104.086873709768,3852.97,22.01
01/05/2023,4.74018125158204,11.6943626154755,105.166465599246,3808.1,22.46
01/06/2023,4.67127090449449,11.7615675286451,104.119570037917,3895.08,21.13
01/07/2023,4.67127090449449,11.7615675286451,104.119570037917,3895.08,21.13
01/08/2023,4.67127090449449,11.7615675286451,104.119570037917,3895.08,21.13
01/09/2023,4.65158223389805,11.7909081898984,102.946447067079,3892.09,21.97
01/10/2023,4.70080391038916,11.7097789535311,103.283058142587,3919.25,20.58
01/11/2023,4.69095957509094,11.6402182957452,103.37431065169,3969.61,21.09
01/12/2023,4.62204922800339,11.6087981054359,102.510724949269,3983.17,18.83
01/13/2023,4.65158223389805,11.6075697990196,102.363169213442,3999.09,18.35
01/14/2023,4.65158223389805,11.6075697990196,102.363169213442,3999.09,18.35
01/15/2023,4.65158223389805,11.6075697990196,102.363169213442,3999.09,18.35
01/16/2023,4.65158223389805,11.5590901824733,102.363169213442,3999.09,19.49
01/17/2023,4.63189356330161,11.5656957786307,102.374500220473,3990.97,19.36
01/18/2023,4.59251622210873,11.4958783003368,102.080319050928,3928.86,20.34
01/19/2023,4.61220489270517,11.437925977662,102.248943625266,3898.85,20.52
01/20/2023,4.64173789859983,11.4150385120434,102.239046934209,3972.61,19.85
01/21/2023,4.64173789859983,11.4150385120434,102.239046934209,3972.61,19.85
01/22/2023,4.64173789859983,11.4150385120434,102.239046934209,3972.61,19.85
01/23/2023,4.66142656919627,11.3408565978588,102.088513273298,4019.81,19.81
01/24/2023,4.66142656919627,11.2905574405186,102.002262160253,4016.95,19.2
01/25/2023,4.63189356330161,11.2227826414501,101.786575909202,4016.22,19.08
01/26/2023,4.64173789859983,11.2061414432988,102.045052767885,4060.43,18.73
01/27/2023,4.64173789859983,11.198234569544,102.022415897046,4070.56,18.51
01/28/2023,4.64173789859983,11.198234569544,102.022415897046,4070.56,18.51
01/29/2023,4.64173789859983,11.198234569544,102.022415897046,4070.56,18.51
01/30/2023,4.67127090449449,11.2008966388722,102.073311827834,4017.77,19.94
01/31/2023,4.64173789859983,10.9277618997251,102.156896071907,4076.6,19.4
02/01/2023,4.62204922800339,10.7955183194746,101.729162905163,4119.21,17.87
02/02/2023,4.60236055740695,10.7143798223755,101.629642079942,4179.76,18.73
02/03/2023,4.75002558688026,10.8738252125543,102.773252729767,4136.48,18.33
02/04/2023,4.75002558688026,10.8738252125543,102.773252729767,4136.48,18.33
02/05/2023,4.75002558688026,10.8738252125543,102.773252729767,4136.48,18.33
02/06/2023,4.80909159866958,10.8736095536027,103.686070630526,4111.08,19.43
02/07/2023,4.83862460456425,10.489307014692,103.59356601779,4164,18.66
02/08/2023,4.82878026926603,10.5009689129487,103.305747288077,4117.86,19.63
02/09/2023,4.83862460456425,10.292775438634,102.94906814542,4081.5,20.71
02/10/2023,4.84846893986247,10.3016749492826,103.641625387931,4090.46,20.53
02/11/2023,4.84846893986247,10.3016749492826,103.641625387931,4090.46,20.53
02/12/2023,4.84846893986247,10.3016749492826,103.641625387931,4090.46,20.53
02/13/2023,4.86815761045891,10.338157132729,103.367405912404,4137.29,20.34
02/14/2023,4.94691229284467,10.2875312211799,103.378590755423,4136.13,18.91
02/15/2023,4.91737928695001,10.3337786876375,103.89947484313,4147.6,18.23
02/16/2023,4.94691229284467,10.1772334978538,103.916915997091,4090.41,20.17
02/17/2023,4.9567566281429,10.151099416644,104.032568782277,4079.09,20.02
02/18/2023,4.9567566281429,10.151099416644,104.032568782277,4079.09,20.02
02/19/2023,4.9567566281429,10.151099416644,104.032568782277,4079.09,20.02
02/20/2023,4.9567566281429,10.0366070062762,104.032568782277,4079.09,21.23
02/21/2023,5.02566697523044,10.0678773473092,104.086974671081,3997.34,22.87
02/22/2023,5.02566697523044,10.0637746183437,104.371257337563,3991.05,22.29
02/23/2023,4.98628963403756,10.0642202465743,104.707656664434,4012.32,21.14
02/24/2023,5.005978304634,10.0827258471373,105.234170281356,3970.04,21.67
02/25/2023,5.005978304634,10.0827258471373,105.234170281356,3970.04,21.67
02/26/2023,5.005978304634,10.0827258471373,105.234170281356,3970.04,21.67
02/27/2023,4.98628963403756,10.0820148232809,104.760657501563,3982.24,20.95
02/28/2023,4.97644529873934,9.60376403368505,104.69767720202,3970.15,20.7
03/01/2023,5.01582263993222,9.63837954732325,104.310042483653,3951.39,20.58
03/02/2023,4.99613396933578,9.62112023931028,105.02056866063,3981.35,19.59
03/03/2023,4.98628963403756,9.63235090691649,104.736865857437,4045.64,18.49
03/04/2023,4.98628963403756,9.63235090691649,104.736865857437,4045.64,18.49
03/05/2023,4.98628963403756,9.63235090691649,104.736865857437,4045.64,18.49
03/06/2023,5.005978304634,9.67648055319294,104.175259154324,4048.42,18.61
03/07/2023,5.17333200470375,9.85517375401268,105.404001124301,3986.37,19.59
03/08/2023,5.20286501059841,9.84296663748182,105.622663792232,3992.01,19.11
03/09/2023,5.13395466351087,9.84751235636897,105.270889868721,3918.32,22.61
03/10/2023,4.85831327516069,9.80050650057467,104.477649433741,3861.59,24.8
03/11/2023,4.85831327516069,9.80050650057467,104.477649433741,3861.59,24.8
03/12/2023,4.85831327516069,9.80050650057467,104.477649433741,3861.59,24.8
03/13/2023,4.26765315726745,9.91245315218399,103.587300241647,3855.76,26.52
03/14/2023,4.41531818674076,9.70422785237526,103.746602046728,3919.29,23.73
03/15/2023,4.15936546898702,9.95369164229943,104.953131684074,3891.93,26.14
03/16/2023,4.45469552793364,10.0126926076783,104.340515747033,3960.28,22.99
03/17/2023,4.22827581607456,9.55544879499514,104.045788565083,3916.64,25.51
03/18/2023,4.22827581607456,9.55544879499514,104.045788565083,3916.64,25.51
03/19/2023,4.22827581607456,9.55544879499514,104.045788565083,3916.64,25.51
03/20/2023,4.30703049846033,9.56801003927172,103.361064455934,3951.57,24.15
03/21/2023,4.64173789859983,9.59954920805565,103.243135436688,4002.87,21.38
03/22/2023,4.52360587502118,9.59293715502649,103.115403529284,3936.97,22.26
03/23/2023,4.34640783965321,9.69493045973583,102.194344891324,3948.72,22.61
03/24/2023,4.28734182786389,9.79163068517512,103.110878298082,3970.99,21.74
03/25/2023,4.28734182786389,9.79163068517512,103.110878298082,3970.99,21.74
03/26/2023,4.28734182786389,9.79163068517512,103.110878298082,3970.99,21.74
03/27/2023,4.47438419853008,9.79542054780712,102.923944420554,3977.53,20.6
03/28/2023,4.51376153972296,9.79979699216444,102.449832692974,3971.27,19.97
03/29/2023,4.55313888091585,9.81945063008963,102.758620618891,4027.81,19.12
03/30/2023,4.59251622210873,9.8507142565186,102.242050215773,4050.83,19.02
03/31/2023,4.60236055740695,9.67740160691624,102.370499241687,4109.31,18.7
04/01/2023,4.60236055740695,9.67740160691624,102.370499241687,4109.31,18.7
04/02/2023,4.60236055740695,9.67740160691624,102.370499241687,4109.31,18.7
04/03/2023,4.56298321621407,9.5917336588433,102.144855145796,4124.51,18.55
04/04/2023,4.46453986323186,9.46288734630993,101.600769458614,4100.6,19
04/05/2023,4.39562951614431,9.33371714539934,101.786677314725,4090.38,19.08
04/06/2023,4.47438419853008,9.1848168295739,101.832761196308,4105.02,18.4
04/07/2023,4.57282755151229,9.16665593722451,102.019798729498,4105.02,18.4
04/08/2023,4.57282755151229,9.16665593722451,102.019798729498,4105.02,18.4
04/09/2023,4.57282755151229,9.16665593722451,102.019798729498,4105.02,18.4
04/10/2023,4.61220489270517,9.23508061048787,102.746287696512,4109.11,18.97
04/11/2023,4.63189356330161,9.09388259702081,102.221330753235,4108.94,19.1
04/12/2023,4.60236055740695,9.06421550932582,101.583691879521,4091.95,19.09
04/13/2023,4.62204922800339,9.13245049822177,100.937714888411,4146.22,17.8
04/14/2023,4.73033691628382,9.20285213146604,101.669500089898,4137.64,17.07
04/15/2023,4.73033691628382,9.20285213146604,101.669500089898,4137.64,17.07
04/16/2023,4.73033691628382,9.20285213146604,101.669500089898,4137.64,17.07
04/17/2023,4.75986992217848,9.20501316121868,102.203612821346,4151.32,16.95
04/18/2023,4.7697142574767,9.20445720808786,101.835679662969,4154.87,16.83
04/19/2023,4.79924726337136,9.15612776515411,101.964682507191,4154.52,16.46
04/20/2023,4.73033691628382,9.14505963058494,101.770517817187,4129.79,17.17
04/21/2023,4.74018125158204,9.14206200339448,101.845620256189,4133.52,16.77
04/22/2023,4.74018125158204,9.14206200339448,101.845620256189,4133.52,16.77
04/23/2023,4.74018125158204,9.14206200339448,101.845620256189,4133.52,16.77
04/24/2023,4.7204925809856,9.14257169087888,101.50975524031,4137.04,16.89
04/25/2023,4.56298321621407,9.16452760689783,101.926061017666,4071.63,18.76
04/26/2023,4.60236055740695,9.20291365803662,101.340221065926,4055.99,18.84
04/27/2023,4.74018125158204,9.21048361727424,101.599868340428,4135.35,17.03
04/28/2023,4.75986992217848,9.29096346843954,101.48549501376,4169.48,15.78
04/29/2023,4.75986992217848,9.29096346843954,101.48549501376,4169.48,15.78
04/30/2023,4.75986992217848,9.29096346843954,101.48549501376,4169.48,15.78
05/01/2023,4.8189359339678,9.31643777806495,102.128023616872,4167.87,16.08
05/02/2023,4.70080391038916,9.32108337143646,101.950857526612,4119.58,17.78
05/03/2023,4.66142656919627,9.10265189764366,101.425626001658,4090.75,18.34
05/04/2023,4.55313888091585,9.04629155486114,101.421330703869,4061.22,20.09
05/05/2023,4.69095957509094,9.05331277763121,101.252172393311,4136.25,17.19
05/06/2023,4.69095957509094,9.05331277763121,101.252172393311,4136.25,17.19
05/07/2023,4.69095957509094,9.05331277763121,101.252172393311,4136.25,17.19
05/08/2023,4.75002558688026,9.04714070167792,101.239273672319,4138.12,16.98
05/09/2023,4.7697142574767,9.06690191080338,101.70515785483,4119.17,17.71
05/10/2023,4.66142656919627,9.00035400496503,101.570098266889,4137.64,16.94
05/11/2023,4.66142656919627,9.00556975292577,102.079563283253,4130.62,16.93
05/12/2023,4.71064824568738,9.04960801856826,102.624305398785,4124.08,17.03
05/13/2023,4.71064824568738,9.04960801856826,102.624305398785,4124.08,17.03
05/14/2023,4.71064824568738,9.04960801856826,102.624305398785,4124.08,17.03
05/15/2023,4.69095957509094,8.99500723001097,102.449082940144,4136.28,17.12
05/16/2023,4.83862460456425,9.0014377659762,102.59334020152,4109.9,17.99
05/17/2023,4.87800194575713,9.01861146496607,102.94817986181,4158.77,16.87
05/18/2023,4.97644529873934,9.05681400966305,103.47949624887,4198.05,16.05
05/19/2023,4.97644529873934,9.05438340908136,103.07362133965,4191.98,16.81
05/20/2023,4.97644529873934,9.05438340908136,103.07362133965,4191.98,16.81
05/21/2023,4.97644529873934,9.05438340908136,103.07362133965,4191.98,16.81
05/22/2023,5.02566697523044,9.05575450125137,103.304546026772,4192.63,17.21
05/23/2023,5.01582263993222,9.04577381960972,103.531157466279,4145.58,18.53
05/24/2023,5.07488865172154,9.01128318453705,103.825007792122,4115.24,20.03
05/25/2023,5.19302067530019,9.00302733586528,104.197102549051,4151.28,19.14
05/26/2023,5.20286501059841,9.00317538775696,104.306288667152,4205.45,17.95
05/27/2023,5.20286501059841,9.00317538775696,104.306288667152,4205.45,17.95
05/28/2023,5.20286501059841,9.00317538775696,104.306288667152,4205.45,17.95
05/29/2023,5.20286501059841,8.95506772293272,104.306288667152,4205.45,17.46
05/30/2023,5.17333200470375,8.90187130016362,104.123330703496,4205.52,17.46
05/31/2023,5.13395466351087,8.91883871531025,104.543796101843,4179.83,17.94
06/01/2023,5.06504431642332,9.00842555646849,103.595976520595,4221.02,15.65
06/02/2023,5.17333200470375,8.81760815551172,103.907852933608,4282.37,14.6
06/03/2023,5.17333200470375,8.81760815551172,103.907852933608,4282.37,14.6
06/04/2023,5.17333200470375,8.81760815551172,103.907852933608,4282.37,14.6
06/05/2023,5.12411032821264,8.81356621645602,103.944316014471,4273.79,14.73
06/06/2023,5.15364333410731,8.79643617690414,104.132127897715,4283.85,13.96
06/07/2023,5.11426599291442,8.68397126817442,104.062841177109,4267.52,13.94
06/08/2023,5.07488865172154,8.61664617416503,103.362019296094,4293.93,13.65
06/09/2023,5.12411032821264,8.60436682242583,103.544143608308,4298.86,13.83
06/10/2023,5.12411032821264,8.60436682242583,103.544143608308,4298.86,13.83
06/11/2023,5.12411032821264,8.60436682242583,103.544143608308,4298.86,13.83
06/12/2023,5.13395466351087,8.28910470277434,103.735827761664,4338.93,15.01
06/13/2023,5.21270934589663,8.26432254751312,103.277490971816,4369.01,14.61
06/14/2023,5.22255368119485,8.29077042254077,102.692946969969,4372.59,13.88
06/15/2023,5.16348766940553,8.29388391648544,102.270795045511,4425.84,14.5
06/16/2023,5.19302067530019,8.2783822688952,102.390395482014,4409.59,13.54
06/17/2023,5.19302067530019,8.2783822688952,102.390395482014,4409.59,13.54
06/18/2023,5.19302067530019,8.2783822688952,102.390395482014,4409.59,13.54
06/19/2023,5.19302067530019,8.27106870206237,102.390395482014,4409.59,14.19
06/20/2023,5.19302067530019,8.18056256514236,102.696554131128,4388.71,13.88
06/21/2023,5.20286501059841,8.041751782935,102.360253866554,4365.69,13.2
06/22/2023,5.24224235179129,8.0282002689552,102.413547761469,4381.89,12.91
06/23/2023,5.20286501059841,8.03095433053366,102.950672251956,4348.33,13.44
06/24/2023,5.20286501059841,8.03095433053366,102.950672251956,4348.33,13.44
06/25/2023,5.20286501059841,8.03095433053366,102.950672251956,4348.33,13.44
06/26/2023,5.22255368119485,7.98236813972681,102.718305742192,4328.82,14.25
06/27/2023,5.28161969298418,7.96048920638316,102.477020726401,4378.41,13.74
06/28/2023,5.27177535768596,8.01811231011423,103.024079415027,4376.86,13.43
06/29/2023,5.36037437536994,7.99639120949095,103.237637955623,4396.44,13.54
06/30/2023,5.35053004007172,7.96561901863755,102.858637691977,4450.38,13.59
07/01/2023,5.35053004007172,7.96561901863755,102.858637691977,4450.38,13.59
07/02/2023,5.35053004007172,7.96561901863755,102.858637691977,4450.38,13.59
07/03/2023,5.38006304596638,7.94400524905984,102.909086908038,4455.59,13.57
07/04/2023,5.38006304596638,7.93423912864162,102.909086908038,4455.59,13.7
07/05/2023,5.35053004007172,7.94945387064756,103.234823895698,4446.82,14.18
07/06/2023,5.3899073812646,7.87251249035955,103.229170880226,4411.59,15.44
07/07/2023,5.36037437536994,7.9930307671785,102.308084042807,4398.95,14.83
07/08/2023,5.36037437536994,7.9930307671785,102.308084042807,4398.95,14.83
07/09/2023,5.36037437536994,7.9930307671785,102.308084042807,4398.95,14.83
07/10/2023,5.33084136947528,7.94881189562613,102.077128758402,4409.53,15.07
07/11/2023,5.3899073812646,7.90417529837743,101.811167048084,4439.26,14.84
07/12/2023,5.30130836358062,8.0531091484325,100.596108571171,4472.16,13.54
07/13/2023,5.22255368119485,8.07170199243464,99.9792457622529,4510.04,13.61
07/14/2023,5.2914640282824,8.07811863056495,99.8725039776741,4505.42,13.34
07/15/2023,5.2914640282824,8.07811863056495,99.8725039776741,4505.42,13.34
07/16/2023,5.2914640282824,8.07811863056495,99.8725039776741,4505.42,13.34
07/17/2023,5.28161969298418,8.0734536345668,99.9078228215028,4522.79,13.48
07/18/2023,5.27177535768596,8.06200638634791,99.9774524336142,4554.98,13.3
07/19/2023,5.27177535768596,8.12420655226998,100.363900911783,4565.72,13.76
07/20/2023,5.30130836358062,8.1447960042943,100.859380108332,4534.87,13.99
07/21/2023,5.30130836358062,8.1247984164246,101.103317223151,4536.34,13.6
07/22/2023,5.30130836358062,8.1247984164246,101.103317223151,4536.34,13.6
07/23/2023,5.30130836358062,8.1247984164246,101.103317223151,4536.34,13.6
07/24/2023,5.33084136947528,8.08968351329991,101.231536889337,4554.64,13.91
07/25/2023,5.33084136947528,8.09684210152274,101.33153524598,4567.46,13.86
07/26/2023,5.32099703417706,8.00930973783498,101.124577189057,4566.75,13.19
07/27/2023,5.35053004007172,7.98762437113739,101.684885178386,4537.41,14.41
07/28/2023,5.32099703417706,7.97974419099636,101.481169353501,4582.23,13.33
07/29/2023,5.32099703417706,7.97974419099636,101.481169353501,4582.23,13.33
07/30/2023,5.32099703417706,7.97974419099636,101.481169353501,4582.23,13.33
07/31/2023,5.32099703417706,7.9686349702231,101.685198506985,4588.96,13.63
08/01/2023,5.33084136947528,7.98631436861561,102.330564859809,4576.73,13.93
08/02/2023,5.31115269887884,7.94538629169665,102.613320574111,4513.39,16.09
08/03/2023,5.32099703417706,7.95625429778086,102.473074940512,4501.89,15.92
08/04/2023,5.28161969298418,7.99311461069903,101.796056944427,4478.03,17.1
08/05/2023,5.28161969298418,7.99311461069903,101.796056944427,4478.03,17.1
08/06/2023,5.28161969298418,7.99311461069903,101.796056944427,4478.03,17.1
08/07/2023,5.25208668708951,7.99785257570126,102.112193175746,4518.44,15.77
08/08/2023,5.30130836358062,7.96564523017063,102.598997857996,4499.38,15.99
08/09/2023,5.30130836358062,7.92085891708662,102.508241158867,4467.71,15.96
08/10/2023,5.28161969298418,7.9283006260022,102.289819977505,4468.83,15.85
08/11/2023,5.31115269887884,7.9559590013813,102.806204245244,4464.05,14.84
08/12/2023,5.31115269887884,7.9559590013813,102.806204245244,4464.05,14.84
08/13/2023,5.31115269887884,7.9559590013813,102.806204245244,4464.05,14.84
08/14/2023,5.32099703417706,7.94372509159833,103.034920714216,4489.72,14.82
08/15/2023,5.31115269887884,7.9047079768991,102.986367326231,4437.86,16.46
08/16/2023,5.32099703417706,7.87815701730891,103.207327525794,4404.33,16.78
08/17/2023,5.31115269887884,7.86524097575972,103.41917049899,4370.36,17.89
08/18/2023,5.30130836358062,7.88191013253891,103.386524798571,4369.71,17.3
08/19/2023,5.30130836358062,7.88191013253891,103.386524798571,4369.71,17.3
08/20/2023,5.30130836358062,7.88191013253891,103.386524798571,4369.71,17.3
08/21/2023,5.32099703417706,7.87138875252788,103.423628883358,4399.77,17.13
08/22/2023,5.3406857047735,7.87409456901963,103.591288552181,4387.55,16.97
08/23/2023,5.30130836358062,7.90017453988328,103.388691870491,4436.01,15.98
08/24/2023,5.3406857047735,7.94953544011503,103.834825116464,4376.31,17.2
08/25/2023,5.3899073812646,7.95778170060099,104.263557044615,4405.71,15.68
08/26/2023,5.3899073812646,7.95778170060099,104.263557044615,4405.71,15.68
08/27/2023,5.3899073812646,7.95778170060099,104.263557044615,4405.71,15.68
08/28/2023,5.3899073812646,7.91548968781455,104.056068075038,4433.31,15.08
08/29/2023,5.32099703417706,7.77080319449299,103.719243712189,4497.63,14.45
08/30/2023,5.3406857047735,7.80354435746078,103.090185556118,4514.87,13.88
08/31/2023,5.32099703417706,7.8740704606354,103.696830553495,4507.66,13.57
09/01/2023,5.31115269887884,7.89695927614875,104.182792764567,4515.77,13.09
09/02/2023,5.31115269887884,7.89695927614875,104.182792764567,4515.77,13.09
09/03/2023,5.31115269887884,7.89695927614875,104.182792764567,4515.77,13.09
09/04/2023,5.31115269887884,7.89174063101827,104.182792764567,4515.77,13.82
09/05/2023,5.37021871066816,7.85546825780636,104.716023886513,4496.83,14.01
09/06/2023,5.3899073812646,7.86039005254537,104.937492026346,4465.48,14.45
09/07/2023,5.35053004007172,7.83808824942564,104.975828409594,4451.14,14.4
09/08/2023,5.37021871066816,7.78507455084532,104.9635039899,4457.49,13.84
09/09/2023,5.37021871066816,7.78507455084532,104.9635039899,4457.49,13.84
09/10/2023,5.37021871066816,7.78507455084532,104.9635039899,4457.49,13.84
09/11/2023,5.35053004007172,7.76739022400999,104.543729201617,4487.46,13.8
09/12/2023,5.37021871066816,7.69158812366971,104.755518963664,4461.9,14.23
09/13/2023,5.37021871066816,7.65342075919382,104.710956231711,4467.44,13.48
09/14/2023,5.37021871066816,7.71172764498697,105.213295309317,4505.1,12.82
09/15/2023,5.38006304596638,7.67990456961139,105.214603959306,4450.32,13.79
09/16/2023,5.38006304596638,7.67990456961139,105.214603959306,4450.32,13.79
09/17/2023,5.38006304596638,7.67990456961139,105.214603959306,4450.32,13.79
09/18/2023,5.3899073812646,7.64992468930481,105.045229617842,4453.53,14
09/19/2023,5.39975171656283,7.63992273210576,105.10191090002,4443.95,14.11
09/20/2023,5.41944038715927,7.60452370251931,104.874213964043,4402.2,15.14
09/21/2023,5.40959605186105,7.65317442389511,105.342114618501,4330,17.54
09/22/2023,5.40959605186105,7.64160077734349,105.465961421668,4320.06,17.2
09/23/2023,5.40959605186105,7.64160077734349,105.465961421668,4320.06,17.2
09/24/2023,5.40959605186105,7.64160077734349,105.465961421668,4320.06,17.2
09/25/2023,5.39975171656283,7.62402659934713,105.952503511872,4337.44,16.9
09/26/2023,5.39975171656283,7.62578160893055,106.149607959179,4273.53,18.94
09/27/2023,5.43912905775571,7.61678592046713,106.638509069634,4274.51,18.22
09/28/2023,5.40959605186105,7.69235885199396,106.021799258726,4299.7,17.34
09/29/2023,5.40959605186105,7.69778152917905,106.053083795868,4288.05,17.52
09/30/2023,5.40959605186105,7.69778152917905,106.053083795868,4288.05,17.52
10/01/2023,5.40959605186105,7.69778152917905,106.053083795868,4288.05,17.52
10/02/2023,5.43912905775571,7.75977659555084,106.825337062308,4288.39,17.61
10/03/2023,5.43912905775571,7.79171815275121,107.206363152089,4229.45,19.78
10/04/2023,5.37021871066816,7.67817521680449,106.656896821976,4263.75,18.58
10/05/2023,5.3406857047735,7.66679219098262,106.533890090679,4258.19,18.49
10/06/2023,5.38006304596638,7.69695299257971,105.988618347905,4308.5,17.45
10/07/2023,5.38006304596638,7.69695299257971,105.988618347905,4308.5,17.45
10/08/2023,5.38006304596638,7.69695299257971,105.988618347905,4308.5,17.45
10/09/2023,5.38006304596638,7.37454515684406,105.988618347905,4335.66,17.7
10/10/2023,5.32099703417706,7.30103746153831,105.677474277544,4358.24,17.03
10/11/2023,5.33084136947528,7.27442432333084,105.739968593289,4376.95,16.09
10/12/2023,5.38006304596638,7.32242850451598,106.342803814227,4349.61,16.69
10/13/2023,5.36037437536994,7.35539705123822,106.711000487199,4327.78,19.32
10/14/2023,5.36037437536994,7.35539705123822,106.711000487199,4327.78,19.32
10/15/2023,5.36037437536994,7.35539705123822,106.711000487199,4327.78,19.32
10/16/2023,5.37021871066816,7.33003330629743,106.31881754507,4373.63,17.21
10/17/2023,5.42928472245749,7.32765547825384,106.034546290502,4373.2,17.88
10/18/2023,5.41944038715927,7.3187604244415,106.567085705548,4314.6,19.22
10/19/2023,5.3899073812646,7.31307442752668,106.334054410015,4278,21.4
10/20/2023,5.36037437536994,7.29597464678615,106.156997566069,4224.16,21.71
10/21/2023,5.36037437536994,7.29597464678615,106.156997566069,4224.16,21.71
10/22/2023,5.36037437536994,7.29597464678615,106.156997566069,4224.16,21.71
10/23/2023,5.37021871066816,7.31765506264118,105.751781832439,4217.04,20.37
10/24/2023,5.36037437536994,7.29279020359189,106.222181806548,4247.68,18.97
10/25/2023,5.38006304596638,7.26556175634345,106.358675162065,4186.77,20.19
10/26/2023,5.3406857047735,7.22707610423084,106.824238229599,4137.23,20.68
10/27/2023,5.3406857047735,7.1849210563688,106.367243295544,4117.37,21.27
10/28/2023,5.3406857047735,7.1849210563688,106.367243295544,4117.37,21.27
10/29/2023,5.3406857047735,7.1849210563688,106.367243295544,4117.37,21.27
10/30/2023,5.36037437536994,7.18771210054098,106.118424283914,4166.82,19.75
10/31/2023,5.3899073812646,7.31130019323966,106.762691716554,4193.8,18.14
11/01/2023,5.32099703417706,7.23509762932129,106.919215806436,4237.86,16.87
11/02/2023,5.33084136947528,7.30670488159737,106.240201020599,4317.78,15.66
11/03/2023,5.24224235179129,7.53712310495662,105.068281430015,4358.34,14.91
11/04/2023,5.24224235179129,7.53712310495662,105.068281430015,4358.34,14.91
11/05/2023,5.24224235179129,7.53712310495662,105.068281430015,4358.34,14.91
11/06/2023,5.28161969298418,7.53338985372578,104.989210479628,4365.98,14.89
11/07/2023,5.28161969298418,7.56320320152357,105.603605969872,4378.38,14.81
11/08/2023,5.2914640282824,7.54042796653766,105.454112653162,4382.78,14.45
11/09/2023,5.3406857047735,7.53441864710699,105.50308908088,4347.35,15.29
11/10/2023,5.33084136947528,7.52442709887638,105.50308908088,4415.24,14.17
11/11/2023,5.33084136947528,7.52442709887638,105.50308908088,4415.24,14.17
11/12/2023,5.33084136947528,7.52442709887638,105.50308908088,4415.24,14.17
11/13/2023,5.32099703417706,7.52014881890457,105.632787334201,4411.55,14.76
11/14/2023,5.19302067530019,7.83168774028243,104.250860747997,4495.7,14.16
11/15/2023,5.22255368119485,7.81368763919888,104.294611825555,4502.88,14.18
11/16/2023,5.18317634000197,7.80537216961805,104.384142290401,4508.24,14.32
11/17/2023,5.19302067530019,7.80358380679472,104.098391813921,4514.02,13.8
11/18/2023,5.19302067530019,7.80358380679472,104.098391813921,4514.02,13.8
11/19/2023,5.19302067530019,7.80358380679472,104.098391813921,4514.02,13.8
11/20/2023,5.20286501059841,7.85988971881564,103.445547666318,4547.38,13.41
11/21/2023,5.19302067530019,7.8231823073647,103.46902617415,4538.19,13.35
11/22/2023,5.21270934589663,7.88563306037482,104.059777499314,4556.62,12.85
11/23/2023,5.21270934589663,7.87890921283155,104.059777499314,4556.62,12.8
11/24/2023,5.22255368119485,7.93610851994506,103.447970509379,4559.34,12.46
11/25/2023,5.22255368119485,7.93610851994506,103.447970509379,4559.34,12.46
11/26/2023,5.22255368119485,7.93610851994506,103.447970509379,4559.34,12.46
11/27/2023,5.19302067530019,7.88511626589235,103.368403405081,4550.43,12.69
11/28/2023,5.16348766940553,7.92068022825035,102.632521089364,4554.89,12.69
11/29/2023,5.07488865172154,7.90411452524656,102.894389267128,4550.58,12.98
11/30/2023,5.11426599291442,7.93905326748078,103.331765625366,4567.8,12.92
12/01/2023,5.005978304634,7.90592870005984,103.273422574624,4594.63,12.63
12/02/2023,5.005978304634,7.90592870005984,103.273422574624,4594.63,12.63
12/03/2023,5.005978304634,7.90592870005984,103.273422574624,4594.63,12.63
12/04/2023,5.0551999811251,7.91361152966665,103.703216270802,4569.78,13.08
12/05/2023,5.01582263993222,7.93077329676276,104.021009113806,4567.18,12.85
12/06/2023,5.02566697523044,7.92211282390487,103.968710458108,4549.34,12.97
12/07/2023,5.005978304634,8.0744646979705,103.653919376775,4585.59,13.06
12/08/2023,5.08473298701976,8.09174032534337,104.099550689241,4604.37,12.35
12/09/2023,5.08473298701976,8.09174032534337,104.099550689241,4604.37,12.35
12/10/2023,5.08473298701976,8.09174032534337,104.099550689241,4604.37,12.35
12/11/2023,5.09457732231798,8.13591372860396,104.212592124701,4622.44,12.63
12/12/2023,5.09457732231798,8.10957956227695,103.874287660628,4643.7,12.07
12/13/2023,4.89769061635357,8.10171683290476,103.821110676682,4707.09,12.19
12/14/2023,4.85831327516069,8.67224447824861,101.856502517452,4719.55,12.48
12/15/2023,4.90753495165179,8.72768128884706,102.448618013404,4719.19,12.28
12/16/2023,4.90753495165179,8.72768128884706,102.448618013404,4719.19,12.28
12/17/2023,4.90753495165179,8.72768128884706,102.448618013404,4719.19,12.28
12/18/2023,4.90753495165179,8.76839265564232,102.564098815958,4740.56,12.56
12/19/2023,4.88784628105535,8.77091637620363,102.108797810373,4768.37,12.53
12/20/2023,4.83862460456425,8.7722419447576,102.299961231755,4698.35,13.67
12/21/2023,4.79924726337136,8.76989522106614,101.904233680659,4746.75,13.65
12/22/2023,4.77955859277492,8.76675144268477,101.734608305481,4754.63,13.03
12/23/2023,4.77955859277492,8.76675144268477,101.734608305481,4754.63,13.03
12/24/2023,4.77955859277492,8.76675144268477,101.734608305481,4754.63,13.03
12/25/2023,4.77955859277492,8.72250867789835,101.734608305481,4754.63,13.03
12/26/2023,4.78940292807314,8.68645914162528,101.555023731066,4774.75,12.99
12/27/2023,4.75002558688026,8.74207301124775,100.909108987734,4781.58,12.43
12/28/2023,4.77955859277492,8.6848009430415,101.091918388603,4783.35,12.47
12/29/2023,4.75002558688026,8.63141973895848,101.17026339199,4769.83,12.45
12/30/2023,4.75002558688026,8.63141973895848,101.17026339199,4769.83,12.45
12/31/2023,4.75002558688026,8.63141973895848,101.17026339199,4769.83,12.45
01/01/2024,4.75002558688026,8.59602713512801,101.17026339199,4769.83,12.45
01/02/2024,4.75986992217848,8.72540763973964,102.099806326898,4742.83,13.2
01/03/2024,4.7697142574767,8.74516446674775,102.607283393671,4704.81,14.04
01/04/2024,4.80909159866958,8.78206281510053,102.349592459457,4688.68,14.13
01/05/2024,4.79924726337136,8.7753266989714,102.284586577971,4697.24,13.35
01/06/2024,4.79924726337136,8.7753266989714,102.284586577971,4697.24,13.35
01/07/2024,4.79924726337136,8.7753266989714,102.284586577971,4697.24,13.35
01/08/2024,4.77955859277492,8.77359938751908,102.102138848004,4763.54,13.08
01/09/2024,4.77955859277492,8.73318191223944,102.459714183964,4756.5,12.76
01/10/2024,4.77955859277492,8.72543755183143,102.433574259769,4783.45,12.69
01/11/2024,4.71064824568738,8.72359247913857,102.664197170118,4780.24,12.44
01/12/2024,4.61220489270517,8.73216636727242,102.38092541021,4783.83,12.7
01/13/2024,4.61220489270517,8.73216636727242,102.38092541021,4783.83,12.7
01/14/2024,4.61220489270517,8.73216636727242,102.38092541021,4783.83,12.7
01/15/2024,4.61220489270517,8.68863345473167,102.38092541021,4783.83,13.25
01/16/2024,4.66142656919627,8.82637156458688,103.236191021758,4765.98,13.84
01/17/2024,4.75986992217848,8.86905987299446,103.576255867797,4739.21,14.79
01/18/2024,4.75986992217848,8.84550051440464,103.505810468996,4780.94,14.13
01/19/2024,4.79924726337136,8.81974837601241,103.360046721545,4839.81,13.3
01/20/2024,4.79924726337136,8.81974837601241,103.360046721545,4839.81,13.3
01/21/2024,4.79924726337136,8.81974837601241,103.360046721545,4839.81,13.3
01/22/2024,4.78940292807314,8.81783545650576,103.216305563011,4850.43,13.19
01/23/2024,4.7697142574767,8.83280439725306,103.76248786408,4864.6,12.55
01/24/2024,4.78940292807314,8.86111863303991,103.08118240586,4868.55,13.14
01/25/2024,4.7204925809856,8.88936929527386,103.559580499176,4894.16,13.45
01/26/2024,4.74018125158204,8.78456359802282,103.355246808402,4890.97,13.26
01/27/2024,4.74018125158204,8.78456359802282,103.355246808402,4890.97,13.26
01/28/2024,4.74018125158204,8.78456359802282,103.355246808402,4890.97,13.26
01/29/2024,4.7204925809856,8.80066344607119,103.700883491281,4927.93,13.6
01/30/2024,4.75986992217848,8.75804169789981,103.44482965734,4924.97,13.31
01/31/2024,4.69095957509094,8.61114280707239,103.13895332704,4845.65,14.35
02/01/2024,4.64173789859983,8.60985366844294,103.093817765734,4906.19,13.88
02/02/2024,4.7697142574767,8.69077608905199,103.986669134061,4958.61,13.85
02/03/2024,4.7697142574767,8.69077608905199,103.986669134061,4958.61,13.85
02/04/2024,4.7697142574767,8.69077608905199,103.986669134061,4958.61,13.85
02/05/2024,4.82878026926603,8.72563312621751,104.507318372655,4942.81,13.67
02/06/2024,4.77955859277492,8.73878086454508,104.231323309063,4954.23,13.06
02/07/2024,4.78940292807314,8.7455159647798,104.058713570277,4995.06,12.83
02/08/2024,4.78940292807314,8.76231049392166,104.155191214164,4997.91,12.79
02/09/2024,4.8189359339678,8.4852807389543,104.128860805529,5026.61,12.93
02/10/2024,4.8189359339678,8.4852807389543,104.128860805529,5026.61,12.93
02/11/2024,4.8189359339678,8.4852807389543,104.128860805529,5026.61,12.93
02/12/2024,4.82878026926603,8.47433854473756,104.122279103932,5021.84,13.93
02/13/2024,4.94691229284467,8.53460946836373,104.77443492424,4953.17,15.85
02/14/2024,4.89769061635357,8.53014237877809,104.679729159619,5000.62,14.38
02/15/2024,4.88784628105535,8.46504615884873,104.402892343648,5029.73,14.01
02/16/2024,4.93706795754645,8.45721251371584,104.35165163573,5005.57,14.24
02/17/2024,4.93706795754645,8.45721251371584,104.35165163573,5005.57,14.24
02/18/2024,4.93706795754645,8.45721251371584,104.35165163573,5005.57,14.24
02/19/2024,4.93706795754645,8.38860526154482,104.35165163573,5005.57,14.71
02/20/2024,4.92722362224823,8.41247813743784,103.982611202137,4975.51,15.42
02/21/2024,4.93706795754645,8.337995063036,104.016068881189,4981.8,15.34
02/22/2024,4.97644529873934,8.33332265740569,104.02691996267,5087.03,14.54
02/23/2024,4.9567566281429,8.24281037451422,103.891693392463,5088.8,13.75
02/24/2024,4.9567566281429,8.24281037451422,103.891693392463,5088.8,13.75
02/25/2024,4.9567566281429,8.24281037451422,103.891693392463,5088.8,13.75
02/26/2024,4.98628963403756,8.23738590245157,103.773613116518,5069.53,13.74
02/27/2024,4.98628963403756,8.20734095071205,103.727728014728,5078.18,13.43
02/28/2024,4.9567566281429,8.17800727948349,103.894395829859,5069.76,13.84
02/29/2024,4.96660096344112,8.17500616078201,104.089579425985,5096.27,13.4
03/01/2024,4.89769061635357,8.15779148608849,103.936045041843,5137.08,13.11
03/02/2024,4.89769061635357,8.15779148608849,103.936045041843,5137.08,13.11
03/03/2024,4.89769061635357,8.15779148608849,103.936045041843,5137.08,13.11
03/04/2024,4.93706795754645,8.16769414961931,103.762397689108,5130.95,13.49
03/05/2024,4.89769061635357,8.01358355712876,103.747529091455,5078.65,14.46
03/06/2024,4.90753495165179,8.03144275103253,103.226779769755,5104.76,14.5
03/07/2024,4.88784628105535,8.02538157903962,102.873631572292,5157.36,14.44
03/08/2024,4.87800194575713,8.01908426933058,102.722040071356,5123.69,14.74
03/09/2024,4.87800194575713,8.01908426933058,102.722040071356,5123.69,14.74
03/10/2024,4.87800194575713,8.01908426933058,102.722040071356,5123.69,14.74
03/11/2024,4.90753495165179,8.0242652115832,102.836846868653,5117.94,15.22
03/12/2024,4.9567566281429,7.3452896747372,102.995900003478,5175.27,13.84
03/13/2024,4.96660096344112,7.27576331015405,102.82508803178,5165.31,13.75
03/14/2024,4.99613396933578,7.26566040774039,103.31677672729,5150.48,14.4
03/15/2024,5.005978304634,7.18553713499022,103.439527890101,5117.09,14.41
03/16/2024,5.005978304634,7.18553713499022,103.439527890101,5117.09,14.41
03/17/2024,5.005978304634,7.18553713499022,103.439527890101,5117.09,14.41
03/18/2024,5.01582263993222,7.15757972508774,103.497978685855,5149.42,14.33
03/19/2024,5.01582263993222,7.13538386026912,103.858794803644,5178.51,13.82
03/20/2024,4.96660096344112,7.13166698737778,103.979131725097,5224.62,13.04
03/21/2024,4.96660096344112,7.15471760331208,103.998616842693,5241.53,12.92
03/22/2024,4.93706795754645,7.18080361433559,104.357999045534,5234.18,13.06
03/23/2024,4.93706795754645,7.18080361433559,104.357999045534,5234.18,13.06
03/24/2024,4.93706795754645,7.18080361433559,104.357999045534,5234.18,13.06
03/25/2024,4.9567566281429,7.07957720271465,104.206441275795,5218.19,13.19
03/26/2024,4.9567566281429,7.03130740431894,104.297805627852,5203.58,13.24
03/27/2024,4.94691229284467,7.03226128807468,104.357556355793,5248.49,12.78
03/28/2024,4.98628963403756,7.04540116613304,104.438001601587,5254.35,13.01
03/29/2024,4.98628963403756,6.89351105407415,104.48742601036,5254.35,13.01
03/30/2024,4.98628963403756,6.89351105407415,104.48742601036,5254.35,13.01
03/31/2024,4.98628963403756,6.89351105407415,104.48742601036,5254.35,13.01
04/01/2024,5.01582263993222,6.88120268966397,105.052486204332,5243.77,13.65
04/02/2024,5.005978304634,6.84781219355194,104.758758396437,5205.81,14.61
04/03/2024,4.98628963403756,6.89137997193264,104.309730415218,5211.49,14.33
04/04/2024,4.9567566281429,6.9012840129008,104.022586509151,5147.21,16.35
04/05/2024,5.005978304634,6.89956650679656,104.248661385376,5204.34,16.03
04/06/2024,5.005978304634,6.89956650679656,104.248661385376,5204.34,16.03
04/07/2024,5.005978304634,6.89956650679656,104.248661385376,5204.34,16.03
04/08/2024,5.02566697523044,6.86456882059184,104.173242569839,5202.39,15.19
04/09/2024,4.98628963403756,6.85668713872169,104.1258026187,5209.91,14.98
04/10/2024,5.14379899880909,7.03417638406487,105.207704470682,5160.64,15.8
04/11/2024,5.12411032821264,7.03781966811661,105.345679114318,5199.06,14.91
04/12/2024,5.08473298701976,6.93391797836071,105.935469350079,5123.41,17.31
04/13/2024,5.08473298701976,6.93391797836071,105.935469350079,5123.41,17.31
04/14/2024,5.08473298701976,6.93391797836071,105.935469350079,5123.41,17.31
04/15/2024,5.11426599291442,6.90258172113407,106.05258261642,5061.82,19.23
04/16/2024,5.13395466351087,6.91162575988966,106.276973348754,5051.41,18.4
04/17/2024,5.11426599291442,6.90616343822996,106.186750963077,5022.21,18.21
04/18/2024,5.13395466351087,6.90121710616896,106.011008085871,5011.12,18
04/19/2024,5.12411032821264,6.86929383735388,106.080129297896,4967.23,18.71
04/20/2024,5.12411032821264,6.86929383735388,106.080129297896,4967.23,18.71
04/21/2024,5.12411032821264,6.86929383735388,106.080129297896,4967.23,18.71
04/22/2024,5.11426599291442,6.75662971095161,106.155859960599,5010.6,16.94
04/23/2024,5.09457732231798,6.7670780025244,105.764103683472,5070.55,15.69
04/24/2024,5.12411032821264,6.75358397298329,105.902699203106,5071.63,15.97
04/25/2024,5.16348766940553,6.74134446387091,105.670779836434,5048.42,15.37
04/26/2024,5.16348766940553,6.80952552793864,106.094694949431,5099.96,15.03
04/27/2024,5.16348766940553,6.80952552793864,106.094694949431,5099.96,15.03
04/28/2024,5.16348766940553,6.80952552793864,106.094694949431,5099.96,15.03
04/29/2024,5.15364333410731,6.79506098769429,105.714189737525,5116.17,14.67
04/30/2024,5.20286501059841,6.83293375403227,106.137602473683,5035.69,15.65
05/01/2024,5.16348766940553,6.63297446214354,106.208058617109,5018.39,15.39
05/02/2024,5.11426599291442,6.90994212392174,105.573442398099,5064.2,14.68
05/03/2024,5.07488865172154,6.95779961036875,105.005093308365,5127.79,13.49
05/04/2024,5.07488865172154,6.95779961036875,105.005093308365,5127.79,13.49
05/05/2024,5.07488865172154,6.95779961036875,105.005093308365,5127.79,13.49
05/06/2024,5.07488865172154,6.96669013400638,105.004323760899,5180.74,13.49
05/07/2024,5.08473298701976,6.95484865096096,105.241248938172,5187.7,13.23
05/08/2024,5.08473298701976,6.96660255055577,105.450636907398,5187.67,13
05/09/2024,5.07488865172154,6.96808998651872,105.352275724709,5214.08,12.69
05/10/2024,5.12411032821264,6.87160660548019,105.2939326146,5222.68,12.55
05/11/2024,5.12411032821264,6.87160660548019,105.2939326146,5222.68,12.55
05/12/2024,5.12411032821264,6.87160660548019,105.2939326146,5222.68,12.55
05/13/2024,5.11426599291442,6.86812742831936,105.17274429449,5221.42,13.6
05/14/2024,5.11426599291442,6.85951385020271,105.031080676488,5246.68,13.42
05/15/2024,5.0551999811251,6.93327186533452,104.50256948681,5308.15,12.45
05/16/2024,5.08473298701976,6.93698007870495,104.41270002618,5297.1,12.42
05/17/2024,5.09457732231798,6.90883683122743,104.483919898531,5303.27,11.99
05/18/2024,5.09457732231798,6.90883683122743,104.483919898531,5303.27,11.99
05/19/2024,5.09457732231798,6.90883683122743,104.483919898531,5303.27,11.99
05/20/2024,5.1044216576162,6.90811422116697,104.568315473853,5308.13,12.15
05/21/2024,5.09457732231798,6.90625629799995,104.628062616064,5321.41,11.86
05/22/2024,5.11426599291442,6.91198497131366,104.783234892824,5307.01,12.29
05/23/2024,5.15364333410731,6.90571714020217,104.927063902168,5267.84,12.77
05/24/2024,5.16348766940553,6.91129646504534,104.694947585662,5304.72,11.93
05/25/2024,5.16348766940553,6.91129646504534,104.694947585662,5304.72,11.93
05/26/2024,5.16348766940553,6.91129646504534,104.694947585662,5304.72,11.93
05/27/2024,5.16348766940553,6.89871013403531,104.694947585662,5304.72,12.36
05/28/2024,5.16348766940553,6.87869122285361,104.416582545262,5306.04,12.92
05/29/2024,5.17333200470375,6.94145250240689,105.0467756107,5266.95,14.28
05/30/2024,5.14379899880909,6.97185767008753,104.691874140188,5235.48,14.47
05/31/2024,5.13395466351087,6.97278316627221,104.655417899054,5277.51,12.92
06/01/2024,5.13395466351087,6.97278316627221,104.655417899054,5277.51,12.92
06/02/2024,5.13395466351087,6.97278316627221,104.655417899054,5277.51,12.92
06/03/2024,5.09457732231798,6.97240410270791,104.149551341854,5283.4,13.11
06/04/2024,5.06504431642332,6.97217741146773,104.158208509463,5291.34,13.16
06/05/2024,5.03551131052866,6.96804026856998,104.380928648568,5354.03,12.63
06/06/2024,5.03551131052866,6.96308745327991,104.216949634678,5352.96,12.58
06/07/2024,5.12411032821264,7.03206805287652,104.865393540516,5346.99,12.22
06/08/2024,5.12411032821264,7.03206805287652,104.865393540516,5346.99,12.22
06/09/2024,5.12411032821264,7.03206805287652,104.865393540516,5346.99,12.22
06/10/2024,5.11426599291442,7.0534537301732,105.198403066646,5360.79,12.74
06/11/2024,5.12411032821264,7.0166006648933,105.363698023615,5375.32,12.85
06/12/2024,5.08473298701976,7.21043259804631,104.335364039852,5421.03,12.04
06/13/2024,5.02566697523044,7.30198612087744,105.095703601026,5433.74,11.94
06/14/2024,5.02566697523044,7.29957218653146,105.547065966951,5431.6,12.66
06/15/2024,5.02566697523044,7.29957218653146,105.547065966951,5431.6,12.66
06/16/2024,5.02566697523044,7.29957218653146,105.547065966951,5431.6,12.66
06/17/2024,5.06504431642332,7.29654829669653,105.462043948118,5473.23,12.75
06/18/2024,5.04535564582688,7.29087319734018,105.28112098693,5487.03,12.3
06/19/2024,5.04535564582688,7.25221243152736,105.28112098693,5487.03,12.48
06/20/2024,5.0551999811251,7.26944337222185,105.599069400055,5473.17,13.28
06/21/2024,5.0551999811251,7.27422634957905,105.793446239506,5464.62,13.2
06/22/2024,5.0551999811251,7.27422634957905,105.793446239506,5464.62,13.2
06/23/2024,5.0551999811251,7.27422634957905,105.793446239506,5464.62,13.2
06/24/2024,5.0551999811251,7.2855801471888,105.542061036878,5447.87,13.33
06/25/2024,5.0551999811251,7.27967348242544,105.689858996956,5469.3,12.84
06/26/2024,5.08473298701976,7.30128530371209,106.028838265933,5477.9,12.55
06/27/2024,5.0551999811251,7.25266719123411,105.873988800533,5482.87,12.24
06/28/2024,5.04535564582688,7.23849599103819,105.877856738455,5460.48,12.44
06/29/2024,5.04535564582688,7.23849599103819,105.877856738455,5460.48,12.44
06/30/2024,5.04535564582688,7.23849599103819,105.877856738455,5460.48,12.44
07/01/2024,5.0551999811251,7.20923635510854,105.904045348953,5475.09,12.22
07/02/2024,5.02566697523044,7.19065521433256,105.783784229156,5509.01,12.03
07/03/2024,4.99613396933578,7.23457963959041,105.223364370062,5537.02,12.09
07/04/2024,4.99613396933578,7.22783698323059,105.223364370062,5537.02,12.26
07/05/2024,4.93706795754645,7.24888093176848,104.947621042758,5567.19,12.48
07/06/2024,4.93706795754645,7.24888093176848,104.947621042758,5567.19,12.48
07/07/2024,4.93706795754645,7.24888093176848,104.947621042758,5567.19,12.48
07/08/2024,4.94691229284467,7.01783096640066,104.920225270728,5572.85,12.37
07/09/2024,4.97644529873934,7.02742508150052,105.143878703571,5576.98,12.51
07/10/2024,4.96660096344112,6.95147366460395,105.046620095212,5633.91,12.85
07/11/2024,4.86815761045891,7.12226746716306,104.389030419566,5584.54,12.92
07/12/2024,4.82878026926603,7.12209690716194,104.112289087913,5615.35,12.46
07/13/2024,4.82878026926603,7.12209690716194,104.112289087913,5615.35,12.46
07/14/2024,4.82878026926603,7.12209690716194,104.112289087913,5615.35,12.46
07/15/2024,4.80909159866958,7.12311905068463,104.104626442632,5631.22,13.12
07/16/2024,4.80909159866958,7.14389125341797,104.377747414031,5667.2,13.19
07/17/2024,4.80909159866958,7.21504714954206,103.807477036542,5588.27,14.48
07/18/2024,4.8189359339678,7.20897631141531,104.010415334934,5544.59,15.93
07/19/2024,4.82878026926603,7.19228623074147,104.309276429125,5505,16.52
07/20/2024,4.82878026926603,7.19228623074147,104.309276429125,5505,16.52
07/21/2024,4.82878026926603,7.19228623074147,104.309276429125,5505,16.52
07/22/2024,4.83862460456425,7.20112884737613,104.388791042657,5564.41,14.91
07/23/2024,4.80909159866958,7.2070179678267,104.450081115897,5555.74,14.72
07/24/2024,4.77955859277492,7.24284603083491,104.190278466256,5427.13,18.04
07/25/2024,4.78940292807314,7.22731800408355,104.259088175637,5399.22,18.46
07/26/2024,4.75002558688026,7.17463538149186,104.309361990013,5459.1,16.39
07/27/2024,4.75002558688026,7.17463538149186,104.309361990013,5459.1,16.39
07/28/2024,4.75002558688026,7.17463538149186,104.309361990013,5459.1,16.39
07/29/2024,4.75002558688026,7.18992549862631,104.587460922361,5463.54,16.6
07/30/2024,4.74018125158204,6.94616209594411,104.62244934297,5436.44,17.69
07/31/2024,4.69095957509094,7.06466775778482,104.136278062847,5522.3,16.36
08/01/2024,4.58267188681051,7.07933873379238,104.362021043039,5446.68,18.59
08/02/2024,4.29718616316211,7.34081527151549,103.24066625475,5346.56,23.39
08/03/2024,4.29718616316211,7.34081527151549,103.24066625475,5346.56,23.39
08/04/2024,4.29718616316211,7.34081527151549,103.24066625475,5346.56,23.39
08/05/2024,4.30703049846033,7.47632980392539,102.69465598297,5186.33,38.57
08/06/2024,4.42516252203898,7.52296970688939,103.009919886251,5240.03,27.71
08/07/2024,4.41531818674076,7.640808846747,103.192520952426,5199.5,27.85
08/08/2024,4.44485119263542,7.63663305997745,103.240564757352,5319.31,23.79
08/09/2024,4.46453986323186,7.63227350199608,103.072313485041,5344.16,20.37
08/10/2024,4.46453986323186,7.63227350199608,103.072313485041,5344.16,20.37
08/11/2024,4.46453986323186,7.63227350199608,103.072313485041,5344.16,20.37
08/12/2024,4.4350068573372,7.60061920290358,103.17916505248,5344.39,20.71
08/13/2024,4.36609651024965,7.61121864676313,102.904999340301,5434.43,18.12
08/14/2024,4.38578518084609,7.64529022684365,102.448002050865,5455.21,16.19
08/15/2024,4.4842285338283,7.72105178735404,102.894857691362,5543.22,15.23
08/16/2024,4.45469552793364,7.73168610890092,102.71061183162,5554.25,14.8
08/17/2024,4.45469552793364,7.73168610890092,102.71061183162,5554.25,14.8
08/18/2024,4.45469552793364,7.73168610890092,102.71061183162,5554.25,14.8
08/19/2024,4.44485119263542,7.81227912073793,101.958188476133,5608.25,14.65
08/20/2024,4.39562951614431,7.82132645865492,101.58045400313,5597.12,15.88
08/21/2024,4.32671916905677,7.83478466690953,101.214550577762,5620.85,16.27
08/22/2024,4.39562951614431,7.8605080592475,101.460077975591,5570.64,17.55
08/23/2024,4.32671916905677,7.92409354970514,100.839734077271,5634.61,15.86
08/24/2024,4.32671916905677,7.92409354970514,100.839734077271,5634.61,15.86
08/25/2024,4.32671916905677,7.92409354970514,100.839734077271,5634.61,15.86
08/26/2024,4.34640783965321,7.8522914489249,100.866025141073,5616.84,16.15
08/27/2024,4.30703049846033,7.83947461167398,100.767199287575,5625.8,15.43
08/28/2024,4.32671916905677,7.84819418749309,100.98920948076,5592.18,17.11
08/29/2024,4.34640783965321,7.83615587618626,101.299808289864,5591.96,15.65
08/30/2024,4.34640783965321,7.84804178736026,101.632397206463,5648.4,15
08/31/2024,4.34640783965321,7.84804178736026,101.632397206463,5648.4,15
09/01/2024,4.34640783965321,7.84804178736026,101.632397206463,5648.4,15
09/02/2024,4.34640783965321,7.8168937739946,101.632397206463,5648.4,15.55
09/03/2024,4.31687483375855,7.82770927148424,101.7910232047,5528.93,20.72
09/04/2024,4.1987428101799,7.77689423284395,101.370887670995,5520.07,21.32
09/05/2024,4.17905413958346,7.74950623410738,101.164825555115,5503.41,19.9
09/06/2024,4.07076645130303,7.77206931092333,101.151628998981,5408.42,22.38
09/07/2024,4.07076645130303,7.77206931092333,101.151628998981,5408.42,22.38
09/08/2024,4.07076645130303,7.77206931092333,101.151628998981,5408.42,22.38
09/09/2024,4.09045512189947,7.64092442958224,101.563595020582,5471.05,19.45
09/10/2024,4.04123344540837,7.5374075905763,101.639664842365,5495.52,19.08
09/11/2024,4.09045512189947,7.48795794873292,101.700909864425,5554.13,17.69
09/12/2024,4.06092211600481,7.50325727928377,101.530222960616,5595.76,17.07
09/13/2024,3.97232309832083,7.53235287203503,101.013658488895,5626.02,16.56
09/14/2024,3.97232309832083,7.53235287203503,101.013658488895,5626.02,16.56
09/15/2024,3.97232309832083,7.53235287203503,101.013658488895,5626.02,16.56
09/16/2024,3.93294575712794,7.55387246676648,100.76725763923,5633.09,17.14
09/17/2024,3.9624787630226,7.54456647709251,100.926024812951,5634.58,17.61
09/18/2024,3.92310142182972,7.5311523975699,100.928580156591,5618.26,18.23
09/19/2024,3.90341275123328,7.56928528509803,100.747522957546,5713.64,16.33
09/20/2024,3.89356841593506,7.58473456330917,100.777825602176,5702.55,16.15
09/21/2024,3.89356841593506,7.58473456330917,100.777825602176,5702.55,16.15
09/22/2024,3.89356841593506,7.58473456330917,100.777825602176,5702.55,16.15
09/23/2024,3.88372408063684,7.57194659852993,100.805015878183,5718.57,15.89
09/24/2024,3.85419107474218,7.572733615093,100.642836622712,5732.93,15.39
09/25/2024,3.8640354100404,7.59172970663959,100.806562047677,5722.26,15.41
09/26/2024,3.93294575712794,7.61135357276106,100.492418191101,5745.37,15.37
09/27/2024,3.87387974533862,7.6732260941336,100.46522042152,5738.17,16.96
09/28/2024,3.87387974533862,7.6732260941336,100.46522042152,5738.17,16.96
09/29/2024,3.87387974533862,7.6732260941336,100.46522042152,5738.17,16.96
09/30/2024,3.95263442772438,7.62877081049691,100.626035591902,5762.48,16.73
10/01/2024,3.93294575712794,7.73659433039328,101.227575696618,5708.75,19.26
10/02/2024,3.94279009242616,7.81849273094933,101.557388774647,5709.54,18.9
10/03/2024,3.99201176891727,7.92281826042647,102.037503634733,5699.94,20.49
10/04/2024,4.16920980428524,7.99063126755272,102.590778177494,5751.07,19.21
10/05/2024,4.16920980428524,7.99063126755272,102.590778177494,5751.07,19.21
10/06/2024,4.16920980428524,7.99063126755272,102.590778177494,5751.07,19.21
10/07/2024,4.20858714547812,7.98938482066243,102.477794280379,5695.94,22.64
10/08/2024,4.17905413958346,7.87746671128871,102.552009916506,5751.13,21.42
10/09/2024,4.20858714547812,7.87542465232093,102.791298591519,5792.04,20.86
10/10/2024,4.18889847488168,7.88991645340687,102.942102016126,5780.05,20.93
10/11/2024,4.1495211336888,7.87880664833967,102.883572055427,5815.03,20.46
10/12/2024,4.1495211336888,7.87880664833967,102.883572055427,5815.03,20.46
10/13/2024,4.1495211336888,7.87880664833967,102.883572055427,5815.03,20.46
10/14/2024,4.1495211336888,7.80751028949294,102.883572055427,5859.85,19.7
10/15/2024,4.1495211336888,7.82565550166306,103.167610990858,5815.26,20.64
10/16/2024,4.13967679839058,7.84214259468351,103.468465482503,5842.47,19.58
10/17/2024,4.17905413958346,7.85025809713467,103.725252955327,5841.47,19.11
10/18/2024,4.15936546898702,7.83694782674406,103.582446692588,5864.67,18.03
10/19/2024,4.15936546898702,7.83694782674406,103.582446692588,5864.67,18.03
10/20/2024,4.15936546898702,7.83694782674406,103.582446692588,5864.67,18.03
10/21/2024,4.20858714547812,7.78089197454956,103.934884383159,5853.98,18.37
10/22/2024,4.20858714547812,7.76918442199398,104.066671235817,5851.2,18.2
10/23/2024,4.23812015137278,7.81360813278804,104.426211892438,5797.42,19.24
10/24/2024,4.21843148077634,7.81364836795758,104.178146937306,5809.86,19.08
10/25/2024,4.25780882196922,7.81238867602772,104.165614195157,5808.12,20.33
10/26/2024,4.25780882196922,7.81238867602772,104.165614195157,5808.12,20.33
10/27/2024,4.25780882196922,7.81238867602772,104.165614195157,5808.12,20.33
10/28/2024,4.247964486671,7.68876336659947,104.263735412559,5823.52,19.8
10/29/2024,4.25780882196922,7.66484437311401,104.405933641977,5832.92,19.34
10/30/2024,4.247964486671,7.42383840605885,104.000343016592,5813.67,20.35
10/31/2024,4.23812015137278,7.33082425864986,104.150977028804,5705.45,23.16
11/01/2024,4.247964486671,7.33011336166584,104.171509872694,5728.8,21.88
11/02/2024,4.247964486671,7.33011336166584,104.171509872694,5728.8,21.88
11/03/2024,4.247964486671,7.33011336166584,104.171509872694,5728.8,21.88
11/04/2024,4.21843148077634,7.2537020407412,103.845814539814,5712.69,21.98
11/05/2024,4.23812015137278,7.27831498051096,103.541286984235,5782.76,20.49
11/06/2024,4.27749749256567,7.69354486609095,105.108008647531,5929.04,16.27
11/07/2024,4.247964486671,7.77837294687775,104.435248427665,5973.1,15.2
11/08/2024,4.28734182786389,7.85661515881673,105.027630291927,5995.54,14.94
11/09/2024,4.28734182786389,7.85661515881673,105.027630291927,5995.54,14.94
11/10/2024,4.28734182786389,7.85661515881673,105.027630291927,5995.54,14.94
11/11/2024,4.28734182786389,7.8131289573338,105.027630291927,6001.35,14.97
11/12/2024,4.34640783965321,7.9456515788524,106.127993961028,5983.99,14.71
11/13/2024,4.27749749256567,7.93735177037284,106.434580787534,5985.38,14.02
11/14/2024,4.32671916905677,7.82457371235675,106.559820143631,5949.17,14.31
11/15/2024,4.30703049846033,7.83625606380897,106.606422117393,5870.62,16.14
11/16/2024,4.30703049846033,7.83625606380897,106.606422117393,5870.62,16.14
11/17/2024,4.30703049846033,7.83625606380897,106.606422117393,5870.62,16.14
11/18/2024,4.29718616316211,7.82610648117683,106.333063334874,5893.62,15.58
11/19/2024,4.30703049846033,7.82301145377683,106.289594814826,5916.98,16.35
11/20/2024,4.33656350435499,7.75112062048917,106.811282658379,5917.11,17.16
11/21/2024,4.35625217495143,7.77494127130385,107.064501546641,5948.71,16.87
11/22/2024,4.38578518084609,7.80707300054525,107.640220088339,5969.34,15.24
11/23/2024,4.38578518084609,7.80707300054525,107.640220088339,5969.34,15.24
11/24/2024,4.38578518084609,7.80707300054525,107.640220088339,5969.34,15.24
11/25/2024,4.33656350435499,7.87926844104924,107.043699799472,5987.37,14.6
11/26/2024,4.33656350435499,7.88335639079269,106.998213063645,6021.63,14.1
11/27/2024,4.30703049846033,8.09134355137205,105.962250684384,5998.74,14.1
11/28/2024,4.30703049846033,8.09134355137205,105.962250684384,5998.74,13.9
11/29/2024,4.26765315726745,8.09365459615856,106.082325490631,6032.38,13.51
11/30/2024,4.26765315726745,8.09365459615856,106.082325490631,6032.38,13.51
12/01/2024,4.26765315726745,8.09365459615856,106.082325490631,6032.38,13.51
12/02/2024,4.26765315726745,8.10295567141899,106.489871835385,6047.15,13.34
12/03/2024,4.23812015137278,8.10233568723851,106.227855560394,6049.88,13.3
12/04/2024,4.1987428101799,8.08714942287461,106.2069817713,6086.49,13.45
12/05/2024,4.1987428101799,8.09355032612179,105.851041693409,6075.11,13.54
12/06/2024,4.15936546898702,8.10081966150393,105.957893635073,6090.27,12.77
12/07/2024,4.15936546898702,8.10081966150393,105.957893635073,6090.27,12.77
12/08/2024,4.15936546898702,8.10081966150393,105.957893635073,6090.27,12.77
12/09/2024,4.16920980428524,8.13563503717775,105.990396207847,6052.85,14.19
12/10/2024,4.18889847488168,8.15156439923192,106.510177824498,6034.91,14.18
12/11/2024,4.17905413958346,8.07882543425749,106.527466998193,6084.19,13.58
12/12/2024,4.18889847488168,8.06701320311032,106.572449690145,6051.25,13.92
12/13/2024,4.20858714547812,8.10397874777033,106.978825225288,6051.09,13.81
12/14/2024,4.20858714547812,8.10397874777033,106.978825225288,6051.09,13.81
12/15/2024,4.20858714547812,8.10397874777033,106.978825225288,6051.09,13.81
12/16/2024,4.20858714547812,8.11538456532171,106.83631672892,6074.08,14.69
12/17/2024,4.21843148077634,8.086938618972,106.840782658464,6050.61,15.87
12/18/2024,4.26765315726745,8.07697377679713,107.171952274136,5872.16,27.62
12/19/2024,4.247964486671,8.31917209579881,108.435062191177,5867.08,24.09
12/20/2024,4.23812015137278,8.40491853644447,107.73373522503,5930.85,18.36
12/21/2024,4.23812015137278,8.40491853644447,107.73373522503,5930.85,18.36
12/22/2024,4.23812015137278,8.40491853644447,107.73373522503,5930.85,18.36
12/23/2024,4.22827581607456,8.41384464278477,108.073375428316,5974.07,16.78
12/24/2024,4.20858714547812,8.36470657686048,108.258239003014,6040.04,14.27
12/25/2024,4.20858714547812,8.27881142772999,108.258239003014,6040.04,14.27
12/26/2024,4.1987428101799,8.29352588336589,108.100324801795,6037.59,14.73
12/27/2024,4.16920980428524,8.25621301923146,108.031125372818,5970.84,15.95
12/28/2024,4.16920980428524,8.25621301923146,108.031125372818,5970.84,15.95
12/29/2024,4.16920980428524,8.25621301923146,108.031125372818,5970.84,15.95
12/30/2024,4.13967679839058,8.20344962677592,108.257540209185,5906.94,17.4
12/31/2024,4.12983246309236,8.1509123821583,108.512222590198,5881.63,17.35
01/01/2025,4.12983246309236,8.09398514425887,108.512222590198,5881.63,17.35
01/02/2025,4.13967679839058,8.16683703212349,109.308202472776,5868.55,17.93
01/03/2025,4.1495211336888,8.18640440107736,109.03229017531,5942.47,16.13
01/04/2025,4.1495211336888,8.18640440107736,109.03229017531,5942.47,16.13
01/05/2025,4.1495211336888,8.18640440107736,109.03229017531,5942.47,16.13
01/06/2025,4.13967679839058,8.31539621944838,108.191553444985,5975.38,16.04
01/07/2025,4.15936546898702,8.30217121468657,108.439917953663,5909.03,17.82
01/08/2025,4.15936546898702,8.33965748859915,109.027228018406,5918.25,17.7
01/09/2025,4.12983246309236,8.34792834727636,109.176113120006,5918.25,18.07
01/10/2025,4.21843148077634,8.37253167485215,109.686388477946,5827.04,19.54
01/11/2025,4.21843148077634,8.37253167485215,109.686388477946,5827.04,19.54
01/12/2025,4.21843148077634,8.37253167485215,109.686388477946,5827.04,19.54
01/13/2025,4.20858714547812,8.3654061201964,109.924401622768,5836.22,19.19
01/14/2025,4.18889847488168,8.42810066258306,109.334690318729,5842.91,18.71
01/15/2025,4.15936546898702,8.45622756878707,109.203972303604,5949.91,16.12
01/16/2025,4.1495211336888,8.4692914711904,108.93973133197,5937.34,16.6
01/17/2025,4.17905413958346,8.47923288071949,109.247646656604,5996.66,15.97
01/18/2025,4.17905413958346,8.47923288071949,109.247646656604,5996.66,15.97
01/19/2025,4.17905413958346,8.47923288071949,109.247646656604,5996.66,15.97
01/20/2025,4.17905413958346,8.43841776097701,109.247646656604,5996.66,15.81
01/21/2025,4.17905413958346,8.62218131067914,108.021025275562,6049.24,15.06
01/22/2025,4.16920980428524,8.63582593296041,108.177047521544,6086.37,15.1
01/23/2025,4.1495211336888,8.62450545975231,108.093672659098,6118.71,15.02
01/24/2025,4.13967679839058,8.7278641045334,107.269410894762,6101.24,14.85
01/25/2025,4.13967679839058,8.7278641045334,107.269410894762,6101.24,14.85
01/26/2025,4.13967679839058,8.7278641045334,107.269410894762,6101.24,14.85
01/27/2025,4.10029945719769,8.73394235987437,107.330816960518,6012.28,17.9
01/28/2025,4.11014379249591,8.7243281420518,107.947961852752,6067.7,16.41
01/29/2025,4.13967679839058,8.6916199960468,108.006784624967,6039.31,16.56
01/30/2025,4.12983246309236,8.67151499385034,107.882246881959,6071.17,15.84
01/31/2025,4.13967679839058,8.64524198069911,108.104105454561,6040.53,16.43
02/01/2025,4.13967679839058,8.64524198069911,108.104105454561,6040.53,16.43
02/02/2025,4.13967679839058,8.64524198069911,108.104105454561,6040.53,16.43
02/03/2025,4.16920980428524,8.46313166715643,109.048044331541,5994.57,18.62
02/04/2025,4.1495211336888,8.53816921939398,108.011271735572,6037.88,17.21
02/05/2025,4.13967679839058,8.55650909063518,107.449491222635,6061.48,15.77
02/06/2025,4.15936546898702,8.58416987686179,107.861957175715,6083.57,15.5
02/07/2025,4.21843148077634,8.42431741562446,108.095779762027,6025.99,16.54
02/08/2025,4.21843148077634,8.42431741562446,108.095779762027,6025.99,16.54
02/09/2025,4.21843148077634,8.42431741562446,108.095779762027,6025.99,16.54
02/10/2025,4.20858714547812,8.4168527953849,108.248828889226,6066.44,15.81
02/11/2025,4.21843148077634,8.43142633851459,108.049922502775,6068.5,16.02
02/12/2025,4.26765315726745,8.48971644280036,107.956568407581,6051.97,15.89
02/13/2025,4.23812015137278,8.53314436124911,107.403252620254,6115.07,15.1
02/14/2025,4.1987428101799,8.59649618580663,106.715872363911,6114.63,14.77
02/15/2025,4.1987428101799,8.59649618580663,106.715872363911,6114.63,14.77
02/16/2025,4.1987428101799,8.59649618580663,106.715872363911,6114.63,14.77
02/17/2025,4.1987428101799,8.56063477838182,106.715872363911,6114.63,15.37
02/18/2025,4.20858714547812,8.55015547523898,106.943098004675,6129.58,15.35
02/19/2025,4.18889847488168,8.52033855942244,107.340572410247,6144.15,15.27
02/20/2025,4.16920980428524,8.57001733411656,106.571072021275,6117.52,15.66
02/21/2025,4.11998812779414,8.56295017881957,106.661717952508,6013.13,18.21
02/22/2025,4.11998812779414,8.56295017881957,106.661717952508,6013.13,18.21
02/23/2025,4.11998812779414,8.56295017881957,106.661717952508,6013.13,18.21
02/24/2025,4.11998812779414,8.38048764520094,106.554663769249,5983.25,18.98
02/25/2025,4.09045512189947,8.39313773806719,106.394253095264,5955.25,19.43
02/26/2025,4.09045512189947,8.39010688339736,106.298076769221,5956.06,19.1
02/27/2025,4.10029945719769,8.41511560362925,107.139707257425,5861.57,21.13
02/28/2025,4.05107778070659,8.4218285951212,107.349912241177,5954.5,19.63
03/01/2025,4.05107778070659,8.4218285951212,107.349912241177,5954.5,19.63
03/02/2025,4.05107778070659,8.4218285951212,107.349912241177,5954.5,19.63
03/03/2025,4.03138911011015,8.48754410108203,106.503569337254,5849.72,22.78
03/04/2025,4.01170043951371,8.51944267522286,106.187365141446,5778.15,23.51
03/05/2025,4.03138911011015,8.88740852296581,104.501429837252,5842.63,21.93
03/06/2025,3.99201176891727,8.86978928159709,103.981583630548,5738.52,24.87
03/07/2025,4.02154477481193,8.84874487523803,103.659487381893,5770.2,23.37
03/08/2025,4.02154477481193,8.84874487523803,103.659487381893,5770.2,23.37
03/09/2025,4.02154477481193,8.84874487523803,103.659487381893,5770.2,23.37
03/10/2025,3.95263442772438,8.85273555338911,103.864665789792,5614.56,27.86
03/11/2025,4.00185610421549,8.88615143986183,103.335810365597,5572.07,26.92
03/12/2025,4.04123344540837,8.83597763352528,103.386506405703,5599.3,24.23
03/13/2025,4.00185610421549,8.85942852719994,103.783959267247,5521.52,24.66
03/14/2025,4.06092211600481,8.86213806779512,103.781684990071,5638.94,21.77
03/15/2025,4.06092211600481,8.86213806779512,103.781684990071,5638.94,21.77
03/16/2025,4.06092211600481,8.86213806779512,103.781684990071,5638.94,21.77
03/17/2025,4.08061078660125,8.87250545264093,103.349332424173,5675.12,20.51
03/18/2025,4.10029945719769,8.55512172966399,103.390512683138,5614.66,21.7
03/19/2025,4.07076645130303,8.51803622763521,103.791244037616,5675.29,19.9
03/20/2025,4.03138911011015,8.51417394393485,103.849510318214,5662.89,19.8
03/21/2025,4.01170043951371,8.53658247664799,104.190955835645,5667.56,19.28
03/22/2025,4.01170043951371,8.53658247664799,104.190955835645,5667.56,19.28
03/23/2025,4.01170043951371,8.53658247664799,104.190955835645,5667.56,19.28
03/24/2025,4.08061078660125,8.59942049621874,104.357566241927,5767.57,17.48
03/25/2025,4.06092211600481,8.59764655022053,104.140426154486,5776.65,17.15
03/26/2025,4.07076645130303,8.62019160519167,104.386163271499,5712.2,18.33
03/27/2025,4.07076645130303,8.61191436507254,104.260548873689,5693.31,18.69
03/28/2025,4.01170043951371,8.6078232055651,104.033471468872,5580.94,21.65
03/29/2025,4.01170043951371,8.6078232055651,104.033471468872,5580.94,21.65
03/30/2025,4.01170043951371,8.6078232055651,104.033471468872,5580.94,21.65
03/31/2025,4.00185610421549,8.63788131452325,104.315902431694,5611.85,22.28
04/01/2025,3.98216743361905,8.54161828748775,104.145057016037,5633.07,21.77
04/02/2025,4.01170043951371,8.56709633294749,103.726211588589,5670.97,21.51
04/03/2025,3.89356841593506,8.94622219839838,101.902367925268,5396.52,30.02
04/04/2025,3.83450240414574,9.21804869854261,102.434648626541,5074.08,45.31
04/05/2025,3.83450240414574,9.21804869854261,102.434648626541,5074.08,45.31
04/06/2025,3.83450240414574,9.21804869854261,102.434648626541,5074.08,45.31
04/07/2025,3.83450240414574,9.35444879795062,103.455611162782,5062.25,46.98
04/08/2025,3.80496939825107,9.3563950585055,103.266527713817,4982.77,52.33
04/09/2025,4.00185610421549,9.42841311579536,102.325712638636,5456.9,33.62
04/10/2025,3.94279009242616,9.62035540733176,101.036635457024,5268.05,40.72
04/11/2025,4.01170043951371,9.6812544381404,100.037543617356,5363.36,37.56
04/12/2025,4.01170043951371,9.6812544381404,100.037543617356,5363.36,37.56
04/13/2025,4.01170043951371,9.6812544381404,100.037543617356,5363.36,37.56
04/14/2025,3.9624787630226,9.68937490583706,99.6715673542993,5405.97,30.89
04/15/2025,3.9624787630226,9.72532731560591,100.088916135512,5396.63,30.12
04/16/2025,3.93294575712794,9.72115918457839,99.4330595974356,5275.7,32.64
04/17/2025,3.9624787630226,9.73133715377772,99.4507540363782,5282.7,29.65
04/18/2025,3.9624787630226,9.61523059444695,99.2734897800467,5282.7,29.65
04/19/2025,3.9624787630226,9.61523059444695,99.2734897800467,5282.7,29.65
04/20/2025,3.9624787630226,9.61523059444695,99.2734897800467,5282.7,29.65
04/21/2025,3.92310142182972,9.66870218802816,98.3550322453587,5158.2,33.82
04/22/2025,3.95263442772438,9.69179393214217,98.5744236832692,5287.76,30.57
04/23/2025,3.98216743361905,9.79085326964313,99.6165734214369,5375.86,28.45
04/24/2025,3.94279009242616,9.76202773674637,99.4830422578834,5484.77,26.47
04/25/2025,3.92310142182972,9.72111585457921,99.4899261250602,5525.21,24.84
04/26/2025,3.92310142182972,9.72111585457921,99.4899261250602,5525.21,24.84
04/27/2025,3.92310142182972,9.72111585457921,99.4899261250602,5525.21,24.84
04/28/2025,3.89356841593506,9.73164823990958,99.2667790320574,5528.75,25.15
04/29/2025,3.8640354100404,9.72822614082293,99.1711986139806,5560.83,24.17
04/30/2025,3.82465806884751,9.74228739487542,99.4685372169523,5569.06,24.7
05/01/2025,3.89356841593506,9.78861704990536,100.27220098757,5604.14,24.6
05/02/2025,3.97232309832083,9.71694456933633,99.7867181915535,5686.67,22.68
05/03/2025,3.97232309832083,9.71694456933633,99.7867181915535,5686.67,22.68
05/04/2025,3.97232309832083,9.71694456933633,99.7867181915535,5686.67,22.68
05/05/2025,3.99201176891727,9.66720300151262,99.8317921630659,5650.38,23.64
05/06/2025,3.95263442772438,9.65177972946427,99.429373761792,5606.91,24.76
05/07/2025,3.97232309832083,9.63645039616392,99.5007104640753,5631.28,23.55
05/08/2025,4.02154477481193,9.76154062517286,100.41391795759,5663.94,22.48
05/09/2025,4.02154477481193,9.75001752610322,100.258455212563,5659.91,21.9
05/10/2025,4.02154477481193,9.75001752610322,100.258455212563,5659.91,21.9
05/11/2025,4.02154477481193,9.75001752610322,100.258455212563,5659.91,21.9
05/12/2025,4.08061078660125,9.95128845413095,101.653962303922,5844.19,18.39
05/13/2025,4.08061078660125,9.9506256465533,101.10484310179,5886.55,18.22
05/14/2025,4.11014379249591,9.92882198497366,100.810318877415,5892.58,18.62
05/15/2025,4.07076645130303,9.94784271800643,100.825547621473,5916.93,17.83
05/16/2025,4.10029945719769,9.9508385512455,101.189433178411,5958.38,17.24
05/17/2025,4.10029945719769,9.9508385512455,101.189433178411,5958.38,17.24
05/18/2025,4.10029945719769,9.9508385512455,101.189433178411,5958.38,17.24
05/19/2025,4.09045512189947,9.97927830949846,100.407266786871,5963.6,18.14
05/20/2025,4.09045512189947,9.91510103195839,100.258388521437,5940.46,18.09
05/21/2025,4.10029945719769,9.96061794841739,99.4809359269272,5844.61,20.87
05/22/2025,4.10029945719769,9.98996574708368,99.906277376862,5842.01,20.28
05/23/2025,4.11998812779414,10.0314748682414,99.2192638938016,5802.82,22.29
05/24/2025,4.11998812779414,10.0314748682414,99.2192638938016,5802.82,22.29
05/25/2025,4.11998812779414,10.0314748682414,99.2192638938016,5802.82,22.29
05/26/2025,4.11998812779414,10.0287506035521,99.2192638938016,5802.82,20.57
05/27/2025,4.11014379249591,10.0000447575922,99.5950987635423,5921.54,18.96
05/28/2025,4.12983246309236,10.0022536346044,99.9376462664388,5888.55,19.31
05/29/2025,4.10029945719769,9.97765596779917,99.328160392895,5912.17,19.18
05/30/2025,4.08061078660125,9.95276033814657,99.4479091408881,5911.69,18.57
05/31/2025,4.08061078660125,9.95276033814657,99.4479091408881,5911.69,18.57
06/01/2025,4.08061078660125,9.95276033814657,99.4479091408881,5911.69,18.57
06/02/2025,4.09045512189947,9.70045815217441,98.737836320985,5935.94,18.36
06/03/2025,4.09045512189947,9.7255618162336,99.2475921754684,5970.37,17.69
06/04/2025,4.03138911011015,9.72775419578412,98.7713129853498,5970.81,17.61
06/05/2025,4.05107778070659,9.73630511104981,98.7825083232894,5939.3,18.48
06/06/2025,4.11014379249591,9.72440075099043,99.1817814156502,6000.36,16.77
06/07/2025,4.11014379249591,9.72440075099043,99.1817814156502,6000.36,16.77
06/08/2025,4.11014379249591,9.72440075099043,99.1817814156502,6000.36,16.77
06/09/2025,4.10029945719769,9.71617017869466,98.9317901491205,6005.88,17.16
06/10/2025,4.09045512189947,9.69068855519853,99.055712359135,6038.81,16.95
06/11/2025,4.05107778070659,9.69431805283445,98.5953891869502,6022.24,17.26
06/12/2025,4.03138911011015,9.70829824090053,97.9471162138765,6045.26,18.02
06/13/2025,4.06092211600481,9.7006005089347,98.0756341645487,5976.97,20.82
06/14/2025,4.06092211600481,9.7006005089347,98.0756341645487,5976.97,20.82
06/15/2025,4.06092211600481,9.7006005089347,98.0756341645487,5976.97,20.82
06/16/2025,4.07076645130303,9.67876402283589,97.9382775977512,6033.11,19.11
06/17/2025,4.07076645130303,9.68824610830344,98.3642268834996,5982.72,21.6
06/18/2025,4.07076645130303,9.67712723758578,98.550209707345,5980.87,20.14
06/19/2025,4.07076645130303,9.6314284625675,98.550209707345,5980.87,22.17
06/20/2025,4.04123344540837,9.65469181130654,98.7562981501187,5967.84,20.62
06/21/2025,4.04123344540837,9.65469181130654,98.7562981501187,5967.84,20.62
06/22/2025,4.04123344540837,9.65469181130654,98.7562981501187,5967.84,20.62
06/23/2025,3.97232309832083,9.63887629311676,98.6872917056573,6025.17,19.83
06/24/2025,3.9624787630226,9.69977383090226,97.966967960259,6092.18,17.48
06/25/2025,3.9624787630226,9.70152704563992,97.9824624534947,6092.16,16.76
06/26/2025,3.93294575712794,9.745184248182,97.1716928166521,6141.02,16.59
06/27/2025,3.94279009242616,9.74729806067794,97.2241222651612,6173.07,16.32
06/28/2025,3.94279009242616,9.74729806067794,97.2241222651612,6173.07,16.32
06/29/2025,3.94279009242616,9.74729806067794,97.2241222651612,6173.07,16.32
06/30/2025,3.93294575712794,9.73047825305392,96.9042437920274,6204.95,16.73
07/01/2025,3.95263442772438,9.33672258332487,96.843603357413,6198.01,16.83
07/02/2025,3.9624787630226,9.09606368255658,96.872816614763,6227.42,16.64
07/03/2025,4.04123344540837,8.91655587920607,97.0914450842644,6279.35,16.38
07/04/2025,4.04123344540837,8.89912121676132,97.0914450842644,6279.35,17.48
07/05/2025,4.04123344540837,8.89912121676132,97.0914450842644,6279.35,17.48
07/06/2025,4.04123344540837,8.89912121676132,97.0914450842644,6279.35,17.48
07/07/2025,4.05107778070659,8.79622240889521,97.3388065931191,6229.98,17.79
07/08/2025,4.08061078660125,8.55937794154322,97.6412441500029,6225.52,16.81
07/09/2025,4.04123344540837,8.42215962565509,97.6082719192571,6263.26,15.94
07/10/2025,4.04123344540837,8.37845388385126,97.7055055903429,6280.46,15.78
07/11/2025,4.06092211600481,8.34790955995442,97.8010761717445,6259.75,16.4
07/12/2025,4.06092211600481,8.34790955995442,97.8010761717445,6259.75,16.4
07/13/2025,4.06092211600481,8.34790955995442,97.8010761717445,6259.75,16.4
07/14/2025,4.05107778070659,8.31095074948621,98.058377704104,6268.56,17.2
07/15/2025,4.09045512189947,8.33336368186862,98.5111376143052,6243.76,17.38
07/16/2025,4.05107778070659,8.33955324071586,98.3809617698567,6263.7,17.16
07/17/2025,4.07076645130303,8.21762123438476,98.6429427524769,6297.36,16.52
07/18/2025,4.05107778070659,8.21368098585451,98.3039505135637,6296.79,16.41
07/19/2025,4.05107778070659,8.21368098585451,98.3039505135637,6296.79,16.41
07/20/2025,4.05107778070659,8.21368098585451,98.3039505135637,6296.79,16.41
07/21/2025,4.03138911011015,8.09007582061765,97.781120369022,6305.6,16.65
07/22/2025,4.02154477481193,8.11080515858335,97.3796393070169,6309.62,16.5
07/23/2025,4.05107778070659,8.09536385339803,97.3593511104145,6358.91,15.37
07/24/2025,4.07076645130303,8.07434515678867,97.3816953461304,6363.35,15.39
07/25/2025,4.06092211600481,8.11340926723294,97.7632693249803,6388.64,14.93
07/26/2025,4.06092211600481,8.11340926723294,97.7632693249803,6388.64,14.93
07/27/2025,4.06092211600481,8.11340926723294,97.7632693249803,6388.64,14.93
07/28/2025,4.06092211600481,8.19165882317814,98.4988035070694,6389.77,15.03
07/29/2025,4.04123344540837,8.06689418538284,99.0105141178736,6370.86,15.98
07/30/2025,4.09045512189947,8.06639342334915,99.51158593634,6362.9,15.48
07/31/2025,4.07076645130303,8.09962210394759,99.9314074063416,6339.39,16.72
08/01/2025,3.84434673944396,8.23060395953605,98.9381461339932,6238.01,20.38
08/02/2025,3.84434673944396,8.23060395953605,98.9381461339932,6238.01,20.38
08/03/2025,3.84434673944396,8.23060395953605,98.9381461339932,6238.01,20.38
08/04/2025,3.79512506295285,8.23976238328117,98.7613958242689,6329.94,17.52
08/05/2025,3.89356841593506,8.10394315371806,98.7151909173269,6299.19,17.85
08/06/2025,3.87387974533862,8.12766489288514,98.2683473082972,6345.06,16.77
08/07/2025,3.89356841593506,7.79545387183439,98.2450881236674,6340,16.57
08/08/2025,3.90341275123328,7.73331063614118,98.1714397849024,6389.45,15.15
08/09/2025,3.90341275123328,7.73331063614118,98.1714397849024,6389.45,15.15
08/10/2025,3.90341275123328,7.73331063614118,98.1714397849024,6389.45,15.15
08/11/2025,3.90341275123328,7.73347433592942,98.5533997731794,6373.45,16.25
08/12/2025,3.87387974533862,7.74261418516651,98.0620332227128,6445.76,14.73
08/13/2025,3.83450240414574,7.73595259989758,97.7366830177951,6466.58,14.49
08/14/2025,3.88372408063684,7.69433020056905,98.2194984997287,6468.54,14.83
08/15/2025,3.90341275123328,7.71303390429172,97.7911307822406,6449.8,15.09
08/16/2025,3.90341275123328,7.71303390429172,97.7911307822406,6449.8,15.09
08/17/2025,3.90341275123328,7.71303390429172,97.7911307822406,6449.8,15.09
08/18/2025,3.90341275123328,7.6439738455591,98.1068938380394,6449.15,14.99
08/19/2025,3.88372408063684,7.61053461133591,98.2024930113154,6411.37,15.57
08/20/2025,3.87387974533862,7.53416933802442,98.2479805279699,6395.78,15.69
08/21/2025,3.92310142182972,7.57045573861575,98.6466049360388,6370.17,16.6
08/22/2025,3.84434673944396,7.64127401346702,97.7686110343482,6466.91,14.22
08/23/2025,3.84434673944396,7.64127401346702,97.7686110343482,6466.91,14.22
08/24/2025,3.84434673944396,7.64127401346702,97.7686110343482,6466.91,14.22
08/25/2025,3.85419107474218,7.64173311291947,98.0951200600939,6439.32,14.79
08/26/2025,3.82465806884751,7.58918850211377,98.1332071968095,6465.94,14.62
08/27/2025,3.80496939825107,7.5982068470673,98.4169144825338,6481.4,14.85
08/28/2025,3.82465806884751,7.53777937801608,97.9213633854751,6501.86,14.43
08/29/2025,3.80496939825107,7.48408673711196,97.7765219869572,6460.26,15.36
08/30/2025,3.80496939825107,7.48408673711196,97.7765219869572,6460.26,15.36
08/31/2025,3.80496939825107,7.48408673711196,97.7765219869572,6460.26,15.36
09/01/2025,3.80496939825107,7.43541837380874,97.7765219869572,6460.26,16.12
09/02/2025,3.79512506295285,7.48959623550972,98.2488925767772,6415.54,17.17
09/03/2025,3.74590338646175,7.46956986599139,98.0531161316788,6448.26,16.35
09/04/2025,3.73605905116353,7.47392835253618,98.3197322447014,6502.08,15.3
09/05/2025,3.6277713628831,7.62088501409506,97.4307251555832,6481.5,15.18
09/06/2025,3.6277713628831,7.62088501409506,97.4307251555832,6481.5,15.18
09/07/2025,3.6277713628831,7.62088501409506,97.4307251555832,6481.5,15.18
09/08/2025,3.61792702758488,7.60148663452505,97.5204317875173,6495.15,15.11
09/09/2025,3.65730436877776,7.54910553336672,97.6682386490897,6512.61,15.04
09/10/2025,3.63761569818132,7.54625989805229,97.7044921715707,6532.04,15.35
09/11/2025,3.60808269228666,7.54725934189687,97.5586857485929,6587.47,14.71
09/12/2025,3.63761569818132,7.51636553914993,97.7619781380271,6584.29,14.76
09/13/2025,3.63761569818132,7.51636553914993,97.7619781380271,6584.29,14.76
09/14/2025,3.63761569818132,7.51636553914993,97.7619781380271,6584.29,14.76
09/15/2025,3.61792702758488,7.53153702883054,97.2879147524777,6615.28,15.69
09/16/2025,3.59823835698844,7.57854175099157,96.7559903134271,6606.76,16.36
09/17/2025,3.578549686392,7.5315528125797,96.7689222577085,6600.35,15.72
09/18/2025,3.58839402169022,7.62538952322816,97.4022980341271,6631.96,15.7
09/19/2025,3.578549686392,7.5151927896531,97.5875404015417,6664.36,15.45
09/20/2025,3.578549686392,7.5151927896531,97.5875404015417,6664.36,15.45
09/21/2025,3.578549686392,7.5151927896531,97.5875404015417,6664.36,15.45
09/22/2025,3.58839402169022,7.50790567087343,97.4815806088957,6693.75,16.1
09/23/2025,3.58839402169022,7.3708756965806,97.3376572831796,6656.92,16.64
09/24/2025,3.60808269228666,7.40614608997845,97.8266287185769,6637.97,16.18
09/25/2025,3.65730436877776,7.44473698560961,98.4090737953173,6604.72,16.74
09/26/2025,3.64746003347954,7.44688472169254,98.2343915537582,6643.7,15.29
09/27/2025,3.64746003347954,7.44688472169254,98.2343915537582,6643.7,15.29
09/28/2025,3.64746003347954,7.44688472169254,98.2343915537582,6643.7,15.29
09/29/2025,3.6277713628831,7.44987928577523,97.9052523454367,6661.21,16.12
09/30/2025,3.65730436877776,7.42300810946807,97.8323933403074,6688.46,16.28
10/01/2025,3.59823835698844,7.44411595287868,97.800111347517,6711.2,16.29
10/02/2025,3.59823835698844,7.4194649010917,98.0306302066632,6715.35,16.63
10/03/2025,3.61792702758488,7.42067240941858,97.6606082758811,6715.79,16.65
10/04/2025,3.61792702758488,7.42067240941858,97.6606082758811,6715.79,16.65
10/05/2025,3.61792702758488,7.42067240941858,97.6606082758811,6715.79,16.65
10/06/2025,3.63761569818132,7.55185934512528,98.1126022246998,6740.28,16.37
10/07/2025,3.6277713628831,7.57346140849541,98.4198355508713,6714.59,17.24
10/08/2025,3.63761569818132,7.61409850701126,98.9819290353408,6753.72,16.3
10/09/2025,3.63761569818132,7.62967669470274,99.4090852134807,6735.11,16.43
10/10/2025,3.578549686392,7.64564448777809,98.9747739797221,6552.51,21.66
10/11/2025,3.578549686392,7.64564448777809,98.9747739797221,6552.51,21.66
10/12/2025,3.578549686392,7.64564448777809,98.9747739797221,6552.51,21.66
10/13/2025,3.578549686392,7.6336148781435,98.9747739797221,6654.72,19.03
10/14/2025,3.55886101579556,7.62231894176213,99.0393615986656,6644.31,20.81
10/15/2025,3.58839402169022,7.62476740972032,98.7307444297015,6671.06,20.64
10/16/2025,3.51948367460267,7.5808442311815,98.512951505315,6629.07,25.31
10/17/2025,3.53917234519912,7.54982873979746,98.4144227419786,6664.01,20.78
10/18/2025,3.53917234519912,7.54982873979746,98.4144227419786,6664.01,20.78
10/19/2025,3.53917234519912,7.54982873979746,98.4144227419786,6664.01,20.78
10/20/2025,3.52932800990089,7.54593906222307,98.5102848851912,6735.13,18.23
10/21/2025,3.53917234519912,7.56258510683085,98.8363632258049,6735.35,17.87
10/22/2025,3.52932800990089,7.51911589922432,98.8530585118344,6699.4,18.6
10/23/2025,3.56870535109378,7.43430276532111,98.9840607753143,6738.44,17.3
10/24/2025,3.55886101579556,7.38803198829657,98.9609063026302,6791.69,16.37
10/25/2025,3.55886101579556,7.38803198829657,98.9609063026302,6791.69,16.37
10/26/2025,3.55886101579556,7.38803198829657,98.9609063026302,6791.69,16.37
10/27/2025,3.56870535109378,7.34513978077991,98.898752725517,6875.16,15.79
10/28/2025,3.56870535109378,7.32533736366118,98.6767036028479,6890.89,16.42
10/29/2025,3.6769930393742,7.12092579386146,98.6506657328737,6890.59,16.92
10/30/2025,3.6769930393742,7.27408027137776,99.5460910941439,6822.34,16.91
10/31/2025,3.6769930393742,7.27594141327557,99.7042296055808,6840.2,17.44
11/01/2025,3.6769930393742,7.27594141327557,99.7042296055808,6840.2,17.44
11/02/2025,3.6769930393742,7.27594141327557,99.7042296055808,6840.2,17.44
11/03/2025,3.6769930393742,7.23953718788791,99.7901790665246,6851.97,17.17
11/04/2025,3.64746003347954,7.27236485945007,100.103013714291,6771.55,19
11/05/2025,3.68683737467242,7.27013949972274,100.199682926156,6796.29,18.01
11/06/2025,3.6277713628831,7.3027890216422,99.7809261533606,6720.32,19.5
11/07/2025,3.60808269228666,7.27057461347012,99.4750304409998,6728.8,19.08
11/08/2025,3.60808269228666,7.27057461347012,99.4750304409998,6728.8,19.08
11/09/2025,3.60808269228666,7.27057461347012,99.4750304409998,6728.8,19.08
11/10/2025,3.63761569818132,7.26516959844962,99.705422904974,6832.43,17.6
11/11/2025,3.63761569818132,7.21721876126136,99.705422904974,6846.61,17.28
11/12/2025,3.6277713628831,7.21996877069553,99.4601471484839,6850.92,17.51
11/13/2025,3.65730436877776,7.24595387007204,99.0363135962611,6737.49,20
11/14/2025,3.6769930393742,7.25266667117252,99.3115790369086,6734.11,19.83
11/15/2025,3.6769930393742,7.25266667117252,99.3115790369086,6734.11,19.83
11/16/2025,3.6769930393742,7.25266667117252,99.3115790369086,6734.11,19.83
11/17/2025,3.66714870407598,7.24662502178271,99.449577040132,6672.41,22.38
11/18/2025,3.64746003347954,7.22030692277173,99.5969594843626,6617.32,24.69
11/19/2025,3.65730436877776,7.09596969333231,100.049344965879,6642.16,23.66
11/20/2025,3.6277713628831,7.08441114660444,100.17454284443,6538.76,26.42
11/21/2025,3.59823835698844,7.10847623707333,100.248247627403,6602.99,23.43
11/22/2025,3.59823835698844,7.10847623707333,100.248247627403,6602.99,23.43
11/23/2025,3.59823835698844,7.10847623707333,100.248247627403,6602.99,23.43
11/24/2025,3.58839402169022,7.09489754912268,100.229864977211,6705.12,20.52
11/25/2025,3.578549686392,7.07375350615195,99.9327605361533,6765.88,18.56
11/26/2025,3.58839402169022,7.10629761790798,99.6186508418871,6812.61,17.19
11/27/2025,3.58839402169022,7.10629761790798,99.6186508418871,6812.61,17.21
11/28/2025,3.58839402169022,7.0442107918311,99.4649393517138,6849.09,16.35
11/29/2025,3.58839402169022,7.0442107918311,99.4649393517138,6849.09,16.35
11/30/2025,3.58839402169022,7.0442107918311,99.4649393517138,6849.09,16.35
12/01/2025,3.59823835698844,7.04696553571259,99.2885553148916,6812.63,17.24
12/02/2025,3.56870535109378,7.0427468017262,99.5315614739495,6829.37,16.59
12/03/2025,3.54901668049734,6.95071929910254,98.9402936836373,6849.72,16.08
12/04/2025,3.578549686392,6.94700334503805,98.9185899086346,6857.12,15.78
12/05/2025,3.58839402169022,6.9487193648158,99.0598179561024,6870.4,15.41
12/06/2025,3.58839402169022,6.9487193648158,99.0598179561024,6870.4,15.41
12/07/2025,3.58839402169022,6.9487193648158,99.0598179561024,6870.4,15.41
12/08/2025,3.58839402169022,6.94942302053611,99.1602124323042,6846.51,16.66
12/09/2025,3.60808269228666,6.95806361902975,99.13703183535,6840.51,16.93
12/10/2025,3.55886101579556,6.9605586132676,98.9891340856887,6886.68,15.77
12/11/2025,3.53917234519912,7.05450506937387,98.179919293286,6901,14.85
12/12/2025,3.51948367460267,7.01345270291788,98.4716027245603,6827.41,15.74
12/13/2025,3.51948367460267,7.01345270291788,98.4716027245603,6827.41,15.74
12/14/2025,3.51948367460267,7.01345270291788,98.4716027245603,6827.41,15.74
12/15/2025,3.49979500400623,7.02486380541687,98.2663151069415,6816.51,16.5
12/16/2025,3.48995066870801,6.93079563163853,98.0981974632014,6800.26,16.48
12/17/2025,3.48995066870801,6.92866253018387,98.3411212963841,6721.43,17.62
12/18/2025,3.47026199811157,6.92761710360106,98.3973660332487,6774.76,16.87
12/19/2025,3.48995066870801,6.97453000097247,98.6140919434765,6834.5,14.91
12/20/2025,3.48995066870801,6.97453000097247,98.6140919434765,6834.5,14.91
12/21/2025,3.48995066870801,6.97453000097247,98.6140919434765,6834.5,14.91
12/22/2025,3.50963933930445,6.96118267905558,98.316192793696,6878.49,14.08
12/23/2025,3.49979500400623,6.8969881348751,98.0590105893053,6909.79,14
12/24/2025,3.48010633340979,6.89360103511075,97.9423810798052,6932.05,13.47
12/25/2025,3.48010633340979,6.85859365675497,97.9423810798052,6932.05,13.47
12/26/2025,3.47026199811157,6.85351855765861,98.0881834010374,6929.94,13.6
12/27/2025,3.47026199811157,6.85351855765861,98.0881834010374,6929.94,13.6
12/28/2025,3.47026199811157,6.85351855765861,98.0881834010374,6929.94,13.6
12/29/2025,3.46041766281335,6.83989862242405,98.1101052508558,6905.74,14.2
12/30/2025,3.45057332751513,6.82768562783083,98.0941061446017,6896.24,14.33
12/31/2025,3.46041766281335,6.81133162058543,98.3597499114981,6845.5,14.95
01/01/2026,3.46041766281335,6.67118422075677,98.3597499114981,6845.5,14.95
01/02/2026,3.45057332751513,6.6404572103287,98.3161364184627,6858.47,14.51
01/03/2026,3.45057332751513,6.6404572103287,98.3161364184627,6858.47,14.51
01/04/2026,3.45057332751513,6.6404572103287,98.3161364184627,6858.47,14.51
01/05/2026,3.45057332751513,6.57281604515372,98.3572380382555,6902.05,14.9
01/06/2026,3.46041766281335,6.54039453660681,98.586668519753,6944.82,14.75
01/07/2026,3.46041766281335,6.47631853060696,98.6219685555429,6920.93,15.38
01/08/2026,3.46041766281335,6.49988675390969,98.9021820634758,6921.46,15.45
01/09/2026,3.49979500400623,6.52297778367111,99.13905078089,6966.28,14.49
01/10/2026,3.49979500400623,6.52297778367111,99.13905078089,6966.28,14.49
01/11/2026,3.49979500400623,6.52297778367111,99.13905078089,6966.28,14.49
01/12/2026,3.50963933930445,6.51417159829367,98.8725363702753,6977.27,15.12
01/13/2026,3.48995066870801,6.52209661888661,99.1368728393762,6963.74,15.98
01/14/2026,3.48010633340979,6.53482566071007,98.9799628468644,6926.6,16.75
01/15/2026,3.51948367460267,6.56412562446025,99.3610977655316,6944.47,15.84
01/16/2026,3.52932800990089,6.53668947276586,99.3682607891892,6940.01,15.86
01/17/2026,3.52932800990089,6.53668947276586,99.3682607891892,6940.01,15.86
01/18/2026,3.52932800990089,6.53668947276586,99.3682607891892,6940.01,15.86
01/19/2026,3.52932800990089,6.53481011706675,99.3682607891892,6940.01,18.84
01/20/2026,3.50963933930445,6.74133730999402,98.4168357728642,6796.86,20.09
01/21/2026,3.50963933930445,6.75456247406688,98.6498146087089,6875.62,16.9
01/22/2026,3.50963933930445,6.77450648840246,98.3974790062825,6913.35,15.64
01/23/2026,3.50963933930445,6.78594914281885,98.0138370934886,6915.61,16.09
01/24/2026,3.50963933930445,6.78594914281885,98.0138370934886,6915.61,16.09
01/25/2026,3.50963933930445,6.78594914281885,98.0138370934886,6915.61,16.09
01/26/2026,3.49979500400623,7.1503282015773,96.9485843124559,6950.23,16.15
01/27/2026,3.48010633340979,7.04128992396737,96.2221353424067,6978.6,16.35
01/28/2026,3.49979500400623,7.05332943988101,96.4654903954377,6978.03,16.35
01/29/2026,3.48010633340979,7.05632603997395,96.3315204821489,6969.01,16.88
01/30/2026,3.46041766281335,7.06808438621159,96.8352731141072,6939.03,17.44
01/31/2026,3.46041766281335,7.06808438621159,96.8352731141072,6939.03,17.44
02/01/2026,3.46041766281335,7.06808438621159,96.8352731141072,6939.03,17.44
02/02/2026,3.47026199811157,7.17267149089372,97.5258936966676,6976.44,16.34
02/03/2026,3.47026199811157,7.13543347288151,97.3755134417341,6917.81,18
02/04/2026,3.47026199811157,7.14293296754694,97.6312057987843,6882.72,18.64
02/05/2026,3.42104032162047,7.15317806337434,97.7656568043936,6798.4,21.77
02/06/2026,3.43088465691869,7.16248161341378,97.6668382703545,6932.3,17.76
02/07/2026,3.43088465691869,7.16248161341378,97.6668382703545,6932.3,17.76
02/08/2026,3.43088465691869,7.16248161341378,97.6668382703545,6932.3,17.76
02/09/2026,3.41119598632225,7.20865207856413,97.000714341397,6964.82,17.36
02/10/2026,3.38166298042758,7.23299712375208,96.8024031873873,6941.81,17.79
02/11/2026,3.45057332751513,7.25727390979658,96.7958127990302,6941.47,17.65
02/12/2026,3.43088465691869,7.25396842252042,96.9044325731235,6832.76,20.82
02/13/2026,3.40135165102402,7.24585008643504,96.9047438382808,6836.17,20.6
02/14/2026,3.40135165102402,7.24585008643504,96.9047438382808,6836.17,20.6
02/15/2026,3.40135165102402,7.24585008643504,96.9047438382808,6836.17,20.6
02/16/2026,3.40135165102402,7.18030382677915,96.9047438382808,6836.17,21.2
02/17/2026,3.46041766281335,7.22073481557405,97.3112891845287,6843.22,20.29
02/18/2026,3.47026199811157,7.21557223085152,97.5078282169076,6881.31,19.62
02/19/2026,3.48010633340979,7.25853204461258,97.9223839999847,6861.89,20.23
02/20/2026,3.48995066870801,7.24102805070398,97.7715693210426,6909.51,19.09
02/21/2026,3.48995066870801,7.24102805070398,97.7715693210426,6909.51,19.09
02/22/2026,3.48995066870801,7.24102805070398,97.7715693210426,6909.51,19.09
02/23/2026,3.48010633340979,7.22510569389435,97.5808899087935,6837.75,21.01
02/24/2026,3.49979500400623,7.25922489778393,97.7539407786654,6890.07,19.55
02/25/2026,3.50963933930445,7.26511769589793,97.7004557851555,6946.13,17.93
02/26/2026,3.49979500400623,7.26063733146956,97.8004056950343,6908.86,18.63
02/27/2026,3.46041766281335,7.26463407389603,97.6202264708101,6878.88,19.86
02/28/2026,3.46041766281335,7.26463407389603,97.6202264708101,6878.88,19.86
03/01/2026,3.46041766281335,7.26463407389603,97.6202264708101,6878.88,19.86
03/02/2026,3.51948367460267,7.36174609814102,98.5902437422522,6881.62,21.44
03/03/2026,3.52932800990089,7.42326706261217,99.1236817309466,6816.63,23.57
03/04/2026,3.55886101579556,7.43358410972616,98.7905118985229,6869.5,21.15
03/05/2026,3.56870535109378,7.46760224731667,99.2165662723774,6830.71,23.75
03/06/2026,3.52932800990089,7.47585299009879,98.9438774897048,6740.02,29.49
03/07/2026,3.52932800990089,7.47585299009879,98.9438774897048,6740.02,29.49
03/08/2026,3.52932800990089,7.47585299009879,98.9438774897048,6740.02,29.49
03/09/2026,3.53917234519912,7.47259837009491,99.0477995028363,6795.99,25.5
03/10/2026,3.53917234519912,7.40645233583296,98.6202105997069,6781.48,24.93
03/11/2026,3.578549686392,7.44954802725869,99.2747032950268,6775.8,24.23
03/12/2026,3.63761569818132,7.46743802336322,99.6439783250258,6672.62,27.29
03/13/2026,3.63761569818132,7.54825627563381,100.305129630778,6632.19,27.19
03/14/2026,3.63761569818132,7.54825627563381,100.305129630778,6632.19,27.19
03/15/2026,3.63761569818132,7.54825627563381,100.305129630778,6632.19,27.19
03/16/2026,3.61792702758488,7.56173042318143,99.943172839911,6699.38,23.51
03/17/2026,3.60808269228666,7.57921118529033,99.6618551331638,6716.09,22.37
03/18/2026,3.65730436877776,7.52892380467688,99.8179018052155,6624.7,25.09
03/19/2026,3.70652604526887,7.54044197694256,99.69806642169,6606.49,24.06
03/20/2026,3.77543639235641,7.56326583688802,99.6957906551737,6506.48,26.78
03/21/2026,3.77543639235641,7.56326583688802,99.6957906551737,6506.48,26.78
03/22/2026,3.77543639235641,7.56326583688802,99.6957906551737,6506.48,26.78
03/23/2026,3.73605905116353,7.59347725914075,99.3352321411445,6581,26.15
03/24/2026,3.78528072765463,7.60022157993584,99.4391045818498,6556.37,26.95
03/25/2026,3.74590338646175,7.59214162052297,99.5438876795216,6591.9,25.33
03/26/2026,3.80496939825107,7.59833019135597,99.8088992432444,6477.16,27.44
03/27/2026,3.74590338646175,7.61197252175937,100.07219066745,6368.85,31.05
03/28/2026,3.74590338646175,7.61197252175937,100.07219066745,6368.85,31.05
03/29/2026,3.74590338646175,7.61197252175937,100.07219066745,6368.85,31.05
03/30/2026,3.68683737467242,7.66057510358319,100.523254186717,6343.72,30.61
03/31/2026,3.65730436877776,7.69793462179498,100.196303723833,6528.52,25.25
04/01/2026,3.65730436877776,7.82875510758284,99.3888043898458,6575.32,24.54
04/02/2026,3.65730436877776,7.86391836241124,99.9315525902207,6582.69,23.87
04/03/2026,3.69668170997065,7.86312852321204,100.157270392379,6582.69,23.87
04/04/2026,3.69668170997065,7.86312852321204,100.157270392379,6582.69,23.87
04/05/2026,3.69668170997065,7.86312852321204,100.157270392379,6582.69,23.87
04/06/2026,3.69668170997065,7.86920464836535,99.97379960834,6611.83,24.17
04/07/2026,3.65730436877776,7.86305701716509,99.9022667691363,6616.85,25.78
04/08/2026,3.66714870407598,8.0515704035455,98.8545288226661,6782.81,21.04
04/09/2026,3.65730436877776,8.04368912323082,98.7503185555853,6824.66,19.49
04/10/2026,3.6769930393742,8.02758542864697,98.6917816901239,6816.89,19.23
04/11/2026,3.6769930393742,8.02758542864697,98.6917816901239,6816.89,19.23
04/12/2026,3.6769930393742,8.02758542864697,98.6917816901239,6816.89,19.23
04/13/2026,3.6769930393742,8.01894978428953,98.7646284621198,6886.24,19.12
04/14/2026,3.68683737467242,8.06537789419315,98.1316459888707,6967.38,18.36
04/15/2026,3.6769930393742,8.05987444965438,98.0765772000102,7022.95,18.17
04/16/2026,3.66714870407598,8.06459844313511,98.1782946055562,7041.28,17.94
04/17/2026,3.61792702758488,7.92847037030815,97.9315263683063,7126.06,17.48
04/18/2026,3.61792702758488,7.92847037030815,97.9315263683063,7126.06,17.48
04/19/2026,3.61792702758488,7.92847037030815,97.9315263683063,7126.06,17.48
04/20/2026,3.6277713628831,7.92295519409363,98.0444465534392,7109.14,18.87
04/21/2026,3.66714870407598,7.91686756821954,98.3107180309057,7064.01,19.5
04/22/2026,3.66714870407598,7.88548069087433,98.5529866857944,7137.9,18.92
04/23/2026,3.6769930393742,7.53934275988155,98.6317965274809,7108.4,19.31
04/24/2026,3.64746003347954,7.44102362955399,98.5373144954427,7165.08,18.71
04/25/2026,3.64746003347954,7.44102362955399,98.5373144954427,7165.08,18.71
04/26/2026,3.64746003347954,7.44102362955399,98.5373144954427,7165.08,18.71
04/27/2026,3.66714870407598,7.43758881767771,98.3940078103655,7173.91,18.02
04/28/2026,3.68683737467242,7.42896577909866,98.6055086972829,7138.8,17.83
04/29/2026,3.72621471586531,7.38199410661606,98.7999508984211,7135.95,18.81
04/30/2026,3.69668170997065,7.56850909647914,98.1621314836096,7209.01,16.89
05/01/2026,3.70652604526887,7.56299116571406,97.9480763551056,7230.12,16.99
05/02/2026,3.70652604526887,7.56299116571406,97.9480763551056,7230.12,16.99
05/03/2026,3.70652604526887,7.56299116571406,97.9480763551056,7230.12,16.99
05/04/2026,3.75574772175997,7.58573079628888,98.4144430169392,7200.75,18.29
05/05/2026,3.74590338646175,7.5664741559038,98.3547335271016,7259.22,17.38
05/06/2026,3.70652604526887,7.59589633588459,97.9984857850957,7365.12,17.39
05/07/2026,3.73605905116353,7.50842984870282,97.935246324454,7337.11,17.08
05/08/2026,3.72621471586531,7.44961817411349,97.9231125307006,7398.93,17.19
05/09/2026,3.72621471586531,7.44961817411349,97.9231125307006,7398.93,17.19
05/10/2026,3.72621471586531,7.44961817411349,97.9231125307006,7398.93,17.19
05/11/2026,3.76559205705819,7.40617616956836,97.885501155012,7412.84,18.38
05/12/2026,3.77543639235641,7.4509579703922,98.363974917534,7400.96,17.99
05/13/2026,3.76559205705819,7.45356998523822,98.4900574797563,7444.25,17.87
05/14/2026,3.76559205705819,7.46548171813224,98.7348818095984,7501.24,17.26
05/15/2026,3.79512506295285,7.50020272048532,99.2443254846442,7408.5,18.43
05/16/2026,3.79512506295285,7.50020272048532,99.2443254846442,7408.5,18.43
05/17/2026,3.79512506295285,7.50020272048532,99.2443254846442,7408.5,18.43
05/18/2026,3.78528072765463,7.50748247897952,99.0408072060874,7403.05,17.82
05/19/2026,3.80496939825107,7.49788736724473,99.3404241522034,7353.61,18.06
05/20/2026,3.76559205705819,7.49984730637266,99.1495364689172,7432.97,17.44
05/21/2026,3.80496939825107,7.49379909059517,99.414199804551,7445.72,16.76
05/22/2026,3.83450240414574,7.46670170784308,99.3117719812476,7473.47,16.7
05/23/2026,3.83450240414574,7.46670170784308,99.3117719812476,7473.47,16.7
05/24/2026,3.83450240414574,7.46670170784308,99.3117719812476,7473.47,16.7
05/25/2026,3.83450240414574,7.45147955918911,99.3117719812476,7473.47,16.59
05/26/2026,3.79512506295285,7.44930489838703,99.2243387807874,7519.12,17.01
05/27/2026,3.77543639235641,7.42931584735494,99.1910410639887,7520.36,16.29
05/28/2026,3.77543639235641,7.2631438738967,99.0353007742165,7563.63,15.74
05/29/2026,3.76559205705819,7.20878504523705,98.8061447269764,7580.06,15.32
05/30/2026,3.76559205705819,7.20878504523705,98.8061447269764,7580.06,15.32
05/31/2026,3.76559205705819,7.20878504523705,98.8061447269764,7580.06,15.32
