"date","specification","check_loss_base","check_loss_aug","benchmark_loss","selected_gacv_base","selected_gacv_aug","loss_reduction","gacv_reduction","selected_lambda_base","selected_lambda_aug","active_size_base","active_size_aug","active_micro"
2022-04-02,"all_predictors_lagged",0.260597326127861,0.162152981518122,0.0986252316338695,0.0941892847750325,0.0909263020115731,0.0984443446097391,0.0032629827634594,0.707717471770655,0.774789598163607,10.7272727272727,12.3636363636364,2.27272727272727
2022-04-03,"all_predictors_lagged",0.211071405228448,0.282825911856138,0.0600477888728704,0.0959840048680248,0.0932027147701467,-0.0717545066276894,0.0027812900978781,0.623582113513178,0.6847144329454,10.8181818181818,12.3636363636364,2.27272727272727
2022-04-04,"all_predictors_lagged",0.153699966969363,0.221251563957639,0.160918274573127,0.0961524791555955,0.0924997636785968,-0.067551596988276,0.00365271547699875,0.698199583816903,0.966273698826147,10.3636363636364,11.3636363636364,2.18181818181818
2022-04-05,"all_predictors_lagged",0.130088210904363,0.147991560618685,0.0716450273229113,0.0955560646667282,0.0943271210536611,-0.017903349714322,0.0012289436130671,0.692325388791196,0.986532855800395,10.6363636363636,11.4545454545455,2.18181818181818
2022-04-06,"all_predictors_lagged",0.226196198117238,0.199430805004871,0.150305507033318,0.0967003404570065,0.0951945924669591,0.0267653931123661,0.00150574799004745,0.670297079385846,0.886325761885556,11.0909090909091,11.6363636363636,2.45454545454545
2022-04-07,"all_predictors_lagged",0.156237642664821,0.29977934044523,0.0502492547222049,0.0970278243202088,0.0956757570928972,-0.143541697780409,0.00135206722731162,0.561330878396451,0.972355376250965,11.2727272727273,11.0909090909091,2.27272727272727
2022-04-08,"all_predictors_lagged",0.322264345922819,0.241476285600694,0.244340677462128,0.0960522391612818,0.0948105957320881,0.0807880603221244,0.00124164342919367,0.86637408765712,0.956973656192062,10,11.2727272727273,2.18181818181818
2022-04-09,"all_predictors_lagged",0.13792074025509,0.134054731440657,0.139328323991127,0.0958646722102505,0.0938909833808686,0.0038660088144332,0.00197368882938195,0.70477333555438,1.06871792271701,10.6363636363636,10,2.18181818181818
2022-04-10,"all_predictors_lagged",0.0903902322254785,0.130185711943243,0.121641469723349,0.0958937069176855,0.0935607635800976,-0.0397954797177647,0.0023329433375879,0.740966411484284,1.06843738402936,9.81818181818182,10.5454545454545,2.09090909090909
2022-04-11,"all_predictors_lagged",0.391656484318135,0.391677703221085,0.125623100162135,0.094895189152703,0.0937106732366831,-0.0000212189029506066,0.00118451591601987,0.676059173540679,1.36029509899143,10.0909090909091,9.90909090909091,1.72727272727273
2022-04-12,"all_predictors_lagged",0.130985689414536,0.161410889911655,0.115238729038153,0.0959165730241249,0.0956945738469037,-0.030425200497119,0.000221999177221167,0.693377084999963,1.32841467591647,10.2727272727273,10.2727272727273,2.09090909090909
2022-04-13,"all_predictors_lagged",0.113447026594944,0.0969309825467326,0.161290966320166,0.0973136616548074,0.0972260226305855,0.016516044048211,0.0000876390242219395,0.707689340651824,1.00109176028815,10.5454545454545,10.2727272727273,2
2022-04-14,"all_predictors_lagged",0.152033250926512,0.0813943187923804,0.110184626625829,0.0973856051366727,0.097340917428905,0.070638932134132,0.000044687707767723,0.656644474658061,1.08362821569703,10.1818181818182,9.81818181818182,1.63636363636364
2022-04-15,"all_predictors_lagged",0.0828702939410615,0.0826028089959172,0.083724804798099,0.095783212772972,0.0950651789598088,0.000267484945144331,0.000718033813163176,0.699006937579605,0.974205501963045,10.2727272727273,10.7272727272727,1.81818181818182
2022-04-16,"all_predictors_lagged",0.101532904574378,0.0632946924554052,0.0760856753968464,0.0967076705233308,0.0965440207465032,0.0382382121189729,0.000163649776827629,0.608108103386722,1.02040606581158,10.6363636363636,9.90909090909091,2
2022-04-17,"all_predictors_lagged",0.221962335027391,0.157535476776432,0.140609144643457,0.096614030337551,0.0967447501739196,0.064426858250959,-0.000130719836368563,0.664123876256252,1.29953315876262,10.6363636363636,9.18181818181818,1.90909090909091
2022-04-18,"all_predictors_lagged",0.161718681066386,0.188391676957489,0.143605585518666,0.0973857845892177,0.0959458235531896,-0.0266729958911036,0.00143996103602813,0.793465702902828,0.984892072003734,9.81818181818182,10.0909090909091,1.90909090909091
2022-04-19,"all_predictors_lagged",0.0843881832481078,0.0822995906625928,0.0844525966130902,0.100978432580222,0.0990614116076868,0.00208859258551502,0.00191702097253483,0.68474347659453,0.909518106462553,10,10.6363636363636,1.81818181818182
2022-04-20,"all_predictors_lagged",0.0379341199456184,0.0925065524794621,0.0527723785670493,0.100723377981515,0.0990350609623895,-0.0545724325338437,0.00168831701912548,0.840822231900436,1.05316727185394,10.0909090909091,10.4545454545455,1.72727272727273
2022-04-21,"all_predictors_lagged",0.119576082620079,0.0874800060209007,0.0569516659993338,0.0999210093557285,0.096568002330163,0.0320960765991779,0.00335300702556547,0.743556171596686,0.939951977599694,10.8181818181818,10.7272727272727,1.90909090909091
2022-04-22,"all_predictors_lagged",0.0972889904953317,0.093208980918206,0.0782373909115631,0.099279063725011,0.0949431832947866,0.00408000957712575,0.00433588043022444,0.768458544460952,0.906085938865082,10.3636363636364,10.7272727272727,1.90909090909091
2022-04-23,"all_predictors_lagged",0.079433837832341,0.0663391575283317,0.0683672647940002,0.0986778764149764,0.0957028176651601,0.0130946803040092,0.00297505874981624,0.80935133948525,1.03161962815378,9.54545454545454,9.81818181818182,1.54545454545455
2022-04-24,"all_predictors_lagged",0.079136791526368,0.0703542123396281,0.0979452334048274,0.0970178950987256,0.0941644135270229,0.0087825791867399,0.00285348157170269,0.664587758270124,0.886723731161733,10.3636363636364,10.6363636363636,1.81818181818182
2022-04-25,"all_predictors_lagged",0.0910874476179021,0.127557724994678,0.0857475169997128,0.0988806892480929,0.0950117545616962,-0.0364702773767763,0.00386893468639677,0.78216091185686,0.8643575782131,9.54545454545454,11.1818181818182,1.90909090909091
2022-04-26,"all_predictors_lagged",0.124703558067562,0.14950058122009,0.0763706710104552,0.0962293007499788,0.0945374001467209,-0.0247970231525272,0.00169190060325796,0.796919856536778,0.877675899633653,10.0909090909091,11.1818181818182,2.18181818181818
2022-04-27,"all_predictors_lagged",0.657827294536598,0.637396823112991,0.562884311502367,0.095925278996557,0.0936146913981364,0.0204304714236062,0.0023105875984206,0.747681657990749,0.804502204594193,10.3636363636364,11.4545454545455,2.09090909090909
2022-04-28,"all_predictors_lagged",0.566403460541166,0.678423574682181,0.526475828174794,0.0992951140913119,0.0967470477760758,-0.112020114141015,0.00254806631523608,0.834084938006458,0.851383343182537,9.63636363636364,11.1818181818182,2.18181818181818
2022-04-29,"all_predictors_lagged",0.247633394977257,0.258186312021073,0.139322114940133,0.102047543357788,0.0982979708161988,-0.0105529170438159,0.00374957254158908,0.749764350623958,0.755842760272402,9.81818181818182,11.7272727272727,2.09090909090909
2022-04-30,"all_predictors_lagged",0.515271336313346,0.562030267373216,0.50143968640907,0.102038184761389,0.100726565067135,-0.0467589310598703,0.00131161969425413,0.585438620531247,0.853353172202218,10.3636363636364,10.8181818181818,1.90909090909091
2022-05-01,"all_predictors_lagged",0.259909872170422,0.197278002281228,0.107730713200638,0.102394772394002,0.10184252040234,0.0626318698891948,0.000552251991662574,0.514785080984967,1.02217295034664,10.5454545454545,10,1.90909090909091
2022-05-02,"all_predictors_lagged",0.979353962058731,0.690776952770012,0.788385076202904,0.102336861533788,0.101771760288594,0.288577009288719,0.000565101245193842,0.77233650417412,1.0435986145082,10,9.63636363636364,1.90909090909091
2022-05-03,"all_predictors_lagged",0.382379539265932,0.381479362224184,0.873259910505924,0.108169488295163,0.107032924024561,0.000900177041748339,0.00113656427060167,0.670645933733731,0.966263211901373,9.81818181818182,9.90909090909091,1.72727272727273
2022-05-04,"all_predictors_lagged",0.888142144862341,0.519009487016826,0.570769147398967,0.110061653046377,0.109275845493633,0.369132657845514,0.000785807552743934,0.784944615175541,0.970341648443019,9.54545454545454,10,1.90909090909091
2022-05-05,"all_predictors_lagged",0.285314581632578,0.355177519244292,0.0997080449167994,0.118867712602912,0.113245518125775,-0.0698629376117139,0.00562219447713768,0.899565927103771,0.892719342401076,9.09090909090909,10,2
2022-05-06,"all_predictors_lagged",0.119479066256159,0.22992820792339,0.372809063655515,0.119734478367337,0.113587320264408,-0.110449141667231,0.0061471581029285,0.820604224877565,0.882374044127833,9,10,2
2022-05-07,"all_predictors_lagged",0.123151553681641,0.0769542080662734,0.385331395586982,0.118216867240769,0.112214772047017,0.046197345615368,0.00600209519375198,0.803439807708356,0.845445501333861,9.36363636363636,10,2
2022-05-08,"all_predictors_lagged",0.105035518041019,0.0886580513747716,0.121736219543157,0.116982358134197,0.110373731857613,0.0163774666662475,0.00660862627658386,0.730124335725337,1.02008868318261,9.72727272727273,10.2727272727273,2.27272727272727
2022-05-09,"all_predictors_lagged",0.132552835405866,0.121523353100618,0.162246185857085,0.116040991974722,0.109880357065736,0.0110294823052473,0.00616063490898609,0.777310296496477,1.08938328291056,9.27272727272727,9.72727272727273,2
2022-05-10,"all_predictors_lagged",0.753038725723427,1.03013076733944,0.595218139602362,0.112685129049006,0.106827426318922,-0.277092041616009,0.00585770273008367,0.936238650772044,0.873495447565073,8.90909090909091,10.7272727272727,2.09090909090909
2022-05-11,"all_predictors_lagged",0.176183550694329,0.662723665650288,0.116568422489177,0.116417061093699,0.113553713568015,-0.486540114955959,0.0028633475256846,0.741448501926469,1.29791294277869,9.90909090909091,9.63636363636364,2
2022-05-12,"all_predictors_lagged",0.898814462706569,3.48096979640929,0.456307259885852,0.114786508479468,0.11057326413505,-2.58215533370272,0.00421324434441791,0.739188303819902,1.17759960216367,9.27272727272727,10,2.18181818181818
2022-05-13,"all_predictors_lagged",0.227249101528114,2.79079143450103,0.38729313391028,0.116803855262775,0.110089427340707,-2.56354233297292,0.00671442792206794,0.735175067259037,0.873974742409837,9.63636363636364,10.8181818181818,2.09090909090909
2022-05-14,"all_predictors_lagged",0.602001094545825,0.550233012157875,0.208211100838234,0.114210710898608,0.112791359399403,0.0517680823879496,0.00141935149920501,0.61452261146448,1.0278271773049,10.2727272727273,10.8181818181818,2.27272727272727
2022-05-15,"all_predictors_lagged",0.26278179680936,0.236934520613869,0.239429219623844,0.115064724108183,0.111948691832044,0.0258472761954904,0.003116032276139,0.669263834575008,0.993058693433756,10.8181818181818,11,2.18181818181818
2022-05-16,"all_predictors_lagged",0.348129440004099,0.303549334158683,0.215349229468467,0.115950295005584,0.110397501447486,0.0445801058454162,0.00555279355809864,0.708100508869016,0.972912837971196,10.8181818181818,11.0909090909091,2.18181818181818
2022-05-17,"all_predictors_lagged",0.543998036313031,0.284052617041885,0.357831071505921,0.115135087245634,0.110532344272946,0.259945419271146,0.00460274297268771,0.70545598638842,0.856299733779456,10.0909090909091,11.1818181818182,2.36363636363636
2022-05-18,"all_predictors_lagged",0.0989972382701909,0.134678936649932,0.170790968872736,0.115768944790566,0.109739286899028,-0.0356816983797412,0.00602965789153714,0.614825589655573,0.795479409997185,10.4545454545455,11,2.36363636363636
2022-05-19,"all_predictors_lagged",0.370356100805843,0.257992459037011,0.182991039993701,0.117982671456128,0.110713980191875,0.112363641768832,0.00726869126425354,0.693388639355673,0.789666001388724,9.81818181818182,10.6363636363636,2.27272727272727
2022-05-20,"all_predictors_lagged",0.123177990007118,0.144414912198081,0.222529924822673,0.119500419365758,0.11151306590387,-0.0212369221909634,0.00798735346188798,0.709366656882096,0.800605351981465,9.81818181818182,10.9090909090909,2.27272727272727
2022-05-21,"all_predictors_lagged",0.125849422802282,0.133381276553612,0.165006270805489,0.118086506133566,0.111167843874031,-0.00753185375133028,0.00691866225953532,0.618016817552706,0.986403877887138,10.0909090909091,9.45454545454546,2.09090909090909
2022-05-22,"all_predictors_lagged",0.123633336530658,0.13494373306299,0.167164685088892,0.117455191120561,0.111226572085757,-0.0113103965323318,0.00622861903480485,0.675789980359336,0.979961113580024,10,9.09090909090909,2
2022-05-23,"all_predictors_lagged",0.0815508437934592,0.165923973238254,0.125845655632562,0.117645938222828,0.11090890538916,-0.0843731294447944,0.00673703283366822,0.751293316235998,0.918224041519896,9.72727272727273,10,2
2022-05-24,"all_predictors_lagged",0.0556827065015636,0.111844330100423,0.137443936406411,0.115186802026368,0.108707769274258,-0.0561616235988594,0.00647903275211053,0.691216461775575,1.17911767250181,9.81818181818182,10.1818181818182,2.09090909090909
2022-05-25,"all_predictors_lagged",0.106593794831321,0.077966531730665,0.134772812802768,0.112090262962826,0.108565872420505,0.0286272631006562,0.00352439054232058,0.619062592947847,0.758001175204814,9.90909090909091,11.2727272727273,2
2022-05-26,"all_predictors_lagged",0.109335069014198,0.0945916420345332,0.128295373295686,0.110702336717994,0.105163940799991,0.014743426979665,0.00553839591800346,0.542304620310009,0.776249074821821,10.5454545454545,11,2
2022-05-27,"all_predictors_lagged",0.0739787230653482,0.0879137836198884,0.137205995693473,0.110548675514533,0.10699307721348,-0.0139350605545402,0.00355559830105313,0.705674934498221,1.31342858733354,9.90909090909091,10,1.81818181818182
2022-05-28,"all_predictors_lagged",0.0862530465892084,0.107720023444188,0.152380009038668,0.112957688750578,0.107390811726188,-0.0214669768549801,0.00556687702439056,0.689747296245672,1.02976734249433,9.90909090909091,10.6363636363636,2.09090909090909
2022-05-29,"all_predictors_lagged",0.124393068041344,0.118276187018076,0.168377516847532,0.112492196546195,0.106918417527867,0.00611688102326734,0.0055737790183286,0.600364621373259,1.0754895884118,10.6363636363636,10.8181818181818,1.81818181818182
2022-05-30,"all_predictors_lagged",0.0916593974602998,0.086196403198865,0.14701942330679,0.11421710837652,0.10794308929861,0.00546299426143486,0.00627401907791001,0.600208340952675,0.983961648550434,10.2727272727273,11,2
2022-05-31,"all_predictors_lagged",0.0631593406515841,0.0889370359769315,0.121816732443702,0.112632365931753,0.108224723462141,-0.0257776953253473,0.00440764246961127,0.729072414727742,1.09640262819912,10.1818181818182,11.0909090909091,2.09090909090909
2022-06-01,"all_predictors_lagged",0.0978175083799637,0.106516243785564,0.115071370597507,0.110874775334393,0.106555263280872,-0.00869873540560028,0.0043195120535207,0.767013407350656,1.02169032899313,9.72727272727273,10.2727272727273,1.81818181818182
2022-06-02,"all_predictors_lagged",0.144873594318766,0.113099513445047,0.103199367581414,0.112203327285054,0.107136738337132,0.0317740808737189,0.00506658894792208,0.834415169582633,1.16588120732829,10.0909090909091,10.3636363636364,1.72727272727273
2022-06-03,"all_predictors_lagged",0.137040965417658,0.149622442569335,0.12426488860638,0.112803109927815,0.109466109467436,-0.0125814771516774,0.0033370004603795,0.76375805285637,1.19719647340647,9.81818181818182,10,1.54545454545455
2022-06-04,"all_predictors_lagged",0.181169660656035,0.165328416897099,0.159959634329251,0.112378832711364,0.108091113752494,0.0158412437589358,0.00428771895887021,0.823533721435505,1.13565510318785,9.81818181818182,9.81818181818182,1.54545454545455
2022-06-05,"all_predictors_lagged",0.145097574510954,0.13707484485105,0.188349447515072,0.113485782407857,0.108281896000816,0.00802272965990415,0.00520388640704163,1.03243041715013,0.948533146395229,9.36363636363636,10.6363636363636,1.81818181818182
2022-06-06,"all_predictors_lagged",0.0903636197532707,0.0842222777597793,0.140497122737866,0.111042321867321,0.107200196813257,0.00614134199349137,0.00384212505406454,0.845101330083782,1.17392392781446,10,9.90909090909091,1.45454545454545
2022-06-07,"all_predictors_lagged",0.0884803153185479,0.0848763202402996,0.127336507656981,0.111383855550257,0.108018172411824,0.00360399507824834,0.00336568313843361,0.948149263225961,1.01927484493583,10.1818181818182,10.4545454545455,1.63636363636364
2022-06-08,"all_predictors_lagged",0.124312355991074,0.125193140361934,0.152753895237159,0.110810377507128,0.108184508802178,-0.000880784370859667,0.00262586870494999,0.841025765236319,1.27334294612698,10.2727272727273,9.90909090909091,1.45454545454545
2022-06-09,"all_predictors_lagged",0.118024007619449,0.107228264715386,0.145445497953427,0.110071357561814,0.107292469750172,0.0107957429040631,0.00277888781164205,0.82316048154379,1.09080853842514,9.90909090909091,10.2727272727273,1.45454545454545
2022-06-10,"all_predictors_lagged",0.141288217038401,0.12612955433644,0.145738338089048,0.110191867782517,0.107355059111609,0.0151586627019611,0.00283680867090807,0.732119264814381,1.29105337855112,10.2727272727273,9.72727272727273,1.45454545454545
2022-06-11,"all_predictors_lagged",0.201882404503322,0.159370399290014,0.164764880438249,0.109238376983227,0.105220759135513,0.0425120052133079,0.00401761784771456,0.744055306298947,1.03967017345061,9.90909090909091,10.1818181818182,1.45454545454545
2022-06-12,"all_predictors_lagged",0.195923281425108,0.241945575225705,0.163583791305961,0.108703210419285,0.106721115041436,-0.0460222938005964,0.0019820953778484,0.878185606378751,1.02112045912894,9.54545454545454,10.5454545454545,1.36363636363636
2022-06-13,"all_predictors_lagged",0.348086590148578,0.386192854760851,0.31396054969472,0.106961602641553,0.106317848934546,-0.0381062646122729,0.000643753707006998,0.681850864629553,1.38673715290309,10.1818181818182,9.36363636363636,1.54545454545455
2022-06-14,"all_predictors_lagged",0.267356739208824,0.283734448214687,0.273407230215846,0.10615654522512,0.102837621429112,-0.0163777090058624,0.00331892379600838,0.66839052033479,0.934022095592476,10,10.3636363636364,1.72727272727273
2022-06-15,"all_predictors_lagged",0.557440879473674,0.550754454086412,0.199567655444109,0.106404970921818,0.103289148725587,0.00668642538726159,0.00311582219623184,0.652401848172567,1.02089604246169,10.2727272727273,10.2727272727273,1.72727272727273
2022-06-16,"all_predictors_lagged",0.133187534127936,0.149415864836436,0.176504010016658,0.106173462052938,0.10309478386841,-0.0162283307085005,0.00307867818452784,0.594980447768783,1.00451765415124,10.4545454545455,9.90909090909091,1.63636363636364
2022-06-17,"all_predictors_lagged",0.358086765268767,0.231889582213278,0.204433924231485,0.106675509786779,0.103264591055706,0.126197183055489,0.00341091873107299,0.727915552904107,1.00617965645,9.90909090909091,9.54545454545454,1.54545454545455
2022-06-18,"all_predictors_lagged",0.0882010611708078,0.0923323692137949,0.127945584944604,0.106595644800686,0.103422612204201,-0.00413130804298708,0.00317303259648503,0.557884068495541,0.840658698559189,10.2727272727273,11.0909090909091,2
2022-06-19,"all_predictors_lagged",0.24762793854181,0.250388973779884,0.249740308269693,0.105966981016573,0.103156201952384,-0.00276103523807428,0.00281077906418941,0.588992602012692,0.970247014134762,10.2727272727273,10.1818181818182,1.72727272727273
2022-06-20,"all_predictors_lagged",0.11175915164042,0.0920608753667397,0.146645273410663,0.108255853840052,0.104430302868774,0.0196982762736804,0.00382555097127807,0.780184878833953,0.84360316526213,9.54545454545454,11,1.81818181818182
2022-06-21,"all_predictors_lagged",0.186985112848156,0.127055154561398,0.140969087860416,0.109603789748756,0.106910671813358,0.0599299582867576,0.00269311793539861,0.816830399187456,0.947028087198788,9.63636363636364,9.45454545454546,1.63636363636364
2022-06-22,"all_predictors_lagged",0.445628931495487,0.294283785490841,0.0908398897289474,0.108643481442362,0.10586301172386,0.151345146004646,0.00278046971850131,0.838310384139911,0.942014012315406,8.45454545454546,9.54545454545454,1.54545454545455
2022-06-23,"all_predictors_lagged",0.117010045930993,0.114911493691532,0.12698406563277,0.107459576931981,0.101801086427732,0.0020985522394612,0.00565849050424842,1.13777887291756,0.785766492954003,8.45454545454546,10.2727272727273,1.63636363636364
2022-06-24,"all_predictors_lagged",0.0747614959953949,0.0635057361280337,0.108673513778041,0.107186480833226,0.103645620499257,0.0112557598673612,0.00354086033396913,1.08208303683845,0.823062899982406,9,10.4545454545455,1.54545454545455
2022-06-25,"all_predictors_lagged",0.511792570160047,0.446361690291771,0.395508478606717,0.106212721122325,0.103329353758455,0.0654308798682754,0.00288336736386922,1.09469902937396,0.928046734117497,8.36363636363636,9.36363636363636,1.54545454545455
2022-06-26,"all_predictors_lagged",0.154571695456179,0.106165387542516,0.126328365759022,0.107091308066594,0.102443436747827,0.0484063079136628,0.00464787131876612,0.908562476805826,0.6878872328347,9.09090909090909,10.4545454545455,1.36363636363636
2022-06-27,"all_predictors_lagged",0.0916735561567728,0.0920390255100913,0.133801978030611,0.110268257269202,0.104975351641252,-0.000365469353318563,0.00529290562794996,0.467062588496004,0.68061252408952,10.4545454545455,10.2727272727273,1.45454545454545
2022-06-28,"all_predictors_lagged",0.0835989020158036,0.0987926398962546,0.118588302765847,0.10951541884316,0.104643692490229,-0.015193737880451,0.00487172635293136,0.892138981653514,0.789530270308561,9.09090909090909,9.72727272727273,1.36363636363636
2022-06-29,"all_predictors_lagged",0.120565180965423,0.118932892562123,0.118788040460684,0.112415508144784,0.105997155997468,0.00163228840330065,0.00641835214731533,1.29226280318753,0.854873247626602,8,10,1.63636363636364
2022-06-30,"all_predictors_lagged",0.11549175258759,0.117003879655967,0.143371890273988,0.113123504270748,0.10672903973464,-0.00151212706837715,0.00639446453610837,1.06461066443572,0.789913275925877,8.81818181818182,9.36363636363636,1.45454545454545
2022-07-01,"all_predictors_lagged",2.86599995275637,2.82418577295984,2.46391401851613,0.111577367721728,0.104889396675831,0.0418141797965275,0.00668797104589682,1.03004579039286,0.801232593347366,8.63636363636364,9.45454545454546,1.72727272727273
2022-07-02,"all_predictors_lagged",2.33568253624784,0.928153054118128,0.150541507078884,0.138907228337253,0.132464180619099,1.40752948212971,0.00644304771815386,0.943091014802859,0.92046399760416,8.63636363636364,9.54545454545454,1.54545454545455
2022-07-03,"all_predictors_lagged",0.121016772226509,0.120539659882423,0.147218738622454,0.13952667186622,0.132903955443759,0.000477112344086645,0.0066227164224612,0.613012321685021,0.654156490857878,9.27272727272727,10.3636363636364,1.63636363636364
2022-07-04,"all_predictors_lagged",0.212207936987238,0.21678739749705,0.142126553965322,0.138672972918848,0.131666319678924,-0.00457946050981264,0.00700665323992435,0.64217693592372,0.726838686591419,8.81818181818182,9.72727272727273,1.72727272727273
2022-07-05,"all_predictors_lagged",0.233278813518839,0.117589182320736,0.147739358202795,0.141370148756972,0.133329728165601,0.115689631198103,0.00804042059137065,0.765060378613875,0.65239977380009,8.81818181818182,10.0909090909091,1.45454545454545
2022-07-06,"all_predictors_lagged",0.23250656759637,0.180433434772161,0.1084994699049,0.141978328246198,0.135219027074512,0.0520731328242082,0.00675930117168673,0.644206920204718,0.753541879844574,9.27272727272727,10.1818181818182,1.63636363636364
2022-07-07,"all_predictors_lagged",0.294493456210653,0.255353950474977,0.161114205106732,0.139873675840746,0.132807947869992,0.0391395057356755,0.00706572797075466,0.630043222149607,0.771699177235826,9.36363636363636,10.1818181818182,1.63636363636364
2022-07-08,"all_predictors_lagged",0.100844510746181,0.102979676166898,0.135918713128218,0.138996840668132,0.131061858432819,-0.00213516542071664,0.00793498223531294,0.724325336881567,0.874146672405616,8.72727272727273,10,1.72727272727273
2022-07-09,"all_predictors_lagged",0.258560279244298,0.243227663504365,0.188054625625469,0.138765621332498,0.13165354540942,0.0153326157399329,0.00711207592307806,0.809801069338062,0.90024583461527,8.54545454545454,9.81818181818182,1.72727272727273
2022-07-10,"all_predictors_lagged",0.265641711761221,0.403786608569411,0.119218635465201,0.137696913063959,0.129994180025545,-0.138144896808189,0.00770273303841424,0.788003005062816,0.810212548060902,9.09090909090909,10.2727272727273,1.90909090909091
2022-07-11,"all_predictors_lagged",0.101160766790169,0.0811040248063147,0.1171403939363,0.137014096611542,0.130893021288575,0.0200567419838547,0.00612107532296643,0.66473780311999,0.776400466214029,9.54545454545454,10.5454545454545,2.09090909090909
2022-07-12,"all_predictors_lagged",0.0856559530308163,0.0715354770246128,0.100937606846991,0.139363350336934,0.134866062056123,0.0141204760062035,0.00449728828081136,0.730585878228128,1.02381303357193,9.18181818181818,9,1.54545454545455
2022-07-13,"all_predictors_lagged",0.117784172370949,0.0955042203457787,0.13209111400857,0.140622400921683,0.133956060582432,0.0222799520251705,0.00666634033925125,0.818273024474321,0.97714376273293,8.81818181818182,9.27272727272727,1.90909090909091
2022-07-14,"all_predictors_lagged",0.0991781581542904,0.0884193270772102,0.132759828983583,0.138411428735395,0.131952446984192,0.0107588310770801,0.00645898175120357,0.704980364679427,0.930464647932571,9.90909090909091,10.1818181818182,2.09090909090909
2022-07-15,"all_predictors_lagged",0.111408343495474,0.104240306253034,0.114772442461376,0.138255642998466,0.132393552686974,0.00716803724244074,0.00586209031149192,0.679810454256418,0.838481902933699,9.54545454545454,10.6363636363636,2.09090909090909
2022-07-16,"all_predictors_lagged",0.151707908657291,0.115903508063694,0.35366180692368,0.138583874110708,0.131822318132318,0.0358044005935968,0.00676155597839015,0.699913689659099,0.777937324316905,9.72727272727273,11,2.09090909090909
2022-07-17,"all_predictors_lagged",0.172383685554159,0.152945397930452,0.105302904880192,0.136571539185502,0.130842728465482,0.0194382876237061,0.00572881072002003,0.606889177851633,0.856843442971793,9.90909090909091,10.1818181818182,1.90909090909091
2022-07-18,"all_predictors_lagged",0.361400855840743,0.384828687725182,0.433949417471568,0.13685210717609,0.132074248405183,-0.0234278318844389,0.00477785877090676,0.614240093485903,0.947516452104591,10.3636363636364,10.3636363636364,1.81818181818182
2022-07-19,"all_predictors_lagged",0.265767060688825,0.332950116437115,0.151681989012794,0.137668310831312,0.130178509466919,-0.0671830557482894,0.00748980136439297,0.961861056926755,1.11282943886926,8.90909090909091,10,2.09090909090909
2022-07-20,"all_predictors_lagged",0.251016602328614,0.1630929358493,0.365020969628655,0.137774403840922,0.130890237937046,0.0879236664793139,0.0068841659038765,0.880286324583034,1.3505938892787,9.27272727272727,9.63636363636364,2.09090909090909
2022-07-21,"all_predictors_lagged",0.883001621417386,0.614053267780783,0.561174720859954,0.140358005708738,0.130981890167573,0.268948353636603,0.0093761155411655,0.98148161600426,1.34737307681715,9.45454545454546,9.90909090909091,2.18181818181818
2022-07-22,"all_predictors_lagged",0.163386451076485,0.161648467276764,0.0946241301142929,0.141831240026773,0.131848387198992,0.0017379837997208,0.0099828528277809,1.02352421151836,1.39584204749644,9.27272727272727,9.27272727272727,2.09090909090909
2022-07-23,"all_predictors_lagged",0.110431412095978,0.122203360949181,0.111248575244293,0.142312461124458,0.133531347178921,-0.0117719488532034,0.00878111394553747,1.04181722572726,1.64339419371068,9.09090909090909,8.09090909090909,1.72727272727273
2022-07-24,"all_predictors_lagged",0.124825567574254,0.139569516428789,0.153697158390724,0.143278600598194,0.133636188470503,-0.0147439488545349,0.00964241212769075,1.0362410408197,1.52847417993582,9.45454545454546,9.09090909090909,1.90909090909091
2022-07-25,"all_predictors_lagged",0.479010240386075,0.458015284391413,0.310857436494156,0.145934425916234,0.136378903109626,0.020994955994663,0.00955552280660824,1.09626679775567,1.40832496396656,8.81818181818182,10,2
2022-07-26,"all_predictors_lagged",0.73961552356474,0.609134767431679,0.718881596535022,0.148227264294499,0.13862315979614,0.130480756133061,0.0096041044983586,0.982666073557385,1.5644505909715,9.45454545454546,8.27272727272727,1.63636363636364
2022-07-27,"all_predictors_lagged",0.615570045590683,0.607368183307411,0.186739760718276,0.149024198797295,0.137524936251151,0.00820186228327166,0.0114992625461443,1.12514592207384,1.39891292443333,9.27272727272727,9.18181818181818,2
2022-07-28,"all_predictors_lagged",0.14176440040285,0.153852714313479,0.12406656613194,0.150688673596368,0.14263651028992,-0.0120883139106291,0.00805216330644839,0.733057963230975,1.35803441630646,10.3636363636364,9.18181818181818,1.90909090909091
2022-07-29,"all_predictors_lagged",0.100853537830392,0.178209289663191,0.122798941158419,0.153794149884933,0.144287163542426,-0.0773557518327988,0.00950698634250654,0.938392831669946,1.38516896385296,9.72727272727273,9,1.63636363636364
2022-07-30,"all_predictors_lagged",0.751961659676482,0.522820862092989,0.740988168532872,0.153742668265777,0.146916279094483,0.229140797583493,0.00682638917129438,0.902340496041582,1.66445993112238,9.45454545454546,7.81818181818182,1.72727272727273
2022-07-31,"all_predictors_lagged",0.22344086826778,0.181691865422978,0.183229205518958,0.154905496522435,0.147117654667391,0.0417490028448025,0.00778784185504392,0.81734172975758,1.40512542337969,9.72727272727273,8.90909090909091,2
2022-08-01,"all_predictors_lagged",0.429120490605059,0.172402491387702,0.149775009212622,0.158886167856937,0.15000330810695,0.256717999217357,0.00888285974998717,0.901291060506237,1.33256213546578,9.54545454545454,9.72727272727273,2
2022-08-02,"all_predictors_lagged",0.178829734840839,0.166188539266804,0.159992922995627,0.159731305599727,0.150381527903879,0.0126411955740355,0.0093497776958484,0.808416324766341,1.5326289675067,9.72727272727273,9.45454545454546,2.09090909090909
2022-08-03,"all_predictors_lagged",0.192831644961995,0.207839404464537,0.133226641339523,0.15663704897136,0.150304634795036,-0.015007759502542,0.0063324141763242,1.15850634476892,1.49614634779656,9.36363636363636,10.1818181818182,2.09090909090909
2022-08-04,"all_predictors_lagged",0.232629025567662,0.220521703353655,0.179985798039371,0.15682380681712,0.151948159099127,0.0121073222140066,0.00487564771799305,1.00045209644115,1.26835415985089,9.09090909090909,9.72727272727273,2
2022-08-05,"all_predictors_lagged",0.157316906931732,0.144603780939942,0.145189876806962,0.156441037816022,0.144270357888267,0.0127131259917907,0.0121706799277547,1.07435248257122,1.1970626468951,9.54545454545454,10.2727272727273,2
2022-08-06,"all_predictors_lagged",0.405377607864806,0.481205658287703,0.119835782594663,0.15123067550504,0.140266559798974,-0.0758280504228967,0.0109641157060654,0.953889140785697,1.05283507139412,9.54545454545454,10.6363636363636,1.90909090909091
2022-08-07,"all_predictors_lagged",0.193916613470588,0.190537017966968,0.175919987585939,0.152466995701618,0.143673290723926,0.00337959550362061,0.00879370497769172,0.982456079576703,1.0287221299801,9.27272727272727,11.1818181818182,2
2022-08-08,"all_predictors_lagged",0.166925968722513,0.18328660586393,0.132262852716641,0.149968195055636,0.14052980701125,-0.016360637141416,0.00943838804438598,1.01981513516003,0.88518046813319,8.90909090909091,11.9090909090909,2.45454545454545
2022-08-09,"all_predictors_lagged",0.103163909122177,0.123402372734549,0.117952574990139,0.143714186822014,0.136792304580991,-0.0202384636123721,0.00692188224102276,0.829383592687898,1.18945155251229,9.09090909090909,9.81818181818182,2.09090909090909
2022-08-10,"all_predictors_lagged",0.1640460822535,0.23190088512237,0.152524249543789,0.14286985304562,0.13600410413281,-0.0678548028688699,0.00686574891281045,0.703957038839618,1.10163841535987,9.54545454545454,9.90909090909091,2
2022-08-11,"all_predictors_lagged",0.135788159235984,0.111370775466978,0.0980191241383477,0.143001809424115,0.133750116204076,0.0244173837690067,0.00925169322003909,0.658823772159079,1.05264746546477,9.90909090909091,10.0909090909091,2.27272727272727
2022-08-12,"all_predictors_lagged",1.21153626348255,1.05097216101153,0.983780844097905,0.144407881986132,0.133462141609192,0.160564102471019,0.0109457403769409,0.623957898357905,0.950689790074561,9.72727272727273,9.90909090909091,1.63636363636364
2022-08-13,"all_predictors_lagged",1.26614051078693,0.483822631402317,0.1135997718506,0.148977083013332,0.141072476730287,0.782317879384613,0.00790460628304463,0.669413824241307,0.992611504124985,9.45454545454546,9.81818181818182,1.72727272727273
2022-08-14,"all_predictors_lagged",0.448826302262323,0.206702622307618,0.255640573304524,0.152623140476513,0.144568303205352,0.242123679954705,0.00805483727116053,0.651002876643832,0.889281132086014,10,10.0909090909091,1.63636363636364
2022-08-15,"all_predictors_lagged",0.315282379315482,0.598822963588516,0.110641768275647,0.157006808800402,0.144997542152261,-0.283540584273033,0.0120092666481412,0.736212963893823,0.698520335488495,9.45454545454546,11,1.90909090909091
2022-08-16,"all_predictors_lagged",0.114836473658336,0.13731795420722,0.116806887534224,0.152611460167404,0.145201609374644,-0.022481480548884,0.00740985079276002,0.679870834049969,1.00605456581826,9,9,1.63636363636364
2022-08-17,"all_predictors_lagged",0.214786344040433,0.103658163942605,0.100719066492035,0.153928579016425,0.144887387799346,0.111128180097827,0.00904119121707899,0.686742425104883,0.718802044581956,9.09090909090909,10.6363636363636,1.81818181818182
2022-08-18,"all_predictors_lagged",0.193540591330724,0.219128553366623,0.233214302456955,0.155743176703656,0.146994004543338,-0.0255879620358987,0.0087491721603178,0.805368642654345,0.959925563645617,8.36363636363636,9.90909090909091,1.63636363636364
2022-08-19,"all_predictors_lagged",0.193521362345408,0.295820687408442,0.332695032096609,0.155985476542572,0.14606053319815,-0.102299325063035,0.00992494334442157,0.587604887820657,0.696572783627154,9.81818181818182,10.4545454545455,1.81818181818182
2022-08-20,"all_predictors_lagged",0.0998956372343271,0.149698459057254,0.340184061891565,0.156978212591473,0.149413036305218,-0.0498028218229274,0.00756517628625473,0.77601694939922,0.627149704761266,8.72727272727273,11.2727272727273,1.90909090909091
2022-08-21,"all_predictors_lagged",0.652691301339528,0.139479400235068,0.140874767672432,0.152771217374719,0.146546705959656,0.51321190110446,0.00622451141506283,0.747376643773036,0.956233176082867,9.09090909090909,9.54545454545454,1.54545454545455
2022-08-22,"all_predictors_lagged",0.11464467730702,0.122275251158162,0.153236543222939,0.1497453435262,0.142203892217769,-0.00763057385114301,0.00754145130843107,0.68709693232153,0.923148558044253,9.36363636363636,9.18181818181818,1.63636363636364
2022-08-23,"all_predictors_lagged",0.144238474626848,0.140831608447974,0.12959914945665,0.145773112054312,0.139865033342485,0.00340686617887374,0.00590807871182683,0.642295030586241,0.783457282420295,9.27272727272727,10.3636363636364,1.63636363636364
2022-08-24,"all_predictors_lagged",0.102327576044567,0.110898344173318,0.114147028642334,0.142873264450976,0.138577235963953,-0.00857076812875151,0.0042960284870226,0.667709488699632,0.89861173406737,9.63636363636364,9.27272727272727,1.36363636363636
2022-08-25,"all_predictors_lagged",0.220327476876965,0.224236767642148,0.115342313766609,0.143575237292677,0.138225317291693,-0.00390929076518294,0.00534992000098431,0.870424828961413,1.00337757866238,7.81818181818182,8.18181818181818,1.18181818181818
2022-08-26,"all_predictors_lagged",0.124417101599607,0.112510678243165,0.113403602649768,0.144569641149471,0.140473547561491,0.0119064233564424,0.00409609358798068,0.618321855317406,0.885963271457699,9.45454545454546,8.81818181818182,1.27272727272727
2022-08-27,"all_predictors_lagged",0.283721350924722,0.160992245009097,0.211309812833368,0.147920140893507,0.14274276984825,0.122729105915625,0.00517737104525761,0.68226122816988,0.853919340812173,9.36363636363636,9.36363636363636,1.18181818181818
2022-08-28,"all_predictors_lagged",0.151675836188352,0.153875960880501,0.126111055522418,0.147728170768873,0.143134514419443,-0.00220012469214851,0.00459365634942994,0.672472022663865,0.812287714970819,9.36363636363636,9,1.27272727272727
2022-08-29,"all_predictors_lagged",0.171257295005405,0.282773948850515,0.21265662429662,0.146625488151339,0.142724704298456,-0.11151665384511,0.00390078385288284,0.620180045024808,0.83163886038215,9.27272727272727,9.72727272727273,1.54545454545455
2022-08-30,"all_predictors_lagged",0.108548423268132,0.104379723036,0.125842225322825,0.144270814080498,0.140484809833172,0.00416870023213207,0.00378600424732593,0.610490955930748,0.818383022542951,8.90909090909091,9.63636363636364,1.54545454545455
2022-08-31,"all_predictors_lagged",0.360138999389393,0.567695415782161,0.302839798784791,0.143707372287146,0.140158179269316,-0.207556416392769,0.00354919301783033,0.705761460258419,0.711169788649867,8.81818181818182,9.72727272727273,1.63636363636364
2022-09-01,"all_predictors_lagged",0.273319459333069,0.199114074193938,0.0931284863115429,0.145592289141385,0.141595765440266,0.0742053851391308,0.00399652370111865,0.655537829622121,0.794535151710392,9,9.45454545454546,1.54545454545455
2022-09-02,"all_predictors_lagged",0.0947880340392669,0.215231572277025,0.10405120702216,0.146457260836665,0.140441566886883,-0.120443538237759,0.00601569394978215,0.700889591720778,0.74490411213277,9.63636363636364,10.3636363636364,1.72727272727273
2022-09-03,"all_predictors_lagged",0.0779871732791449,0.0822637109481057,0.075523631060341,0.14517944314295,0.140493713096286,-0.00427653766896082,0.00468573004666386,0.821748400016584,0.743818400378441,8.81818181818182,11,1.90909090909091
2022-09-04,"all_predictors_lagged",0.0857212297921214,0.0773248810011686,0.102490902187285,0.145908186799235,0.140593627274737,0.00839634879095282,0.00531455952449769,1.04099453558664,0.77169363912778,8.27272727272727,10.4545454545455,1.63636363636364
2022-09-05,"all_predictors_lagged",0.0879721936961777,0.0868248595370958,0.115496085000691,0.143071062395257,0.138308987778742,0.0011473341590819,0.00476207461651542,1.19549595847248,1.0179534456943,7.81818181818182,9.54545454545454,1.27272727272727
2022-09-06,"all_predictors_lagged",0.276275075733395,0.274717895317709,0.335154511141973,0.140745897546864,0.136542048123394,0.00155718041568578,0.00420384942346982,1.27622635741261,0.846413774527096,8.45454545454546,10.3636363636364,1.36363636363636
2022-09-07,"all_predictors_lagged",0.534161683422586,0.454133822601547,0.115910103828307,0.139360608328481,0.136466383419175,0.0800278608210386,0.00289422490930612,1.28797529114972,1.28225655887828,7.90909090909091,8.63636363636364,1.18181818181818
2022-09-08,"all_predictors_lagged",0.162790512139544,0.222698524655153,0.0956649147408236,0.140088018144631,0.13587450171985,-0.0599080125156086,0.00421351642478123,1.0626005598584,1.12518053706391,7.81818181818182,9.09090909090909,1.18181818181818
2022-09-09,"all_predictors_lagged",0.307442035687929,0.320062409916486,0.200226922439445,0.138692508407165,0.134620935063202,-0.0126203742285568,0.00407157334396373,1.09868924915199,1.11240541656661,8.18181818181818,8.81818181818182,1.18181818181818
2022-09-10,"all_predictors_lagged",0.0762837471476434,0.0598210637910676,0.0869823611323696,0.138619166148888,0.134302680214374,0.0164626833565758,0.00431648593451373,1.29906497985136,0.994790887192223,7.81818181818182,9.63636363636364,1.18181818181818
2022-09-11,"all_predictors_lagged",0.0997618882610845,0.109142245881654,0.106858457572598,0.13809418396212,0.134024349694264,-0.00938035762056898,0.00406983426785595,1.18094645232,1.29277955681821,8.63636363636364,8.72727272727273,1
2022-09-12,"all_predictors_lagged",0.407110250491182,0.385713525293466,0.277380658374852,0.135841714893226,0.130825129184032,0.0213967251977164,0.00501658570919353,0.993445682971496,1.07127040994196,8.72727272727273,9.09090909090909,1.09090909090909
2022-09-13,"all_predictors_lagged",0.367749581123805,0.241840325658032,0.14014814737824,0.136930951015618,0.131561661044593,0.125909255465773,0.0053692899710248,1.03020710969958,1.01180633204947,9,9.63636363636364,1.63636363636364
2022-09-14,"all_predictors_lagged",0.448234174812546,0.333695514952778,0.067305793575459,0.135538997398619,0.132561439228298,0.114538659859769,0.00297755817032069,0.748102542491107,1.01201105962077,9.27272727272727,9.09090909090909,1.45454545454545
2022-09-15,"all_predictors_lagged",0.0940042109532459,0.103955397337651,0.0994042274296339,0.135181348919713,0.130469295241094,-0.00995118638440479,0.00471205367861945,1.12315445873633,1.13753903165218,8.63636363636364,9.27272727272727,1.45454545454545
2022-09-16,"all_predictors_lagged",0.158619261427242,0.273493840426722,0.0730004538759816,0.138905695868637,0.133100133348309,-0.114874578999481,0.0058055625203277,0.570290645017559,0.853264155044157,10.4545454545455,10.2727272727273,1.45454545454545
2022-09-17,"all_predictors_lagged",0.157042665143091,0.144273792096575,0.108144285609005,0.13739394207361,0.132630272212438,0.0127688730465159,0.0047636698611728,0.89601929004164,0.976260431786652,9.36363636363636,10,1.90909090909091
2022-09-18,"all_predictors_lagged",0.0909266939879419,0.0813030847919879,0.090759048296104,0.134684699277711,0.127774023194584,0.009623609195954,0.00691067608312789,0.915462326691501,0.953244670743661,8.90909090909091,9.54545454545454,2.09090909090909
2022-09-19,"all_predictors_lagged",0.121641498072273,0.107715749616497,0.110258857018796,0.134891050556147,0.128294297448097,0.0139257484557756,0.00659675310804922,0.784115795047863,0.740246456089342,9,10.2727272727273,1.90909090909091
2022-09-20,"all_predictors_lagged",0.0886128321053613,0.0403975404736927,0.0721032743088245,0.137288214755743,0.129565068595794,0.0482152916316687,0.00772314615994948,0.657634058035207,0.76537755082813,9.45454545454546,10.3636363636364,1.90909090909091
2022-09-21,"all_predictors_lagged",0.0937127270973318,0.0876045851634375,0.0879898044830907,0.136595349017607,0.129922538474512,0.00610814193389435,0.00667281054309562,0.751524421715964,0.945021382834227,9.90909090909091,10,1.90909090909091
2022-09-22,"all_predictors_lagged",0.148577650189556,0.0967939963426567,0.0795015732421764,0.136432560228473,0.12837150135997,0.0517836538468997,0.00806105886850355,0.857645758226253,0.852574708160587,9.36363636363636,10.1818181818182,2
2022-09-23,"all_predictors_lagged",0.0842878390453393,0.109594612386393,0.123171963692986,0.137153185383304,0.127245936773885,-0.0253067733410537,0.00990724860941916,0.830866520241019,0.829126588454833,9.27272727272727,10.1818181818182,2
2022-09-24,"all_predictors_lagged",0.948090681438892,0.6679056448896,0.13544420626951,0.13567944968025,0.127892278753122,0.280185036549291,0.00778717092712839,0.687438211970715,0.93478761033832,10.1818181818182,10.4545454545455,1.90909090909091
2022-09-25,"all_predictors_lagged",0.118586734357712,0.120989150883227,0.115428977317323,0.135591524817432,0.126730628755698,-0.00240241652551456,0.00886089606173347,0.7086416657463,0.910614700812498,9.54545454545454,10.0909090909091,1.72727272727273
2022-09-26,"all_predictors_lagged",0.106103711249235,0.0928724255078462,0.117832449308696,0.135566959143486,0.126666213594774,0.013231285741389,0.00890074554871191,0.548054373928465,0.773935179880154,10.1818181818182,10,1.54545454545455
2022-09-27,"all_predictors_lagged",0.146668308446811,0.179055036943849,0.0803668626473423,0.136224797830918,0.126914517903312,-0.0323867284970375,0.00931027992760613,0.567065436736063,0.728531668575056,10.1818181818182,10.3636363636364,1.63636363636364
2022-09-28,"all_predictors_lagged",0.118872231008469,0.121386775142282,0.144408679408807,0.136819158124122,0.126036944056644,-0.00251454413381298,0.0107822140674776,0.49448648775905,0.683204295573651,10.8181818181818,10.3636363636364,1.63636363636364
2022-09-29,"all_predictors_lagged",0.218644469256019,0.159628313267619,0.137596624396682,0.136592231680172,0.127237082898556,0.0590161559884,0.00935514878161662,0.547806581581115,0.810389926361022,10.3636363636364,10.8181818181818,2
2022-09-30,"all_predictors_lagged",0.311284534980445,0.0952725401579323,0.0668050941661912,0.110688119905663,0.10528323941526,0.216011994822513,0.00540488049040288,0.52369384873252,0.887678646612833,10.2727272727273,10.1818181818182,1.81818181818182
2022-10-01,"all_predictors_lagged",0.114765129772751,0.115699303714998,0.120274307060022,0.110120102176002,0.103191099148657,-0.00093417394224722,0.00692900302734452,0.487251778562395,0.76100521556749,10.6363636363636,11,1.90909090909091
2022-10-02,"all_predictors_lagged",0.0704278630888386,0.0772024862834438,0.0816036071307941,0.11231624277503,0.105212443994053,-0.00677462319460521,0.00710379878097712,0.61498076748209,0.907370746905471,10.2727272727273,10.6363636363636,1.81818181818182
2022-10-03,"all_predictors_lagged",0.100654206339945,0.118700012205623,0.127321714353197,0.111270623147699,0.104173387586993,-0.0180458058656787,0.0070972355607056,0.461211157800235,0.839989043770437,10.7272727272727,10.7272727272727,1.90909090909091
2022-10-04,"all_predictors_lagged",0.369315056170896,0.311531251743609,0.203394604532914,0.11115814328706,0.104468178959427,0.0577838044272867,0.00668996432763216,0.552791414061431,0.920767516405933,10.0909090909091,9.90909090909091,1.81818181818182
2022-10-05,"all_predictors_lagged",0.352491276038348,0.288029216337516,0.0979248897522787,0.112293821407517,0.105817626188308,0.064462059700832,0.00647619521920882,0.608837764550492,0.84432109474086,9.72727272727273,10.3636363636364,1.63636363636364
2022-10-06,"all_predictors_lagged",0.151772228658943,0.138481482302015,0.0875459126803966,0.112799073678144,0.107871810744554,0.0132907463569281,0.00492726293359068,0.534336063659906,0.82693847918624,10.7272727272727,10.5454545454545,2.09090909090909
2022-10-07,"all_predictors_lagged",0.108096949977496,0.0988993504955827,0.104869209365148,0.112039502760565,0.108170753102913,0.00919759948191302,0.00386874965765192,0.496137162545074,0.801201975606544,10.4545454545455,10.8181818181818,2.09090909090909
2022-10-08,"all_predictors_lagged",0.14895881797326,0.127497926514236,0.141104651903336,0.111170551904985,0.10585206002112,0.0214608914590235,0.00531849188386528,0.645201964289483,0.797586208707296,10,10.3636363636364,2.09090909090909
2022-10-09,"all_predictors_lagged",0.0912601980229121,0.135291668852783,0.0929440051018427,0.10962287258126,0.105109796670096,-0.0440314708298711,0.0045130759111643,0.551658275932025,0.727425831782105,10.6363636363636,11.0909090909091,2.09090909090909
2022-10-10,"all_predictors_lagged",0.0833500118175927,0.0923253927257413,0.100561153378582,0.108542859266467,0.103838511193658,-0.00897538090814856,0.00470434807280854,0.554385036867503,0.791458557078048,10.4545454545455,10.5454545454545,1.90909090909091
2022-10-11,"all_predictors_lagged",0.15044568442983,0.181336306793074,0.112123618193408,0.109901191847982,0.103756016237498,-0.0308906223632441,0.00614517561048391,0.636914175703995,0.864876937296851,9.72727272727273,10.6363636363636,1.90909090909091
2022-10-12,"all_predictors_lagged",0.126821997774847,0.099513137550981,0.108095757666447,0.108672054172735,0.104641094266327,0.0273088602238656,0.00403095990640839,0.591409149574269,0.730752044928495,10.5454545454545,11.1818181818182,2.18181818181818
2022-10-13,"all_predictors_lagged",0.083406028107326,0.0684634469005763,0.104722476706874,0.109466570172373,0.105638569307291,0.0149425812067497,0.00382800086508238,0.630617244975202,0.786334033122786,10,11.2727272727273,2.09090909090909
2022-10-14,"all_predictors_lagged",0.276151014701132,0.250181406678902,0.149650683183906,0.108750615894394,0.106247296303184,0.0259696080222296,0.0025033195912095,0.711426724530214,0.787468902818747,9.36363636363636,10.5454545454545,2.09090909090909
2022-10-15,"all_predictors_lagged",0.147165152377791,0.110298132285022,0.089703520706804,0.110654787549132,0.104796233376789,0.0368670200927684,0.00585855417234299,0.771078682637228,0.696882486324263,9.63636363636364,10.8181818181818,2
2022-10-16,"all_predictors_lagged",0.0566457355209007,0.0941325188483761,0.0740222806528633,0.108321305761564,0.104720459591787,-0.0374867833274754,0.00360084616977749,0.541268709478543,0.709669229537936,10.4545454545455,11.2727272727273,2.09090909090909
2022-10-17,"all_predictors_lagged",0.11164836444703,0.0715671932865729,0.141793272533408,0.109964268182854,0.105110881230726,0.0400811711604576,0.00485338695212752,0.50148405704834,0.742018127681453,10.5454545454545,11.6363636363636,2.27272727272727
2022-10-18,"all_predictors_lagged",0.296484235611042,0.0915681611443622,0.0943887192416299,0.108892368711571,0.102113178239409,0.20491607446668,0.00677919047216213,0.578660902168554,0.821726313133946,10.1818181818182,11.2727272727273,2.27272727272727
2022-10-19,"all_predictors_lagged",0.116599628413983,0.0855211943650264,0.0798991941689666,0.109826029689161,0.103759962564656,0.0310784340489567,0.00606606712450425,0.619127081638494,0.855043759045698,10.1818181818182,11.1818181818182,2.27272727272727
2022-10-20,"all_predictors_lagged",0.224807648204116,0.185823983731668,0.1009233496662,0.107937176389979,0.0998289819230353,0.0389836644724486,0.0081081944669438,0.537987406492037,1.03154403806812,11.0909090909091,10.4545454545455,2.18181818181818
2022-10-21,"all_predictors_lagged",0.32610172230765,0.284785133760585,0.193666782037574,0.108396656084493,0.099880790718738,0.041316588547065,0.00851586536575525,0.576353725128133,1.015668379335,10.4545454545455,10.3636363636364,2.36363636363636
2022-10-22,"all_predictors_lagged",0.105504243790719,0.101554521557446,0.0899976434222176,0.10603607176167,0.0987148449518061,0.00394972223327321,0.00732122680986365,0.599857367214129,0.943680107879164,10,11.0909090909091,2.27272727272727
2022-10-23,"all_predictors_lagged",0.0978970680231922,0.0628569545172113,0.131714343699232,0.106267274979127,0.0990070288475289,0.0350401135059809,0.00726024613159824,0.466308878506985,0.867131306130509,10.2727272727273,11.2727272727273,2.36363636363636
2022-10-24,"all_predictors_lagged",0.209476079258605,0.177091693759331,0.178597527264185,0.103893579487455,0.0946970234019123,0.0323843854992733,0.00919655608554256,0.522008741445666,0.905906165950469,10.3636363636364,10.5454545454545,2.18181818181818
2022-10-25,"all_predictors_lagged",0.164272249778132,0.215854615006174,0.180523305438559,0.103412133479279,0.094538876035239,-0.051582365228042,0.00887325744404033,0.581935941813553,1.01020852335798,9.81818181818182,9.90909090909091,2
2022-10-26,"all_predictors_lagged",0.196899737222355,0.327880246183219,0.136467510823957,0.102279840930631,0.0930210964274397,-0.130980508960865,0.00925874450319171,0.507545529938925,0.908174865228854,10.0909090909091,10.3636363636364,2
2022-10-27,"all_predictors_lagged",0.125450758705045,0.148857613838018,0.119854603044089,0.104312319124513,0.0964070503308502,-0.023406855132973,0.00790526879366308,0.563222026322187,0.803584931571024,10,10.4545454545455,2
2022-10-28,"all_predictors_lagged",0.119070029935784,0.345762632952828,0.0944529975604056,0.104674787220831,0.0965266336356476,-0.226692603017044,0.00814815358518378,0.499633920170458,0.851164684075653,10,10.5454545454545,1.90909090909091
2022-10-29,"all_predictors_lagged",0.134806446889717,0.130298232922297,0.110888690457256,0.103614931870289,0.09553141385165,0.00450821396742014,0.00808351801863946,0.632079907225226,0.771306274362513,9.36363636363636,11,2.18181818181818
2022-10-30,"all_predictors_lagged",0.211307210374932,0.18975147542218,0.0968176940880203,0.103933100469944,0.0956990009355577,0.0215557349527516,0.0082340995343859,0.497482493235224,0.803585635852864,10.3636363636364,10.3636363636364,2.09090909090909
2022-10-31,"all_predictors_lagged",0.140651838407846,0.256874115543236,0.118242667579575,0.103276358550957,0.0953925031323879,-0.11622227713539,0.00788385541856893,0.476220694361403,0.788507498503967,10.5454545454545,10.6363636363636,2.27272727272727
2022-11-01,"all_predictors_lagged",0.110182227304523,0.163637780958451,0.121763367514308,0.104781896857471,0.0964459235454341,-0.0534555536539275,0.00833597331203702,0.65025479954279,0.707249677838999,9.54545454545454,10.8181818181818,2.18181818181818
2022-11-02,"all_predictors_lagged",0.194103977504181,0.331758494549672,0.135029181967391,0.104691962197983,0.0962883296140995,-0.137654517045491,0.00840363258388306,0.553142608644018,0.734977287763075,9.45454545454546,10.9090909090909,2.36363636363636
2022-11-03,"all_predictors_lagged",0.126880683823578,0.175452731685666,0.124961848139961,0.104143369460804,0.0971503644999944,-0.0485720478620887,0.00699300496080981,0.63602008710924,0.766217912489077,10,10.3636363636364,2.36363636363636
2022-11-04,"all_predictors_lagged",0.460555036755064,0.603190870957836,0.214189917182046,0.103864214632858,0.0964262663457197,-0.142635834202772,0.00743794828713853,0.481700025434546,0.693015121518095,10.8181818181818,10.8181818181818,2.36363636363636
2022-11-05,"all_predictors_lagged",0.177525076938312,0.278806138796605,0.141277062214882,0.10589859958878,0.0990792795708842,-0.101281061858293,0.00681932001789546,0.583066798120976,0.698430248420108,10,10.3636363636364,2.18181818181818
2022-11-06,"all_predictors_lagged",0.287439335197735,0.394379587184966,0.101135309230237,0.106127504003712,0.0997352696182306,-0.106940251987231,0.00639223438548126,0.746814189114849,0.798720902171605,8.90909090909091,10.0909090909091,1.90909090909091
2022-11-07,"all_predictors_lagged",0.152417807437992,0.227723089422873,0.0932235678858214,0.106849601952011,0.099684158922643,-0.0753052819848806,0.00716544302936769,0.572384538237763,0.739049341073112,9.72727272727273,10.1818181818182,1.72727272727273
2022-11-08,"all_predictors_lagged",0.192499364585924,0.199341897585211,0.146699540881723,0.107055204734611,0.0996598372694997,-0.00684253299928734,0.00739536746511141,0.663774047587452,0.713372825964364,9.36363636363636,10.5454545454545,1.81818181818182
2022-11-09,"all_predictors_lagged",0.845484506241881,0.559574636362406,0.510201396913345,0.107015153557771,0.0992336513541041,0.285909869879475,0.00778150220366723,0.486876173924643,0.660979546489805,10.5454545454545,10.5454545454545,1.90909090909091
2022-11-10,"all_predictors_lagged",3.24454542410986,3.54198954711029,2.76785819568589,0.110270976811621,0.10145317652088,-0.297444123000438,0.0088178002907408,0.658877829980776,0.69298394502435,9.45454545454546,10.8181818181818,2
2022-11-11,"all_predictors_lagged",0.705038608416402,0.240570887064626,0.451459916913966,0.1098080820569,0.0987109569326121,0.464467721351776,0.0110971251242877,0.708756662993698,0.894462353613293,9.27272727272727,10.8181818181818,2.18181818181818
2022-11-12,"all_predictors_lagged",0.406960356750424,0.347796792045719,0.292697311164444,0.112512547292007,0.100358075523281,0.0591635647047059,0.0121544717687261,0.707638780165779,1.04902449721483,9.63636363636364,10.5454545454545,2.09090909090909
2022-11-13,"all_predictors_lagged",0.464557342451354,0.678531621234365,0.325261546210849,0.115747647045088,0.101726236232606,-0.213974278783011,0.0140214108124825,0.734780183875108,0.872504721060231,9.45454545454546,10.5454545454545,2.27272727272727
2022-11-14,"all_predictors_lagged",0.294652844018669,0.170758808212578,0.689861000606556,0.11640103710846,0.104866311635408,0.123894035806091,0.0115347254730523,0.739003463737458,1.01604560221863,9.72727272727273,10.3636363636364,1.81818181818182
2022-11-15,"all_predictors_lagged",0.234645827624995,0.215686530498728,0.232101513760768,0.117532043815662,0.105907330606799,0.0189592971262668,0.011624713208863,0.703929046341226,0.974059380788427,10.2727272727273,9.90909090909091,1.81818181818182
2022-11-16,"all_predictors_lagged",0.212938461720592,0.282392997467031,0.143811309429785,0.119060921827805,0.105966900754706,-0.0694545357464393,0.0130940210730991,0.618627426708895,0.939390378875838,10.7272727272727,10.2727272727273,2.09090909090909
2022-11-17,"all_predictors_lagged",0.390742884887136,0.341612081525198,0.399086472135965,0.118872030457902,0.106238006140948,0.0491308033619381,0.0126340243169539,0.559961748174771,0.968201130740188,10.4545454545455,10,1.81818181818182
2022-11-18,"all_predictors_lagged",0.218327722807405,0.615514885604924,0.184268608227429,0.120621932948152,0.106559746065777,-0.39718716279752,0.0140621868823742,0.57749934202501,1.08974616319212,11.0909090909091,10.3636363636364,1.81818181818182
2022-11-19,"all_predictors_lagged",0.219199384106005,0.215995516317994,0.107857112321601,0.119799301012243,0.105485010125616,0.0032038677880118,0.0143142908866271,0.921866285914421,0.946472263911393,8.81818181818182,11,1.81818181818182
2022-11-20,"all_predictors_lagged",0.443939102285541,0.382987055722787,0.409352954206382,0.121518876053484,0.107051053487777,0.0609520465627543,0.0144678225657067,0.990970201935558,1.06065617347597,9.09090909090909,10.1818181818182,1.90909090909091
2022-11-21,"all_predictors_lagged",0.369204593437969,0.291571784734938,0.461437488188675,0.125848902253693,0.111931524415976,0.0776328087030313,0.0139173778377166,0.770282379197027,1.13365107555221,9.27272727272727,9.54545454545454,1.72727272727273
2022-11-22,"all_predictors_lagged",0.308009922001499,0.177210050594596,0.122749732421836,0.126419816935028,0.1138938136933,0.130799871406903,0.0125260032417278,0.973518289279874,1.14446867526549,8.54545454545454,9.27272727272727,2.09090909090909
2022-11-23,"all_predictors_lagged",0.0985106389194903,0.143482836256275,0.0805128576152769,0.126236094853768,0.112899170034167,-0.044972197336785,0.013336924819601,0.948150401699046,1.12091695330116,8.90909090909091,9.18181818181818,2.09090909090909
2022-11-24,"all_predictors_lagged",0.228500085483855,0.143599931575388,0.1905609623238,0.122393309497252,0.111974938072387,0.0849001539084678,0.0104183714248651,0.851938947268805,1.09998594719553,9.36363636363636,10.0909090909091,2.18181818181818
2022-11-25,"all_predictors_lagged",0.117170610252696,0.114683496310853,0.114199919315476,0.121977555629345,0.111158387308129,0.00248711394184335,0.0108191683212156,0.883509128491224,1.14271779929785,9.18181818181818,9.72727272727273,2
2022-11-26,"all_predictors_lagged",0.194402482446684,0.193894604234057,0.16991422559224,0.119409458919512,0.110265200861633,0.000507878212627637,0.00914425805787928,0.902532969813707,1.07246974517719,9.27272727272727,9.54545454545454,2.09090909090909
2022-11-27,"all_predictors_lagged",0.27061375751992,0.266461780355025,0.142801895362993,0.117322358524543,0.108492940562885,0.00415197716489429,0.00882941796165828,0.712237010541165,1.20315321287089,10.2727272727273,9.72727272727273,2
2022-11-28,"all_predictors_lagged",0.556539259283319,0.302387749519376,0.268789426880633,0.117540334252145,0.108667254246339,0.254151509763943,0.00887308000580562,0.827152926606126,1.08861551819396,9.90909090909091,9.27272727272727,1.72727272727273
2022-11-29,"all_predictors_lagged",0.0960488346477426,0.0765391883617773,0.10285548460845,0.119699408862331,0.110488314229738,0.0195096462859653,0.0092110946325934,0.795797323923677,1.11023571848048,9.54545454545454,9.45454545454546,1.81818181818182
2022-11-30,"all_predictors_lagged",0.145482254924621,0.126562502134076,0.0925893539985165,0.117101082100881,0.108424426569101,0.0189197527905449,0.00867665553178001,0.670741604348458,1.03193245059631,10.1818181818182,9.72727272727273,1.81818181818182
2022-12-01,"all_predictors_lagged",0.227430568933535,0.548661127136738,0.483588518290161,0.118488624411019,0.113136975859757,-0.321230558203202,0.00535164855126157,0.675241783299691,1.11066731600905,10.1818181818182,9.18181818181818,1.54545454545455
2022-12-02,"all_predictors_lagged",0.652327518087852,0.399368789951412,0.24594464182831,0.118570002472865,0.110938521815574,0.252958728136441,0.0076314806572905,0.61662547193898,1.27191300681959,10.5454545454545,9.36363636363636,1.72727272727273
2022-12-03,"all_predictors_lagged",0.167389874108532,0.153094364531533,0.120386842042813,0.118491850186639,0.113199448150272,0.0142955095769999,0.00529240203636673,0.699755132130666,1.33747520547648,10.1818181818182,9.63636363636364,1.90909090909091
2022-12-04,"all_predictors_lagged",0.0814869293991394,0.099217071763341,0.134325221748082,0.120386557152938,0.114405142237748,-0.0177301423642017,0.00598141491518939,0.692332211278479,1.22362138931058,10.0909090909091,9.27272727272727,1.72727272727273
2022-12-05,"all_predictors_lagged",0.126561606340206,0.0894233033428517,0.113527836190284,0.116410007622178,0.111222193258346,0.0371383029973543,0.00518781436383195,0.756068101395348,1.1752332241506,9.90909090909091,9.18181818181818,1.81818181818182
2022-12-06,"all_predictors_lagged",0.424673215383882,0.20995197678601,0.0975087779922449,0.114212776679652,0.107788155770839,0.214721238597872,0.00642462090881351,0.754465794272627,1.33162115277956,9.90909090909091,8.81818181818182,1.45454545454545
2022-12-07,"all_predictors_lagged",0.614944023962503,0.361995430062102,0.0884058767752728,0.113892059040803,0.108362439196113,0.252948593900401,0.00552961984469043,0.793323095661192,1.24113815145879,10.0909090909091,9.45454545454546,1.36363636363636
2022-12-08,"all_predictors_lagged",0.11179571561516,0.0891071030921242,0.106572213041702,0.110607841618232,0.105361375883562,0.0226886125230359,0.00524646573466964,0.996433581695354,1.27321529557853,9,10,1.54545454545455
2022-12-09,"all_predictors_lagged",0.05613918743912,0.0590424718272372,0.0826257449805465,0.111217939961053,0.106682805132085,-0.00290328438811713,0.00453513482896829,0.799516041564804,1.30785404517738,9.90909090909091,9.72727272727273,1.54545454545455
2022-12-10,"all_predictors_lagged",0.199158439384446,0.085328777525837,0.15161878161321,0.111196399110607,0.104729038880047,0.113829661858609,0.00646736023055965,0.898863582609178,1.26130390189117,10,10.1818181818182,1.72727272727273
2022-12-11,"all_predictors_lagged",0.0672078185941101,0.194526329002761,0.100878170858752,0.111470163692797,0.105041533168862,-0.127318510408651,0.00642863052393536,0.832032926564555,1.23052211835344,10,9.72727272727273,1.54545454545455
2022-12-12,"all_predictors_lagged",0.106271394633226,0.0777111817631039,0.104326381433908,0.111399141252605,0.104613252331495,0.0285602128701226,0.00678588892110915,0.968208419152958,1.31983014533301,9.54545454545454,10.1818181818182,1.81818181818182
2022-12-13,"all_predictors_lagged",0.273974562136147,0.156877381227832,0.191951710455492,0.108088349865107,0.103021464502575,0.117097180908315,0.00506688536253202,0.869170092855903,1.28191894243496,10.6363636363636,11,1.90909090909091
2022-12-14,"all_predictors_lagged",0.126548780994323,0.106155855629086,0.0948832270123486,0.108973500756016,0.101847212001679,0.0203929253652375,0.0071262887543374,0.819216011409525,1.37763490794976,10.0909090909091,9.81818181818182,1.63636363636364
2022-12-15,"all_predictors_lagged",0.0931011473207797,0.103079618495819,0.101196018734544,0.107471721311789,0.101527136925939,-0.00997847117503914,0.0059445843858506,0.81415033759165,1.30169347228192,10.3636363636364,9.81818181818182,1.45454545454545
2022-12-16,"all_predictors_lagged",0.0801354787149316,0.0552613519632604,0.222244560896322,0.106798737106523,0.101107988362652,0.0248741267516711,0.00569074874387134,0.847702352940737,1.1570419618725,10,10.6363636363636,1.63636363636364
2022-12-17,"all_predictors_lagged",0.131281172174214,0.148787669710582,0.204294444045187,0.103560461101292,0.0992798664290115,-0.0175064975363671,0.00428059467228,0.93125059026432,1.22941361347703,9.90909090909091,9.81818181818182,1.63636363636364
2022-12-18,"all_predictors_lagged",0.114694548585874,0.0996137394035779,0.106873713508375,0.103499738399044,0.0967624019863595,0.015080809182296,0.00673733641268427,1.02667596469292,1.16973304149231,9.45454545454546,9.90909090909091,1.81818181818182
2022-12-19,"all_predictors_lagged",0.193232490798271,0.136986681953059,0.126020097746538,0.10092726782616,0.0943518042012662,0.0562458088452124,0.00657546362489376,0.971643262587982,1.27045668338349,8.90909090909091,9.27272727272727,1.63636363636364
2022-12-20,"all_predictors_lagged",0.193120554735815,0.100931072290901,0.0605609082346222,0.0981191535359976,0.0931200348479073,0.0921894824449147,0.00499911868809035,0.795087569731945,1.2781955682117,9.72727272727273,9.54545454545454,1.72727272727273
2022-12-21,"all_predictors_lagged",0.196310818047125,0.20008458339482,0.106857525703219,0.0983089197873815,0.0933255804239007,-0.00377376534769473,0.0049833393634808,0.734141735208039,1.38966460570165,9.63636363636364,9.72727272727273,1.72727272727273
2022-12-22,"all_predictors_lagged",0.226735006198848,0.213747603736311,0.143701472696644,0.0989357693379622,0.0947976105940562,0.0129874024625368,0.00413815874390598,0.69749163876679,1.17270857539476,10.3636363636364,9.72727272727273,1.45454545454545
2022-12-23,"all_predictors_lagged",0.267810807204795,0.165154682289794,0.109192631642077,0.0986580234686787,0.0926612385944246,0.102656124915001,0.00599678487425413,0.698379479246989,1.19505239719639,9.90909090909091,10.0909090909091,1.54545454545455
2022-12-24,"all_predictors_lagged",0.139678969733405,0.143801212592083,0.0982753204703339,0.0990861650855049,0.0932942473244911,-0.00412224285867814,0.00579191776101387,0.735073680954068,1.26824275270982,9.72727272727273,10.0909090909091,1.72727272727273
2022-12-25,"all_predictors_lagged",0.320093346737368,0.351844350288404,0.293612071103421,0.098860257346867,0.0932090914467981,-0.0317510035510351,0.00565116590006889,0.811806930831415,1.30114142284897,9.72727272727273,9.45454545454546,1.45454545454545
2022-12-26,"all_predictors_lagged",0.133757522962192,0.124028240563042,0.120993318886094,0.102694857843761,0.095508907683727,0.00972928239915074,0.0071859501600341,0.852630872787499,1.12054114377858,9.72727272727273,10.0909090909091,1.63636363636364
2022-12-27,"all_predictors_lagged",0.0980447814438506,0.0924641558072895,0.114399628932576,0.102219692196451,0.0946329287102509,0.0055806256365611,0.00758676348619992,0.831031547878473,0.950935282230278,10.3636363636364,11.0909090909091,1.81818181818182
2022-12-28,"all_predictors_lagged",0.191760535699108,0.271502281494416,0.128405982798131,0.102720458935803,0.0962279608762894,-0.0797417457953078,0.00649249805951337,0.741892641092631,1.21601861568575,10.7272727272727,10.2727272727273,1.63636363636364
2022-12-29,"all_predictors_lagged",0.111386220478444,0.138673993928861,0.0927272946478878,0.102229062844824,0.0969518564531621,-0.0272877734504177,0.00527720639166151,0.858921350679234,1.06503451143457,9.18181818181818,11.1818181818182,1.63636363636364
2022-12-30,"all_predictors_lagged",0.0739147839723652,0.0929336100954332,0.103317962142371,0.104115021003384,0.0997577186306033,-0.0190188261230679,0.00435730237278076,0.899422536082454,1.19534645361478,9.90909090909091,10.8181818181818,1.45454545454545
2022-12-31,"all_predictors_lagged",0.134881224738986,0.149778223979897,0.164747073794065,0.104434564173476,0.0984362139258472,-0.0148969992409104,0.00599835024762873,0.646206491332407,1.11713215107153,10.8181818181818,10.4545454545455,1.45454545454545
2023-01-01,"all_predictors_lagged",0.16169608764482,0.295431354068293,0.196243653522855,0.104303697415509,0.102035542086428,-0.133735266423473,0.00226815532908082,0.806950788848224,1.19505851467423,10.0909090909091,10.3636363636364,1.45454545454545
2023-01-02,"all_predictors_lagged",0.20240425915823,0.287923764373597,0.227574919962703,0.103444747051861,0.10183716565897,-0.0855195052153672,0.0016075813928912,0.835766164320468,1.14649467082603,10.1818181818182,10.7272727272727,1.45454545454545
2023-01-03,"all_predictors_lagged",0.121456955892729,0.136627335075316,0.0848984497615152,0.104034753868518,0.101636940899288,-0.0151703791825871,0.00239781296923047,0.862002916373086,1.14616201371027,10.0909090909091,10.3636363636364,1.36363636363636
2023-01-04,"all_predictors_lagged",0.157979301074473,0.146931373967689,0.0960062479647718,0.103956553511315,0.101942576324729,0.011047927106784,0.00201397718658666,1.03121476401158,1.23435401761011,10,10.3636363636364,1.36363636363636
2023-01-05,"all_predictors_lagged",0.0886204272200175,0.0976380734803973,0.115164337773171,0.105107915844069,0.102423590848401,-0.0090176462603798,0.00268432499566712,1.0739128128848,1.14664990595991,9.63636363636364,10.7272727272727,1.27272727272727
2023-01-06,"all_predictors_lagged",0.076729465273046,0.0561933579843098,0.103887304702599,0.103442966808422,0.10204172952629,0.0205361072887362,0.00140123728213194,1.05069327996559,1.1827858219267,9.45454545454546,10.5454545454545,1.36363636363636
2023-01-07,"all_predictors_lagged",0.0835510472059365,0.0816483894925683,0.117585936777989,0.103804065215578,0.10164661030021,0.00190265771336814,0.00215745491536848,1.1269119378704,1.16806912355228,9.54545454545454,10.4545454545455,1.45454545454545
2023-01-08,"all_predictors_lagged",0.0972525080479222,0.0965430452165787,0.124739517284313,0.103624134131732,0.10042753977838,0.000709462831343552,0.00319659435335115,1.0214975113614,1.11456037829107,9.90909090909091,10.8181818181818,1.36363636363636
2023-01-09,"all_predictors_lagged",0.0649460676600505,0.0698227145056171,0.0947513904012967,0.102992576697757,0.101387743770617,-0.0048766468455666,0.00160483292713946,0.965866477483952,1.09883499888808,9.81818181818182,10.5454545454545,1.36363636363636
2023-01-10,"all_predictors_lagged",0.157569457676584,0.153150370775417,0.121780875798277,0.103788958893564,0.101703459787731,0.00441908690116717,0.00208549910583271,1.06715228008671,1.09968101855189,9.36363636363636,11,1.54545454545455
2023-01-11,"all_predictors_lagged",0.247838779956058,0.151426429643616,0.0772601064179784,0.103294197324771,0.101415160230517,0.0964123503124423,0.00187903709425366,1.02934192497198,1.04895469219676,9.45454545454546,10.8181818181818,1.63636363636364
2023-01-12,"all_predictors_lagged",0.152167298665907,0.154676887200932,0.154353137525656,0.104211434770709,0.10140768047772,-0.0025095885350252,0.00280375429298886,0.91046305359045,0.968392588764412,10,10.9090909090909,1.54545454545455
2023-01-13,"all_predictors_lagged",0.467240850766212,0.375619937890492,0.25993375583021,0.103448898408802,0.101041209014556,0.0916209128757196,0.00240768939424513,0.979057100921879,1.05189902473646,10.0909090909091,10.8181818181818,1.54545454545455
2023-01-14,"all_predictors_lagged",0.102539627017954,0.108051054275163,0.0926585075862689,0.103204237317211,0.101788749583351,-0.00551142725720864,0.0014154877338599,0.900740604200322,1.11933653790855,10.1818181818182,10.7272727272727,1.63636363636364
2023-01-15,"all_predictors_lagged",0.11215819678803,0.599196309867872,0.10654812485544,0.103317185084388,0.100200105050897,-0.487038113079842,0.0031170800334905,1.10797043192773,1.03824416230043,9.63636363636364,11.1818181818182,1.90909090909091
2023-01-16,"all_predictors_lagged",0.103436530279137,0.248798692141415,0.0868672023559757,0.104294866691579,0.102675957507848,-0.145362161862278,0.00161890918373054,1.12546616738162,1.10087418759095,9.72727272727273,11,2
2023-01-17,"all_predictors_lagged",0.254794495389017,0.243157619317435,0.100651560379593,0.102251572824871,0.100005116720748,0.0116368760715818,0.00224645610412272,0.949141354404593,1.23572611645231,9.63636363636364,10,1.54545454545455
2023-01-18,"all_predictors_lagged",0.309247800376264,0.413280720128039,0.280104355722346,0.103371718340328,0.100495230197519,-0.104032919751775,0.0028764881428081,0.986518839536363,1.12150295420567,9.81818181818182,10.6363636363636,2.09090909090909
2023-01-19,"all_predictors_lagged",0.125888455316012,0.109014307952065,0.102818530301119,0.106834268603467,0.102106737667202,0.0168741473639471,0.00472753093626451,1.00567958403164,1.20761890933359,9.45454545454546,10.4545454545455,1.63636363636364
2023-01-20,"all_predictors_lagged",0.0784255470954903,0.0757705798847557,0.106290449054362,0.105405645846963,0.102199412312387,0.00265496721073466,0.00320623353457621,0.880430018621715,1.3181153766019,9.90909090909091,9.90909090909091,1.45454545454545
2023-01-21,"all_predictors_lagged",0.0747897369241576,0.0628089070640268,0.129026393489228,0.105469719753012,0.102465948144355,0.0119808298601308,0.00300377160865627,0.783830965464525,1.14391971759916,10.1818181818182,10.8181818181818,1.90909090909091
2023-01-22,"all_predictors_lagged",1.03126371933351,1.19941582671986,0.0736659285513769,0.105181349357168,0.102014911434601,-0.168152107386354,0.00316643792256693,0.871845562947504,1.17597774125462,9.45454545454546,10.0909090909091,1.63636363636364
2023-01-23,"all_predictors_lagged",0.10551684345485,0.130199382249099,0.122857380663969,0.114550394406252,0.109601157325151,-0.0246825387942482,0.00494923708110076,0.98372736008956,1.11817492539412,9.54545454545454,10.3636363636364,1.81818181818182
2023-01-24,"all_predictors_lagged",0.17757849994528,0.118404868550483,0.1304312028578,0.112447734239082,0.108837395837309,0.059173631394797,0.00361033840177282,0.7704903467373,1.59281674092532,9.81818181818182,9.72727272727273,1.72727272727273
2023-01-25,"all_predictors_lagged",0.155121895579141,0.0981040724030464,0.170338066687984,0.110661836710625,0.105242500209699,0.0570178231760947,0.00541933650092627,0.914668372646851,1.35500528020798,9.63636363636364,10.3636363636364,2
2023-01-26,"all_predictors_lagged",0.144623432606671,0.121554614032189,0.131344183817403,0.110942129437784,0.104178605713151,0.0230688185744821,0.006763523724633,1.39436690675272,1.28828055293861,8.36363636363636,10.4545454545455,2.18181818181818
2023-01-27,"all_predictors_lagged",0.0680096474449804,0.0701183313888361,0.0942311991622529,0.109827864981376,0.103738762322556,-0.00210868394385575,0.00608910265881936,1.0175350524041,1.34616089194536,9.36363636363636,10.0909090909091,2
2023-01-28,"all_predictors_lagged",0.0945418936698007,0.0903413827912762,0.114274887747976,0.111413774918114,0.104608044936273,0.00420051087852449,0.00680572998184109,0.905000516538002,1.25566557981111,10,10.5454545454545,2.27272727272727
2023-01-29,"all_predictors_lagged",0.0912332586315493,0.0863019379592384,0.07505356297988,0.112077132636572,0.105432010327904,0.00493132067231089,0.00664512230866822,1.00834343045946,1.17037717911801,9.72727272727273,11,2.09090909090909
2023-01-30,"all_predictors_lagged",0.103978371722044,0.0849566742949715,0.122141916478886,0.112072919070608,0.103518617323606,0.0190216974270727,0.00855430174700165,0.984531888449567,1.07130280307942,9.63636363636364,11.1818181818182,2
2023-01-31,"all_predictors_lagged",0.148855864055388,0.213672388919474,0.14266312585951,0.113438014333734,0.106166471268305,-0.0648165248640856,0.00727154306542907,1.00244040534565,1.32738869978638,9.36363636363636,10.1818181818182,2.27272727272727
2023-02-01,"all_predictors_lagged",0.175418602049463,0.511078763628132,0.082928579229574,0.111976108541984,0.104641976744539,-0.335660161578669,0.00733413179744524,0.990865444638537,1.45001724441355,9.18181818181818,9.72727272727273,2.18181818181818
2023-02-02,"all_predictors_lagged",0.193454494345297,0.153303377361707,0.192557687844827,0.112704651942773,0.105896636216103,0.0401511169835897,0.00680801572666918,1.0093456157545,1.37044552553863,9.54545454545454,10.0909090909091,2.27272727272727
2023-02-03,"all_predictors_lagged",0.170153778592932,0.14677117349179,0.157778103841842,0.113215474057793,0.10632107743074,0.023382605101142,0.00689439662705286,0.909511268244532,1.2508961751862,9.90909090909091,10,2.18181818181818
2023-02-04,"all_predictors_lagged",0.203713527501833,0.284296459283983,0.264567016636713,0.112598642095837,0.105601039632051,-0.0805829317821502,0.00699760246378571,1.0833535597505,1.31423945227478,9.18181818181818,10.3636363636364,2.27272727272727
2023-02-05,"all_predictors_lagged",0.666481532060933,0.586359603200462,0.380287515571248,0.113047632260891,0.106168923284447,0.0801219288604708,0.00687870897644343,1.05000789040849,1.07946380697397,9.81818181818182,11,2.18181818181818
2023-02-06,"all_predictors_lagged",0.157405174069703,0.181872151874245,0.0856096329203775,0.114863628938641,0.107495961621452,-0.0244669778045418,0.00736766731718914,0.83008985414417,1.33750331107207,10.0909090909091,10.2727272727273,1.90909090909091
2023-02-07,"all_predictors_lagged",0.0990357064387408,0.0825247734497569,0.0999207533563855,0.114385476132645,0.106130794818262,0.0165109329889839,0.00825468131438315,0.835323811961771,1.34391325652048,10.4545454545455,10.1818181818182,1.81818181818182
2023-02-08,"all_predictors_lagged",0.417504288411936,0.389464095736479,0.0879076985665112,0.116194610807588,0.108671117773541,0.0280401926754568,0.007523493034047,0.87426201116073,1.57705205006523,10,9.27272727272727,1.81818181818182
2023-02-09,"all_predictors_lagged",0.208810836558345,0.150376246074599,0.123641537923777,0.104190094419465,0.10135753235419,0.0584345904837467,0.00283256206527558,0.903023862078038,0.951460674086432,9.45454545454546,11.5454545454545,2.18181818181818
2023-02-10,"all_predictors_lagged",0.118739059909932,0.0546136734170246,0.0881838122898456,0.104483857239792,0.10231246026238,0.064125386492907,0.00217139697741204,0.901038895350931,1.02392834019888,10.5454545454545,11.1818181818182,2.09090909090909
2023-02-11,"all_predictors_lagged",0.220798184628375,0.238853373841737,0.16073509346441,0.10287822502535,0.100223121931402,-0.0180551892133616,0.00265510309394864,0.887449837341938,1.0587699449374,10.3636363636364,11.6363636363636,2.18181818181818
2023-02-12,"all_predictors_lagged",0.0990111774584658,0.10574369087615,0.13378795048177,0.103979332086898,0.100824885158789,-0.00673251341768414,0.00315444692810954,0.807717903162867,1.02442562257419,10.0909090909091,11.5454545454545,1.81818181818182
2023-02-13,"all_predictors_lagged",0.0734047732895474,0.153040470777437,0.091742402337064,0.0992766245700908,0.0946223509153707,-0.07963569748789,0.00465427365472007,0.751291965925178,1.07909024543565,10.5454545454545,11.0909090909091,2
2023-02-14,"all_predictors_lagged",0.211655035488052,0.265496557938024,0.248535403134875,0.100513219643626,0.0956477374235806,-0.0538415224499717,0.00486548222004502,0.717653494367607,1.11432706663663,10.8181818181818,11.1818181818182,2.09090909090909
2023-02-15,"all_predictors_lagged",0.176022384357179,0.159637503884989,0.125387168765387,0.100275646164256,0.096376064813071,0.0163848804721903,0.00389958135118463,0.88121545018368,1.25060920750425,10.6363636363636,11,1.90909090909091
2023-02-16,"all_predictors_lagged",0.24074053099478,0.161856323215363,0.089774563029506,0.102739371894179,0.0966347060417806,0.0788842077794172,0.00610466585239835,0.968931317487257,1.12916074983231,10.5454545454545,11.3636363636364,2.18181818181818
2023-02-17,"all_predictors_lagged",0.195990672110516,0.262831118562473,0.230898304559648,0.101684326581918,0.0942330387956243,-0.0668404464519576,0.00745128778629331,0.880823600339157,1.09039362456563,10.7272727272727,11.4545454545455,2.09090909090909
2023-02-18,"all_predictors_lagged",0.206762121292441,0.17529893188112,0.146301037940087,0.101904965427246,0.0948727518761384,0.0314631894113217,0.00703221355110773,0.910177693695109,1.23748708568375,10.5454545454545,10.4545454545455,1.81818181818182
2023-02-19,"all_predictors_lagged",0.0927936797891802,0.0779822427593317,0.114609048246039,0.102327608789001,0.0967218557187618,0.0148114370298486,0.00560575307023893,0.88230154965374,1.33970561330301,10.9090909090909,11,1.90909090909091
2023-02-20,"all_predictors_lagged",0.384424778442442,0.540383414451917,0.248835029632257,0.10331064595311,0.0974080605600898,-0.155958636009474,0.00590258539301978,0.796568274246714,1.29386884076222,10.6363636363636,11.0909090909091,1.72727272727273
2023-02-21,"all_predictors_lagged",0.514123107810563,0.687841526531012,0.217889175346078,0.104020881276628,0.0995286968656541,-0.17371841872045,0.0044921844109735,0.968723856804248,1.32435102858582,9.90909090909091,10.6363636363636,1.90909090909091
2023-02-22,"all_predictors_lagged",0.0846727104820947,0.143351566649505,0.149615982729323,0.105380459110337,0.0999616339524389,-0.0586788561674101,0.00541882515789847,0.877776802090024,1.30779450215059,9.90909090909091,11,2
2023-02-23,"all_predictors_lagged",0.300420043147415,0.234655051852851,0.0931452973270948,0.105948253977599,0.101604496322007,0.0657649912945641,0.00434375765559248,0.917795012963634,1.27259669548698,9.90909090909091,11.3636363636364,1.90909090909091
2023-02-24,"all_predictors_lagged",0.119163860506959,0.107553301221728,0.129549162139799,0.104981908510279,0.100006008490708,0.0116105592852316,0.00497590001957076,0.74316008734736,1.12558518133816,10.4545454545455,11.7272727272727,2.18181818181818
2023-02-25,"all_predictors_lagged",0.111738956702883,0.110375428128917,0.0719523822126475,0.107641101722506,0.101337106950503,0.00136352857396556,0.00630399477200357,0.864016297142584,1.23278779521336,10.0909090909091,10.8181818181818,2.18181818181818
2023-02-26,"all_predictors_lagged",0.110222565090759,0.129006301251579,0.108481754095363,0.106873182965081,0.100264363386632,-0.0187837361608199,0.00660881957844916,0.943775054348849,1.21399407001739,9.09090909090909,10.5454545454545,2.36363636363636
2023-02-27,"all_predictors_lagged",0.0749328587187603,0.083258247524797,0.0994076175168951,0.106291463123224,0.0992137949635832,-0.00832538880603675,0.00707766815964118,0.950739147415907,1.16270632154728,8.81818181818182,11,2.36363636363636
2023-02-28,"all_predictors_lagged",0.0793704236705339,0.0788986974912897,0.11129195714884,0.106915590131249,0.0990694338462322,0.000471726179244165,0.00784615628501699,1.00041104203652,1.14094044237929,8.90909090909091,11.1818181818182,2.27272727272727
2023-03-01,"all_predictors_lagged",0.515009157518895,0.744597999939898,0.217507349935513,0.109011750998428,0.102415498948387,-0.229588842421003,0.0065962520500406,0.952958119406326,1.15979227262349,8.72727272727273,10.6363636363636,2.36363636363636
2023-03-02,"all_predictors_lagged",0.376424024501818,0.317775186241766,0.189175644289686,0.107739651979539,0.101754519771353,0.0586488382600511,0.00598513220818596,1.00680419051688,1.17439182620409,8.54545454545454,10.8181818181818,2.36363636363636
2023-03-03,"all_predictors_lagged",0.774618747266453,0.580433100099357,0.0943182860849001,0.107801202964527,0.101204208105774,0.194185647167097,0.0065969948587532,1.32223319076786,1.27950192514109,8.81818181818182,10.4545454545455,2.27272727272727
2023-03-04,"all_predictors_lagged",0.0836875288688122,0.0798481460040383,0.116758584337585,0.108315950171635,0.102704178603389,0.00383938286477392,0.00561177156824566,1.18303386288719,1.33989860553664,9.27272727272727,10,2
2023-03-05,"all_predictors_lagged",0.152076892794547,0.139963588130943,0.168740470346457,0.107594578787175,0.103129561685269,0.0121133046636047,0.00446501710190595,0.859297315751769,1.39874122665426,9.36363636363636,9.81818181818182,2.18181818181818
2023-03-06,"all_predictors_lagged",0.114582260067349,0.0853197354992317,0.104125557150781,0.108111348987647,0.102891664985826,0.0292625245681176,0.00521968400182037,0.873129445925063,1.29264318081601,10.0909090909091,10.0909090909091,2.18181818181818
2023-03-07,"all_predictors_lagged",0.0970911127278469,0.092649230791116,0.117200806968758,0.109636833152551,0.103444534056348,0.00444188193673086,0.00619229909620296,1.11292182641063,1.026769781443,9.45454545454546,11,2.09090909090909
2023-03-08,"all_predictors_lagged",0.17228849253802,0.15589004223948,0.154225093716288,0.110354656749897,0.104133574339417,0.0163984502985402,0.0062210824104796,1.07175314446168,1.13468754919574,9.36363636363636,10,2.18181818181818
2023-03-09,"all_predictors_lagged",0.642558448384294,0.635490427560257,0.573755403235554,0.109740295107539,0.103520721399965,0.00706802082403728,0.0062195737075739,0.989280249470718,1.15597151078812,9.54545454545454,10.5454545454545,2.45454545454545
2023-03-10,"all_predictors_lagged",0.280880525945472,0.313027254239315,0.148751227871246,0.118562000809705,0.109808796983465,-0.0321467282938424,0.00875320382623985,0.996603574114069,1.0599326319617,10,10.6363636363636,2.18181818181818
2023-03-11,"all_predictors_lagged",2.0948985715279,4.14309917975184,1.75402894578919,0.112241554890393,0.105794219569124,-2.04820060822393,0.00644733532126935,0.820083111829405,1.12448941284364,9.81818181818182,10.1818181818182,2.09090909090909
2023-03-12,"all_predictors_lagged",11.3872807633018,9.14431447474705,11.0063400874478,0.113228294079268,0.10727795605172,2.24296628855473,0.00595033802754819,1.00146110103231,1.01459711191918,10.4545454545455,11.5454545454545,2.45454545454545
2023-03-13,"all_predictors_lagged",2.54111789821517,1.04251381850165,1.47545735730447,0.180262464284406,0.127435052162824,1.49860407971352,0.052827412121582,1.1417432246366,1.42573625457532,9.90909090909091,9.81818181818182,2.36363636363636
2023-03-14,"all_predictors_lagged",1.46065109714755,1.15694444627971,0.179010634855111,0.212090700618756,0.135057386928419,0.303706650867841,0.0770333136903363,1.1094279425562,1.3250829044976,9.63636363636364,10.3636363636364,2.54545454545455
2023-03-15,"all_predictors_lagged",0.306081630096702,0.368091944400699,0.191572742550613,0.219602292841767,0.138540213604178,-0.0620103143039973,0.081062079237589,1.02795858659411,1.53473734861401,10.4545454545455,10.2727272727273,2.36363636363636
2023-03-16,"all_predictors_lagged",0.375669389787477,0.367339976421387,0.256981305233228,0.218699950983207,0.141844179325384,0.00832941336609061,0.0768557716578231,0.934039270121818,1.68974613968859,9.90909090909091,10.2727272727273,2.27272727272727
2023-03-17,"all_predictors_lagged",0.527819677239981,0.457274298682004,0.475262485214884,0.220391551326966,0.145488463099193,0.0705453785579773,0.074903088227774,1.07712394033916,1.68723171332452,9.72727272727273,9.90909090909091,2.09090909090909
2023-03-18,"all_predictors_lagged",0.214259444308398,0.513316657257257,0.210931505069832,0.216618036421133,0.144361222665133,-0.299057212948858,0.0722568137559996,0.949026795533747,1.64026778425379,10,10.7272727272727,2.36363636363636
2023-03-19,"all_predictors_lagged",0.343833878374404,0.432905178746816,0.24380692554435,0.216380942084741,0.145201114661426,-0.0890713003724113,0.0711798274233155,0.900892460919727,1.66710200976465,10.6363636363636,10.7272727272727,2.36363636363636
2023-03-20,"all_predictors_lagged",1.18105741549897,0.41143132292197,0.158295896515,0.218943046852801,0.148500726169407,0.769626092577005,0.0704423206833944,0.766224495530728,1.70825484938698,11.6363636363636,10.1818181818182,2.27272727272727
2023-03-21,"all_predictors_lagged",0.469533203561788,0.506597817878965,0.394645865583444,0.223481777083422,0.149217177486833,-0.0370646143171771,0.0742645995965893,0.814198511264739,1.62044778824257,11.3636363636364,10.3636363636364,2.18181818181818
2023-03-22,"all_predictors_lagged",0.507915722691304,0.551709388218912,0.297959612462812,0.226146311249468,0.154134906030058,-0.0437936655276073,0.0720114052194103,0.841015151266998,1.84754596950942,11.5454545454545,9.63636363636364,2
2023-03-23,"all_predictors_lagged",0.302773444295904,0.279131355144554,0.307655706043056,0.227662143457732,0.152245129755512,0.0236420891513501,0.0754170137022199,1.14599453372744,1.77223715582782,10.1818181818182,11,2.36363636363636
2023-03-24,"all_predictors_lagged",0.161478614539594,0.20490852820678,0.241315018385082,0.224492743608053,0.148792397011104,-0.0434299136671862,0.0757003465969494,1.38297809377373,1.58533666407793,9.45454545454546,10.6363636363636,2.18181818181818
2023-03-25,"all_predictors_lagged",0.157396578106965,0.135261503637509,0.377262651788853,0.216325377176128,0.146350874901456,0.0221350744694556,0.0699745022746716,1.17115199137472,1.46593097425625,10.7272727272727,9.72727272727273,1.90909090909091
2023-03-26,"all_predictors_lagged",0.348902192176178,0.284028364496783,0.336264038957347,0.216389802185922,0.147170040407618,0.0648738276793951,0.0692197617783036,1.0546763372158,1.36943687778704,11.0909090909091,9.36363636363636,2.09090909090909
2023-03-27,"all_predictors_lagged",1.26681777498117,2.44562685113044,0.081296415671489,0.214169777584625,0.14841331726524,-1.17880907614928,0.0657564603193851,1.17174981515694,1.43046281705899,10,9.18181818181818,2.18181818181818
2023-03-28,"all_predictors_lagged",0.385293028992012,0.318042476758959,0.519795728579896,0.210243793114148,0.149941690159223,0.0672505522330531,0.0603021029549245,1.01159757740187,1.39575863398909,10,10,2.27272727272727
2023-03-29,"all_predictors_lagged",0.121873874332389,0.128193330922887,0.136721944252482,0.209624477784427,0.15267902286621,-0.00631945659049812,0.0569454549182171,1.1822211694795,1.32885064947972,10.5454545454545,10.0909090909091,2
2023-03-30,"all_predictors_lagged",0.110384957939863,0.117318304760299,0.147492450542998,0.205996854748117,0.149828454485414,-0.00693334682043615,0.0561684002627029,1.28485046498376,1.28841958520248,9.36363636363636,10.4545454545455,2.18181818181818
2023-03-31,"all_predictors_lagged",0.126784405130226,0.0985029786600442,0.130307447030881,0.20248182631433,0.148129924429217,0.0282814264701814,0.054351901885113,1.31642216968038,1.37541602969756,9.72727272727273,10.2727272727273,2.27272727272727
2023-04-01,"all_predictors_lagged",0.0870943586781072,0.111867417790434,0.0969473760867698,0.204264644794702,0.149160071564316,-0.0247730591123267,0.0551045732303865,1.30897316947107,1.42631207483724,9.54545454545454,9.81818181818182,2.18181818181818
2023-04-02,"all_predictors_lagged",0.114055245764119,0.0655194740854403,0.101853131374687,0.205646976168282,0.152711247855715,0.0485357716786792,0.0529357283125669,1.20941041379107,1.2790875866683,9.36363636363636,10.6363636363636,2.36363636363636
2023-04-03,"all_predictors_lagged",0.13972965360215,0.101135538860419,0.134405412578062,0.203858367133319,0.152161297946048,0.038594114741731,0.0516970691872715,1.10147567820688,1.27049465207487,9.81818181818182,10.7272727272727,2.45454545454545
2023-04-04,"all_predictors_lagged",0.0919535945289451,0.087910967667105,0.0744550661728286,0.201191720347906,0.148406677489926,0.00404262686184006,0.05278504285798,1.06972534437778,1.21640688372689,9.90909090909091,10,1.90909090909091
2023-04-05,"all_predictors_lagged",0.180364024899289,0.126031747968755,0.153119741609846,0.195488742026938,0.14359733448022,0.0543322769305335,0.0518914075467176,1.06484498667572,1.35428354901038,10.0909090909091,9.72727272727273,2
2023-04-06,"all_predictors_lagged",0.120410676688274,0.0815895477755085,0.0770816259424648,0.192515677174967,0.14062145081171,0.0388211289127654,0.0518942263632565,1.06128472829936,1.1206091086025,9.36363636363636,10.3636363636364,2.18181818181818
2023-04-07,"all_predictors_lagged",0.0847957829773597,0.0651131399347875,0.0895681585000095,0.190534427031682,0.136750418881977,0.0196826430425722,0.0537840081497043,1.2145771155191,1.10886102375333,9.18181818181818,10,1.81818181818182
2023-04-08,"all_predictors_lagged",0.096090581481538,0.165468832910821,0.123680296527419,0.191353697832333,0.13681813968815,-0.069378251429283,0.054535558144183,1.19421847810245,1.15139952440317,9.72727272727273,10.5454545454545,1.90909090909091
2023-04-09,"all_predictors_lagged",0.172875697007144,0.174350353869189,0.215017407290671,0.192984837151267,0.138133197657016,-0.00147465686204537,0.0548516394942515,1.17935964684842,1.37020128010637,9.54545454545454,10.1818181818182,1.90909090909091
2023-04-10,"all_predictors_lagged",0.0965812141271629,0.132188279889396,0.106466162603605,0.197112976685386,0.141497228714531,-0.0356070657622328,0.0556157479708548,1.11442111673704,1.28983121317577,10.2727272727273,10,1.90909090909091
2023-04-11,"all_predictors_lagged",0.241021970390275,0.318071758846499,0.18673046163887,0.192172612108406,0.141663030764431,-0.077049788456224,0.0505095813439754,1.00803502471568,1.67413289784618,10.2727272727273,9.81818181818182,2.09090909090909
2023-04-12,"all_predictors_lagged",0.135891909200421,0.191212833578273,0.112972074569952,0.194492098328141,0.142192409222059,-0.0553209243778517,0.052299689106082,1.03006047870608,1.37950822861909,10.3636363636364,10.3636363636364,1.90909090909091
2023-04-13,"all_predictors_lagged",0.0997851114099818,0.0716207472130022,0.122655132055832,0.196815261571059,0.143396168961083,0.0281643641969796,0.0534190926099766,1.00069770595003,1.24505706694267,10.2727272727273,11.1818181818182,2
2023-04-14,"all_predictors_lagged",0.106416179826887,0.103184549006569,0.126813349869897,0.199788926106771,0.142935328638581,0.0032316308203174,0.0568535974681893,1.00309508386067,1.17260595615311,10.2727272727273,10.9090909090909,2.09090909090909
2023-04-15,"all_predictors_lagged",0.266944078481721,0.110288195345304,0.213282440730337,0.195198491300302,0.139240575829,0.156655883136416,0.0559579154713015,0.980270848359378,1.23314306821056,10.8181818181818,10.7272727272727,2
2023-04-16,"all_predictors_lagged",0.128813329606438,0.0864465954748776,0.0790752566061804,0.196600004543329,0.140124583329298,0.0423667341315607,0.0564754212140317,0.971235429624491,1.30928408774885,10.4545454545455,9.72727272727273,1.90909090909091
2023-04-17,"all_predictors_lagged",0.143367850481698,0.156851241089202,0.10960979644794,0.20001993739859,0.142708657298707,-0.0134833906075037,0.0573112800998821,1.05881246046933,1.26265155597312,10.6363636363636,10,1.90909090909091
2023-04-18,"all_predictors_lagged",0.124461143525526,0.0973904566181968,0.10832755462844,0.198610436630812,0.14209899236123,0.027070686907329,0.0565114442695822,0.732116270033145,1.4010871005697,11.0909090909091,9.81818181818182,2
2023-04-19,"all_predictors_lagged",0.119798542256083,0.08347310593523,0.0909079542995604,0.198269916090893,0.141353182755324,0.0363254363208531,0.0569167333355687,0.727713392162944,1.52537744681774,10.9090909090909,9.63636363636364,2.18181818181818
2023-04-20,"all_predictors_lagged",0.236986877579606,0.142084180825099,0.133859245752355,0.198679620781466,0.142152603599398,0.0949026967545067,0.0565270171820674,0.80359316399251,1.71150610313887,11,9.36363636363636,1.81818181818182
2023-04-21,"all_predictors_lagged",0.248103024234584,0.19341158238483,0.143943486253287,0.200904647455093,0.140444365375989,0.0546914418497545,0.0604602820791033,0.797500582458494,1.42980812152989,10.7272727272727,9.63636363636364,1.81818181818182
2023-04-22,"all_predictors_lagged",0.179401305237157,0.210517737123822,0.168290552672399,0.202628570301343,0.144120769316956,-0.0311164318866647,0.0585078009843868,0.883417515564876,1.80067409696376,10,8.72727272727273,1.72727272727273
2023-04-23,"all_predictors_lagged",0.150079709434351,0.130124770409674,0.136608563118959,0.204303069852599,0.141807880437476,0.0199549390246775,0.0624951894151228,0.754265159080055,1.36350943096134,10.4545454545455,10,1.90909090909091
2023-04-24,"all_predictors_lagged",0.211267413479835,0.25033669889763,0.136796050423967,0.205677174966719,0.144759422649886,-0.0390692854177948,0.0609177523168335,0.794571091360222,1.52811720822188,10.5454545454545,9.63636363636364,1.90909090909091
2023-04-25,"all_predictors_lagged",0.114416881565385,0.0715707442026649,0.0972854275846943,0.210109067554989,0.146409046154611,0.0428461373627203,0.0637000214003779,0.758743252900466,1.39314640875057,10.7272727272727,9.90909090909091,1.90909090909091
2023-04-26,"all_predictors_lagged",0.224259596086928,0.179162351903732,0.104442531298156,0.208504084004515,0.146533529151941,0.0450972441831967,0.0619705548525738,0.658083611571069,1.3876079887822,10.9090909090909,9.54545454545454,1.90909090909091
2023-04-27,"all_predictors_lagged",0.0735817291152293,0.0677589232109108,0.0895351268482848,0.211871429068843,0.147402172474138,0.0058228059043185,0.0644692565947046,0.77432204754951,1.56866716724444,10.1818181818182,9.18181818181818,1.81818181818182
2023-04-28,"all_predictors_lagged",0.0951678663921094,0.115654772614642,0.100177154572126,0.209281222928077,0.146131232725431,-0.0204869062225331,0.0631499902026458,0.923499445192583,1.63050132058969,9.90909090909091,9.18181818181818,1.90909090909091
2023-04-29,"all_predictors_lagged",0.0866786393948649,0.111645335782867,0.0889530833624912,0.215258913739957,0.150797799831869,-0.0249666963880025,0.0644611139080885,0.790685992812398,1.82099020884009,9.90909090909091,8.81818181818182,1.90909090909091
2023-04-30,"all_predictors_lagged",0.122017105964342,0.0664858625331514,0.100370069481315,0.215153666739991,0.148317782089523,0.0555312434311908,0.0668358846504679,0.74690394890909,1.62424466107214,10,9.27272727272727,2
2023-05-01,"all_predictors_lagged",0.165198569225396,0.154996446684627,0.21168246163761,0.21795000831044,0.149539716192955,0.0102021225407691,0.0684102921174848,0.668906328466978,1.48851553010992,10.4545454545455,9.72727272727273,2
2023-05-02,"all_predictors_lagged",0.205504555094454,0.224097390977241,0.242150996611318,0.219888503514663,0.150573183481481,-0.0185928358827868,0.0693153200331822,0.841807128762674,1.58589119940656,10.2727272727273,9.18181818181818,2
2023-05-03,"all_predictors_lagged",0.223674642069311,0.130001770968454,0.15841327250781,0.217656133896097,0.148875124145722,0.0936728711008572,0.0687810097503755,0.658002945387942,1.48162875499562,10.8181818181818,9.81818181818182,1.90909090909091
2023-05-04,"all_predictors_lagged",0.158138307405112,0.263647746126896,0.166194356255116,0.222585782066405,0.150349892024986,-0.105509438721784,0.0722358900414193,0.622433240667118,1.58440795058588,10.6363636363636,9.63636363636364,1.90909090909091
2023-05-05,"all_predictors_lagged",0.181157327180353,0.0885069907961912,0.101054528881173,0.229415151708939,0.152115419760688,0.0926503363841623,0.0772997319482511,0.647702158649249,1.49284682144962,10.4545454545455,10.1818181818182,1.90909090909091
2023-05-06,"all_predictors_lagged",0.210478105190963,0.151938015473956,0.106711549431802,0.233822760605507,0.157179787610947,0.0585400897170064,0.0766429729945594,1.43529838283107,1.67545871785328,9.45454545454546,9.63636363636364,2.09090909090909
2023-05-07,"all_predictors_lagged",0.0891072934205246,0.070100988566522,0.0956553825403374,0.236430569885531,0.159029546781314,0.0190063048540026,0.0774010231042165,0.888671165416494,1.65965944185314,10.2727272727273,10,1.81818181818182
2023-05-08,"all_predictors_lagged",0.732638174957737,1.12228953022109,0.781454218891006,0.23426071010306,0.158870414103711,-0.389651355263349,0.0753902959993481,0.910132115604675,1.7574509485287,10.2727272727273,9.54545454545454,1.72727272727273
2023-05-09,"all_predictors_lagged",0.301682922863463,0.142041111834925,0.125789252313163,0.237575642278058,0.164584744832799,0.159641811028538,0.0729908974452591,1.45378604492346,1.57869790182475,9.63636363636364,9.36363636363636,1.54545454545455
2023-05-10,"all_predictors_lagged",0.310888139891485,0.37682288068018,0.208300828268647,0.240260618037659,0.170156339115424,-0.0659347407886949,0.0701042789222351,1.26325378298786,1.50585139908098,9.72727272727273,9.63636363636364,1.72727272727273
2023-05-11,"all_predictors_lagged",0.227443532669552,0.102097125562781,0.09569060602493,0.235798082008568,0.167608509544201,0.125346407106772,0.0681895724643672,0.758692836685955,2.1018497631161,10.5454545454545,7.90909090909091,1.45454545454545
2023-05-12,"all_predictors_lagged",0.145689052809244,0.100555455848715,0.112444422998933,0.237497851553148,0.167233154007276,0.0451335969605287,0.0702646975458716,0.902629991658578,1.84987631748487,9.90909090909091,9.09090909090909,1.63636363636364
2023-05-13,"all_predictors_lagged",0.136699153823786,0.126463439725763,0.13896678348891,0.230751899376504,0.157984452291301,0.0102357140980232,0.0727674470852032,0.901822925863916,1.97296397834552,9.90909090909091,9.09090909090909,1.54545454545455
2023-05-14,"all_predictors_lagged",0.136442656691572,0.369432065735252,0.194322165370629,0.232038400203352,0.16009671525291,-0.23298940904368,0.0719416849504426,1.11104102925853,1.89560509610178,9.18181818181818,8.45454545454546,1.63636363636364
2023-05-15,"all_predictors_lagged",0.154199881464928,0.060051326386562,0.0989363665651311,0.232790699876452,0.16371482376606,0.0941485550783663,0.0690758761103922,0.829169162416951,1.97376866505569,9.90909090909091,8.18181818181818,1.45454545454545
2023-05-16,"all_predictors_lagged",0.210462942609099,0.18689623358412,0.216500335967294,0.231424072008083,0.161998421877416,0.023566709024979,0.069425650130667,1.07320605957844,1.96630388930476,9.63636363636364,8.72727272727273,1.81818181818182
2023-05-17,"all_predictors_lagged",0.319971873012226,0.235748969593135,0.20015210673404,0.229299700817151,0.15914892889164,0.084222903419092,0.0701507719255104,0.899077487102191,1.49859625039636,10,9.45454545454546,1.72727272727273
2023-05-18,"all_predictors_lagged",0.207522045530476,0.166622103907672,0.120839481823467,0.227061500107025,0.159830585925833,0.0408999416228038,0.0672309141811923,0.786218645744556,1.42367099458317,10.4545454545455,9.45454545454546,1.72727272727273
2023-05-19,"all_predictors_lagged",0.299201225011317,0.092040424396171,0.109335638887598,0.235590577724455,0.1612380833738,0.207160800615146,0.0743524943506554,0.835917207865405,1.34884073009512,10.1818181818182,9.54545454545454,1.90909090909091
2023-05-20,"all_predictors_lagged",0.211818288841502,0.23769531401721,0.190802608946247,0.235915598941423,0.16321971518156,-0.0258770251757081,0.0726958837598629,0.969105072967681,1.55247976562756,9.63636363636364,9.90909090909091,1.81818181818182
2023-05-21,"all_predictors_lagged",0.165221355255717,0.232347329045719,0.0895586138675466,0.237734726425337,0.164217979345764,-0.0671259737900026,0.0735167470795731,1.18628497962268,2.02528225591642,9.36363636363636,9.45454545454546,1.72727272727273
2023-05-22,"all_predictors_lagged",0.087825220704783,0.106231702573961,0.0936249058978281,0.235752162434113,0.164396300496814,-0.0184064818691783,0.0713558619372988,1.10488762516624,2.0497873163538,8.72727272727273,9.18181818181818,1.81818181818182
2023-05-23,"all_predictors_lagged",0.122682316291685,0.0917905664982742,0.111600788062626,0.23582772859516,0.159222380401029,0.0308917497934112,0.076605348194131,0.973863046648845,1.86543741912164,9.81818181818182,9.72727272727273,2.09090909090909
2023-05-24,"all_predictors_lagged",0.15010138101462,0.132869506776049,0.123671572361034,0.24094004150814,0.161927791965777,0.0172318742385707,0.0790122495423638,1.22839665415865,1.882535173773,9.36363636363636,8.72727272727273,2
2023-05-25,"all_predictors_lagged",0.124052663094438,0.109292715454378,0.150717216260062,0.240118267646059,0.161496122476457,0.0147599476400606,0.0786221451696019,0.930369702470085,2.10951805058868,9.90909090909091,8.18181818181818,1.90909090909091
2023-05-26,"all_predictors_lagged",0.119570984030796,0.0927578945991651,0.106788353076729,0.235721441157297,0.157029946004067,0.0268130894316306,0.0786914951532298,1.05759260551386,1.66170416706729,9.72727272727273,9.54545454545454,1.81818181818182
2023-05-27,"all_predictors_lagged",0.0653595516728327,0.0607202267627893,0.0991546016178688,0.237717658437508,0.158003012659677,0.0046393249100434,0.0797146457778314,1.02740099191868,1.41631197800039,9.09090909090909,8.90909090909091,2
2023-05-28,"all_predictors_lagged",0.0984225708536698,0.216746031426753,0.109443119587525,0.235401714745788,0.157583134714729,-0.118323460573083,0.0778185800310584,1.00781844908725,1.22317057633145,9.27272727272727,9.18181818181818,1.90909090909091
2023-05-29,"all_predictors_lagged",0.174884922128135,0.0804310254722893,0.115764816184812,0.234322978592658,0.152096914133238,0.0944538966558461,0.0822260644594208,1.02399674725608,1.06086137242494,9.36363636363636,9.90909090909091,1.90909090909091
2023-05-30,"all_predictors_lagged",0.100017695557074,0.132558625677862,0.132910065170805,0.236057076923326,0.151366510011563,-0.0325409301207875,0.0846905669117635,0.851826637262702,0.995655095298373,9.81818181818182,10.4545454545455,2.18181818181818
2023-05-31,"all_predictors_lagged",0.241823811934015,0.118878960332282,0.120851820196796,0.228243534434163,0.145815637677964,0.122944851601733,0.0824278967561995,0.909092226522757,1.39425817501102,9.72727272727273,8.81818181818182,1.54545454545455
2023-06-01,"all_predictors_lagged",0.143284467604905,0.0794257461828198,0.114598395805218,0.234315961831158,0.141553522768307,0.0638587214220852,0.0927624390628506,1.07543736300163,1.26166091699244,9,9.45454545454546,1.81818181818182
2023-06-02,"all_predictors_lagged",0.150737797549706,0.191458958733457,0.120714930260942,0.230011622543836,0.139113226373913,-0.0407211611837508,0.0908983961699227,0.994494192420929,1.49614066565787,8.63636363636364,9.27272727272727,1.72727272727273
2023-06-03,"all_predictors_lagged",0.411375008066769,0.168409627719873,0.154910615012633,0.229929852561051,0.138832318261393,0.242965380346896,0.0910975342996581,1.011709731178,1.54797178026004,8.90909090909091,9.18181818181818,1.63636363636364
2023-06-04,"all_predictors_lagged",0.326029160236037,0.411153288149522,0.218487456433104,0.23702089659377,0.140833245563713,-0.0851241279134858,0.0961876510300574,1.42824428537895,1.58434110157336,8.36363636363636,9.09090909090909,1.54545454545455
2023-06-05,"all_predictors_lagged",0.11176540136244,0.0969711786851642,0.134254044764114,0.238855657230798,0.145403122531314,0.0147942226772754,0.0934525346994833,1.13141075002747,1.28090758637402,8.36363636363636,10.0909090909091,2
2023-06-06,"all_predictors_lagged",0.417752636448881,0.385992902542248,0.367874576327779,0.234259890595964,0.142667934685947,0.0317597339066334,0.0915919559100175,1.21543338614005,1.32904276458916,8.45454545454546,9.81818181818182,2
2023-06-07,"all_predictors_lagged",0.187967841071058,0.122057640982464,0.105312648465336,0.239784540643265,0.145795953374456,0.0659102000885932,0.093988587268809,1.15916007359337,1.30173057319289,8.54545454545454,10,1.90909090909091
2023-06-08,"all_predictors_lagged",0.216730410884165,0.193743695140818,0.0822220840114343,0.227236595399326,0.132406565419032,0.0229867157433475,0.0948300299802937,0.999418788960119,1.09819383896796,9.09090909090909,10.4545454545455,1.90909090909091
2023-06-09,"all_predictors_lagged",0.625689948243672,0.489793195110699,0.229524012638841,0.23205848807224,0.133947569425076,0.135896753132973,0.098110918647164,0.978793467338368,1.23452542375007,9.63636363636364,9.54545454545454,1.72727272727273
2023-06-10,"all_predictors_lagged",0.495041374674076,0.366943630736375,0.235890360012465,0.219191707305111,0.126604933904871,0.1280977439377,0.0925867734002399,1.05146399825583,1.1025191203878,9.36363636363636,10.3636363636364,2.18181818181818
2023-06-11,"all_predictors_lagged",0.307264788572049,0.45033118179523,0.338372368581713,0.119540397046702,0.110794053919198,-0.143066393223182,0.00874634312750449,0.750539753455929,1.03710894073616,8.90909090909091,10.1818181818182,1.72727272727273
2023-06-12,"all_predictors_lagged",0.091909948796705,0.148302898750906,0.142424940681633,0.120747293703053,0.111882265090247,-0.0563929499542012,0.00886502861280679,0.840478085945425,0.940757487749659,9.45454545454546,10.9090909090909,2.09090909090909
2023-06-13,"all_predictors_lagged",0.53407560862828,0.292863647007555,0.070389763203674,0.118728089478815,0.110362179650812,0.241211961620725,0.00836590982800342,0.857078524130397,1.06594632548901,9.18181818181818,9.72727272727273,1.81818181818182
2023-06-14,"all_predictors_lagged",0.254633033346846,0.246517957198297,0.150768836911167,0.119822303606758,0.110093768181538,0.00811507614854912,0.00972853542522047,0.684990484368096,1.0721281777115,9.27272727272727,10,1.90909090909091
2023-06-15,"all_predictors_lagged",0.3154463242505,0.301982238667014,0.147260616853733,0.120819843910295,0.112304944477891,0.0134640855834862,0.00851489943240407,0.707596167613528,1.03242200275926,9.54545454545454,9.54545454545454,2
2023-06-16,"all_predictors_lagged",0.129001184592361,1.10822252073957,0.129128640109527,0.119590104985392,0.110490439878751,-0.979221336147213,0.00909966510664088,0.727341413026068,0.94728180590584,9.45454545454546,9.54545454545454,1.90909090909091
2023-06-17,"all_predictors_lagged",0.154058776685471,0.137974668368664,0.100476277366758,0.118299567775783,0.11227579049318,0.016084108316807,0.00602377728260257,0.789434864559145,1.02052443371905,9.36363636363636,10,1.81818181818182
2023-06-18,"all_predictors_lagged",0.213822199700209,0.187366710582543,0.103545360816554,0.117923546280484,0.110980122902409,0.0264554891176666,0.00694342337807484,0.843906579249328,1.0753483949576,9.27272727272727,10,1.81818181818182
2023-06-19,"all_predictors_lagged",0.12896303168593,0.115651042642244,0.0844354107946292,0.117651033269184,0.112987236200642,0.0133119890436858,0.00466379706854259,0.810973571830543,1.26826262180834,9.27272727272727,9.72727272727273,1.81818181818182
2023-06-20,"all_predictors_lagged",0.0960385493608929,0.0966532612714833,0.11107543040931,0.114345916026409,0.109586915502437,-0.000614711910590338,0.00475900052397234,0.883588856240295,1.1188659680024,9.45454545454546,10,1.81818181818182
2023-06-21,"all_predictors_lagged",0.30170917515308,0.196703562050861,0.0897336179699205,0.113018683384901,0.108112188978078,0.105005613102219,0.00490649440682233,0.841567521409946,1.06277739712839,10,10,1.63636363636364
2023-06-22,"all_predictors_lagged",0.425641765604897,0.317261705117523,0.261777792564297,0.110951705247683,0.106928267127181,0.108380060487374,0.00402343812050187,0.714111585458599,1.17002391089334,10,10.0909090909091,1.72727272727273
2023-06-23,"all_predictors_lagged",0.10693560911147,0.157871265131392,0.136346270813253,0.110059986573199,0.105929346878585,-0.0509356560199214,0.00413063969461448,0.784257065683983,1.24676638969907,9.72727272727273,10.0909090909091,1.72727272727273
2023-06-24,"all_predictors_lagged",0.141437299883717,0.0992016226180448,0.109133237214817,0.106518606711553,0.103762991457781,0.0422356772656723,0.00275561525377198,0.691553980471392,0.963353749367121,10.1818181818182,11,1.54545454545455
2023-06-25,"all_predictors_lagged",0.129077856475084,0.131003101086871,0.132050586228529,0.104174633787118,0.101003199641853,-0.00192524461178639,0.00317143414526454,0.661761696141907,0.959052715750496,9.90909090909091,10.3636363636364,1.63636363636364
2023-06-26,"all_predictors_lagged",0.223515288413048,0.213989581918074,0.156327345590599,0.103173521412771,0.101465448990804,0.00952570649497486,0.00170807242196765,0.800404296148354,0.851472940710809,10.1818181818182,12,1.63636363636364
2023-06-27,"all_predictors_lagged",0.110962535845321,0.110560924780043,0.118328667283067,0.102908107981835,0.10018866557078,0.000401611065277652,0.00271944241105489,0.69014504167039,1.02652375164379,10.6363636363636,10.2727272727273,1.45454545454545
2023-06-28,"all_predictors_lagged",0.211597310793641,0.19199551750796,0.104563322766662,0.101701443433738,0.099514795973026,0.0196017932856812,0.0021866474607124,0.78307800973255,0.975214199809703,10.1818181818182,11.1818181818182,1.63636363636364
2023-06-29,"all_predictors_lagged",0.114638833975287,0.153718944333994,0.127058995155048,0.100450319157933,0.0979980957666841,-0.0390801103587077,0.00245222339124928,0.647259226789392,0.996363343716371,10.5454545454545,11.5454545454545,1.72727272727273
2023-06-30,"all_predictors_lagged",0.299415222077046,0.194631995368402,0.0867571915504521,0.101439882715795,0.0978312264147081,0.104783226708644,0.00360865630108645,0.709120198712534,0.83711946473162,10.7272727272727,11.6363636363636,1.54545454545455
2023-07-01,"all_predictors_lagged",0.242131461347287,0.190508445065696,0.113578860496011,0.101657293456182,0.097197647302604,0.0516230162815911,0.00445964615357818,0.60549465601399,0.922703603929388,10.1818181818182,11.9090909090909,1.63636363636364
2023-07-02,"all_predictors_lagged",0.0824109328668957,0.0721598313297092,0.0942963753860286,0.101700294945544,0.0970365261845416,0.0102511015371865,0.00466376876100192,0.62690831725717,1.03479125411651,9.81818181818182,10.8181818181818,1.72727272727273
2023-07-03,"all_predictors_lagged",0.106915791647326,0.130103503427641,0.0829192300273679,0.101322029196367,0.0962827523728744,-0.0231877117803157,0.00503927682349309,0.759174372088522,0.901333524994094,9.45454545454546,11.3636363636364,2
2023-07-04,"all_predictors_lagged",0.0636167701877856,0.0858212805203109,0.0826827628468228,0.0996318540949961,0.095521563311951,-0.0222045103325253,0.00411029078304513,0.609132476383268,1.00781297618929,9.72727272727273,10.3636363636364,1.81818181818182
2023-07-05,"all_predictors_lagged",0.333933773206484,0.343130982952715,0.173094058570946,0.100301890498451,0.097322735022169,-0.00919720974623091,0.00297915547628199,0.73281547970249,1.04102071451903,9.18181818181818,10.2727272727273,1.90909090909091
2023-07-06,"all_predictors_lagged",0.14066839294753,0.118423547452366,0.0859644147657197,0.100051727882286,0.0979137373975547,0.0222448454951635,0.00213799048473083,1.09728722694908,1.22492141971557,8.36363636363636,9.63636363636364,1.90909090909091
2023-07-07,"all_predictors_lagged",0.245365012385817,0.12342150437695,0.074136939338737,0.099945153107487,0.097750308984666,0.121943508008866,0.00219484412282096,0.699310201648991,1.18469728687022,9.72727272727273,9.81818181818182,1.72727272727273
2023-07-08,"all_predictors_lagged",0.160676628613036,0.135854955275434,0.0972731435005173,0.0979036383431171,0.0948659968633576,0.0248216733376016,0.00303764147975954,0.817819063661068,1.10666783158543,8.72727272727273,10.4545454545455,1.90909090909091
2023-07-09,"all_predictors_lagged",0.112021956691137,0.12059239699017,0.109176962713946,0.0980351726888334,0.0949646713859157,-0.00857044029903315,0.0030705013029177,0.751369572178431,1.0565697406024,9.18181818181818,10.3636363636364,1.63636363636364
2023-07-10,"all_predictors_lagged",0.08386213748609,0.10483345188504,0.0899730367866156,0.0971086840650906,0.093952363078488,-0.0209713143989495,0.00315632098660257,0.631485022545484,0.87098888464763,9.45454545454546,10.6363636363636,1.54545454545455
2023-07-11,"all_predictors_lagged",0.0914098520142877,0.0845355343431949,0.0946427317537863,0.0967100889941726,0.0949330199628719,0.00687431767109275,0.00177706903130068,0.65267489110286,0.923319683561028,9.72727272727273,9.90909090909091,1.54545454545455
2023-07-12,"all_predictors_lagged",0.172842646418965,0.18872400276081,0.16120582650152,0.0987475223963153,0.0962338776780154,-0.0158813563418445,0.00251364471829982,0.658883698508671,0.907505711477251,9.63636363636364,10.3636363636364,1.45454545454545
2023-07-13,"all_predictors_lagged",0.180126805721046,0.135739535522071,0.11716519469524,0.100994249719576,0.0989657866445899,0.0443872701989752,0.0020284630749861,0.61415661151037,0.839877270514966,10.0909090909091,10.0909090909091,1.45454545454545
2023-07-14,"all_predictors_lagged",0.224331133920546,0.133991098383293,0.12178273852477,0.100693386234554,0.100146497808764,0.0903400355372524,0.000546888425790272,0.603994240240408,0.903582722533569,9.90909090909091,9.72727272727273,1.45454545454545
2023-07-15,"all_predictors_lagged",0.234606158920305,0.3367652620718,0.207680255573621,0.102086144909825,0.100700321136718,-0.102159103151496,0.00138582377310664,0.632050864125999,0.846633362647667,10.4545454545455,10.1818181818182,1.54545454545455
2023-07-16,"all_predictors_lagged",0.0908641455449774,0.108237500569588,0.118420757062361,0.103788855995273,0.101257035956448,-0.0173733550246104,0.00253182003882495,0.875691023022653,0.819363515769852,9.27272727272727,10.4545454545455,1.72727272727273
2023-07-17,"all_predictors_lagged",0.168580102985468,0.176550866286015,0.187528149342561,0.10398102452256,0.101923907543159,-0.00797076330054762,0.00205711697940098,0.820536750598626,0.820004352005934,9.27272727272727,10.4545454545455,1.72727272727273
2023-07-18,"all_predictors_lagged",0.238038803695472,0.216223431819191,0.104808307042533,0.104855601687555,0.101810257049633,0.0218153718762808,0.00304534463792165,0.756487058937326,0.921764364193377,10,10.2727272727273,2.09090909090909
2023-07-19,"all_predictors_lagged",0.121708009193165,0.111012806037004,0.13022452010909,0.104881659266533,0.103162759982473,0.0106952031561609,0.00171889928406059,0.757414216422376,0.962980549231652,10.4545454545455,10.3636363636364,2.09090909090909
2023-07-20,"all_predictors_lagged",0.113599125178065,0.0985130300537421,0.128958415650509,0.10477762715744,0.102700852883294,0.0150860951243224,0.00207677427414516,0.713963113197798,0.913258568089008,9.63636363636364,10.9090909090909,2
2023-07-21,"all_predictors_lagged",0.0807399030364166,0.0657513975343431,0.0816258741179894,0.103970455758091,0.101919378695233,0.0149885055020736,0.00205107706285798,0.656216920048393,0.991010935551725,9.81818181818182,10.4545454545455,1.81818181818182
2023-07-22,"all_predictors_lagged",0.0865193988165804,0.0703114919385214,0.099429803549898,0.103124262329294,0.102070896653115,0.016207906878059,0.00105336567617963,0.708398592387707,1.05121353450073,10.0909090909091,10.0909090909091,1.81818181818182
2023-07-23,"all_predictors_lagged",0.227620143032444,0.192214505477145,0.166339937693855,0.104607837631642,0.100787303857953,0.0354056375552991,0.00382053377368927,0.555043537483646,0.743676593062339,10.9090909090909,11.0909090909091,2.09090909090909
2023-07-24,"all_predictors_lagged",0.101076717674565,0.11958369339838,0.106238649554729,0.106349962031078,0.101317770517629,-0.0185069757238146,0.00503219151344914,0.590834704399156,0.800890716553965,10.4545454545455,10.6363636363636,2.18181818181818
2023-07-25,"all_predictors_lagged",0.0978228467027072,0.0820250659100312,0.105850612381692,0.106644928286831,0.101943824007104,0.0157977807926761,0.00470110427972619,0.632706520513969,0.847165496908303,10.3636363636364,10.8181818181818,2.18181818181818
2023-07-26,"all_predictors_lagged",0.0823690601744865,0.219668480899295,0.108111463538659,0.108053612330417,0.103930846335253,-0.137299420724809,0.00412276599516398,0.66586081576096,0.757614742558044,10.2727272727273,11.2727272727273,2
2023-07-27,"all_predictors_lagged",0.139088945727981,0.142103479377204,0.16463977403567,0.108863964819358,0.105548973970542,-0.00301453364922321,0.00331499084881657,0.761313497064282,0.86284618817074,9.72727272727273,11.2727272727273,2.36363636363636
2023-07-28,"all_predictors_lagged",0.217745446931324,0.144774187282462,0.0850483835319322,0.108612822331855,0.103623748936325,0.0729712596488617,0.00498907339553072,0.67610026615173,0.881370398149754,10.2727272727273,11.0909090909091,2.09090909090909
2023-07-29,"all_predictors_lagged",0.224446135776678,0.224337556889511,0.106212080302239,0.107201801092198,0.103616313954137,0.000108578887166439,0.00358548713806111,0.737664756017762,0.87087782235639,9.54545454545454,11.7272727272727,2.18181818181818
2023-07-30,"all_predictors_lagged",0.0874517098040634,0.119736294894198,0.0976600724361486,0.106608266900211,0.102916146083656,-0.0322845850901348,0.00369212081655544,0.660760783348407,0.830077638758058,9.45454545454546,11.5454545454545,2.27272727272727
2023-07-31,"all_predictors_lagged",0.100071652224202,0.13444438523426,0.11081097477642,0.10681624461601,0.102553144493381,-0.0343727330100586,0.00426310012262947,0.691203340451203,0.824060537703425,10.2727272727273,11.4545454545455,2.36363636363636
2023-08-01,"all_predictors_lagged",0.150591301278675,0.157656571752927,0.161513431172624,0.109577807168899,0.104431455122024,-0.00706527047425235,0.00514635204687542,0.719336684205129,0.919477644551248,9.72727272727273,11.0909090909091,1.90909090909091
2023-08-02,"all_predictors_lagged",0.235796843132836,0.250783126475286,0.27576528118893,0.106286909393357,0.101198871974652,-0.0149862833424506,0.00508803741870424,0.597586868331079,0.801639536756308,10.9090909090909,11.7272727272727,2.36363636363636
2023-08-03,"all_predictors_lagged",1.16245667788698,1.3533990302675,0.0815480535854377,0.107119380708928,0.101502273944894,-0.190942352380522,0.0056171067640331,0.710801969903971,0.862260368340235,10.2727272727273,11.3636363636364,2.45454545454545
2023-08-04,"all_predictors_lagged",0.516888077371299,0.866759026216447,0.336218396924962,0.108256411858872,0.102893142595621,-0.349870948845148,0.00536326926325174,0.700381947605919,0.938047340478018,10.2727272727273,10.9090909090909,2.09090909090909
2023-08-05,"all_predictors_lagged",1.5035267852024,0.83536009698712,0.145208939854861,0.108376502759985,0.105944057563656,0.668166688215284,0.00243244519632933,0.809073932092388,0.944273918717352,9.45454545454546,11.4545454545455,2
2023-08-06,"all_predictors_lagged",0.560625488898524,0.191476507464678,0.106300772298544,0.111362671155832,0.106788346910358,0.369148981433845,0.00457432424547399,0.83810007340982,1.05867103999706,9.90909090909091,10.8181818181818,2.27272727272727
2023-08-07,"all_predictors_lagged",0.22157343462414,0.193650528590452,0.199631137304175,0.107236963872097,0.101680877915444,0.0279229060336873,0.00555608595665342,0.841399363580245,0.929992154248727,9.27272727272727,11.4545454545455,2.18181818181818
2023-08-08,"all_predictors_lagged",0.164764275257232,0.149605218148752,0.124520026576332,0.109277561210035,0.103062106836141,0.0151590571084804,0.00621545437389367,0.798026116914107,1.06644393938258,9,10.4545454545455,2
2023-08-09,"all_predictors_lagged",0.115478833898274,0.117136260490474,0.127459399992433,0.108876679233313,0.103530428407348,-0.0016574265921995,0.00534625082596503,0.936493245407984,0.972473681527692,8.54545454545454,11.3636363636364,2.18181818181818
2023-08-10,"all_predictors_lagged",0.100017346314576,0.0948423933969948,0.0958365984237728,0.109745097570403,0.103789542071993,0.00517495291758088,0.00595555549840936,0.59750114783299,1.1165052728162,10.7272727272727,10.2727272727273,1.81818181818182
2023-08-11,"all_predictors_lagged",0.117476608791442,0.108207180598061,0.0956919119701357,0.109753421684943,0.104719907198081,0.0092694281933806,0.00503351448686204,0.586040383298317,1.04287040090388,10.5454545454545,10.9090909090909,2.09090909090909
2023-08-12,"all_predictors_lagged",0.0859085628192175,0.112508501930713,0.111126111203987,0.110373037933799,0.104881148665609,-0.0265999391114952,0.00549188926818967,0.708985685070416,0.9262566515115,9.90909090909091,11.1818181818182,2.09090909090909
2023-08-13,"all_predictors_lagged",0.0883786357830961,0.0944813077322427,0.102632748312285,0.11191585243092,0.107083955260378,-0.0061026719491466,0.00483189717054239,0.737285889660207,1.11929443608651,10.7272727272727,10.3636363636364,1.90909090909091
2023-08-14,"all_predictors_lagged",0.0834134557870268,0.0810604040769955,0.102111331191557,0.11177302502555,0.107180645489354,0.00235305171003126,0.00459237953619577,0.712881835599153,1.0435785604382,10.3636363636364,10.7272727272727,2.27272727272727
2023-08-15,"all_predictors_lagged",0.0856789004532103,0.146755803957396,0.130017512014456,0.110405156419355,0.105818608720369,-0.0610769035041859,0.00458654769898635,0.803279266739733,1.10477787759124,10.2727272727273,10.2727272727273,2.09090909090909
2023-08-16,"all_predictors_lagged",0.399048502395475,0.256442532241033,0.0817729062373859,0.110355077923056,0.104957170697102,0.142605970154442,0.0053979072259545,0.97731278687994,1.19169074585745,9.90909090909091,10.0909090909091,1.81818181818182
2023-08-17,"all_predictors_lagged",0.153937981150345,0.151129003107963,0.122872686288984,0.110184126640503,0.106273151457975,0.00280897804238267,0.00391097518252789,0.827639491001195,1.17521620053943,9.72727272727273,10,1.63636363636364
2023-08-18,"all_predictors_lagged",3.44490352140195,3.54336191374105,3.33282700342753,0.107373901152321,0.103014233266186,-0.0984583923390915,0.00435966788613524,0.923218392503562,1.11650551744436,9.27272727272727,10.4545454545455,2.18181818181818
2023-08-19,"all_predictors_lagged",1.40276930054056,0.904847759455273,0.098513850320594,0.130618449133785,0.126110005822899,0.497921541085288,0.00450844331088626,0.720800880578378,1.09046681096246,9.90909090909091,10.2727272727273,1.63636363636364
2023-08-20,"all_predictors_lagged",0.200775390304393,0.258279309195175,0.128255699510058,0.129350650956422,0.124128739747407,-0.0575039188907821,0.00522191120901509,0.757126427165093,0.886307031528487,9.54545454545454,11.1818181818182,1.90909090909091
2023-08-21,"all_predictors_lagged",0.0894329450803924,0.0753524156691189,0.0688958679814551,0.12929521932804,0.125073282926745,0.0140805294112735,0.0042219364012952,0.700335783348285,1.13354038558094,10.2727272727273,10.6363636363636,1.81818181818182
2023-08-22,"all_predictors_lagged",0.10082701227546,0.0911234731747893,0.095872754285158,0.12733905509292,0.121233221562025,0.0097035391006706,0.0061058335308953,0.792016107228181,0.967817470170996,10.3636363636364,11,1.90909090909091
2023-08-23,"all_predictors_lagged",0.179080276042562,0.114034960036376,0.119400523087069,0.125868256274607,0.121477650879493,0.0650453160061858,0.00439060539511442,0.712373617391473,1.08119030010326,10.8181818181818,10.7272727272727,1.72727272727273
2023-08-24,"all_predictors_lagged",0.297657166653297,0.229597980847565,0.175556000856489,0.125832595416791,0.121112377518403,0.0680591858057321,0.00472021789838767,0.832036472035474,1.05501654334777,10.3636363636364,10.4545454545455,1.63636363636364
2023-08-25,"all_predictors_lagged",0.370888612067951,0.391611236713244,0.33985255111039,0.125465108453898,0.12101091085999,-0.0207226246452929,0.00445419759390765,0.926561401955241,1.06946816325294,10.1818181818182,10.2727272727273,1.81818181818182
2023-08-26,"all_predictors_lagged",0.360755538937271,0.344059367656642,0.0908660616766205,0.12554071525053,0.121210054868427,0.0166961712806291,0.00433066038210269,0.743039362057314,1.05846035478392,10.7272727272727,9.81818181818182,1.63636363636364
2023-08-27,"all_predictors_lagged",0.0767365229215046,0.0621307543226108,0.0866219015987146,0.123988426151554,0.120529980657746,0.0146057685988938,0.00345844549380818,0.605284503071998,1.04314052829045,10.3636363636364,10.4545454545455,2
2023-08-28,"all_predictors_lagged",0.114743604626657,0.101562045669366,0.125407934535413,0.123766281759378,0.12022599420263,0.0131815589572906,0.00354028755674831,0.695890207275865,1.08959252819642,10.5454545454545,10.4545454545455,1.90909090909091
2023-08-29,"all_predictors_lagged",0.0965427819366387,0.0807092873045859,0.0985528804601648,0.123083682226677,0.120571441448059,0.0158334946320528,0.00251224077861803,0.646266342737855,1.00671469400471,10.2727272727273,11.0909090909091,2
2023-08-30,"all_predictors_lagged",0.269351141722333,0.358598103545481,0.146788845999751,0.122427983225007,0.119980171355415,-0.089246961823148,0.00244781186959176,0.62605868745322,0.962849166244666,10.4545454545455,11.5454545454545,2.09090909090909
2023-08-31,"all_predictors_lagged",0.179365757266384,0.132234683926279,0.0939834602557753,0.124604615490032,0.121846860581464,0.0471310733401055,0.00275775490856804,0.816742359797896,1.0195534515823,10.0909090909091,11.2727272727273,2.09090909090909
2023-09-01,"all_predictors_lagged",0.268526574491694,0.388388411539288,0.195708835170089,0.125398557275598,0.122902515085509,-0.119861837047593,0.00249604219008837,0.852479118050894,1.08054818988467,10,10.7272727272727,1.81818181818182
2023-09-02,"all_predictors_lagged",0.110607689006407,0.196498987877539,0.17746997041414,0.125878887591595,0.123357682888168,-0.0858912988711325,0.00252120470342631,0.99468793551696,1.08847450966416,9.54545454545454,10.5454545454545,1.90909090909091
2023-09-03,"all_predictors_lagged",0.18723611085818,0.106497687638396,0.149410668222619,0.128586138684124,0.123975344910432,0.0807384232197835,0.0046107937736922,1.09247889872533,1.07371038825284,9.45454545454546,10.6363636363636,1.90909090909091
2023-09-04,"all_predictors_lagged",0.0790116473216095,0.14170485844235,0.124205508182115,0.126692103492781,0.12488243063644,-0.062693211120741,0.00180967285634074,0.85304132489831,1.17749963761563,9.81818181818182,9.90909090909091,1.54545454545455
2023-09-05,"all_predictors_lagged",0.0997661407760186,0.0833953544151387,0.0884427360544163,0.12715638869179,0.124980349031316,0.0163707863608799,0.00217603966047434,0.89286965621387,1.03684297097546,9.81818181818182,10.9090909090909,1.63636363636364
2023-09-06,"all_predictors_lagged",0.100770469891486,0.0954889224520069,0.0929271032481526,0.126369846397561,0.124804452189221,0.00528154743947877,0.00156539420833981,0.922424025957829,1.10299757004562,9.90909090909091,10.5454545454545,1.72727272727273
2023-09-07,"all_predictors_lagged",0.0863207475726485,0.0804816914209195,0.0882530676039197,0.125301237689902,0.124274193576037,0.00583905615172895,0.00102704411386448,0.881088266206855,1.05299195363419,9.45454545454546,10.0909090909091,1.72727272727273
2023-09-08,"all_predictors_lagged",0.156191221953417,0.124467761250435,0.140676159762377,0.127658703092241,0.125555990613405,0.0317234607029819,0.00210271247883552,0.929253046346694,1.11499085729566,9.63636363636364,9.81818181818182,1.63636363636364
2023-09-09,"all_predictors_lagged",0.135120327404344,0.224781511637293,0.133301545313278,0.127854094527106,0.125487822775612,-0.0896611842329484,0.00236627175149379,0.96224281602497,1.09001028932376,9.27272727272727,10.2727272727273,1.45454545454545
2023-09-10,"all_predictors_lagged",0.089163846871594,0.234062932967671,0.0749361168046207,0.125934457472459,0.122179150071157,-0.144899086096077,0.00375530740130256,1.03243621584396,1.01252703030592,9.45454545454546,10.8181818181818,1.54545454545455
2023-09-11,"all_predictors_lagged",0.170970139014834,0.130670287067819,0.0912936145871192,0.123139626228247,0.119030204961502,0.040299851947015,0.00410942126674544,1.03681546619763,1.10001335892292,9.54545454545454,10.7272727272727,1.45454545454545
2023-09-12,"all_predictors_lagged",0.154424416261927,0.121753070902862,0.141979816020535,0.122472047755607,0.119065237942339,0.0326713453590644,0.00340680981326847,0.761533592780546,0.980515872365183,10.0909090909091,10.5454545454545,1.63636363636364
2023-09-13,"all_predictors_lagged",0.19649914791572,0.133560398041136,0.143992735771598,0.122786516502178,0.11948855519412,0.0629387498745838,0.00329796130805784,0.884540097161266,1.00082485448047,10,10.5454545454545,1.54545454545455
2023-09-14,"all_predictors_lagged",0.226601952215245,0.229126099653624,0.212674351757358,0.12265168777534,0.120569409690991,-0.00252414743837926,0.00208227808434891,0.999368800059234,1.04449238733674,9.45454545454546,9.90909090909091,1.36363636363636
2023-09-15,"all_predictors_lagged",0.367271306540172,0.527780695575206,0.172073144356628,0.122894187451464,0.118336700688786,-0.160509389035034,0.00455748676267781,0.935904239760393,0.936928924260987,9.81818181818182,10.7272727272727,1.63636363636364
2023-09-16,"all_predictors_lagged",0.19770397337045,0.301631290881443,0.233237098925,0.12448664699465,0.118223788091035,-0.103927317510994,0.00626285890361522,0.767081335483262,0.948103191864487,9.90909090909091,10.0909090909091,1.72727272727273
2023-09-17,"all_predictors_lagged",0.106071529623355,0.110423363438491,0.113750390844105,0.125148374768125,0.119408133445009,-0.00435183381513586,0.00574024132311598,0.907531176776108,0.916541171712898,9.27272727272727,10.2727272727273,1.54545454545455
2023-09-18,"all_predictors_lagged",0.161025741522996,0.115179630769893,0.137333509520543,0.126946149366283,0.121609693033143,0.0458461107531029,0.00533645633314014,0.929074806285767,0.951271504314165,8.90909090909091,10.1818181818182,1.72727272727273
2023-09-19,"all_predictors_lagged",0.0918016602128985,0.0864894189309558,0.0935407964922221,0.126425150476282,0.120977862346255,0.00531224128194272,0.00544728813002644,0.909150316324282,1.11005355691474,8.81818181818182,9.45454545454546,1.54545454545455
2023-09-20,"all_predictors_lagged",0.112826631727126,0.110970095832935,0.10884156149597,0.126977296178294,0.121398537929478,0.00185653589419109,0.00557875824881619,0.844452978703274,1.01305812388459,9.72727272727273,10,1.54545454545455
2023-09-21,"all_predictors_lagged",0.114586703887659,0.104663909483881,0.0899440427467526,0.127598971694754,0.121237584617516,0.00992279440377802,0.00636138707723775,0.872010280510827,1.21985391935687,10,9.09090909090909,1.54545454545455
2023-09-22,"all_predictors_lagged",0.139587263210664,0.109387037009751,0.0910886555373846,0.127245831764601,0.121371648257212,0.0302002262009124,0.00587418350738911,0.900789595860915,1.02340198863106,9.45454545454546,9.90909090909091,1.63636363636364
2023-09-23,"all_predictors_lagged",0.097454944947465,0.0843079796730562,0.096093401952179,0.125957247499481,0.120083809636671,0.0131469652744089,0.00587343786281032,0.804965275623108,1.11283566563009,10.2727272727273,9.36363636363636,1.54545454545455
2023-09-24,"all_predictors_lagged",0.29801563709216,0.211453938204353,0.205856663058882,0.125403119540705,0.117891227934045,0.0865616988878072,0.00751189160666067,0.720414507821573,1.08833921372098,10.5454545454545,9.81818181818182,1.72727272727273
2023-09-25,"all_predictors_lagged",0.191845989409541,0.104200085187539,0.132924194812694,0.126394001633633,0.119653777973533,0.0876459042220028,0.00674022366010067,0.988853976643925,1.24942129051788,9.54545454545454,9.27272727272727,1.72727272727273
2023-09-26,"all_predictors_lagged",0.110224508075034,0.092680176881493,0.108630449220107,0.129155599179482,0.121048071705865,0.0175443311935412,0.00810752747361738,0.956620309222894,1.13840912943226,8.90909090909091,10,1.81818181818182
2023-09-27,"all_predictors_lagged",0.140975051794368,0.132862089776961,0.103813483535005,0.127629216130788,0.118283410474198,0.00811296201740712,0.0093458056565895,1.08926053575711,1.20040986209481,9.09090909090909,9.90909090909091,1.54545454545455
2023-09-28,"all_predictors_lagged",0.128140914141762,0.0735987969749645,0.10537940469522,0.124516928570469,0.116344007319888,0.0545421171667973,0.00817292125058119,1.09011051704462,1.10721069655667,9.18181818181818,9.54545454545454,1.45454545454545
2023-09-29,"all_predictors_lagged",0.427082096283726,0.136770955808408,0.07015612848018,0.122777667769911,0.113958580468322,0.290311140475318,0.00881908730158917,1.0321541162428,1.05243636774434,8.81818181818182,10.4545454545455,1.72727272727273
2023-09-30,"all_predictors_lagged",0.0867958445177559,0.0744995536118995,0.0939930334425342,0.12123295878947,0.112322580665646,0.0122962909058564,0.00891037812382353,0.914364809673268,1.08647964033911,9.18181818181818,10.2727272727273,1.81818181818182
2023-10-01,"all_predictors_lagged",0.119361498183519,0.106964873696232,0.136518557516179,0.122042602595888,0.112544378614863,0.0123966244872874,0.00949822398102469,1.08050625578392,1.11031796644487,8.81818181818182,10,1.81818181818182
2023-10-02,"all_predictors_lagged",0.146235591349446,0.146945257896702,0.154244962215875,0.122366728827524,0.112721472817556,-0.000709666547256102,0.00964525600996841,1.04772904467484,1.07350489547147,9.18181818181818,10.4545454545455,1.81818181818182
2023-10-03,"all_predictors_lagged",0.155176169515405,0.129168132123574,0.158399223790116,0.123618709947174,0.113798898773857,0.0260080373918314,0.00981981117331704,0.866845687311489,1.10885546237325,9.81818181818182,10.4545454545455,1.81818181818182
2023-10-04,"all_predictors_lagged",0.196727867168279,0.109935340027354,0.157150535036904,0.122522301537119,0.114788407359507,0.0867925271409247,0.0077338941776115,0.922915051057748,1.27088068464478,10.3636363636364,9.72727272727273,1.63636363636364
2023-10-05,"all_predictors_lagged",0.323016823068618,0.148319742656766,0.0999263323596479,0.121518905345456,0.112774545782112,0.174697080411852,0.00874435956334392,0.840057383826692,1.21562612427104,10.1818181818182,9.63636363636364,1.54545454545455
2023-10-06,"all_predictors_lagged",0.158405551927226,0.143673606972995,0.159470180602595,0.122380730667191,0.114788309398205,0.0147319449542307,0.00759242126898628,0.818541143707574,1.33737547352005,10.1818181818182,9.36363636363636,1.45454545454545
2023-10-07,"all_predictors_lagged",0.180749148065432,0.148060746568781,0.130115147852726,0.122003707096453,0.113240958011164,0.0326884014966503,0.00876274908528914,1.09296421576364,1.34666450308236,9.63636363636364,9.45454545454546,1.45454545454545
2023-10-08,"all_predictors_lagged",0.266683594345214,0.165448592743461,0.117265529744285,0.123799565776755,0.113990201089582,0.101235001601753,0.00980936468717264,1.13139013297823,1.25712738751051,9.72727272727273,10.2727272727273,1.72727272727273
2023-10-09,"all_predictors_lagged",0.128596334330969,0.127249761249895,0.132115079637222,0.12274507185211,0.112379592645607,0.00134657308107329,0.010365479206503,1.08376947871678,1.22020290217577,9.72727272727273,10.2727272727273,1.63636363636364
2023-10-10,"all_predictors_lagged",0.211228444056799,0.229146739213583,0.121919870522722,0.122219107161734,0.112906497979547,-0.0179182951567842,0.00931260918218646,0.937471615479319,1.27702541953386,10.8181818181818,10.1818181818182,1.63636363636364
2023-10-11,"all_predictors_lagged",0.178012874946699,0.129957940843062,0.105200308016376,0.124130105946872,0.118276692301409,0.0480549341036373,0.00585341364546262,1.12799919100044,1.30615799050945,9.54545454545454,9.90909090909091,1.36363636363636
2023-10-12,"all_predictors_lagged",0.0776499303151569,0.186332164839151,0.0983885048575835,0.125856567364418,0.116663997976975,-0.108682234523994,0.00919256938744319,1.11858096911241,1.24358384001248,9.54545454545454,10.3636363636364,1.54545454545455
2023-10-13,"all_predictors_lagged",0.109433280300642,0.0875878187549554,0.0829517211064102,0.12530155040428,0.117496716860623,0.0218454615456869,0.00780483354365751,0.96813194839185,1.31128037714021,10.1818181818182,10,1.63636363636364
2023-10-14,"all_predictors_lagged",0.227691737560333,0.18863073619508,0.15585984656571,0.123835019736491,0.117952435617807,0.0390610013652534,0.00588258411868345,1.11830292242518,1.50094913004231,9.54545454545454,10.0909090909091,1.90909090909091
2023-10-15,"all_predictors_lagged",0.110195578429742,0.145747181942269,0.118029103099834,0.127261940181536,0.117442750810474,-0.035551603512527,0.00981918937106223,1.00754262674969,1.20258427224756,9.90909090909091,10.3636363636364,2
2023-10-16,"all_predictors_lagged",0.139210496784956,0.0807162857608069,0.100825570727465,0.128111021539195,0.117934836516623,0.0584942110241496,0.0101761850225715,0.988255003983099,1.19220788554169,9.81818181818182,10.6363636363636,2
2023-10-17,"all_predictors_lagged",0.371988965640327,0.16002298891187,0.106908550273708,0.128620826908678,0.118672859828175,0.211965976728457,0.00994796708050265,0.904248043487766,1.24155092467972,10.4545454545455,10.7272727272727,1.90909090909091
2023-10-18,"all_predictors_lagged",0.483552578962605,0.112068259651864,0.0852556942182882,0.128733712578435,0.117879435928358,0.371484319310741,0.0108542766500774,0.774473951581236,1.1560828340824,10.6363636363636,11.1818181818182,1.90909090909091
2023-10-19,"all_predictors_lagged",0.184448843212055,0.154202861782183,0.113272908826761,0.128758634785666,0.118870070187625,0.030245981429872,0.00988856459804049,0.8336956400843,1.44818176654657,9.72727272727273,9.63636363636364,2
2023-10-20,"all_predictors_lagged",0.209664652353017,0.162387327958485,0.161031573521707,0.132757853409875,0.123913022407184,0.0472773243945323,0.00884483100269057,0.994770092178565,1.50900355997204,9.36363636363636,9.54545454545454,1.81818181818182
2023-10-21,"all_predictors_lagged",0.502422568176931,0.356611382227069,0.215341391632413,0.132075626634854,0.121183379418964,0.145811185949862,0.0108922472158897,0.94580879806414,1.4502468427482,10.1818181818182,10.0909090909091,1.81818181818182
2023-10-22,"all_predictors_lagged",0.196640558997213,0.193988960128615,0.126218066259833,0.128441349589896,0.119563196633194,0.00265159886859711,0.00887815295670177,0.98226253303336,1.38882375287617,8.90909090909091,10,1.81818181818182
2023-10-23,"all_predictors_lagged",0.418149831900556,0.368379222131418,0.338952262091952,0.127057638428423,0.118405035274903,0.0497706097691373,0.00865260315351935,0.882407789779996,1.24047929868931,9.81818181818182,10.1818181818182,1.90909090909091
2023-10-24,"all_predictors_lagged",0.393810375843991,0.327081151222263,0.156305096967027,0.12806076831006,0.119390136654008,0.0667292246217281,0.00867063165605235,0.926811162562614,1.15956044494329,9.63636363636364,10.4545454545455,1.81818181818182
2023-10-25,"all_predictors_lagged",0.258495867944474,0.309862651919108,0.285199385126564,0.128479139694422,0.118911644581437,-0.0513667839746342,0.00956749511298577,1.00339433702915,1.32255621939359,9.27272727272727,10,1.81818181818182
2023-10-26,"all_predictors_lagged",0.274425645480172,0.153242940506052,0.147933868187131,0.127870958533566,0.118140266592099,0.12118270497412,0.00973069194146762,0.888800133368448,1.24884568462704,10.1818181818182,10.1818181818182,1.72727272727273
2023-10-27,"all_predictors_lagged",0.119527439062427,0.131703761979614,0.107010082785976,0.127941120248778,0.119499082788313,-0.0121763229171875,0.00844203746046456,0.907266353855853,1.36635311525733,9.45454545454546,9.63636363636364,1.63636363636364
2023-10-28,"all_predictors_lagged",0.131182966842695,0.119917541347197,0.112244112669075,0.126807791280707,0.117241604426267,0.0112654254954978,0.00956618685444074,0.793308407440125,1.22562709212885,9.90909090909091,10.1818181818182,1.54545454545455
2023-10-29,"all_predictors_lagged",0.0877870155200421,0.203430026515092,0.112248861821161,0.129085505249271,0.117740936220568,-0.11564301099505,0.0113445690287036,0.660503552078859,1.22260663167144,10.6363636363636,10,1.63636363636364
2023-10-30,"all_predictors_lagged",0.314972088484947,0.269363835631549,0.169033860158662,0.127458445388761,0.119038197991129,0.0456082528533977,0.00842024739763251,0.709590245192203,1.24597751401101,10.6363636363636,9.36363636363636,1.54545454545455
2023-10-31,"all_predictors_lagged",0.149654969501345,0.11948160458874,0.116365352087712,0.127440046069046,0.119196803768696,0.0301733649126049,0.00824324230034985,0.750672400350183,1.26351438809321,10.1818181818182,10.0909090909091,1.72727272727273
2023-11-01,"all_predictors_lagged",0.122647550753851,0.128802455981182,0.130281728881115,0.127612533859041,0.118968527419855,-0.00615490522733151,0.00864400643918576,0.937784212540336,1.16769389991265,9.18181818181818,10.6363636363636,1.72727272727273
2023-11-02,"all_predictors_lagged",0.105034424552476,0.0901409363726583,0.0997779578412247,0.128318463887493,0.118437863459459,0.0148934881798179,0.00988060042803386,0.736044875058409,1.22475940153181,10.3636363636364,9.90909090909091,1.63636363636364
2023-11-03,"all_predictors_lagged",0.24941873243385,0.287887205379277,0.177341641593647,0.122167236016514,0.113323329939097,-0.038468472945427,0.00884390607741707,0.932553048977806,1.07378837490077,9.81818181818182,10.5454545454545,2
2023-11-04,"all_predictors_lagged",0.116943308132693,0.128936083684442,0.114972445286917,0.122407294080423,0.113986652323886,-0.0119927755517487,0.00842064175653684,0.97877792804951,1.16550555373124,10.0909090909091,10.1818181818182,1.90909090909091
2023-11-05,"all_predictors_lagged",0.0660912053012605,0.062908278745915,0.090220296698784,0.120833826471534,0.112612496581365,0.00318292655534548,0.00822132989016914,1.0499435838658,1.22552467887624,9.72727272727273,9.54545454545454,1.90909090909091
2023-11-06,"all_predictors_lagged",0.302724133578569,0.286969217551768,0.291039756989261,0.120082158009534,0.111546491950519,0.0157549160268013,0.00853566605901533,0.93360170380544,1.23979011704216,9.72727272727273,9.63636363636364,1.90909090909091
2023-11-07,"all_predictors_lagged",0.143155621282334,0.157849376425255,0.145564103196875,0.11720447504435,0.108253839793439,-0.0146937551429204,0.00895063525091093,0.883419633520022,1.34606615936636,9.81818181818182,9.63636363636364,2.18181818181818
2023-11-08,"all_predictors_lagged",0.189064096017358,0.287997511517614,0.127337849635465,0.116899454197585,0.110398349779644,-0.0989334155002559,0.00650110441794113,1.09138289980532,1.26905838261772,8.90909090909091,9.72727272727273,2
2023-11-09,"all_predictors_lagged",0.322941025530313,0.148049913330477,0.237073668234522,0.116548703076241,0.108477582462112,0.174891112199836,0.0080711206141296,1.03878037692925,1.24638570954026,9.72727272727273,10.3636363636364,1.81818181818182
2023-11-10,"all_predictors_lagged",0.169019436707337,0.190646956562874,0.144789072974945,0.114851416546677,0.108596153101079,-0.0216275198555363,0.00625526344559775,0.897467847617996,1.17797972864621,9.63636363636364,10.4545454545455,1.90909090909091
2023-11-11,"all_predictors_lagged",0.167350618276387,0.197260672978537,0.0791732956206897,0.112840195140628,0.105177422307403,-0.0299100547021503,0.00766277283322557,0.864736830936958,1.09138825059768,9.90909090909091,10.7272727272727,2.09090909090909
2023-11-12,"all_predictors_lagged",0.214056674193039,0.195586679619743,0.162462894059849,0.109527102081242,0.104380557728879,0.0184699945732954,0.00514654435236392,1.00710785182243,1.15165146496191,9.45454545454546,9.81818181818182,1.72727272727273
2023-11-13,"all_predictors_lagged",0.15594213449315,0.143976600110085,0.108095819743959,0.110963268047935,0.103602243127309,0.011965534383065,0.00736102492062588,0.928442633056192,1.14443964955359,9.54545454545454,9.72727272727273,1.81818181818182
2023-11-14,"all_predictors_lagged",0.274222858374496,0.264985573355481,0.285473509714554,0.11081132074526,0.104899888891708,0.00923728501901457,0.00591143185355206,0.849103270670014,1.05157745314735,9.54545454545454,10,1.81818181818182
2023-11-15,"all_predictors_lagged",0.771888801058107,0.561718275210733,0.221993305859761,0.113788319969022,0.105029495149062,0.210170525847374,0.00875882481995927,1.00008288217005,0.947557078583504,9.72727272727273,10.5454545454545,1.90909090909091
2023-11-16,"all_predictors_lagged",0.181828734685249,0.174231094050533,0.175668765403428,0.114637150858479,0.106809025580067,0.0075976406347162,0.00782812527841172,1.21647935158251,1.2557668940944,9.27272727272727,9.90909090909091,1.81818181818182
2023-11-17,"all_predictors_lagged",0.275209981414672,0.17843921414032,0.0927207571528197,0.0921577983223304,0.0905998512621741,0.0967707672743524,0.00155794706015629,0.943178273824681,1.23559659932593,9.72727272727273,10,1.54545454545455
2023-11-18,"all_predictors_lagged",0.434587875275463,0.434058406086134,0.385736794812501,0.0927634052901304,0.0912339345252434,0.000529469189328957,0.00152947076488702,1.15178769417783,1.22395385385135,8.54545454545454,10.1818181818182,1.72727272727273
2023-11-19,"all_predictors_lagged",0.119889478097827,0.109040845604214,0.0870808132984509,0.0937809827583995,0.0924412048587406,0.0108486324936135,0.00133977789965887,1.03329523990737,1.26518220594872,8.72727272727273,10.2727272727273,1.63636363636364
2023-11-20,"all_predictors_lagged",0.243497044341199,0.257552230890211,0.387820588248176,0.0953857190717995,0.0943231981568095,-0.0140551865490123,0.00106252091499005,1.27125864105977,1.18068499892222,8.63636363636364,10.5454545454545,1.63636363636364
2023-11-21,"all_predictors_lagged",0.249466698634805,0.193040342000529,0.111574811843842,0.093187417587945,0.0914152996131619,0.0564263566342764,0.0017721179747831,1.23450922129223,1.20762540147136,8.36363636363636,10.0909090909091,1.81818181818182
2023-11-22,"all_predictors_lagged",0.444860499034052,0.534620994101761,0.409177906648325,0.0937059763570074,0.0920576581300388,-0.0897604950677084,0.00164831822696866,1.35370368377464,1.18451978526444,7.90909090909091,9.90909090909091,1.54545454545455
2023-11-23,"all_predictors_lagged",0.388353211283122,0.338639529895332,0.23786717499707,0.0964192353805897,0.0930063127889224,0.04971368138779,0.00341292259166732,1.25951731181401,1.35258290387968,9,9.45454545454546,1.81818181818182
2023-11-24,"all_predictors_lagged",0.229972016400212,0.243330186841483,0.218254401165992,0.0966347782726185,0.0921598066650402,-0.0133581704412709,0.00447497160757831,1.08254210457751,1.23748921540887,8.27272727272727,9.72727272727273,1.36363636363636
2023-11-25,"all_predictors_lagged",0.0891511274685972,0.0956980305789793,0.0997263220786904,0.0966324867085725,0.0924071188642132,-0.00654690311038213,0.00422536784435931,1.17242520048196,1.24290924894695,8.27272727272727,9.45454545454546,1.45454545454545
2023-11-26,"all_predictors_lagged",0.0930014452134081,0.0831651314441822,0.0946417009105183,0.0959198099209263,0.0923109597079585,0.00983631376922596,0.00360885021296785,1.00564776794079,1.2033777506118,8.72727272727273,9.63636363636364,1.72727272727273
2023-11-27,"all_predictors_lagged",0.151069814240893,0.162261798196077,0.114208587653304,0.0958531327871452,0.0907646188296356,-0.0111919839551839,0.00508851395750956,1.29653739131269,1.27697098188918,8.09090909090909,9.36363636363636,1.36363636363636
2023-11-28,"all_predictors_lagged",0.234965333065135,0.251124439523625,0.216928476747176,0.0967578114739901,0.0923703203480024,-0.0161591064584898,0.00438749112598773,0.972951473954919,1.06265582324258,8.54545454545454,9.90909090909091,1.63636363636364
2023-11-29,"all_predictors_lagged",0.0786543186831414,0.113898195550808,0.0944680806766044,0.0969534759371286,0.0908346388873888,-0.0352438768676663,0.00611883704973983,0.992182719842367,1.14809043225519,8.72727272727273,9.90909090909091,1.72727272727273
2023-11-30,"all_predictors_lagged",0.183158962166579,0.270180180693006,0.353621929199346,0.0947778452817745,0.0917692173143534,-0.0870212185264277,0.00300862796742108,0.986466800642077,1.28247238929365,8.72727272727273,9.72727272727273,1.63636363636364
2023-12-01,"all_predictors_lagged",0.0864677385047211,0.0594162276502177,0.0642245227071124,0.0951972846925386,0.0905439886880896,0.0270515108545034,0.00465329600444903,1.09242357305067,1.17954491728923,8.18181818181818,9.72727272727273,1.81818181818182
2023-12-02,"all_predictors_lagged",0.0951200078765227,0.0845010548056157,0.0952348304522948,0.095750166799818,0.0920680533322305,0.010618953070907,0.00368211346758747,0.789130189706917,1.35482810014334,9,9.18181818181818,1.63636363636364
2023-12-03,"all_predictors_lagged",0.0850399084573537,0.109251060350381,0.0975168769498893,0.0950816878395467,0.0898671662394841,-0.0242111518930276,0.00521452160006255,0.802927908392366,1.25697806667713,9.18181818181818,9.36363636363636,1.72727272727273
2023-12-04,"all_predictors_lagged",0.282870887599943,0.219865254744107,0.167065274375632,0.0979046277914979,0.0930503148436974,0.0630056328558359,0.00485431294780051,1.02733755467952,1.63501621506057,8.45454545454546,8.18181818181818,1.72727272727273
2023-12-05,"all_predictors_lagged",0.440064317139783,0.386555795171426,0.282255060629996,0.098632073076579,0.0931176907327164,0.053508521968358,0.00551438234386261,0.881146452749072,1.45384183206366,9,8.81818181818182,2
2023-12-06,"all_predictors_lagged",0.0812235784474461,0.0778693572713978,0.0876341057542938,0.100184979788094,0.0953898993127929,0.00335422117604824,0.00479508047530069,0.95053309094197,1.37291540196893,8,9.18181818181818,2
2023-12-07,"all_predictors_lagged",0.0717160312503336,0.0555984992289371,0.0605592250922761,0.102721474344603,0.096257520837884,0.0161175320213965,0.00646395350671935,0.90639994420031,1.36850959385624,8.45454545454546,9.18181818181818,1.81818181818182
2023-12-08,"all_predictors_lagged",0.239184700170736,0.0982689429826516,0.0861645195259295,0.1025849662982,0.095889821197937,0.140915757188085,0.00669514510026314,0.851617691586195,1.38696152164808,9.27272727272727,9.45454545454546,1.63636363636364
2023-12-09,"all_predictors_lagged",0.141039127130648,0.220635898248749,0.114930064464671,0.101950003581207,0.0935899088229943,-0.0795967711181001,0.00836009475821236,1.03724465938523,1.19825530290394,8.27272727272727,9.72727272727273,1.72727272727273
2023-12-10,"all_predictors_lagged",0.142248432489624,0.178535502785528,0.166953564035045,0.101728831284538,0.0944489804694037,-0.0362870702959039,0.00727985081513386,0.935467257022694,1.23871578714099,9.45454545454546,9.45454545454546,1.63636363636364
2023-12-11,"all_predictors_lagged",0.238823573162185,0.25054995396832,0.215668217845929,0.103053919429888,0.095523950428555,-0.0117263808061347,0.007529969001333,0.92347990623935,0.988344454523455,9.27272727272727,10.4545454545455,1.81818181818182
2023-12-12,"all_predictors_lagged",0.180670511149451,0.178390029526965,0.104903064950872,0.103168950372878,0.0952822815054571,0.00228048162248568,0.00788666886742049,0.821060009988583,0.995611930896673,9.90909090909091,10.9090909090909,1.90909090909091
2023-12-13,"all_predictors_lagged",0.481476027683781,0.407599627930378,0.332091452741133,0.102826516948711,0.0958586515410291,0.0738763997534027,0.00696786540768217,0.930605255961745,1.03704233214817,9.63636363636364,10.1818181818182,1.81818181818182
2023-12-14,"all_predictors_lagged",0.626813313871003,0.550210883483862,0.162325865499333,0.102031777969308,0.0949072993309649,0.0766024303871414,0.0071244786383436,0.855982964017541,0.997944027885266,9.18181818181818,10.1818181818182,1.90909090909091
2023-12-15,"all_predictors_lagged",0.158292386870242,0.112487284528859,0.0997207314562585,0.101327027774064,0.0926452060977422,0.0458051023413823,0.00868182167632196,0.814297937957722,1.04065037615309,9.72727272727273,9.63636363636364,1.54545454545455
2023-12-16,"all_predictors_lagged",0.554979697080744,0.640415835494847,0.324050502112917,0.100712766577299,0.0923491612219068,-0.085436138414103,0.0083636053553924,0.762732358372867,1.15092085249779,9.81818181818182,9.90909090909091,1.72727272727273
2023-12-17,"all_predictors_lagged",0.212280203047467,0.422884270232255,0.247067426723165,0.098799360555179,0.0895200964096294,-0.210604067184788,0.00927926414554964,0.74698558579471,1.3128537171543,10,9.45454545454546,1.72727272727273
2023-12-18,"all_predictors_lagged",0.105769186717065,0.447410181281096,0.218209719151929,0.0988407794679945,0.0919163659684407,-0.341640994564031,0.00692441349955388,0.677966509430781,1.27041149031513,10.3636363636364,9.63636363636364,2
2023-12-19,"all_predictors_lagged",0.165136631849223,0.163451490069638,0.0784568981920511,0.0972170598829919,0.089646375753308,0.00168514177958514,0.0075706841296839,0.786785076775935,1.12583711474066,10.1818181818182,10.8181818181818,2
2023-12-20,"all_predictors_lagged",0.128987009485249,0.115920039634397,0.134602481656749,0.0962447104839903,0.0894263817037897,0.0130669698508513,0.00681832878020058,0.861452674726369,1.30658896680201,10.0909090909091,10.2727272727273,1.81818181818182
2023-12-21,"all_predictors_lagged",0.171337716264026,0.248985615043057,0.203794225024071,0.0972203437334066,0.0900626201530642,-0.0776478987790313,0.00715772358034244,1.13651027247708,1.34507514979145,9.09090909090909,9.81818181818182,1.72727272727273
2023-12-22,"all_predictors_lagged",0.412802249960715,0.338986210102396,0.112797992091768,0.098147854840823,0.0906712245495891,0.0738160398583187,0.00747663029123389,1.21053289477514,1.26964414066555,8.63636363636364,10.0909090909091,1.72727272727273
2023-12-23,"all_predictors_lagged",0.444218805794212,0.441857847272283,0.448604920944756,0.100567941769829,0.0932089124677324,0.00236095852192838,0.00735902930209633,1.16631862127711,1.20552357823685,9,10.5454545454545,1.72727272727273
2023-12-24,"all_predictors_lagged",0.484480114552718,0.583161121225788,0.52622853993617,0.101309603433651,0.094589921911321,-0.0986810066730699,0.00671968152233024,1.00494132154149,1.18815668344002,9.09090909090909,10.3636363636364,1.81818181818182
2023-12-25,"all_predictors_lagged",0.201957154904545,0.177556441128241,0.185028438643378,0.0999263301604304,0.092944398526503,0.0244007137763041,0.00698193163392746,0.828276564705001,1.42217462744175,9.63636363636364,9.45454545454546,1.81818181818182
2023-12-26,"all_predictors_lagged",0.153081521459603,0.0796944029562816,0.261913582075205,0.100116879047329,0.0921744735919232,0.0733871185033211,0.00794240545540583,1.07266285002031,1.36301998130778,9.27272727272727,9.72727272727273,1.72727272727273
2023-12-27,"all_predictors_lagged",0.246602786472702,0.275955651421296,0.155266314305768,0.100882131070678,0.0923605565108262,-0.0293528649485938,0.00852157455985221,1.11529176429345,1.26441636515729,9.09090909090909,10.2727272727273,1.81818181818182
2023-12-28,"all_predictors_lagged",0.0796704707943832,0.0804106039072028,0.105667187835154,0.101667090725123,0.0926772331270875,-0.00074013311281952,0.00898985759803567,0.863487856381698,1.07028913403108,9.81818181818182,10.8181818181818,2
2023-12-29,"all_predictors_lagged",0.769976926906556,0.851534938902423,1.05570890603711,0.101589767304467,0.0921963286088351,-0.0815580119958672,0.00939343869563235,0.980234871325684,1.05566365873705,9.81818181818182,11,2
2023-12-30,"all_predictors_lagged",0.225126558142135,0.257506911433876,0.250459291341292,0.109043588756719,0.0995742857169489,-0.0323803532917417,0.00946930303976981,0.888694906645167,1.05073348219814,10.3636363636364,11.2727272727273,2.18181818181818
2023-12-31,"all_predictors_lagged",0.423005157399326,0.513150532630175,0.170083526318725,0.10736931414841,0.0998070262626722,-0.0901453752308495,0.00756228788573785,0.77888311194284,1.18984138686169,11.1818181818182,11,1.90909090909091
2024-01-01,"all_predictors_lagged",0.371766311244582,0.4538443481144,0.436123155856734,0.107455321152972,0.101530332991333,-0.0820780368698182,0.00592498816163855,0.86525977661627,1.26626075839615,10.3636363636364,10.8181818181818,1.81818181818182
2024-01-02,"all_predictors_lagged",0.260431201032213,0.223412293585674,0.156179945776548,0.10494913492351,0.100351542273379,0.0370189074465384,0.00459759265013038,0.735331238620722,1.1963547304434,10.3636363636364,12,1.81818181818182
2024-01-03,"all_predictors_lagged",0.33505673788483,0.232144064716961,0.19118904610238,0.107406361431225,0.101609277827883,0.102912673167869,0.00579708360334223,0.773041312937202,0.934262678254245,9.90909090909091,11.8181818181818,1.81818181818182
2024-01-04,"all_predictors_lagged",0.17264255281583,0.114620779718282,0.113686181489872,0.106261134508422,0.100516030091905,0.0580217730975478,0.00574510441651671,0.938631268464704,1.19705166656423,9.27272727272727,10.4545454545455,1.81818181818182
2024-01-05,"all_predictors_lagged",0.170684144039112,0.184034820701153,0.103101080643806,0.104732589256939,0.100051305808385,-0.0133506766620408,0.00468128344855321,0.874807643775507,1.17396367783208,10.1818181818182,11.0909090909091,1.90909090909091
2024-01-06,"all_predictors_lagged",0.108468026103958,0.111583497722668,0.119604270379069,0.104427258979501,0.100997894454594,-0.0031154716187101,0.00342936452490699,0.890912341059533,1.23025292649652,10.1818181818182,11,1.72727272727273
2024-01-07,"all_predictors_lagged",0.165150200511609,0.168829579428462,0.146346563643904,0.104904414543183,0.100165029208778,-0.00367937891685344,0.00473938533440532,0.922164213470586,1.08061333698094,10.1818181818182,11.6363636363636,2.18181818181818
2024-01-08,"all_predictors_lagged",0.204592815146566,0.295414265944104,0.263707343770743,0.104944785855678,0.100736036442206,-0.0908214507975376,0.004208749413472,0.886098258742476,0.98098414792448,10.4545454545455,11.3636363636364,2
2024-01-09,"all_predictors_lagged",0.36860818687987,0.313032980074715,0.0853380819041862,0.104039390265665,0.101160108891897,0.0555752068051548,0.00287928137376731,0.904945552733354,1.10481634802139,10.5454545454545,11.2727272727273,1.90909090909091
2024-01-10,"all_predictors_lagged",0.268326308951995,0.222203596052088,0.236610166292524,0.10530112180639,0.100325510547073,0.046122712899907,0.00497561125931668,0.955778878609836,1.11624752548369,10.5454545454545,11.0909090909091,1.90909090909091
2024-01-11,"all_predictors_lagged",0.473861779977624,0.401805325300085,0.34101015880692,0.105128935631475,0.100997515525359,0.0720564546775394,0.00413142010611643,0.942151513964582,1.12846044596347,10.5454545454545,10.7272727272727,1.90909090909091
2024-01-12,"all_predictors_lagged",0.351754085112585,0.617671116038776,0.247951785598161,0.106809753402522,0.10235271332648,-0.26591703092619,0.00445704007604227,0.942906534605406,1.11735285619695,10.1818181818182,10.8181818181818,1.63636363636364
2024-01-13,"all_predictors_lagged",0.263340091740536,0.192109318381695,0.13830811908679,0.106340531883199,0.101733797954903,0.0712307733588408,0.00460673392829611,0.975314331731981,1.07947277309414,9.63636363636364,10.9090909090909,1.54545454545455
2024-01-14,"all_predictors_lagged",0.356376776641896,0.352244317449796,0.14882333932935,0.105116323947123,0.101748188485315,0.00413245919210036,0.00336813546180867,0.874806561108418,1.24083961167834,10.2727272727273,10.0909090909091,1.45454545454545
2024-01-15,"all_predictors_lagged",0.970448157921958,0.739707764656279,1.19821368966973,0.103702695560991,0.101377027767233,0.230740393265679,0.00232566779375758,0.810937980660941,1.18320437597828,10.1818181818182,9.72727272727273,1.27272727272727
2024-01-16,"all_predictors_lagged",0.843160678076378,0.743416168438522,0.559535442386214,0.109323002555662,0.105110314026141,0.0997445096378556,0.00421268852952173,0.831274745792841,1.07372739359811,9.81818181818182,10.9090909090909,1.90909090909091
2024-01-17,"all_predictors_lagged",1.77589314899537,1.07570508837027,0.405120376317607,0.110560849630003,0.105470904101271,0.700188060625102,0.00508994552873231,0.820314270931268,1.10708670008117,10,10.2727272727273,1.63636363636364
2024-01-18,"all_predictors_lagged",0.400102026020848,0.334445151449374,0.557096582101626,0.114895137431174,0.106991749107245,0.0656568745714746,0.00790338832392965,0.923823970262164,1.15104666173686,9.27272727272727,10.5454545454545,1.54545454545455
2024-01-19,"all_predictors_lagged",0.571217621619722,0.177976718091591,0.500182973482975,0.115093701545436,0.107517044966626,0.393240903528132,0.00757665657881016,0.738868030177915,1.20681624273338,9.90909090909091,10.0909090909091,1.81818181818182
2024-01-20,"all_predictors_lagged",0.162637806106716,0.0792746643233716,0.372138586075853,0.116031865855019,0.107001948548011,0.0833631417833447,0.00902991730700822,0.836303291075068,1.14097206101794,9.63636363636364,10.5454545454545,2.09090909090909
2024-01-21,"all_predictors_lagged",0.328501304812541,0.20791354277635,0.244681616887741,0.115718872060158,0.104595249361727,0.120587762036191,0.0111236226984318,0.843378231230747,0.990812700130135,9.54545454545454,11,1.90909090909091
2024-01-22,"all_predictors_lagged",0.113000562525222,0.170171815447367,0.124685978409354,0.11527270540534,0.104828709647036,-0.0571712529221453,0.0104439957583038,0.832389142438611,1.11878385521969,9.63636363636364,9.72727272727273,1.72727272727273
2024-01-23,"all_predictors_lagged",1.04885771955486,0.872470500950175,0.978480253531321,0.117090416366015,0.107031766285944,0.176387218604684,0.0100586500800719,0.814243599686275,1.09237707038922,9.90909090909091,10,1.63636363636364
2024-01-24,"all_predictors_lagged",0.253936021875118,0.261847675072928,0.22518923536686,0.120263255552983,0.10749712551069,-0.00791165319781046,0.012766130042293,0.727326751320414,0.98211895944343,9.81818181818182,10.5454545454545,1.81818181818182
2024-01-25,"all_predictors_lagged",0.442240291161982,0.134128414002611,0.125364325995927,0.11887866648375,0.107305161307467,0.308111877159371,0.0115735051762835,0.721210658978372,1.11115531638432,9.90909090909091,10,1.81818181818182
2024-01-26,"all_predictors_lagged",0.340802827320624,0.142087146060765,0.237112020366437,0.119010353747754,0.104629375827633,0.198715681259859,0.014380977920121,0.970600574421082,1.25208907691968,9.09090909090909,9.36363636363636,1.63636363636364
2024-01-27,"all_predictors_lagged",0.124978932582516,0.121103033889813,0.0999334322827992,0.116628339348108,0.10597306433255,0.00387589869270325,0.0106552750155583,0.8874167629573,1.18881711812141,9.18181818181818,9.54545454545454,1.54545454545455
2024-01-28,"all_predictors_lagged",0.0735869279970869,0.0724381568449154,0.0806200016053049,0.116673836551381,0.105625753958747,0.00114877115217148,0.0110480825926343,0.725508145219279,1.19145247552382,9.72727272727273,9.72727272727273,1.54545454545455
2024-01-29,"all_predictors_lagged",0.22139807621104,0.21462323300096,0.0941492271677334,0.116763523863948,0.105252196270534,0.00677484321007999,0.0115113275934134,0.713945592927359,1.13449726531916,9.72727272727273,10,1.63636363636364
2024-01-30,"all_predictors_lagged",0.129544877967406,0.239293516867083,0.103835755171528,0.115454250777362,0.104927876279545,-0.109748638899677,0.010526374497817,0.718914893694569,1.16240023716462,9.81818181818182,9.90909090909091,1.45454545454545
2024-01-31,"all_predictors_lagged",0.185805149025042,0.228618834457569,0.140892456923937,0.116413175531538,0.102644319263946,-0.042813685432527,0.013768856267592,0.872445498771072,1.08327981106001,9.45454545454546,10,1.54545454545455
2024-02-01,"all_predictors_lagged",0.35162988900127,0.539874496245905,0.0586642814993072,0.116853825008854,0.104652968071306,-0.188244607244635,0.0122008569375474,0.732118622664495,1.14976726443058,9.72727272727273,9.63636363636364,1.45454545454545
2024-02-02,"all_predictors_lagged",0.190943288650557,0.281051986835123,0.103862977193069,0.115800533650995,0.103991641939854,-0.0901086981845654,0.0118088917111411,0.848867672963169,1.14653520847445,9.54545454545454,10.0909090909091,1.45454545454545
2024-02-03,"all_predictors_lagged",0.179459940386894,0.356759077099498,0.101338865049161,0.115006244382277,0.104106280128675,-0.177299136712605,0.0108999642536012,0.755622002550112,1.14885023991013,9.63636363636364,10.8181818181818,1.54545454545455
2024-02-04,"all_predictors_lagged",0.144002590547697,0.143323960222015,0.0889834068597008,0.113713149138993,0.102476244855545,0.000678630325681218,0.0112369042834475,0.847913749894139,1.11287542256432,9.27272727272727,10.5454545454545,1.54545454545455
2024-02-05,"all_predictors_lagged",0.20194723484447,0.1261694359586,0.113246415653763,0.111751057753828,0.101837777285075,0.0757777988858698,0.00991328046875314,0.865239191984766,1.20877096270595,9.09090909090909,10.0909090909091,1.63636363636364
2024-02-06,"all_predictors_lagged",0.416987171223792,0.310547481973134,0.264890479512404,0.111253757759847,0.100003699130341,0.106439689250658,0.0112500586295054,0.841410061209214,1.11696011903036,9.27272727272727,10.7272727272727,1.81818181818182
2024-02-07,"all_predictors_lagged",0.207588008168531,0.191219042783958,0.108244252393452,0.113465500080879,0.101368805209673,0.016368965384573,0.0120966948712054,0.816553866847865,0.956504923881407,9.36363636363636,11.4545454545455,1.72727272727273
2024-02-08,"all_predictors_lagged",0.0950178990430273,0.111817229582413,0.108599205902558,0.112899635924903,0.100384614665968,-0.0167993305393856,0.0125150212589346,0.805729087540261,0.994357087591199,8.63636363636364,10.9090909090909,1.81818181818182
2024-02-09,"all_predictors_lagged",0.324559059769613,0.336926503357186,0.189233092740756,0.112152989444851,0.100544983260309,-0.0123674435875732,0.0116080061845411,0.859434150922441,0.99632574410009,8.36363636363636,10.8181818181818,1.72727272727273
2024-02-10,"all_predictors_lagged",0.275138196358301,0.105721909212057,0.0988747632977105,0.113393580873863,0.100037564417511,0.169416287146244,0.0133560164563528,0.733262365038933,1.05643569906252,9.27272727272727,10.4545454545455,1.90909090909091
2024-02-11,"all_predictors_lagged",0.166272775547669,0.150250092577167,0.12408737426911,0.114224116343209,0.102034296581719,0.0160226829705023,0.0121898197614899,0.79562222917321,1.01020267251212,8.63636363636364,10.3636363636364,1.90909090909091
2024-02-12,"all_predictors_lagged",0.153664259939667,0.13424256156502,0.128804296529413,0.111921520626099,0.0999806340580709,0.0194216983746469,0.0119408865680277,0.815587579014647,1.1443186609946,9.45454545454546,9.81818181818182,1.54545454545455
2024-02-13,"all_predictors_lagged",0.294464845856472,0.180970956843108,0.133095849660158,0.109274948695953,0.095553526642361,0.113493889013364,0.0137214220535918,0.656549668048556,1.18260431175307,10.1818181818182,10.2727272727273,1.81818181818182
2024-02-14,"all_predictors_lagged",0.196288026988195,0.211949941230175,0.164409256712646,0.107488713089581,0.0933851121930527,-0.0156619142419807,0.0141036008965281,0.917936566662477,0.937541104687154,8.72727272727273,11.1818181818182,1.81818181818182
2024-02-15,"all_predictors_lagged",0.184370704315684,0.173649865334874,0.187099260280885,0.107479572699276,0.0948795984555415,0.0107208389808099,0.0125999742437343,0.807269981710251,1.16307431460793,9.54545454545454,10.2727272727273,1.90909090909091
2024-02-16,"all_predictors_lagged",0.218796763844234,0.116602575183319,0.121567756559702,0.106493026543938,0.0942271399486432,0.102194188660915,0.012265886595295,0.711099906435795,1.18632134028463,9.45454545454546,10.0909090909091,1.72727272727273
2024-02-17,"all_predictors_lagged",0.262700735886678,0.205508692466807,0.164251755722654,0.104697095014041,0.0932433833134684,0.0571920434198706,0.0114537117005729,0.643899254095522,1.14493166606478,9.90909090909091,10.6363636363636,2.09090909090909
2024-02-18,"all_predictors_lagged",0.413619463672515,0.248038271848493,0.246476674524729,0.10440914510088,0.0916944928517864,0.165581191824022,0.012714652249094,0.559903319083476,1.09222151815816,10.5454545454545,10.3636363636364,2.27272727272727
2024-02-19,"all_predictors_lagged",0.335690166608297,0.23403586099087,0.1317051853659,0.105762741972537,0.0903768586520692,0.101654305617428,0.0153858833204682,0.887700613439852,0.916178472872767,9.63636363636364,10.9090909090909,2.18181818181818
2024-02-20,"all_predictors_lagged",0.235779302648447,0.418939800884728,0.134636411552416,0.106096505877222,0.0918215416070388,-0.183160498236281,0.0142749642701837,0.693971276354486,1.12188082183074,10.4545454545455,10.6363636363636,2.09090909090909
2024-02-21,"all_predictors_lagged",0.165741068680563,0.340479621603658,0.168843244942901,0.105560660408835,0.0945811130082296,-0.174738552923096,0.0109795474006049,0.684169321955411,0.970152513709829,10.6363636363636,10.4545454545455,2.27272727272727
2024-02-22,"all_predictors_lagged",0.21762325519073,0.228611019179336,0.167901839797724,0.105851971511097,0.0967589216210701,-0.0109877639886058,0.00909304989002676,0.694169041708129,1.19000968424856,10.1818181818182,10.3636363636364,2.09090909090909
2024-02-23,"all_predictors_lagged",0.443224340734844,0.705245182167465,0.162545447747869,0.104584099589423,0.0960457713618666,-0.262020841432621,0.00853832822755616,0.721832077098091,1.2091565697737,10.3636363636364,10.3636363636364,2.27272727272727
2024-02-24,"all_predictors_lagged",0.118840597450455,0.218044628646336,0.137437102475151,0.104837066680448,0.096296701915595,-0.099204031195881,0.00854036476485324,0.642018083469574,1.02711455739677,10,10.8181818181818,2.09090909090909
2024-02-25,"all_predictors_lagged",0.101737891583453,0.427129177048174,0.115388951759233,0.104922232934982,0.0975400684372322,-0.325391285464721,0.00738216449774995,0.603820995608874,1.0607186097424,10.2727272727273,10.9090909090909,1.81818181818182
2024-02-26,"all_predictors_lagged",0.061975553542067,0.0714077543870937,0.0991014894994034,0.103608853979498,0.0987351913987873,-0.00943220084502673,0.00487366258071112,0.788318146140759,1.03565554746684,9.54545454545454,11.0909090909091,2.09090909090909
2024-02-27,"all_predictors_lagged",0.060613471366111,0.0598584185127904,0.0842478865537035,0.103780802584331,0.0983791393686585,0.000755052853320646,0.00540166321567214,0.932954081426066,0.980036780894625,9,11.1818181818182,2
2024-02-28,"all_predictors_lagged",0.129883192017687,0.117005728482684,0.161634309200822,0.101401880320964,0.0961919863157193,0.012877463535003,0.00520989400524437,0.881407085231902,0.989368319484168,9.36363636363636,11.4545454545455,2
2024-02-29,"all_predictors_lagged",0.298604236007786,0.264989291669485,0.230026561762687,0.101953859695382,0.0955837668230483,0.0336149443383011,0.0063700928723337,0.948516859853535,1.05051888135545,9.27272727272727,11,2.18181818181818
2024-03-01,"all_predictors_lagged",0.986893166329001,0.743835192139973,0.325998377855779,0.102717095410269,0.0960646205592054,0.243057974189029,0.00665247485106353,0.852524471673979,1.0588854597279,9.54545454545454,10.5454545454545,2
2024-03-02,"all_predictors_lagged",0.750232492831641,0.578982186844008,0.404792295867837,0.105504900379752,0.0960608093685223,0.171250305987632,0.00944409101123015,0.736240235781583,1.01421160656029,10,10.6363636363636,2.09090909090909
2024-03-03,"all_predictors_lagged",0.340280313596418,0.361804013298347,0.106072606289738,0.107852828495678,0.0989207011415634,-0.0215236997019285,0.0089321273541144,0.760540003312546,1.06518611818035,9.81818181818182,9.45454545454546,1.81818181818182
2024-03-04,"all_predictors_lagged",0.326808573683437,0.29794526927709,0.348352682770542,0.108360789529603,0.099743456180679,0.0288633044063472,0.0086173333489242,0.681069552385936,1.15966536827784,10.1818181818182,10.2727272727273,1.81818181818182
2024-03-05,"all_predictors_lagged",0.216795626814778,0.271639869018606,0.265196734140733,0.108335469772165,0.101141653661981,-0.0548442422038285,0.00719381611018417,0.763929219835109,1.20816977971369,10,10.0909090909091,1.90909090909091
2024-03-06,"all_predictors_lagged",0.301654954936796,0.210838867698995,0.228507175211567,0.107274166335946,0.0996785427926373,0.0908160872378007,0.00759562354330868,0.82941056846701,1.20401638428808,9.63636363636364,10.2727272727273,2.09090909090909
2024-03-07,"all_predictors_lagged",0.18997610095596,0.103971741234455,0.121739054353288,0.105942307427474,0.0999368698559244,0.0860043597215049,0.0060054375715493,0.827014460075457,0.951544686693543,9.27272727272727,11,1.90909090909091
2024-03-08,"all_predictors_lagged",0.476592349736185,0.476080447187232,0.410674843677799,0.1040554761838,0.0990363729659911,0.000511902548952558,0.00501910321780892,0.729060089769685,1.02578475581921,9.63636363636364,11,2.18181818181818
2024-03-09,"all_predictors_lagged",0.116913135447255,0.201090563464638,0.134495095426455,0.10460784146646,0.0982156813128021,-0.0841774280173825,0.00639216015365843,0.674133182249035,0.92321545238694,10.3636363636364,11.2727272727273,1.90909090909091
2024-03-10,"all_predictors_lagged",0.138818020143404,0.208491490218471,0.140134013815367,0.104741581904344,0.0984571462881252,-0.069673470075067,0.00628443561621874,0.719211214113768,0.963398610490721,9.72727272727273,10.9090909090909,1.72727272727273
2024-03-11,"all_predictors_lagged",0.152707963140044,0.264307603973321,0.158883527005835,0.102024370721942,0.0952518909465171,-0.111599640833278,0.00677247977542472,0.794322379739906,0.798432982500776,9.45454545454546,11.1818181818182,1.81818181818182
2024-03-12,"all_predictors_lagged",0.476323331706973,0.71080993757557,0.131801648677435,0.10170998669872,0.096234612452578,-0.234486605868597,0.00547537424614211,0.707907260375434,0.924596685895122,9.81818181818182,10.6363636363636,1.63636363636364
2024-03-13,"all_predictors_lagged",0.325344416667076,0.485247257789848,0.254726432579632,0.103903763218437,0.0979720353679326,-0.159902841122772,0.00593172785050391,0.74509405769682,0.787064979779464,9.63636363636364,11.6363636363636,2.09090909090909
2024-03-14,"all_predictors_lagged",0.213109918653378,0.309736334507684,0.179284600721481,0.105174506208325,0.100630222571106,-0.0966264158543057,0.00454428363721909,0.783867622471315,0.976586741683186,9.45454545454546,10.4545454545455,1.90909090909091
2024-03-15,"all_predictors_lagged",1.12119095616124,0.792851934860054,0.120699500717996,0.104839642262396,0.0997686702152778,0.328339021301188,0.00507097204711843,0.778688371442503,0.827512183792816,10.0909090909091,10.5454545454545,1.90909090909091
2024-03-16,"all_predictors_lagged",0.698229020220539,0.841547547932983,0.587066184448311,0.106469302953342,0.102184272727149,-0.143318527712444,0.0042850302261926,0.970927846947024,0.94783217361211,8.90909090909091,10.2727272727273,2.09090909090909
2024-03-17,"all_predictors_lagged",0.824435774866793,0.570552026410316,0.664159733186585,0.106198234682051,0.103424702053891,0.253883748456477,0.00277353262815964,0.831230351192805,0.841497992995853,8.90909090909091,11.0909090909091,1.63636363636364
2024-03-18,"all_predictors_lagged",0.133468160949747,0.142022592722123,0.149358681243833,0.107471513904804,0.102113800370978,-0.0085544317723756,0.0053577135338258,0.799241287687719,0.821815779663663,9.27272727272727,11.1818181818182,2
2024-03-19,"all_predictors_lagged",0.1183995521213,0.0760945505035698,0.0789016449110536,0.107578599186511,0.103144368971979,0.0423050016177306,0.00443423021453259,0.798071652207872,0.900534099264811,9.45454545454546,10.8181818181818,1.81818181818182
2024-03-20,"all_predictors_lagged",0.189926010413901,0.234912923321974,0.237967323571001,0.106255361180185,0.101019892374281,-0.0449869129080734,0.00523546880590482,0.706738974457652,0.921061622182918,9.63636363636364,10.9090909090909,2
2024-03-21,"all_predictors_lagged",0.259776923146204,0.178881007242918,0.138053072860854,0.106030574150317,0.101495756523946,0.0808959159032855,0.0045348176263713,0.65174915016729,0.936609088262703,9.81818181818182,10.4545454545455,2
2024-03-22,"all_predictors_lagged",0.13468707018895,0.126353792894921,0.147363372646695,0.104736595811147,0.100289976448501,0.00833327729402963,0.0044466193626459,0.849339163057519,0.879144654940801,9.18181818181818,11.2727272727273,2.09090909090909
2024-03-23,"all_predictors_lagged",0.153261193843535,0.0978966631323313,0.116931986918428,0.105497118291762,0.100552502419598,0.055364530711204,0.00494461587216399,0.744066059151378,0.883221094053763,9.81818181818182,11.2727272727273,2.36363636363636
2024-03-24,"all_predictors_lagged",0.121262758316274,0.291034411259602,0.0740984920001082,0.106304342360423,0.10008344866662,-0.169771652943328,0.00622089369380254,0.848474382998553,0.891601401090455,9.45454545454546,11.3636363636364,2.27272727272727
2024-03-25,"all_predictors_lagged",0.291662959713971,0.255225788055604,0.141077202580595,0.107605867724172,0.100867522919873,0.0364371716583673,0.00673834480429848,0.829033158421862,0.937626510966137,9.45454545454546,10.0909090909091,1.90909090909091
2024-03-26,"all_predictors_lagged",0.10220794510078,0.195952284585576,0.116209424184308,0.107706683121901,0.100340424061644,-0.0937443394847963,0.00736625906025687,0.87539245556722,0.774213374794764,9,11.1818181818182,1.45454545454545
2024-03-27,"all_predictors_lagged",0.222710847844549,0.180073295745613,0.119936297835033,0.106013306441329,0.0984435338170783,0.042637552098936,0.00756977262425054,0.926416854730712,0.778030713836988,8.72727272727273,10.7272727272727,1.54545454545455
2024-03-28,"all_predictors_lagged",0.301577593009675,0.242608482290152,0.158211230037409,0.105798673493509,0.0981583747634241,0.0589691107195232,0.00764029873008485,0.84317323962819,0.787965654077634,9.18181818181818,11.3636363636364,1.72727272727273
2024-03-29,"all_predictors_lagged",0.247583097690592,0.403545641414021,0.0839170574943488,0.102857738154641,0.0946722085200473,-0.155962543723429,0.00818552963459331,0.71644891540658,0.917049690415204,10.0909090909091,10.8181818181818,1.54545454545455
2024-03-30,"all_predictors_lagged",0.0861566065905914,0.0728514548047756,0.109587727331846,0.102218180030355,0.0952572898544932,0.0133051517858158,0.00696089017586164,0.829586909034153,0.953426097879378,9.90909090909091,10.8181818181818,1.63636363636364
2024-03-31,"all_predictors_lagged",0.11555357381353,0.106643772524346,0.112865496422118,0.104502305221865,0.0975615743632941,0.00890980128918417,0.00694073085857046,0.797522411395314,0.990700296011008,10.1818181818182,10.7272727272727,1.36363636363636
2024-04-01,"all_predictors_lagged",0.133683552484054,0.118369155698182,0.131682176414311,0.105536035651617,0.0974779694061437,0.0153143967858724,0.00805806624547321,0.838793157617583,0.928338324579945,10.4545454545455,11.0909090909091,1.63636363636364
2024-04-02,"all_predictors_lagged",0.0873031461439697,0.0726819145441749,0.105756715272715,0.104870973346759,0.0975824968098492,0.0146212315997949,0.00728847653691003,0.837718729303083,0.940641453065573,9.81818181818182,10.4545454545455,1.45454545454545
2024-04-03,"all_predictors_lagged",0.353383862060135,0.661918194162758,0.113617489953396,0.105975331977915,0.0982621868713985,-0.308534332102624,0.00771314510651696,0.76982926865561,0.972715899403921,10.0909090909091,10.0909090909091,1.27272727272727
2024-04-04,"all_predictors_lagged",0.116331766650285,0.101056469987937,0.0915235367659932,0.105262285836022,0.0996605185800669,0.0152752966623476,0.00560176725595548,0.816912797923137,0.95323562836654,9.81818181818182,10.8181818181818,1.45454545454545
2024-04-05,"all_predictors_lagged",0.118204274753914,0.110055508061104,0.134215300781924,0.105292224530344,0.0994227891616969,0.00814876669280971,0.00586943536864678,0.770384477317114,0.990325723301735,9.81818181818182,10.2727272727273,1.36363636363636
2024-04-06,"all_predictors_lagged",0.176196800974546,0.133373073081874,0.163601177419492,0.104420606966405,0.0994948829080663,0.0428237278926726,0.00492572405833824,0.761565997954561,0.964994464480287,10.6363636363636,10.9090909090909,1.63636363636364
2024-04-07,"all_predictors_lagged",0.353092380615685,0.360960458055654,0.273290209374482,0.103439620971428,0.0986966000087855,-0.00786807743996886,0.00474302096264223,0.645986812732085,0.846734053336554,10.7272727272727,11.2727272727273,1.54545454545455
2024-04-08,"all_predictors_lagged",0.188830728711672,0.131581247402131,0.0894669093104283,0.103212783531314,0.0981027984152172,0.0572494813095416,0.00510998511609699,0.72069447540631,1.00622906233637,10.9090909090909,11.1818181818182,1.45454545454545
2024-04-09,"all_predictors_lagged",0.0842059325063481,0.088412773066981,0.074826587370463,0.102737272725288,0.0979672438951969,-0.00420684056063287,0.00477002883009157,0.731724628798722,1.30690487531151,10.8181818181818,9.81818181818182,1.18181818181818
2024-04-10,"all_predictors_lagged",0.25074437173643,0.248103205466997,0.124379357603922,0.101983711229759,0.0963330938620541,0.00264116626943304,0.00565061736770473,0.92094311995848,1.1923287188105,9.81818181818182,10.2727272727273,1.54545454545455
2024-04-11,"all_predictors_lagged",0.203575533439664,0.385322665193848,0.11045550768821,0.10435949996101,0.0984852258561138,-0.181747131754183,0.00587427410489588,0.818822863465107,1.08487680474582,10.2727272727273,10.3636363636364,1.63636363636364
2024-04-12,"all_predictors_lagged",0.124055572108748,0.120864109986837,0.135255891657551,0.104093052002334,0.0982028455276832,0.00319146212191033,0.00589020647465076,0.811046880708489,1.13816985346025,10.7272727272727,11.0909090909091,1.54545454545455
2024-04-13,"all_predictors_lagged",0.300248876016178,0.577207874099465,0.188583884963776,0.104116562177023,0.0983870235425082,-0.276958998083287,0.00572953863451492,0.86175431909083,1.13762875942872,10.1818181818182,10.4545454545455,1.45454545454545
2024-04-14,"all_predictors_lagged",0.819952161684183,0.390997488762729,0.35288848405227,0.104492492045349,0.0980021646513681,0.428954672921454,0.00649032739398129,0.798011070222435,0.996114945652351,10.1818181818182,10.5454545454545,1.54545454545455
2024-04-15,"all_predictors_lagged",0.160144518832448,0.149019263352034,0.160397897130321,0.0981354727674198,0.0950767134865468,0.011125255480414,0.00305875928087299,1.05992297769144,1.17336298011039,10.2727272727273,10.3636363636364,1.27272727272727
2024-04-16,"all_predictors_lagged",0.256727672166372,0.258969247230971,0.121582656242151,0.0979888225331717,0.09537786373541,-0.0022415750645989,0.00261095879776179,0.888016254424803,1.17498960886885,10,10.5454545454545,1.27272727272727
2024-04-17,"all_predictors_lagged",0.408945375072103,0.540033343696836,0.265811236733249,0.09851007817745,0.0957176274287455,-0.131087968624733,0.00279245074870454,1.01039283353109,1.15491822793031,9.81818181818182,10.2727272727273,1.09090909090909
2024-04-18,"all_predictors_lagged",0.14474224355515,0.168245118276338,0.146679582712257,0.101135313547127,0.0970037050723898,-0.0235028747211878,0.00413160847473714,0.779355711437197,1.19991288623439,10.4545454545455,10.5454545454545,1.45454545454545
2024-04-19,"all_predictors_lagged",0.114530323852836,0.102656481363949,0.120109672993244,0.102006295287428,0.0999935627372043,0.0118738424888871,0.00201273255022394,0.91166823014485,1.08581742494595,10.0909090909091,11.1818181818182,1.27272727272727
2024-04-20,"all_predictors_lagged",0.138370290595111,0.13355196698925,0.154194333130571,0.102639406893485,0.100569697876693,0.00481832360586153,0.00206970901679124,0.986971118343997,1.30592501613229,10,9.90909090909091,1.18181818181818
2024-04-21,"all_predictors_lagged",0.108829936795178,0.112889130052208,0.13024200214843,0.104720764430488,0.101303167382222,-0.00405919325703039,0.00341759704826621,0.992614866749872,1.15806718937817,9.90909090909091,10.4545454545455,1.27272727272727
2024-04-22,"all_predictors_lagged",0.0980158983667655,0.0972967828785871,0.118171218932674,0.106491681886557,0.102848888804844,0.000719115488178432,0.00364279308171314,1.12147304674514,1.30947221711853,9.63636363636364,10.1818181818182,0.909090909090909
2024-04-23,"all_predictors_lagged",0.145956706930708,0.0691076211273486,0.10577036346582,0.103155134278335,0.099173841212512,0.0768490858033593,0.00398129306582316,0.97433540433136,1.20830513974112,10,10.5454545454545,1.45454545454545
2024-04-24,"all_predictors_lagged",0.492314883631828,0.50671314322074,0.465766502123697,0.102568529234349,0.0998161329425416,-0.0143982595889117,0.00275239629180756,0.881239230620153,1.12039140833684,10.3636363636364,11,1.27272727272727
2024-04-25,"all_predictors_lagged",0.125282092549674,0.111193046611805,0.128017510432508,0.105232320833564,0.102437140275412,0.0140890459378692,0.00279518055815254,0.880071677680559,1.14251678569076,10.1818181818182,10.6363636363636,1.09090909090909
2024-04-26,"all_predictors_lagged",0.101655231389546,0.101810355264742,0.12291622637139,0.106287660115345,0.103337296870219,-0.000155123875195658,0.0029503632451261,0.923219476040777,1.09573184750183,9.81818181818182,10.5454545454545,1.27272727272727
2024-04-27,"all_predictors_lagged",0.149682068326821,0.15545816256382,0.131629053174638,0.10764251081602,0.103683116198636,-0.00577609423699819,0.00395939461738382,0.911035248013756,1.0539048836535,9.63636363636364,11,1.72727272727273
2024-04-28,"all_predictors_lagged",0.100120873421249,0.0977235909304218,0.134510480422716,0.111063084694756,0.106328521857156,0.00239728249082706,0.0047345628376005,0.83011705612252,1.0084271655298,10.0909090909091,10.8181818181818,1.63636363636364
2024-04-29,"all_predictors_lagged",0.097637536321043,0.0987267262048211,0.129292047883936,0.112220920238551,0.106064720330818,-0.00108918988377802,0.00615619990773224,0.935190805963003,1.00676717626608,9.90909090909091,10.9090909090909,1.45454545454545
2024-04-30,"all_predictors_lagged",0.158758119971694,0.115481710389285,0.111014363939359,0.111510757715048,0.104980997316506,0.0432764095824094,0.0065297603985424,0.875672775204366,1.04309478599028,10.1818181818182,10.9090909090909,1.63636363636364
2024-05-01,"all_predictors_lagged",0.0828332947862945,0.128106612920414,0.132869183728589,0.113017832110278,0.106670193099284,-0.0452733181341195,0.0063476390109935,0.865970142830946,1.11285970968649,9.90909090909091,10.8181818181818,1.72727272727273
2024-05-02,"all_predictors_lagged",0.292053576176538,0.430678478199035,0.228175312763424,0.114442853760539,0.107355596975253,-0.138624902022496,0.00708725678528553,0.725558280887732,1.12416897271093,10.9090909090909,10.7272727272727,1.54545454545455
2024-05-03,"all_predictors_lagged",0.26770075625656,0.15237665612029,0.120257839053056,0.116849630649337,0.109599197106808,0.115324100136271,0.00725043354252928,0.882605085198203,1.22796384976246,10.6363636363636,11.5454545454545,1.36363636363636
2024-05-04,"all_predictors_lagged",0.249487227746241,0.254703675192866,0.200763388479772,0.12188999268603,0.112656922092897,-0.00521644744662493,0.00923307059313335,0.977926516051926,1.15667607018638,10.0909090909091,11.4545454545455,1.54545454545455
2024-05-05,"all_predictors_lagged",0.091020785522618,0.106679961300266,0.122631249298446,0.129306293937543,0.117995504881268,-0.0156591757776485,0.0113107890562751,1.09274289910023,1.19434661637838,9.63636363636364,10.9090909090909,1.63636363636364
2024-05-06,"all_predictors_lagged",0.252492096585668,0.242530365790638,0.201349723545754,0.133505165965173,0.121607198100869,0.00996173079502977,0.0118979678643033,1.04694284282119,1.12311096524862,9.90909090909091,11.2727272727273,1.63636363636364
2024-05-07,"all_predictors_lagged",0.117369402977665,0.0961205785926134,0.120027762841901,0.136740612486034,0.121516034657804,0.0212488243850511,0.0152245778282295,1.10415084231503,1.16466997848244,9.45454545454546,11.1818181818182,1.72727272727273
2024-05-08,"all_predictors_lagged",0.187330588089344,0.199850131417561,0.205189708644148,0.137498562951675,0.124784451963999,-0.012519543328217,0.0127141109876761,1.06048906051136,1.66165403299893,9.72727272727273,9.45454545454546,1.45454545454545
2024-05-09,"all_predictors_lagged",0.288226076314761,0.302603300322996,0.206742778617942,0.142089025167175,0.125145416933681,-0.0143772240082346,0.0169436082334938,1.15544100550645,1.21683917226795,9.63636363636364,10.9090909090909,1.72727272727273
2024-05-10,"all_predictors_lagged",0.245951025261067,0.276960963542112,0.191168533644087,0.143280346308409,0.123245850643866,-0.0310099382810456,0.0200344956645433,1.17610086929941,1.33104742331558,9.54545454545454,11,1.90909090909091
2024-05-11,"all_predictors_lagged",0.346414958204161,0.32773663043619,0.23362722438558,0.142654256453747,0.126325414847553,0.0186783277679707,0.0163288416061932,0.897944312926323,1.39429471238442,10.9090909090909,10.5454545454545,1.90909090909091
2024-05-12,"all_predictors_lagged",0.479740314666234,0.426901947738698,0.39855427487717,0.146224628715694,0.128044516154066,0.0528383669275354,0.0181801125616275,0.88026394506139,1.2144483545808,10.7272727272727,11,1.90909090909091
2024-05-13,"all_predictors_lagged",0.276326901076086,0.160634101087826,0.166845256175713,0.153632088393946,0.135460643254244,0.11569279998826,0.0181714451397022,1.16008792910879,1.34326544256972,9.72727272727273,10.7272727272727,1.81818181818182
2024-05-14,"all_predictors_lagged",1.01958014213689,0.983874330336227,1.00077391442599,0.153999237110569,0.134887587750211,0.0357058118006585,0.0191116493603582,1.08854012382444,1.17802300809516,10.3636363636364,10.9090909090909,1.90909090909091
2024-05-15,"all_predictors_lagged",0.769425966332604,0.769119111166,0.454056957154004,0.162644884880609,0.144875231846999,0.000306855166603468,0.0177696530336102,0.78626412727085,1.19731488132638,11.5454545454545,11.5454545454545,1.90909090909091
2024-05-16,"all_predictors_lagged",0.296469226903435,0.36792139440028,0.38798159010049,0.161211379795622,0.140314649350997,-0.0714521674968454,0.0208967304446243,0.941479076494428,1.29767795500636,10.4545454545455,10.7272727272727,1.90909090909091
2024-05-17,"all_predictors_lagged",0.982838777841809,0.934860400210135,1.13408782993499,0.161788081492564,0.136950969202944,0.0479783776316741,0.0248371122896205,0.93497991235676,1.05357848644775,10.7272727272727,11.7272727272727,2.09090909090909
2024-05-18,"all_predictors_lagged",0.352759400536561,0.636769118553236,0.429316581006144,0.173535925180212,0.147409022091318,-0.284009718016675,0.0261269030888934,0.932833593711688,1.25431841097551,10.5454545454545,10.7272727272727,1.81818181818182
2024-05-19,"all_predictors_lagged",0.571625604935345,0.326998716558961,0.182354310479636,0.180319298286541,0.149470117523927,0.244626888376384,0.0308491807626141,0.875118951940309,1.14856656618332,10.8181818181818,11.3636363636364,1.72727272727273
2024-05-20,"all_predictors_lagged",0.122048176813302,0.123810025347326,0.18004766483508,0.183127751356639,0.150189544621091,-0.00176184853402372,0.032938206735548,0.913929395202348,1.09399950889681,10.5454545454545,11.5454545454545,1.36363636363636
2024-05-21,"all_predictors_lagged",0.186701809188652,0.133355846756077,0.222299402417458,0.181860462254206,0.149325099160114,0.0533459624325752,0.0325353630940916,1.00489298579658,1.08066213489481,10.4545454545455,11.4545454545455,1.45454545454545
2024-05-22,"all_predictors_lagged",0.320655232909186,0.277503641645747,0.194512369501205,0.180490659885667,0.147573881464549,0.0431515912634392,0.0329167784211182,1.04267849858345,1.2778983608264,10.1818181818182,10.9090909090909,1.36363636363636
2024-05-23,"all_predictors_lagged",0.268269473470832,0.19521703911764,0.22468182561041,0.182778589740911,0.150912205393749,0.0730524343531921,0.0318663843471621,1.16512774458266,1.19571634586451,10,10.9090909090909,1.45454545454545
2024-05-24,"all_predictors_lagged",0.218304325161908,0.19423853078883,0.223516798760236,0.180947036179791,0.148962913343171,0.0240657943730771,0.0319841228366202,1.18608242958333,1.14650927488282,10.0909090909091,11.3636363636364,1.63636363636364
2024-05-25,"all_predictors_lagged",0.121267201254771,0.116497431641901,0.167160597522725,0.179156375083152,0.149250852293569,0.00476976961287057,0.0299055227895833,1.18323472327127,1.18644859363077,9.81818181818182,11.3636363636364,1.81818181818182
2024-05-26,"all_predictors_lagged",0.153185405870394,0.110711362625424,0.12698071395912,0.178796965466496,0.149284653287425,0.0424740432449698,0.029512312179071,1.21307453253457,1.13588422786308,9.54545454545454,11.0909090909091,1.36363636363636
2024-05-27,"all_predictors_lagged",0.110215141431378,0.123682408576875,0.119861791899566,0.18572338236934,0.155290481801263,-0.0134672671454971,0.0304329005680761,1.51607612172342,1.31404985304851,8.63636363636364,10.7272727272727,1.54545454545455
2024-05-28,"all_predictors_lagged",0.156579229783098,0.232882386010592,0.0961892957434449,0.173854834600209,0.16716015062868,-0.0763031562274948,0.00669468397152921,1.59665510290865,1.18184368916286,8.72727272727273,11.1818181818182,1.36363636363636
2024-05-29,"all_predictors_lagged",0.243220239725253,0.229250976837302,0.155100664589962,0.151770794485924,0.148467144358915,0.0139692628879511,0.00330365012700897,1.45011632018123,1.48201486585251,9.18181818181818,10,1.18181818181818
2024-05-30,"all_predictors_lagged",0.097679711127588,0.128732379545836,0.117966485053641,0.124808700656985,0.122352023667495,-0.031052668418248,0.00245667698948985,0.867402247803065,1.18846745225705,11.2727272727273,10.5454545454545,1.18181818181818
2024-05-31,"all_predictors_lagged",0.128838645807744,0.110134714374889,0.115276285521204,0.123518135614071,0.121708079157886,0.0187039314328552,0.0018100564561845,1.29986227775488,1.4741496313922,9.90909090909091,10,1.45454545454545
2024-06-01,"all_predictors_lagged",0.103394580690063,0.125761028744938,0.116659098474624,0.125743530205532,0.121762049509408,-0.0223664480548744,0.00398148069612352,0.844999255571937,1.1983595836663,11.2727272727273,11.1818181818182,1.63636363636364
2024-06-02,"all_predictors_lagged",0.144393147599371,0.184234574653997,0.152158913486786,0.12652141254826,0.122370792904538,-0.0398414270546266,0.00415061964372166,0.951618709015954,1.22206893117592,10.5454545454545,11.2727272727273,1.63636363636364
2024-06-03,"all_predictors_lagged",0.265945537094896,0.236787800004422,0.197390150109127,0.125355749949717,0.120993202148629,0.0291577370904742,0.00436254780108868,0.898925865361996,1.11403749360762,10.1818181818182,11.5454545454545,1.45454545454545
2024-06-04,"all_predictors_lagged",0.129513486795706,0.125392514039728,0.119393330851182,0.126442588263675,0.12111466798508,0.00412097275597869,0.00532792027859453,0.988401566486962,1.07969346245125,10,11.6363636363636,1.63636363636364
2024-06-05,"all_predictors_lagged",0.123992861438825,0.117782605031311,0.142918556262565,0.126688743085469,0.121492403084576,0.00621025640751392,0.00519634000089262,0.988861752864965,1.14578537791552,10.1818181818182,11.5454545454545,1.72727272727273
2024-06-06,"all_predictors_lagged",0.120116751890857,0.113891802820575,0.152176846915386,0.126901544712824,0.123025541386034,0.00622494907028183,0.00387600332679017,1.06028229043669,1.14975476454102,9.90909090909091,11.5454545454545,1.90909090909091
2024-06-07,"all_predictors_lagged",0.101373758053601,0.114790324728843,0.131790559931029,0.125427160065571,0.119919072134862,-0.0134165666752421,0.00550808793070903,1.17104976267086,1.24986940651814,9.36363636363636,10.6363636363636,1.36363636363636
2024-06-08,"all_predictors_lagged",0.161129745743915,0.1565749567187,0.100079677492508,0.127996602162285,0.122102942447227,0.00455478902521487,0.00589365971505768,1.07313897260457,1.15301493371707,10,11.4545454545455,1.54545454545455
2024-06-09,"all_predictors_lagged",0.105099185646942,0.0966148862084106,0.105285208791674,0.128318485282762,0.12252697720359,0.00848429943853153,0.00579150807917126,0.973370238709048,1.25969350712007,9.81818181818182,11,1.63636363636364
2024-06-10,"all_predictors_lagged",0.105009727656618,0.090186694848625,0.126754160306888,0.130754455988985,0.122989242376651,0.0148230328079931,0.00776521361233377,1.01675128751999,1.63470552707663,9.72727272727273,10.5454545454545,1.72727272727273
2024-06-11,"all_predictors_lagged",0.105323537705137,0.0923365021199555,0.137584337380663,0.130830671837875,0.122033823710968,0.0129870355851817,0.00879684812690697,1.22069163961348,1.83731514984217,9.18181818181818,10.2727272727273,1.90909090909091
2024-06-12,"all_predictors_lagged",0.353267842519842,0.332270909721559,0.353042463685209,0.130636853936687,0.119377510838692,0.0209969327982829,0.0112593430979952,1.08953634724772,1.53064544750513,9,10.5454545454545,1.81818181818182
2024-06-13,"all_predictors_lagged",0.233759309597554,0.340310101351605,0.264605818825568,0.129543708597024,0.118688008869549,-0.106550791754051,0.0108556997274744,1.08582423442167,1.50019676699001,9.72727272727273,11.1818181818182,1.90909090909091
2024-06-14,"all_predictors_lagged",1.55890582323567,1.54223102309618,0.73837724256741,0.126927485133604,0.118117433865713,0.016674800139488,0.00881005126789182,1.03564172070461,1.41342714860115,9.72727272727273,11.1818181818182,1.90909090909091
2024-06-15,"all_predictors_lagged",0.371885796807337,0.1636267910297,0.230991382346042,0.130295940967554,0.120903982039228,0.208259005777638,0.00939195892832674,1.17954171464186,1.74081402447465,9.45454545454546,9.81818181818182,1.63636363636364
2024-06-16,"all_predictors_lagged",0.150313510284638,0.231549085522615,0.227833170507301,0.129217911901594,0.120231909619735,-0.0812355752379761,0.00898600228185954,1.42045711718227,1.35003038651575,9.18181818181818,10.1818181818182,1.81818181818182
2024-06-17,"all_predictors_lagged",0.596119196182955,0.573969133668493,0.621317981789538,0.1299743736316,0.121024592408767,0.0221500625144627,0.00894978122283388,1.56815156643167,1.6371897378733,8.72727272727273,10,1.45454545454545
2024-06-18,"all_predictors_lagged",0.512673738617897,0.465295346604633,0.403565143253927,0.136332322703775,0.12712575396329,0.0473783920132634,0.00920656874048539,1.18903273870703,1.46547272986551,9.36363636363636,10.4545454545455,1.81818181818182
2024-06-19,"all_predictors_lagged",0.122292661148829,0.096221948678745,0.187918922558007,0.132111367939324,0.125040500626509,0.0260707124700836,0.0070708673128144,1.17358232978503,1.48588658656013,10.0909090909091,10.1818181818182,1.72727272727273
2024-06-20,"all_predictors_lagged",0.857859702283476,0.763465800841432,0.788222728215505,0.133440163471634,0.125206544323055,0.0943939014420441,0.00823361914857878,1.12693114144295,1.66905607213899,10.4545454545455,9.90909090909091,1.63636363636364
2024-06-21,"all_predictors_lagged",1.44643584835467,1.34496370537484,1.48281729812848,0.139811501118694,0.130424771752758,0.101472142979834,0.00938672936593648,1.18800828326931,1.63895203806262,9.90909090909091,10,1.54545454545455
2024-06-22,"all_predictors_lagged",2.01885035112771,1.77982675388066,1.57580452120702,0.149586172442995,0.141674493605827,0.239023597247054,0.0079116788371682,1.06822524860327,1.42872716452944,9.81818181818182,10.1818181818182,1.63636363636364
2024-06-23,"all_predictors_lagged",0.224290803861179,0.257436177550043,0.544471285114536,0.166373331865513,0.148095567480231,-0.0331453736888642,0.0182777643852824,1.15353186187996,1.23034389967364,9.63636363636364,10.9090909090909,1.81818181818182
2024-06-24,"all_predictors_lagged",0.906557709366027,0.745978583129873,1.16822429935519,0.160682813323258,0.146218340460216,0.160579126236154,0.0144644728630425,0.987313931664311,1.23467722341211,10.0909090909091,11.1818181818182,1.90909090909091
2024-06-25,"all_predictors_lagged",0.190610696627242,0.188260877839296,0.226841068368903,0.156217020699541,0.140792419972578,0.00234981878794655,0.0154246007269632,1.03209082712163,1.26470118234333,10.2727272727273,10.5454545454545,1.81818181818182
2024-06-26,"all_predictors_lagged",0.200872622470434,0.154563482706172,0.175686701126897,0.157250215903359,0.140196790281111,0.046309139764262,0.0170534256222477,1.07911781205958,1.42484208225996,9.90909090909091,10,1.63636363636364
2024-06-27,"all_predictors_lagged",0.146183067563167,0.146141254918927,0.117445022192146,0.157649870244264,0.139844683973968,0.000041812644239525,0.0178051862702953,1.1350503754527,1.29225677407905,9.81818181818182,11.1818181818182,1.72727272727273
2024-06-28,"all_predictors_lagged",0.187445114747067,0.198586997536814,0.154892851281802,0.158067940238457,0.141182625545787,-0.011141882789747,0.0168853146926705,0.933855468895469,1.33616058053041,10.3636363636364,10.6363636363636,1.81818181818182
2024-06-29,"all_predictors_lagged",0.281470279433504,0.299673505159466,0.26788973686251,0.157537162737645,0.141895099793699,-0.0182032257259616,0.0156420629439458,0.846476382858596,1.68481603680638,10.8181818181818,9.72727272727273,1.45454545454545
2024-06-30,"all_predictors_lagged",0.339351859223898,0.204852119102142,0.205913169103894,0.159598814224491,0.142720481448836,0.134499740121755,0.0168783327756553,0.831334316117206,1.38257168625864,10.9090909090909,10.5454545454545,1.81818181818182
2024-07-01,"all_predictors_lagged",0.132961360950991,0.125312498667817,0.17376907498205,0.158655735146333,0.142795684620096,0.00764886228317351,0.0158600505262372,0.958057794191802,1.54252258315986,10.2727272727273,9.72727272727273,1.45454545454545
2024-07-02,"all_predictors_lagged",0.109833314339671,0.113840329746318,0.131714165874873,0.15805230947141,0.143711474285795,-0.00400701540664657,0.0143408351856149,1.01256670592926,1.54410059593696,10.4545454545455,10.0909090909091,1.63636363636364
2024-07-03,"all_predictors_lagged",0.224579067168466,0.148896361659507,0.147410877570148,0.161961937604079,0.143017544065654,0.0756827055089586,0.0189443935384253,1.48583142761489,1.52247615465398,8.81818181818182,10.2727272727273,1.36363636363636
2024-07-04,"all_predictors_lagged",0.118594583081195,0.111949191959687,0.142706645117518,0.160713604853629,0.143583756525361,0.00664539112150766,0.0171298483282671,1.21598489279638,1.54235500566064,9.63636363636364,10,1.63636363636364
2024-07-05,"all_predictors_lagged",0.239846067147898,0.791572285351997,0.222858508071133,0.160383964253988,0.145088196882004,-0.5517262182041,0.0152957673719841,1.22714274399201,1.4515531902282,9.81818181818182,9.63636363636364,1.54545454545455
2024-07-06,"all_predictors_lagged",0.121934638384835,0.601674949451139,0.125485060750241,0.15724646312113,0.143473422596051,-0.479740311066304,0.0137730405250787,0.971193626814518,1.18222006246279,10.0909090909091,10.7272727272727,1.72727272727273
2024-07-07,"all_predictors_lagged",0.195283925850786,0.16885439645071,0.182250086017436,0.153309938644004,0.14279006181286,0.0264295294000766,0.0105198768311444,0.98211603727619,1.28691464918142,10.0909090909091,10,1.63636363636364
2024-07-08,"all_predictors_lagged",0.20416177994532,0.175819631072621,0.198132836598896,0.154822468806936,0.143302278889103,0.028342148872699,0.0115201899178325,1.16709078770673,1.36177900405897,10.1818181818182,9.63636363636364,1.63636363636364
2024-07-09,"all_predictors_lagged",0.29788825511937,0.305974804424366,0.129841644225051,0.153751179629162,0.142369753252688,-0.00808654930499561,0.0113814263764736,0.87842455247843,1.21106586170752,10.4545454545455,10.2727272727273,2
2024-07-10,"all_predictors_lagged",0.124447537577198,0.148507527436597,0.115033879545006,0.152997582290637,0.143005786752564,-0.0240599898593993,0.00999179553807318,1.12610386238519,1.16819271908994,10.0909090909091,11,1.81818181818182
2024-07-11,"all_predictors_lagged",0.181171264063184,0.170336071082141,0.115273214968509,0.154095415682647,0.142108247121584,0.0108351929810426,0.0119871685610627,0.992360739087518,1.20203414077953,10.3636363636364,10.9090909090909,1.81818181818182
2024-07-12,"all_predictors_lagged",0.252823467085346,0.341738948170183,0.16468514131536,0.153628279286553,0.142578021632433,-0.0889154810848369,0.0110502576541201,1.15068196494501,1.13314647195024,9.72727272727273,10.9090909090909,1.72727272727273
2024-07-13,"all_predictors_lagged",0.156843852597796,0.156445669051508,0.167560854938532,0.152387500305236,0.138745974630631,0.000398183546287881,0.013641525674605,1.04661735126714,1.04591671204269,9.54545454545454,11.3636363636364,2.18181818181818
2024-07-14,"all_predictors_lagged",0.247965885448479,0.257065542800382,0.206919300118783,0.150408574167533,0.140242269941624,-0.00909965735190273,0.0101663042259088,0.9360214508193,1.14327253302066,10.5454545454545,10.7272727272727,2
2024-07-15,"all_predictors_lagged",0.15008094777552,0.151844177133848,0.110518093731279,0.150369463320562,0.142777903788376,-0.00176322935832778,0.00759155953218586,0.828583826392057,1.09987181056478,9.90909090909091,10.4545454545455,1.72727272727273
2024-07-16,"all_predictors_lagged",0.338043406603599,0.346581025334263,0.294104499776407,0.149840700137291,0.143616483414166,-0.00853761873066409,0.0062242167231252,0.972016293835656,1.46887876217373,9.90909090909091,9.90909090909091,1.63636363636364
2024-07-17,"all_predictors_lagged",0.200149304310653,0.280102378063301,0.140472071180049,0.149594888476003,0.140112969515724,-0.0799530737526477,0.00948191896027833,0.956391748097546,1.4316130873061,10.0909090909091,9.63636363636364,1.54545454545455
2024-07-18,"all_predictors_lagged",0.343652001712625,1.48224812868702,0.154091919092009,0.14868566612321,0.137262692700547,-1.1385961269744,0.0114229734226629,0.975107495313848,1.27898887658271,9.36363636363636,10.3636363636364,1.54545454545455
2024-07-19,"all_predictors_lagged",0.865362801743782,0.892598441932954,1.08823473276514,0.149854137291411,0.139745841415218,-0.027235640189172,0.0101082958761935,1.06212567718431,1.33472259247139,9.18181818181818,9.63636363636364,1.27272727272727
2024-07-20,"all_predictors_lagged",0.111378514213772,0.106945837713599,0.146750822839618,0.148544547282518,0.140814875349516,0.00443267650017319,0.00772967193300274,0.902669456966298,1.35542609972354,9.54545454545454,10.3636363636364,1.45454545454545
2024-07-21,"all_predictors_lagged",0.138031304699834,0.139797732042852,0.169242045836872,0.147977278282946,0.138267098949683,-0.00176642734301811,0.00971017933326307,0.883417976473247,1.21597031340967,9.63636363636364,10.6363636363636,1.72727272727273
2024-07-22,"all_predictors_lagged",0.21983342960279,0.202771601545009,0.227337200066949,0.144828005581113,0.136605880645433,0.0170618280577807,0.00822212493567943,0.884778502604981,1.3231168407139,9.90909090909091,10.4545454545455,1.81818181818182
2024-07-23,"all_predictors_lagged",0.149033790243011,0.0898177682707641,0.167847048378248,0.142467609924404,0.135183029567003,0.0592160219722473,0.00728458035740168,0.987571081331342,1.34316661902574,9.45454545454546,10.2727272727273,1.90909090909091
2024-07-24,"all_predictors_lagged",0.152755362178751,0.129790426563922,0.143488081691434,0.137745351219163,0.12794876900858,0.0229649356148297,0.00979658221058334,0.923977243658521,1.26150866515508,9.27272727272727,10.5454545454545,1.72727272727273
2024-07-25,"all_predictors_lagged",0.330517692056687,0.459661594100219,0.329687669585026,0.138090874779103,0.128570302181321,-0.129143902043531,0.00952057259778225,0.968927063373991,1.20720285376042,9.09090909090909,10.1818181818182,2
2024-07-26,"all_predictors_lagged",0.274585859745341,0.24708264542509,0.169299945988198,0.139469313845411,0.130852077980414,0.0275032143202504,0.00861723586499731,1.01803740228241,1.20738102873048,8.90909090909091,10.3636363636364,1.63636363636364
2024-07-27,"all_predictors_lagged",0.10014714747616,0.137050503647839,0.173479082755303,0.144055623897245,0.136026775327064,-0.0369033561716794,0.00802884857018093,1.01181502193567,1.33293880779454,9.63636363636364,10,1.54545454545455
2024-07-28,"all_predictors_lagged",0.117181916776148,0.0958106822451487,0.153128181181511,0.144189680091191,0.135898588663852,0.0213712345309998,0.0082910914273387,0.869545540155365,1.24960410647938,10.5454545454545,10.2727272727273,1.81818181818182
2024-07-29,"all_predictors_lagged",0.14963384137347,0.116900554566756,0.187556091585829,0.143849281696071,0.137722860761387,0.0327332868067134,0.00612642093468436,0.907967689236283,1.57099266361647,10.4545454545455,9.54545454545454,1.54545454545455
2024-07-30,"all_predictors_lagged",0.485347846887708,0.482476824372279,0.447889437416817,0.142854711932547,0.13433633235414,0.00287102251542919,0.00851837957840674,1.09973600338369,1.22458391326828,9.72727272727273,10.2727272727273,1.45454545454545
2024-07-31,"all_predictors_lagged",0.155597463359203,0.121977312743326,0.137716711202741,0.144911525056198,0.136366701310764,0.0336201506158771,0.00854482374543428,0.8888317744021,1.30950809150674,10.0909090909091,9.90909090909091,1.81818181818182
2024-08-01,"all_predictors_lagged",0.140717457777879,0.298524961858421,0.166796724126104,0.145519976837574,0.136151886923567,-0.157807504080542,0.00936808991400721,1.00294137446492,1.3637636951878,9.09090909090909,9.63636363636364,1.72727272727273
2024-08-02,"all_predictors_lagged",0.32081016294569,0.297095815673342,0.393165013526954,0.146489389691645,0.137106775682657,0.0237143472723481,0.00938261400898795,0.841640751108599,1.26882469138406,9.45454545454546,9.63636363636364,1.54545454545455
2024-08-03,"all_predictors_lagged",0.491179921583258,0.58684182556799,0.1307782946239,0.145017835264269,0.136507859416173,-0.0956619039847327,0.00850997584809583,0.772786760321905,1.25420939383293,9.72727272727273,10.0909090909091,1.63636363636364
2024-08-04,"all_predictors_lagged",0.0951816857715642,0.474428010913635,0.147336729810002,0.14736946482315,0.138440408319656,-0.379246325142071,0.00892905650349322,1.02007795976126,1.25783190944076,9,10.0909090909091,1.81818181818182
2024-08-05,"all_predictors_lagged",1.13532203319981,1.42087864358097,1.08964225714812,0.144012419237468,0.132575576302333,-0.285556610381155,0.0114368429351349,0.869116770767188,1.21507620903899,9.45454545454546,10.0909090909091,1.81818181818182
2024-08-06,"all_predictors_lagged",1.65178985603631,1.47881102585112,0.756673350429087,0.15052625464736,0.142917275310924,0.172978830185193,0.00760897933643606,1.08354147328601,1.28434489262316,9.45454545454546,9.45454545454546,1.54545454545455
2024-08-07,"all_predictors_lagged",2.07627463497788,1.52640892722994,0.186018416535069,0.151192861251692,0.147189905331175,0.549865707747945,0.00400295592051721,0.927818651727804,1.23853425549565,9.63636363636364,10,1.81818181818182
2024-08-08,"all_predictors_lagged",0.16470476469104,0.123138326015044,0.157753739958991,0.156524919165981,0.144611898680547,0.0415664386759959,0.0119130204854341,0.874934228486309,1.26872024923703,10.5454545454545,10.5454545454545,2
2024-08-09,"all_predictors_lagged",0.151804634296689,0.148965222528022,0.20760362740563,0.162257280896454,0.15108009922139,0.00283941176866735,0.0111771816750644,0.894407330993942,1.35500115954639,10.0909090909091,9.90909090909091,1.81818181818182
2024-08-10,"all_predictors_lagged",0.195451053853008,0.189125058495767,0.258245837478691,0.160649141857008,0.151163831458775,0.00632599535724118,0.00948531039823308,0.895159922517291,1.51301069185723,10.7272727272727,10,1.72727272727273
2024-08-11,"all_predictors_lagged",0.204818723634143,0.261177903633415,0.176970043707183,0.166930234657237,0.151730439445251,-0.0563591799992725,0.0151997952119864,1.44682957415098,1.28934157875578,9.45454545454546,10.4545454545455,1.45454545454545
2024-08-12,"all_predictors_lagged",0.209165904721437,0.166890515896219,0.186738240914151,0.167514070327546,0.1571324382605,0.0422753888252187,0.0103816320670464,0.916837153796592,1.35048770962713,10.6363636363636,10.1818181818182,1.72727272727273
2024-08-13,"all_predictors_lagged",0.187701089835544,0.213061025061338,0.154332974323265,0.164395718231006,0.157226100600101,-0.0253599352257939,0.00716961763090494,0.893386055725525,1.29212425780084,10.8181818181818,10.8181818181818,1.90909090909091
2024-08-14,"all_predictors_lagged",0.372444262117987,0.180226510824742,0.191033650218916,0.163790322897484,0.1576838048515,0.192217751293245,0.00610651804598369,1.21309605043322,1.64646767415791,9.81818181818182,9.54545454545454,1.27272727272727
2024-08-15,"all_predictors_lagged",0.141310045249122,0.120744364212259,0.142912073206162,0.159600437044869,0.155715357663038,0.0205656810368635,0.0038850793818303,0.817468924570782,1.48450509866645,10.4545454545455,9.90909090909091,1.63636363636364
2024-08-16,"all_predictors_lagged",0.169038387642134,0.304949442776752,0.112652904599442,0.145698794775219,0.140753694775231,-0.135911055134618,0.00494509999998713,0.964526101025667,1.64074471523655,10.0909090909091,9.09090909090909,1.45454545454545
2024-08-17,"all_predictors_lagged",0.221584492306592,0.158542828531693,0.134157587812995,0.144755972081309,0.136808583177281,0.063041663774899,0.00794738890402783,1.08938826548819,1.4068026455873,9.81818181818182,9.72727272727273,1.36363636363636
2024-08-18,"all_predictors_lagged",0.0949102413379552,0.224534940197431,0.160618722905616,0.137501604217559,0.133305445692849,-0.129624698859476,0.00419615852471013,1.0603686286552,1.37635294448918,9.27272727272727,9.18181818181818,1.54545454545455
2024-08-19,"all_predictors_lagged",1.68813381553869,1.61817853560494,0.805876278841266,0.13118332006999,0.126514240307621,0.0699552799337461,0.00466907976236972,1.2879599464035,1.36263787987145,9,10.2727272727273,1.63636363636364
2024-08-20,"all_predictors_lagged",0.204290261760367,0.167440121533976,0.160703726818928,0.131626040748879,0.12567483133919,0.0368501402263914,0.00595120940968973,1.35904071414459,1.63136151337225,9.18181818181818,9.54545454545454,1.45454545454545
2024-08-21,"all_predictors_lagged",0.107187902408173,0.0695300916628858,0.106893663957316,0.134128797355037,0.129066532884903,0.0376578107452875,0.00506226447013386,1.24270862369203,1.62451849151479,9.81818181818182,9.90909090909091,1.63636363636364
2024-08-22,"all_predictors_lagged",0.100992881785397,0.106549095413014,0.166072187585049,0.13118586385143,0.125424292200796,-0.00555621362761698,0.00576157165063415,1.15263563238949,1.56010881631337,9.81818181818182,9.72727272727273,1.72727272727273
2024-08-23,"all_predictors_lagged",0.22032125477923,0.188207084547801,0.12116958239034,0.131137230163813,0.125546756111327,0.0321141702314287,0.00559047405248674,1.1186398127004,1.72071929681561,10.2727272727273,9.54545454545454,1.54545454545455
2024-08-24,"all_predictors_lagged",0.398936952739413,0.40324078284676,0.358798120840146,0.133766696550573,0.127879901150593,-0.00430383010734697,0.00588679539998085,1.27974180298399,1.52451871708291,10.1818181818182,10.3636363636364,1.63636363636364
2024-08-25,"all_predictors_lagged",0.196970701786466,0.181810170719893,0.225493330530311,0.13602986531249,0.128423239331061,0.0151605310665732,0.00760662598142854,1.15790465935573,1.55335080826014,10.2727272727273,10.3636363636364,1.81818181818182
2024-08-26,"all_predictors_lagged",0.250661910355661,0.1243127634497,0.121221424737921,0.135970288579496,0.128764200975687,0.126349146905961,0.00720608760380853,1.29552107885815,1.72116496743126,9.63636363636364,9.72727272727273,1.54545454545455
2024-08-27,"all_predictors_lagged",0.191852142986027,0.199224035280398,0.246641133213326,0.131204593167878,0.124557100552369,-0.00737189229437178,0.00664749261550887,1.14868981618227,1.6654953177475,10,9.63636363636364,1.81818181818182
2024-08-28,"all_predictors_lagged",0.231171453511909,0.285558721095846,0.226726898759208,0.133716902758505,0.126937223363325,-0.054387267583937,0.00677967939518068,1.08784601871545,1.49426250922383,10.6363636363636,10.4545454545455,1.90909090909091
2024-08-29,"all_predictors_lagged",0.174750276864614,0.224032811346949,0.120413137976169,0.128971379512283,0.122348524151757,-0.0492825344823351,0.00662285536052613,1.08589452267685,1.50985044348569,10.4545454545455,10.5454545454545,1.72727272727273
2024-08-30,"all_predictors_lagged",0.159681227376667,0.13871908293881,0.135808611183463,0.129638636807791,0.124564054334181,0.0209621444378564,0.00507458247361005,1.10336607113403,1.56802067284938,10.5454545454545,9.63636363636364,1.63636363636364
2024-08-31,"all_predictors_lagged",0.10704913062961,0.145968185545487,0.142481801744412,0.132468370586973,0.125486489611855,-0.0389190549158763,0.0069818809751178,1.27416020140574,1.50907643327436,9.36363636363636,9.72727272727273,1.54545454545455
2024-09-01,"all_predictors_lagged",0.445976633250408,0.446932539331469,0.388600212106256,0.133412545647638,0.125865743028678,-0.000955906081061113,0.00754680261896038,1.20745954668264,1.6198870057405,9.72727272727273,9.27272727272727,1.54545454545455
2024-09-02,"all_predictors_lagged",0.141285829124292,0.122403262696074,0.139644296783183,0.138096236848495,0.126898959850994,0.0188825664282176,0.0111972769975013,1.26418581090751,1.39932291823373,9.09090909090909,10.5454545454545,1.72727272727273
2024-09-03,"all_predictors_lagged",0.357884154250119,0.330465912640759,0.445005642094849,0.13542010025174,0.128628179880164,0.0274182416093598,0.00679192037157557,1.11099289352486,1.47475783341165,9.90909090909091,10.0909090909091,1.63636363636364
2024-09-04,"all_predictors_lagged",0.817810924459899,0.799824128013392,0.739009344127956,0.136289210501157,0.12887783364279,0.0179867964465071,0.0074113768583673,1.1997467189688,1.53174497839346,9.36363636363636,9.81818181818182,1.54545454545455
2024-09-05,"all_predictors_lagged",0.163677111752689,0.177176846795961,0.196916904217982,0.135503620153362,0.127034602985663,-0.013499735043272,0.00846901716769983,1.2363606551113,1.62329229933343,9.90909090909091,9.54545454545454,1.81818181818182
2024-09-06,"all_predictors_lagged",0.306968960323561,0.294342874492755,0.279926090248081,0.134318931979071,0.128195234730703,0.0126260858308062,0.00612369724836776,1.06609820869079,1.42845357928663,10.1818181818182,9.90909090909091,1.63636363636364
2024-09-07,"all_predictors_lagged",0.34995883297032,0.275849162506739,0.3605165107129,0.136361916807341,0.128236466547816,0.0741096704635817,0.00812545025952546,1.10340730570767,1.35830891475059,10.0909090909091,9.36363636363636,1.81818181818182
2024-09-08,"all_predictors_lagged",0.373724769284488,0.286946828735553,0.363702286853298,0.133456591587787,0.124025633821092,0.0867779405489351,0.00943095776669438,1.04918512445069,1.11991526995644,9.81818181818182,10.7272727272727,1.90909090909091
2024-09-09,"all_predictors_lagged",0.248849077895389,0.32312143524853,0.353928897606742,0.132195147771391,0.123994889530544,-0.0742723573531404,0.00820025824084689,1.02755385796175,1.32332589782835,9.72727272727273,10.1818181818182,1.72727272727273
2024-09-10,"all_predictors_lagged",0.437720987137519,0.352562850899165,0.33198385200091,0.132886794732911,0.12494997172433,0.0851581362383539,0.00793682300858032,0.99881401956664,1.5525765880616,10,9.27272727272727,1.45454545454545
2024-09-11,"all_predictors_lagged",0.136692503562394,0.133228546369589,0.173506905340487,0.138007777308025,0.125954957189969,0.00346395719280405,0.0120528201180562,1.02435969463752,1.19945150314913,9.54545454545454,10.7272727272727,1.72727272727273
2024-09-12,"all_predictors_lagged",0.0932231284420929,0.101527012566068,0.218896865551531,0.133564741588651,0.124713749631553,-0.00830388412397477,0.00885099195709802,1.03973637661353,1.14161129735083,10.0909090909091,10.3636363636364,1.54545454545455
2024-09-13,"all_predictors_lagged",0.153733986707742,0.0951663721085808,0.109041364416614,0.134668676089694,0.12529782569126,0.0585676145991615,0.0093708503984343,1.08872659505478,0.940577580953462,10.0909090909091,10.5454545454545,1.63636363636364
2024-09-14,"all_predictors_lagged",0.141575055476416,0.175218405524874,0.159223292843767,0.133611275064287,0.125354029896,-0.0336433500484583,0.00825724516828744,1.02477671940888,1.03062407847845,9.63636363636364,10.5454545454545,1.72727272727273
2024-09-15,"all_predictors_lagged",0.321730188353303,0.260770185628091,0.196851025420166,0.133191006408806,0.125420630784048,0.0609600027252123,0.007770375624758,1.06396097595725,1.07158878034418,10,10.6363636363636,1.81818181818182
2024-09-16,"all_predictors_lagged",0.322283281345094,0.231653542829053,0.243348834721163,0.136948857327208,0.128184615065276,0.090629738516041,0.0087642422619313,0.977853216015651,1.15914543262608,9.72727272727273,9.81818181818182,2
2024-09-17,"all_predictors_lagged",0.254287615661213,0.216813331805672,0.118022361254416,0.141196275634954,0.132611512906525,0.0374742838555401,0.00858476272842845,0.844744339191008,1.97351949429748,9.36363636363636,8.63636363636364,1.63636363636364
2024-09-18,"all_predictors_lagged",0.546154444627399,0.523324859694766,0.502643767530024,0.140318043259957,0.131699962805891,0.022829584932633,0.00861808045406523,0.919870298298576,1.36623798766193,9.63636363636364,9.63636363636364,2
2024-09-19,"all_predictors_lagged",0.809330655562708,0.22871132869439,0.195154126751837,0.141731517945987,0.134079938394494,0.580619326868318,0.00765157955149362,0.91497083255053,1.23161481720558,9.63636363636364,10.1818181818182,2
2024-09-20,"all_predictors_lagged",1.76550471403068,1.18000853468436,0.470112996359049,0.139961258113296,0.133995653674372,0.585496179346328,0.00596560443892417,1.03529534968663,1.29584511879157,9.27272727272727,9.45454545454546,1.90909090909091
2024-09-21,"all_predictors_lagged",0.154958217215477,0.18394406019017,0.147199255690333,0.14277237342066,0.128657475731811,-0.0289858429746927,0.0141148976888494,1.03488706951545,1.25479858506845,9.45454545454546,9.18181818181818,1.72727272727273
2024-09-22,"all_predictors_lagged",0.147015220117469,0.1607674037094,0.143602940309338,0.145947958413208,0.130697896065498,-0.0137521835919312,0.0152500623477101,1.09143737987604,1.25382987183219,9.18181818181818,9.54545454545454,2
2024-09-23,"all_predictors_lagged",0.35663918199556,0.296690565233541,0.142283730329251,0.133920336658307,0.128099372961399,0.0599486167620197,0.00582096369690859,1.2220187028894,1.37666379695228,9.09090909090909,9.36363636363636,1.54545454545455
2024-09-24,"all_predictors_lagged",0.110628903338147,0.0977843498614105,0.112752485868744,0.134872626928408,0.127047080433055,0.0128445534767367,0.00782554649535246,1.03375060068193,1.26655248535333,9.63636363636364,9.36363636363636,1.54545454545455
2024-09-25,"all_predictors_lagged",0.108753888131896,0.113141736029248,0.145347588360981,0.133165595356096,0.126339067421412,-0.00438784789735238,0.00682652793468386,0.989067231512571,1.34196458566617,9.27272727272727,9.36363636363636,1.63636363636364
2024-09-26,"all_predictors_lagged",0.230473234102537,0.162867043632895,0.162054493891474,0.132847331458418,0.125180417958212,0.0676061904696414,0.00766691350020623,1.06352128417415,1.30386445700625,9.36363636363636,9.45454545454546,1.72727272727273
2024-09-27,"all_predictors_lagged",0.170993675036152,0.15248243979566,0.155563259533699,0.133851277988139,0.127017572582745,0.018511235240492,0.00683370540539459,1.15552240240441,1.36958117228264,9.09090909090909,9.09090909090909,1.36363636363636
2024-09-28,"all_predictors_lagged",0.14925051166849,0.152624610861276,0.159540907757802,0.134294716083999,0.128823867035966,-0.00337409919278574,0.00547084904803371,0.950846292738632,1.51754168534813,9.54545454545454,8.90909090909091,1.45454545454545
2024-09-29,"all_predictors_lagged",0.150467389922376,0.155937253475028,0.175529741543548,0.136081330822187,0.129862451436395,-0.00546986355265153,0.00621887938579229,0.882591671286808,1.45468466032421,9.54545454545454,9.45454545454546,1.36363636363636
2024-09-30,"all_predictors_lagged",0.122988637447196,0.118710576774844,0.141947037659744,0.137438285381652,0.130934528360648,0.00427806067235185,0.00650375702100482,0.865927451323825,1.27079342304753,9.90909090909091,9.81818181818182,1.54545454545455
2024-10-01,"all_predictors_lagged",0.174295808993691,0.208027661174516,0.157274609466438,0.134932829820012,0.128055981703399,-0.033731852180825,0.00687684811661303,0.791394548201468,1.08813929093565,10,10.4545454545455,1.81818181818182
2024-10-02,"all_predictors_lagged",0.0993921627591992,0.141714760915385,0.111073692256918,0.131474795234946,0.125618054807222,-0.0423225981561859,0.00585674042772351,0.884078827603898,1.14431422885221,9.81818181818182,10.3636363636364,1.72727272727273
2024-10-03,"all_predictors_lagged",0.693196302083336,0.64462713714686,0.439603650248583,0.131534362780228,0.127588502493845,0.0485691649364755,0.00394586028638266,0.926964312396349,1.37048196273962,9.27272727272727,9.36363636363636,1.63636363636364
2024-10-04,"all_predictors_lagged",0.490393832747666,0.445673263407751,0.271318367574391,0.135583824647184,0.130203492279621,0.0447205693399148,0.0053803323675626,1.05499653894069,1.06726987491484,8.81818181818182,10.2727272727273,2
2024-10-05,"all_predictors_lagged",0.175672654263798,0.156272796090302,0.152560783434631,0.13970979795381,0.135419373561657,0.0193998581734963,0.00429042439215261,0.783425079200534,1.17977151795197,9.90909090909091,9.90909090909091,1.54545454545455
2024-10-06,"all_predictors_lagged",0.132478394616225,0.119587694100948,0.152981912426196,0.139097235701348,0.135390611600207,0.0128907005152764,0.00370662410114038,0.709060121178126,1.06489796072471,9.72727272727273,9.72727272727273,2.09090909090909
2024-10-07,"all_predictors_lagged",0.130451060686953,0.153872792124845,0.141567236675978,0.142694920044701,0.137627534213579,-0.0234217314378924,0.0050673858311217,0.747451389446892,1.07049808373275,9.27272727272727,9.63636363636364,1.81818181818182
2024-10-08,"all_predictors_lagged",0.161036428283033,0.0978133093386291,0.16437511557198,0.138727301873775,0.134054756773119,0.0632231189444039,0.00467254510065612,1.01589700501489,1.22599901965486,9.27272727272727,9.72727272727273,2
2024-10-09,"all_predictors_lagged",0.330798553465403,0.151387312228405,0.127158297334005,0.135517850101505,0.135096224884978,0.179411241236998,0.000421625216527557,0.691060990662227,1.10650205846999,10.0909090909091,10,2.09090909090909
2024-10-10,"all_predictors_lagged",0.35932110382253,0.422124308149014,0.100544369039571,0.136981331287868,0.133188170502139,-0.0628032043264842,0.00379316078572929,0.901836912484502,1.15141613238304,9.54545454545454,9.36363636363636,1.90909090909091
2024-10-11,"all_predictors_lagged",0.0687839615462467,0.090690598795486,0.117188128813,0.136684178320494,0.132513627380692,-0.0219066372492393,0.00417055093980175,0.856231500690476,1.29119116698634,9.54545454545454,8.90909090909091,2
2024-10-12,"all_predictors_lagged",0.0969856253278712,0.0880530606788221,0.127571810321402,0.131981061747626,0.127078910527607,0.00893256464904917,0.00490215122001863,0.865120251366288,1.15637153420174,9.72727272727273,9.54545454545454,1.90909090909091
2024-10-13,"all_predictors_lagged",0.153045133503462,0.137047449243542,0.143926686248863,0.135423909231574,0.128918126078074,0.0159976842599207,0.0065057831534999,0.917805174586477,1.16034725106748,9.81818181818182,9,2
2024-10-14,"all_predictors_lagged",0.140342800052795,0.139239357634083,0.153152771133399,0.136861957929304,0.129725749723664,0.00110344241871158,0.00713620820563988,0.931550332027714,1.08681099924661,9.81818181818182,9.54545454545454,1.81818181818182
2024-10-15,"all_predictors_lagged",0.0773567849490944,0.142479019014533,0.118421740044583,0.1341538425217,0.130008344024285,-0.0651222340654385,0.00414549849741536,0.839005228009343,1.04125817757304,9.72727272727273,9.72727272727273,1.72727272727273
2024-10-16,"all_predictors_lagged",0.113845864648335,0.0875897389362716,0.108646931627277,0.133150018806965,0.128437816876859,0.0262561257120638,0.00471220193010608,0.925193245107367,1.13999366977427,8.90909090909091,9.09090909090909,1.72727272727273
2024-10-17,"all_predictors_lagged",0.186269264886208,0.141992040989464,0.135704280351333,0.130899185483817,0.125129031313442,0.0442772238967435,0.00577015417037445,1.07125492685491,1.13367971894372,8.63636363636364,9.63636363636364,1.81818181818182
2024-10-18,"all_predictors_lagged",0.20758277792216,0.24399272575108,0.246553658810959,0.127673941767286,0.1216831949841,-0.0364099478289201,0.00599074678318533,1.08644586422956,1.06139092560232,8.54545454545454,9.72727272727273,1.72727272727273
2024-10-19,"all_predictors_lagged",0.258086805465173,0.0569136592803786,0.156291466329207,0.126462748058955,0.121319941115203,0.201173146184795,0.0051428069437515,1.12987146252,1.14535208930546,9.27272727272727,10.5454545454545,1.81818181818182
2024-10-20,"all_predictors_lagged",0.101311088185654,0.0997543553648794,0.219851248493027,0.124999980954321,0.120339010657751,0.00155673282077432,0.00466097029656922,1.06319684339123,1.12901092718685,9.27272727272727,10.5454545454545,1.72727272727273
2024-10-21,"all_predictors_lagged",0.302130923487871,0.216485321285364,0.140431878631381,0.12492880460246,0.119986734472765,0.0856456022025072,0.00494207012969441,1.07141216801619,1.11664670389756,9,10.8181818181818,1.72727272727273
2024-10-22,"all_predictors_lagged",0.873462982855628,0.509599784505149,0.429361316872944,0.12689022668714,0.121521382138407,0.363863198350479,0.00536884454873269,1.17491300369961,1.18111959363805,9.27272727272727,9.90909090909091,1.72727272727273
2024-10-23,"all_predictors_lagged",0.336900745148241,0.295638033651631,0.120388268924953,0.126891139267043,0.120389023421624,0.04126271149661,0.00650211584541954,1.10879769955545,1.13482039342711,9,10.1818181818182,1.63636363636364
2024-10-24,"all_predictors_lagged",0.134322438661222,0.0828180790383517,0.117625090448383,0.125332595842787,0.117140311156035,0.0515043596228702,0.00819228468675174,0.914752781512995,0.99582183017347,9.27272727272727,10.6363636363636,1.81818181818182
2024-10-25,"all_predictors_lagged",0.14934520896499,0.153101029975716,0.181455581476371,0.124587453567436,0.116193155717126,-0.00375582101072605,0.00839429785030994,1.01315116444373,1.00270275505142,8.72727272727273,10.1818181818182,1.63636363636364
2024-10-26,"all_predictors_lagged",0.220362349358948,0.231647260243044,0.219959152109319,0.123314375173163,0.113977468938712,-0.0112849108840967,0.0093369062344508,0.998359502891661,1.00121425911779,8.90909090909091,10.4545454545455,1.81818181818182
2024-10-27,"all_predictors_lagged",0.210489963504816,0.252549321045437,0.172103754764604,0.125008297725609,0.115990999263817,-0.0420593575406215,0.00901729846179252,0.985288068604479,0.977644190696977,9.18181818181818,10.2727272727273,1.72727272727273
2024-10-28,"all_predictors_lagged",0.161664659202964,0.168129400201987,0.246985815858221,0.125398101422093,0.116328141026872,-0.00646474099902316,0.0090699603952211,1.01407822303319,1.03589123989009,9.45454545454546,10.7272727272727,1.90909090909091
2024-10-29,"all_predictors_lagged",0.426248994932119,0.418491543142658,0.28002828197994,0.122917637173512,0.111569663035257,0.00775745178946166,0.0113479741382555,1.32448438632711,1.00353299563716,8.54545454545454,11.0909090909091,1.90909090909091
2024-10-30,"all_predictors_lagged",0.508920391100495,0.467417949219141,0.166352936883993,0.119898991872379,0.109150424034215,0.0415024418813535,0.0107485678381636,0.900801804845779,1.0363207198649,9.63636363636364,11.1818181818182,1.90909090909091
2024-10-31,"all_predictors_lagged",0.609275466978171,0.419939634524659,0.252868864589312,0.120787394106562,0.110650359503279,0.189335832453512,0.0101370346032833,1.12829393147355,0.997973256383553,9.36363636363636,10.8181818181818,2.36363636363636
2024-11-01,"all_predictors_lagged",0.280369241905642,0.590119972542346,0.490376233722719,0.123630821847975,0.113563724933149,-0.309750730636704,0.0100670969148255,0.966879873597488,1.08295549786862,10.2727272727273,10.5454545454545,2.27272727272727
2024-11-02,"all_predictors_lagged",0.214665743057308,0.290797760790282,0.129356034700024,0.123984123381553,0.11188451697909,-0.0761320177329745,0.0120996064024632,0.93841902230975,0.909975455179745,9.18181818181818,10.5454545454545,2.45454545454545
2024-11-03,"all_predictors_lagged",0.111916308570671,0.12184501380748,0.135084174045526,0.124805045076976,0.111112773338408,-0.00992870523680844,0.0136922717385683,0.854830841945256,0.945065304464953,9.54545454545454,10.6363636363636,2.18181818181818
2024-11-04,"all_predictors_lagged",0.137433071592373,0.165122248272599,0.12599375782489,0.117027842924694,0.112003369434083,-0.0276891766802257,0.00502447349061105,0.965787697790899,0.996357783944329,9.36363636363636,10,1.81818181818182
2024-11-05,"all_predictors_lagged",0.158769930054174,0.143979863881667,0.145322208109548,0.120133603295575,0.115755945597231,0.0147900661725074,0.00437765769834369,0.643466218458145,1.09340457299843,10.5454545454545,9.72727272727273,1.81818181818182
2024-11-06,"all_predictors_lagged",0.584354500389721,0.55434732850875,0.231282727284767,0.113933126051244,0.110344426163812,0.0300071718809717,0.00358869988743167,0.836078572818871,1.1288944256668,10.1818181818182,9.27272727272727,2
2024-11-07,"all_predictors_lagged",1.20119262554983,0.507315190920863,0.235686860166089,0.113839680857186,0.110859540896892,0.693877434628968,0.00298013996029381,0.603498995424959,1.03802518439465,10.6363636363636,10.2727272727273,2
2024-11-08,"all_predictors_lagged",0.420749378527707,0.177955949027018,0.234669795102089,0.114348795351901,0.110297689264304,0.242793429500689,0.00405110608759697,0.657407186934344,1.15680269684173,10.4545454545455,9.45454545454546,2
2024-11-09,"all_predictors_lagged",0.360147741144657,0.302617089971925,0.187770351719808,0.114419942358476,0.110951805677218,0.0575306511727321,0.00346813668125828,0.734827522468883,1.0659952835009,10,9.63636363636364,2.09090909090909
2024-11-10,"all_predictors_lagged",0.60497142520856,0.569531359480718,0.383982577026136,0.114656849568538,0.111927605704481,0.0354400657278423,0.0027292438640573,0.684478634392253,1.01715051027004,9.45454545454546,10,1.90909090909091
2024-11-11,"all_predictors_lagged",0.207168833381323,0.218591587427114,0.215663082165327,0.115771968526703,0.112923178461023,-0.0114227540457913,0.00284879006568034,0.686893707417084,0.995237267774696,9.81818181818182,10.3636363636364,2.09090909090909
2024-11-12,"all_predictors_lagged",0.260363699251326,0.539595308744945,0.521863768391681,0.115038811473266,0.110770066315042,-0.27923160949362,0.00426874515822455,0.719847067754928,1.15991721123783,9.27272727272727,9.54545454545454,1.72727272727273
2024-11-13,"all_predictors_lagged",0.244843066903919,0.29924383141478,0.386149395641797,0.117135716944957,0.114542177081841,-0.0544007645108611,0.00259353986311628,0.708447616496341,1.11213738935245,9.36363636363636,9.36363636363636,1.45454545454545
2024-11-14,"all_predictors_lagged",0.465463848525455,0.784823303767151,0.185309990512303,0.114832123830112,0.111240065929898,-0.319359455241695,0.0035920579002141,0.719251995720561,1.01338429743567,9.63636363636364,9.90909090909091,1.81818181818182
2024-11-15,"all_predictors_lagged",0.191496181791258,0.185519315197604,0.205867252205359,0.11211606311439,0.107557316205893,0.00597686659365367,0.00455874690849755,0.845511629137272,0.976780396606478,9.36363636363636,10.5454545454545,1.81818181818182
2024-11-16,"all_predictors_lagged",0.161855197993263,0.469683271557033,0.15301271710594,0.1119052259637,0.107426240715285,-0.30782807356377,0.0044789852484156,0.834656858699929,1.0694618301263,9.63636363636364,10.1818181818182,1.81818181818182
2024-11-17,"all_predictors_lagged",0.335426017327856,0.342605520196395,0.16009772801405,0.109241384034657,0.104665219446245,-0.0071795028685397,0.00457616458841138,0.708663980449548,0.962763959464517,9.45454545454546,10.3636363636364,2
2024-11-18,"all_predictors_lagged",0.1048525467499,0.0791466473262986,0.140743155339843,0.107117518492297,0.102884750290662,0.0257058994236012,0.0042327682016355,0.94496923220498,1.04099548189883,8.72727272727273,9.90909090909091,1.72727272727273
2024-11-19,"all_predictors_lagged",0.0911745479062146,0.0835844762351357,0.118863853643511,0.104198237788049,0.0999123907382494,0.00759007167107889,0.00428584704979966,1.0878092650296,1.21929148122843,8.09090909090909,9.72727272727273,1.72727272727273
2024-11-20,"all_predictors_lagged",0.144172902300287,0.101822769113702,0.162218371560339,0.104900162649158,0.100610077791113,0.0423501331865853,0.00429008485804456,0.747790463819822,0.93919418492816,9.18181818181818,10.0909090909091,1.81818181818182
2024-11-21,"all_predictors_lagged",0.200964346388163,0.156025035185102,0.203925569850134,0.10358356733077,0.0989680229475859,0.0449393112030611,0.00461554438318412,0.779057051494521,1.25113621518527,9,9.45454545454546,1.72727272727273
2024-11-22,"all_predictors_lagged",0.248688450366226,0.209854670898144,0.273047593807564,0.100313187511681,0.0946137340320549,0.0388337794680818,0.00569945347962627,0.82162308494378,1.1345763358404,8.81818181818182,9.90909090909091,1.72727272727273
2024-11-23,"all_predictors_lagged",0.327427055048185,0.316403712026308,0.139615271368767,0.101268603645938,0.0944654102341369,0.0110233430218771,0.00680319341180125,0.721107884418581,1.09378717071347,9.36363636363636,10.5454545454545,2.18181818181818
2024-11-24,"all_predictors_lagged",0.160574726929964,0.122804227018897,0.176167017305545,0.104271009215817,0.0985207079248304,0.0377704999110668,0.00575030129098647,0.681403779882249,1.01603939457509,9.18181818181818,10.5454545454545,2.18181818181818
2024-11-25,"all_predictors_lagged",0.204109180761144,0.413151353100014,0.206693938961528,0.103679371889759,0.0971006926251594,-0.20904217233887,0.00657867926459954,0.90100812427833,1.09749386235691,8.63636363636364,9.63636363636364,2.09090909090909
2024-11-26,"all_predictors_lagged",0.788938706692854,1.30189948208171,0.282427173846386,0.103313095549637,0.095912614492997,-0.512960775388859,0.00740048105664003,0.800362927231002,1.06204148118113,8.81818181818182,9.81818181818182,2
2024-11-27,"all_predictors_lagged",0.332429592969936,0.662509283460658,0.231281180274747,0.104406613065364,0.0957903585323875,-0.330079690490721,0.00861625453297688,1.1227425900864,0.856504275196058,9.54545454545454,11.0909090909091,2.27272727272727
2024-11-28,"all_predictors_lagged",0.230611177643894,0.606662902315676,0.13363830738103,0.104951749580741,0.0986099802871669,-0.376051724671783,0.0063417692935741,0.846317682232495,0.98507178126164,10,11,2.09090909090909
2024-11-29,"all_predictors_lagged",0.514369359735814,0.631321964433143,0.320849892993335,0.104831332246704,0.0978308693128223,-0.116952604697329,0.00700046293388209,0.787026638787549,0.827227386173426,9.54545454545454,11.7272727272727,2.09090909090909
2024-11-30,"all_predictors_lagged",0.0947274991506652,0.090284895034792,0.147590876766558,0.106104450652166,0.0985315869567793,0.00444260411587316,0.00757286369538684,0.689506260430845,0.846123164836903,10.2727272727273,11.6363636363636,2.18181818181818
2024-12-01,"all_predictors_lagged",0.186397037650429,0.140207751924806,0.176083912978871,0.102937166318484,0.0960673400761765,0.0461892857256223,0.00686982624230778,0.709345070250241,0.906418394392892,10.0909090909091,10.9090909090909,2
2024-12-02,"all_predictors_lagged",0.15637645695073,0.112456023204508,0.130579334285985,0.103362205572697,0.0965646444099006,0.0439204337462218,0.00679756116279679,0.660922231933233,1.00042434377137,10.0909090909091,10.5454545454545,2.18181818181818
2024-12-03,"all_predictors_lagged",0.129605169498188,0.101174109140028,0.128476668216838,0.0988053661190585,0.0928816285507718,0.0284310603581599,0.00592373756828671,1.11304944015928,0.918291309044222,9.72727272727273,10.7272727272727,2.09090909090909
2024-12-04,"all_predictors_lagged",0.341778468582606,0.357785236165857,0.341596965013961,0.0991023273068602,0.0928153096765698,-0.0160067675832509,0.00628701763029041,0.662938987154009,1.01067865905081,9.90909090909091,10.4545454545455,1.54545454545455
2024-12-05,"all_predictors_lagged",0.31203492455667,0.413417710170969,0.20462650532552,0.101112748041931,0.0941559061094133,-0.101382785614299,0.00695684193251796,0.664560680846634,0.936707718162738,9.36363636363636,10.1818181818182,1.72727272727273
2024-12-06,"all_predictors_lagged",0.17309957322104,0.138009627264101,0.189051215062942,0.100303736345332,0.0937202123105034,0.0350899459569389,0.00658352403482912,0.589806102567814,0.765910579979222,9.90909090909091,11.1818181818182,1.72727272727273
2024-12-07,"all_predictors_lagged",0.140012359415666,0.137765963942559,0.167046049818851,0.0984395758063618,0.0907760352827513,0.00224639547310718,0.00766354052361056,0.721704555063631,0.819049309776216,9.54545454545454,11.0909090909091,2.09090909090909
2024-12-08,"all_predictors_lagged",0.80984628740981,0.458146764518658,0.620265128984656,0.101105387990033,0.0930812479770057,0.351699522891153,0.00802414001302704,0.633046316491111,0.909346872060594,9.81818181818182,10.3636363636364,2
2024-12-09,"all_predictors_lagged",0.584716681539098,0.569037369736939,1.42712246732051,0.10331239699339,0.0952760383046736,0.0156793118021597,0.00803635868871634,0.722873989831187,0.957753931457665,9.63636363636364,10.2727272727273,1.72727272727273
2024-12-10,"all_predictors_lagged",0.323134061033247,0.329865249753466,0.157114317842194,0.101596812073422,0.0960360850284426,-0.00673118872021904,0.00556072704497954,0.616856110981418,1.17979033885302,10.2727272727273,9.18181818181818,1.72727272727273
2024-12-11,"all_predictors_lagged",0.280189712627494,0.257793217323263,0.166079029208098,0.101175705572997,0.0952153355554534,0.0223964953042312,0.00596037001754357,0.724835155501388,0.976979764324371,9.45454545454546,9.72727272727273,1.54545454545455
2024-12-12,"all_predictors_lagged",0.176146770726629,0.255619922642216,0.25528137894793,0.102117456058772,0.0966473858941505,-0.0794731519155873,0.00547007016462152,0.728458847031034,1.06499698752632,10.0909090909091,9.72727272727273,1.63636363636364
2024-12-13,"all_predictors_lagged",0.516405837419599,0.161437849982438,0.124126422493425,0.100263313556793,0.0958211181303392,0.354967987437162,0.00444219542645384,0.676916482991717,1.24804163668149,10.0909090909091,9,1.36363636363636
2024-12-14,"all_predictors_lagged",0.102747985061318,0.13160848072324,0.133875822767091,0.103022588355524,0.0966258647731369,-0.0288604956619214,0.00639672358238687,0.795359868466636,1.13312744996566,9.45454545454546,9.36363636363636,1.45454545454545
2024-12-15,"all_predictors_lagged",0.113095142404313,0.263098468441599,0.102062340648808,0.101854036503592,0.0963344780169754,-0.150003326037286,0.00551955848661672,0.812122645589943,1.15678514976349,9.27272727272727,9.72727272727273,1.45454545454545
2024-12-16,"all_predictors_lagged",0.304814945458654,0.25325950920692,0.101668817155843,0.103255711259374,0.0989881890112546,0.0515554362517341,0.00426752224811979,0.922941540372366,1.07588456317665,8.45454545454546,9.90909090909091,1.36363636363636
2024-12-17,"all_predictors_lagged",0.164850592987855,0.142785476933784,0.15818114321619,0.103821845151497,0.0992206665701183,0.0220651160540714,0.00460117858137907,0.89614903278651,1.18114985964474,9.36363636363636,9.54545454545454,1.27272727272727
2024-12-18,"all_predictors_lagged",0.0970838013951273,0.123425168440729,0.198501057520805,0.10031343206932,0.0962165242488832,-0.026341367045602,0.00409690782043728,0.918034622586696,1.28998760384698,9.63636363636364,9.90909090909091,1.18181818181818
2024-12-19,"all_predictors_lagged",0.809823932675879,0.769302559495393,0.424736667861572,0.0994387930104548,0.0957972717950964,0.0405213731804864,0.00364152121535834,0.965341435722887,1.3936863759057,10,9.72727272727273,1.18181818181818
2024-12-20,"all_predictors_lagged",1.23546265897947,1.22663425328354,0.270743618973293,0.0964500702390155,0.0918339714159503,0.00882840569592808,0.00461609882306512,0.829960784630893,1.32087903453474,9.27272727272727,9.90909090909091,1.45454545454545
2024-12-21,"all_predictors_lagged",0.379405055121063,0.389097057049814,0.222897387132945,0.0991492848856718,0.0949513125229296,-0.00969200192875107,0.00419797236274221,0.947579655386372,1.32067657064064,9.18181818181818,10,1.36363636363636
2024-12-22,"all_predictors_lagged",0.153474484245859,0.107631822134417,0.151639929506754,0.0972373739455492,0.0940400332657094,0.0458426621114419,0.00319734067983978,1.07661622968123,1.32288545582943,9.36363636363636,9.45454545454546,1.18181818181818
2024-12-23,"all_predictors_lagged",0.40402600026873,0.350576945260117,0.248256447289136,0.0962874329114393,0.0945064761112854,0.0534490550086123,0.0017809568001539,0.867100933956071,1.28529451791079,10,10.0909090909091,1.36363636363636
2024-12-24,"all_predictors_lagged",0.116287230192189,0.141243636989601,0.114092781332673,0.100151318946899,0.0952104185821034,-0.0249564067974127,0.00494090036479598,1.01114993853135,1.43871435713795,9.27272727272727,9.36363636363636,1.18181818181818
2024-12-25,"all_predictors_lagged",0.0908724686535306,0.0876450952325916,0.120320994363309,0.098978972675786,0.0951262107069228,0.00322737342093899,0.00385276196886324,0.890540563208329,1.02492711437032,9.27272727272727,9.90909090909091,1.45454545454545
2024-12-26,"all_predictors_lagged",0.360224635869086,0.250310316609054,0.178149314418882,0.098854980649186,0.0941803909356303,0.109914319260032,0.00467458971355571,0.748727063471944,1.33688373823035,9.54545454545454,9.27272727272727,1.45454545454545
2024-12-27,"all_predictors_lagged",0.352669192022974,0.53483979604632,0.47297648622143,0.0991308712714666,0.094434146612977,-0.182170604023346,0.00469672465848953,1.01856431063659,1.43004697270397,9.54545454545454,8.63636363636364,1.36363636363636
2024-12-28,"all_predictors_lagged",0.668626672812772,0.307327065414097,0.332481737457607,0.100370410547821,0.0966765834762501,0.361299607398675,0.00369382707157046,0.94000090173246,1.33526196385077,9,9.36363636363636,1.27272727272727
2024-12-29,"all_predictors_lagged",0.173041867903238,0.156709910751785,0.329548786933904,0.100115483112161,0.0951476911048409,0.0163319571514529,0.00496779200731992,0.884476495435927,1.42165292358473,9.90909090909091,8.90909090909091,1.36363636363636
2024-12-30,"all_predictors_lagged",0.209538959708903,0.184204274496311,0.465232455035975,0.0985753515286873,0.0942189743505157,0.0253346852125927,0.00435637717817157,0.785082921197192,1.44950458312915,10.3636363636364,9.18181818181818,1.36363636363636
2024-12-31,"all_predictors_lagged",0.333217299338845,0.299893254212353,0.643593270053374,0.098355044837497,0.0935781203145616,0.0333240451264922,0.00477692452293538,0.968965062948877,1.61679798986924,9.54545454545454,8.63636363636364,1.36363636363636
2025-01-01,"all_predictors_lagged",0.501754566098055,0.531453564361593,0.504664211206041,0.0989264519784601,0.0937958910024901,-0.0296989982635382,0.00513056097597005,0.999745535029971,1.59095302927062,9.45454545454546,9.09090909090909,1.63636363636364
2025-01-02,"all_predictors_lagged",1.40798880177401,1.49789102389457,0.596218637118491,0.101653802899232,0.0968331275276225,-0.0899022221205698,0.00482067537160991,0.898373585378497,1.62406748616308,9.27272727272727,9,1.63636363636364
2025-01-03,"all_predictors_lagged",0.252513629098378,0.366201382485411,0.334328558659367,0.109035703540285,0.102761156089647,-0.113687753387032,0.00627454745063875,0.948857229481861,1.23914867937576,9.18181818181818,9.90909090909091,1.63636363636364
2025-01-04,"all_predictors_lagged",0.60557009156202,0.695249376383458,0.430772733424093,0.108599958914517,0.102512862315526,-0.0896792848214384,0.00608709659899038,0.907400847539917,1.36360319305797,9.63636363636364,9.45454545454546,1.63636363636364
2025-01-05,"all_predictors_lagged",0.44154072056326,0.480062323204085,0.20589232757763,0.111134787581798,0.105419027963651,-0.0385216026408253,0.00571575961814671,0.949553578966355,1.20823835039883,9.36363636363636,9.81818181818182,1.63636363636364
2025-01-06,"all_predictors_lagged",0.558211032748406,0.626259965279923,0.294587397012675,0.114051454699139,0.106371550472632,-0.0680489325315169,0.00767990422650685,0.926684185702906,1.28790565466869,9.54545454545454,9.18181818181818,1.45454545454545
2025-01-07,"all_predictors_lagged",0.40288879787171,0.25824019829808,0.240634593128614,0.115277369378617,0.110671386572103,0.144648599573631,0.00460598280651412,0.965932621262438,1.15522911506509,9.81818181818182,9.90909090909091,1.27272727272727
2025-01-08,"all_predictors_lagged",0.706412314363781,0.591066327561765,0.179582096711579,0.11542904720097,0.110594453434112,0.115345986802016,0.00483459376685793,0.919809364611197,1.32513690387744,9.54545454545454,9.90909090909091,1.27272727272727
2025-01-09,"all_predictors_lagged",0.525531377696276,0.400210235879828,0.234215036911261,0.118286466785428,0.112615793362266,0.125321141816447,0.00567067342316279,0.870874131093051,1.26699410514545,9.72727272727273,9.54545454545454,1.54545454545455
2025-01-10,"all_predictors_lagged",0.179298943650315,0.20939443302329,0.223968964534553,0.121242716505228,0.113357787205449,-0.0300954893729748,0.00788492929977892,1.078292016274,1.36605900226765,9.18181818181818,9,1.36363636363636
2025-01-11,"all_predictors_lagged",0.856502325669904,0.62162242889948,0.119826971048296,0.121036991923184,0.112201442250579,0.234879896770424,0.00883554967260537,0.978002864701432,1.24843770224167,9.72727272727273,9.72727272727273,1.36363636363636
2025-01-12,"all_predictors_lagged",0.51110795467446,0.234562639749891,0.105555768853288,0.120698045375797,0.111125747495931,0.276545314924569,0.00957229787986598,1.07411818176395,1.23922707696843,8.81818181818182,9.81818181818182,1.45454545454545
2025-01-13,"all_predictors_lagged",0.469358101284966,0.322676429619893,0.0985690694351546,0.11893181315977,0.109355846126003,0.146681671665072,0.00957596703376703,1.16681085599488,1.15372627026916,8.63636363636364,10,1.54545454545455
2025-01-14,"all_predictors_lagged",0.0886729216296442,0.0862317328432478,0.132397622005174,0.119922973381091,0.110196226409573,0.00244118878639642,0.00972674697151823,1.11657849300391,1.45731511426157,8.90909090909091,9,1.45454545454545
2025-01-15,"all_predictors_lagged",0.263943868068727,0.0928402034669959,0.0924353579649866,0.118982979395082,0.109285903934709,0.171103664601731,0.0096970754603732,1.01532963120037,1.14252487266721,9.09090909090909,10.3636363636364,1.72727272727273
2025-01-16,"all_predictors_lagged",0.0823953630772201,0.0718513773039908,0.131850177888808,0.11790639796743,0.109734532396568,0.0105439857732293,0.00817186557086162,1.14757190330629,1.23950967051292,8.54545454545454,9.27272727272727,1.54545454545455
2025-01-17,"all_predictors_lagged",0.0794459924352003,0.0786181005573388,0.129260903709781,0.116029480773568,0.106998799681314,0.000827891877861453,0.00903068109225317,1.16614576461908,1.30948170755713,8.09090909090909,9.09090909090909,1.54545454545455
2025-01-18,"all_predictors_lagged",0.20209342870096,0.262891058590428,0.177700713346188,0.115312891394614,0.106223188379865,-0.0607976298894677,0.0090897030147493,1.12819002724074,1.23870429846983,8.63636363636364,9.54545454545454,1.36363636363636
2025-01-19,"all_predictors_lagged",0.248782831592202,0.241491281206248,0.233929451186288,0.11291776221882,0.104059157140973,0.00729155038595371,0.00885860507784688,1.13645807704793,1.23363380970706,9.18181818181818,9.63636363636364,1.27272727272727
2025-01-20,"all_predictors_lagged",0.7361436512274,0.571343740408022,0.220755248738354,0.115313585753908,0.106761923239209,0.164799910819378,0.00855166251469933,1.18454574025389,1.22895089796368,9,9.72727272727273,1.54545454545455
2025-01-21,"all_predictors_lagged",0.601882835306537,0.509481901836321,0.34976036681309,0.119023093057518,0.108718411776708,0.0924009334702158,0.0103046812808104,1.24327810232445,1.57189309284073,9.27272727272727,9.45454545454546,1.45454545454545
2025-01-22,"all_predictors_lagged",0.407835226670664,0.650687908523345,0.12776537304345,0.119608418989416,0.108774147552782,-0.24285268185268,0.010834271436634,1.2111094198749,1.55921425735595,9.54545454545454,9,1.27272727272727
2025-01-23,"all_predictors_lagged",0.0757241305228133,0.257153872758024,0.0873586038048692,0.118497995657924,0.104911323311841,-0.181429742235211,0.0135866723460832,1.04513882505345,1.33522401717004,10.3636363636364,9.72727272727273,1.36363636363636
2025-01-24,"all_predictors_lagged",0.286639755339769,0.423419707152342,0.19722636539178,0.116442465673604,0.106064481150488,-0.136779951812573,0.010377984523116,0.921310235649156,1.43069164968269,10.5454545454545,9.63636363636364,1.45454545454545
2025-01-25,"all_predictors_lagged",0.153698269229805,0.0862920195583688,0.106720692398688,0.117678337223682,0.107461217834577,0.067406249671436,0.010217119389105,0.943569039339748,1.44389357411372,10.0909090909091,10.2727272727273,1.54545454545455
2025-01-26,"all_predictors_lagged",0.0746091734239718,0.0739149113151445,0.107669057872463,0.117277993355855,0.107522258360265,0.000694262108827334,0.00975573499558983,1.18266013865786,1.51562573767783,9.27272727272727,9.09090909090909,1.36363636363636
2025-01-27,"all_predictors_lagged",0.337768316389115,0.411765066451474,0.252508108652738,0.119376367195654,0.108667064527356,-0.073996750062359,0.0107093026682975,1.22155943906108,1.11442362774639,9.27272727272727,10.3636363636364,1.81818181818182
2025-01-28,"all_predictors_lagged",0.183287239116208,0.0943575046109925,0.131095863574023,0.119862902524827,0.109996484153788,0.0889297345052151,0.00986641837103937,1.04087516874055,1.12576652265153,10.0909090909091,10.4545454545455,1.45454545454545
2025-01-29,"all_predictors_lagged",0.107323328207042,0.0958152606045169,0.13397442667107,0.120989821173369,0.110845660654288,0.0115080676025251,0.0101441605190807,1.19121031227191,1.38715867277413,9.54545454545454,9.54545454545454,1.45454545454545
2025-01-30,"all_predictors_lagged",0.262028105204082,0.257493294599052,0.31364559300103,0.119597497076238,0.109844432068813,0.00453481060503065,0.00975306500742482,1.12323622822484,0.955039626906881,9.81818181818182,10.2727272727273,1.72727272727273
2025-01-31,"all_predictors_lagged",0.277001031248413,0.238389002945555,0.103627795775475,0.1196397703057,0.112341109139836,0.0386120283028572,0.00729866116586327,1.30923095912729,1.15098775322238,9,9.90909090909091,1.45454545454545
2025-02-01,"all_predictors_lagged",0.0912205826904008,0.0846911897049287,0.114559564284178,0.120791235525696,0.112376405564625,0.00652939298547211,0.00841482996107122,1.11707603787872,1.23913218031759,9.45454545454546,10.1818181818182,1.63636363636364
2025-02-02,"all_predictors_lagged",0.294351983091328,0.36370990910578,0.226863338434801,0.11918065010276,0.110472975947331,-0.0693579260144522,0.00870767415542952,1.13441706880708,1.16890862523084,8.90909090909091,10.1818181818182,1.45454545454545
2025-02-03,"all_predictors_lagged",0.061156309719152,0.0655144501712032,0.117483179006822,0.119063526846305,0.111454712038279,-0.00435814045205129,0.00760881480802611,1.17584053276334,1.06131692537392,9.54545454545454,10.6363636363636,1.54545454545455
2025-02-04,"all_predictors_lagged",1.28525383133988,1.42250367618889,0.746728858462623,0.116525077230815,0.109082836208197,-0.137249844849009,0.00744224102261775,1.0044243445919,1.05845871658538,9.81818181818182,10.4545454545455,1.54545454545455
2025-02-05,"all_predictors_lagged",0.351312569405346,0.157563465421064,0.14103914761478,0.124813875247715,0.119443083490947,0.193749103984282,0.00537079175676869,0.805396018312994,1.38248443044667,10.5454545454545,10.0909090909091,1.45454545454545
2025-02-06,"all_predictors_lagged",0.105723277218035,0.0941256010864538,0.132265420651959,0.125808902611216,0.122734972382586,0.0115976761315809,0.00307393022863052,0.913760179479924,1.24691157715295,9.54545454545454,9.63636363636364,1.72727272727273
2025-02-07,"all_predictors_lagged",0.217730990513825,0.272960808581042,0.119820507654679,0.127489071403878,0.123092011660906,-0.0552298180672177,0.0043970597429725,1.08725082508755,1.4270408838547,9.36363636363636,9.09090909090909,1.72727272727273
2025-02-08,"all_predictors_lagged",0.165045044316445,0.168982305857154,0.176539178056922,0.125034849747416,0.120656784693657,-0.00393726154070838,0.00437806505375927,1.14280777031882,1.29643002480949,9.09090909090909,9.90909090909091,1.45454545454545
2025-02-09,"all_predictors_lagged",0.12923263093731,0.13266510729826,0.128688185803805,0.126138884025037,0.121531383382544,-0.00343247636094933,0.00460750064249293,1.09527830309553,1.42039926747077,9.72727272727273,9.09090909090909,1.36363636363636
2025-02-10,"all_predictors_lagged",0.126542851243722,0.0818292670641563,0.127340331335653,0.128602068347615,0.124443410216229,0.0447135841795658,0.00415865813138652,1.01994280960389,1.47733637933873,9.54545454545454,8.72727272727273,1.27272727272727
2025-02-11,"all_predictors_lagged",0.104340019216058,0.0902568960955975,0.113464318387697,0.121502780005833,0.118639651709089,0.0140831231204601,0.00286312829674369,1.06623402723487,1.5508190862503,9.18181818181818,8.09090909090909,1.09090909090909
2025-02-12,"all_predictors_lagged",0.369111694623326,0.343114739436204,0.192999607098617,0.122070711829454,0.118235366257073,0.0259969551871216,0.00383534557238039,0.980523973249353,1.44635474561697,9.45454545454546,8.36363636363636,0.909090909090909
2025-02-13,"all_predictors_lagged",0.11826102653264,0.0897113890182572,0.120740445789526,0.123983110440175,0.11892272109364,0.028549637514383,0.00506038934653501,1.09194693656959,1.4453358663025,9.36363636363636,8.54545454545454,1
2025-02-14,"all_predictors_lagged",0.0825270203702543,0.0693567436150302,0.102744278504909,0.124603597136008,0.119491285259421,0.0131702767552242,0.00511231187658681,0.974123424783914,1.28667618840556,9.72727272727273,9.45454545454546,1.27272727272727
2025-02-15,"all_predictors_lagged",0.17139506220246,0.126072291201939,0.139826594980162,0.125505451175666,0.120912284601729,0.0453227710005212,0.00459316657393777,0.886462101026397,1.23863966448464,9.45454545454546,9.36363636363636,1.09090909090909
2025-02-16,"all_predictors_lagged",0.269492144215444,0.248960871342694,0.231381032145967,0.126510026866189,0.121854179692397,0.0205312728727505,0.00465584717379152,0.847318475228522,1.19998155703077,10.1818181818182,9.27272727272727,0.909090909090909
2025-02-17,"all_predictors_lagged",0.317476524990981,0.311962657014352,0.278191913314313,0.129220020166856,0.123155513124524,0.00551386797662843,0.00606450704233158,0.991557039751684,1.43397780980621,9.18181818181818,8.54545454545454,1
2025-02-18,"all_predictors_lagged",0.130304018816991,0.0941128885930136,0.101462946752881,0.131480627673369,0.126038248163572,0.0361911302239771,0.0054423795097973,1.03523885483196,1.29134171235545,9.36363636363636,9.09090909090909,1
2025-02-19,"all_predictors_lagged",0.0844279129851172,0.142429947123985,0.111028294497429,0.133739242041701,0.128359856275784,-0.0580020341388678,0.00537938576591726,1.07194569603384,1.29349431973056,9.81818181818182,9.54545454545454,1.18181818181818
2025-02-20,"all_predictors_lagged",0.127006435261453,0.0618988418160403,0.127021784277705,0.131638912898276,0.12586994425713,0.0651075934454128,0.00576896864114587,1.11571203987397,1.31509327838754,9.36363636363636,9.90909090909091,1.18181818181818
2025-02-21,"all_predictors_lagged",0.105509786718099,0.129491900967784,0.116479714584389,0.13178595065299,0.12605196470687,-0.0239821142496856,0.00573398594612013,1.14004203182615,1.18209969047163,9.54545454545454,10.4545454545455,1.18181818181818
2025-02-22,"all_predictors_lagged",0.0859797686034146,0.182065634444557,0.111828867391296,0.129995694184653,0.123925211136217,-0.0960858658411422,0.00607048304843553,1.17440157091696,1.20609556394156,9.18181818181818,10.2727272727273,1.18181818181818
2025-02-23,"all_predictors_lagged",0.0798098769715146,0.070028446433465,0.104317721558701,0.129621509731019,0.123923323387529,0.00978143053804959,0.0056981863434899,1.08706504854037,1.37144063264053,9.90909090909091,9.45454545454546,1
2025-02-24,"all_predictors_lagged",0.119377138718348,0.14104327362709,0.139863914215785,0.129063493894529,0.122391478762415,-0.0216661349087416,0.00667201513211372,1.10337718492336,1.21056937532723,10.0909090909091,9.81818181818182,1
2025-02-25,"all_predictors_lagged",0.25198408144346,0.282022580040789,0.248607460929363,0.126724492913925,0.12028023660383,-0.0300384985973293,0.00644425631009447,1.03149512455994,0.989741339955619,9.45454545454546,9.81818181818182,1
2025-02-26,"all_predictors_lagged",0.729366488147385,0.703785561078893,0.259838919615104,0.127717050395837,0.120873354520712,0.0255809270684915,0.00684369587512478,0.996990286263551,1.08475632077556,9.54545454545454,10,0.909090909090909
2025-02-27,"all_predictors_lagged",0.279224030465376,0.110249588463147,0.153468333697343,0.129966520046293,0.122591148646688,0.168974442002228,0.00737537139960519,0.873656986416808,1.05738169093542,10.0909090909091,10.0909090909091,1
2025-02-28,"all_predictors_lagged",0.151850927091122,0.153003946868397,0.124739273282698,0.130183426646826,0.12134234381771,-0.00115301977727418,0.00884108282911657,1.03269753741613,1.12772723973935,9,9.63636363636364,0.909090909090909
2025-03-01,"all_predictors_lagged",0.305634029953312,0.241100093928285,0.139365566997506,0.130292804947704,0.12361012706935,0.0645339360250271,0.00668267787835369,0.939576120864076,1.07920501504164,10.0909090909091,9.72727272727273,1.18181818181818
2025-03-02,"all_predictors_lagged",0.175441663473463,0.123334505094646,0.135005625296027,0.131267956843918,0.123583593565212,0.0521071583788175,0.00768436327870577,0.960520603963979,1.0043729743994,9.54545454545454,10.2727272727273,1.18181818181818
2025-03-03,"all_predictors_lagged",0.115567064198087,0.0998873436380803,0.204652680304894,0.133275182585396,0.125298530035393,0.015679720560007,0.00797665255000291,1.06050511193728,0.987041728227986,9.54545454545454,10.2727272727273,1.09090909090909
2025-03-04,"all_predictors_lagged",0.276406317312432,0.36304847565639,0.203442960375207,0.135329585017295,0.128422258860807,-0.086642158343958,0.00690732615648735,0.871938966711892,1.05904042587438,10,9.72727272727273,1
2025-03-05,"all_predictors_lagged",0.20460472558451,0.164563215402425,0.117335308317858,0.137146195377003,0.129084279694166,0.0400415101820847,0.00806191568283704,0.82016317190964,1.10086611235459,10,10.6363636363636,1.36363636363636
2025-03-06,"all_predictors_lagged",0.649837488521499,0.754260923453994,0.131568076855942,0.138152437551433,0.130418511182929,-0.104423434932495,0.00773392636850411,0.905770164297478,1.1263307356796,9.81818181818182,10.4545454545455,1.45454545454545
2025-03-07,"all_predictors_lagged",0.128695668467316,0.0892270060666151,0.136815941498925,0.144208270468342,0.136597006208669,0.0394686624007011,0.00761126425967274,0.759874569827092,1.34162035039201,10,9.27272727272727,1.27272727272727
2025-03-08,"all_predictors_lagged",0.114963456316595,0.0827187336329041,0.123236223769263,0.142359128193592,0.133982819097696,0.0322447226836904,0.00837630909589566,0.913691526272549,1.31681141901267,9.72727272727273,9.45454545454546,1.27272727272727
2025-03-09,"all_predictors_lagged",0.0979654186378799,0.0757124935521115,0.127958190185765,0.141275900853601,0.132291132345172,0.0222529250857684,0.00898476850842831,0.982360206178445,1.13664243287753,9.81818181818182,10,1.45454545454545
2025-03-10,"all_predictors_lagged",0.120915580263314,0.275599331662406,0.145356783344047,0.13301526623554,0.124380140161524,-0.154683751399092,0.00863512607401599,1.01414237605639,1.15102437814409,9.63636363636364,9.72727272727273,1.36363636363636
2025-03-11,"all_predictors_lagged",0.415347382313935,0.620971339232281,0.106785340659731,0.130184007675596,0.12117810721937,-0.205623956918345,0.009005900456226,0.8933346601259,0.912413787715921,9.54545454545454,10.9090909090909,1.36363636363636
2025-03-12,"all_predictors_lagged",0.176361732437621,0.162092194713856,0.153345884744813,0.132470112022782,0.122681068216661,0.0142695377237657,0.00978904380612083,0.788516005465159,0.980292225083385,10.4545454545455,10.9090909090909,0.727272727272727
2025-03-13,"all_predictors_lagged",0.200441784793544,0.134316344936587,0.194160190452621,0.131808050724225,0.122609174017949,0.066125439856957,0.00919887670627608,0.919602619417805,1.11503869260178,9.72727272727273,9.72727272727273,0.909090909090909
2025-03-14,"all_predictors_lagged",0.108258718193304,0.157626550571516,0.132393699698872,0.128931323839291,0.120595743059012,-0.0493678323782123,0.00833558078027877,0.989201153630731,1.08213100028781,9.63636363636364,9.45454545454546,1
2025-03-15,"all_predictors_lagged",0.0929112225048136,0.0882589841925808,0.138360016587857,0.129192063687817,0.122369997831543,0.00465223831223282,0.00682206585627349,1.00390693521983,1.11575340945714,9.36363636363636,9.36363636363636,1
2025-03-16,"all_predictors_lagged",0.0974397463922217,0.0868810247461856,0.14920414003026,0.128817286405591,0.121185103128037,0.0105587216460361,0.00763218327755462,0.858044838227961,0.960831784263476,9.45454545454546,10.1818181818182,1.36363636363636
2025-03-17,"all_predictors_lagged",0.0878330413174944,0.0720233634441015,0.128545176790706,0.128345155503656,0.122131973875982,0.015809677873393,0.00621318162767391,0.841722091259097,0.961506303240034,9.45454545454546,9.54545454545454,1.27272727272727
2025-03-18,"all_predictors_lagged",0.107517240618476,0.106506669312039,0.153289893216483,0.127246615444551,0.119899030029999,0.00101057130643717,0.007347585414552,1.0436697151543,1.08477360711577,8.81818181818182,9.72727272727273,1
2025-03-19,"all_predictors_lagged",0.276109255429173,0.191606694522014,0.145849296729641,0.126439280958239,0.119906703649613,0.0845025609071585,0.0065325773086257,0.887946575541706,1.11320100264528,9.36363636363636,10,1.18181818181818
2025-03-20,"all_predictors_lagged",0.114577201640954,0.0928091154688528,0.146727798743987,0.126604404414132,0.117531560071625,0.0217680861721008,0.00907284434250722,0.995154715499216,0.906677634446289,8.81818181818182,10.5454545454545,1.45454545454545
2025-03-21,"all_predictors_lagged",0.093675872152347,0.0948816296203851,0.115437022700819,0.127764887568784,0.116574563259922,-0.00120575746803817,0.0111903243088623,0.818771391745892,0.811288029842082,9.36363636363636,9.90909090909091,1.54545454545455
2025-03-22,"all_predictors_lagged",0.409843017260892,0.49915956529624,0.314353134652065,0.12727313366026,0.118501650626625,-0.0893165480353473,0.00877148303363498,0.972204288501948,0.907432012905665,9.09090909090909,10,1.27272727272727
2025-03-23,"all_predictors_lagged",0.103922486848403,0.101172576146598,0.111596388663027,0.124683845115621,0.117670815360345,0.0027499107018049,0.00701302975527576,1.04261202645022,1.08582750098692,9.36363636363636,9,1.18181818181818
2025-03-24,"all_predictors_lagged",0.10351670123439,0.107125337561622,0.117536945514395,0.12670382682203,0.119423193745157,-0.00360863632723156,0.00728063307687306,0.835623928075842,1.05937515277122,10.1818181818182,9.54545454545454,1.18181818181818
2025-03-25,"all_predictors_lagged",0.118693554435304,0.108310755429864,0.133403057310952,0.126824913844276,0.120452836029802,0.0103827990054403,0.00637207781447348,0.84465506939884,1.08772278062815,9.72727272727273,9.45454545454546,1.36363636363636
2025-03-26,"all_predictors_lagged",0.149913943957731,0.14414524798858,0.132025544010592,0.126734997897542,0.120752788703711,0.0057686959691513,0.00598220919383024,0.850035413407049,1.11961152545246,10.1818181818182,9.45454545454546,1.63636363636364
2025-03-27,"all_predictors_lagged",0.13365758457883,0.127030741431832,0.120683803470719,0.125663166288351,0.119139461679024,0.00662684314699802,0.00652370460932664,0.78213529368786,1.03793255816977,10.0909090909091,9.72727272727273,1.45454545454545
2025-03-28,"all_predictors_lagged",0.126422052515718,0.137285819894233,0.112800241697687,0.128539465017185,0.122106603349964,-0.0108637673785151,0.0064328616672209,0.812752102796049,0.922027797624288,10.5454545454545,10.3636363636364,1.18181818181818
2025-03-29,"all_predictors_lagged",0.109099301737319,0.111420926378004,0.112537656052112,0.1303850155145,0.122956350106426,-0.00232162464068505,0.00742866540807325,0.85167779279642,0.89578568421225,10.4545454545455,10.5454545454545,1.27272727272727
2025-03-30,"all_predictors_lagged",0.195649683530794,0.20561845789772,0.12438232184901,0.131726363932624,0.12479865911932,-0.00996877436692576,0.00692770481330399,0.960164187614344,1.06451119762329,10.5454545454545,10.5454545454545,1.36363636363636
2025-03-31,"all_predictors_lagged",0.323013866209218,0.336061776468911,0.314012760964417,0.129614216428247,0.121982769431395,-0.0130479102596936,0.00763144699685124,0.861461762612249,0.999546711043945,10.4545454545455,10.5454545454545,1.63636363636364
2025-04-01,"all_predictors_lagged",0.41527132860505,0.27338079918518,0.176069978956078,0.133500827108337,0.127776912663948,0.14189052941987,0.0057239144443888,0.861465591206816,0.970678416171273,10.2727272727273,10.3636363636364,1.45454545454545
2025-04-02,"all_predictors_lagged",0.319172955722537,0.252637478711674,0.273989133950751,0.131802477047345,0.12738777632231,0.0665354770108624,0.00441470072503507,1.01223334885276,0.998936444067406,10,10.6363636363636,1.45454545454545
2025-04-03,"all_predictors_lagged",0.26580251980094,0.238465264249114,0.174348786644873,0.135504522863269,0.128913835605113,0.0273372555518257,0.00659068725815686,0.727395148248854,1.04310646851556,9.72727272727273,10.5454545454545,1.72727272727273
2025-04-04,"all_predictors_lagged",0.438800123854578,0.414570956607084,0.178027203334108,0.136509169098943,0.131444432615711,0.024229167247494,0.00506473648323277,0.744366706995911,1.03265464451142,10.5454545454545,10.5454545454545,1.72727272727273
2025-04-05,"all_predictors_lagged",0.401058492037934,0.658792752782663,0.132987319108249,0.13492049362961,0.12903087452837,-0.257734260744729,0.00588961910124071,0.787110637393849,0.978180038471621,10.5454545454545,10.7272727272727,1.63636363636364
2025-04-06,"all_predictors_lagged",0.41719146764232,0.409620670395092,0.399610299621498,0.132981930448683,0.128324205098245,0.00757079724722769,0.00465772535043738,1.06677651359122,1.11049078101949,9.45454545454546,10.8181818181818,1.54545454545455
2025-04-07,"all_predictors_lagged",0.394300844757663,0.085447491551928,0.185502043884425,0.138990496571617,0.134246843615101,0.308853353205735,0.00474365295651626,0.595858242685624,1.02000758567908,10.9090909090909,10.3636363636364,1.63636363636364
2025-04-08,"all_predictors_lagged",0.459823509462927,0.351306294068478,0.190965980066685,0.141153125810079,0.136407605314475,0.108517215394449,0.00474552049560372,0.849098807438668,1.10455849190051,10.1818181818182,10.2727272727273,1.54545454545455
2025-04-09,"all_predictors_lagged",0.187468014868184,0.151911379829542,0.208357002745423,0.144103035704202,0.138462589046825,0.0355566350386426,0.00564044665737678,0.857774000688542,1.05730082632153,9.18181818181818,10.5454545454545,1.72727272727273
2025-04-10,"all_predictors_lagged",1.20511387384631,0.79114056592646,0.357885935387031,0.140997181066552,0.134302124178229,0.413973307919851,0.00669505688832276,0.930831813520561,1.06039689949671,9.54545454545454,11,1.72727272727273
2025-04-11,"all_predictors_lagged",0.647972127935948,0.641210167994234,0.439042052083474,0.143765704727319,0.136221095661689,0.00676195994171344,0.00754460906562967,0.80498748602317,1.1777979008519,9.81818181818182,10.7272727272727,1.63636363636364
2025-04-12,"all_predictors_lagged",0.106274390745438,0.17564717367658,0.351706455892746,0.144561060469696,0.131100750811335,-0.0693727829311418,0.0134603096583602,0.869140592180087,1.05197101912549,10.3636363636364,11.3636363636364,2.18181818181818
2025-04-13,"all_predictors_lagged",0.187066204849561,0.298897610619653,0.269692426889595,0.140576326045101,0.131358768538682,-0.111831405770092,0.00921755750641912,0.834820338994673,1.05643147482544,10.1818181818182,10.6363636363636,1.81818181818182
2025-04-14,"all_predictors_lagged",0.369541311698908,0.279598111609918,0.210392897383896,0.135805586287156,0.130308707046793,0.0899432000889908,0.00549687924036348,0.958409294383576,1.24267651423852,9.54545454545454,9.45454545454546,1.72727272727273
2025-04-15,"all_predictors_lagged",0.950245885168345,0.755396691724203,0.290134528054178,0.138352783686172,0.131840199418967,0.194849193444142,0.00651258426720497,0.786131468255393,1.32130575121343,10,10,1.72727272727273
2025-04-16,"all_predictors_lagged",0.536002668246924,0.579651292544099,0.379233031199673,0.142939902161189,0.138275905984783,-0.043648624297175,0.00466399617640594,0.886920825540502,1.20592786469996,9.90909090909091,10.2727272727273,1.72727272727273
2025-04-17,"all_predictors_lagged",0.424369371146458,0.484377288668945,0.520648598087721,0.146220652706557,0.142602853798987,-0.0600079175224866,0.00361779890757051,0.756175952927498,1.30418746700205,10.3636363636364,10,1.90909090909091
2025-04-18,"all_predictors_lagged",1.02413902216322,0.957272363364505,0.964203542860862,0.148760144406937,0.146175686160638,0.0668666587987188,0.00258445824629968,0.939537638547353,1.24053685856663,9.90909090909091,10.1818181818182,1.81818181818182
2025-04-19,"all_predictors_lagged",0.637390514811652,0.678961612869967,0.380986482533118,0.159186961005951,0.153033256844329,-0.0415710980583149,0.00615370416162133,0.749280633252083,1.12848441417163,10.1818181818182,10.4545454545455,1.90909090909091
2025-04-20,"all_predictors_lagged",0.355421501151427,0.536164498843722,0.423554635470471,0.159124809263777,0.152092303906076,-0.180742997692295,0.00703250535770135,0.916197205713416,1.0789852436895,9.63636363636364,10.5454545454545,1.90909090909091
2025-04-21,"all_predictors_lagged",0.534054616609639,0.619352475776018,0.890882243681676,0.163659287118966,0.157030118257736,-0.0852978591663786,0.00662916886123041,0.787089051947248,0.997277569443846,9.72727272727273,10.7272727272727,1.72727272727273
2025-04-22,"all_predictors_lagged",0.668677803262879,0.657646276921418,0.617688476094663,0.167416336297227,0.162000925061527,0.0110315263414608,0.00541541123570033,0.973118810254595,1.23751031087073,8.45454545454546,9.54545454545454,1.54545454545455
2025-04-23,"all_predictors_lagged",0.289815303015828,0.269432818115385,0.225680933826178,0.169922053892555,0.16431076760382,0.020382484900443,0.00561128628873554,0.951453475765192,1.10946417904954,9.36363636363636,10.3636363636364,1.36363636363636
2025-04-24,"all_predictors_lagged",0.776765817585032,0.524711567814664,0.150924865488979,0.167540425760645,0.161335987130651,0.252054249770368,0.00620443862999392,1.14784630002219,1.05872026988584,9,10.6363636363636,1.54545454545455
2025-04-25,"all_predictors_lagged",0.189222970229966,0.12369427295002,0.142034924949785,0.16820917863112,0.160772255643868,0.0655286972799464,0.00743692298725212,0.782713763893613,1.0743565731543,9.81818181818182,10.7272727272727,1.63636363636364
2025-04-26,"all_predictors_lagged",0.232830399579137,0.202429295598657,0.147902719594765,0.167566627665527,0.161414634728524,0.0304011039804796,0.00615199293700294,1.0338937513936,1.16193448104424,9.27272727272727,9.81818181818182,1.36363636363636
2025-04-27,"all_predictors_lagged",0.184788749711876,0.143977793671933,0.14816690847679,0.171056255991288,0.163746375299131,0.0408109560399431,0.00730988069215738,0.683381570984695,1.19411920452053,9.72727272727273,10.1818181818182,1.72727272727273
2025-04-28,"all_predictors_lagged",0.0963608666065445,0.133812609024012,0.180010447579395,0.165750445234455,0.158637329137675,-0.0374517424174678,0.00711311609678045,0.936497423642647,1.25974226680374,9.45454545454546,9.81818181818182,1.27272727272727
2025-04-29,"all_predictors_lagged",0.0968012417865463,0.0793265511447106,0.112956157284068,0.164344925614755,0.156587432487327,0.0174746906418357,0.00775749312742815,1.04405042961219,1.15771296929699,9.54545454545454,10.1818181818182,1.54545454545455
2025-04-30,"all_predictors_lagged",0.138640501720008,0.143451286771162,0.160880332987815,0.158816707789374,0.153551877582303,-0.00481078505115381,0.00526483020707098,0.895701138829341,1.34472967979542,9.27272727272727,9.81818181818182,1.45454545454545
2025-05-01,"all_predictors_lagged",0.100937758268553,0.0926317515115941,0.123359041199377,0.15617189888539,0.151735067496158,0.00830600675695877,0.00443683138923168,0.96323641167792,1.07149084946768,9,10.4545454545455,1.54545454545455
2025-05-02,"all_predictors_lagged",0.181156118978955,0.131722364616523,0.126033709262385,0.156462360503532,0.148508284232541,0.049433754362432,0.00795407627099102,0.740881618156366,1.37030426106164,9.54545454545454,9.36363636363636,1.36363636363636
2025-05-03,"all_predictors_lagged",0.0922673639239197,0.0935008266041232,0.117108823337285,0.160017507084586,0.152817137017147,-0.00123346268020348,0.00720037006743806,0.862570912977992,1.32114347719308,9.27272727272727,9.90909090909091,1.36363636363636
2025-05-04,"all_predictors_lagged",0.601499009715302,0.5667215771743,0.485443720060007,0.159309022268998,0.154392892160375,0.0347774325410019,0.00491613010862356,0.961910398941624,1.41107867110026,9.09090909090909,9.09090909090909,1.63636363636364
2025-05-05,"all_predictors_lagged",0.0923137921585726,0.10661910573318,0.126754889885047,0.157685383695514,0.147775272602092,-0.014305313574607,0.00991011109342222,0.822938709710273,1.3347741822604,9.36363636363636,9.18181818181818,1.54545454545455
2025-05-06,"all_predictors_lagged",1.14127503303662,1.12590960559935,0.759309125339364,0.121854075361481,0.115799185429427,0.0153654274372678,0.00605488993205398,0.925001431465922,1.3800817818098,9.18181818181818,9.45454545454546,1.27272727272727
2025-05-07,"all_predictors_lagged",0.114618883190777,0.162839830741844,0.11251865278624,0.126957985197108,0.114790795528827,-0.0482209475510672,0.0121671896682808,0.888566252454002,1.2811429364374,9.72727272727273,10.0909090909091,1.54545454545455
2025-05-08,"all_predictors_lagged",0.298613533661639,0.0846564278922377,0.102114396256034,0.124088118878771,0.116520386523885,0.213957105769401,0.00756773235488559,0.812402601767732,1.27502616531209,9.72727272727273,10.0909090909091,1.63636363636364
2025-05-09,"all_predictors_lagged",0.227186000504815,0.323447131084926,0.195664328610894,0.122904914551306,0.112452587172032,-0.0962611305801105,0.0104523273792739,0.801519355791191,1.26228633943805,10,9.72727272727273,1.63636363636364
2025-05-10,"all_predictors_lagged",0.219514140151273,0.299324165503164,0.121611045183422,0.123160411627572,0.113124930004162,-0.0798100253518917,0.0100354816234108,0.77285500768559,1.10532668288315,9.54545454545454,11,1.54545454545455
2025-05-11,"all_predictors_lagged",0.157167172680966,0.140472412816994,0.13390460270354,0.120838565470425,0.111072168626838,0.0166947598639713,0.00976639684358728,0.811400217221776,1.24602913144514,9.63636363636364,10.0909090909091,1.63636363636364
2025-05-12,"all_predictors_lagged",0.129859842237563,0.149739280222926,0.135308015360694,0.121098793251778,0.111370012916715,-0.0198794379853629,0.00972878033506209,0.83702528586798,1.25674486592351,9.45454545454546,9.27272727272727,1.45454545454545
2025-05-13,"all_predictors_lagged",0.285083760568718,0.171208010125908,0.108437949006636,0.120150182558182,0.109355399707884,0.11387575044281,0.0107947828502976,0.803557293989617,1.35697026665189,9.45454545454546,8.90909090909091,1.72727272727273
2025-05-14,"all_predictors_lagged",0.273567021804569,0.284510152324942,0.225128123407559,0.120241170160825,0.11349007562513,-0.0109431305203725,0.00675109453569451,0.835182575416236,1.34187817538537,9.27272727272727,9.18181818181818,1.81818181818182
2025-05-15,"all_predictors_lagged",0.389164893114725,0.313955372439116,0.441119253260511,0.119623216031977,0.111607791924839,0.075209520675609,0.00801542410713836,0.841440070646573,1.28676259152458,9.18181818181818,9.27272727272727,1.72727272727273
2025-05-16,"all_predictors_lagged",0.466997941739743,0.575924424293885,0.330495855220018,0.11951479753836,0.110309524139415,-0.108926482554143,0.00920527339894523,0.792344285896264,1.15654538845091,9.18181818181818,9.63636363636364,1.81818181818182
2025-05-17,"all_predictors_lagged",0.160221864727883,0.168010144074912,0.207703736892034,0.11935571767728,0.111864526870784,-0.00778827934702867,0.00749119080649695,0.711024715909339,1.28594040036896,9.18181818181818,9.36363636363636,1.63636363636364
2025-05-18,"all_predictors_lagged",0.119919120100514,0.113894900804132,0.169434260806352,0.117875893365984,0.110024894337519,0.0060242192963812,0.00785099902846508,0.665550271973636,1.19365622783293,9.63636363636364,10.0909090909091,1.81818181818182
2025-05-19,"all_predictors_lagged",1.20202160461545,1.1351911161834,1.18184056940064,0.115779374395367,0.105714664209581,0.0668304884320575,0.0100647101857858,0.762719788616572,1.19954688873988,9.36363636363636,10.0909090909091,1.81818181818182
2025-05-20,"all_predictors_lagged",0.604694988317343,0.547053466327509,0.376024007180824,0.128204187434033,0.11648510993482,0.0576415219898344,0.0117190774992128,0.894265365629764,1.27552448213756,9.36363636363636,9.45454545454546,1.63636363636364
2025-05-21,"all_predictors_lagged",0.119241071767345,0.151763174374886,0.118603392099394,0.127044041883835,0.115004621471144,-0.0325221026075409,0.0120394204126909,0.706549542934719,1.20941977940493,9.18181818181818,9.90909090909091,2.09090909090909
2025-05-22,"all_predictors_lagged",0.230180795310521,0.213561670467175,0.234190281104344,0.128232515993694,0.115344134074743,0.0166191248433462,0.012888381918951,0.724609972217812,1.01857824546456,9.72727272727273,10.5454545454545,2.18181818181818
2025-05-23,"all_predictors_lagged",0.368088059652143,0.439277321394937,0.258460412305947,0.127052647770024,0.114147814415994,-0.0711892617427941,0.0129048333540296,0.796177544685489,1.07796758711146,9.72727272727273,9.72727272727273,2
2025-05-24,"all_predictors_lagged",0.895671966534561,0.191688140192102,0.500088782907784,0.129209336530923,0.117033898186816,0.703983826342459,0.0121754383441062,0.736098978921329,1.07509836689771,10,9.63636363636364,1.81818181818182
2025-05-25,"all_predictors_lagged",0.22296065125198,0.192152484865816,0.0902374972827937,0.126863774736817,0.116581819387323,0.0308081663861642,0.0102819553494935,0.961383131775061,1.21306862109753,9.45454545454546,9.45454545454546,1.81818181818182
2025-05-26,"all_predictors_lagged",0.0997921059421099,0.0722409096771612,0.131304089255749,0.1257380900898,0.115451202432824,0.0275511962649487,0.0102868876569761,1.04318587886888,1.10299651329617,8.81818181818182,10.3636363636364,1.72727272727273
2025-05-27,"all_predictors_lagged",0.416529181752667,0.202179020358417,0.334938536176978,0.121289788886735,0.109376789490022,0.21435016139425,0.0119129993967124,0.958921266220474,1.14137674508658,9.36363636363636,9.72727272727273,1.81818181818182
2025-05-28,"all_predictors_lagged",0.317170971366686,0.306992220071598,0.198509075491031,0.121835650564874,0.110946917217837,0.0101787512950879,0.0108887333470374,1.07908956293177,1.04886889065618,9.09090909090909,9.90909090909091,2
2025-05-29,"all_predictors_lagged",0.18293503737876,0.242105688281893,0.227648158614563,0.119302770572258,0.110025347463596,-0.0591706509031327,0.00927742310866181,1.03890370072742,1.74833083547306,8.81818181818182,8,1.27272727272727
2025-05-30,"all_predictors_lagged",0.190606077149519,0.126500760853569,0.281565967149368,0.118301200681898,0.109722272064036,0.0641053162959498,0.00857892861786231,0.946179602146075,2.36884553686876,9.54545454545454,9,1.72727272727273
2025-05-31,"all_predictors_lagged",0.0955745683355523,0.0612953318871939,0.0853332019920979,0.117145652283605,0.109402100368631,0.0342792364483584,0.00774355191497417,1.0390203960894,1.6881331588163,9.27272727272727,8.90909090909091,2
2025-06-01,"all_predictors_lagged",0.0738332589966051,0.0776017227717278,0.120096916686374,0.116561204833567,0.105402841305221,-0.00376846377512269,0.0111583635283456,1.15528523449674,1.56109295477594,9.36363636363636,9.09090909090909,2.18181818181818
2025-06-02,"all_predictors_lagged",0.174622118493075,0.191628653340136,0.270454891301406,0.113469581489045,0.105221949319932,-0.0170065348470606,0.00824763216911238,0.984333016747818,1.30943107665495,9.54545454545454,9.27272727272727,1.90909090909091
2025-06-03,"all_predictors_lagged",0.102529668684824,0.109313019448586,0.115740149492413,0.110233464170317,0.105832415282432,-0.00678335076376242,0.00440104888788492,0.914043118822722,1.62690252266814,10,9.45454545454546,1.63636363636364
2025-06-04,"all_predictors_lagged",0.0987535359073844,0.0926406692586788,0.122940328931519,0.109280369075488,0.1047209021893,0.00611286664870565,0.00455946688618797,0.765503334958368,1.33860546870341,10.8181818181818,9.81818181818182,2
2025-06-05,"all_predictors_lagged",0.0890502069909627,0.0791544519624446,0.119130073065275,0.108698759344944,0.103566248964464,0.00989575502851814,0.00513251038047982,0.976211365933354,1.12523734713314,10.0909090909091,10.2727272727273,1.90909090909091
2025-06-06,"all_predictors_lagged",0.0977193599332723,0.216036424147519,0.122489092722905,0.107306724236998,0.103078203906338,-0.118317064214246,0.00422852033066046,0.873133390392438,1.17518895308848,10.4545454545455,9.90909090909091,2
2025-06-07,"all_predictors_lagged",0.180935146305567,0.197091526888252,0.125450686199995,0.105346293486874,0.103152258684415,-0.0161563805826855,0.00219403480245935,0.989299150148412,1.34559144619571,9.54545454545454,9.27272727272727,2
2025-06-08,"all_predictors_lagged",0.0911122681656877,0.0846013743315102,0.12320212140747,0.106436045067316,0.103383274565925,0.00651089383417755,0.00305277050139128,0.986386316210914,1.28616838817692,9.45454545454546,9.36363636363636,1.72727272727273
2025-06-09,"all_predictors_lagged",0.101521470295068,0.0994708893045855,0.109509825739181,0.107151221789753,0.102350772904658,0.00205058099048282,0.00480044888509504,1.03288209368663,1.0710103927618,9.09090909090909,10.2727272727273,1.72727272727273
2025-06-10,"all_predictors_lagged",0.214820990006781,0.200057251596036,0.169861008769039,0.107718526446504,0.102913952104438,0.0147637384107454,0.00480457434206552,1.0032234527374,1.14920885535249,9.45454545454546,9.09090909090909,1.45454545454545
2025-06-11,"all_predictors_lagged",0.388867426264506,0.374223235300999,0.137258676204918,0.110535181651919,0.104574048949213,0.0146441909635073,0.00596113270270533,0.957543775476513,1.22427200294562,8.81818181818182,9.09090909090909,1.54545454545455
2025-06-12,"all_predictors_lagged",0.997441494101925,0.924756304432957,0.863528277514264,0.111049600072407,0.105219575742144,0.0726851896689675,0.00583002433026298,1.01720434697562,1.23995322715012,9.27272727272727,9.36363636363636,1.54545454545455
2025-06-13,"all_predictors_lagged",1.1950850128804,0.935903340161441,0.971694489106215,0.121662920418268,0.114634870705241,0.259181672718961,0.00702804971302701,0.859279188751949,1.2065478429258,9.81818181818182,10,1.72727272727273
2025-06-14,"all_predictors_lagged",0.182935978601969,0.18547106054778,0.202715513283556,0.128934404342013,0.115434371280512,-0.00253508194581185,0.0135000330615018,0.930888580702943,1.26844777836851,9.63636363636364,9.54545454545454,1.45454545454545
2025-06-15,"all_predictors_lagged",0.26351054747211,0.217134849036262,0.240121667347153,0.127123955298911,0.114535249451964,0.0463756984358477,0.0125887058469474,1.01419591299994,1.47224664770712,9.18181818181818,8.81818181818182,1.54545454545455
2025-06-16,"all_predictors_lagged",0.160506315401589,0.156804711831788,0.127851915720054,0.127999826427736,0.116255460739624,0.00370160356980185,0.0117443656881118,1.01165202847782,1.45098891380717,9.09090909090909,9,1.63636363636364
2025-06-17,"all_predictors_lagged",0.203103384873703,0.18688727367023,0.237750262592064,0.12819703056071,0.118146036545381,0.0162161112034727,0.0100509940153296,0.930617505006227,1.3785798327453,9.72727272727273,9.81818181818182,1.63636363636364
2025-06-18,"all_predictors_lagged",0.194794921907382,0.0927095027841952,0.34043721411826,0.129882660219417,0.115409859712907,0.102085419123187,0.0144728005065103,0.948117509454561,1.24189840796548,9.63636363636364,9.72727272727273,1.90909090909091
2025-06-19,"all_predictors_lagged",0.122331708593178,0.0726205360780435,0.27576792231067,0.129985511611563,0.117003944142176,0.0497111725151345,0.0129815674693876,0.934185143824229,1.29086603273875,9.81818181818182,9.90909090909091,1.63636363636364
2025-06-20,"all_predictors_lagged",0.0737572235039867,0.0936841581057854,0.124547740528045,0.128935412265749,0.118068528155065,-0.0199269346017987,0.0108668841106844,1.15565411935207,1.47095082329824,9.63636363636364,9.81818181818182,1.90909090909091
2025-06-21,"all_predictors_lagged",0.151664077555818,0.144176298978358,0.126458332673515,0.12779041651732,0.122602211534319,0.00748777857745957,0.00518820498300188,1.03857471999812,1.53629765036759,9.72727272727273,9.36363636363636,1.63636363636364
2025-06-22,"all_predictors_lagged",0.0946659029632455,0.0941334386650908,0.132433052737139,0.129075634421573,0.121258625256659,0.000532464298154673,0.00781700916491391,0.91705853129581,1.37279182766267,10.0909090909091,9.90909090909091,1.63636363636364
2025-06-23,"all_predictors_lagged",0.0814677153902639,0.0737364053635363,0.121885254847122,0.131013670921898,0.121409989768556,0.00773131002672767,0.0096036811533418,1.00040943397667,1.39594485808933,9.72727272727273,9.81818181818182,1.81818181818182
2025-06-24,"all_predictors_lagged",0.12633494457806,0.137827367434371,0.170960614783519,0.128686578322717,0.119466324019579,-0.011492422856311,0.00922025430313725,0.915431009802505,1.57035257233835,10.5454545454545,9.18181818181818,1.72727272727273
2025-06-25,"all_predictors_lagged",0.231740610961837,0.144576578655979,0.16591923449296,0.129233483574575,0.116851930779506,0.0871640323058586,0.0123815527950685,0.993935632845347,1.52282650569737,9.90909090909091,9.27272727272727,1.63636363636364
2025-06-26,"all_predictors_lagged",0.0969087097848998,0.114844381282412,0.113441208611632,0.129977557938987,0.117873036678538,-0.0179356714975122,0.0121045212604487,0.979456688664986,1.50939149747037,9.72727272727273,9.36363636363636,1.63636363636364
2025-06-27,"all_predictors_lagged",0.1279202754672,0.119620367989885,0.120404554291841,0.131809097055146,0.117939360421163,0.00829990747731483,0.0138697366339832,1.02137514579948,1.4881915591216,9.90909090909091,9.81818181818182,1.72727272727273
2025-06-28,"all_predictors_lagged",0.11143322338593,0.109136353135114,0.144573440351883,0.132966146977919,0.117029154390201,0.00229687025081589,0.0159369925877171,1.1578343695087,1.44407659742236,10.0909090909091,9.81818181818182,1.81818181818182
2025-06-29,"all_predictors_lagged",0.0873720717315756,0.0866372522602601,0.116148165476752,0.134299238096253,0.119878475540656,0.000734819471315469,0.0144207625555968,1.14592471155624,1.50035696210634,10.1818181818182,9.27272727272727,1.54545454545455
2025-06-30,"all_predictors_lagged",0.0896182046504526,0.0963836740758301,0.129576156622271,0.135143640552525,0.119218565441328,-0.0067654694253775,0.0159250751111973,1.18972230904477,1.4112078575132,9.81818181818182,9.72727272727273,1.81818181818182
2025-07-01,"all_predictors_lagged",0.0883474193091621,0.0893047447228076,0.130044343121141,0.131105477421828,0.116026265939437,-0.000957325413645514,0.0150792114823911,1.11678058258715,1.37527789517165,10.1818181818182,9.45454545454546,1.90909090909091
2025-07-02,"all_predictors_lagged",0.121367084769607,0.11510058459691,0.110700402044376,0.132283324294264,0.116314610485632,0.00626650017269649,0.0159687138086327,1.08902631323264,1.20781140974354,10.4545454545455,9.63636363636364,1.81818181818182
2025-07-03,"all_predictors_lagged",0.102154414573962,0.0993071136891535,0.122295298889118,0.134107525623272,0.120186996658704,0.00284730088480846,0.0139205289645682,1.09884627245233,1.19227667461684,10.3636363636364,10,1.72727272727273
2025-07-04,"all_predictors_lagged",0.0880740504381455,0.133651705626453,0.147571998430428,0.134171160168947,0.121389591644305,-0.0455776551883077,0.0127815685246419,1.34492795251327,1.26315770957255,10,10.3636363636364,1.63636363636364
2025-07-05,"all_predictors_lagged",0.0963925113315256,0.0939743177371898,0.129649422376895,0.135965616349555,0.124038566072598,0.00241819359433581,0.0119270502769572,1.03868344094893,1.35306096109219,10.0909090909091,10.1818181818182,1.63636363636364
2025-07-06,"all_predictors_lagged",0.0729236419594494,0.0579229499072676,0.111549876354799,0.136682905558304,0.125245785927985,0.0150006920521818,0.011437119630319,1.18192305971488,1.3087764988226,9.45454545454546,10.3636363636364,1.63636363636364
2025-07-07,"all_predictors_lagged",0.131847309745607,0.128250030667576,0.117718019284911,0.134045508820722,0.124644646849348,0.0035972790780305,0.00940086197137378,1.11802566743451,1.32995880919374,9.72727272727273,10.4545454545455,1.72727272727273
2025-07-08,"all_predictors_lagged",0.244110020688007,0.198900890966305,0.117615743342205,0.133728061679974,0.123876543065551,0.0452091297217023,0.00985151861442282,1.1037280448152,1.25188013059544,9.36363636363636,10.3636363636364,2
2025-07-09,"all_predictors_lagged",0.103274226514685,0.0991154620609513,0.139406958705832,0.136897088214134,0.124141414193787,0.00415876445373362,0.0127556740203471,1.26860031148134,1.27923400856426,9.81818181818182,10.2727272727273,1.90909090909091
2025-07-10,"all_predictors_lagged",0.103175420285833,0.0882836424813349,0.129423482061303,0.134578506777238,0.125113603952891,0.0148917778044977,0.00946490282434684,1.08252250739089,1.43668438567636,9.18181818181818,9.72727272727273,2
2025-07-11,"all_predictors_lagged",0.0976218212808252,0.110775650365841,0.134087406346301,0.135585703916221,0.127660423425651,-0.0131538290850161,0.00792528049057051,1.17866092618082,1.34655974834494,9.45454545454546,10.9090909090909,2
2025-07-12,"all_predictors_lagged",0.12712954893759,0.110757424398459,0.144079639628821,0.136590552939137,0.123880099146388,0.0163721245391312,0.012710453792749,1.01890409381694,1.38505387268537,9.72727272727273,10.5454545454545,1.90909090909091
2025-07-13,"all_predictors_lagged",0.117579408040411,0.0880859643931903,0.125740575869752,0.138095231705075,0.124623640489151,0.0294934436472209,0.0134715912159234,1.27538483192902,1.58340876048016,9.36363636363636,9.36363636363636,1.81818181818182
2025-07-14,"all_predictors_lagged",0.124745144082814,0.0928322749101474,0.12795702349055,0.136804907361981,0.124835910893345,0.0319128691726664,0.0119689964686362,0.956150160339481,1.25333109760445,10.0909090909091,10.1818181818182,1.81818181818182
2025-07-15,"all_predictors_lagged",0.211244662157094,0.441250356587163,0.142206361761494,0.134824989124655,0.125307432174676,-0.230005694430069,0.00951755694997877,1.08966762004654,1.46472533779882,9.54545454545454,10.4545454545455,2.09090909090909
2025-07-16,"all_predictors_lagged",0.243258044143377,0.329109213342285,0.182812123986705,0.138786613185993,0.129656470795019,-0.0858511691989087,0.00913014239097447,1.06966681944414,1.54107743910589,9.09090909090909,9.45454545454546,1.81818181818182
2025-07-17,"all_predictors_lagged",0.135037682397082,0.145019059787937,0.143732660952812,0.137102553423017,0.133108473018308,-0.00998137739085414,0.00399408040470928,1.00352521062827,1.72507520136616,9.45454545454546,9.45454545454546,1.81818181818182
2025-07-18,"all_predictors_lagged",0.728363738045662,0.988842704136714,0.592470882933586,0.134939600735734,0.130711149854444,-0.260478966091052,0.00422845088129016,1.24793676778675,1.48472302387669,9,10.0909090909091,1.81818181818182
2025-07-19,"all_predictors_lagged",0.293558864163742,0.261823498008319,0.110421248779322,0.138726613242971,0.134519324936427,0.0317353661554238,0.00420728830654382,1.23391851702684,1.54502014551369,8.72727272727273,9.90909090909091,2
2025-07-20,"all_predictors_lagged",0.104167312184768,0.333123362156955,0.153468936285276,0.136824836637575,0.13392853589332,-0.228956049972187,0.00289630074425528,1.18661480303797,1.49192299677783,9.09090909090909,10.3636363636364,1.90909090909091
2025-07-21,"all_predictors_lagged",0.077358174104626,0.0731289173476732,0.12672393752809,0.13000026867213,0.128056546546373,0.00422925675695279,0.00194372212575628,1.04150304539835,1.40654883277064,8.81818181818182,9.45454545454546,1.45454545454545
2025-07-22,"all_predictors_lagged",0.248039135453545,0.231681874899645,0.259952829202421,0.127254708128658,0.124353091229676,0.0163572605539,0.00290161689898223,1.00149514837866,1.14629188093447,9.54545454545454,10.6363636363636,1.63636363636364
2025-07-23,"all_predictors_lagged",0.439262762254683,0.436234274633812,0.325504389802406,0.130369863516393,0.129042358645671,0.00302848762087109,0.00132750487072223,1.12413329836267,1.39298452550382,8.54545454545454,9.81818181818182,1.45454545454545
2025-07-24,"all_predictors_lagged",0.298634211538629,0.325236090093214,0.119842778954572,0.130625426714643,0.125982930528589,-0.0266018785545847,0.00464249618605461,1.25644758977097,1.33001386320612,8.63636363636364,10.2727272727273,1.72727272727273
2025-07-25,"all_predictors_lagged",0.0869671983546039,0.1324331284792,0.117067409901874,0.132182652258241,0.124218582282661,-0.0454659301245956,0.00796406997557991,1.82599429292935,1.29116834130032,8.63636363636364,10.4545454545455,1.72727272727273
2025-07-26,"all_predictors_lagged",0.0834256470202869,0.297634979315291,0.0918885009945356,0.13271261757944,0.128102077004537,-0.214209332295004,0.00461054057490306,1.71848272516532,1.49788952004846,8.72727272727273,10.1818181818182,1.81818181818182
2025-07-27,"all_predictors_lagged",0.0786358928368738,0.0630547082207369,0.108313064665744,0.129795741935189,0.124768462123915,0.015581184616137,0.00502727981127433,1.52768015246824,1.25688025950011,8.81818181818182,11.0909090909091,1.63636363636364
2025-07-28,"all_predictors_lagged",0.0933481518309366,0.0817470005310701,0.118240529131366,0.127937317534906,0.121667039409104,0.0116011512998665,0.00627027812580241,1.21159639308873,1.30987183505311,8.81818181818182,11.1818181818182,1.54545454545455
2025-07-29,"all_predictors_lagged",0.137893032174188,0.425203967008115,0.146904493447424,0.128722974639944,0.122161898935685,-0.287310934833927,0.00656107570425944,1.16046769988744,1.49106823958141,9.27272727272727,10.3636363636364,1.45454545454545
2025-07-30,"all_predictors_lagged",0.230434065285826,0.219378500093824,0.21282884486117,0.129062742648813,0.124068142866026,0.0110555651920018,0.00499459978278713,1.36049372291528,1.41391152502113,8.72727272727273,10.1818181818182,1.63636363636364
2025-07-31,"all_predictors_lagged",0.458997992550757,0.440872584748923,0.127184071848511,0.127412595468597,0.122998424096289,0.0181254078018345,0.00441417137230854,1.2880514587272,1.48074952683425,8.81818181818182,9.72727272727273,1.63636363636364
2025-08-01,"all_predictors_lagged",0.216004539831869,0.24821206443765,0.220836854845637,0.127647652006977,0.124778448868429,-0.0322075246057809,0.00286920313854841,1.11522366004666,1.50016228590781,9.90909090909091,10.1818181818182,1.63636363636364
2025-08-02,"all_predictors_lagged",0.708798173418231,0.381326985627815,0.278766082960994,0.128111403069796,0.125878117442958,0.327471187790416,0.00223328562683801,1.1097817997436,1.49894527156489,9.45454545454546,9.81818181818182,1.63636363636364
2025-08-03,"all_predictors_lagged",0.201470869725746,0.215143226401165,0.246371272213006,0.128442752728858,0.126667231277829,-0.0136723566754199,0.00177552145102851,1.27864337910525,1.68023891371309,9.27272727272727,9.09090909090909,1.45454545454545
2025-08-04,"all_predictors_lagged",0.11593666726459,0.0988643117517411,0.179497514814745,0.127500476202183,0.128012315756249,0.017072355512849,-0.000511839554066957,1.1999335373258,1.77279809597034,9.63636363636364,9.81818181818182,1.45454545454545
2025-08-05,"all_predictors_lagged",0.291743782526254,0.0616767806202384,0.122997254230795,0.128164981740853,0.127230996391095,0.230067001906015,0.00093398534975857,1.08857813363285,1.5173877445359,10.0909090909091,10.5454545454545,1.54545454545455
2025-08-06,"all_predictors_lagged",0.12373716188523,0.0791382237956849,0.142625676377056,0.129516435695176,0.1259898192994,0.0445989380895448,0.00352661639577601,0.949498025281482,1.33167828822588,10.8181818181818,11.2727272727273,1.72727272727273
2025-08-07,"all_predictors_lagged",0.330315460851568,0.441842573407136,0.173019387819212,0.130357951983832,0.126210871434529,-0.111527112555569,0.00414708054930212,1.20115941254939,1.34682961036441,10.3636363636364,11.3636363636364,1.72727272727273
2025-08-08,"all_predictors_lagged",0.133895524856986,0.11823952001948,0.13937895450052,0.133620684738991,0.12902854249798,0.0156560048375064,0.00459214224101106,1.07779498287218,1.34856377737285,10.8181818181818,11.4545454545455,1.36363636363636
2025-08-09,"all_predictors_lagged",0.565063899928159,0.632671099481745,0.550612452092502,0.13522656354218,0.128172281482856,-0.0676071995535861,0.00705428205932449,1.07210680021131,1.32082161081574,10.0909090909091,11.3636363636364,1.54545454545455
2025-08-10,"all_predictors_lagged",0.167215523871095,0.155996213212272,0.125427256571463,0.140162535915769,0.132571989631666,0.0112193106588227,0.0075905462841028,1.29317899053266,1.3719224040949,9.54545454545454,11.1818181818182,1.54545454545455
2025-08-11,"all_predictors_lagged",0.11390308746178,0.0873710170524484,0.127942964320049,0.141110520651944,0.135980097454107,0.0265320704093321,0.00513042319783761,1.13371214992898,1.5106179659328,10.1818181818182,10.5454545454545,1.54545454545455
2025-08-12,"all_predictors_lagged",0.13132565376553,0.122264278785552,0.135030472301447,0.137162952487766,0.131976980763968,0.00906137497997718,0.0051859717237984,1.12592546619724,1.37788592587792,10.3636363636364,10.4545454545455,1.27272727272727
2025-08-13,"all_predictors_lagged",0.315419870015686,0.294676105816769,0.201894947584242,0.136367043105213,0.131757000137748,0.0207437641989167,0.00461004296746489,1.20216871061419,1.30050512571253,10,10.8181818181818,1.27272727272727
2025-08-14,"all_predictors_lagged",0.247605653630954,0.23952790955697,0.177622772917169,0.139442964221913,0.135611575841633,0.00807774407398381,0.00383138838027959,1.12581590693313,1.28098770803227,9.90909090909091,10.7272727272727,1.54545454545455
2025-08-15,"all_predictors_lagged",0.261413632233021,0.271797184576851,0.141749129559563,0.142900015052298,0.139218701666417,-0.0103835523438295,0.00368131338588121,0.945852757123858,1.31607308551312,10.2727272727273,10.3636363636364,1.45454545454545
2025-08-16,"all_predictors_lagged",0.200329711540148,0.149758656111499,0.158111673666131,0.141194520260367,0.136235804633323,0.0505710554286481,0.00495871562704403,1.0675111662156,1.31371399064681,10.1818181818182,10.0909090909091,1.36363636363636
2025-08-17,"all_predictors_lagged",0.177981693348599,0.358545639573918,0.365930140356514,0.142112529365577,0.134253632685575,-0.180563946225319,0.007858896680002,1.08273936222717,1.29672515359557,10.2727272727273,10.2727272727273,1.63636363636364
2025-08-18,"all_predictors_lagged",0.15967500459767,0.252137403395457,0.151015074280809,0.12430772415947,0.117411256665824,-0.0924623987977874,0.00689646749364653,1.09417758798829,1.21963606044863,9.90909090909091,10.1818181818182,1.45454545454545
2025-08-19,"all_predictors_lagged",0.276949597823068,0.258249418477463,0.145763304863061,0.124407641444521,0.119236067882576,0.0187001793456044,0.00517157356194445,0.859774462914099,1.17328417718813,10.5454545454545,10.3636363636364,1.36363636363636
2025-08-20,"all_predictors_lagged",0.299238560741847,0.280648623170197,0.151844252890484,0.120692821529575,0.117695191872961,0.0185899375716507,0.00299762965661409,0.895853543913449,1.25732342824176,10.4545454545455,10.4545454545455,1.18181818181818
2025-08-21,"all_predictors_lagged",0.15451365295989,0.130909882802644,0.121302453854267,0.119490122930115,0.117106570179433,0.0236037701572465,0.0023835527506822,0.68482772606939,1.14989879364521,10.9090909090909,11,1.36363636363636
2025-08-22,"all_predictors_lagged",0.101183964413535,0.148800027969146,0.120338120744972,0.11644090947473,0.113626018039397,-0.047616063555611,0.00281489143533299,0.736805575443085,1.13195828491513,11.1818181818182,10.8181818181818,1.36363636363636
2025-08-23,"all_predictors_lagged",0.132425470050769,0.216613587758591,0.20439043330431,0.117276879504251,0.112130442450054,-0.0841881177078229,0.0051464370541976,0.917015941704943,1.12599405287691,10.7272727272727,10.3636363636364,1.18181818181818
2025-08-24,"all_predictors_lagged",0.1596007526197,0.259674590068287,0.177349141214641,0.117139170532509,0.114002165875104,-0.100073837448587,0.00313700465740569,1.05668601752084,1.29167466360671,9.90909090909091,10.3636363636364,1.36363636363636
2025-08-25,"all_predictors_lagged",0.0799570736931327,0.0865929523061261,0.107366504581896,0.116073054825214,0.112057686744975,-0.00663587861299334,0.00401536808023921,1.28091854121193,1.37015941784305,8.72727272727273,10,1.36363636363636
2025-08-26,"all_predictors_lagged",0.118799673602086,0.11878970898916,0.102022271585023,0.113171494943237,0.111602946325078,0.00000996461292604271,0.00156854861815868,1.09594555397934,1.41690108325021,9.27272727272727,9.45454545454546,1.18181818181818
2025-08-27,"all_predictors_lagged",0.119936682135532,0.115958292513305,0.121994417564471,0.115140105296224,0.110908374518679,0.00397838962222691,0.00423173077754508,0.847339282541554,1.11542526717736,9.90909090909091,10.0909090909091,1.36363636363636
2025-08-28,"all_predictors_lagged",0.133082925795418,0.114943914522254,0.121114211557397,0.109543831060493,0.107167932387495,0.0181390112731644,0.00237589867299859,1.00407171538144,1.15386069550582,9.72727272727273,9.81818181818182,1.36363636363636
2025-08-29,"all_predictors_lagged",0.176564800702988,0.168891477609679,0.112688812986422,0.109999564712078,0.106302792845513,0.00767332309330948,0.0036967718665656,1.05904092949008,1.14725576284494,9.54545454545454,10.6363636363636,1.36363636363636
2025-08-30,"all_predictors_lagged",0.163356060232295,0.159590555942056,0.20499850394548,0.109614033127816,0.106300262375555,0.00376550429023828,0.00331377075226181,0.973624801294077,1.03056134891949,10,10.6363636363636,1
2025-08-31,"all_predictors_lagged",0.372651198237533,0.406874390416162,0.422253095919066,0.112119418094437,0.107946071544926,-0.0342231921786292,0.00417334654951016,1.00789616221052,1.12001684596397,9.63636363636364,10.1818181818182,1.09090909090909
2025-09-01,"all_predictors_lagged",0.0837839648267346,0.114281078718318,0.101696471598043,0.116994272014603,0.114391768800062,-0.0304971138915835,0.00260250321454041,0.955519302137814,1.13094287746739,10.0909090909091,10.1818181818182,1
2025-09-02,"all_predictors_lagged",0.524153585747852,0.491253906714954,0.567821747534218,0.114593977543342,0.111824534832563,0.0328996790328978,0.00276944271077909,0.816480126942172,1.13145637805506,10.2727272727273,10.9090909090909,1.36363636363636
2025-09-03,"all_predictors_lagged",1.13485774392286,1.01180349081569,0.58870226672592,0.122493907066499,0.117951093639999,0.123054253107168,0.00454281342650007,0.973695924944233,1.228333788226,10.4545454545455,10.3636363636364,1.54545454545455
2025-09-04,"all_predictors_lagged",0.649673527161924,0.32707669144515,0.146354703252603,0.126887943118734,0.122882900202746,0.322596835716774,0.00400504291598837,0.841858301396485,1.22896716360747,10.3636363636364,10.1818181818182,1.27272727272727
2025-09-05,"all_predictors_lagged",0.297202419708564,0.199118865859986,0.110443090930378,0.127309485803727,0.123105433736083,0.098083553848578,0.00420405206764405,0.889812570071872,1.200287002634,10.4545454545455,9.63636363636364,1.36363636363636
2025-09-06,"all_predictors_lagged",0.132700731556602,0.115538610443209,0.175643669417211,0.128434385179485,0.123737890324331,0.0171621211133931,0.00469649485515385,0.900210343763674,1.07883458259354,10.3636363636364,11.1818181818182,1.54545454545455
2025-09-07,"all_predictors_lagged",0.808049954308747,0.765778511070817,0.250103063977236,0.129328396136071,0.124798830309637,0.0422714432379304,0.00452956582643319,0.975831967339973,1.15234813508935,10,10.5454545454545,1.45454545454545
2025-09-08,"all_predictors_lagged",0.122801965545062,0.126592930472738,0.129764778313478,0.130175200603108,0.12764187449226,-0.00379096492767566,0.00253332611084718,0.966974543805593,1.17498883617072,10.6363636363636,10.3636363636364,1.18181818181818
2025-09-09,"all_predictors_lagged",0.170396007423734,0.187794936625329,0.14708023569957,0.134150791240691,0.131264100178348,-0.0173989292015952,0.00288669106234321,0.902220040837501,1.18534584245206,10.8181818181818,10.4545454545455,1.36363636363636
2025-09-10,"all_predictors_lagged",0.534278607951902,0.612617307449,0.15795786052744,0.136600120172788,0.133098331519912,-0.0783386994970986,0.00350178865287597,1.17300454663626,1.24628721083061,9.72727272727273,10.5454545454545,1.45454545454545
2025-09-11,"all_predictors_lagged",0.168246320331982,0.119996270660805,0.109192508420153,0.134211123849405,0.132701338681801,0.0482500496711764,0.00150978516760433,1.055646824818,1.09816012818352,10.3636363636364,11.3636363636364,2
2025-09-12,"all_predictors_lagged",0.138397106420404,0.125935043267646,0.124328766478738,0.127087751097965,0.126465267692974,0.012462063152758,0.000622483404991482,0.876311155599483,1.26170859627004,10.9090909090909,10.8181818181818,1.54545454545455
2025-09-13,"all_predictors_lagged",0.142110454521096,0.132400397053876,0.149703712735116,0.128995160228387,0.12571517584425,0.0097100574672196,0.00327998438413688,0.903097401539441,1.24693852704148,10,10.6363636363636,1.72727272727273
2025-09-14,"all_predictors_lagged",0.141610204971715,0.134368394817475,0.103838738751426,0.127656795118636,0.126386267275905,0.00724181015423939,0.00127052784273123,1.07678566317931,1.34237994304946,9.54545454545454,10.2727272727273,1.72727272727273
2025-09-15,"all_predictors_lagged",0.259463841667502,0.199302102036394,0.167909878619085,0.129324620525063,0.126966868200071,0.0601617396311086,0.00235775232499148,1.05728242589044,1.27931042404277,9.72727272727273,10.2727272727273,1.54545454545455
2025-09-16,"all_predictors_lagged",0.168653002672447,0.143226908200364,0.110878736365315,0.131568734653525,0.126436527960271,0.0254260944720829,0.00513220669325374,0.91503419127251,1.18059099163088,10,10.6363636363636,1.36363636363636
2025-09-17,"all_predictors_lagged",0.152710184201459,0.236469406914547,0.250052636715869,0.130952238651048,0.123806041428339,-0.0837592227130888,0.00714619722270865,0.952091872163371,0.958199620186698,10.1818181818182,11,1.45454545454545
2025-09-18,"all_predictors_lagged",0.225533942890755,0.201247459364292,0.129803289462638,0.127919497378685,0.124199715427816,0.0242864835264639,0.00371978195086822,0.995104964454277,1.1248509186287,10.2727272727273,10.7272727272727,1.54545454545455
2025-09-19,"all_predictors_lagged",0.21851648153415,0.153814731353213,0.121511251710302,0.12816651566685,0.124946067664031,0.0647017501809362,0.00322044800281878,0.890631810412101,1.28527324447705,10.8181818181818,10.3636363636364,1.54545454545455
2025-09-20,"all_predictors_lagged",0.225097059012524,0.244580956184616,0.143053850360228,0.128067203674367,0.125494738381376,-0.0194838971720926,0.00257246529299119,0.975736413700802,1.34044879548019,10.3636363636364,10.3636363636364,1.45454545454545
2025-09-21,"all_predictors_lagged",0.227449919792811,0.164903894426656,0.138347682307833,0.130216356143914,0.127048128855237,0.0625460253661553,0.00316822728867664,0.967337962756161,1.38896314268492,10.2727272727273,10.4545454545455,1.72727272727273
2025-09-22,"all_predictors_lagged",0.348890950932245,0.218659984240322,0.165976490266657,0.131963556241918,0.127867207955011,0.130230966691923,0.00409634828690704,0.939569635232635,1.31690282822913,10.3636363636364,10.3636363636364,1.72727272727273
2025-09-23,"all_predictors_lagged",0.389117508172518,0.478189950494775,0.277233658712948,0.131554656148177,0.126943396466943,-0.0890724423222574,0.00461125968123331,0.837571217471743,1.11839179702016,10.4545454545455,10.9090909090909,1.63636363636364
2025-09-24,"all_predictors_lagged",0.623518969428318,0.499625320602413,0.393674813190359,0.132488051941858,0.125169775656412,0.123893648825905,0.00731827628544661,0.929068649714074,1.20059520213234,9.72727272727273,10.3636363636364,1.45454545454545
2025-09-25,"all_predictors_lagged",0.174000538015295,0.175119280556529,0.181528110666524,0.137815216709563,0.128452410347677,-0.00111874254123378,0.00936280636188582,0.808186547656288,1.56297346298398,10.2727272727273,10.2727272727273,1.63636363636364
2025-09-26,"all_predictors_lagged",0.389201809584056,0.374163255693763,0.43682226101757,0.138658347680298,0.129785382507602,0.0150385538902933,0.00887296517269604,0.995220294146375,1.42507268273852,10.3636363636364,10.3636363636364,1.90909090909091
2025-09-27,"all_predictors_lagged",0.430540962261693,0.35203273280626,0.349505967190364,0.13823770831643,0.13054562054945,0.078508229455433,0.00769208776697986,0.757901802589638,1.24944620373294,10.3636363636364,10.5454545454545,1.81818181818182
2025-09-28,"all_predictors_lagged",0.957384881207378,0.884246226710107,0.397001120709878,0.136844627910035,0.130035201221262,0.0731386544972706,0.00680942668877213,1.03828771258022,1.30523879692763,9.36363636363636,10.4545454545455,1.81818181818182
2025-09-29,"all_predictors_lagged",0.164299292656335,0.160124561551015,0.282365663163745,0.137992375457245,0.131028216181731,0.00417473110532062,0.00696415927551405,0.890047670275551,1.23856279522399,9.90909090909091,10.9090909090909,2.18181818181818
2025-09-30,"all_predictors_lagged",0.13196209340347,0.142944544147816,0.308414196790339,0.138672767360915,0.129174801597045,-0.0109824507443458,0.00949796576387039,0.880387283377449,1.10645381453557,10.2727272727273,10.5454545454545,2.09090909090909
2025-10-01,"all_predictors_lagged",0.254383261820513,0.193151268038502,0.159449073435353,0.138729910988793,0.129028896574236,0.0612319937820105,0.00970101441455665,0.839145413896633,1.13320001658465,10.2727272727273,10.5454545454545,1.90909090909091
2025-10-02,"all_predictors_lagged",0.317940036581772,0.276612799785245,0.29892188503658,0.134198818990227,0.126981283212219,0.0413272367965269,0.0072175357780082,0.697669047766804,1.16181258094879,10.5454545454545,10.6363636363636,1.90909090909091
2025-10-03,"all_predictors_lagged",0.513647217976743,0.502062541186323,0.430399164220487,0.136055263728034,0.127219589682334,0.0115846767904197,0.00883567404570049,0.789693703680988,1.09686852095263,10.3636363636364,11.0909090909091,2
2025-10-04,"all_predictors_lagged",0.405708836502817,0.932279168539489,0.522222852829519,0.137521968068275,0.127185304171003,-0.526570332036672,0.0103366638972716,0.716886140875499,0.959821614753317,10.5454545454545,10.8181818181818,2.09090909090909
2025-10-05,"all_predictors_lagged",0.176222489361311,0.311618537512373,0.186861537345453,0.14079292679158,0.132277658941146,-0.135396048151062,0.00851526785043316,0.880860161418555,1.28064927534517,10.3636363636364,9.72727272727273,1.81818181818182
2025-10-06,"all_predictors_lagged",0.101457236883369,0.0920782786226972,0.119542745719875,0.140494216505371,0.129917412887479,0.0093789582606718,0.0105768036178922,0.793170537882777,1.20169342382718,10.4545454545455,10.3636363636364,1.72727272727273
2025-10-07,"all_predictors_lagged",1.72686628929173,1.29977586407046,1.05886436737318,0.139400914284437,0.129512190390185,0.42709042522127,0.00988872389425207,0.793159828943577,1.24272962647307,10.1818181818182,10.0909090909091,1.81818181818182
2025-10-08,"all_predictors_lagged",0.52544375019523,0.507052799170479,0.288915901917446,0.145998231481123,0.137278890064595,0.0183909510247509,0.00871934141652757,0.634835441312964,1.41974601649161,10.4545454545455,9.27272727272727,1.72727272727273
2025-10-09,"all_predictors_lagged",0.235654658803572,0.302763908149526,0.159893311248356,0.146665389584397,0.140090003880399,-0.0671092493459546,0.00657538570399827,0.754768769863499,1.30374984235823,10.4545454545455,9.36363636363636,1.72727272727273
2025-10-10,"all_predictors_lagged",0.189938129795792,0.176123788445104,0.17545462068643,0.14702876233626,0.138910497189095,0.0138143413506874,0.00811826514716509,0.840368416614587,1.27507199003206,9.81818181818182,10.3636363636364,2
2025-10-11,"all_predictors_lagged",1.00458847619654,1.23638191924234,1.20025819828942,0.145570941493537,0.137061489187741,-0.231793443045798,0.00850945230579622,0.741579390194679,1.30728759253672,10,10.3636363636364,2
2025-10-12,"all_predictors_lagged",0.51976691612747,0.4538568966764,0.373313935967822,0.148190540458399,0.138245413448466,0.06591001945107,0.00994512700993315,1.02203624289563,1.22859235989707,9.36363636363636,10.3636363636364,1.81818181818182
2025-10-13,"all_predictors_lagged",0.209365373758124,0.2267380023367,0.169028675152783,0.149771630670938,0.140502391080151,-0.0173726285785757,0.00926923959078683,0.912987056666968,1.38603425626095,10.2727272727273,10.5454545454545,1.54545454545455
2025-10-14,"all_predictors_lagged",0.412770446633367,0.624515253152037,0.31929364164704,0.149689532626634,0.138882847741384,-0.211744806518669,0.0108066848852502,1.13349813392148,1.19166929857059,10.2727272727273,11,1.90909090909091
2025-10-15,"all_predictors_lagged",0.22533063962577,0.164680570202825,0.22070442506795,0.152057123266504,0.140718668749401,0.0606500694229455,0.0113384545171021,1.04258485681555,1.32544561816783,9.45454545454546,9.81818181818182,1.54545454545455
2025-10-16,"all_predictors_lagged",0.212257899678789,0.162834262318352,0.286710546852877,0.153754573010405,0.139197907218504,0.0494236373604364,0.0145566657919014,1.34633889869519,1.32397875929913,8.90909090909091,9.81818181818182,1.45454545454545
2025-10-17,"all_predictors_lagged",0.433894889392372,0.368321682186541,0.135100394501211,0.152418163403798,0.142595307982812,0.0655732072058308,0.00982285542098624,1.16441862933819,1.22724225492596,9.36363636363636,9.63636363636364,1.36363636363636
2025-10-18,"all_predictors_lagged",0.599419378776447,0.485234897688234,0.409842921188779,0.15216755738493,0.141544523893743,0.114184481088213,0.0106230334911866,1.26295856429127,1.50349688826411,8.63636363636364,9.45454545454546,1.54545454545455
2025-10-19,"all_predictors_lagged",0.425132188939234,0.462745675857813,0.304531792849982,0.154968309063288,0.143665747825444,-0.0376134869185798,0.0113025612378441,1.12967576566645,1.48745173997673,9.72727272727273,9.63636363636364,1.54545454545455
2025-10-20,"all_predictors_lagged",0.312135809772224,0.19118312969337,0.169083850495203,0.158382669026674,0.149663112224435,0.120952680078854,0.00871955680223832,1.22451344620348,1.43930174427964,9,9.54545454545454,1.45454545454545
2025-10-21,"all_predictors_lagged",0.29347244584472,0.32189669928573,0.150991685129404,0.157031236456419,0.14918485258557,-0.0284242534410096,0.00784638387084939,1.02886368779555,1.31979573230729,10.0909090909091,9.36363636363636,1.36363636363636
2025-10-22,"all_predictors_lagged",0.123142047846969,0.120836928215078,0.13387442287022,0.152736629639344,0.145239965067442,0.00230511963189055,0.00749666457190212,1.15041309903777,1.40060720938289,10.2727272727273,9.72727272727273,1.27272727272727
2025-10-23,"all_predictors_lagged",0.481696701395919,0.811930476656304,0.60649906100089,0.152038515385756,0.144261179418008,-0.330233775260385,0.0077773359677482,1.09205951187888,1.19983637848643,10.1818181818182,10.7272727272727,1.09090909090909
2025-10-24,"all_predictors_lagged",0.17408045630968,0.156440041470562,0.129189579305258,0.152931982157104,0.147699565398577,0.0176404148391183,0.00523241675852691,1.12009304676485,1.49559083973086,10,9.27272727272727,1
2025-10-25,"all_predictors_lagged",0.449479333292107,0.424485322502196,0.180311027496814,0.153143139453119,0.148994282891777,0.0249940107899109,0.00414885656134251,1.0070767013396,1.30738442164391,10.6363636363636,9.81818181818182,1.36363636363636
2025-10-26,"all_predictors_lagged",0.151897676877909,0.163917211626141,0.15842093034421,0.153035728291186,0.147693989914207,-0.0120195347482326,0.00534173837697892,1.13017841409055,1.19589467404848,9.90909090909091,10,1.27272727272727
2025-10-27,"all_predictors_lagged",0.146689254342249,0.119734715807698,0.131721703065423,0.153665483484969,0.147389969616285,0.0269545385345507,0.00627551386868371,1.1384868053964,1.22042373023128,9.72727272727273,10.2727272727273,1.36363636363636
2025-10-28,"all_predictors_lagged",0.104932285541543,0.087630717289922,0.1375078635328,0.15173216629692,0.148131948823222,0.0173015682516215,0.00360021747369794,1.13958684225076,1.20383895015363,9.72727272727273,10.6363636363636,1.45454545454545
2025-10-29,"all_predictors_lagged",0.23254821653039,0.356230625235882,0.203299698651464,0.151582036775513,0.15061635277089,-0.123682408705492,0.000965684004623457,1.21705072752933,1.31701149297739,9.81818181818182,11,1.63636363636364
2025-10-30,"all_predictors_lagged",0.0751551016769643,0.08654483022744,0.134388929660095,0.153652997334695,0.154237862024159,-0.0113897285504757,-0.000584864689464137,1.1305949425576,1.49148588077379,10,9.27272727272727,1.18181818181818
2025-10-31,"all_predictors_lagged",0.122255597761526,0.179125035699098,0.114986985107726,0.156564432603875,0.147579697719966,-0.0568694379375728,0.00898473488390917,1.35513968482901,1.35524817597054,8.63636363636364,9.45454545454546,1
2025-11-01,"all_predictors_lagged",0.220171532427837,0.388685178378451,0.206389187403792,0.154211459103314,0.148118040104362,-0.168513645950614,0.00609341899895183,0.963047866384777,1.16302050695544,9.81818181818182,10.0909090909091,1.45454545454545
2025-11-02,"all_predictors_lagged",0.114030165961739,0.186656671528031,0.156009088435891,0.156509763604093,0.150194608592743,-0.0726265055662919,0.00631515501135068,0.793356898862177,1.24455456961524,10.1818181818182,9.81818181818182,1.81818181818182
2025-11-03,"all_predictors_lagged",0.3150967471788,0.154448346877097,0.141265012241163,0.155834945989251,0.151315102476697,0.160648400301703,0.00451984351255351,0.742495570164709,1.07612945526297,10.8181818181818,11,1.63636363636364
2025-11-04,"all_predictors_lagged",0.397489354945456,0.161739518961645,0.105547693485979,0.157545374842066,0.152445850166952,0.235749835983811,0.0050995246751136,0.859793623226259,1.26937493218859,10.5454545454545,10.1818181818182,1.36363636363636
2025-11-05,"all_predictors_lagged",0.29946530826001,0.148731198217715,0.137202339842055,0.159652844847836,0.15320862307623,0.150734110042296,0.00644422177160533,0.84417320703537,1.1847328688522,10.7272727272727,10.4545454545455,1.45454545454545
2025-11-06,"all_predictors_lagged",0.146112537781151,0.14729791625734,0.135105884769345,0.153014783618221,0.150537179830157,-0.00118537847618876,0.00247760378806347,0.964499947602603,1.1431091279907,9.81818181818182,10.6363636363636,1.54545454545455
2025-11-07,"all_predictors_lagged",0.580883194549996,0.915502941587054,0.13968740316821,0.154083367083798,0.149759007976,-0.334619747037058,0.00432435910779787,0.945641063560202,1.12455972591315,10.1818181818182,10.0909090909091,1.27272727272727
2025-11-08,"all_predictors_lagged",0.250490744646441,0.24701409898919,0.251848503092773,0.148894584386959,0.142078464447881,0.00347664565725167,0.00681611993907808,1.06007223936033,0.967509662696624,9.81818181818182,11.2727272727273,1.63636363636364
2025-11-09,"all_predictors_lagged",0.928370270759839,1.09147487539105,0.545248266883888,0.149622159565435,0.143375235996927,-0.16310460463121,0.00624692356850813,1.02987565570217,1.05524793303461,9.18181818181818,11.1818181818182,1.54545454545455
2025-11-10,"all_predictors_lagged",1.16583361715758,0.892061471113785,0.398911343743133,0.152178795296887,0.147483505238042,0.273772146043797,0.0046952900588448,0.723433981186774,1.2423487686494,10.3636363636364,10.1818181818182,1.45454545454545
2025-11-11,"all_predictors_lagged",0.515177113893556,0.454244726115035,0.127527104458617,0.153722361661488,0.146585450662412,0.0609323877785215,0.00713691099907596,0.800939704070495,1.22459376665331,10.3636363636364,10.9090909090909,1.63636363636364
2025-11-12,"all_predictors_lagged",0.751588441118728,0.729160109825917,0.60338051634763,0.152796019432475,0.144873985508135,0.0224283312928114,0.00792203392434,0.816193383265158,1.0277622694395,10,10.9090909090909,1.54545454545455
2025-11-13,"all_predictors_lagged",0.657672957752775,0.300936619061441,0.169111916946432,0.150297749500123,0.143813207448998,0.356736338691334,0.00648454205112481,0.687366174090694,1.05048926958072,9.81818181818182,10.7272727272727,1.54545454545455
2025-11-14,"all_predictors_lagged",0.416919166923861,0.336669969288549,0.295087504647568,0.149981053160941,0.144563703313213,0.0802491976353122,0.00541734984772812,0.780316406008343,1.13010634793116,9.18181818181818,10,1.36363636363636
2025-11-15,"all_predictors_lagged",0.593010594061061,0.541518226611915,0.765104044300662,0.148326664488687,0.143492975496199,0.0514923674491462,0.00483368899248801,0.77149978945173,1.11569850143915,9,10.6363636363636,1.72727272727273
2025-11-16,"all_predictors_lagged",0.295497779347407,0.631274688583555,0.588906994794264,0.141811921858838,0.137306807225967,-0.335776909236148,0.00450511463287147,0.884816617184315,1.19089579815601,8.90909090909091,10.1818181818182,1.72727272727273
2025-11-17,"all_predictors_lagged",0.389912825121975,0.275373519038953,0.464570650187088,0.139711250495708,0.133855569527599,0.114539306083022,0.00585568096810907,0.894360046647091,1.21009963584581,9.09090909090909,10.3636363636364,1.81818181818182
2025-11-18,"all_predictors_lagged",1.28067954233098,1.43272608558516,1.62507905067684,0.140625789153455,0.13413495389295,-0.15204654325418,0.00649083526050511,0.867331364168267,1.20727832221794,9.09090909090909,10.5454545454545,1.81818181818182
2025-11-19,"all_predictors_lagged",0.708260855419137,0.554402279587732,1.15013209746708,0.149142945133929,0.139857293564457,0.153858575831405,0.00928565156947253,0.854094002638442,1.33286666455327,9.45454545454546,10.1818181818182,1.72727272727273
2025-11-20,"all_predictors_lagged",8.24884843932169,7.57200981428129,7.55246623556502,0.147129379941064,0.139492088230981,0.676838625040403,0.00763729171008289,0.884913789080447,1.35316312895486,9.36363636363636,10.6363636363636,1.72727272727273
2025-11-21,"all_predictors_lagged",2.40805330218583,1.42049182317818,0.244403173290113,0.226573956701962,0.217223081359649,0.987561479007647,0.00935087534231254,1.23135263005729,1.43925252363273,8.81818181818182,10.7272727272727,1.81818181818182
2025-11-22,"all_predictors_lagged",0.478531967449392,0.54945116046591,0.282381922592064,0.227309469082939,0.217366197710892,-0.0709191930165184,0.00994327137204703,1.18046624043698,1.6904852761878,9.36363636363636,9.63636363636364,1.45454545454545
2025-11-23,"all_predictors_lagged",0.173762060580138,0.184220295702278,0.25517644782858,0.224313064318114,0.215304033406768,-0.0104582351221404,0.00900903091134615,1.41922913079757,1.54194800349225,9.18181818181818,10.6363636363636,1.72727272727273
2025-11-24,"all_predictors_lagged",0.104833153669846,0.122875588432876,0.24544465872496,0.213378036798477,0.204228911112899,-0.0180424347630297,0.00914912568557858,1.37356585357116,1.46866647857398,9.27272727272727,10.2727272727273,1.63636363636364
2025-11-25,"all_predictors_lagged",0.576896084249374,0.77934556217343,0.840065675996899,0.210535071071365,0.199289673067142,-0.202449477924056,0.0112453980042231,1.21564742212544,1.45193568494166,9.36363636363636,10.1818181818182,1.90909090909091
2025-11-26,"all_predictors_lagged",7.62554440901394,7.84193595833921,7.70133369887704,0.206300124165945,0.198821203563025,-0.216391549325269,0.00747892060292046,1.37240522917469,1.5366387089974,8.81818181818182,10.7272727272727,2.09090909090909
2025-11-27,"all_predictors_lagged",1.01773449907261,0.881602887458814,0.330754316004868,0.234659870934493,0.230409827778351,0.136131611613796,0.00425004315614165,1.16105606373223,1.60871145277931,9.18181818181818,9.45454545454546,1.54545454545455
2025-11-28,"all_predictors_lagged",0.6682552631037,0.692767449469579,0.409631746971394,0.234440374454809,0.231299198754131,-0.0245121863658788,0.00314117570067799,1.14074882842779,1.69827119257488,9.63636363636364,9.36363636363636,1.45454545454545
2025-11-29,"all_predictors_lagged",0.625779865303323,0.54328305108058,0.280474274376296,0.238759179722982,0.236683986334955,0.0824968142227428,0.00207519338802697,1.16316355967295,1.54644824290404,9.09090909090909,9.81818181818182,1.81818181818182
2025-11-30,"all_predictors_lagged",0.455440824758204,0.391733825437251,0.148555433222915,0.2377861252105,0.237225079353498,0.0637069993209532,0.000561045857001693,1.3403260805018,1.76474837208925,9.27272727272727,9.63636363636364,1.63636363636364
2025-12-01,"all_predictors_lagged",0.486858802348082,0.590756554564307,0.151476117939167,0.236233188414511,0.236043206886955,-0.103897752216225,0.000189981527556049,0.985881671100464,1.29983135766182,9.36363636363636,10.2727272727273,1.54545454545455
2025-12-02,"all_predictors_lagged",0.345351544577096,0.267132260589569,0.113798769415402,0.226928203962193,0.226027637139983,0.0782192839875272,0.000900566822210099,1.20823663110289,1.3507973786279,9.45454545454546,10.5454545454545,1.81818181818182
2025-12-03,"all_predictors_lagged",0.405334411846878,0.311404623556529,0.138746800420756,0.225277367292294,0.222700032809019,0.0939297882903486,0.00257733448327471,1.05047021712623,1.31607003237082,9.27272727272727,9.90909090909091,1.63636363636364
2025-12-04,"all_predictors_lagged",0.321099174363364,0.258011764362177,0.136612136451467,0.219176275014364,0.215466613413591,0.0630874100011869,0.00370966160077272,1.1330288340589,1.30168621663583,9.45454545454546,10.2727272727273,1.72727272727273
2025-12-05,"all_predictors_lagged",0.179202372139635,0.164323036502402,0.115623111011212,0.218814537095266,0.216773244749021,0.0148793356372338,0.00204129234624506,1.59166866780659,1.34249656838983,9.09090909090909,10.2727272727273,1.90909090909091
2025-12-06,"all_predictors_lagged",0.195147734755442,0.0749605642275599,0.0961835318570899,0.21906210350485,0.232000135419356,0.120187170527882,-0.0129380319145057,1.26360353474557,1.76675458719342,9,9.45454545454546,1.63636363636364
2025-12-07,"all_predictors_lagged",0.267175305010892,0.109029664864974,0.0948470486398787,0.20764959905968,0.223863472135344,0.158145640145918,-0.0162138730756633,1.29210985655419,1.89954090607197,8.81818181818182,8.90909090909091,1.36363636363636
2025-12-08,"all_predictors_lagged",0.215512833454013,0.100099025293437,0.109213994753864,0.206652583763789,0.221423303527126,0.115413808160576,-0.0147707197633368,0.83102480952445,1.86441535790529,9.90909090909091,9.36363636363636,1.63636363636364
2025-12-09,"all_predictors_lagged",0.232802829235188,0.178822624955542,0.123893269887432,0.207342468740131,0.219261356773381,0.0539802042796461,-0.0119188880332498,0.85558061071474,1.60855173389644,9.81818181818182,9.81818181818182,1.36363636363636
2025-12-10,"all_predictors_lagged",0.242558122199047,0.169785538235368,0.111581511015719,0.211076420085593,0.2240655506125,0.0727725839636791,-0.0129891305269064,1.07418448788172,1.72122709223798,9.54545454545454,9.63636363636364,1.45454545454545
2025-12-11,"all_predictors_lagged",1.10584396246429,1.07383036882362,1.04051332073548,0.211181546853776,0.221555531589495,0.0320135936406651,-0.0103739847357188,0.945104040269682,1.87790366273845,9.54545454545454,9.54545454545454,1.63636363636364
2025-12-12,"all_predictors_lagged",0.93716456588636,0.265477623053506,0.0928633711360902,0.216320223958538,0.224655483129058,0.671686942832853,-0.00833525917051936,1.06038651399322,1.76479970742421,9.36363636363636,9.72727272727273,1.45454545454545
2025-12-13,"all_predictors_lagged",0.322049686596017,0.133446159840926,0.084251767193813,0.217260517683852,0.225074190095598,0.188603526755091,-0.00781367241174665,1.26848461975731,1.95484779553315,9.54545454545454,9.36363636363636,1.54545454545455
2025-12-14,"all_predictors_lagged",0.190617123435229,0.107435217309392,0.0887554048978428,0.210712240020947,0.216182487780133,0.0831819061258378,-0.00547024775918638,1.01793427075228,1.92318710546609,9.36363636363636,9.72727272727273,1.63636363636364
2025-12-15,"all_predictors_lagged",0.244412383197701,0.272991796655607,0.114831672006673,0.209157073001783,0.213443487289378,-0.028579413457906,-0.00428641428759569,0.904995725887273,1.68990940048246,10.4545454545455,10.4545454545455,1.72727272727273
2025-12-16,"all_predictors_lagged",0.306984683584036,0.214402969900159,0.274959343825644,0.210190983404655,0.214859774021496,0.0925817136838776,-0.00466879061684132,0.947191714862918,1.51939016244982,9.45454545454546,9.63636363636364,1.45454545454545
2025-12-17,"all_predictors_lagged",0.225150512025938,0.0878074030104411,0.0940921198871819,0.21118799160198,0.214728726527392,0.137343109015497,-0.00354073492541218,1.0795128762252,1.39898646563965,9.90909090909091,10.9090909090909,1.72727272727273
2025-12-18,"all_predictors_lagged",0.284466350991531,0.142037411691959,0.166539850913248,0.215433050739318,0.224504828684421,0.142428939299573,-0.00907177794510244,0.82699490844873,1.49271300178289,9.90909090909091,10.4545454545455,1.54545454545455
2025-12-19,"all_predictors_lagged",0.313556605902666,0.394090657251844,0.150877282745049,0.233541902839062,0.230195177675559,-0.0805340513491782,0.00334672516350227,1.432051590967,1.64837930580662,9.27272727272727,9.54545454545454,1.54545454545455
2025-12-20,"all_predictors_lagged",0.300185132072337,0.320358297505586,0.147488742201375,0.217757189983396,0.226992767483722,-0.0201731654332482,-0.00923557750032596,1.0351996076591,1.99310647492246,9.18181818181818,9.36363636363636,1.63636363636364
2025-12-21,"all_predictors_lagged",0.174566826429037,0.213864930076038,0.143417622363644,0.231465208753914,0.231757808814657,-0.0392981036470007,-0.00029260006074294,1.16550042052147,1.99380331726529,8.90909090909091,8.90909090909091,1.54545454545455
2025-12-22,"all_predictors_lagged",3.008835808534,2.9468160770945,2.93598095762883,0.227080231255646,0.229276553016179,0.0620197314395005,-0.00219632176053371,1.06040878533032,1.71036566578808,9.63636363636364,9.27272727272727,1.27272727272727
2025-12-23,"all_predictors_lagged",0.197160492486542,0.160437718099371,0.118654171361456,0.257990401625285,0.259251786643008,0.0367227743871708,-0.00126138501772315,0.92618983003807,1.73932545948662,10,9.18181818181818,1.18181818181818
2025-12-24,"all_predictors_lagged",0.195078688478458,0.212772082305178,0.081400834985074,0.242103143312896,0.260177751993065,-0.0176933938267199,-0.0180746086801684,1.90661374348615,1.91501173452333,9.45454545454546,9.09090909090909,0.909090909090909
2025-12-25,"all_predictors_lagged",0.151742053970303,0.159440534850229,0.0725488286518843,0.244608049195477,0.261946082016072,-0.00769848087992599,-0.0173380328205945,1.38322475433634,1.74222736545901,9.09090909090909,9.45454545454546,1.54545454545455
2025-12-26,"all_predictors_lagged",0.14828310143591,0.0868732171331644,0.0768785461580086,0.243340944092043,0.259557521327952,0.0614098843027461,-0.0162165772359088,1.30513257424533,1.42641078726632,9.27272727272727,10.2727272727273,1.72727272727273
2025-12-27,"all_predictors_lagged",0.32194803836574,0.243745232107402,0.11032419423434,0.243866270099846,0.260307621644948,0.0782028062583379,-0.0164413515451016,1.18970745668036,1.74314396702941,9.81818181818182,9.90909090909091,1.45454545454545
2025-12-28,"all_predictors_lagged",0.116542340046836,0.137486526323938,0.0952915196629923,0.246289141447976,0.261320852928796,-0.0209441862771019,-0.0150317114808203,1.51342114605592,1.74127033388035,8.72727272727273,9.36363636363636,1.63636363636364
2025-12-29,"all_predictors_lagged",1.91816398534752,0.110107755889047,0.082422142937952,0.248127802050789,0.261466160092112,1.80805622945847,-0.0133383580413225,1.44205896985557,1.6979938642761,9.09090909090909,9.18181818181818,1.54545454545455
2025-12-30,"all_predictors_lagged",0.230518860881518,0.208052718574002,0.212435000872182,0.264221052842927,0.275863007150648,0.0224661423075165,-0.0116419543077211,1.47475106480169,1.68109677891462,9,9.90909090909091,1.54545454545455
2025-12-31,"all_predictors_lagged",0.320252061840378,0.265064134728082,0.275761936184853,0.271123633884513,0.282244446496381,0.0551879271122954,-0.0111208126118679,1.14003916419571,1.64591949640485,9.54545454545454,9.63636363636364,1.63636363636364
2026-01-01,"all_predictors_lagged",0.525894776201836,0.417931687180839,0.542210269927144,0.267494492330842,0.280480910666708,0.107963089020998,-0.0129864183358662,1.06186946456926,1.7696576227851,9.63636363636364,9.18181818181818,1.27272727272727
2026-01-02,"all_predictors_lagged",0.449461112980973,0.197100780288006,0.309225326530317,0.266960961052724,0.276947257758888,0.252360332692966,-0.0099862967061636,0.976292881829345,1.63208659646906,9.45454545454546,9.27272727272727,1.45454545454545
2026-01-03,"all_predictors_lagged",0.282874104204672,0.206083405587138,0.227974480434802,0.229100362499315,0.243377935676073,0.0767906986175342,-0.0142775731767583,1.04671660906266,1.37727258175309,9.45454545454546,9.72727272727273,1.45454545454545
2026-01-04,"all_predictors_lagged",0.292776962927068,0.366154343518531,0.188852864065264,0.234754253958049,0.240343989028852,-0.0733773805914633,-0.00558973507080297,1.27030103478499,1.26512526055176,9.36363636363636,10.4545454545455,1.54545454545455
2026-01-05,"all_predictors_lagged",0.227199825876626,0.242245803356731,0.128551637275364,0.234456455013936,0.241598251737103,-0.0150459774801048,-0.0071417967231671,1.19355017729009,1.22761708875138,9.72727272727273,10.2727272727273,1.36363636363636
2026-01-06,"all_predictors_lagged",0.314219224607858,0.387019083689426,0.110618672215938,0.216442643029282,0.215549926139501,-0.0727998590815686,0.000892716889781218,1.10109099773782,1.37861310233024,9.54545454545454,9.63636363636364,1.36363636363636
2026-01-07,"all_predictors_lagged",0.253239475154478,0.361833682482929,0.0947283954983587,0.213054894665835,0.218722574274038,-0.108594207328451,-0.00566767960820346,1.0129433665359,1.36058981464966,9.81818181818182,9.54545454545454,1.45454545454545
2026-01-08,"all_predictors_lagged",0.230585598312591,0.263209525322646,0.0954414038816388,0.210442467677047,0.216878218379309,-0.0326239270100552,-0.00643575070226183,1.10747781321328,1.86736380222122,8.81818181818182,8.81818181818182,1.36363636363636
2026-01-09,"all_predictors_lagged",0.0888845408631606,0.110955369993505,0.09021920838669,0.217517614068855,0.21667588052132,-0.0220708291303446,0.000841733547534825,1.03858335361376,1.35947388444785,9.09090909090909,9.18181818181818,1.27272727272727
2026-01-10,"all_predictors_lagged",0.185342861920891,0.396879218917503,0.438572453496525,0.221370256666559,0.221151801495692,-0.211536356996612,0.000218455170866852,0.869242945402088,1.27084876771621,9.72727272727273,10.1818181818182,1.45454545454545
2026-01-11,"all_predictors_lagged",0.385662544831055,0.584134093534419,0.413350611435403,0.21615576925691,0.215270306439188,-0.198471548703364,0.000885462817722271,1.14557559491447,2.0225450814373,9.45454545454546,9.90909090909091,1.54545454545455
2026-01-12,"all_predictors_lagged",0.156217318248007,0.130463335316702,0.157912814154018,0.215112289292912,0.213290615470455,0.0257539829313052,0.00182167382245652,1.18414540713965,1.14011547410986,9,10.6363636363636,1.18181818181818
2026-01-13,"all_predictors_lagged",0.0874411911239892,0.133326177455663,0.18335897002215,0.213776269256599,0.211868728570415,-0.0458849863316735,0.00190754068618464,1.33589790209256,2.10959212692367,8.81818181818182,9.18181818181818,1.18181818181818
2026-01-14,"all_predictors_lagged",0.234028188743963,0.184570618824411,0.228310536815454,0.215473496434824,0.213444082270462,0.0494575699195521,0.00202941416436126,1.13044425312921,1.15447956567037,9.27272727272727,9.81818181818182,1.18181818181818
2026-01-15,"all_predictors_lagged",0.123092898662871,0.121106013704849,0.148823647686111,0.216683850134244,0.214291071479016,0.00198688495802235,0.00239277865522769,1.19808930053056,1.31520383598834,9.36363636363636,10.1818181818182,1.18181818181818
2026-01-16,"all_predictors_lagged",0.231596490147128,0.169258121966622,0.149390805163313,0.218680360271167,0.216203434406761,0.0623383681805064,0.0024769258644059,1.4242748947485,1.4442561344172,9.09090909090909,9.90909090909091,1.18181818181818
2026-01-17,"all_predictors_lagged",0.165421352003634,0.163617397994927,0.203986743555308,0.220470333088072,0.21829526682093,0.00180395400870727,0.00217506626714167,1.47140903670784,1.51209924439842,8.63636363636364,8.63636363636364,0.909090909090909
2026-01-18,"all_predictors_lagged",2.15734602806336,2.17261925291601,0.130309752019408,0.212867227486161,0.209584073431957,-0.0152732248526505,0.00328315405420376,1.3610587364799,1.57549796384765,9.27272727272727,9,1.18181818181818
2026-01-19,"all_predictors_lagged",0.0794761924059066,0.0842841108811478,0.126086260633783,0.212384092523703,0.209426977199935,-0.00480791847524124,0.00295711532376743,1.1551974648126,1.64760072996495,8.90909090909091,8.36363636363636,0.909090909090909
2026-01-20,"all_predictors_lagged",0.603303841824493,0.539965884238856,0.139203984763213,0.209305933546919,0.206598904482185,0.0633379575856369,0.00270702906473384,1.79756206364895,1.80930356614423,7.72727272727273,8.54545454545454,1
2026-01-21,"all_predictors_lagged",5.91558351227091,5.73327227077401,0.987407668525297,0.20527863558078,0.201545268770932,0.182311241496897,0.00373336680984777,1.60696101546532,1.56838861419458,8.72727272727273,9.18181818181818,1.09090909090909
2026-01-22,"all_predictors_lagged",0.555328772137548,0.433371991156031,0.139849264732725,0.221288293967531,0.217831355329938,0.121956780981518,0.00345693863759259,0.887043383510571,2.26305347590424,9.81818181818182,8.45454545454546,1.45454545454545
2026-01-23,"all_predictors_lagged",0.187401654129507,0.175334826128934,0.12022960378508,0.222514248406946,0.219997581708317,0.0120668280005737,0.00251666669862921,1.02885191296882,2.24617820835422,9.45454545454546,8.72727272727273,1.54545454545455
2026-01-24,"all_predictors_lagged",0.630575124049313,0.655402913075898,0.171826973639899,0.224894899901108,0.216203088634074,-0.0248277890265847,0.00869181126703415,2.52054309789266,2.84463345916981,8.36363636363636,8.27272727272727,1.54545454545455
2026-01-25,"all_predictors_lagged",0.243596273240299,0.351667560673723,0.244823959757542,0.223067020122153,0.210923999738718,-0.108071287433425,0.012143020383435,1.29715821064145,1.5448479984065,9.54545454545454,9.45454545454546,1.54545454545455
2026-01-26,"all_predictors_lagged",0.0878798596782495,0.539288550592733,0.136637400465452,0.225597420651332,0.216508375008865,-0.451408690914484,0.00908904564246681,1.4173315146112,1.74421854787695,8.81818181818182,9.09090909090909,1.27272727272727
2026-01-27,"all_predictors_lagged",0.569895097261568,2.75118887268604,0.137607596280137,0.218445489885897,0.21163391451482,-2.18129377542447,0.00681157537107677,1.39559528517923,1.70440793767274,9.45454545454546,9.36363636363636,1.36363636363636
2026-01-28,"all_predictors_lagged",0.399478273906329,0.35473820417482,0.249841039888894,0.222604840629991,0.220349120609281,0.0447400697315089,0.00225572002071014,1.58750231858912,1.50403681233374,8.36363636363636,9.36363636363636,1.27272727272727
2026-01-29,"all_predictors_lagged",1.24872825596574,1.26496390248948,0.158703367962651,0.215922264847937,0.21239465257607,-0.0162356465237344,0.00352761227186713,1.51681568344976,1.4804865362944,8.81818181818182,9.81818181818182,1.72727272727273
2026-01-30,"all_predictors_lagged",0.335582877410034,0.303527945741403,0.313001404316758,0.218123018999379,0.212937367293347,0.0320549316686311,0.00518565170603188,1.44360036243878,1.52312770724252,9.45454545454546,9.90909090909091,1.45454545454545
2026-01-31,"all_predictors_lagged",0.45631812472623,0.403861718066442,0.502000767364378,0.217788348478855,0.213467108824775,0.052456406659788,0.00432123965408061,1.02939271830926,1.86199505472781,9.90909090909091,10.0909090909091,1.36363636363636
2026-02-01,"all_predictors_lagged",1.37365091053657,1.36130106294162,0.578396884412173,0.218453301710643,0.21527436101438,0.0123498475949542,0.00317894069626261,1.06806726554229,1.61639168001838,10,9.63636363636364,1.18181818181818
2026-02-02,"all_predictors_lagged",2.08886287240426,2.37510683257739,0.207424833532409,0.213121064964769,0.207684871152597,-0.286243960173134,0.00543619381217168,1.29139195423186,1.50015596069727,9.54545454545454,9.81818181818182,1.54545454545455
2026-02-03,"all_predictors_lagged",1.64585224450369,1.8574388206056,0.159821426075155,0.22067394654174,0.216913072202965,-0.211586576101916,0.00376087433877524,1.52893544627955,1.69796105539147,9.63636363636364,9.90909090909091,1.45454545454545
2026-02-04,"all_predictors_lagged",0.199989152138898,0.388929389948073,0.150853962075585,0.220701493317221,0.219488487889911,-0.188940237809175,0.0012130054273096,1.39377954950955,1.63674154770889,9.54545454545454,9.81818181818182,1.45454545454545
2026-02-05,"all_predictors_lagged",0.512184597532847,0.697530542151981,0.216153417717855,0.21900277714676,0.216177853875458,-0.185345944619135,0.00282492327130137,1.25791346754833,1.54762392736512,9.72727272727273,9.63636363636364,1.36363636363636
2026-02-06,"all_predictors_lagged",1.24327817000927,1.40163492348685,1.24216935941476,0.219463102872856,0.218930740604949,-0.15835675347758,0.000532362267907716,1.34114720339225,1.51874836057678,9,10,1.45454545454545
2026-02-07,"all_predictors_lagged",1.60778011659261,2.10421453901095,0.239578019527407,0.218915653351726,0.216483263170125,-0.496434422418341,0.00243239018160057,1.55218806902946,1.7987951317332,8.63636363636364,8.90909090909091,1.27272727272727
2026-02-08,"all_predictors_lagged",0.198697424590701,0.213504972600531,0.202063679237887,0.224478341813599,0.223278065769918,-0.0148075480098293,0.00120027604368146,1.40048762105373,1.79773039076005,9.36363636363636,8.63636363636364,1.18181818181818
2026-02-09,"all_predictors_lagged",0.144365615072255,0.13834159765011,0.165301005474141,0.22657914748084,0.223775351240127,0.00602401742214504,0.0028037962407127,1.55622207705601,1.76636585957632,8.81818181818182,9.09090909090909,1.27272727272727
2026-02-10,"all_predictors_lagged",0.171815180326702,0.155104699992897,0.161434450892584,0.226287559190618,0.225151549952105,0.0167104803338046,0.00113600923851293,1.59371132542919,1.86609713514383,8.90909090909091,8.63636363636364,1.09090909090909
2026-02-11,"all_predictors_lagged",0.341063502953591,0.32443949795896,0.159228565313497,0.22947511564698,0.226825419950781,0.0166240049946307,0.00264969569619975,1.59859340147305,1.7325779038779,8.72727272727273,9.09090909090909,1.27272727272727
2026-02-12,"all_predictors_lagged",0.381860016014481,0.311763022996945,0.214631778557235,0.229123304186159,0.226255423775401,0.0700969930175357,0.00286788041075812,1.53444975541021,1.92750113713086,8.72727272727273,8.72727272727273,1
2026-02-13,"all_predictors_lagged",0.636463381103228,0.615368128488062,0.167426947080253,0.228163354382668,0.225498172817948,0.0210952526151666,0.00266518156471957,1.7007883877326,1.61324703404825,8.36363636363636,9.36363636363636,1.09090909090909
2026-02-14,"all_predictors_lagged",0.1990646811398,0.187873280642147,0.177119809772104,0.223353947327049,0.219005130004151,0.011191400497653,0.00434881732289775,1.59075263234158,1.65036794477952,8.36363636363636,9.18181818181818,1.09090909090909
2026-02-15,"all_predictors_lagged",0.130466921648214,0.11326401391962,0.168651460101069,0.219303805092732,0.215558168457441,0.0172029077285938,0.0037456366352907,1.5315632501746,1.58986624518434,8.72727272727273,9.36363636363636,1.27272727272727
2026-02-16,"all_predictors_lagged",0.154732654484982,0.139779410911344,0.167594819381157,0.214629178183252,0.211472070828769,0.0149532435736377,0.00315710735448316,1.53491326676562,1.7624689894429,9.18181818181818,9.45454545454546,1.45454545454545
2026-02-17,"all_predictors_lagged",0.266250773304982,0.247653595376513,0.151085226369625,0.216120170466745,0.209258752409364,0.0185971779284685,0.0068614180573805,1.74322885477993,1.8589548617961,8.90909090909091,8.90909090909091,1.36363636363636
2026-02-18,"all_predictors_lagged",0.14038888213835,0.199811911282454,0.162424953197483,0.20811409914984,0.202174474085919,-0.0594230291441035,0.00593962506392175,1.59321934018126,1.81953592580657,9.09090909090909,8.72727272727273,1
2026-02-19,"all_predictors_lagged",0.115645425841795,0.100822295821983,0.17198167590062,0.186985310410112,0.182158918547619,0.0148231300198123,0.00482639186249292,1.57854812640565,1.87341341769512,9.09090909090909,9.18181818181818,1.27272727272727
2026-02-20,"all_predictors_lagged",0.209520950350381,0.222904480519013,0.214363030196781,0.185629150503303,0.18080795300386,-0.0133835301686314,0.00482119749944282,1.56647251641283,1.80702200432482,9.09090909090909,9.63636363636364,1.09090909090909
2026-02-21,"all_predictors_lagged",0.170009508217027,0.170682580447914,0.244503232231335,0.188950236513282,0.186198014642021,-0.000673072230887456,0.00275222187126039,1.57828872634236,1.84101289266617,8.45454545454546,9,1
2026-02-22,"all_predictors_lagged",0.128954391265036,0.111341738194179,0.179739069519287,0.186957671322907,0.182988274845745,0.0176126530708576,0.00396939647716258,1.69550451114962,1.79099436026806,8.36363636363636,9.45454545454546,1.09090909090909
2026-02-23,"all_predictors_lagged",0.117954648065975,0.120069137548333,0.180183114354506,0.192261316476728,0.18797656227613,-0.00211448948235852,0.00428475420059829,1.67446410691587,1.89221335055916,8.45454545454546,8.90909090909091,1.09090909090909
2026-02-24,"all_predictors_lagged",0.249502423512045,0.260972596072769,0.143191598381715,0.178222143339281,0.175837948311906,-0.0114701725607243,0.00238419502737474,1.71440643472547,1.92065490917982,8.63636363636364,9.09090909090909,1.18181818181818
2026-02-25,"all_predictors_lagged",0.199829138320515,0.205848404136528,0.278844258450224,0.131990085651982,0.132034630947996,-0.00601926581601218,-0.0000445452960140214,1.37353967557493,1.78077721744165,8.90909090909091,9.63636363636364,1.18181818181818
2026-02-26,"all_predictors_lagged",0.566261439477805,0.39104748561423,0.171980497168182,0.13265433182581,0.130560925118905,0.175213953863575,0.00209340670690561,1.50155750532344,1.83912591133686,8.81818181818182,9.27272727272727,1.36363636363636
2026-02-27,"all_predictors_lagged",0.239369035195209,0.159181394931454,0.16033915482956,0.13730221313855,0.13315998436452,0.0801876402637557,0.00414222877403023,1.61968121493081,1.95094764641969,9.09090909090909,9.18181818181818,1.36363636363636
2026-02-28,"all_predictors_lagged",0.606840084442392,0.567574195464143,0.264907828212825,0.134414562006071,0.130330128834135,0.0392658889782488,0.00408443317193631,1.61389410834864,1.82056666426014,9,9.09090909090909,1.18181818181818
2026-03-01,"all_predictors_lagged",0.125631035150443,0.161202083266802,0.184945657928234,0.134682553052398,0.131535358054557,-0.0355710481163582,0.00314719499784133,1.4380788168618,1.91972267459264,9.09090909090909,9.45454545454546,1.36363636363636
2026-03-02,"all_predictors_lagged",0.124279886130902,0.104077546582451,0.1600856410747,0.136612457865089,0.131847893005003,0.0202023395484504,0.00476456486008653,1.57871349907051,1.80831628547602,8.72727272727273,9.36363636363636,1.27272727272727
2026-03-03,"all_predictors_lagged",0.408929274608717,0.429350814089408,0.268783650770265,0.134249943291583,0.130149387981649,-0.0204215394806914,0.00410055530993398,1.48743777881513,1.86614779835448,9.18181818181818,9.54545454545454,1.36363636363636
2026-03-04,"all_predictors_lagged",0.169643015007445,0.123082143254559,0.148564008107796,0.129986689018129,0.126373127680965,0.0465608717528856,0.00361356133716333,1.22533983192579,1.59093268520628,9.81818181818182,9.81818181818182,1.27272727272727
2026-03-05,"all_predictors_lagged",0.52831597109098,0.341586576267023,0.134948231467813,0.130306007759533,0.125740863072133,0.186729394823957,0.0045651446874007,1.35379573710762,1.48852187832211,9.36363636363636,9.81818181818182,1.27272727272727
2026-03-06,"all_predictors_lagged",0.114571491658069,0.119787684769773,0.161893721579069,0.131273511413742,0.124771820537287,-0.00521619311170349,0.0065016908764549,1.32838562924713,1.7194352162207,9.27272727272727,9.45454545454546,1.45454545454545
2026-03-07,"all_predictors_lagged",0.765473285543489,0.709237857794995,0.633916383240617,0.128844336907634,0.122112001937372,0.0562354277484933,0.00673233497026169,1.08953301218492,1.52863336907129,9.72727272727273,9.63636363636364,1.54545454545455
2026-03-08,"all_predictors_lagged",0.13177508485137,0.14870434088919,0.157488351731121,0.131722318085418,0.124476120874257,-0.0169292560378201,0.00724619721116187,0.970792434938032,1.49848493182864,10.0909090909091,10.1818181818182,1.72727272727273
2026-03-09,"all_predictors_lagged",0.117470826253036,0.0975101316102173,0.149648581048135,0.129240852968561,0.121030185964417,0.0199606946428186,0.00821066700414345,1.06233471950232,1.39436111682908,9.72727272727273,10,1.81818181818182
2026-03-10,"all_predictors_lagged",0.129676371437466,0.0956923515490464,0.148164386707423,0.12943515220989,0.121923205492201,0.03398401988842,0.00751194671768847,1.05239629859618,1.63152139651561,9.90909090909091,9.54545454545454,1.63636363636364
2026-03-11,"all_predictors_lagged",0.234796888106534,0.266174602217713,0.138479537460763,0.129977294286664,0.119129094345063,-0.0313777141111793,0.0108481999416006,1.09184477734542,1.51258164892059,9.81818181818182,9.45454545454546,1.63636363636364
2026-03-12,"all_predictors_lagged",0.0879206111668122,0.973500682535882,0.140580919722511,0.122667718063621,0.112387813394732,-0.88558007136907,0.010279904668889,1.22559563986953,1.41420145157822,10,9.63636363636364,1.45454545454545
2026-03-13,"all_predictors_lagged",0.126009509970055,0.260805273922783,0.128641497643615,0.122852366972965,0.113436943962561,-0.134795763952728,0.00941542301040362,1.17516092681802,1.49278699929952,9.27272727272727,9.45454545454546,1.54545454545455
2026-03-14,"all_predictors_lagged",0.164626840899627,0.203305247181391,0.133897165451159,0.122767297044255,0.114830812702319,-0.038678406281764,0.00793648434193585,1.32164418455876,1.30313970776342,9,10.0909090909091,1.54545454545455
2026-03-15,"all_predictors_lagged",0.136069560381568,0.189025673012535,0.171276823602751,0.121630658737533,0.114503143734089,-0.052956112630967,0.00712751500344314,1.00580440937174,1.27109863607375,10.0909090909091,10.1818181818182,1.45454545454545
2026-03-16,"all_predictors_lagged",0.141828398552472,0.169074364875904,0.178516055335368,0.121949855691202,0.114760842729973,-0.0272459663234323,0.00718901296122899,1.11523828774112,1.34072264572543,9.45454545454546,9.72727272727273,1.45454545454545
2026-03-17,"all_predictors_lagged",0.161088310538069,0.550756482154336,0.205211761708481,0.121921655772148,0.113776842743817,-0.389668171616267,0.00814481302833094,1.20858969099649,1.15397307961876,8.72727272727273,9.90909090909091,1.45454545454545
2026-03-18,"all_predictors_lagged",0.24546403688246,0.294928274826664,0.222215476076155,0.120681211624012,0.113481563526694,-0.0494642379442044,0.0071996480973186,1.14271151125007,1.34657834213016,9.63636363636364,9.36363636363636,1.63636363636364
2026-03-19,"all_predictors_lagged",0.206150305899687,0.145941940128937,0.137775487753317,0.120452136159714,0.114085502734122,0.06020836577075,0.00636663342559264,1.08242645153074,1.41867073756317,8.63636363636364,8.81818181818182,1.54545454545455
2026-03-20,"all_predictors_lagged",0.0992491185608102,0.736635694755609,0.111499884400172,0.120660289937756,0.113101415169427,-0.637386576194798,0.00755887476832966,0.948187414519073,1.32653433974013,9.36363636363636,9.45454545454546,1.81818181818182
2026-03-21,"all_predictors_lagged",0.21591267936757,0.151692399931711,0.121611989386683,0.123126836782775,0.115497948297882,0.0642202794358591,0.00762888848489262,0.934604931769535,1.14656485965034,9.27272727272727,9.63636363636364,1.90909090909091
2026-03-22,"all_predictors_lagged",0.178316993654146,0.360427230870063,0.108370876533995,0.124467416622788,0.115623506824089,-0.182110237215917,0.00884390979869915,1.1798837544863,0.992386047214396,9.09090909090909,10.4545454545455,1.90909090909091
2026-03-23,"all_predictors_lagged",0.205765760915755,0.17407425589602,0.12268057167415,0.103539737030455,0.09593945795857,0.0316915050197356,0.00760027907188544,0.869086091484322,1.17713449152993,9.36363636363636,9.63636363636364,2
2026-03-24,"all_predictors_lagged",0.167027403344865,0.105664990277731,0.124584530716622,0.106680336308305,0.0982463804462064,0.0613624130671339,0.00843395586209863,0.943946959608397,1.29015075532622,9.81818181818182,9.54545454545454,1.72727272727273
2026-03-25,"all_predictors_lagged",0.178951340810602,0.221948018859824,0.152244849329773,0.105978866413294,0.0975587642977821,-0.0429966780492223,0.00842010211551216,1.00192726060011,1.28493925976762,9.27272727272727,9.27272727272727,1.63636363636364
2026-03-26,"all_predictors_lagged",0.114273486942919,0.0768939532767769,0.154050218080896,0.106706353911204,0.0999955997728891,0.037379533666142,0.00671075413831501,0.92540796959765,1.30442733497322,9.63636363636364,9.45454545454546,1.81818181818182
2026-03-27,"all_predictors_lagged",0.166170784311172,0.142047745059465,0.113783449241829,0.107707129616452,0.0998808198513394,0.0241230392517062,0.00782630976511265,0.954141392807762,1.21422701274018,9.36363636363636,9.90909090909091,1.72727272727273
2026-03-28,"all_predictors_lagged",0.163424912908566,0.10003249526758,0.111641317388397,0.107775086464073,0.100560617483561,0.0633924176409856,0.00721446898051243,0.935359221232076,1.27878846763048,9.45454545454546,9.81818181818182,1.81818181818182
2026-03-29,"all_predictors_lagged",0.150339477965107,0.146338771374559,0.0972840059453439,0.109087969491437,0.100127673753023,0.00400070659054856,0.00896029573841453,0.930461068334155,1.17869881060314,9.27272727272727,10.4545454545455,1.90909090909091
2026-03-30,"all_predictors_lagged",0.0885905594201074,0.0665534597944404,0.091968664413282,0.11010096965742,0.102340781570147,0.022037099625667,0.0077601880872733,0.890136943364116,1.10959057364501,9.63636363636364,10.1818181818182,1.81818181818182
2026-03-31,"all_predictors_lagged",0.23096643531971,0.111152551007718,0.107039144852266,0.111625666566527,0.102801647582354,0.119813884311991,0.00882401898417314,0.995697149597887,1.2272005840996,9.36363636363636,10,1.72727272727273
2026-04-01,"all_predictors_lagged",0.306209459218076,0.479081422687327,0.160372767016383,0.11245632298074,0.103438249578639,-0.172871963469251,0.00901807340210044,0.880502110959837,1.25896705445691,9.72727272727273,9.54545454545454,1.63636363636364
2026-04-02,"all_predictors_lagged",0.439540184483298,0.328336581516918,0.119531970057111,0.11734103970717,0.107305355612436,0.11120360296638,0.0100356840947343,0.919277859899658,1.08547397936178,10.0909090909091,10,1.72727272727273
2026-04-03,"all_predictors_lagged",0.139016404364907,0.0903676865260299,0.124393919804929,0.118179242725188,0.108188166331381,0.048648717838877,0.00999107639380675,0.950036628505486,1.10969876310828,9.63636363636364,10.1818181818182,1.63636363636364
2026-04-04,"all_predictors_lagged",0.621592698020434,0.75803343717877,0.325244451805453,0.118725054657005,0.107860973024234,-0.136440739158335,0.0108640816327707,1.19326354016129,1.26820756349219,8.81818181818182,9.54545454545454,1.45454545454545
2026-04-05,"all_predictors_lagged",0.198266147257619,0.0917831894648536,0.137396369440163,0.119657163461533,0.110326495296681,0.106482957792765,0.00933066816485217,1.03003733974631,1.13563752413057,9.54545454545454,9.72727272727273,1.63636363636364
2026-04-06,"all_predictors_lagged",0.0995209595399665,0.0765620735094652,0.129266830362875,0.120468303390052,0.11061337485541,0.0229588860305013,0.0098549285346417,0.951921769807378,1.11975841176036,10.1818181818182,9.63636363636364,1.63636363636364
2026-04-07,"all_predictors_lagged",0.0995619617936105,0.131368427433212,0.144898703371968,0.120092237355938,0.112142574900367,-0.0318064656396014,0.0079496624555705,1.01068823095916,1.37191128202183,9.45454545454546,9,1.54545454545455
2026-04-08,"all_predictors_lagged",0.505087136173644,0.397571106776487,0.238330951783419,0.118069580443587,0.110496883429641,0.107516029397156,0.00757269701394574,0.928518678764498,1.20437697541284,9.81818181818182,9.63636363636364,1.72727272727273
2026-04-09,"all_predictors_lagged",3.65952072384633,3.83419140715835,3.83539036660972,0.117170026241894,0.106128094230502,-0.174670683312021,0.0110419320113918,1.16428648410776,1.22299548005419,9.36363636363636,10.0909090909091,2
2026-04-10,"all_predictors_lagged",0.35314397233032,0.515553876890646,0.108561541191448,0.129193580747822,0.118149848049158,-0.162409904560326,0.0110437326986647,1.16187720112297,1.31075635958327,8.45454545454546,9.45454545454546,1.81818181818182
2026-04-11,"all_predictors_lagged",0.57993958374594,0.564125220687844,0.402922038894995,0.12865492275933,0.118985116200037,0.0158143630580962,0.00966980655929256,1.49017925756833,1.33831489967905,8.18181818181818,9.09090909090909,1.72727272727273
2026-04-12,"all_predictors_lagged",0.449862835552869,0.222973398582881,0.137826825227327,0.13175844023156,0.118139847329624,0.226889436969989,0.013618592901936,1.13154313257707,1.22504336321659,8.90909090909091,9.63636363636364,1.72727272727273
2026-04-13,"all_predictors_lagged",0.182677693091931,0.0885890782754281,0.127809970765447,0.131821855864324,0.120749656728398,0.0940886148165032,0.0110721991359265,1.10250541431016,1.40003796972973,8.81818181818182,9.54545454545454,1.72727272727273
2026-04-14,"all_predictors_lagged",0.190216290396058,0.148174921553307,0.172346779628125,0.131859149269602,0.119227109038288,0.0420413688427511,0.0126320402313144,0.920155398724271,1.42636015503222,9.54545454545454,9.18181818181818,1.63636363636364
2026-04-15,"all_predictors_lagged",0.180131746262488,0.14461167561709,0.120687802167415,0.135546825300097,0.119773833480768,0.035520070645398,0.0157729918193294,1.37939363068651,1.34783834963015,8.72727272727273,9.81818181818182,1.90909090909091
2026-04-16,"all_predictors_lagged",0.126369968362697,0.1295207146485,0.11949159490455,0.135286722576883,0.119501794466786,-0.00315074628580275,0.0157849281100965,1.23751309802388,1.34182050849835,9,9.90909090909091,1.90909090909091
2026-04-17,"all_predictors_lagged",0.148819770880953,0.211579437103359,0.108159303552753,0.136951127789084,0.122966940609184,-0.0627596662224068,0.0139841871799,1.370475757085,1.63003785773151,8,9.27272727272727,1.90909090909091
2026-04-18,"all_predictors_lagged",0.416550784340111,0.085977016181836,0.131938313033102,0.136747909492869,0.124359881062391,0.330573768158275,0.0123880284304789,0.935688623568352,1.55011650358101,9.45454545454546,9.81818181818182,1.90909090909091
2026-04-19,"all_predictors_lagged",0.145327867374481,0.234730476888275,0.106019291576743,0.134758367973529,0.121321914669061,-0.0894026095137943,0.0134364533044678,1.43218315535451,1.59807903007772,9,9.18181818181818,1.81818181818182
2026-04-20,"all_predictors_lagged",0.0858362284266714,0.0747519560361342,0.104528496233699,0.132693612660378,0.120476151404074,0.0110842723905373,0.0122174612563046,1.02788881231486,1.36689507278494,9,9.54545454545454,1.63636363636364
2026-04-21,"all_predictors_lagged",0.102368177686621,0.0774434345946304,0.112147889038594,0.128910456330965,0.117466586378708,0.0249247430919904,0.0114438699522568,1.07718029177597,1.46974564846109,9.45454545454546,9.45454545454546,1.45454545454545
2026-04-22,"all_predictors_lagged",0.087202042817806,0.100848066240324,0.119725424153353,0.130183902282734,0.118447776070838,-0.0136460234225184,0.0117361262118956,1.18878395407357,1.53816966149325,9.09090909090909,9.09090909090909,1.36363636363636
2026-04-23,"all_predictors_lagged",0.72228559063753,0.469538618220445,0.435246574748742,0.127143727509957,0.116670921550439,0.252746972417085,0.0104728059595178,1.02165160252209,1.37979585991586,9,9.18181818181818,1.36363636363636
2026-04-24,"all_predictors_lagged",3.33204597326656,2.267427657781,0.339093503338905,0.128306673460544,0.118709803343271,1.06461831548556,0.00959687011727294,1.13344693056653,1.54138693068145,8.90909090909091,8.90909090909091,1.36363636363636
2026-04-25,"all_predictors_lagged",0.215406487074396,0.218278331443727,0.133834465421143,0.13873669845121,0.130311149086029,-0.00287184436933019,0.00842554936518071,0.976725125203,1.40928199618294,9.72727272727273,9.18181818181818,1.54545454545455
2026-04-26,"all_predictors_lagged",0.111220878374705,0.144458607802382,0.136690051218619,0.137149451772339,0.132814390638662,-0.0332377294276777,0.00433506113367703,1.0233550624151,1.38487958319039,9.27272727272727,9.36363636363636,1.27272727272727
2026-04-27,"all_predictors_lagged",0.138227240354718,0.217242168272738,0.16548929643989,0.142085971285668,0.137390797246556,-0.0790149279180204,0.00469517403911175,2.26290743157466,1.44082346927032,9,8.90909090909091,1.54545454545455
2026-04-28,"all_predictors_lagged",0.177650743141373,0.192858995941862,0.160205208442878,0.143718105714586,0.13593010057624,-0.0152082528004886,0.00778800513834619,1.11351888464748,1.26923331015936,8.63636363636364,9.45454545454546,1.72727272727273
2026-04-29,"all_predictors_lagged",0.137239445648947,0.132003289876019,0.112638889278203,0.148267539957192,0.141341349690058,0.00523615577292802,0.00692619026713329,1.09525515829294,1.2105315600841,9,9.45454545454546,1.45454545454545
2026-04-30,"all_predictors_lagged",0.0877898585214235,0.180368738862819,0.131764297680038,0.146994665712858,0.139508159583794,-0.0925788803413952,0.00748650612906443,1.26179553905,1.35812226880855,8.18181818181818,9.09090909090909,1.63636363636364
2026-05-01,"all_predictors_lagged",0.22251901741527,0.366466616050121,0.110399455678111,0.144386629084758,0.134931183738772,-0.143947598634851,0.00945544534598615,1.31035042174104,1.41360593302846,7.72727272727273,9.18181818181818,1.54545454545455
2026-05-02,"all_predictors_lagged",0.186192724382364,0.40426992751341,0.153112696024728,0.141872491213965,0.132725891800762,-0.218077203131046,0.00914659941320254,1.26269429635368,1.13437441966306,8.54545454545454,10.0909090909091,1.63636363636364
2026-05-03,"all_predictors_lagged",0.110503719188344,0.0884187504637752,0.105038271923994,0.141077910173423,0.129413811782994,0.022084968724569,0.0116640983904292,0.950802848886598,1.26820898641952,9.90909090909091,10,1.72727272727273
2026-05-04,"all_predictors_lagged",0.105227495988483,0.0570766026993724,0.0936648295441316,0.142967561966333,0.133500153309938,0.048150893289111,0.00946740865639508,0.877768737305404,1.32132538740544,10.0909090909091,9.90909090909091,1.63636363636364
2026-05-05,"all_predictors_lagged",0.209568452359177,0.659985376107249,0.117710466596767,0.143293877337078,0.13234104024567,-0.450416923748072,0.0109528370914078,0.823821280809766,1.29220462176024,10.0909090909091,9.90909090909091,1.81818181818182
2026-05-06,"all_predictors_lagged",0.0858483787383979,0.096825028757649,0.0947725902728199,0.145759501908,0.137092166567132,-0.0109766500192511,0.00866733534086822,0.977357537002887,1.65781046650618,9.27272727272727,9.36363636363636,1.90909090909091
2026-05-07,"all_predictors_lagged",0.176389820021355,0.173755367305675,0.0934673135295912,0.142305394293709,0.136996093002944,0.0026344527156803,0.00530930129076455,0.997301460504295,1.56647129496166,9.72727272727273,9.36363636363636,1.72727272727273
2026-05-08,"all_predictors_lagged",0.126697852976901,0.116390674320319,0.109257742900769,0.13248134423953,0.128973169862061,0.0103071786565822,0.00350817437746862,1.14395443888683,1.05095699638218,10,10.9090909090909,1.90909090909091
2026-05-09,"all_predictors_lagged",0.0741874369076477,0.0914653857375233,0.0973814864264938,0.131284097206431,0.124063668754354,-0.0172779488298756,0.00722042845207704,0.979716489905928,1.06360137078168,9.72727272727273,10.4545454545455,1.90909090909091
2026-05-10,"all_predictors_lagged",0.0823931215008795,0.090072546304569,0.103660380761444,0.12975671933247,0.124013199999125,-0.00767942480368958,0.00574351933334449,1.01800963304499,1.06922227741299,10.0909090909091,10.5454545454545,1.81818181818182
2026-05-11,"all_predictors_lagged",0.0946123356159591,0.0791621637471176,0.112737974893359,0.128587051759582,0.122631170683545,0.0154501718688415,0.00595588107603691,0.925891023171404,1.04878335674105,10.7272727272727,10.8181818181818,1.81818181818182
2026-05-12,"all_predictors_lagged",0.290503666340833,0.277221796584838,0.292787684977344,0.129774324148129,0.123057244447596,0.0132818697559945,0.0067170797005329,1.16613808165269,1.08697175135965,9.54545454545454,10.8181818181818,1.90909090909091
2026-05-13,"all_predictors_lagged",0.471204577810325,0.560519553913621,0.225677545730595,0.129259341641205,0.125612897295303,-0.0893149761032962,0.00364644434590171,0.965803611708228,1.36375944013275,10,9.90909090909091,1.81818181818182
2026-05-14,"all_predictors_lagged",0.319049035599568,0.176989204945071,0.211222506010407,0.130469512437756,0.123293574636774,0.142059830654498,0.007175937800982,0.957468070365055,1.25721239052634,10.1818181818182,10.1818181818182,1.63636363636364
2026-05-15,"all_predictors_lagged",0.169657891410324,0.0983964555489408,0.188075289763308,0.12930759845407,0.117155943852184,0.0712614358613836,0.0121516546018857,0.872840342711221,1.00694805722513,9.81818181818182,10.9090909090909,1.63636363636364
2026-05-16,"all_predictors_lagged",0.20078157870789,0.197654728297611,0.151737217580117,0.129180521453802,0.118396324734834,0.00312685041027905,0.0107841967189674,0.954614582684028,1.18923517725467,9.90909090909091,10.3636363636364,1.45454545454545
2026-05-17,"all_predictors_lagged",0.0956837733344346,0.0528203550165444,0.116219350624162,0.126414613710091,0.120626467497929,0.0428634183178902,0.00578814621216193,1.00927700250993,1.34020645305626,9.63636363636364,9.81818181818182,1.45454545454545
2026-05-18,"all_predictors_lagged",1.0747578277087,1.25228961835572,0.966539655533716,0.129558388413385,0.120950481386714,-0.177531790647017,0.00860790702667124,0.960442462094422,1.12656333212281,9.81818181818182,10.1818181818182,1.54545454545455
2026-05-19,"all_predictors_lagged",0.371319382729845,0.320937954694101,0.162986443448833,0.131291665964903,0.127025402655763,0.0503814280357445,0.00426626330913994,0.873875927685107,1.18576429092936,10.0909090909091,9.72727272727273,1.45454545454545
2026-05-20,"all_predictors_lagged",0.19777140852291,0.222094873135654,0.223848555090957,0.132389092729642,0.127616483583617,-0.0243234646127447,0.00477260914602562,1.09451753411654,1.22916742774927,9.54545454545454,9.45454545454546,1.54545454545455
2026-05-21,"all_predictors_lagged",0.196138098849258,0.0969045012671192,0.205345949878536,0.131198578670919,0.127257968514703,0.0992335975821385,0.0039406101562156,0.785140885333725,1.10631934792569,10.1818181818182,10.0909090909091,1.63636363636364
2026-05-22,"all_predictors_lagged",0.138450961970831,0.114927604109541,0.155436508651642,0.13247821030035,0.128970015023795,0.0235233578612905,0.00350819527655501,1.02165003780321,1.0710667697276,9.63636363636364,10.5454545454545,1.54545454545455
2026-05-23,"all_predictors_lagged",0.218847438759392,0.211753739008529,0.221695563188055,0.131325800816824,0.128660725609283,0.00709369975086324,0.0026650752075409,0.831424464932462,0.985431821412765,10.2727272727273,11,1.45454545454545
2026-05-24,"all_predictors_lagged",0.268175567687052,0.111605060300092,0.232946760565847,0.134103490111793,0.132333502217994,0.156570507386959,0.00176998789379895,1.31596197725136,0.986355209477032,9.18181818181818,11,1.45454545454545
2026-05-25,"all_predictors_lagged",0.235612108985044,0.145846709489025,0.320008052586739,0.135907479894047,0.130059602131789,0.0897653994960187,0.00584787776225735,1.08491157378902,1.27410662735043,9.45454545454546,10.0909090909091,1.36363636363636
2026-05-26,"all_predictors_lagged",0.107224114270059,0.0927221977745579,0.111093719430903,0.137179680120176,0.132078501471523,0.0145019164955013,0.00510117864865262,0.950350391629364,1.22396671300048,10.0909090909091,10.7272727272727,1.81818181818182
2026-05-27,"all_predictors_lagged",0.288888757059473,0.251463737218283,0.316928814194981,0.136763698261192,0.131921795806492,0.0374250198411897,0.00484190245470005,0.862008957127626,1.14224436963464,10.4545454545455,10.6363636363636,1.63636363636364
2026-05-28,"all_predictors_lagged",0.345972090819334,0.28396592270441,0.294298654398095,0.135951116647402,0.130348722465318,0.0620061681149235,0.00560239418208428,1.01166461824467,1.30538582658669,10,10,1.36363636363636
2026-05-29,"all_predictors_lagged",0.115255563836182,0.231159838619673,0.110173263691166,0.138528134803354,0.137590761932522,-0.115904274783491,0.000937372870832678,0.891256440773124,1.16484588581455,10,10.0909090909091,1.81818181818182
2026-05-30,"all_predictors_lagged",0.287213277391152,0.315708349196801,0.0973323579193567,0.138499766040658,0.133987801351829,-0.0284950718056491,0.00451196468882931,1.01265854846059,1.32883824910648,9.36363636363636,9.81818181818182,1.63636363636364
2026-05-31,"all_predictors_lagged",0.340166899629132,0.203743302096013,0.641013860331119,0.139147765299735,0.135981340368208,0.136423597533119,0.00316642493152697,0.771550227601824,1.09180793795981,10.2727272727273,11.0909090909091,1.72727272727273
2022-04-02,"same_day_conditional",0.148886732652488,0.0959521511930838,0.0986252316338695,0.0924449966182192,0.0864367960502612,0.0529345814594038,0.00600820056795792,1.03851168066477,1.25657024818346,9.72727272727273,10.1818181818182,1.81818181818182
2022-04-03,"same_day_conditional",0.143510915883935,0.162900618917691,0.0600477888728704,0.0936016389247674,0.0871988461427776,-0.0193897030337563,0.00640279278198979,1.03327062133356,1.29613342663153,10,10.4545454545455,1.81818181818182
2022-04-04,"same_day_conditional",0.161470273843329,0.263415631579095,0.160918274573127,0.0931118747193187,0.0853528054279305,-0.101945357735766,0.00775906929138814,0.96804662244591,1.12937717563729,10.2727272727273,10.7272727272727,1.81818181818182
2022-04-05,"same_day_conditional",0.101125370459406,0.0883232398788471,0.0716450273229113,0.0937381329496493,0.0878048541446255,0.0128021305805588,0.00593327880502384,0.989443006311612,1.29246972571051,10.0909090909091,10,1.81818181818182
2022-04-06,"same_day_conditional",0.184584082975582,0.166210478624479,0.150305507033318,0.0955007397948068,0.0898099600222376,0.0183736043511028,0.00569077977256916,0.902226388423927,1.21866058983532,10.3636363636364,10,1.81818181818182
2022-04-07,"same_day_conditional",0.0723371628562454,0.112870082955029,0.0502492547222049,0.0952404470257104,0.0890418291918218,-0.040532920098784,0.00619861783388857,1.00798277658733,1.31799827163149,9.54545454545454,9.18181818181818,1.72727272727273
2022-04-08,"same_day_conditional",0.261113342759951,0.284657339605769,0.244340677462128,0.0927721837720101,0.086788410026983,-0.0235439968458177,0.00598377374502716,0.903639648504335,1.31797624869429,9.72727272727273,9.72727272727273,1.72727272727273
2022-04-09,"same_day_conditional",0.203894690959064,0.187407088969042,0.139328323991127,0.0923145285173625,0.0864609634817127,0.016487601990022,0.0058535650356498,0.908611482066177,1.46063776999919,9.36363636363636,9.81818181818182,1.81818181818182
2022-04-10,"same_day_conditional",0.0763038157651185,0.076013452054424,0.121641469723349,0.0894156954587736,0.0854651752218483,0.00029036371069455,0.00395052023692539,1.12360063614469,1.49811447827916,9.09090909090909,8.54545454545454,1.63636363636364
2022-04-11,"same_day_conditional",0.29227830655925,0.264740668145366,0.125623100162135,0.0881938613232422,0.0830443431738188,0.0275376384138848,0.00514951814942338,0.99496679036042,1.19251740440103,9.36363636363636,8.81818181818182,1.45454545454545
2022-04-12,"same_day_conditional",0.137827357696441,0.178448139468038,0.115238729038153,0.0881655802193426,0.083057330145213,-0.040620781771597,0.00510825007412956,0.930279489321886,1.45335711153843,9.72727272727273,9,1.63636363636364
2022-04-13,"same_day_conditional",0.221187159525656,0.26788954583539,0.161290966320166,0.0895897636308993,0.0834937196940587,-0.0467023863097343,0.00609604393684052,1.00968403388155,1.4488522641464,9.90909090909091,10.1818181818182,1.72727272727273
2022-04-14,"same_day_conditional",0.074793773017892,0.097630652077026,0.110184626625829,0.088877537672136,0.084722109148788,-0.022836879059134,0.00415542852334794,0.963346319629568,1.4987413202992,9.81818181818182,9.63636363636364,1.63636363636364
2022-04-15,"same_day_conditional",0.109004432368276,0.096264423821081,0.083724804798099,0.0874343678646933,0.0835119633632227,0.0127400085471952,0.00392240450147063,0.766611455110094,1.35589547104158,10.6363636363636,10,2
2022-04-16,"same_day_conditional",0.0756627062786078,0.0651580896955654,0.0760856753968464,0.087729054061303,0.085546506247602,0.0105046165830424,0.00218254781370107,1.02128766313968,1.51546814042335,9.63636363636364,8.81818181818182,1.63636363636364
2022-04-17,"same_day_conditional",0.301200602273395,0.233669012255612,0.140609144643457,0.0883498888974528,0.0846221439841046,0.0675315900177828,0.00372774491334824,1.07623302261414,1.46959964187754,9.72727272727273,9.90909090909091,2.09090909090909
2022-04-18,"same_day_conditional",0.134444264336067,0.128303709750355,0.143605585518666,0.089883349890763,0.085042245411946,0.00614055458571166,0.00484110447881698,1.06965338620752,1.15167000680753,9.45454545454546,10.4545454545455,2
2022-04-19,"same_day_conditional",0.0676546940410585,0.0646993682587103,0.0844525966130902,0.0923107606162694,0.0873781936730892,0.00295532578234814,0.0049325669431802,1.0113167398162,1.39576917347969,9.27272727272727,9.36363636363636,1.36363636363636
2022-04-20,"same_day_conditional",0.0994429797890103,0.238522599092163,0.0527723785670493,0.0913028360495723,0.0863911319640826,-0.139079619303153,0.00491170408548971,0.893821753526015,1.33461872234638,9.90909090909091,9.90909090909091,1.54545454545455
2022-04-21,"same_day_conditional",0.134712299511282,0.0518632474169175,0.0569516659993338,0.0921955532254545,0.0880575356911536,0.0828490520943647,0.00413801753430093,1.24005034639912,1.48958621513008,8.72727272727273,9.18181818181818,1.45454545454545
2022-04-22,"same_day_conditional",0.0880304459755986,0.111719598770574,0.0782373909115631,0.0915407870989809,0.0860515567822458,-0.023689152794975,0.00548923031673509,1.05091265338242,1.30615909159524,9.36363636363636,9.72727272727273,1.72727272727273
2022-04-23,"same_day_conditional",0.213908030281059,0.101437595336562,0.0683672647940002,0.0915137506565647,0.0864734970578185,0.112470434944497,0.00504025359874619,0.893708300655937,1.10063740053156,9.63636363636364,10.1818181818182,1.72727272727273
2022-04-24,"same_day_conditional",0.0684325840437347,0.096937974297397,0.0979452334048274,0.092467737229588,0.0865576373070483,-0.0285053902536622,0.00591009992253965,0.960292261610359,1.07138902294103,8.90909090909091,10,1.63636363636364
2022-04-25,"same_day_conditional",0.134873152999483,0.161092383880017,0.0857475169997128,0.0917529715463542,0.0863983658809747,-0.0262192308805346,0.00535460566537959,1.02912523002441,1.12400423432931,8.81818181818182,9.81818181818182,1.63636363636364
2022-04-26,"same_day_conditional",0.0563252846585583,0.0521948203774149,0.0763706710104552,0.0922181672499175,0.0860135220022134,0.00413046428114337,0.00620464524770402,0.740368213307619,0.947714061049749,9.90909090909091,10,1.72727272727273
2022-04-27,"same_day_conditional",0.847831046877647,0.763162098293808,0.562884311502367,0.0887871492428035,0.0847874261401886,0.0846689485838391,0.00399972310261496,0.846693915943185,1.03422065476684,9.63636363636364,9.63636363636364,1.54545454545455
2022-04-28,"same_day_conditional",0.703014488964191,0.678106759337063,0.526475828174794,0.0907511515912643,0.0880469738267522,0.0249077296271281,0.0027041777645121,0.663214110015678,1.17917544387679,9.18181818181818,9.45454545454546,1.72727272727273
2022-04-29,"same_day_conditional",0.362506890875827,0.261381696694976,0.139322114940133,0.0893925894841402,0.0872989182963217,0.101125194180851,0.00209367118781853,0.683579532116038,0.916996244707384,9.90909090909091,10.5454545454545,1.90909090909091
2022-04-30,"same_day_conditional",0.471520305538983,0.660779436247975,0.50143968640907,0.0908248818063302,0.0889155684963432,-0.189259130708992,0.00190931330998703,0.858298060677388,0.991535410758895,9.63636363636364,10.3636363636364,1.81818181818182
2022-05-01,"same_day_conditional",0.0669427226191892,0.0848043785728818,0.107730713200638,0.0915868326436303,0.0910621481195382,-0.0178616559536927,0.000524684524092033,0.774146669499015,0.941213527288061,9.90909090909091,10.7272727272727,1.72727272727273
2022-05-02,"same_day_conditional",0.822574561067812,0.801863991989268,0.788385076202904,0.0917703071077669,0.0901889254812253,0.0207105690785443,0.00158138162654153,0.809729657045349,1.04796056584453,9.72727272727273,10.3636363636364,1.72727272727273
2022-05-03,"same_day_conditional",0.92531462882073,0.944716233522363,0.873259910505924,0.0992872455610306,0.0983433602477882,-0.0194016047016336,0.000943885313242477,0.802232483882112,1.03713730154195,9.90909090909091,10.8181818181818,1.81818181818182
2022-05-04,"same_day_conditional",0.469492552808172,0.108629374848616,0.570769147398967,0.104369368222611,0.102204955062057,0.360863177959556,0.00216441316055389,0.713113616328331,0.888378472147907,9.90909090909091,11.3636363636364,1.72727272727273
2022-05-05,"same_day_conditional",0.162557654816763,0.268003831976148,0.0997080449167994,0.108439913481424,0.10420245729827,-0.105446177159385,0.00423745618315395,0.789371849713302,1.01787845020775,10,10.3636363636364,1.72727272727273
2022-05-06,"same_day_conditional",0.279184113001604,0.381676346368558,0.372809063655515,0.108645275917868,0.104467151051771,-0.102492233366953,0.00417812486609747,0.831024258614264,0.939411372133582,9.81818181818182,11.1818181818182,2
2022-05-07,"same_day_conditional",0.0641867869672716,0.0828854531297064,0.385331395586982,0.104295477518638,0.101975875206719,-0.0186986661624348,0.00231960231191905,0.918445631107171,1.16273523177815,10.4545454545455,10.5454545454545,1.63636363636364
2022-05-08,"same_day_conditional",0.115291660227042,0.108911944968763,0.121736219543157,0.105588370084146,0.102872524202967,0.00637971525827955,0.00271584588117809,0.939490874167489,1.3140336532608,10.2727272727273,9.63636363636364,1.36363636363636
2022-05-09,"same_day_conditional",0.117885082898855,0.104905285002308,0.162246185857085,0.104950750406226,0.100328417026771,0.0129797978965469,0.00462233337945456,1.07372065019957,0.96063791339349,9.72727272727273,10.4545454545455,1.54545454545455
2022-05-10,"same_day_conditional",0.610001030791871,0.551086511173263,0.595218139602362,0.102326079552123,0.0981879446733714,0.0589145196186087,0.00413813487875181,0.957183370792823,1.01170986497082,9.63636363636364,10.0909090909091,1.36363636363636
2022-05-11,"same_day_conditional",0.0890007977973649,0.943319409112629,0.116568422489177,0.105522186133273,0.102741082149498,-0.854318611315264,0.00278110398377447,1.06058835708465,1.50851742914881,9.90909090909091,9.90909090909091,1.18181818181818
2022-05-12,"same_day_conditional",0.394414739324162,2.11543943473081,0.456307259885852,0.103772185881226,0.102557804067771,-1.72102469540664,0.00121438181345466,1.04278722194114,1.2703876598748,9.45454545454546,10.0909090909091,1.63636363636364
2022-05-13,"same_day_conditional",0.792967465920235,3.96862690788614,0.38729313391028,0.10380597261755,0.101030706515392,-3.1756594419659,0.00277526610215732,0.94809375952281,0.971000099326674,9.63636363636364,11.0909090909091,1.90909090909091
2022-05-14,"same_day_conditional",0.359329124609087,0.35106518493267,0.208211100838234,0.104763717735153,0.101534432761558,0.00826393967641726,0.00322928497359466,0.803523872967558,1.30741395887645,10.2727272727273,10.6363636363636,1.72727272727273
2022-05-15,"same_day_conditional",0.311728173731301,0.853081802687469,0.239429219623844,0.106581646511433,0.10139662019973,-0.541353628956168,0.00518502631170348,0.90713761031098,1.56115434613976,10.0909090909091,9.90909090909091,1.72727272727273
2022-05-16,"same_day_conditional",0.460251285578203,0.282288551242223,0.215349229468467,0.105771218606844,0.0991702538831,0.177962734335981,0.006600964723744,0.846277479123637,1.24302712919226,10.0909090909091,10.7272727272727,1.54545454545455
2022-05-17,"same_day_conditional",0.225565659764896,0.230910117974885,0.357831071505921,0.106217101669229,0.0988993236611216,-0.00534445820998939,0.00731777800810772,0.796260593682552,1.29037813753095,10.1818181818182,10.9090909090909,1.81818181818182
2022-05-18,"same_day_conditional",0.108677587295726,0.0729424839630901,0.170790968872736,0.105593929291978,0.0980814547601591,0.0357351033326362,0.00751247453181927,0.820499061846453,1.18436839477858,10.9090909090909,11,1.90909090909091
2022-05-19,"same_day_conditional",0.412921165712314,0.222385044689289,0.182991039993701,0.105833194460348,0.0987263551715255,0.190536121023025,0.00710683928882204,0.683625227452015,1.14446691090181,11,10.8181818181818,1.81818181818182
2022-05-20,"same_day_conditional",0.104027801493259,0.173493687061394,0.222529924822673,0.107683486721412,0.0999975836206337,-0.069465885568135,0.00768590310077845,0.853815808949459,1.23108100469855,9.81818181818182,10.8181818181818,1.90909090909091
2022-05-21,"same_day_conditional",0.103989409491134,0.0805284336599262,0.165006270805489,0.107302477878957,0.0992021927994567,0.023460975831208,0.00810028507950072,1.09065777258827,1.1567533479895,9.63636363636364,10.9090909090909,2
2022-05-22,"same_day_conditional",0.0862178105156234,0.076044294574565,0.167164685088892,0.10670504433598,0.0996225568115649,0.0101735159410585,0.00708248752441471,1.02773984127127,1.21960056411886,9.81818181818182,10.2727272727273,1.81818181818182
2022-05-23,"same_day_conditional",0.0701043439864403,0.112143361707616,0.125845655632562,0.105745813824222,0.0992179410119894,-0.0420390177211761,0.00652787281223264,0.991550177573028,1.33793161920156,9.63636363636364,10.1818181818182,1.81818181818182
2022-05-24,"same_day_conditional",0.0494911884400734,0.0711564601781628,0.137443936406411,0.105218006727738,0.0965549685367014,-0.0216652717380894,0.0086630381910363,1.22408404896017,1.19673622896867,9,10.0909090909091,1.54545454545455
2022-05-25,"same_day_conditional",0.092221767705387,0.0738595732341926,0.134772812802768,0.102652042633834,0.0950388341295001,0.0183621944711944,0.00761320850433372,1.03251384573126,1.23419230772923,9.36363636363636,10.1818181818182,1.72727272727273
2022-05-26,"same_day_conditional",0.112241804181585,0.0780576798916331,0.128295373295686,0.0997297783170807,0.0920407290472395,0.0341841242899519,0.00768904926984123,1.02921357605356,1.21355018333696,9.63636363636364,10.2727272727273,1.72727272727273
2022-05-27,"same_day_conditional",0.145362701269458,0.146933358269676,0.137205995693473,0.100062320347335,0.0920059618373326,-0.00157065700021853,0.00805635851000243,1.12463867234152,1.20087897418878,9.27272727272727,10.3636363636364,1.81818181818182
2022-05-28,"same_day_conditional",0.0856327550919424,0.0984991990372628,0.152380009038668,0.0996402622880732,0.0913743427794315,-0.0128664439453204,0.00826591950864163,0.941722047446631,1.15585611696771,9.54545454545454,10.5454545454545,1.63636363636364
2022-05-29,"same_day_conditional",0.0919567516987947,0.074841328603297,0.168377516847532,0.100771788987133,0.0907132659339422,0.0171154230954977,0.0100585230531909,1.02130104713869,1.13007859454867,9.36363636363636,10.6363636363636,2
2022-05-30,"same_day_conditional",0.0842898345612915,0.0709870623925375,0.14701942330679,0.101141675320004,0.0915978246187488,0.013302772168754,0.00954385070125542,1.07558201994028,1.07579479524668,9,10.4545454545455,1.81818181818182
2022-05-31,"same_day_conditional",0.090949088022935,0.108513910110971,0.121816732443702,0.100223512261889,0.0916065645360222,-0.0175648220880357,0.00861694772586689,1.031680804612,1.11650329567382,8.72727272727273,10.6363636363636,1.90909090909091
2022-06-01,"same_day_conditional",0.160880216993463,0.0909783517479984,0.115071370597507,0.0999735144883294,0.0914483329720978,0.0699018652454642,0.00852518151623162,1.14688435660924,1.31766871575041,9.27272727272727,9.45454545454546,1.54545454545455
2022-06-02,"same_day_conditional",0.129196879192906,0.0751846450186157,0.103199367581414,0.101835432933509,0.0942966163274423,0.0540122341742902,0.00753881660606618,0.944511657805352,1.40311497853926,9.63636363636364,10.0909090909091,1.54545454545455
2022-06-03,"same_day_conditional",0.145977487620325,0.179789796662005,0.12426488860638,0.101989494949927,0.0965860598468435,-0.03381230904168,0.00540343510308358,1.14266610936822,1.49236348477466,9.27272727272727,9.72727272727273,1.63636363636364
2022-06-04,"same_day_conditional",0.121883892037165,0.095997070751772,0.159959634329251,0.10184595610386,0.0938813497394312,0.0258868212853929,0.00796460636442842,1.0789430793115,1.27266045508889,9.09090909090909,10.6363636363636,1.63636363636364
2022-06-05,"same_day_conditional",0.0966416025849022,0.108063383384937,0.188349447515072,0.102341289650478,0.0955640293940368,-0.0114217808000351,0.00677726025644146,1.0586659011498,1.30969625344862,9.18181818181818,10.1818181818182,1.54545454545455
2022-06-06,"same_day_conditional",0.0942302235601731,0.0864181064915681,0.140497122737866,0.0998713893890849,0.0938657966913619,0.007812117068605,0.006005592697723,1.01350838773516,1.43511597938203,8.90909090909091,10,1.54545454545455
2022-06-07,"same_day_conditional",0.0719024679803383,0.0599139566805162,0.127336507656981,0.10080701533712,0.0935243981045871,0.011988511299822,0.00728261723253255,1.11062521127462,1.35149199199623,8.54545454545454,9.90909090909091,1.54545454545455
2022-06-08,"same_day_conditional",0.144582554472888,0.132981152147975,0.152753895237159,0.0996100629346465,0.0924612261745002,0.0116014023249137,0.00714883676014622,1.03061231710074,1.27193164395215,9.09090909090909,9.72727272727273,1.45454545454545
2022-06-09,"same_day_conditional",0.112144735610287,0.0836877303461093,0.145445497953427,0.0987384579746271,0.0914971036998487,0.0284570052641774,0.00724135427477838,1.2117656627541,1.2780546728773,8.81818181818182,10,1.81818181818182
2022-06-10,"same_day_conditional",0.119363323906869,0.0906779109327107,0.145738338089048,0.098426722889036,0.0929285576466592,0.0286854129741581,0.0054981652423767,1.18347629744038,1.36284561416274,8.63636363636364,9.72727272727273,1.63636363636364
2022-06-11,"same_day_conditional",0.254521278564808,0.149402734263169,0.164764880438249,0.097737275387087,0.0904833856082343,0.10511854430164,0.00725388977885265,1.07714928610012,1.30620875378779,8.72727272727273,10.0909090909091,1.81818181818182
2022-06-12,"same_day_conditional",0.225154768016098,0.258578522772395,0.163583791305961,0.0970279210367037,0.0883542958326933,-0.0334237547562964,0.00867362520401041,0.931812509560713,1.35477394728706,10.0909090909091,9.54545454545454,1.72727272727273
2022-06-13,"same_day_conditional",0.451745802949798,0.280388847898276,0.31396054969472,0.0969122420353875,0.0903594630282293,0.171356955051523,0.00655277900715823,0.952180770322127,1.59928287249635,9.36363636363636,8.54545454545454,1.27272727272727
2022-06-14,"same_day_conditional",0.296067928625271,0.228912546397648,0.273407230215846,0.0978831611564071,0.0903758509467181,0.0671553822276239,0.00750731020968894,0.944394969162803,1.71136366650654,9.54545454545454,8.72727272727273,1.45454545454545
2022-06-15,"same_day_conditional",0.257184432328675,0.198109154154899,0.199567655444109,0.0963939069624402,0.088029445735337,0.0590752781737762,0.0083644612271032,0.894763183426691,1.68758416732972,9.72727272727273,8.27272727272727,1.54545454545455
2022-06-16,"same_day_conditional",0.108506688403271,0.0911518135186817,0.176504010016658,0.0958218119453728,0.0879064856005378,0.0173548748845895,0.00791532634483502,0.963657428667222,1.57681388169059,9.90909090909091,9.18181818181818,1.36363636363636
2022-06-17,"same_day_conditional",0.114594556581281,0.145851186032366,0.204433924231485,0.0958106101324576,0.0901185162976901,-0.0312566294510853,0.00569209383476751,1.04040468179537,1.81087808740054,9.81818181818182,8.09090909090909,1.18181818181818
2022-06-18,"same_day_conditional",0.14417672542485,0.0783412753148683,0.127945584944604,0.096071414509324,0.0878189101140837,0.0658354501099819,0.00825250439524027,1.00101800147039,1.36616744716306,9.63636363636364,9.45454545454546,1.45454545454545
2022-06-19,"same_day_conditional",0.316719963614998,0.247965838739672,0.249740308269693,0.0954637990389876,0.0902495813978198,0.0687541248753262,0.00521421764116783,1.06763353418425,1.45781652834132,9.27272727272727,8.72727272727273,1.36363636363636
2022-06-20,"same_day_conditional",0.0748826032723032,0.0861242345333082,0.146645273410663,0.0966239650224781,0.0917761765453006,-0.0112416312610049,0.00484778847717749,1.06993463841309,1.35759652602709,9.18181818181818,9,1.36363636363636
2022-06-21,"same_day_conditional",0.215592336520324,0.304178385729512,0.140969087860416,0.0973662325602716,0.0926455794800728,-0.0885860492091883,0.00472065308019884,0.915149903198686,1.33958744998911,9.09090909090909,9.45454545454546,1.54545454545455
2022-06-22,"same_day_conditional",0.165596065658607,0.080852925824779,0.0908398897289474,0.0962553571290681,0.0907589596889352,0.0847431398338276,0.00549639744013294,0.952479523961139,1.2643215171208,9,9.18181818181818,1.63636363636364
2022-06-23,"same_day_conditional",0.0895855717920228,0.076338574304697,0.12698406563277,0.095432177141169,0.0872413143770563,0.0132469974873258,0.00819086276411261,1.29408528422478,1.06196969585905,9.09090909090909,9.90909090909091,1.63636363636364
2022-06-24,"same_day_conditional",0.0613718209053356,0.057105208680965,0.108673513778041,0.0938065123992071,0.08618597872454,0.00426661222437062,0.00762053367466711,0.950799436461409,1.03753719356501,9.09090909090909,9.90909090909091,1.63636363636364
2022-06-25,"same_day_conditional",0.236460104717383,0.209147885463837,0.395508478606717,0.0937663767184974,0.087935920711412,0.027312219253546,0.00583045600708538,0.918917907350193,0.910853042226009,8.90909090909091,10.6363636363636,1.54545454545455
2022-06-26,"same_day_conditional",0.0786825199101085,0.0618754983333476,0.126328365759022,0.0919652695489838,0.0867238539283759,0.0168070215767609,0.00524141562060797,0.819372276241514,1.02492679641155,9.09090909090909,10.1818181818182,1.63636363636364
2022-06-27,"same_day_conditional",0.0731419863615141,0.0835300787314915,0.133801978030611,0.0938092844030596,0.0883116170438235,-0.0103880923699774,0.00549766735923608,1.02455248161792,0.946607207324869,8.45454545454546,9.81818181818182,1.36363636363636
2022-06-28,"same_day_conditional",0.0751770687066992,0.0705304250132343,0.118588302765847,0.0946018724739391,0.090486990927751,0.00464664369346491,0.00411488154618801,0.894803826201148,1.04189605331648,9.09090909090909,9.36363636363636,1.36363636363636
2022-06-29,"same_day_conditional",0.0977739197209233,0.124806393811204,0.118788040460684,0.0964561049221802,0.0912614916258967,-0.0270324740902809,0.00519461329628353,0.710933841253618,1.12452152730422,9.81818181818182,9.63636363636364,1.45454545454545
2022-06-30,"same_day_conditional",0.0913126994433932,0.0888619369078499,0.143371890273988,0.0966595292830651,0.0931366600290465,0.00245076253554325,0.00352286925401867,0.899140047915538,1.08086340082036,9.45454545454546,9.81818181818182,1.45454545454545
2022-07-01,"same_day_conditional",3.49059278176492,3.56991460578213,2.46391401851613,0.0946993002899315,0.090166070417097,-0.0793218240172036,0.0045332298728344,0.901600216658019,1.07905885107736,9.72727272727273,10.7272727272727,1.63636363636364
2022-07-02,"same_day_conditional",0.118916452343498,0.104524348869355,0.150541507078884,0.0958478507030515,0.0919982693303649,0.0143921034741428,0.00384958137268662,0.993247802139433,1.22733594554304,9.63636363636364,10.0909090909091,1.27272727272727
2022-07-03,"same_day_conditional",0.095535119147416,0.081149809464922,0.147218738622454,0.0959789762719951,0.0913830513475761,0.014385309682494,0.00459592492441897,1.11938012483014,1.06615493531033,9.18181818181818,10,1.54545454545455
2022-07-04,"same_day_conditional",0.266656410513068,0.2634238799234,0.142126553965322,0.095491089991433,0.0913239734154897,0.0032325305896679,0.00416711657594329,0.882374578590189,1.11740439904109,10.0909090909091,9.72727272727273,1.54545454545455
2022-07-05,"same_day_conditional",0.0964581347326697,0.105357171787267,0.147739358202795,0.0975674209306777,0.0945186179990353,-0.00889903705459724,0.00304880293164234,1.06236401095268,1.54521258541151,9.09090909090909,9.63636363636364,1.09090909090909
2022-07-06,"same_day_conditional",0.150925229910942,0.152386079353929,0.1084994699049,0.0980997657117909,0.0946416184898284,-0.00146084944298706,0.00345814722196251,1.15161139521563,1.2298696175042,9.18181818181818,9.54545454545454,1.27272727272727
2022-07-07,"same_day_conditional",0.211283971332978,0.205641396938542,0.161114205106732,0.0992292672740141,0.0949896092774954,0.00564257439443627,0.00423965799651871,1.26571609292905,1.33623467886261,8.81818181818182,9.72727272727273,1.36363636363636
2022-07-08,"same_day_conditional",0.0802450631458541,0.0794288268992072,0.135918713128218,0.100250796255753,0.0946937585377433,0.000816236246646871,0.00555703771800955,1.19638550979176,1.1112500425344,8.72727272727273,10,1.45454545454545
2022-07-09,"same_day_conditional",0.207616768264584,0.247105133477143,0.188054625625469,0.100363546833371,0.0946538023302422,-0.0394883652125587,0.00570974450312882,1.32697126009028,1.20183139219045,8.90909090909091,9.90909090909091,1.18181818181818
2022-07-10,"same_day_conditional",0.154424747793309,0.135924035349201,0.119218635465201,0.0991629819991195,0.094101273122764,0.0185007124441082,0.00506170887635546,1.1538525556531,1.29969635081003,9.72727272727273,9.54545454545454,1.36363636363636
2022-07-11,"same_day_conditional",0.0872142670901283,0.0887153380038604,0.1171403939363,0.0993635786627132,0.094224937552001,-0.00150107091373213,0.00513864111071222,1.05053115445897,1.18961017523759,9.72727272727273,9.72727272727273,1.18181818181818
2022-07-12,"same_day_conditional",0.0876148192508047,0.0856827046258169,0.100937606846991,0.10169503233542,0.0964539629587743,0.00193211462498776,0.00524106937664607,1.06483191420227,1.29929563464989,9.63636363636364,9.09090909090909,1.18181818181818
2022-07-13,"same_day_conditional",0.181517430574549,0.0889376442719366,0.13209111400857,0.100022333988217,0.0966913377553043,0.0925797863026119,0.00333099623291288,1.04206336457557,1.26944029642456,9.36363636363636,10.0909090909091,1.45454545454545
2022-07-14,"same_day_conditional",0.13605306924915,0.205349574880642,0.132759828983583,0.100118973047104,0.0984422171030403,-0.0692965056314915,0.00167675594406329,1.04653916359279,1.42266938750649,9.36363636363636,9.72727272727273,1.45454545454545
2022-07-15,"same_day_conditional",0.0923872687057588,0.0942400890705893,0.114772442461376,0.101395946431811,0.0978046431728503,-0.00185282036483055,0.00359130325896034,1.09001291892305,1.34276183892676,9.27272727272727,9.63636363636364,1.36363636363636
2022-07-16,"same_day_conditional",0.157850881693617,0.110077798926473,0.35366180692368,0.0994174948341326,0.0977462521145295,0.0477730827671441,0.0016712427196031,1.09403290155292,1.71919271085798,9.63636363636364,8.90909090909091,1.54545454545455
2022-07-17,"same_day_conditional",0.0909085798016027,0.0930467065965217,0.105302904880192,0.0992373585278639,0.0977938487382363,-0.00213812679491895,0.00144350978962759,1.01565764710092,1.35660602675518,10.1818181818182,9.81818181818182,1.54545454545455
2022-07-18,"same_day_conditional",0.341100286314082,0.270995773528257,0.433949417471568,0.100116336318722,0.0986655760277991,0.070104512785825,0.00145076029092278,0.952332798906864,1.44470125029868,10.2727272727273,9.72727272727273,1.45454545454545
2022-07-19,"same_day_conditional",0.114125410022131,0.0827840938540136,0.151681989012794,0.0984046607231846,0.0976280686393045,0.0313413161681178,0.000776592083880138,1.18713360797986,2.00412087048912,9,9.18181818181818,1.45454545454545
2022-07-20,"same_day_conditional",0.288801528732888,0.297063240734988,0.365020969628655,0.0989059896420924,0.0973505537562585,-0.00826171200209937,0.00155543588583389,1.25813916663146,1.68415032457138,9,9.36363636363636,1.54545454545455
2022-07-21,"same_day_conditional",0.270635049423552,0.245881510047672,0.561174720859954,0.0997065311251861,0.0972519840901281,0.0247535393758803,0.00245454703505798,1.21088779206368,1.60667119974309,9.18181818181818,9.81818181818182,1.90909090909091
2022-07-22,"same_day_conditional",0.0822555340258069,0.077964167009672,0.0946241301142929,0.10016569635017,0.0947315271696796,0.00429136701613489,0.00543416918049093,1.55754626286219,1.53866071297995,9,9.90909090909091,1.72727272727273
2022-07-23,"same_day_conditional",0.072279704525997,0.074101861918265,0.111248575244293,0.0996839004898036,0.0973028909938334,-0.00182215739226796,0.0023810094959702,1.57633833633789,1.63062459906558,7.90909090909091,9.45454545454546,1.81818181818182
2022-07-24,"same_day_conditional",0.0940420227576145,0.111090002442558,0.153697158390724,0.101989597860388,0.0964554496154591,-0.017047979684944,0.0055341482449289,1.42230873626686,1.57496694491998,8.18181818181818,9.90909090909091,1.81818181818182
2022-07-25,"same_day_conditional",0.472854992240804,0.516243147277429,0.310857436494156,0.101727454336754,0.100802157315219,-0.0433881550366254,0.000925297021534782,1.6583380269605,1.94499897265502,8.36363636363636,8.81818181818182,1.72727272727273
2022-07-26,"same_day_conditional",0.918832381292776,0.728612250655,0.718881596535022,0.102241780596881,0.0989371941346906,0.190220130637776,0.00330458646219006,1.29504279966246,1.70220216342286,9.18181818181818,9.63636363636364,1.63636363636364
2022-07-27,"same_day_conditional",0.224739447449308,0.149164030301891,0.186739760718276,0.107499228228067,0.105946959204579,0.0755754171474163,0.00155226902348827,1.38597774475909,1.90503569688922,8.45454545454546,9.09090909090909,1.63636363636364
2022-07-28,"same_day_conditional",0.11875346506675,0.204575254321853,0.12406656613194,0.109376208757233,0.103261992609024,-0.085821789255102,0.00611421614820859,1.33790534091626,1.4949222136915,8.81818181818182,10.5454545454545,1.81818181818182
2022-07-29,"same_day_conditional",0.109817808118079,0.126445885339753,0.122798941158419,0.111036026694436,0.105204610207626,-0.0166280772216738,0.00583141648681016,1.05858305524001,1.31136544338709,9.54545454545454,11,2
2022-07-30,"same_day_conditional",0.506323240378272,0.563481413178316,0.740988168532872,0.11117942159541,0.106593865567358,-0.057158172800044,0.00458555602805178,1.17535879235016,1.5802452454877,9.27272727272727,9.72727272727273,1.63636363636364
2022-07-31,"same_day_conditional",0.395198472683479,0.419387180627207,0.183229205518958,0.115209761923617,0.107190616239618,-0.0241887079437287,0.00801914568399935,1.41218555629503,1.59182184906517,8.81818181818182,9.72727272727273,2.09090909090909
2022-08-01,"same_day_conditional",0.151290307742634,0.153717789981381,0.149775009212622,0.117208035953408,0.108721238808722,-0.00242748223874662,0.00848679714468565,1.22845738817924,1.55074657229899,9.54545454545454,10.0909090909091,2.09090909090909
2022-08-02,"same_day_conditional",0.199337373988123,0.195005107303957,0.159992922995627,0.116705776090691,0.108012233485453,0.00433226668416562,0.00869354260523862,1.21323798114753,1.36147233649036,9.27272727272727,10.1818181818182,1.72727272727273
2022-08-03,"same_day_conditional",0.204274861159081,0.222291777061738,0.133226641339523,0.113949949036924,0.106524187285488,-0.018016915902658,0.00742576175143541,1.06582441583841,1.40099219669223,9.72727272727273,10.1818181818182,1.90909090909091
2022-08-04,"same_day_conditional",0.0955144446713417,0.174525273767026,0.179985798039371,0.114077780381785,0.107619701287042,-0.0790108290956845,0.0064580790947436,1.08831368617481,1.48056297715627,9.81818181818182,9.90909090909091,1.90909090909091
2022-08-05,"same_day_conditional",0.181775081427169,0.13188468467093,0.145189876806962,0.111413392215403,0.10313882782053,0.049890396756239,0.00827456439487228,1.08893999458122,1.2982136293939,9.90909090909091,11,2.09090909090909
2022-08-06,"same_day_conditional",0.139826801967566,0.138658010581542,0.119835782594663,0.107021115184433,0.0986453019212156,0.00116879138602325,0.0083758132632177,1.07955862511019,1.43657408631597,10.1818181818182,10.4545454545455,2.09090909090909
2022-08-07,"same_day_conditional",0.149368479046641,0.19470559976649,0.175919987585939,0.104989223244584,0.0984285507933921,-0.0453371207198496,0.00656067245119183,0.959392003871567,1.34414124712693,9.63636363636364,10.7272727272727,2
2022-08-08,"same_day_conditional",0.0918383659076014,0.0885878885723827,0.132262852716641,0.104480130520385,0.097239359978284,0.00325047733521868,0.00724077054210122,1.00825026521062,1.30192836119456,9.45454545454546,10.4545454545455,1.90909090909091
2022-08-09,"same_day_conditional",0.0795533932007817,0.0838284315853713,0.117952574990139,0.0975610579800809,0.0896531413741001,-0.00427503838458966,0.00790791660598081,1.04627996587594,1.2663115086768,9.18181818181818,11.0909090909091,2.18181818181818
2022-08-10,"same_day_conditional",0.190183712585269,0.177983965107882,0.152524249543789,0.0949598343698262,0.0899340278044245,0.0121997474773877,0.00502580656540167,1.15262102800746,1.47177277036089,9.45454545454546,10.7272727272727,2
2022-08-11,"same_day_conditional",0.0854519629842151,0.0790019593941749,0.0980191241383477,0.0949989677073801,0.0887785505994508,0.00645000359004019,0.00622041710792928,1.41150548710732,1.41477126162915,9,10.5454545454545,1.90909090909091
2022-08-12,"same_day_conditional",1.35122758467784,1.11489717380387,0.983780844097905,0.0930020010577834,0.0861971357007878,0.236330410873961,0.00680486535699564,1.29590555467353,1.3164910191945,9.27272727272727,10.1818181818182,1.27272727272727
2022-08-13,"same_day_conditional",0.101401592182476,0.0930389401311149,0.1135997718506,0.0969870078905254,0.0895354218556439,0.00836265205136139,0.00745158603488152,1.38819034586539,1.18442839943624,9.27272727272727,10.0909090909091,1.45454545454545
2022-08-14,"same_day_conditional",0.233432737223528,0.163703019928721,0.255640573304524,0.0995097200847867,0.0927341900926992,0.069729717294807,0.00677552999208755,1.30567891036137,1.25047450511752,9.54545454545454,9.81818181818182,1.18181818181818
2022-08-15,"same_day_conditional",0.104251932473477,0.0949326751850973,0.110641768275647,0.100988201420068,0.0928600383403656,0.00931925728837997,0.00812816307970238,1.26337157186133,1.30781309930875,9.72727272727273,9.81818181818182,1.27272727272727
2022-08-16,"same_day_conditional",0.237441412746683,0.163481056477428,0.116806887534224,0.0968972113441586,0.0884917657077623,0.0739603562692543,0.00840544563639635,1.18051587894621,1.03385536031348,9.45454545454546,10.0909090909091,1.63636363636364
2022-08-17,"same_day_conditional",0.0876235175083905,0.0884705436508475,0.100719066492035,0.0977691839513437,0.089807258784467,-0.000847026142456973,0.00796192516687671,1.20719872402954,1.23337865089007,9.36363636363636,10.0909090909091,1.54545454545455
2022-08-18,"same_day_conditional",0.30090733536287,0.273337979920204,0.233214302456955,0.0994377645111646,0.0897573284185257,0.0275693554426663,0.00968043609263897,1.06886832051652,1.06037945297044,10,10.6363636363636,1.63636363636364
2022-08-19,"same_day_conditional",0.424907776290301,0.370114393455647,0.332695032096609,0.100027430539938,0.0908470495009654,0.0547933828346538,0.00918038103897248,0.913141296913178,1.06045957872701,10.0909090909091,10.5454545454545,1.63636363636364
2022-08-20,"same_day_conditional",0.444481069167391,0.467334330812875,0.340184061891565,0.104060221933755,0.094764859536286,-0.0228532616454834,0.00929536239746916,0.885157586326136,1.11701190694996,10.2727272727273,10.6363636363636,1.63636363636364
2022-08-21,"same_day_conditional",0.0855583147338145,0.0675786615616822,0.140874767672432,0.10361845082074,0.0934514947237289,0.0179796531721323,0.0101669560970107,0.796339796741638,0.968518673090349,10.6363636363636,11.1818181818182,1.63636363636364
2022-08-22,"same_day_conditional",0.125156619152294,0.107666250495547,0.153236543222939,0.101071785521708,0.0912559090129207,0.0174903686567471,0.00981587650878748,0.743659180059537,1.00955172277124,10.3636363636364,10.8181818181818,1.54545454545455
2022-08-23,"same_day_conditional",0.360522976781077,0.172392765569424,0.12959914945665,0.0986376929736519,0.0892790857718057,0.188130211211652,0.00935860720184621,0.860641072150126,1.19851125335515,10.2727272727273,10.3636363636364,1.54545454545455
2022-08-24,"same_day_conditional",0.0771094322075484,0.0749259791054283,0.114147028642334,0.096223288185412,0.0895657757597755,0.00218345310212012,0.00665751242563654,0.7437625216834,1.21682148303986,10.7272727272727,10.4545454545455,1.45454545454545
2022-08-25,"same_day_conditional",0.190149239563009,0.1984699292806,0.115342313766609,0.0960980286169795,0.090923942165349,-0.00832068971759109,0.00517408645163053,0.94126949606764,1.21631239338855,10.3636363636364,10.2727272727273,1.27272727272727
2022-08-26,"same_day_conditional",0.0812269460005938,0.0823236388112473,0.113403602649768,0.0977652439522468,0.0930988294647934,-0.00109669281065353,0.0046664144874534,1.00091267185282,1.47678607791286,10.0909090909091,9.90909090909091,1.36363636363636
2022-08-27,"same_day_conditional",0.143833831611494,0.158574743775369,0.211309812833368,0.0987319980776293,0.0921617205080753,-0.0147409121638744,0.006570277569554,1.09553426865909,1.41354292636879,9.54545454545454,9.72727272727273,1.09090909090909
2022-08-28,"same_day_conditional",0.173987538289356,0.177285396578928,0.126111055522418,0.0978763235828558,0.0918455211096871,-0.00329785828957149,0.00603080247316873,1.04297920263299,1.3956514421333,9.54545454545454,9.72727272727273,1.36363636363636
2022-08-29,"same_day_conditional",0.112906548405977,0.102107822186894,0.21265662429662,0.0973263014087028,0.0915794278937478,0.0107987262190828,0.005746873514955,0.778134376773412,1.31065240474815,10.4545454545455,10.0909090909091,1.45454545454545
2022-08-30,"same_day_conditional",0.090007566676271,0.0934510213821462,0.125842225322825,0.0960042639428543,0.0908652080680097,-0.0034434547058751,0.00513905587484462,1.05216087791902,1.42061077154567,10,9.90909090909091,1.27272727272727
2022-08-31,"same_day_conditional",0.534995014192427,0.3512450748997,0.302839798784791,0.0964898053463149,0.0909132582103886,0.183749939292727,0.0055765471359263,1.12243657691472,1.19934056132171,9.36363636363636,10.0909090909091,1.36363636363636
2022-09-01,"same_day_conditional",0.123167541186835,0.161177419107174,0.0931284863115429,0.0972433097517487,0.0897167414808823,-0.0380098779203389,0.00752656827086642,0.902777573429229,1.2250507704118,10,10.3636363636364,1.27272727272727
2022-09-02,"same_day_conditional",0.0599280436889177,0.108901069708503,0.10405120702216,0.0968263677686811,0.0891448377558995,-0.0489730260195856,0.00768153001278159,1.03542736488027,1.31946521351484,9.36363636363636,10.1818181818182,1.27272727272727
2022-09-03,"same_day_conditional",0.0961885004046966,0.161945440832409,0.075523631060341,0.0964643463767603,0.089929005942133,-0.0657569404277128,0.00653534043462739,1.01330939040364,1.37410335925734,9.27272727272727,10.4545454545455,1.36363636363636
2022-09-04,"same_day_conditional",0.0667548404080529,0.0733559705382572,0.102490902187285,0.0960839216422746,0.0907878120027646,-0.00660113013020423,0.00529610963951,1.02918663216599,1.47233561092196,9.72727272727273,10,1.18181818181818
2022-09-05,"same_day_conditional",0.0662152816045944,0.075767548774384,0.115496085000691,0.0941657337658948,0.0891106762533486,-0.00955226716978969,0.00505505751254623,1.06613393758553,1.49444107026763,9.54545454545454,10.0909090909091,1.09090909090909
2022-09-06,"same_day_conditional",0.215654379254418,0.216740776134922,0.335154511141973,0.0933114014699242,0.0879946179253466,-0.00108639688050426,0.00531678354457754,1.01175113790876,1.37596997831932,9.81818181818182,9.81818181818182,1
2022-09-07,"same_day_conditional",0.44075197497626,0.188503758756233,0.115910103828307,0.09427353167759,0.0884392207122281,0.252248216220027,0.00583431096536195,1.94747492426639,2.08509861952736,8.81818181818182,9.27272727272727,1
2022-09-08,"same_day_conditional",0.111454805649167,0.0845707147902809,0.0956649147408236,0.0940017509354233,0.089180335080147,0.0268840908588859,0.00482141585527621,1.20655538232946,1.33332259706415,9.36363636363636,10,1
2022-09-09,"same_day_conditional",0.204043817188249,0.173665557382021,0.200226922439445,0.0930064194334586,0.0897923986426414,0.0303782598062271,0.00321402079081727,1.74263706325075,2.08402750542146,9.45454545454546,9.18181818181818,0.909090909090909
2022-09-10,"same_day_conditional",0.0620280178614236,0.0659939120836134,0.0869823611323696,0.0939160042940188,0.0899020792071322,-0.00396589422218973,0.00401392508688663,1.04322568662493,1.39418887301181,10,10.0909090909091,1.09090909090909
2022-09-11,"same_day_conditional",0.0779246397762144,0.0756563619028608,0.106858457572598,0.0937529330971021,0.089175135373229,0.00226827787335357,0.00457779772387304,0.834830125748986,1.27777157643924,10.7272727272727,10.4545454545455,1.27272727272727
2022-09-12,"same_day_conditional",0.312418965063908,0.35214065586284,0.277380658374852,0.0933191883721274,0.0885150537887722,-0.0397216907989322,0.00480413458335523,0.765978461718564,1.43883406268707,10.4545454545455,9.90909090909091,1.27272727272727
2022-09-13,"same_day_conditional",0.233592280351208,0.257445655800115,0.14014814737824,0.0918797492903995,0.0886883140502482,-0.0238533754489062,0.00319143524015128,0.70598476904662,1.14428261578688,10.1818181818182,10.1818181818182,1
2022-09-14,"same_day_conditional",0.176850756795559,0.129446717136487,0.067305793575459,0.0923033104063497,0.0887727163989974,0.0474040396590726,0.0035305940073523,1.08539153795488,1.43907152891932,9.27272727272727,8.81818181818182,1.09090909090909
2022-09-15,"same_day_conditional",0.0907641106872133,0.0776960102282395,0.0994042274296339,0.0919791261216207,0.0880842578760549,0.0130681004589738,0.00389486824556587,0.899030351323181,1.30902099686999,9.45454545454546,9.18181818181818,1.36363636363636
2022-09-16,"same_day_conditional",0.0634714850678036,0.190089773209596,0.0730004538759816,0.0931473498893182,0.0891908625411316,-0.126618288141792,0.00395648734818662,1.09681065432186,1.14494920558317,9.27272727272727,9.63636363636364,1.09090909090909
2022-09-17,"same_day_conditional",0.162851489646698,0.16351481021434,0.108144285609005,0.0919415185676853,0.0876880381697806,-0.00066332056764265,0.00425348039790467,0.983129060285882,1.04657555428972,9.18181818181818,10.6363636363636,1.36363636363636
2022-09-18,"same_day_conditional",0.0642714604676128,0.0645050725568987,0.090759048296104,0.0909414151780376,0.0875609312783466,-0.000233612089285832,0.003380483899691,1.17795449211423,1.13385036518772,9.36363636363636,10.0909090909091,1.18181818181818
2022-09-19,"same_day_conditional",0.170624012631302,0.0846901880004539,0.110258857018796,0.0914061481289516,0.0883650763030938,0.0859338246308481,0.00304107182585781,1.16994037973039,1.21307169625934,8.54545454545454,10,1.27272727272727
2022-09-20,"same_day_conditional",0.0619054289262368,0.0598900066587093,0.0721032743088245,0.0918315762787722,0.0886614719423028,0.00201542226752752,0.00317010433646946,0.999849693526141,1.24785861886531,9.27272727272727,10,1.09090909090909
2022-09-21,"same_day_conditional",0.171742738606776,0.100220917771958,0.0879898044830907,0.0913617541720937,0.0883680686530525,0.0715218208348178,0.00299368551904125,0.920227561122933,1.15921905126622,10,10.4545454545455,1.09090909090909
2022-09-22,"same_day_conditional",0.134448001652876,0.141556103336409,0.0795015732421764,0.0943737732483431,0.0887895934996748,-0.0071081016835331,0.00558417974866831,0.873167439298474,1.17070962579636,9.72727272727273,10.4545454545455,1.36363636363636
2022-09-23,"same_day_conditional",0.0992079167387138,0.0962964424431959,0.123171963692986,0.0949838799050169,0.0895235659294826,0.00291147429551787,0.00546031397553423,1.21785642639452,1.17875051240733,8.72727272727273,10.1818181818182,1.27272727272727
2022-09-24,"same_day_conditional",0.502666069915953,0.384284660703342,0.13544420626951,0.0936553237845156,0.0875634374652282,0.11838140921261,0.00609188631928744,0.990141307606707,1.01108576957342,9.54545454545454,10.3636363636364,1.36363636363636
2022-09-25,"same_day_conditional",0.100089351373619,0.0857599942231104,0.115428977317323,0.0944842454088838,0.0884167132695943,0.0143293571505089,0.00606753213928951,1.17846362258752,1.37635335806669,9.18181818181818,9.54545454545454,1.27272727272727
2022-09-26,"same_day_conditional",0.084818055796316,0.0821575030601933,0.117832449308696,0.0938380435370777,0.0893390365129901,0.00266055273612266,0.00449900702408764,1.18689489186043,1.48069320228611,9,9.45454545454546,1.27272727272727
2022-09-27,"same_day_conditional",0.319609638751136,0.264515266817392,0.0803668626473423,0.0952703987424371,0.0897815337155881,0.0550943719337438,0.00548886502684909,1.21042053963726,1.57579727007261,9.09090909090909,9.36363636363636,1.18181818181818
2022-09-28,"same_day_conditional",0.10010504676627,0.130396321744447,0.144408679408807,0.0954902937171854,0.09033126304694,-0.0302912749781775,0.00515903067024536,1.2158623406787,1.6237220824848,9.09090909090909,9,1
2022-09-29,"same_day_conditional",0.161565192438223,0.111220147526315,0.137596624396682,0.0955257145263698,0.0903710151296779,0.0503450449119079,0.0051546993966919,1.21609879051653,1.45953925393679,9.18181818181818,9.72727272727273,1.09090909090909
2022-09-30,"same_day_conditional",0.114437832549023,0.0779380631060442,0.0668050941661912,0.0951984939483003,0.0883753597240901,0.036499769442979,0.00682313422421022,0.907967861667482,0.910665371957768,10,11.3636363636364,1.63636363636364
2022-10-01,"same_day_conditional",0.0904309886594837,0.0906783190821324,0.120274307060022,0.0951268006838751,0.0882296464909241,-0.000247330422648759,0.00689715419295106,0.741267782927303,1.0941384655044,10.1818181818182,11,1.72727272727273
2022-10-02,"same_day_conditional",0.0832567539071153,0.0836144126117342,0.0816036071307941,0.0960110632715748,0.0889071713931457,-0.000357658704618946,0.00710389187842911,0.84681854228307,1.09350198547758,9.90909090909091,10,1.18181818181818
2022-10-03,"same_day_conditional",0.0793731324074335,0.0730650278658202,0.127321714353197,0.094879208972672,0.0882427181864725,0.00630810454161332,0.00663649078619954,0.87604804804611,0.99217394672601,9.45454545454546,10.2727272727273,1.09090909090909
2022-10-04,"same_day_conditional",0.21721846976883,0.194531187121689,0.203394604532914,0.0960124541010658,0.0895292193061694,0.0226872826471411,0.00648323479489634,0.855564017056647,1.07631218795452,9.81818181818182,10.0909090909091,1.27272727272727
2022-10-05,"same_day_conditional",0.202301818510698,0.200912024961698,0.0979248897522787,0.0973094764827878,0.090974332509381,0.00138979354899956,0.00633514397340679,0.882741470036574,1.16294937834531,9.09090909090909,9.72727272727273,1.45454545454545
2022-10-06,"same_day_conditional",0.085429315829903,0.0871418997359891,0.0875459126803966,0.0969276488905873,0.0910807563781424,-0.00171258390608607,0.0058468925124449,1.10231949488672,1.22687274314309,9,9.72727272727273,1.36363636363636
2022-10-07,"same_day_conditional",0.0805663994557806,0.080303795220444,0.104869209365148,0.0983226431335906,0.0915478162047837,0.000262604235336675,0.00677482692880692,1.11445336579049,1.05648426625585,9,10,1.36363636363636
2022-10-08,"same_day_conditional",0.0880144756912494,0.0745357921161746,0.141104651903336,0.0952888447868629,0.0897468451659931,0.0134786835750747,0.00554199962086977,0.874698611543666,0.971539451955134,9.18181818181818,10.4545454545455,1.36363636363636
2022-10-09,"same_day_conditional",0.0532631783041994,0.0707481007554143,0.0929440051018427,0.0940127026985017,0.088596921159746,-0.0174849224512148,0.00541578153875564,1.09890367852457,1.06296476466789,8.63636363636364,10.4545454545455,1.54545454545455
2022-10-10,"same_day_conditional",0.115075285093948,0.06815702914979,0.100561153378582,0.0918814051153909,0.086157113732365,0.0469182559441582,0.00572429138302587,0.917774640777168,1.1826758636299,9.27272727272727,10,1.72727272727273
2022-10-11,"same_day_conditional",0.150161085360533,0.062582746411024,0.112123618193408,0.0921994326785731,0.0867695415252709,0.0875783389495089,0.00542989115330217,1.00614375019295,1.08286236722514,8.90909090909091,9.72727272727273,1.27272727272727
2022-10-12,"same_day_conditional",0.0826764331475576,0.0710460905614047,0.108095757666447,0.0921216481047599,0.0872058419996624,0.0116303425861528,0.00491580610509754,0.736290080871408,0.98843985476828,9.90909090909091,10.0909090909091,1.54545454545455
2022-10-13,"same_day_conditional",0.086973141069956,0.0697246447039429,0.104722476706874,0.091446909234684,0.0872619818118907,0.0172484963660131,0.00418492742279324,0.770238165149985,1.02845870915823,9.90909090909091,9.90909090909091,1.63636363636364
2022-10-14,"same_day_conditional",0.342257535908045,0.284791450129452,0.149650683183906,0.091208637030745,0.0871164801168551,0.0574660857785925,0.00409215691388995,0.770187755779034,1.11827831221462,9.54545454545454,9.72727272727273,1.90909090909091
2022-10-15,"same_day_conditional",0.0525127126981901,0.055606756833394,0.089703520706804,0.0909921680419053,0.0870334345235074,-0.00309404413520394,0.00395873351839784,0.735027758649977,0.910092671947218,9.90909090909091,11,2
2022-10-16,"same_day_conditional",0.0453662131204181,0.0435251965774767,0.0740222806528633,0.0904052211937277,0.0862358997104448,0.00184101654294146,0.00416932148328282,0.728902065111399,0.914982121414759,9.63636363636364,10.4545454545455,1.81818181818182
2022-10-17,"same_day_conditional",0.061445325865209,0.0593292416482902,0.141793272533408,0.0915782415384159,0.0869588380428157,0.00211608421691874,0.0046194034956002,0.689965936561259,0.967325632659163,10.2727272727273,10.6363636363636,1.90909090909091
2022-10-18,"same_day_conditional",0.122526745289653,0.121361122307431,0.0943887192416299,0.0910649728138457,0.085585955707599,0.00116562298222192,0.00547901710624668,0.828446042487833,0.915973409000797,9.81818181818182,11,1.81818181818182
2022-10-19,"same_day_conditional",0.079386644502651,0.0700052386192805,0.0798991941689666,0.0913738980619639,0.0862957752633807,0.00938140588337051,0.00507812279858326,0.926346136648116,0.990926869574588,9.27272727272727,11,1.63636363636364
2022-10-20,"same_day_conditional",0.145081142947481,0.143815327753961,0.1009233496662,0.0875614717489039,0.0833429301344102,0.0012658151935204,0.00421854161449367,0.806396079162186,0.94784027406665,9.72727272727273,10.3636363636364,1.63636363636364
2022-10-21,"same_day_conditional",0.263078802461085,0.2925266005532,0.193666782037574,0.0877748481210025,0.0837060283978264,-0.0294477980921159,0.00406881972317602,0.815845927384558,0.989177552877248,9.27272727272727,10,1.45454545454545
2022-10-22,"same_day_conditional",0.154563415772375,0.0994376894828586,0.0899976434222176,0.0866096427055004,0.0823975313920459,0.055125726289516,0.0042121113134545,0.688120805439229,1.12244542355046,10.2727272727273,9.81818181818182,1.54545454545455
2022-10-23,"same_day_conditional",0.116174908430123,0.143903397789818,0.131714343699232,0.0877366330674241,0.0829358856957095,-0.0277284893596951,0.00480074737171457,0.826919939429313,0.979381169458359,9.63636363636364,10.3636363636364,1.36363636363636
2022-10-24,"same_day_conditional",0.308556362047775,0.360458111313194,0.178597527264185,0.0837757448472388,0.0809296521361429,-0.0519017492654192,0.0028460927110959,0.775613448598193,0.964363196956921,9.90909090909091,10.8181818181818,1.45454545454545
2022-10-25,"same_day_conditional",0.302463305059951,0.249740857999794,0.180523305438559,0.0825013351865468,0.0806810948401205,0.0527224470601565,0.0018202403464263,0.717023349085778,1.03959254675728,10.3636363636364,10,1.54545454545455
2022-10-26,"same_day_conditional",0.118041218583967,0.452575588567421,0.136467510823957,0.082488329809503,0.0789356290272089,-0.334534369983454,0.00355270078229417,0.817012004441767,1.01694102662583,10.3636363636364,10.3636363636364,1.54545454545455
2022-10-27,"same_day_conditional",0.124125804958961,0.32708087546874,0.119854603044089,0.0827745195669578,0.0815507086500538,-0.20295507050978,0.00122381091690401,0.803408563157069,0.904610834631497,10.8181818181818,11,1.27272727272727
2022-10-28,"same_day_conditional",0.0824902933972902,0.0799502385846254,0.0944529975604056,0.0830218171301976,0.0820695191723578,0.0025400548126648,0.000952297957839809,0.75930689491838,0.872242008378083,10.6363636363636,11,1.27272727272727
2022-10-29,"same_day_conditional",0.120051537099833,0.124045011028321,0.110888690457256,0.0811965330842095,0.0786404998835009,-0.00399347392848864,0.00255603320070855,0.942333106826992,0.996431360256785,10,11.4545454545455,1.63636363636364
2022-10-30,"same_day_conditional",0.0831426439300198,0.076699111365823,0.0968176940880203,0.0806969133283833,0.0791558971708671,0.00644353256419677,0.0015410161575162,0.857900005940547,0.992368398981171,9.63636363636364,9.90909090909091,1.36363636363636
2022-10-31,"same_day_conditional",0.1022961127023,0.0912580965281717,0.118242667579575,0.0783858157678809,0.0758002621147545,0.0110380161741287,0.00258555365312631,0.930574041889781,1.05285986708967,9.90909090909091,10.4545454545455,1.36363636363636
2022-11-01,"same_day_conditional",0.124432879191742,0.234414909547888,0.121763367514308,0.0804787298603094,0.0763257964400076,-0.109982030356146,0.00415293342030178,0.805829060442947,1.03285797603056,10.2727272727273,10.8181818181818,1.54545454545455
2022-11-02,"same_day_conditional",0.17323277604617,0.218611944764111,0.135029181967391,0.0782336660391239,0.0773433470368622,-0.0453791687179409,0.000890319002261706,0.757137412615571,0.909003699828466,10.5454545454545,10.7272727272727,1.36363636363636
2022-11-03,"same_day_conditional",0.0973565296140562,0.0912909593659784,0.124961848139961,0.0768086087944633,0.074693912430998,0.00606557024807777,0.0021146963634653,0.862064279866915,1.06854611365914,10.0909090909091,10.1818181818182,1.45454545454545
2022-11-04,"same_day_conditional",0.532151073181648,0.574917595030462,0.214189917182046,0.0763336312874952,0.074158697575663,-0.0427665218488142,0.00217493371183222,0.936630922435213,1.09436220698092,9.72727272727273,9.81818181818182,1.45454545454545
2022-11-05,"same_day_conditional",0.356351997968182,0.366581820779657,0.141277062214882,0.0781899500239106,0.0765033435559349,-0.010229822811475,0.00168660646797571,0.904689403473006,1.03806082570862,10.2727272727273,10.2727272727273,1.54545454545455
2022-11-06,"same_day_conditional",0.139605461290117,0.0990547975488309,0.101135309230237,0.0783566611764066,0.0760278317994943,0.0405506637412857,0.00232882937691226,0.92838358100851,1.11795955696029,9.36363636363636,10,1.45454545454545
2022-11-07,"same_day_conditional",0.108194932602381,0.0330173917622771,0.0932235678858214,0.078890532309261,0.0776114220629834,0.0751775408401037,0.00127911024627755,0.805852060735771,1.20846117604722,9.54545454545454,9.45454545454546,1.45454545454545
2022-11-08,"same_day_conditional",0.291509615391131,0.216612350098176,0.146699540881723,0.0790845418497778,0.0775096581261453,0.0748972652929552,0.00157488372363246,0.83799978931868,1.23719095337098,9.63636363636364,9.36363636363636,1.54545454545455
2022-11-09,"same_day_conditional",0.71980848569407,0.557613509932289,0.510201396913345,0.0800158187719405,0.0775847306552323,0.162194975761782,0.00243108811670815,0.904885873778956,1.17503485194843,9.54545454545454,9.72727272727273,1.72727272727273
2022-11-10,"same_day_conditional",0.477431869922438,1.1196394770267,2.76785819568589,0.0836511887050749,0.0823992422687961,-0.642207607104264,0.00125194643627878,0.997812542916373,1.43452737742924,10.0909090909091,9.18181818181818,1.36363636363636
2022-11-11,"same_day_conditional",1.03933678988322,0.467720831308954,0.451459916913966,0.0829975697748556,0.0800190012905201,0.571615958574265,0.00297856848433553,0.982740014915885,1.4274617482462,10.1818181818182,9.36363636363636,1.36363636363636
2022-11-12,"same_day_conditional",1.07436884552165,0.95647809884385,0.292697311164444,0.0838728068155371,0.0813197545931773,0.117890746677798,0.00255305222235984,0.758386047711137,1.42356200461061,10.7272727272727,9.36363636363636,1.81818181818182
2022-11-13,"same_day_conditional",0.229004911165305,0.300891714195014,0.325261546210849,0.0867078943476119,0.0808623556229061,-0.071886803029709,0.00584553872470582,0.733805212924626,1.21342594653987,11.0909090909091,10.0909090909091,1.81818181818182
2022-11-14,"same_day_conditional",1.10373879230722,0.655471402423076,0.689861000606556,0.0872400427691681,0.0836164447828298,0.448267389884141,0.00362359798633828,0.859638619024837,1.12590283544991,10.6363636363636,10.6363636363636,1.90909090909091
2022-11-15,"same_day_conditional",0.359063508617898,0.219981745889199,0.232101513760768,0.0890439277323956,0.0866345553753445,0.139081762728699,0.00240937235705105,0.964533656519334,1.2905730129308,9.90909090909091,10.3636363636364,2.09090909090909
2022-11-16,"same_day_conditional",0.265024270453159,0.110525111254207,0.143811309429785,0.0902264682644412,0.0876507691065271,0.154499159198952,0.00257569915791406,0.943526715366087,1.49498271936426,10.1818181818182,9.54545454545454,2.09090909090909
2022-11-17,"same_day_conditional",0.587359852104232,0.445638701220659,0.399086472135965,0.0909199993500861,0.0871418846288317,0.141721150883573,0.00377811472125438,1.03486737172785,1.4586682246392,9.90909090909091,8.90909090909091,2
2022-11-18,"same_day_conditional",0.158778161835649,0.0942469476287389,0.184268608227429,0.0959994360604201,0.088505642301413,0.0645312142069098,0.00749379375900711,1.13203351703037,1.4493347513848,9.18181818181818,9.18181818181818,1.81818181818182
2022-11-19,"same_day_conditional",0.0645818296052157,0.077982544254883,0.107857112321601,0.0928304164508272,0.0870145418618289,-0.0134007146496673,0.0058158745889983,1.18611373729513,1.58355125810944,9.45454545454546,9.09090909090909,1.72727272727273
2022-11-20,"same_day_conditional",0.735613027180005,0.6371691616743,0.409352954206382,0.0925276883854714,0.0843177563043328,0.0984438655057045,0.00820993208113866,1.22769000800326,1.46562553184222,8.72727272727273,9.27272727272727,1.72727272727273
2022-11-21,"same_day_conditional",0.422040004403425,0.323313543942115,0.461437488188675,0.0939349853343348,0.0870341208973303,0.0987264604613097,0.00690086443700453,1.26242533337077,1.36827642826863,8.90909090909091,9.27272727272727,1.63636363636364
2022-11-22,"same_day_conditional",0.134590848692162,0.101012353498134,0.122749732421836,0.0957952599187641,0.089027213505976,0.0335784951940282,0.00676804641278811,1.2935721271815,1.43462283528866,8.72727272727273,9.27272727272727,1.63636363636364
2022-11-23,"same_day_conditional",0.0708605266652644,0.113500526102453,0.0805128576152769,0.0960570160790562,0.089857115205338,-0.0426399994371889,0.00619990087371819,1.29610430814864,1.38780679396635,8.81818181818182,9.09090909090909,1.72727272727273
2022-11-24,"same_day_conditional",0.200449795606967,0.231990299755088,0.1905609623238,0.0936082867260443,0.0871181736487742,-0.0315405041481207,0.00649011307727012,1.34247103770681,1.44906626969752,8.27272727272727,8.63636363636364,1.36363636363636
2022-11-25,"same_day_conditional",0.11665782667141,0.08563065040052,0.114199919315476,0.0941502355845924,0.087730023267025,0.0310271762708904,0.00642021231756732,1.30962038425633,1.486975486109,8.27272727272727,8.54545454545454,1.36363636363636
2022-11-26,"same_day_conditional",0.198837648096626,0.238726544266421,0.16991422559224,0.092995215059255,0.087216516320341,-0.0398888961697943,0.00577869873891404,1.08157735670378,1.37199263778392,9.45454545454546,8.81818181818182,1.45454545454545
2022-11-27,"same_day_conditional",0.201732773831414,0.191126571609918,0.142801895362993,0.0913330494641784,0.0857964595063417,0.0106062022214958,0.00553658995783666,1.02647270089542,1.40334757169364,9.36363636363636,8.63636363636364,1.27272727272727
2022-11-28,"same_day_conditional",0.141537829926845,0.170936635884385,0.268789426880633,0.0911710898746914,0.0870969628644958,-0.0293988059575404,0.00407412701019559,1.03010953147747,1.24678635214021,9.45454545454546,9.63636363636364,1.27272727272727
2022-11-29,"same_day_conditional",0.077640558886854,0.0898563589171799,0.10285548460845,0.0902887523941516,0.0850462587123725,-0.0122158000303259,0.00524249368177911,0.966919864035604,1.25098134453414,9.81818181818182,9.45454545454546,1.27272727272727
2022-11-30,"same_day_conditional",0.0979997572737521,0.139986445312165,0.0925893539985165,0.0903283824245792,0.0841328058842166,-0.0419866880384129,0.00619557654036265,1.24409081952981,1.19909052846428,9.27272727272727,10.2727272727273,1.36363636363636
2022-12-01,"same_day_conditional",0.350383674516599,0.376861837856199,0.483588518290161,0.0901895535316692,0.0861802579814366,-0.0264781633396002,0.00400929555023261,1.06871531316922,1.22066117874246,10,9.90909090909091,1.36363636363636
2022-12-02,"same_day_conditional",0.322368602488266,0.269096819768352,0.24594464182831,0.0913291173193491,0.0864935278606208,0.0532717827199148,0.00483558945872834,1.11319151319826,1.31310875875716,9.72727272727273,9.45454545454546,1.54545454545455
2022-12-03,"same_day_conditional",0.124746944827919,0.0692821429947702,0.120386842042813,0.0918890181063995,0.0870961476794928,0.0554648018331484,0.00479287042690664,1.17916191633689,1.3502911062289,9.45454545454546,9.54545454545454,1.45454545454545
2022-12-04,"same_day_conditional",0.088767876676126,0.228653828994637,0.134325221748082,0.091939625992077,0.0870735955646307,-0.139885952318511,0.00486603042744631,1.10023275250887,1.24747493563781,9.54545454545454,9.90909090909091,1.45454545454545
2022-12-05,"same_day_conditional",0.0787993517738732,0.102300063513802,0.113527836190284,0.0920637506017468,0.0857278727808266,-0.0235007117399291,0.00633587782092022,1.3354670761475,1.38271089756802,8.63636363636364,9.36363636363636,1.54545454545455
2022-12-06,"same_day_conditional",0.455839466910611,0.33587360414907,0.0975087779922449,0.0905145519695888,0.0862135906630715,0.119965862761541,0.00430096130651731,1.15550042019998,1.616412476023,9.63636363636364,8.72727272727273,1.27272727272727
2022-12-07,"same_day_conditional",0.137709397602404,0.127471973924071,0.0884058767752728,0.0930894632214454,0.0869336537352065,0.0102374236783328,0.00615580948623886,1.12186514006621,1.12688614322061,9.36363636363636,10.1818181818182,1.45454545454545
2022-12-08,"same_day_conditional",0.0779536637127907,0.0688077533369095,0.106572213041702,0.0894123556478531,0.0830682724037569,0.00914591037588117,0.00634408324409624,1.14226529299006,1.48774966968094,8.72727272727273,8.81818181818182,1.45454545454545
2022-12-09,"same_day_conditional",0.0701762170480374,0.0561688977357524,0.0826257449805465,0.0900986540166847,0.0841315861834387,0.014007319312285,0.00596706783324597,1.26591350128066,1.6129339577636,9.09090909090909,8.72727272727273,1.36363636363636
2022-12-10,"same_day_conditional",0.20375476136539,0.158386640773564,0.15161878161321,0.0905895832600182,0.0840579496507453,0.0453681205918266,0.00653163360927292,1.10048695266025,1.42605740971773,9.18181818181818,8.81818181818182,1.45454545454545
2022-12-11,"same_day_conditional",0.0736913399494089,0.0920536442927207,0.100878170858752,0.0921774064581751,0.084959278685224,-0.0183623043433118,0.00721812777295114,1.1374636281977,1.37559198656552,8.81818181818182,9.45454545454546,1.54545454545455
2022-12-12,"same_day_conditional",0.0729209571716878,0.0629991372666454,0.104326381433908,0.0930825307823674,0.0845024917457169,0.00992181990504246,0.00858003903665059,1.0648191247579,1.26593375165007,9.36363636363636,9.18181818181818,1.54545454545455
2022-12-13,"same_day_conditional",0.18527397083211,0.10693427375547,0.191951710455492,0.0884321698941494,0.0816242734845844,0.0783396970766405,0.00680789640956496,1.06064075916627,1.41775970995454,9.81818181818182,9.63636363636364,1.54545454545455
2022-12-14,"same_day_conditional",0.148130571344778,0.109294300149189,0.0948832270123486,0.0886003360714127,0.0798362333378968,0.0388362711955897,0.00876410273351589,1.248304648517,1.19223082570319,9.36363636363636,9.63636363636364,1.36363636363636
2022-12-15,"same_day_conditional",0.0909327774015967,0.107218812794994,0.101196018734544,0.0885183592587363,0.0805017856285262,-0.016286035393397,0.00801657363021016,1.2345137059365,1.50819636457995,9,9,1.63636363636364
2022-12-16,"same_day_conditional",0.081588862532699,0.114436109480444,0.222244560896322,0.0879164000857747,0.0792552017150265,-0.0328472469477446,0.00866119837074812,1.23866086929589,1.32876691427147,9.09090909090909,10.0909090909091,1.54545454545455
2022-12-17,"same_day_conditional",0.241468069117029,0.31497937818511,0.204294444045187,0.0835881148473106,0.0767354892433664,-0.0735113090680812,0.00685262560394422,1.10943321331221,1.30177582378839,9.72727272727273,9.72727272727273,1.54545454545455
2022-12-18,"same_day_conditional",0.0746321671494653,0.07573769943257,0.106873713508375,0.0824489409642288,0.0762019820668012,-0.00110553228310472,0.00624695889742762,1.20778782337773,1.22455822248137,9.27272727272727,9.63636363636364,1.36363636363636
2022-12-19,"same_day_conditional",0.173223368621971,0.217504047129766,0.126020097746538,0.0808666157728787,0.0753781544324975,-0.0442806785077949,0.00548846134038128,1.25560104755778,1.16838202575894,9.09090909090909,10.2727272727273,1.54545454545455
2022-12-20,"same_day_conditional",0.0999748856499745,0.0677479325746697,0.0605609082346222,0.0813230100144024,0.0753286311144972,0.0322269530753048,0.00599437889990519,0.982600908511711,1.23327935399882,9.63636363636364,9.81818181818182,1.63636363636364
2022-12-21,"same_day_conditional",0.172543708492014,0.24823554910124,0.106857525703219,0.081290165397613,0.0760522867747104,-0.0756918406092254,0.00523787862290255,1.19291902598336,1.2194516992282,9.45454545454546,10,1.45454545454545
2022-12-22,"same_day_conditional",0.287105887963945,0.285714062502063,0.143701472696644,0.0836882515905738,0.0764624247050673,0.00139182546188224,0.00722582688550655,1.19275903525031,1.1389357968109,9.45454545454546,9.63636363636364,1.45454545454545
2022-12-23,"same_day_conditional",0.116811671057875,0.145629294467428,0.109192631642077,0.0818607785848023,0.0771945733173469,-0.0288176234095532,0.00466620526745544,0.895892416353218,1.08456207117003,9.90909090909091,10.2727272727273,1.63636363636364
2022-12-24,"same_day_conditional",0.101186733734805,0.152466664112736,0.0982753204703339,0.0815948897027317,0.0764066511053196,-0.0512799303779301,0.00518823859741209,0.981886484224621,1.16472406623759,10,9.81818181818182,1.36363636363636
2022-12-25,"same_day_conditional",0.246510934065067,0.261360521877784,0.293612071103421,0.0813435024398475,0.0754442262596979,-0.0148495878127166,0.00589927618014956,0.935870217755636,1.08194155878897,10.0909090909091,10,1.36363636363636
2022-12-26,"same_day_conditional",0.0937610572435321,0.112563077567743,0.120993318886094,0.0845539505697669,0.0801039838489215,-0.018802020324211,0.0044499667208454,0.948386853465129,1.38030183567815,9.90909090909091,8.90909090909091,1.18181818181818
2022-12-27,"same_day_conditional",0.09683191045512,0.0881133261807511,0.114399628932576,0.0839522436790638,0.0778100196273488,0.00871858427436882,0.00614222405171506,0.883411744016503,0.972108160294931,9.90909090909091,10.2727272727273,1.54545454545455
2022-12-28,"same_day_conditional",0.172971020677432,0.203614883597407,0.128405982798131,0.084785645330523,0.0780938740415983,-0.0306438629199754,0.00669177128892477,0.786016432177608,1.05699665565187,10.4545454545455,10.1818181818182,1.72727272727273
2022-12-29,"same_day_conditional",0.0846426248166923,0.0928006002435155,0.0927272946478878,0.0836484320685817,0.0789492222743397,-0.00815797542682313,0.00469920979424203,0.791522479273575,1.10434512650885,10.4545454545455,10.4545454545455,1.63636363636364
2022-12-30,"same_day_conditional",0.0995217824156593,0.105915531882707,0.103317962142371,0.0838926591709524,0.0796219445022825,-0.00639374946704748,0.00427071466866993,0.705009161514906,1.09697982506227,10.8181818181818,10.2727272727273,1.72727272727273
2022-12-31,"same_day_conditional",0.100810928937051,0.119596592305084,0.164747073794065,0.085028518547504,0.0818369179736424,-0.0187856633680337,0.0031916005738616,0.710965541328912,1.02710737138101,10.8181818181818,9.81818181818182,1.63636363636364
2023-01-01,"same_day_conditional",0.193984322204441,0.207848053483724,0.196243653522855,0.0837963509632233,0.0815734712731521,-0.0138637312792831,0.00222287969007115,0.683926961142382,1.1626732072637,10.4545454545455,9.90909090909091,1.54545454545455
2023-01-02,"same_day_conditional",0.143985463122732,0.171686934657786,0.227574919962703,0.0833913476264412,0.0805154425467028,-0.0277014715350541,0.00287590507973838,0.950522170779068,1.17619945684496,9.81818181818182,10.0909090909091,1.45454545454545
2023-01-03,"same_day_conditional",0.087871292449151,0.115347946668555,0.0848984497615152,0.0831543472517679,0.0814846895858092,-0.0274766542194039,0.00166965766595867,0.997051745482566,1.21643292633596,10,9.90909090909091,1.36363636363636
2023-01-04,"same_day_conditional",0.120794720612756,0.113887067628172,0.0960062479647718,0.0837498390644911,0.0810102051826577,0.00690765298458346,0.00273963388183336,0.990607824805532,1.1815999406375,10.0909090909091,10.2727272727273,1.54545454545455
2023-01-05,"same_day_conditional",0.104112637337697,0.0771553621210255,0.115164337773171,0.0839722073332395,0.0825781837729405,0.0269572752166716,0.00139402356029897,1.13927156858663,1.20961628649104,9.81818181818182,9.72727272727273,1.27272727272727
2023-01-06,"same_day_conditional",0.108957349031222,0.101681798385895,0.103887304702599,0.0828424346343076,0.0796617696996432,0.00727555064532663,0.00318066493466446,1.05058324731884,1.18742270377706,9.45454545454546,10.5454545454545,1.54545454545455
2023-01-07,"same_day_conditional",0.0834237879366352,0.0746501429803724,0.117585936777989,0.0824522711731051,0.0800228856130885,0.00877364495626288,0.00242938556001656,1.13548316795683,1.24548539659599,9.18181818181818,9.54545454545454,1.27272727272727
2023-01-08,"same_day_conditional",0.0828151490614197,0.0841953697459716,0.124739517284313,0.0846657603886754,0.0811363608390772,-0.00138022068455192,0.00352939954959821,1.25213058018114,1.48513328066278,8.72727272727273,9.18181818181818,1.45454545454545
2023-01-09,"same_day_conditional",0.105560295306312,0.0760504046522799,0.0947513904012967,0.0853374284893354,0.0817286645891461,0.0295098906540322,0.00360876390018931,1.14792581125472,1.41828330272218,9.18181818181818,9.18181818181818,1.27272727272727
2023-01-10,"same_day_conditional",0.0876202696646761,0.0796213229449533,0.121780875798277,0.0852685913572973,0.0821271501047761,0.00799894671972276,0.00314144125252124,1.31401335174,1.5345948433833,8.72727272727273,8.81818181818182,1
2023-01-11,"same_day_conditional",0.110080843707587,0.174118772384905,0.0772601064179784,0.0830842263103612,0.0804623652665065,-0.0640379286773176,0.00262186104385476,1.15734994679546,1.51080980721339,9.27272727272727,9,1
2023-01-12,"same_day_conditional",0.138445699934482,0.14249536532357,0.154353137525656,0.084397803643852,0.081184615295011,-0.00404966538908787,0.00321318834884102,1.22444869679528,1.37881292996179,8.81818181818182,9,1.18181818181818
2023-01-13,"same_day_conditional",0.571958097642562,0.523461576472738,0.25993375583021,0.0851687762569988,0.0809187729319534,0.048496521169824,0.0042500033250454,1.28533861138323,1.42200500914043,9,9,1.09090909090909
2023-01-14,"same_day_conditional",0.201959324228924,0.194609211962088,0.0926585075862689,0.0854692917695313,0.0806627420820152,0.00735011226683564,0.00480654968751612,1.15941354911182,1.30411836625412,9.36363636363636,9.81818181818182,1.45454545454545
2023-01-15,"same_day_conditional",0.12704497556954,0.210828285046854,0.10654812485544,0.085204948604472,0.0814050423853082,-0.083783309477314,0.00379990621916376,1.09257280732182,1.34760004606807,9.36363636363636,9.63636363636364,1.63636363636364
2023-01-16,"same_day_conditional",0.681434650241009,1.18183101311722,0.0868672023559757,0.0870270746020041,0.0817052183149115,-0.50039636287621,0.00532185628709258,1.08666850068094,1.37045748029844,9.09090909090909,9.72727272727273,1.90909090909091
2023-01-17,"same_day_conditional",0.142212744141145,0.181136333356914,0.100651560379593,0.0890233245281325,0.0859462376144822,-0.0389235892157688,0.00307708691365029,1.20656076797727,1.20152364304093,9.18181818181818,10.3636363636364,1.54545454545455
2023-01-18,"same_day_conditional",0.248840720924853,0.234105250453452,0.280104355722346,0.0888934335808786,0.0870502804657228,0.0147354704714012,0.00184315311515585,1.55248383080121,1.39790696354728,9.54545454545454,9.18181818181818,1.63636363636364
2023-01-19,"same_day_conditional",0.276209006699485,0.214855245159846,0.102818530301119,0.0918729840505061,0.0892710679686583,0.0613537615396384,0.00260191608184779,1.20972578386164,1.69175384239156,9.09090909090909,8.81818181818182,1.45454545454545
2023-01-20,"same_day_conditional",0.105099731385321,0.130775221135929,0.106290449054362,0.0928237186198576,0.0918935802301524,-0.0256754897506087,0.000930138389705204,1.12060688050738,1.60300972667619,9,8.63636363636364,1.45454545454545
2023-01-21,"same_day_conditional",0.235705477857863,0.265710210909957,0.129026393489228,0.0955242311797409,0.0920237276745877,-0.0300047330520937,0.00350050350515319,1.15427084730379,1.47624235120274,9.18181818181818,9.45454545454546,1.63636363636364
2023-01-22,"same_day_conditional",0.0786077400701645,0.0870537214162206,0.0736659285513769,0.0957995047586266,0.0925053212823058,-0.00844598134605616,0.00329418347632081,1.15303703938321,1.42530623837082,9.27272727272727,9.36363636363636,1.45454545454545
2023-01-23,"same_day_conditional",0.0861146784850991,0.10278620073743,0.122857380663969,0.0946128891905673,0.0925832993966079,-0.0166715222523312,0.00202958979395936,0.88595826283928,1.52237171357544,9.45454545454546,9,1.45454545454545
2023-01-24,"same_day_conditional",0.123465462256734,0.162792092065415,0.1304312028578,0.094476689979756,0.0917401332136972,-0.0393266298086805,0.00273655676605875,1.10591033613255,1.38608578871703,9.09090909090909,9.36363636363636,1.63636363636364
2023-01-25,"same_day_conditional",0.148237886420286,0.235281807626737,0.170338066687984,0.0912767663174906,0.0897356169190009,-0.087043921206451,0.00154114939848963,1.07883330559764,1.34426591849512,9,9.90909090909091,1.72727272727273
2023-01-26,"same_day_conditional",0.092189363654785,0.0917595513719719,0.131344183817403,0.0909197952691476,0.0892996981713566,0.000429812282813097,0.00162009709779104,1.10517249350615,1.29150027005665,9.18181818181818,10.0909090909091,1.90909090909091
2023-01-27,"same_day_conditional",0.0657150111953592,0.0633826641568334,0.0942311991622529,0.091197024517198,0.0883618509949637,0.00233234703852573,0.00283517352223432,1.27163767070883,1.27556522279148,8.81818181818182,9.90909090909091,1.81818181818182
2023-01-28,"same_day_conditional",0.0802775841183563,0.0826310188314456,0.114274887747976,0.0916022742299598,0.0883912028744796,-0.00235343471308934,0.0032110713554802,1.07877460368738,1.29515263246668,9.27272727272727,10.1818181818182,2
2023-01-29,"same_day_conditional",0.0714869333102334,0.0693867483680937,0.07505356297988,0.0931089663858368,0.0901909699349141,0.00210018494213962,0.00291799645092265,1.037370363744,1.32329697221068,9.27272727272727,10.1818181818182,1.90909090909091
2023-01-30,"same_day_conditional",0.126059029393819,0.0778503065543301,0.122141916478886,0.0921189073761041,0.0910692405904198,0.0482087228394887,0.00104966678568429,1.17796715676119,1.44394093880545,9.36363636363636,10.2727272727273,1.81818181818182
2023-01-31,"same_day_conditional",0.101480703494248,0.0859641133944671,0.14266312585951,0.0931975652496227,0.0931042207490979,0.0155165900997811,0.0000933445005248418,0.953542544732194,1.41667794588272,10.6363636363636,10.4545454545455,1.90909090909091
2023-02-01,"same_day_conditional",0.0975011462809091,0.0882318585097271,0.082928579229574,0.0909753058996039,0.0907457833126798,0.00926928777118197,0.000229522586924158,0.88985696472391,1.37236518048001,10.4545454545455,11.0909090909091,2.27272727272727
2023-02-02,"same_day_conditional",0.165407838570656,0.140635998061773,0.192557687844827,0.0922133473197392,0.09082122254483,0.0247718405088832,0.00139212477490913,1.08742769268447,1.43875947348585,9.63636363636364,11.3636363636364,2.18181818181818
2023-02-03,"same_day_conditional",0.0750838758808944,0.0753577250558073,0.157778103841842,0.0931310102855758,0.0920866627838448,-0.000273849174912817,0.00104434750173099,1.21688061814547,1.5336836975979,9.81818181818182,10.5454545454545,2.09090909090909
2023-02-04,"same_day_conditional",0.400704316284617,0.377565658972846,0.264567016636713,0.0908159660315205,0.0906481162376014,0.023138657311771,0.000167849793919049,1.19063804671234,1.56468734043213,9.81818181818182,10.4545454545455,2.09090909090909
2023-02-05,"same_day_conditional",0.294731726681956,0.259632634529515,0.380287515571248,0.091895109205642,0.0921779143487912,0.0350990921524413,-0.000282805143149236,1.16050868731246,1.56886585452841,9.63636363636364,10.0909090909091,2
2023-02-06,"same_day_conditional",0.105703073295204,0.0740413341501301,0.0856096329203775,0.0940514773519708,0.093842881053226,0.0316617391450741,0.000208596298744807,1.25046340269893,1.74423416348515,9.36363636363636,9.72727272727273,1.90909090909091
2023-02-07,"same_day_conditional",0.0678585354154222,0.0650818434412064,0.0999207533563855,0.0921764246430912,0.0921151452275769,0.0027766919742157,0.0000612794155142621,1.19464557025997,1.8173576573308,9.18181818181818,10,2.09090909090909
2023-02-08,"same_day_conditional",0.187107653344192,0.186491020589867,0.0879076985665112,0.0907888870470831,0.0893239233415491,0.000616632754325128,0.00146496370553396,1.10477732073374,1.75947261699664,9.54545454545454,10.0909090909091,2.18181818181818
2023-02-09,"same_day_conditional",0.290158261403467,0.193013913128083,0.123641537923777,0.0915499435305567,0.0890620109003605,0.0971443482753844,0.00248793263019619,1.12765568199067,1.44205407637024,9.54545454545454,10.2727272727273,1.81818181818182
2023-02-10,"same_day_conditional",0.078781111424235,0.0848328670842474,0.0881838122898456,0.0941933358753292,0.0917549559607812,-0.00605175566001239,0.00243837991454805,1.06752727095188,1.32076114975928,9.63636363636364,11.6363636363636,1.90909090909091
2023-02-11,"same_day_conditional",0.170650379876485,0.203883786876223,0.16073509346441,0.0945504287879852,0.0905578124455617,-0.0332334069997375,0.00399261634242346,0.822345473513365,1.42259106070264,10.3636363636364,11.0909090909091,1.90909090909091
2023-02-12,"same_day_conditional",0.0912372715845665,0.162553238283599,0.13378795048177,0.0939981795534274,0.0933573391148058,-0.0713159666990327,0.000640840438621544,0.86455008903814,1.59883236383791,10.4545454545455,10.2727272727273,1.63636363636364
2023-02-13,"same_day_conditional",0.0804001478127223,0.170241720834389,0.091742402337064,0.0911660892859716,0.0909232551656425,-0.0898415730216668,0.000242834120329134,1.3191111174998,1.46746466849658,9.63636363636364,10.8181818181818,1.63636363636364
2023-02-14,"same_day_conditional",0.237300467774649,0.310986952488775,0.248535403134875,0.0934999856032469,0.0926011189335573,-0.0736864847141255,0.000898866669689626,0.967203354068171,1.38539318229938,9.18181818181818,10.9090909090909,1.72727272727273
2023-02-15,"same_day_conditional",0.285385945069354,0.202399789921425,0.125387168765387,0.0939141354308003,0.0913286182874864,0.0829861551479297,0.00258551714331385,0.878665240307374,1.39302980024324,10.6363636363636,11.3636363636364,1.63636363636364
2023-02-16,"same_day_conditional",0.0712017111810404,0.0838431459411769,0.089774563029506,0.0962044486337186,0.0931595705527107,-0.0126414347601365,0.00304487808100795,0.95852274041358,1.26579355622577,10.2727272727273,11.4545454545455,1.81818181818182
2023-02-17,"same_day_conditional",0.907944587594289,0.926217263055245,0.230898304559648,0.0962057200665125,0.090647732288837,-0.018272675460956,0.00555798777767553,1.05748815591884,1.28950573587281,9.63636363636364,11.1818181818182,1.81818181818182
2023-02-18,"same_day_conditional",0.100189959985717,0.098531540183909,0.146301037940087,0.0972236214030027,0.093073631600144,0.00165841980180827,0.00414998980285864,0.876646712048913,1.08076251480392,10.4545454545455,12.0909090909091,1.90909090909091
2023-02-19,"same_day_conditional",0.0818100165493849,0.0673633213104207,0.114609048246039,0.0962011850718223,0.0928591053904376,0.0144466952389642,0.00334207968138472,0.992920496944528,1.20902795864587,10.8181818181818,12.3636363636364,2.18181818181818
2023-02-20,"same_day_conditional",0.174634447792776,0.417376387015871,0.248835029632257,0.0977001112851086,0.0960357417720291,-0.242741939223095,0.00166436951307942,1.00772323788727,1.37624818880018,10.1818181818182,12.2727272727273,2.18181818181818
2023-02-21,"same_day_conditional",0.310685306039037,0.458932598537843,0.217889175346078,0.0967258862539837,0.0944741745793265,-0.148247292498806,0.00225171167465718,0.956720735261625,1.34328345515264,10.2727272727273,10.9090909090909,1.81818181818182
2023-02-22,"same_day_conditional",0.1150363637002,0.10678558081844,0.149615982729323,0.0979883076038186,0.0940951823070398,0.00825078288176085,0.00389312529677879,1.03929355924582,1.24219682458206,9.72727272727273,11.5454545454545,1.72727272727273
2023-02-23,"same_day_conditional",0.0694696238472926,0.0754056932782885,0.0931452973270948,0.0974038861775875,0.0952573144330187,-0.00593606943099594,0.00214657174456876,1.15771373014851,1.39542396002794,10.3636363636364,11.1818181818182,1.63636363636364
2023-02-24,"same_day_conditional",0.0843634782615924,0.0896529251401085,0.129549162139799,0.09696147738954,0.09546858680831,-0.00528944687851612,0.00149289058123003,1.24417685523021,1.64011972326392,10,10,1.36363636363636
2023-02-25,"same_day_conditional",0.0699955565093657,0.100883060596656,0.0719523822126475,0.0972382085108997,0.0952693563328296,-0.0308875040872905,0.00196885217807011,1.12655094235034,1.47017727151353,10.4545454545455,10.7272727272727,1.45454545454545
2023-02-26,"same_day_conditional",0.0821730558914329,0.0949384754774346,0.108481754095363,0.0957207108158897,0.0930639924396129,-0.0127654195860017,0.00265671837627679,1.04917862749073,1.37194361344723,10.3636363636364,11.2727272727273,1.72727272727273
2023-02-27,"same_day_conditional",0.0860318475546344,0.0937840584617678,0.0994076175168951,0.0931634094891211,0.0933169232832172,-0.00775221090713336,-0.000153513794096076,0.924702930439672,1.3288092706824,10.8181818181818,11.3636363636364,1.81818181818182
2023-02-28,"same_day_conditional",0.0744030052044414,0.0757008927901509,0.11129195714884,0.0912744959129264,0.0918791459082426,-0.00129788758570954,-0.000604649995316169,1.01098399074927,1.3923380442888,10.3636363636364,10.5454545454545,1.27272727272727
2023-03-01,"same_day_conditional",0.497243184307856,0.401332431685856,0.217507349935513,0.0933770425558146,0.0942371497160261,0.0959107526220001,-0.000860107160211502,0.900823431499402,1.37389080852469,10.8181818181818,10.8181818181818,1.72727272727273
2023-03-02,"same_day_conditional",0.949313538486801,0.963439968958485,0.189175644289686,0.0934928872104924,0.0934920586191179,-0.0141264304716839,0.00000082859137449931,0.930464606123491,1.35947837018461,11.0909090909091,11.4545454545455,1.72727272727273
2023-03-03,"same_day_conditional",0.0962217721478501,0.116404948773769,0.0943182860849001,0.0936910255256357,0.0927952160575146,-0.0201831766259188,0.000895809468121063,0.867680292025881,1.13686008416803,11.6363636363636,11.4545454545455,1.90909090909091
2023-03-04,"same_day_conditional",0.0757557808981099,0.0601291676511012,0.116758584337585,0.0947585957707815,0.0911377155847644,0.0156266132470087,0.00362088018601706,0.872719902872153,1.09901838698106,11.7272727272727,11.8181818181818,1.72727272727273
2023-03-05,"same_day_conditional",0.11213828117099,0.0978721838683585,0.168740470346457,0.0945667137486494,0.0909633878447164,0.0142660973026312,0.00360332590393295,1.00592510924786,1.17520579983789,10.4545454545455,11.6363636363636,1.54545454545455
2023-03-06,"same_day_conditional",0.111671430148025,0.0821189404637179,0.104125557150781,0.0943100599716062,0.0912717263019884,0.0295524896843074,0.00303833366961784,1.17692666631236,1.28412052036367,10.6363636363636,11.0909090909091,1.54545454545455
2023-03-07,"same_day_conditional",0.0930018156349036,0.0827281049779836,0.117200806968758,0.0949328058382612,0.0925608351353608,0.01027371065692,0.00237197070290046,0.754248413616746,1.26823053946127,12,11,1.63636363636364
2023-03-08,"same_day_conditional",0.126459705062763,0.103482698654957,0.154225093716288,0.0961791189587627,0.0937439753750221,0.022977006407806,0.00243514358374054,0.769266743264912,1.50287203713907,12.1818181818182,10.3636363636364,1.45454545454545
2023-03-09,"same_day_conditional",0.745242960620465,0.745093936281309,0.573755403235554,0.0963629458964068,0.0929427992507417,0.000149024339156299,0.00342014664566513,1.15678385125303,1.3850804787584,10.7272727272727,10.8181818181818,1.36363636363636
2023-03-10,"same_day_conditional",0.267318767461797,0.29928794623905,0.148751227871246,0.103186163171267,0.0976244150699003,-0.0319691787772533,0.0055617481013666,0.884273852525671,1.27679488713852,11.1818181818182,10.9090909090909,1.81818181818182
2023-03-11,"same_day_conditional",1.02081588250445,1.47816886518795,1.75402894578919,0.100221946880358,0.0956168979014379,-0.457352982683495,0.00460504897891967,1.34072585707447,1.53592576929585,9.36363636363636,10.7272727272727,1.54545454545455
2023-03-12,"same_day_conditional",5.2303308966538,7.54924465055646,11.0063400874478,0.100882838198304,0.0940190847696302,-2.31891375390266,0.00686375342867389,1.19924140464621,1.37817043258988,9.90909090909091,10.9090909090909,1.90909090909091
2023-03-13,"same_day_conditional",1.55798320324609,0.465303341938329,1.47545735730447,0.105265182987754,0.100948785281825,1.09267986130776,0.00431639770592893,1.06445081748611,1.72424582861156,9.81818181818182,10.3636363636364,2.09090909090909
2023-03-14,"same_day_conditional",0.520596070784731,0.355930219404242,0.179010634855111,0.109970808944153,0.0997156021704502,0.164665851380489,0.010255206773703,1.19715818994265,1.59527518826447,9.81818181818182,10.3636363636364,1.90909090909091
2023-03-15,"same_day_conditional",0.234707821313529,0.403954750613433,0.191572742550613,0.111196524291377,0.103630882260485,-0.169246929299904,0.0075656420308927,1.17335683242967,1.93310564664062,10,10.3636363636364,2.09090909090909
2023-03-16,"same_day_conditional",0.276841723542884,0.213056370591082,0.256981305233228,0.110902463476741,0.103543711349952,0.0637853529518018,0.00735875212678922,1.15758463752357,1.7162055226286,10,10.4545454545455,2.09090909090909
2023-03-17,"same_day_conditional",0.54813261450115,0.482484988039807,0.475262485214884,0.112665221181381,0.10487741625675,0.0656476264613431,0.00778780492463129,1.09643768796163,1.92293461203357,9.72727272727273,9.72727272727273,1.90909090909091
2023-03-18,"same_day_conditional",0.345440106161998,0.389990799564765,0.210931505069832,0.110576163275231,0.102414701828137,-0.0445506934027665,0.0081614614470934,1.19937121676513,1.70450081291515,9.09090909090909,9.81818181818182,1.63636363636364
2023-03-19,"same_day_conditional",0.570662068534262,0.596880926517038,0.24380692554435,0.110616196695436,0.102708396727628,-0.0262188579827758,0.00790779996780775,1.32465433192814,1.81547762322891,9.27272727272727,9.72727272727273,1.90909090909091
2023-03-20,"same_day_conditional",0.366597199795473,0.32628020314919,0.158295896515,0.112859123389357,0.105705641687313,0.0403169966462836,0.00715348170204396,1.1160867548178,1.75639646641878,9.54545454545454,10,2.18181818181818
2023-03-21,"same_day_conditional",0.250371197069489,0.237680130843031,0.394645865583444,0.114145095960196,0.108877763990205,0.0126910662264581,0.00526733196999071,1.21876134794268,1.62961202238573,9.27272727272727,11.1818181818182,2.36363636363636
2023-03-22,"same_day_conditional",0.179565002934557,0.150938740852626,0.297959612462812,0.114907200152244,0.111730161047006,0.0286262620819317,0.00317703910523759,1.13415813239647,1.68780587874974,10.5454545454545,10.2727272727273,2.18181818181818
2023-03-23,"same_day_conditional",0.176912965116661,0.159286199298008,0.307655706043056,0.116518265390732,0.111253107149762,0.0176267658186522,0.00526515824097,1.10275321301581,1.65007501563284,10.6363636363636,11,2
2023-03-24,"same_day_conditional",0.196315064774692,0.187222372232692,0.241315018385082,0.115020705686984,0.107881030142544,0.00909269254200023,0.0071396755444406,1.25608204398634,1.69722307532991,10.2727272727273,10.5454545454545,2
2023-03-25,"same_day_conditional",0.463856707441256,0.340246284187015,0.377262651788853,0.110601008699466,0.105311867657262,0.123610423254241,0.00528914104220366,1.23497441352097,1.6914354186007,10.6363636363636,10,1.90909090909091
2023-03-26,"same_day_conditional",0.21944108675067,0.232723744476509,0.336264038957347,0.109572738385641,0.103458373724056,-0.0132826577258383,0.00611436466158426,1.43500223346391,1.39589004694624,9.27272727272727,10.3636363636364,1.36363636363636
2023-03-27,"same_day_conditional",0.154275111569497,0.12392633999865,0.081296415671489,0.107446511849939,0.102396246798367,0.0303487715708473,0.00505026505157123,1.28737215945133,1.37874894957676,10.0909090909091,10.3636363636364,1.36363636363636
2023-03-28,"same_day_conditional",0.80252545047489,0.903780223018319,0.519795728579896,0.105425935621848,0.100301004093046,-0.101254772543429,0.00512493152880216,1.26498633783466,1.51113520839072,9.36363636363636,10.0909090909091,1.18181818181818
2023-03-29,"same_day_conditional",0.100235875965446,0.0991807035443879,0.136721944252482,0.107473985452383,0.103971599867971,0.00105517242105809,0.00350238558441218,1.15903652478883,1.55011764195967,10.0909090909091,9.54545454545454,1.27272727272727
2023-03-30,"same_day_conditional",0.225896039770494,0.250656910942161,0.147492450542998,0.107353310134507,0.103228042904801,-0.0247608711716666,0.00412526722970543,1.249407123764,1.47671146480151,10.0909090909091,9.90909090909091,1.45454545454545
2023-03-31,"same_day_conditional",0.0803651081640847,0.0789892797568961,0.130307447030881,0.105224223022063,0.101131161584691,0.0013758284071886,0.00409306143737281,1.16333386620655,1.38593288018469,9.90909090909091,9.81818181818182,1.45454545454545
2023-04-01,"same_day_conditional",0.0795371549185277,0.0798271185542032,0.0969473760867698,0.105138186829064,0.102455407991337,-0.000289963635675494,0.00268277883772745,1.19416788860871,1.57920032877931,9.63636363636364,9.81818181818182,1.27272727272727
2023-04-02,"same_day_conditional",0.0799653564087004,0.0705502159663592,0.101853131374687,0.10540037374897,0.103334773806718,0.00941514044234118,0.00206559994225197,1.11846636729288,1.37240621149987,9.36363636363636,10.2727272727273,1.18181818181818
2023-04-03,"same_day_conditional",0.0913698933416351,0.0815967927177567,0.134405412578062,0.103520715269816,0.099930092938584,0.0097731006238784,0.00359062233123203,1.11644249940969,1.43026178833056,9.45454545454546,9.81818181818182,1.18181818181818
2023-04-04,"same_day_conditional",0.0825098633542524,0.0667541032131089,0.0744550661728286,0.103158726419156,0.0985440032623375,0.0157557601411435,0.00461472315681854,1.19751847695822,1.33680639017799,8.81818181818182,10.0909090909091,1.54545454545455
2023-04-05,"same_day_conditional",0.162290139611458,0.27592262798767,0.153119741609846,0.0992228534844552,0.0958274998458136,-0.113632488376212,0.00339535363864159,1.1544873497947,1.35450211180738,9.54545454545454,9.72727272727273,1.27272727272727
2023-04-06,"same_day_conditional",0.0787691308901761,0.07058457981745,0.0770816259424648,0.0977759509877359,0.0974767497521315,0.00818455107272602,0.00029920123560435,1.26713848070183,1.51385779222832,8.81818181818182,9.90909090909091,1
2023-04-07,"same_day_conditional",0.0766893513239981,0.0714963377485646,0.0895681585000095,0.0968507739282106,0.0968360522384083,0.00519301357543351,0.000014721689802281,1.19396820933913,1.63638642808361,9.27272727272727,8.81818181818182,0.909090909090909
2023-04-08,"same_day_conditional",0.175328095373099,0.161718721894956,0.123680296527419,0.0983469517381732,0.0966676150704943,0.013609373478143,0.00167933666767897,1.21568171165306,1.68214481510796,9,9.27272727272727,1.09090909090909
2023-04-09,"same_day_conditional",0.25931256776244,0.233175022729935,0.215017407290671,0.0997656931983034,0.0976784158020866,0.0261375450325047,0.00208727739621687,1.13791425685549,1.50563747557883,9.54545454545454,10,1.18181818181818
2023-04-10,"same_day_conditional",0.087333639587009,0.0701501694843021,0.106466162603605,0.102135377453564,0.0992502057682002,0.0171834701027069,0.00288517168536333,1.17949498076074,1.56027820074417,8.72727272727273,9.90909090909091,1.45454545454545
2023-04-11,"same_day_conditional",0.398586695073457,0.374877653293186,0.18673046163887,0.101637296394127,0.09813826921534,0.0237090417802711,0.0034990271787868,1.20895355929795,1.55753865871293,9.09090909090909,9.54545454545454,1.63636363636364
2023-04-12,"same_day_conditional",0.100770048245218,0.128109561289719,0.112972074569952,0.104443903854415,0.0999419743666112,-0.0273395130445008,0.00450192948780333,1.11204805477835,1.55289137850748,9.45454545454546,9.36363636363636,1.63636363636364
2023-04-13,"same_day_conditional",0.147689824387956,0.125446993623018,0.122655132055832,0.102576596922978,0.0995756749295097,0.0222428307649378,0.0030009219934687,1.10243321835233,1.46864843484459,9.18181818181818,9.81818181818182,1.63636363636364
2023-04-14,"same_day_conditional",0.118365196738185,0.0884497684533641,0.126813349869897,0.103579975795609,0.097153357000833,0.0299154282848207,0.00642661879477641,1.30095080141767,1.66227031151359,9.27272727272727,9.45454545454546,1.63636363636364
2023-04-15,"same_day_conditional",0.289614258095483,0.251474640432006,0.213282440730337,0.101345181939717,0.0948408615871172,0.0381396176634767,0.00650432035260018,1.15156666183784,1.56635641454897,9.63636363636364,10.3636363636364,1.81818181818182
2023-04-16,"same_day_conditional",0.0829127235894483,0.124893538635111,0.0790752566061804,0.103203396071363,0.0944898956518443,-0.0419808150456623,0.00871350041951914,1.13616518261978,1.49303934546531,9.18181818181818,10.1818181818182,1.63636363636364
2023-04-17,"same_day_conditional",0.128614909476149,0.117858498767945,0.10960979644794,0.10133775375063,0.0931606850247399,0.0107564107082041,0.00817706872589032,1.2226681057083,1.33388185403857,9.45454545454546,10.8181818181818,1.90909090909091
2023-04-18,"same_day_conditional",0.0938508821396869,0.0764612212909663,0.10832755462844,0.10170143963088,0.0944738239253553,0.0173896608487206,0.007227615705525,1.19336858798053,1.591701611691,9.45454545454546,9.81818181818182,1.72727272727273
2023-04-19,"same_day_conditional",0.132251871161676,0.0888604018472141,0.0909079542995604,0.101439340543995,0.0949661464779795,0.0433914693144624,0.00647319406601582,1.21298674549102,1.63871125071866,9.36363636363636,10.2727272727273,1.72727272727273
2023-04-20,"same_day_conditional",0.268748548379026,0.273976514411095,0.133859245752355,0.102235640558529,0.0949619377305916,-0.00522796603206906,0.00727370282793769,1.41937374449531,1.59901021765526,8.72727272727273,9.90909090909091,1.63636363636364
2023-04-21,"same_day_conditional",0.188412565447107,0.130294328604276,0.143943486253287,0.100732384024865,0.0933482159574396,0.0581182368428303,0.00738416806742516,1.16465596664199,1.73218637099938,9.36363636363636,9.54545454545454,1.54545454545455
2023-04-22,"same_day_conditional",0.155153358466826,0.142773776243562,0.168290552672399,0.100546287686015,0.093945124127579,0.0123795822232632,0.00660116355843608,1.11677406320581,1.8284191313808,9.36363636363636,9.54545454545454,1.72727272727273
2023-04-23,"same_day_conditional",0.100880593462356,0.0725633949971479,0.136608563118959,0.102832692829327,0.0959659100847438,0.0283171984652084,0.00686678274458315,0.968425204967146,1.81296108443864,9.63636363636364,9.45454545454546,1.81818181818182
2023-04-24,"same_day_conditional",0.17031703848778,0.133992455875817,0.136796050423967,0.104256156170524,0.0964728497741613,0.0363245826119633,0.00778330639636264,1.30542152413798,1.74421899678703,9,9.63636363636364,1.81818181818182
2023-04-25,"same_day_conditional",0.0928895203917702,0.0746498300253874,0.0972854275846943,0.106330341403926,0.0988760239094779,0.0182396903663828,0.00745431749444777,1.50908163408547,1.8594788368,8.63636363636364,9.90909090909091,1.90909090909091
2023-04-26,"same_day_conditional",0.106396287123111,0.0914198455326826,0.104442531298156,0.105340930604977,0.100223141114932,0.0149764415904285,0.00511778949004585,1.263120260579,1.8603757008872,8.72727272727273,9.45454545454546,1.63636363636364
2023-04-27,"same_day_conditional",0.095198671802668,0.0638932380216477,0.0895351268482848,0.105076319621337,0.0982519118617848,0.0313054337810203,0.00682440775955189,1.10218390827384,1.8557466111082,9.36363636363636,9.36363636363636,1.45454545454545
2023-04-28,"same_day_conditional",0.0733972583289861,0.0661679484095023,0.100177154572126,0.104557100606281,0.0969760183983818,0.0072293099194838,0.00758108220789953,1.18840164862856,1.72236310825148,9.36363636363636,9.90909090909091,1.90909090909091
2023-04-29,"same_day_conditional",0.066268415524117,0.0510005567679116,0.0889530833624912,0.105382427734181,0.0971624641984653,0.0152678587562055,0.0082199635357153,1.00688491188438,1.70761316338821,9.63636363636364,10,1.81818181818182
2023-04-30,"same_day_conditional",0.0779400212486687,0.0741296911783353,0.100370069481315,0.105783691457943,0.0970098980856421,0.0038103300703334,0.00877379337230065,1.11589955573982,1.64262297531301,9.36363636363636,10,1.81818181818182
2023-05-01,"same_day_conditional",0.548895630060428,0.385304797206798,0.21168246163761,0.10554612854592,0.0980490504532857,0.16359083285363,0.00749707809263392,1.1562504857733,1.67612918388344,9.18181818181818,9.45454545454546,1.63636363636364
2023-05-02,"same_day_conditional",0.160031489575847,0.233372528879224,0.242150996611318,0.106066676750695,0.100674576631618,-0.0733410393033774,0.00539210011907694,1.07762039056531,1.85017183735445,9.54545454545454,9.45454545454546,1.72727272727273
2023-05-03,"same_day_conditional",0.154345683338842,0.23149473045236,0.15841327250781,0.105350247902871,0.102134321402442,-0.0771490471135181,0.00321592650042903,1.09391617255967,1.83334360718474,9.27272727272727,9.45454545454546,1.72727272727273
2023-05-04,"same_day_conditional",0.184270901098287,0.120019176966198,0.166194356255116,0.108282409876556,0.104736552062585,0.0642517241320887,0.00354585781397064,1.19031328242334,1.71733351695597,8.90909090909091,9.90909090909091,1.81818181818182
2023-05-05,"same_day_conditional",0.0793763542200764,0.0740304518936048,0.101054528881173,0.111156380026264,0.104527340923964,0.00534590232647162,0.0066290391022998,1.35527924480908,1.63022758702943,8.54545454545454,9.36363636363636,1.36363636363636
2023-05-06,"same_day_conditional",0.122181035715223,0.0819661673156386,0.106711549431802,0.112207368703592,0.107743411954236,0.0402148683995847,0.00446395674935523,1.37883634580272,1.812492857435,8.45454545454546,9.36363636363636,1.45454545454545
2023-05-07,"same_day_conditional",0.078455545457586,0.120062612827978,0.0956553825403374,0.113216616797429,0.106833328331559,-0.0416070673703924,0.00638328846587043,1.07243161176283,1.47408557273709,9.36363636363636,9.81818181818182,1.72727272727273
2023-05-08,"same_day_conditional",0.844612674479461,1.03772555741821,0.781454218891006,0.114790250747316,0.109289463488668,-0.193112882938754,0.00550078725864797,1.09434582100276,1.59429209828614,8.90909090909091,10,1.81818181818182
2023-05-09,"same_day_conditional",0.0858928275107899,0.0795589330376209,0.125789252313163,0.112002787520316,0.111176312960773,0.00633389447316902,0.000826474559542858,0.908366203917686,1.5384254136598,9.54545454545454,10.2727272727273,2
2023-05-10,"same_day_conditional",0.31533801358695,0.254600176485883,0.208300828268647,0.115883933089028,0.114184052056943,0.0607378371010666,0.00169988103208467,1.07864260848194,1.5876243065883,9.54545454545454,10.2727272727273,1.90909090909091
2023-05-11,"same_day_conditional",0.122083233361668,0.0936164538181919,0.09569060602493,0.115859488781725,0.111692939037031,0.0284667795434765,0.00416654974469407,1.01052425340899,1.68752850182157,9.45454545454546,10,1.72727272727273
2023-05-12,"same_day_conditional",0.0965502514190658,0.0822136586683888,0.112444422998933,0.115225243829752,0.110049251511747,0.014336592750677,0.00517599231800589,1.23283046062902,1.54883357935175,9.18181818181818,10.3636363636364,1.63636363636364
2023-05-13,"same_day_conditional",0.102761575253131,0.0891748482443686,0.13896678348891,0.112575798623414,0.10931914563802,0.0135867270087622,0.0032566529853941,1.30417371293595,1.7290409454992,9.63636363636364,9.72727272727273,1.54545454545455
2023-05-14,"same_day_conditional",0.172044900587622,0.155628014149714,0.194322165370629,0.112502689407679,0.107935866498148,0.0164168864379086,0.0045668229095307,1.44572498773528,1.50748275799414,9,10.2727272727273,1.63636363636364
2023-05-15,"same_day_conditional",0.0851122945571368,0.0770958393703927,0.0989363665651311,0.115092949251129,0.108124882669917,0.00801645518674412,0.00696806658121191,1.43654597914537,1.68454316592134,9,9.90909090909091,1.54545454545455
2023-05-16,"same_day_conditional",0.265012678476102,0.205439917915745,0.216500335967294,0.114349293349696,0.110082576361273,0.0595727605603572,0.00426671698842285,1.44413643112114,1.69235016302274,8.72727272727273,9.81818181818182,1.54545454545455
2023-05-17,"same_day_conditional",0.20545617543888,0.177553489313202,0.20015210673404,0.112428458843861,0.106785744050485,0.0279026861256779,0.00564271479337601,1.37992104084276,1.73612124607307,9.54545454545454,10.2727272727273,1.63636363636364
2023-05-18,"same_day_conditional",0.169441690443435,0.122156267528732,0.120839481823467,0.113001958705465,0.107773841291317,0.0472854229147028,0.00522811741414753,1.22632663920497,1.69351918633072,9.63636363636364,10.0909090909091,1.54545454545455
2023-05-19,"same_day_conditional",0.258904368286583,0.225988745123742,0.109335638887598,0.114628280187849,0.104908900995534,0.0329156231628412,0.00971937919231534,1.1945782544113,1.49487514030188,10.7272727272727,10.1818181818182,1.72727272727273
2023-05-20,"same_day_conditional",0.214894481059323,0.195165129487515,0.190802608946247,0.117913579391196,0.107336912345438,0.0197293515718082,0.010576667045758,1.43320683990481,1.3916452557817,9.63636363636364,10.3636363636364,1.63636363636364
2023-05-21,"same_day_conditional",0.0673837825120233,0.159918709791588,0.0895586138675466,0.116420557818762,0.107121408503509,-0.0925349272795645,0.00929914931525308,1.31886109256371,1.37472893501287,9.54545454545454,10.3636363636364,1.54545454545455
2023-05-22,"same_day_conditional",0.070839513269984,0.0669830373767066,0.0936249058978281,0.114871364695031,0.105044183137841,0.0038564758932775,0.00982718155718934,1.41425584699745,1.38627557740842,9.27272727272727,10.9090909090909,1.54545454545455
2023-05-23,"same_day_conditional",0.100222238290208,0.0867933670529695,0.111600788062626,0.115094758516295,0.104992954839867,0.0134288712372389,0.0101018036764282,1.39601378620034,1.50427932582253,9.54545454545454,10.4545454545455,1.54545454545455
2023-05-24,"same_day_conditional",0.0801189759328676,0.0888942754851265,0.123671572361034,0.112850660999818,0.107077817722316,-0.00877529955225892,0.00577284327750148,1.25278545509295,1.48585341549889,9.36363636363636,10.0909090909091,1.27272727272727
2023-05-25,"same_day_conditional",0.0967503111625176,0.0978693448712346,0.150717216260062,0.115740802029155,0.106994665208763,-0.00111903370871695,0.00874613682039185,1.54330280267955,1.52891039453956,8.54545454545454,11.1818181818182,1.81818181818182
2023-05-26,"same_day_conditional",0.0974761312263808,0.0693677393276134,0.106788353076729,0.112581634712814,0.106708246148013,0.0281083918987674,0.00587338856480111,1.332416065956,1.42465361145669,9.18181818181818,10.9090909090909,1.54545454545455
2023-05-27,"same_day_conditional",0.0589654202473966,0.0564532257856686,0.0991546016178688,0.115157238661589,0.107741860943186,0.00251219446172803,0.00741537771840365,1.36625939424333,1.56139288115477,9.09090909090909,10.7272727272727,1.63636363636364
2023-05-28,"same_day_conditional",0.301409446421758,0.176690492179204,0.109443119587525,0.116321483851785,0.111425854516959,0.124718954242555,0.0048956293348261,1.3178400246215,1.71802082497733,8.90909090909091,10.2727272727273,1.72727272727273
2023-05-29,"same_day_conditional",0.0862839223284025,0.0775934704092965,0.115764816184812,0.114510659509213,0.109883016081703,0.008690451919106,0.00462764342750992,1.11947154999398,1.5830887383076,9.63636363636364,10,1.81818181818182
2023-05-30,"same_day_conditional",0.388957674318325,0.296970855090557,0.132910065170805,0.114416825785571,0.109156466954657,0.0919868192277684,0.00526035883091486,1.01804029463473,1.76154856288676,9.36363636363636,10.1818181818182,1.72727272727273
2023-05-31,"same_day_conditional",0.10780873034196,0.103219154821605,0.120851820196796,0.114788777298275,0.108916440002644,0.00458957552035544,0.00587233729563095,1.07220890140303,1.51967571598358,9.54545454545454,10.3636363636364,1.81818181818182
2023-06-01,"same_day_conditional",0.0862000130908941,0.0834049555400276,0.114598395805218,0.114154136700164,0.108519333176589,0.00279505755086648,0.00563480352357495,1.22690743417209,1.37292131126981,8.72727272727273,9.90909090909091,1.63636363636364
2023-06-02,"same_day_conditional",0.17595359636376,0.191482033142583,0.120714930260942,0.110727050942095,0.106259310197632,-0.0155284367788229,0.00446774074446316,1.31704157922472,1.30245054346659,8.90909090909091,10.6363636363636,1.63636363636364
2023-06-03,"same_day_conditional",0.346191682835116,0.304070283063759,0.154910615012633,0.110911536281718,0.104569815559178,0.0421213997713574,0.00634172072253946,1.23508952999933,1.31938179491095,9.45454545454546,11.0909090909091,1.63636363636364
2023-06-04,"same_day_conditional",0.343704295793039,0.371316267664694,0.218487456433104,0.114320258370808,0.106769795891135,-0.0276119718716557,0.00755046247967311,1.10030256896242,1.39266485194642,9.45454545454546,10.6363636363636,1.81818181818182
2023-06-05,"same_day_conditional",0.10903992368883,0.104712492793727,0.134254044764114,0.116753656971372,0.109535257519273,0.00432743089510262,0.00721839945209829,1.12300518017032,1.37183094327969,8.90909090909091,10,1.63636363636364
2023-06-06,"same_day_conditional",0.355003819174949,0.400185685693285,0.367874576327779,0.112934767623236,0.108680125784044,-0.0451818665183357,0.00425464183919172,1.09848417687912,1.25594035473454,9.27272727272727,10.4545454545455,1.72727272727273
2023-06-07,"same_day_conditional",0.107435712435515,0.120593036415228,0.105312648465336,0.116855291027541,0.110081471507854,-0.0131573239797138,0.00677381951968701,1.22339961238603,1.23627936635317,8.90909090909091,11,1.81818181818182
2023-06-08,"same_day_conditional",0.303398389705641,0.27915474606526,0.0822220840114343,0.104674650773214,0.0959819870845346,0.0242436436403809,0.00869266368867959,1.18014783335521,1.39323058950935,8.63636363636364,10.6363636363636,1.81818181818182
2023-06-09,"same_day_conditional",0.535145428241495,0.413440923770564,0.229524012638841,0.105627868951992,0.0975143256910663,0.121704504470931,0.00811354326092611,1.04104883135486,1.35838568431684,9.09090909090909,10.5454545454545,1.81818181818182
2023-06-10,"same_day_conditional",0.293670329753876,0.249641499614336,0.235890360012465,0.105551497568833,0.0966594015285153,0.0440288301395402,0.00889209604031761,1.23777994881302,1.23854819836438,9,10.3636363636364,1.63636363636364
2023-06-11,"same_day_conditional",0.309298408313406,0.252383578153587,0.338372368581713,0.0993995203774979,0.0950031587491682,0.0569148301598192,0.00439636162832972,0.751678429955169,1.14429929320024,10.7272727272727,11.1818181818182,1.72727272727273
2023-06-12,"same_day_conditional",0.34445191045709,0.379668027176849,0.142424940681633,0.101176361104093,0.0945190688788094,-0.0352161167197583,0.00665729222528317,1.13984390065662,1.40952057666778,9.90909090909091,10.9090909090909,1.81818181818182
2023-06-13,"same_day_conditional",0.247238551293415,0.395556875283853,0.070389763203674,0.101933128651253,0.0956343777381115,-0.148318323990439,0.00629875091314181,1.39337511894632,1.14639603602061,8.90909090909091,10.7272727272727,1.54545454545455
2023-06-14,"same_day_conditional",0.361523172654027,0.312833384662564,0.150768836911167,0.102643456501417,0.0960869660253438,0.0486897879914627,0.00655649047607365,1.01576296353452,1.08937732711607,9.54545454545454,11.7272727272727,1.90909090909091
2023-06-15,"same_day_conditional",0.363946950569747,0.40274012556294,0.147260616853733,0.105852547917281,0.0986151117457562,-0.0387931749931925,0.00723743617152453,1.17057716892867,1.08305323601012,9,10.7272727272727,1.90909090909091
2023-06-16,"same_day_conditional",0.209945259966322,0.768574253111444,0.129128640109527,0.105792727378498,0.0985710618339724,-0.558628993145122,0.00722166554452571,1.06932209146619,1.20888301920654,9.90909090909091,10.2727272727273,1.36363636363636
2023-06-17,"same_day_conditional",0.286487868183145,0.251327219352079,0.100476277366758,0.106027794933316,0.0998448522978328,0.0351606488310657,0.00618294263548355,1.06703632385404,1.17438057566381,10,11.3636363636364,1.90909090909091
2023-06-18,"same_day_conditional",0.177404429977554,0.25777892555105,0.103545360816554,0.102877792644772,0.0978798266756899,-0.0803744955734955,0.00499796596908183,0.834037672106969,1.27504522980398,10.7272727272727,10.7272727272727,1.90909090909091
2023-06-19,"same_day_conditional",0.100962952696747,0.0806955655671767,0.0844354107946292,0.101823256110667,0.0966691600815177,0.0202673871295702,0.00515409602914943,0.723626697784266,1.23438301256713,10.2727272727273,10.0909090909091,1.63636363636364
2023-06-20,"same_day_conditional",0.0800003629407245,0.0838575128061944,0.11107543040931,0.101190462955077,0.096618344482188,-0.00385714986546996,0.00457211847288924,0.909065277532448,1.27551667964419,9.81818181818182,10.3636363636364,1.81818181818182
2023-06-21,"same_day_conditional",0.306024764696392,0.270965103254454,0.0897336179699205,0.0994759369598388,0.0949314823397552,0.0350596614419378,0.00454445462008355,0.737443378226095,1.05906450336649,10.4545454545455,11.0909090909091,1.72727272727273
2023-06-22,"same_day_conditional",0.400254900778698,0.414919387650288,0.261777792564297,0.0989327856618688,0.0943091864461364,-0.0146644868715908,0.00462359921573243,0.785618568870558,1.03265845979441,10.4545454545455,10.7272727272727,1.45454545454545
2023-06-23,"same_day_conditional",0.244424581654864,0.294675006191104,0.136346270813253,0.0989084563153646,0.0948657193727437,-0.0502504245362404,0.00404273694262092,0.90439923242355,1.05483397880519,9.72727272727273,10.5454545454545,1.72727272727273
2023-06-24,"same_day_conditional",0.0722701408240533,0.072054875121902,0.109133237214817,0.0966509653338395,0.0915973072527971,0.000215265702151384,0.00505365808104235,1.07190357662781,1.2065539177018,9.81818181818182,10.5454545454545,1.81818181818182
2023-06-25,"same_day_conditional",0.0877792659983627,0.085518418530286,0.132050586228529,0.097037165298045,0.092545393618306,0.00226084746807668,0.00449177167973892,0.773213070678994,1.16833075264195,10.1818181818182,10.7272727272727,1.54545454545455
2023-06-26,"same_day_conditional",0.224881536252991,0.232482237805088,0.156327345590599,0.0965838184192059,0.0928877830515694,-0.00760070155209699,0.00369603536763652,0.719642973936767,1.0736369735548,10.7272727272727,11.0909090909091,1.63636363636364
2023-06-27,"same_day_conditional",0.193929849387453,0.142910561464444,0.118328667283067,0.0940244818340523,0.0912238903453979,0.0510192879230092,0.00280059148865445,0.774805751247992,1.13204036448772,10.7272727272727,10.4545454545455,1.45454545454545
2023-06-28,"same_day_conditional",0.086300732227368,0.0897542075457745,0.104563322766662,0.093867093253362,0.0913656120684502,-0.00345347531840646,0.00250148118491174,1.03029945234124,1.07759966189687,9.63636363636364,10,1.27272727272727
2023-06-29,"same_day_conditional",0.112695711580675,0.115363485232127,0.127058995155048,0.0920266327686971,0.0894589788940723,-0.00266777365145185,0.0025676538746248,0.80929435300039,0.961739320228932,10.6363636363636,10.9090909090909,1.63636363636364
2023-06-30,"same_day_conditional",0.120850357168275,0.120989032809751,0.0867571915504521,0.0936434954957964,0.0909301546400141,-0.000138675641475991,0.00271334085578227,0.835685423756728,1.10089003442877,10.1818181818182,10,1.45454545454545
2023-07-01,"same_day_conditional",0.170486784980126,0.191218896547106,0.113578860496011,0.0934504549911102,0.0916738525533749,-0.02073211156698,0.0017766024377353,0.816514971157967,1.06199246035514,10.4545454545455,10.1818181818182,1.36363636363636
2023-07-02,"same_day_conditional",0.0690364168462051,0.0749207315653018,0.0942963753860286,0.0924784788023234,0.0907458998598363,-0.00588431471909665,0.00173257894248715,0.709300581620605,1.21345416685102,10.2727272727273,9.90909090909091,1.36363636363636
2023-07-03,"same_day_conditional",0.230512298612967,0.227358851244377,0.0829192300273679,0.0924767967145744,0.0916354589202969,0.00315344736858948,0.000841337794277527,0.756096971592045,1.14952917023257,10.2727272727273,10.0909090909091,1.36363636363636
2023-07-04,"same_day_conditional",0.0849295595548728,0.0604282346471529,0.0826827628468228,0.092069726154926,0.0899572678677465,0.0245013249077199,0.00211245828717947,0.72830430406071,0.874808495307404,10.5454545454545,11.0909090909091,1.54545454545455
2023-07-05,"same_day_conditional",0.136059968171682,0.105556410817029,0.173094058570946,0.0943380693609756,0.092753086759336,0.0305035573546531,0.00158498260163956,1.04538160303968,1.20279916774411,9.81818181818182,9.72727272727273,1.27272727272727
2023-07-06,"same_day_conditional",0.0922193012761023,0.070887333502952,0.0859644147657197,0.0931084592470339,0.0906399806817663,0.0213319677731503,0.00246847856526758,0.862772009206262,1.09639095810228,10.0909090909091,10.2727272727273,1.09090909090909
2023-07-07,"same_day_conditional",0.0733446076872857,0.120199405265596,0.074136939338737,0.091400857776496,0.0901667039179083,-0.0468547975783103,0.00123415385858768,0.887484577330679,1.03745968382698,9.81818181818182,10.5454545454545,1.36363636363636
2023-07-08,"same_day_conditional",0.093575394060105,0.0780905860422446,0.0972731435005173,0.0898256460574883,0.0878725429931903,0.0154848080178605,0.00195310306429807,0.819685929076224,1.01793460278118,10.3636363636364,10.1818181818182,1.36363636363636
2023-07-09,"same_day_conditional",0.146944414273988,0.14881857525777,0.109176962713946,0.0889521410842226,0.0866228910927485,-0.00187416098378193,0.00232924999147411,0.838517865459283,1.00482811451588,10.1818181818182,10.3636363636364,1.27272727272727
2023-07-10,"same_day_conditional",0.240198646277107,0.160052144044227,0.0899730367866156,0.0887324939873566,0.0857439470982096,0.0801465022328797,0.00298854688914694,0.899503813947908,1.1022142875402,10,10.0909090909091,1.45454545454545
2023-07-11,"same_day_conditional",0.0747732133142065,0.0714286127990832,0.0946427317537863,0.0889598551117413,0.0860483322088791,0.00334460051512328,0.00291152290286213,0.888862683312819,1.12476934216285,9.72727272727273,10.5454545454545,1.36363636363636
2023-07-12,"same_day_conditional",0.145984778861908,0.180545147500454,0.16120582650152,0.0905148559703154,0.0876127325434514,-0.0345603686385461,0.00290212342686409,0.781554261067094,1.01774608947419,9.81818181818182,10.4545454545455,1.36363636363636
2023-07-13,"same_day_conditional",0.36354458486829,0.151299588637211,0.11716519469524,0.0917066978039341,0.0881274729069599,0.212244996231079,0.00357922489697413,0.724077436804148,0.922030863904495,10.1818181818182,10.5454545454545,1.45454545454545
2023-07-14,"same_day_conditional",0.289216349975456,0.103421868788477,0.12178273852477,0.0923915775520233,0.0881577458244769,0.185794481186978,0.00423383172754637,0.750800005033908,0.934619846640565,10.4545454545455,11.3636363636364,1.72727272727273
2023-07-15,"same_day_conditional",0.331634890428812,0.334295690429585,0.207680255573621,0.0950718903889319,0.0902650271597776,-0.00266080000077371,0.00480686322915427,0.734700065235837,0.832034515537895,10.6363636363636,11.4545454545455,1.90909090909091
2023-07-16,"same_day_conditional",0.0978633557416909,0.0937201993937591,0.118420757062361,0.0957308607549674,0.0925295773598526,0.0041431563479318,0.0032012833951148,0.676312877031168,0.889934158551225,10.8181818181818,11.8181818181818,1.81818181818182
2023-07-17,"same_day_conditional",0.339890552587525,0.333178062580186,0.187528149342561,0.0950720614177812,0.0922174462462847,0.00671249000733818,0.0028546151714965,0.736418532047992,0.939469240723788,10.0909090909091,11.3636363636364,1.63636363636364
2023-07-18,"same_day_conditional",0.1811587354844,0.229112343460313,0.104808307042533,0.0978278659943712,0.0940541239542716,-0.0479536079759135,0.00377374204009963,0.695924555528032,0.981213800240151,10.9090909090909,11.0909090909091,1.45454545454545
2023-07-19,"same_day_conditional",0.0916917083209246,0.0888350644457971,0.13022452010909,0.0966895624312108,0.0954580023106414,0.00285664387512746,0.00123156012056935,0.749266664663812,1.19980139665156,10.3636363636364,10.6363636363636,1.54545454545455
2023-07-20,"same_day_conditional",0.0941922671924481,0.141649404827963,0.128958415650509,0.0982873609703546,0.0956463633552668,-0.0474571376355153,0.00264099761508783,0.836883162556509,1.05777370400638,10.9090909090909,10.6363636363636,1.72727272727273
2023-07-21,"same_day_conditional",0.0780765141364852,0.0776455578268919,0.0816258741179894,0.0967665221904733,0.0951279018439936,0.000430956309593288,0.00163862034647975,0.680905462770037,1.11861308176963,11,10.4545454545455,1.63636363636364
2023-07-22,"same_day_conditional",0.0758981254052314,0.0808440060392667,0.099429803549898,0.0970370885078095,0.097240371139722,-0.0049458806340353,-0.000203282631912563,0.620805702307229,1.10317964859227,11.2727272727273,10.2727272727273,1.63636363636364
2023-07-23,"same_day_conditional",0.22255840469185,0.193902924340646,0.166339937693855,0.0998133489262383,0.0991712358712782,0.0286554803512039,0.000642113054960037,0.694636910445658,1.28788916712718,10.7272727272727,9.18181818181818,1.81818181818182
2023-07-24,"same_day_conditional",0.0834724872716891,0.12700866249627,0.106238649554729,0.101820072592595,0.0998013336469266,-0.0435361752245804,0.0020187389456686,0.767861165008845,0.981863652927694,10.3636363636364,10.4545454545455,2.18181818181818
2023-07-25,"same_day_conditional",0.0731817207803561,0.0819290046894512,0.105850612381692,0.103013963989782,0.100451049308492,-0.00874728390909511,0.00256291468129018,0.865826927030556,1.14777345128751,10.2727272727273,10.6363636363636,2
2023-07-26,"same_day_conditional",0.225284325499652,0.281103003385312,0.108111463538659,0.104314205998881,0.100902265381904,-0.0558186778856601,0.00341194061697639,0.793647369673232,0.988066292269507,10.7272727272727,10.1818181818182,1.63636363636364
2023-07-27,"same_day_conditional",0.11223991551213,0.12648265484708,0.16463977403567,0.104075299336202,0.100297554802796,-0.0142427393349496,0.00377774453340607,0.899345971229057,0.919890451425004,10.4545454545455,10.9090909090909,1.72727272727273
2023-07-28,"same_day_conditional",0.140574256298933,0.115392639366409,0.0850483835319322,0.103438050841293,0.0996769955534196,0.0251816169325239,0.00376105528787299,0.600456765094082,0.910101264166068,11.4545454545455,11,1.54545454545455
2023-07-29,"same_day_conditional",0.090829249508098,0.0826322699219031,0.106212080302239,0.10389034944726,0.0999478316700083,0.00819697958619484,0.00394251777725133,0.672487045577526,1.01380582173854,10.6363636363636,11,1.81818181818182
2023-07-30,"same_day_conditional",0.100232015175505,0.0823409867010786,0.0976600724361486,0.102957631082866,0.100343006145113,0.0178910284744265,0.0026146249377528,0.625328475375262,1.03255977229459,10.9090909090909,11,1.72727272727273
2023-07-31,"same_day_conditional",0.0916646659876925,0.0836975095949141,0.11081097477642,0.103583942637264,0.0993517104610466,0.0079671563927784,0.00423223217621734,0.685777320776309,0.850628236647177,11.0909090909091,11.6363636363636,1.81818181818182
2023-08-01,"same_day_conditional",0.293897485161574,0.197159681479748,0.161513431172624,0.103790932101708,0.100020218194802,0.096737803681826,0.00377071390690613,0.676170532389719,0.960826460251789,10.9090909090909,11.0909090909091,1.72727272727273
2023-08-02,"same_day_conditional",0.497556515930958,0.689881186480037,0.27576528118893,0.105084918431353,0.10017062855376,-0.192324670549078,0.00491428987759295,0.683076223135031,0.925282043071225,11.1818181818182,11.0909090909091,1.81818181818182
2023-08-03,"same_day_conditional",0.208115659334067,0.118643436563206,0.0815480535854377,0.10434814678907,0.101998691986301,0.089472222770861,0.00234945480276841,0.697331129088314,0.998077710985657,11.1818181818182,11.3636363636364,1.54545454545455
2023-08-04,"same_day_conditional",1.26424536264021,1.34322286256502,0.336218396924962,0.105048262922711,0.101120861552491,-0.0789774999248148,0.00392740137021968,0.895017800450597,0.946663123393049,10.4545454545455,11.3636363636364,1.81818181818182
2023-08-05,"same_day_conditional",0.625816033240551,0.510304244050971,0.145208939854861,0.105957993221304,0.102362377154934,0.11551178918958,0.00359561606637027,0.74428002264064,0.969762475577147,10.9090909090909,10.7272727272727,1.45454545454545
2023-08-06,"same_day_conditional",0.120056551593668,0.105239554103503,0.106300772298544,0.107102322003501,0.103127456377739,0.0148169974901645,0.00397486562576223,0.643939592674228,0.806294833257493,10.6363636363636,11.1818181818182,1.81818181818182
2023-08-07,"same_day_conditional",0.338354755801488,0.296106024912494,0.199631137304175,0.105397019583457,0.101450832389167,0.0422487308889944,0.00394618719428996,0.678313343286048,0.991354158672646,10.3636363636364,10.4545454545455,1.63636363636364
2023-08-08,"same_day_conditional",0.171649646602978,0.0946325566521213,0.124520026576332,0.107838213161021,0.103033096035251,0.077017089950857,0.00480511712577065,0.838265708228127,0.852149709499803,9.09090909090909,10.5454545454545,1.90909090909091
2023-08-09,"same_day_conditional",0.0908753272615021,0.0975285457846695,0.127459399992433,0.108002432344757,0.1023149418347,-0.00665321852316736,0.00568749051005691,0.563355077873977,0.900479626781404,10.4545454545455,10.1818181818182,1.81818181818182
2023-08-10,"same_day_conditional",0.0765191754267265,0.0894237607436601,0.0958365984237728,0.110091226450457,0.103516133468892,-0.0129045853169336,0.00657509298156484,0.738219168459354,0.903994497302031,10.2727272727273,10.4545454545455,1.63636363636364
2023-08-11,"same_day_conditional",0.0852090755692219,0.0759467221010716,0.0956919119701357,0.109959639465468,0.103703995219967,0.00926235346815029,0.00625564424550089,0.654597623809673,0.96828892487131,10.5454545454545,10.0909090909091,1.72727272727273
2023-08-12,"same_day_conditional",0.160449556479957,0.0734469952249532,0.111126111203987,0.111229914502282,0.104965123834557,0.087002561255004,0.00626479066772554,0.880303269851228,1.02338415636173,9.27272727272727,10,1.63636363636364
2023-08-13,"same_day_conditional",0.0701463368414195,0.069639480407856,0.102632748312285,0.109622320048763,0.103761746301447,0.000506856433563436,0.00586057374731606,0.733133816609008,0.918066944141972,10.1818181818182,10.4545454545455,1.63636363636364
2023-08-14,"same_day_conditional",0.112540383070677,0.126269876332839,0.102111331191557,0.110349950353246,0.104085853392808,-0.013729493262162,0.00626409696043816,0.78262392168279,0.874124491151892,9.72727272727273,10.6363636363636,1.81818181818182
2023-08-15,"same_day_conditional",0.23686815336518,0.262687327150663,0.130017512014456,0.109916594471217,0.104558448228692,-0.0258191737854832,0.00535814624252542,0.625481242575207,0.915610255873414,11,10.8181818181818,1.54545454545455
2023-08-16,"same_day_conditional",0.200830019400991,0.126742956445472,0.0817729062373859,0.11045119766914,0.106320160721964,0.0740870629555188,0.00413103694717665,0.813263227468567,0.918755611646699,10.0909090909091,11.0909090909091,1.54545454545455
2023-08-17,"same_day_conditional",0.184875324075476,0.131470636987312,0.122872686288984,0.10995413327585,0.105448107413936,0.053404687088164,0.00450602586191399,0.866085714410696,1.08670095181637,10.0909090909091,10.1818181818182,1.27272727272727
2023-08-18,"same_day_conditional",3.16870318983974,3.57901249854604,3.33282700342753,0.108444813612855,0.10322920035075,-0.410309308706295,0.00521561326210492,0.81887576137715,1.19178155751511,9.90909090909091,10.1818181818182,1.72727272727273
2023-08-19,"same_day_conditional",0.0788749018642392,0.0834690586097505,0.098513850320594,0.107840719813216,0.104772125586237,-0.00459415674551133,0.00306859422697874,0.9704952293868,1.15270090945797,10.3636363636364,10.4545454545455,1.45454545454545
2023-08-20,"same_day_conditional",0.100976637864544,0.149378612889803,0.128255699510058,0.106057736166218,0.103010341762775,-0.0484019750252591,0.00304739440344253,0.918568672337399,1.178534513623,9.63636363636364,9.81818181818182,1.36363636363636
2023-08-21,"same_day_conditional",0.0696489408533339,0.0586628739664161,0.0688958679814551,0.105261974494347,0.10246905952925,0.0109860668869178,0.00279291496509697,0.840635876549056,1.17151724451544,10.1818181818182,10,1.27272727272727
2023-08-22,"same_day_conditional",0.0868612240337752,0.0842942297312232,0.095872754285158,0.10388547998461,0.101457005857616,0.00256699430255199,0.00242847412699306,0.978369725995208,1.24634890221438,10.0909090909091,10,1.18181818181818
2023-08-23,"same_day_conditional",0.21012931875802,0.157909287371499,0.119400523087069,0.104499075892426,0.100996773751107,0.0522200313865202,0.00350230214131872,1.02164063256956,1.17188786266915,10.0909090909091,10.1818181818182,1.09090909090909
2023-08-24,"same_day_conditional",0.156108746379479,0.148236968393813,0.175556000856489,0.105609598336363,0.101679317532224,0.00787177798566568,0.00393028080413875,0.835939464549883,1.11938990918368,10.4545454545455,10.6363636363636,1.27272727272727
2023-08-25,"same_day_conditional",0.4838381254679,0.710276179797555,0.33985255111039,0.104769998527214,0.100148018346532,-0.226438054329655,0.00462198018068282,1.05378828084942,1.15849543436267,10,10.4545454545455,1.18181818181818
2023-08-26,"same_day_conditional",0.179685326142239,0.194519365124994,0.0908660616766205,0.102994557103018,0.0997834329005556,-0.0148340389827545,0.0032111242024624,0.990140412134719,1.12170952792683,10.4545454545455,10.7272727272727,1
2023-08-27,"same_day_conditional",0.0782435958027074,0.0794319651426018,0.0866219015987146,0.102413515667665,0.0987215152040026,-0.00118836933989438,0.00369200046366264,1.1014367678297,1.30879573250816,9.72727272727273,9.72727272727273,0.909090909090909
2023-08-28,"same_day_conditional",0.0905381325597065,0.0956870979127018,0.125407934535413,0.102413400138634,0.0989552559755527,-0.0051489653529953,0.00345814416308157,1.14738644607112,1.28618707094271,9.72727272727273,9.63636363636364,1
2023-08-29,"same_day_conditional",0.115045238004911,0.10402296757883,0.0985528804601648,0.100952293008311,0.0980079933267666,0.011022270426081,0.00294429968154475,0.851783627225018,1.04158175043389,10.8181818181818,10.8181818181818,1.09090909090909
2023-08-30,"same_day_conditional",0.29461313715133,0.173556040874763,0.146788845999751,0.100926859055714,0.0988744783568039,0.121057096276566,0.00205238069890979,0.770109449803096,1.01792596122236,11.0909090909091,10.6363636363636,1.27272727272727
2023-08-31,"same_day_conditional",0.0891620432734403,0.212591981818761,0.0939834602557753,0.102732060398379,0.0981785811934283,-0.12342993854532,0.00455347920495081,1.09776560226146,1.00972709914524,9.81818181818182,11.6363636363636,1.54545454545455
2023-09-01,"same_day_conditional",0.0739575951378437,0.185512903990422,0.195708835170089,0.103756373140467,0.0991683867888869,-0.111555308852578,0.00458798635158008,0.978520507925703,1.20837570605101,9.90909090909091,10.2727272727273,1.45454545454545
2023-09-02,"same_day_conditional",0.279286621799954,0.291088803669569,0.17746997041414,0.103528861504234,0.0997588143108629,-0.0118021818696154,0.00377004719337083,1.00141705987034,1.26402718907596,9.27272727272727,10.3636363636364,1.36363636363636
2023-09-03,"same_day_conditional",0.0888540167100157,0.0934699482122305,0.149410668222619,0.103156682726416,0.0986579013048544,-0.00461593150221476,0.00449878142156142,1.06017313842939,1.28511144550954,9.36363636363636,10.3636363636364,1.45454545454545
2023-09-04,"same_day_conditional",0.0762164153679936,0.080802597518733,0.124205508182115,0.102687739154165,0.0991429873983078,-0.00458618215073943,0.00354475175585715,0.977921908008602,1.26674179749711,10.3636363636364,9.63636363636364,1.36363636363636
2023-09-05,"same_day_conditional",0.185685603023837,0.232139958051756,0.0884427360544163,0.101795660689581,0.0982824606515548,-0.0464543550279192,0.00351320003802669,0.840455795741041,1.19654629726429,11.0909090909091,10.7272727272727,1.54545454545455
2023-09-06,"same_day_conditional",0.0871253193817095,0.228366357254143,0.0929271032481526,0.101788584537335,0.0979573561650436,-0.141241037872434,0.00383122837229155,0.818441049723021,1.16484487341386,10.7272727272727,11.1818181818182,1.72727272727273
2023-09-07,"same_day_conditional",0.102091227241484,0.138433125438935,0.0882530676039197,0.104076949694072,0.101822581516813,-0.0363418981974512,0.00225436817725893,1.00200257573085,1.36690771613778,10.5454545454545,10.5454545454545,1.63636363636364
2023-09-08,"same_day_conditional",0.419254252014995,0.438322099516044,0.140676159762377,0.103980105431592,0.100766970203062,-0.0190678475010493,0.00321313522852968,0.976606298288514,1.15090871411718,10.6363636363636,11.0909090909091,1.72727272727273
2023-09-09,"same_day_conditional",0.127226042410865,0.190069694539105,0.133301545313278,0.104511534314502,0.103284971224017,-0.0628436521282402,0.0012265630904857,0.805049954518221,1.12024797535936,10.7272727272727,10.5454545454545,1.72727272727273
2023-09-10,"same_day_conditional",0.096739296697163,0.0984826710638668,0.0749361168046207,0.103107250187345,0.101170804500877,-0.00174337436670382,0.0019364456864681,0.960125575548769,1.36371886028626,10.1818181818182,9.63636363636364,1.54545454545455
2023-09-11,"same_day_conditional",0.128159972360318,0.110169240489803,0.0912936145871192,0.100538107181665,0.0988774175735484,0.0179907318705149,0.00166068960811624,0.861635504874262,1.18431966854569,10.8181818181818,10,1.36363636363636
2023-09-12,"same_day_conditional",0.22000744702861,0.171580780261455,0.141979816020535,0.100390623556452,0.0993936139758225,0.0484266667671555,0.000997009580629595,0.956010236696112,1.30561595401719,10.6363636363636,10.4545454545455,1.54545454545455
2023-09-13,"same_day_conditional",0.265816491843291,0.279098292047573,0.143992735771598,0.0991279454548741,0.0986128310835132,-0.0132818002042825,0.000515114371360874,0.977304909436221,1.1760103510848,10.1818181818182,11.2727272727273,1.63636363636364
2023-09-14,"same_day_conditional",0.273046795330997,0.259654728664116,0.212674351757358,0.0974654851710934,0.0971169366057354,0.0133920666668817,0.000348548565357908,0.903140174399217,1.15711679809993,11,10.7272727272727,1.45454545454545
2023-09-15,"same_day_conditional",0.517783054953808,0.542315845470489,0.172073144356628,0.0982979791077234,0.096736442535895,-0.0245327905166817,0.00156153657182837,0.884543351676913,0.99699695839072,10.5454545454545,12,1.81818181818182
2023-09-16,"same_day_conditional",0.223358090348594,0.207250178151632,0.233237098925,0.0996969049519981,0.0966028795571476,0.0161079121969611,0.00309402539485052,0.822529373585437,0.934566958298025,11.2727272727273,12.0909090909091,1.81818181818182
2023-09-17,"same_day_conditional",0.0891034554827829,0.087560941356944,0.113750390844105,0.0990611705787986,0.0973512795211354,0.00154251412583888,0.00170989105766328,0.887648762117985,1.08866300886238,11.2727272727273,11.9090909090909,1.90909090909091
2023-09-18,"same_day_conditional",0.152991341471524,0.121069849348597,0.137333509520543,0.101403504400271,0.0980128273081737,0.0319214921229266,0.00339067709209713,0.977972452086245,1.08015958549305,11.1818181818182,12.0909090909091,1.90909090909091
2023-09-19,"same_day_conditional",0.100387913620845,0.0810402796530186,0.0935407964922221,0.101568192056092,0.0987544468232902,0.0193476339678265,0.00281374523280166,1.04205654941874,1.03031630390776,10.9090909090909,11.7272727272727,1.90909090909091
2023-09-20,"same_day_conditional",0.0886358263357732,0.0902625719323715,0.10884156149597,0.102531367764823,0.096437512886644,-0.00162674559659835,0.00609385487817902,0.910085595278941,1.03143421551464,11.2727272727273,11.9090909090909,2.09090909090909
2023-09-21,"same_day_conditional",0.0790224982320349,0.077617715488612,0.0899440427467526,0.0984117652677669,0.0949051653799753,0.00140478274342286,0.00350659988779161,0.928896895191676,1.09526484315329,11.1818181818182,12,1.90909090909091
2023-09-22,"same_day_conditional",0.105779997863075,0.0710291121783399,0.0910886555373846,0.0993816861264336,0.0954270464700425,0.0347508856847351,0.00395463965639113,0.832447050462945,1.2567160877238,10.9090909090909,11.7272727272727,1.72727272727273
2023-09-23,"same_day_conditional",0.272530469910687,0.213399493024425,0.096093401952179,0.0987177446703255,0.0946435804583639,0.0591309768862624,0.00407416421196168,0.973725132840897,1.21550687186264,10.7272727272727,11.7272727272727,1.81818181818182
2023-09-24,"same_day_conditional",0.173790078844014,0.216841209436688,0.205856663058882,0.100483382913039,0.094481889325584,-0.0430511305926742,0.00600149358745468,0.987365482131522,1.09524656463867,10.1818181818182,11.7272727272727,2.18181818181818
2023-09-25,"same_day_conditional",0.327763046828236,0.344673937525683,0.132924194812694,0.100670830999542,0.0941573518300645,-0.0169108906974466,0.00651347916947775,1.04154083220547,1.10152152234485,10.0909090909091,11.0909090909091,1.36363636363636
2023-09-26,"same_day_conditional",0.0925506325156734,0.12965889277383,0.108630449220107,0.10176624306143,0.0956699312873696,-0.0371082602581564,0.00609631177406009,0.996960976970955,1.20853783434037,10.6363636363636,11,1.90909090909091
2023-09-27,"same_day_conditional",0.157158495457072,0.164799802086923,0.103813483535005,0.099680253909583,0.0951664063588858,-0.00764130662985107,0.0045138475506972,1.30630964979433,1.26808890081937,10.4545454545455,11,1.54545454545455
2023-09-28,"same_day_conditional",0.126018026518392,0.0618995342116628,0.10537940469522,0.0975524571385194,0.0938919479605279,0.0641184923067293,0.00366050917799149,1.116802238872,1.26923285781347,11.1818181818182,11.2727272727273,1.54545454545455
2023-09-29,"same_day_conditional",0.0911504206587188,0.0878655738777141,0.07015612848018,0.0955036291904638,0.0912688612796671,0.00328484678100464,0.00423476791079671,0.95601676533712,1.06876298885065,10.6363636363636,11.4545454545455,1.72727272727273
2023-09-30,"same_day_conditional",0.0698104924172675,0.0600195025020838,0.0939930334425342,0.0933403299611094,0.0891429727351088,0.00979098991518374,0.00419735722600058,0.995585444594708,1.13259940194625,10.2727272727273,11.5454545454545,1.63636363636364
2023-10-01,"same_day_conditional",0.107088321939035,0.0900538714786866,0.136518557516179,0.0937833295296134,0.088968502252977,0.0170344504603482,0.00481482727663637,1.0444942647048,1.03789199029135,10.2727272727273,11.2727272727273,1.72727272727273
2023-10-02,"same_day_conditional",0.0993726311554414,0.267321304793026,0.154244962215875,0.0945642216170617,0.0883577540947876,-0.167948673637585,0.00620646752227409,1.12535269630286,1.0672387132132,9.90909090909091,11.7272727272727,1.90909090909091
2023-10-03,"same_day_conditional",0.319738274409829,0.297917492270613,0.158399223790116,0.095246392528826,0.0912794708513272,0.0218207821392163,0.00396692167749884,1.02120833998681,1.22919633279989,10.3636363636364,10.7272727272727,1.45454545454545
2023-10-04,"same_day_conditional",0.242398957351897,0.235223712480272,0.157150535036904,0.0939749985323593,0.0893967428172493,0.00717524487162508,0.00457825571510993,0.91939723213981,1.34341917397904,10.4545454545455,10.5454545454545,1.27272727272727
2023-10-05,"same_day_conditional",0.374301670174337,0.272879767762499,0.0999263323596479,0.0937625641668854,0.0895561461451711,0.101421902411838,0.00420641802171428,1.05580643953644,1.30648953745129,10.3636363636364,10.9090909090909,1.54545454545455
2023-10-06,"same_day_conditional",0.237865566212581,0.180417350855947,0.159470180602595,0.0938024998529057,0.0896294464140472,0.057448215356634,0.00417305343885856,0.938444447591575,1.19261730247994,10.0909090909091,11,1.54545454545455
2023-10-07,"same_day_conditional",0.357894186254367,0.40395881200457,0.130115147852726,0.0942905756655926,0.0889753235653389,-0.0460646257502036,0.00531525210025369,0.889086574551943,1.16954846596465,10.1818181818182,10.7272727272727,1.63636363636364
2023-10-08,"same_day_conditional",0.346197011592102,0.201099866272234,0.117265529744285,0.095807533762361,0.0918406477625308,0.145097145319868,0.00396688599983023,0.876198328466826,1.23399210936366,10.0909090909091,10.5454545454545,1.45454545454545
2023-10-09,"same_day_conditional",0.0964232799831945,0.090211826533188,0.132115079637222,0.0971425787998006,0.09142616184013,0.0062114534500064,0.00571641695967063,1.12263766645103,1.23491794461669,9.45454545454546,10.4545454545455,1.36363636363636
2023-10-10,"same_day_conditional",0.407703866498726,0.425919747653656,0.121919870522722,0.0968891941290565,0.0904551103767892,-0.0182158811549299,0.00643408375226723,1.14887741549844,1.23500642342859,9.45454545454546,10.4545454545455,1.27272727272727
2023-10-11,"same_day_conditional",0.256816015686025,0.26246058778229,0.105200308016376,0.0987381565109927,0.0920922578383625,-0.00564457209626544,0.00664589867263024,1.39020608834188,1.56448131881874,9.27272727272727,10.2727272727273,1.27272727272727
2023-10-12,"same_day_conditional",0.064657513700509,0.0625786643271238,0.0983885048575835,0.0994363278403203,0.0935381938019575,0.00207884937338523,0.00589813403836281,1.2707369324071,1.34931148614903,9.36363636363636,10.6363636363636,1.36363636363636
2023-10-13,"same_day_conditional",0.0801428771376819,0.0767892887228955,0.0829517211064102,0.0964779300469256,0.0890333561366154,0.00335358841478634,0.0074445739103102,1.06153273909122,1.24041049713805,9.27272727272727,11,1.72727272727273
2023-10-14,"same_day_conditional",0.166158005913474,0.0910950247211703,0.15585984656571,0.0968304861743634,0.091671188825678,0.0750629811923041,0.00515929734868533,1.2118048296284,1.49784112904575,8.81818181818182,10.1818181818182,1.63636363636364
2023-10-15,"same_day_conditional",0.0804495280828962,0.0766465120256007,0.118029103099834,0.0964419656126419,0.0904827685131611,0.00380301605729553,0.00595919709948081,1.15795320473074,1.34992411874557,9.90909090909091,10.9090909090909,1.72727272727273
2023-10-16,"same_day_conditional",0.0914741754643868,0.138625566148864,0.100825570727465,0.0961568695740717,0.0903554273537938,-0.0471513906844777,0.00580144222027792,1.06197272476787,1.38525069915015,10,10.6363636363636,1.81818181818182
2023-10-17,"same_day_conditional",0.0812379689325658,0.107146043607698,0.106908550273708,0.0955735263351642,0.0906934315530436,-0.0259080746751323,0.00488009478212063,1.01030167000923,1.47758594529898,9.90909090909091,10.1818181818182,1.81818181818182
2023-10-18,"same_day_conditional",0.261116871837309,0.171388497175854,0.0852556942182882,0.0971174500732362,0.0915279699161311,0.0897283746614555,0.00558948015710505,1.1628495951999,1.42369830251698,9.81818181818182,10.1818181818182,1.90909090909091
2023-10-19,"same_day_conditional",0.137861942355756,0.108867755533544,0.113272908826761,0.0967730258258679,0.0904457629658673,0.0289941868222118,0.00632726286000057,1.06009760475075,1.29163414110195,10.1818181818182,10.8181818181818,1.90909090909091
2023-10-20,"same_day_conditional",0.401713942662438,0.220530380175439,0.161031573521707,0.0987566072273374,0.0926140824209479,0.181183562486999,0.00614252480638958,1.20542817020517,1.42489673366944,9.54545454545454,10.2727272727273,1.81818181818182
2023-10-21,"same_day_conditional",0.240866423970512,0.243741678053556,0.215341391632413,0.0965934565451893,0.0903522368547255,-0.00287525408304404,0.00624121969046386,0.879267066578936,1.24378460396844,10.0909090909091,10.9090909090909,2
2023-10-22,"same_day_conditional",0.239478152383228,0.228992822358321,0.126218066259833,0.0946873391123169,0.088810334520802,0.0104853300249067,0.00587700459151491,1.20585505821523,1.32049355402689,9.54545454545454,11.3636363636364,2.09090909090909
2023-10-23,"same_day_conditional",0.715533232345062,0.472508101192513,0.338952262091952,0.0948649283583238,0.0892992908941145,0.243025131152549,0.00556563746420936,1.45227341170258,1.32637644501953,9.54545454545454,10.7272727272727,1.81818181818182
2023-10-24,"same_day_conditional",0.121202223887327,0.112798542010851,0.156305096967027,0.094246258098264,0.0895216861396817,0.00840368187647647,0.00472457195858224,0.888174242804105,1.4770033366666,10.1818181818182,10.8181818181818,1.90909090909091
2023-10-25,"same_day_conditional",0.316259071744012,0.279457047528733,0.285199385126564,0.0925419956788697,0.087589986610242,0.0368020242152789,0.00495200906862768,0.853196110545551,1.30621327962365,10.2727272727273,10.4545454545455,1.90909090909091
2023-10-26,"same_day_conditional",0.240375302025318,0.211758823115736,0.147933868187131,0.0955412875087193,0.0911036004669597,0.028616478909582,0.00443768704175962,0.929966859989415,1.265531920993,10,10.9090909090909,2
2023-10-27,"same_day_conditional",0.116328750097954,0.100290962445008,0.107010082785976,0.0952041069484815,0.0901807772195982,0.0160377876529463,0.00502332972888327,0.885073897852304,1.14672320649362,10.6363636363636,11.3636363636364,1.90909090909091
2023-10-28,"same_day_conditional",0.0882365277435699,0.145271206817463,0.112244112669075,0.0954292063058327,0.0911345121236249,-0.0570346790738931,0.00429469418220772,0.780105745103434,1.19726384224076,10.6363636363636,11.5454545454545,1.63636363636364
2023-10-29,"same_day_conditional",0.104396563811654,0.0827771463434048,0.112248861821161,0.09496343142125,0.0915405940173444,0.0216194174682487,0.00342283740390558,0.965098117190563,1.37572598741481,11.0909090909091,11,1.63636363636364
2023-10-30,"same_day_conditional",0.51781775793326,0.465459445776219,0.169033860158662,0.0953179638072486,0.0905756319503731,0.0523583121570402,0.00474233185687552,0.794207301484601,1.28808809697359,10.5454545454545,11.3636363636364,1.81818181818182
2023-10-31,"same_day_conditional",0.0673463521339161,0.0696603574111943,0.116365352087712,0.0956148730980288,0.0910742490197268,-0.0023140052772782,0.00454062407830202,0.968963747292758,1.12489756557526,9.90909090909091,10.5454545454545,1.54545454545455
2023-11-01,"same_day_conditional",0.107340615423915,0.0864685641467114,0.130281728881115,0.095424997898317,0.0896075673024024,0.0208720512772035,0.00581743059591452,0.88060377735093,1.09759007712334,10.3636363636364,10.8181818181818,1.81818181818182
2023-11-02,"same_day_conditional",0.0752695135350335,0.0835834067824921,0.0997779578412247,0.095927741187309,0.0908524770612048,-0.00831389324745867,0.0050752641261042,0.974888162854729,1.12324392085651,9.63636363636364,10.5454545454545,1.81818181818182
2023-11-03,"same_day_conditional",0.213653428968005,0.199281934105503,0.177341641593647,0.0935197032368283,0.088918908132702,0.0143714948625019,0.00460079510412629,1.06333694234351,1.30820942282252,9.90909090909091,10.0909090909091,1.63636363636364
2023-11-04,"same_day_conditional",0.0872296003754733,0.129464017068193,0.114972445286917,0.0931737169159711,0.0889608863926174,-0.0422344166927198,0.00421283052335372,0.981884251095541,1.28379429411827,9.90909090909091,10.4545454545455,2
2023-11-05,"same_day_conditional",0.112110260812031,0.091679618358309,0.090220296698784,0.0930240878975114,0.0885751633028369,0.0204306424537216,0.0044489245946746,0.995203000063483,1.10624110848336,9.90909090909091,11,2
2023-11-06,"same_day_conditional",0.215628814265977,0.212570414466905,0.291039756989261,0.0935500642598366,0.0887404025581159,0.003058399799072,0.00480966170172067,0.72667820584994,1.00107104121672,10.9090909090909,11.4545454545455,1.90909090909091
2023-11-07,"same_day_conditional",0.268194210036627,0.209345137425896,0.145564103196875,0.0926401258099649,0.0888209159563094,0.0588490726107309,0.00381920985365555,1.05105217914646,1.26511592521596,9.90909090909091,10.5454545454545,1.72727272727273
2023-11-08,"same_day_conditional",0.106441563407305,0.108322954165426,0.127337849635465,0.0931662757421497,0.0898854905143477,-0.00188139075812114,0.00328078522780207,0.995035762558749,1.33181435119443,10,10.5454545454545,1.90909090909091
2023-11-09,"same_day_conditional",0.570269794303407,0.447284085293766,0.237073668234522,0.0913382142391291,0.0888461262969129,0.122985709009642,0.00249208794221622,1.07112192686785,1.30213013918893,9.90909090909091,10.5454545454545,1.72727272727273
2023-11-10,"same_day_conditional",0.226140850672771,0.290125189474781,0.144789072974945,0.091646474989093,0.0862226156912365,-0.06398433880201,0.00542385929785652,1.26263278146304,1.13640621095569,9.09090909090909,10.9090909090909,2
2023-11-11,"same_day_conditional",0.498145808764068,0.374098524427283,0.0791732956206897,0.0889767501996319,0.0864274771440462,0.124047284336785,0.00254927305558571,0.976504147269779,1.37359297118841,9.63636363636364,10.6363636363636,2
2023-11-12,"same_day_conditional",0.369708044914762,0.47026616262723,0.162462894059849,0.0887762742121782,0.0846274741063236,-0.100558117712468,0.00414880010585459,0.955920090444888,1.14436646609694,10.0909090909091,10.4545454545455,1.90909090909091
2023-11-13,"same_day_conditional",0.0970746220180402,0.17616884158375,0.108095819743959,0.089661782628909,0.0851805218521914,-0.0790942195657093,0.00448126077671767,1.03852906753212,1.15018776754496,9.54545454545454,10.0909090909091,1.63636363636364
2023-11-14,"same_day_conditional",0.284647384271709,0.289404678218879,0.285473509714554,0.0896796819784028,0.0863049903551622,-0.00475729394717075,0.00337469162324059,0.873268327514424,1.25542820306653,9.81818181818182,10,1.63636363636364
2023-11-15,"same_day_conditional",0.338836874200618,0.441905439288407,0.221993305859761,0.0911224646160306,0.0883043498741205,-0.10306856508779,0.00281811474191018,1.24582869873059,1.55917434444792,9.09090909090909,8.81818181818182,1.54545454545455
2023-11-16,"same_day_conditional",0.135658795041398,0.141488849511264,0.175668765403428,0.0893728455368876,0.0882213344389305,-0.00583005446986593,0.00115151109795712,1.19862918881436,1.68183186485685,9.63636363636364,9.45454545454546,1.54545454545455
2023-11-17,"same_day_conditional",0.227440999964321,0.128488816035157,0.0927207571528197,0.0869746754256154,0.0863712798160834,0.0989521839291636,0.000603395609532012,1.16053874155483,1.39129544707732,9.72727272727273,9.18181818181818,1.54545454545455
2023-11-18,"same_day_conditional",0.437201495811989,0.33568517133272,0.385736794812501,0.0876276124044768,0.0841133338723009,0.101516324479269,0.00351427853217591,1.15328514447864,1.26719771336128,9.54545454545454,9.45454545454546,1.54545454545455
2023-11-19,"same_day_conditional",0.09398123919697,0.106930961400998,0.0870808132984509,0.088761160890495,0.0865565600596725,-0.012949722204028,0.00220460083082251,1.12160539950512,1.34331913643645,9.54545454545454,9.36363636363636,1.54545454545455
2023-11-20,"same_day_conditional",0.19529324259171,0.17600335781699,0.387820588248176,0.0892278734277843,0.0863709316540263,0.0192898847747202,0.00285694177375804,0.895449253520717,1.17471833555136,9.36363636363636,9.45454545454546,1.63636363636364
2023-11-21,"same_day_conditional",0.0675714342299335,0.0868497810156153,0.111574811843842,0.0875248893524811,0.0833829494393675,-0.0192783467856818,0.00414193991311356,0.924562589403485,1.05596769879312,9.90909090909091,10.2727272727273,1.90909090909091
2023-11-22,"same_day_conditional",0.528345104772826,0.62945191520784,0.409177906648325,0.0882307248375795,0.0851458468005964,-0.101106810435014,0.0030848780369831,0.934295184059956,1.21411717643476,9.81818181818182,9.45454545454546,1.72727272727273
2023-11-23,"same_day_conditional",0.314037034600047,0.295833556435505,0.23786717499707,0.0874173603038295,0.0831048028036216,0.0182034781645426,0.00431255750020793,0.796363916344538,1.13538685705854,10.7272727272727,10.1818181818182,1.45454545454545
2023-11-24,"same_day_conditional",0.173392838405103,0.254188552730641,0.218254401165992,0.0877824127184251,0.0839650245476748,-0.0807957143255379,0.0038173881707503,1.48170661732199,1.18887884525749,8.72727272727273,9.72727272727273,1.54545454545455
2023-11-25,"same_day_conditional",0.0824829886534732,0.0913718445029205,0.0997263220786904,0.0878101600491622,0.0833127633749224,-0.0088888558494473,0.00449739667423981,1.32816257366968,1.22163542411015,9.54545454545454,9.54545454545454,1.63636363636364
2023-11-26,"same_day_conditional",0.0650168025378496,0.0744260688920976,0.0946417009105183,0.0870119175903702,0.0830653147030696,-0.00940926635424801,0.00394660288730062,1.22825278670307,1.10355619020743,9.63636363636364,10.6363636363636,1.81818181818182
2023-11-27,"same_day_conditional",0.158716286109277,0.162662373543069,0.114208587653304,0.0860254934650371,0.0826687324161724,-0.00394608743379217,0.00335676104886476,1.31883433742559,1.18243832584284,9.36363636363636,10.1818181818182,1.54545454545455
2023-11-28,"same_day_conditional",0.353427597173361,0.257512786458171,0.216928476747176,0.087324645426263,0.0832170805455988,0.0959148107151901,0.00410756488066417,1.16140430784255,1.15657893758327,9.45454545454546,10.2727272727273,1.63636363636364
2023-11-29,"same_day_conditional",0.226372640837077,0.0904055804317545,0.0944680806766044,0.087129697514885,0.0831274302728319,0.135967060405323,0.00400226724205318,0.933303592303773,1.08906403599603,10.3636363636364,10.8181818181818,1.90909090909091
2023-11-30,"same_day_conditional",0.370268235292269,0.361870171537332,0.353621929199346,0.0886231357627086,0.0828342458105556,0.00839806375493704,0.00578888995215302,1.00374466953001,1.11484503728368,10,10.7272727272727,1.72727272727273
2023-12-01,"same_day_conditional",0.0441346727661684,0.0847425830672257,0.0642245227071124,0.088751371688043,0.0833892804503419,-0.0406079103010573,0.00536209123770102,1.0912332496859,1.07388668359302,9.63636363636364,10.7272727272727,1.81818181818182
2023-12-02,"same_day_conditional",0.108832109727663,0.126807096458297,0.0952348304522948,0.0889813042567501,0.0839360242121387,-0.0179749867306339,0.00504528004461138,1.14859824030301,1.10130392778512,9.54545454545454,10.4545454545455,2
2023-12-03,"same_day_conditional",0.0732171107244218,0.0765022474663997,0.0975168769498893,0.0893828845519175,0.0844470453603327,-0.00328513674197784,0.00493583919158479,1.03684309639149,1.21283791283206,9.72727272727273,9.90909090909091,1.63636363636364
2023-12-04,"same_day_conditional",0.279557375088001,0.222666429755992,0.167065274375632,0.0905686669092768,0.0866498437185863,0.0568909453320089,0.00391882319069041,1.51662313223671,1.29052326433742,9.18181818181818,10.4545454545455,1.63636363636364
2023-12-05,"same_day_conditional",0.293412577789861,0.32447872036511,0.282255060629996,0.0917189645687227,0.0863481798267088,-0.0310661425752488,0.00537078474201397,1.25874381452713,1.1530333205095,9.36363636363636,10.6363636363636,1.63636363636364
2023-12-06,"same_day_conditional",0.0797883200553452,0.0797072663997516,0.0876341057542938,0.0936978354130517,0.0891344706508918,0.0000810536555936216,0.00456336476215989,1.21617310776833,1.14268487841879,9.54545454545454,10.8181818181818,1.72727272727273
2023-12-07,"same_day_conditional",0.116056427602374,0.13278234687252,0.0605592250922761,0.0961261927904095,0.09061499861266,-0.0167259192701459,0.00551119417774944,1.16876646110522,1.23638668152773,9.36363636363636,10.2727272727273,1.63636363636364
2023-12-08,"same_day_conditional",0.124362281604702,0.10176883045087,0.0861645195259295,0.0952783019344716,0.0897538417817068,0.0225934511538319,0.00552446015276483,1.0876845706511,0.985161108181667,8.72727272727273,10.4545454545455,1.54545454545455
2023-12-09,"same_day_conditional",0.246658434514113,0.202674117634554,0.114930064464671,0.0936904030225477,0.08907585483787,0.0439843168795586,0.00461454818467774,1.13821149552913,1.41606236313468,8.81818181818182,9.27272727272727,1.45454545454545
2023-12-10,"same_day_conditional",0.131768721967146,0.118518567883708,0.166953564035045,0.094361301679957,0.0909396689673377,0.0132501540834382,0.00342163271261924,1.14052243688488,1.47287006155333,8.63636363636364,9,1.27272727272727
2023-12-11,"same_day_conditional",0.231877565795286,0.249952379170225,0.215668217845929,0.0964851927904556,0.0915742676658035,-0.0180748133749394,0.00491092512465207,1.31374842419182,1.19201977882644,8.36363636363636,9.90909090909091,1.54545454545455
2023-12-12,"same_day_conditional",0.122791805113711,0.155557698891315,0.104903064950872,0.097661054125635,0.0909469495340473,-0.0327658937776039,0.00671410459158764,1.17383641859328,1.08230389591227,9.18181818181818,10.3636363636364,1.36363636363636
2023-12-13,"same_day_conditional",0.324403200643352,0.490010947831565,0.332091452741133,0.0959918281587138,0.091501243047522,-0.165607747188213,0.00449058511119177,1.12394861494387,1.03543539353801,9.09090909090909,10.2727272727273,1.36363636363636
2023-12-14,"same_day_conditional",0.235755977076011,0.22169837688019,0.162325865499333,0.0942163405510174,0.0891756256714775,0.0140576001958213,0.00504071487953991,1.35635560821865,1.09251527893468,8.63636363636364,10.6363636363636,1.45454545454545
2023-12-15,"same_day_conditional",0.490458637101279,0.417857965461516,0.0997207314562585,0.093565477764818,0.0887418860673768,0.0726006716397624,0.00482359169744124,1.42386503805611,1.12452393229723,8.63636363636364,10.7272727272727,1.63636363636364
2023-12-16,"same_day_conditional",0.655935928808675,0.596866294549847,0.324050502112917,0.0957860850992392,0.09027454451968,0.059069634258828,0.00551154057955927,1.52287906943399,1.07983767764329,8.27272727272727,10.9090909090909,1.72727272727273
2023-12-17,"same_day_conditional",0.688795912183151,0.458069683012955,0.247067426723165,0.0934656736969803,0.0891817866949388,0.230726229170196,0.00428388700204148,0.923881395628877,1.13454655955476,10.3636363636364,11,1.72727272727273
2023-12-18,"same_day_conditional",0.243087781712552,0.19340881964802,0.218209719151929,0.093768348680348,0.0902436801515327,0.0496789620645321,0.00352466852881532,0.956530702383346,1.27044550438879,10.1818181818182,10.7272727272727,2
2023-12-19,"same_day_conditional",0.130440001315338,0.0617594759536325,0.0784568981920511,0.0931396256664974,0.0886302643250715,0.0686805253617059,0.004509361341426,1.20497852959359,1.31812372613505,9.63636363636364,10.5454545454545,1.90909090909091
2023-12-20,"same_day_conditional",0.309072858456399,0.106537184695387,0.134602481656749,0.0923288053994131,0.0877543099554852,0.202535673761012,0.00457449544392789,1.1317733180058,1.39030866983805,9.81818181818182,10.2727272727273,1.90909090909091
2023-12-21,"same_day_conditional",0.242672730390285,0.262062021567596,0.203794225024071,0.0926869168643406,0.0865033247933027,-0.0193892911773104,0.00618359207103797,1.12276853669102,1.27063483900766,9.54545454545454,11,2.09090909090909
2023-12-22,"same_day_conditional",0.22164250608878,0.295791329725822,0.112797992091768,0.0932963490678868,0.0878112736346112,-0.074148823637042,0.00548507543327565,1.0686290098804,1.21730764209472,9.63636363636364,10.5454545454545,1.90909090909091
2023-12-23,"same_day_conditional",0.40741206391613,0.448613943074418,0.448604920944756,0.0958778048766194,0.0908049296194807,-0.0412018791582882,0.00507287525713868,1.198395544891,1.11798208179293,9,10.9090909090909,1.90909090909091
2023-12-24,"same_day_conditional",0.367892689401452,0.328519790962455,0.52622853993617,0.0933806687027656,0.0902829182564438,0.0393728984389968,0.00309775044632177,1.30951412065239,1.30853807537438,8.63636363636364,10.9090909090909,2
2023-12-25,"same_day_conditional",0.0481606231474265,0.0413210055507024,0.185028438643378,0.0924561174539844,0.0887893754510456,0.00683961759672407,0.00366674200293874,1.02008324811953,1.35445158457359,9.81818181818182,10.2727272727273,2
2023-12-26,"same_day_conditional",0.339512362809012,0.311567670562642,0.261913582075205,0.0907727022287707,0.0888793102570958,0.0279446922463697,0.00189339197167482,1.13708884297523,1.40037561143161,10,10.3636363636364,1.81818181818182
2023-12-27,"same_day_conditional",0.220746820908651,0.234845558316211,0.155266314305768,0.0940945086406242,0.091522515429355,-0.0140987374075596,0.00257199321126914,1.28368558512718,1.37256050702636,9.54545454545454,10.6363636363636,1.63636363636364
2023-12-28,"same_day_conditional",0.179772844885625,0.121722991625734,0.105667187835154,0.0945764056353832,0.0929895217757067,0.0580498532598911,0.0015868838596765,1.04559783674299,1.47703427422248,10.1818181818182,10.1818181818182,1.63636363636364
2023-12-29,"same_day_conditional",0.594666465475649,0.551640401895943,1.05570890603711,0.0947459111350026,0.092558281850962,0.0430260635797061,0.00218762928404068,1.04292983282561,1.41105778394703,10.0909090909091,10.4545454545455,1.45454545454545
2023-12-30,"same_day_conditional",0.558027347437966,0.495443846777968,0.250459291341292,0.0977048121762572,0.0948831895877086,0.0625835006599975,0.0028216225885486,0.86300201317835,1.28767369013732,10.3636363636364,10.2727272727273,1.90909090909091
2023-12-31,"same_day_conditional",0.210840415162824,0.156106106767143,0.170083526318725,0.0990216115600264,0.0968214522898872,0.0547343083956812,0.00220015927013912,1.05373604201354,1.46270969162414,9.54545454545454,10.2727272727273,1.81818181818182
2024-01-01,"same_day_conditional",0.342507267878802,0.518000337717958,0.436123155856734,0.0983957723632864,0.095495111300032,-0.175493069839156,0.00290066106325441,0.98459978507892,1.36205392660668,9.81818181818182,10.6363636363636,2.09090909090909
2024-01-02,"same_day_conditional",0.141360133200567,0.210311442958061,0.156179945776548,0.0966598094066838,0.094327370171304,-0.068951309757494,0.00233243923537975,1.07298829233973,1.3770142291786,9.81818181818182,10.5454545454545,1.81818181818182
2024-01-03,"same_day_conditional",0.498979768508182,0.623580254265878,0.19118904610238,0.0977855479186332,0.0956476221383183,-0.124600485757697,0.0021379257803148,1.28426409196529,1.36177245576762,9.18181818181818,10.6363636363636,1.63636363636364
2024-01-04,"same_day_conditional",0.153395907566017,0.0856146503887962,0.113686181489872,0.0990745944134141,0.0946209393770325,0.0677812571772204,0.00445365503638167,1.11216239817768,1.20550258846817,9.81818181818182,11.3636363636364,2.18181818181818
2024-01-05,"same_day_conditional",0.243336004065441,0.0753792729476973,0.103101080643806,0.0967272431173187,0.09415789394554,0.167956731117743,0.00256934917177877,0.90601997542785,1.17270767557248,9.63636363636364,11.3636363636364,2.09090909090909
2024-01-06,"same_day_conditional",0.117072251910197,0.106915624461433,0.119604270379069,0.0988306293238356,0.0943284245100001,0.0101566274487636,0.00450220481383554,1.15017354271681,1.17221212450093,9.36363636363636,11.9090909090909,2
2024-01-07,"same_day_conditional",0.211321350223971,0.223907009412215,0.146346563643904,0.0976962813135155,0.094016640130548,-0.0125856591882441,0.00367964118296757,1.16771733079363,1.25930916562866,9.27272727272727,11.3636363636364,2
2024-01-08,"same_day_conditional",0.504078084650481,0.526086864597916,0.263707343770743,0.099373718089334,0.0957922540373932,-0.0220087799474354,0.00358146405194075,1.02330554678231,1.34351528112511,10.0909090909091,11.4545454545455,2
2024-01-09,"same_day_conditional",0.426926522571777,0.234575422180851,0.0853380819041862,0.0986010981894042,0.097559560804881,0.192351100390927,0.00104153738452317,1.25431097094069,1.49356300113645,9.81818181818182,10.5454545454545,1.72727272727273
2024-01-10,"same_day_conditional",0.120207166381535,0.0933228521987465,0.236610166292524,0.0978055651438936,0.0972540275718859,0.0268843141827889,0.000551537572007712,1.21881347209838,1.53468584831809,10,10.4545454545455,1.45454545454545
2024-01-11,"same_day_conditional",0.442424393641931,0.379699128626272,0.34101015880692,0.0975849626367313,0.0961252734110596,0.0627252650156591,0.00145968922567166,0.977468951392042,1.57504888295409,10.7272727272727,10.4545454545455,1.54545454545455
2024-01-12,"same_day_conditional",0.389817098756443,0.346522943102569,0.247951785598161,0.102716654627608,0.0999721805723409,0.0432941556538741,0.00274447405526675,1.32491153962531,1.58278028981045,9.90909090909091,10.3636363636364,1.63636363636364
2024-01-13,"same_day_conditional",0.183539300252927,0.227980364054521,0.13830811908679,0.10011653417379,0.0973853735268827,-0.0444410638015942,0.00273116064690685,1.2645470645651,1.43045619766008,9.72727272727273,10.7272727272727,1.18181818181818
2024-01-14,"same_day_conditional",0.245335214846335,0.25751875069177,0.14882333932935,0.0997188715330035,0.0958819493910074,-0.0121835358454348,0.00383692214199612,1.25377007396205,1.36443574267539,9.81818181818182,10.1818181818182,1.36363636363636
2024-01-15,"same_day_conditional",1.57578597332672,1.48515914743659,1.19821368966973,0.0977406913313867,0.0941799224745844,0.0906268258901296,0.00356076885680226,1.15796164177342,1.26002990520579,9.90909090909091,10.6363636363636,1.54545454545455
2024-01-16,"same_day_conditional",0.822039577353904,0.705500015381632,0.559535442386214,0.100815681702616,0.0986448105628175,0.116539561972272,0.00217087113979861,1.2926169498143,1.42591161840618,9.18181818181818,10,1.36363636363636
2024-01-17,"same_day_conditional",0.446303948329507,0.353198183483896,0.405120376317607,0.103051570140771,0.0998839554825795,0.0931057648456109,0.00316761465819119,1.05511492784418,1.39796635876493,10,10.6363636363636,1.45454545454545
2024-01-18,"same_day_conditional",0.215502478833157,0.310350159189469,0.557096582101626,0.103526411231012,0.0996638518073466,-0.0948476803563117,0.00386255942366526,1.11621586961759,1.29061308046478,10.2727272727273,10.8181818181818,1.45454545454545
2024-01-19,"same_day_conditional",0.483349240503523,0.284636386628873,0.500182973482975,0.102389999055409,0.0994784931504139,0.19871285387465,0.00291150590499501,1.360951444966,1.47281411267563,9.72727272727273,10.0909090909091,1.36363636363636
2024-01-20,"same_day_conditional",0.200967416096765,0.226025095117693,0.372138586075853,0.10140163056835,0.097286752708755,-0.0250576790209282,0.00411487785959549,1.13574890613328,1.24961516069133,10,11.3636363636364,1.63636363636364
2024-01-21,"same_day_conditional",0.297432965957333,0.17708360153192,0.244681616887741,0.101315808555901,0.0984721780414653,0.120349364425413,0.00284363051443561,0.8647633531661,1.40835300940304,10.6363636363636,9.72727272727273,1.45454545454545
2024-01-22,"same_day_conditional",0.150427580530184,0.0781740779459634,0.124685978409354,0.0997897650347988,0.0961328316878553,0.0722535025842203,0.00365693334694349,0.89512961415527,1.1074044040622,10.1818181818182,10.6363636363636,1.81818181818182
2024-01-23,"same_day_conditional",0.3343940188393,0.304589464714321,0.978480253531321,0.103322916000909,0.0982573364339714,0.0298045541249788,0.00506557956693756,1.08748806690651,1.39347244920933,10.2727272727273,10.6363636363636,1.72727272727273
2024-01-24,"same_day_conditional",0.489516684652368,0.256451788699374,0.22518923536686,0.103719130123246,0.0979283531532677,0.233064895952995,0.00579077696997809,1.30923527471234,1.59973188409756,9.54545454545454,10.3636363636364,1.54545454545455
2024-01-25,"same_day_conditional",0.0934063201496098,0.0751555621660054,0.125364325995927,0.102387319783992,0.0967657887427991,0.0182507579836044,0.00562153104119321,1.19578582003773,1.58512759370404,9.90909090909091,9.81818181818182,1.63636363636364
2024-01-26,"same_day_conditional",0.33794994978085,0.289698954004321,0.237112020366437,0.100414401013721,0.0929802622646962,0.0482509957765283,0.00743413874902521,1.11621296165074,1.43718763505442,9.81818181818182,10.4545454545455,1.81818181818182
2024-01-27,"same_day_conditional",0.0855878920237694,0.124796177744411,0.0999334322827992,0.102564184169388,0.0948172557658079,-0.039208285720642,0.00774692840357964,1.26960107850563,1.32259068755592,9.72727272727273,11.2727272727273,1.63636363636364
2024-01-28,"same_day_conditional",0.104773288026039,0.0646083566444049,0.0806200016053049,0.102300296097589,0.0951597703621719,0.0401649313816337,0.00714052573541708,1.31077870768519,1.38866881670906,9.81818181818182,10.6363636363636,1.45454545454545
2024-01-29,"same_day_conditional",0.0778698563136822,0.198708991264388,0.0941492271677334,0.100763070331615,0.0950696975569915,-0.120839134950706,0.0056933727746236,1.11550852916226,1.60148429198261,9.54545454545454,10.1818181818182,1.54545454545455
2024-01-30,"same_day_conditional",0.0698511917928798,0.0905648367630553,0.103835755171528,0.0982847587880488,0.0938172065082695,-0.0207136449701755,0.00446755227977924,1.1583158416032,1.34862472155353,9.63636363636364,10.3636363636364,1.45454545454545
2024-01-31,"same_day_conditional",0.419711148958359,0.0862587171253973,0.140892456923937,0.0985010801601175,0.0935208133179035,0.333452431832961,0.00498026684221409,1.10651287479499,1.18152967725977,9.72727272727273,10.6363636363636,1.45454545454545
2024-02-01,"same_day_conditional",0.536467932310062,0.322784264103986,0.0586642814993072,0.100989921313335,0.093241577871319,0.213683668206076,0.00774834344201578,1.13804840461738,1.13286020398678,10,10.9090909090909,1.45454545454545
2024-02-02,"same_day_conditional",0.07808309184665,0.186571436506384,0.103862977193069,0.099864798984212,0.0924381192064897,-0.108488344659734,0.00742667977772224,1.07358178934292,1.27554845221044,9.81818181818182,10.1818181818182,1.63636363636364
2024-02-03,"same_day_conditional",0.0575637317665268,0.216482679416873,0.101338865049161,0.0992711869145928,0.093040353235217,-0.158918947650346,0.00623083367937582,1.26681679271326,1.29988800146207,9.72727272727273,10.6363636363636,1.90909090909091
2024-02-04,"same_day_conditional",0.186642521570937,0.126692608809604,0.0889834068597008,0.097554715983628,0.0903702736326109,0.0599499127613325,0.00718444235101715,1.14454385951384,1.44095590271041,9.81818181818182,10.0909090909091,1.54545454545455
2024-02-05,"same_day_conditional",0.343566410372643,0.332774901875524,0.113246415653763,0.0936385327905493,0.0892131778404869,0.0107915084971188,0.00442535495006243,1.10704013017771,1.27695056349834,10.0909090909091,10.2727272727273,2
2024-02-06,"same_day_conditional",0.211564680900568,0.297266496125167,0.264890479512404,0.0922231560874277,0.0895860383962,-0.0857018152245999,0.00263711769122767,0.93765665107114,1.35015078139452,10.4545454545455,9.45454545454546,1.63636363636364
2024-02-07,"same_day_conditional",0.158583673036987,0.161566456035698,0.108244252393452,0.093089763401618,0.089406112344012,-0.00298278299871132,0.00368365105760597,1.01174844421573,1.4232195888345,10.3636363636364,10.3636363636364,1.72727272727273
2024-02-08,"same_day_conditional",0.18440369137905,0.131918365131516,0.108599205902558,0.0926728914029295,0.086461911935399,0.0524853262475339,0.00621097946753052,0.973053586343248,1.06925382131572,10.6363636363636,11.6363636363636,1.81818181818182
2024-02-09,"same_day_conditional",0.208808794811175,0.270007936368364,0.189233092740756,0.0926301035162697,0.0852108742332394,-0.0611991415571888,0.00741922928303029,1.15106661844917,1.04279567545791,10,11.5454545454545,2.18181818181818
2024-02-10,"same_day_conditional",0.277123726022132,0.22357463033104,0.0988747632977105,0.0933190760255938,0.0882248953134026,0.0535490956910913,0.00509418071219115,1.15625938174411,1.2578566482039,10.1818181818182,11.0909090909091,1.90909090909091
2024-02-11,"same_day_conditional",0.168492347113536,0.0976930228053427,0.12408737426911,0.0948573503496638,0.0874493463506395,0.0707993243081932,0.00740800399902431,1.08405462614312,1.00609855184849,10.0909090909091,11.2727272727273,2.09090909090909
2024-02-12,"same_day_conditional",0.414104123785708,0.199677170182556,0.128804296529413,0.0916350130646479,0.0869790698660475,0.214426953603152,0.00465594319860035,0.960067461991514,1.01885665935475,10.3636363636364,11.1818181818182,2
2024-02-13,"same_day_conditional",0.268187704220451,0.212563094535379,0.133095849660158,0.0918475801526174,0.0854157671596054,0.0556246096850715,0.00643181299301201,0.871714998035463,0.999339076504288,10.3636363636364,11.2727272727273,2
2024-02-14,"same_day_conditional",0.152727667281619,0.12547426857048,0.164409256712646,0.0914303572721576,0.0867233069868658,0.0272533987111392,0.00470705028529185,1.05958816126413,1.30259770707689,10,10.6363636363636,1.81818181818182
2024-02-15,"same_day_conditional",0.281634018802848,0.319659055059535,0.187099260280885,0.0923594389589898,0.0858287586807376,-0.0380250362566873,0.00653068027825215,1.10452113072276,1.19762633966018,9.45454545454546,11,1.90909090909091
2024-02-16,"same_day_conditional",0.260616317579922,0.230581344595009,0.121567756559702,0.0911728141571343,0.0857832676943273,0.0300349729849126,0.00538954646280696,0.893044063709655,1.20386909240834,10.2727272727273,10.3636363636364,1.90909090909091
2024-02-17,"same_day_conditional",0.284208941028686,0.130512618128732,0.164251755722654,0.0875000737945156,0.0818205661149349,0.153696322899954,0.00567950767958072,0.927700472696749,1.22664255577161,10.1818181818182,10.5454545454545,1.63636363636364
2024-02-18,"same_day_conditional",0.277691864595838,0.211539771166273,0.246476674524729,0.0882945787496612,0.0803566472061047,0.0661520934295651,0.00793793154355646,0.950473811651829,1.15991222270352,10.1818181818182,11.1818181818182,1.72727272727273
2024-02-19,"same_day_conditional",0.334533598957927,0.278609064297477,0.1317051853659,0.0882914228813503,0.0802901467713673,0.0559245346604506,0.00800127610998306,1.02729457091476,1.13858199656836,9.45454545454546,11.4545454545455,2
2024-02-20,"same_day_conditional",0.236077703591157,0.461599686307943,0.134636411552416,0.0887483656486293,0.0802102707386036,-0.225521982716786,0.00853809491002565,0.837976156975439,1.25263298349526,10,10.4545454545455,1.63636363636364
2024-02-21,"same_day_conditional",0.0822902478922857,0.067951221259798,0.168843244942901,0.0878201484707899,0.082560843847988,0.0143390266324877,0.00525930462280189,1.05073266216906,1.12177504750583,9.81818181818182,11.1818181818182,1.72727272727273
2024-02-22,"same_day_conditional",0.101653323690287,0.163314910078768,0.167901839797724,0.087158314245077,0.0815356947380683,-0.0616615863884816,0.00562261950700868,1.06587157369288,1.00273350529748,9.81818181818182,10.7272727272727,1.63636363636364
2024-02-23,"same_day_conditional",0.283784545097215,0.262384569915635,0.162545447747869,0.0859499842594983,0.083397890145907,0.0213999751815801,0.00255209411359132,0.944330212913081,1.0782665793473,10,10.8181818181818,1.72727272727273
2024-02-24,"same_day_conditional",0.176577975149579,0.159593446519465,0.137437102475151,0.0863861447957228,0.0836868468058179,0.0169845286301138,0.00269929798990491,0.949776590486985,1.1230772246546,9.90909090909091,10.8181818181818,1.72727272727273
2024-02-25,"same_day_conditional",0.0851127639767902,0.131527626169319,0.115388951759233,0.0871683087626774,0.0844946848918005,-0.0464148621925287,0.00267362387087683,0.944650797590109,1.33151023634142,10.2727272727273,9.81818181818182,1.54545454545455
2024-02-26,"same_day_conditional",0.0696305491017627,0.205164674268478,0.0991014894994034,0.0859695321250458,0.0835828715295845,-0.135534125166715,0.0023866605954613,0.872884140739315,1.2548306695004,10.3636363636364,10.5454545454545,1.45454545454545
2024-02-27,"same_day_conditional",0.0617603174333865,0.179054857237785,0.0842478865537035,0.0855730144407331,0.082822228341048,-0.117294539804398,0.0027507860996851,0.968748946792611,1.06652402051014,9.72727272727273,10.7272727272727,1.54545454545455
2024-02-28,"same_day_conditional",0.164670373111595,0.155471997332564,0.161634309200822,0.0834662706930405,0.0813303745525429,0.00919837577903146,0.00213589614049759,0.952665117507455,1.12557101534709,10.1818181818182,10.5454545454545,1.63636363636364
2024-02-29,"same_day_conditional",0.303127797343211,0.301748970155938,0.230026561762687,0.0855963468146347,0.0845536075053058,0.00137882718727323,0.00104273930932888,1.11432729643006,1.31378443900706,9.36363636363636,9.81818181818182,1.54545454545455
2024-03-01,"same_day_conditional",0.273615086673885,0.379527707598624,0.325998377855779,0.0851104911063316,0.0825952383868282,-0.105912620924739,0.00251525271950341,0.979843695924585,1.18395546507518,9.90909090909091,10.3636363636364,1.81818181818182
2024-03-02,"same_day_conditional",0.369249292432199,0.393148795205381,0.404792295867837,0.0854288063856533,0.0823590582883251,-0.0238995027731824,0.0030697480973282,1.07438742667371,1.10464517107248,9.72727272727273,11.1818181818182,1.63636363636364
2024-03-03,"same_day_conditional",0.105200781791016,0.208404015214805,0.106072606289738,0.0857233379515972,0.08344622731612,-0.103203233423789,0.00227711063547729,1.00015028587608,1.21020671223898,9.81818181818182,10.3636363636364,1.63636363636364
2024-03-04,"same_day_conditional",0.371559192759386,0.307974558995232,0.348352682770542,0.0857290140587428,0.0844387032247103,0.0635846337641538,0.0012903108340325,0.948868929025892,1.32331291615904,10,9.72727272727273,1.27272727272727
2024-03-05,"same_day_conditional",0.218118182037099,0.22629140970791,0.265196734140733,0.0875892971771381,0.0848897752398212,-0.00817322767081161,0.00269952193731697,0.972985111737815,1.35993240553285,9.90909090909091,9.90909090909091,1.45454545454545
2024-03-06,"same_day_conditional",0.324480719602859,0.396917615601924,0.228507175211567,0.0882060166275063,0.0841928574239296,-0.0724368959990652,0.00401315920357673,1.11715628653796,1.22914158809028,9.18181818181818,10.3636363636364,1.54545454545455
2024-03-07,"same_day_conditional",0.0871694649640919,0.120928979605883,0.121739054353288,0.0871503601823369,0.0832406927023468,-0.0337595146417911,0.00390966747999013,1.08548533248938,1.27659603717321,9.72727272727273,10.0909090909091,1.63636363636364
2024-03-08,"same_day_conditional",0.736190131528961,0.643854154560253,0.410674843677799,0.0848573819270255,0.0830691001871415,0.0923359769687087,0.00178828173988401,1.00578125899319,1.24182585271425,9.45454545454546,10.0909090909091,1.54545454545455
2024-03-09,"same_day_conditional",0.161430288836735,0.224454103433425,0.134495095426455,0.0882393066142422,0.0854834101059937,-0.0630238145966893,0.00275589650824858,1.02789573129696,1.34092444709058,9.90909090909091,9.27272727272727,1.18181818181818
2024-03-10,"same_day_conditional",0.172384309648576,0.257721509156696,0.140134013815367,0.0897352499845918,0.086737240573327,-0.0853371995081199,0.00299800941126482,1.06412434309323,1.22928753391872,9.63636363636364,9.81818181818182,1.54545454545455
2024-03-11,"same_day_conditional",0.134920563450243,0.148653569037428,0.158883527005835,0.0872085311614581,0.0841127076406452,-0.0137330055871856,0.00309582352081293,1.1007422229788,1.19400362554228,9.27272727272727,10.2727272727273,1.54545454545455
2024-03-12,"same_day_conditional",0.214925395333716,0.225430730170325,0.131801648677435,0.0873447800221575,0.0848985972843105,-0.0105053348366086,0.00244618273784705,1.3861509657306,1.39872314928013,8.18181818181818,10,1.63636363636364
2024-03-13,"same_day_conditional",0.253691835456875,0.40629854048826,0.254726432579632,0.0879235626347066,0.0861761750475084,-0.152606705031385,0.00174738758719815,1.2997007848784,1.4010462971722,8.54545454545454,9.63636363636364,1.54545454545455
2024-03-14,"same_day_conditional",0.129083108683338,0.191665340841437,0.179284600721481,0.0888710809821753,0.0861924612444631,-0.062582232158099,0.00267861973771219,1.37848420166413,1.37145402475691,8.63636363636364,9.63636363636364,1.54545454545455
2024-03-15,"same_day_conditional",0.304427183310327,0.355619790097669,0.120699500717996,0.0876860152919696,0.0857909094603045,-0.0511926067873415,0.00189510583166509,1.18100380263096,1.29235882015969,8.63636363636364,9.90909090909091,1.72727272727273
2024-03-16,"same_day_conditional",0.655340827772376,0.610581492477229,0.587066184448311,0.0885137225358183,0.0865491257683284,0.0447593352951471,0.00196459676748989,1.05248450580306,1.21293796786832,9,10,1.90909090909091
2024-03-17,"same_day_conditional",0.145034586015472,0.31717373590404,0.664159733186585,0.0890830359896043,0.0887124245081581,-0.172139149888568,0.00037061148144625,0.993807761181881,1.33819845039374,9.36363636363636,9.27272727272727,1.45454545454545
2024-03-18,"same_day_conditional",0.178268613878701,0.176797556175052,0.149358681243833,0.0884813933982104,0.0878045999792646,0.00147105770364854,0.000676793418945744,1.02150532852205,1.33271999477133,9,8.90909090909091,1.09090909090909
2024-03-19,"same_day_conditional",0.150662978835014,0.158605991089192,0.0789016449110536,0.088892922232922,0.0876078131335051,-0.00794301225417825,0.00128510909941688,1.06579884120995,1.27325915227975,8.90909090909091,9.45454545454546,1.27272727272727
2024-03-20,"same_day_conditional",0.35092716516603,0.456306010988099,0.237967323571001,0.087885101563047,0.0871440833294868,-0.105378845822069,0.000741018233560114,1.02321058346106,1.52060654489271,9.27272727272727,9.18181818181818,1.18181818181818
2024-03-21,"same_day_conditional",0.271525048316423,0.234845603104312,0.138053072860854,0.0892846833226543,0.088092083880648,0.0366794452121108,0.00119259944200634,0.949403153779805,1.32192798171635,9.27272727272727,10.0909090909091,1.54545454545455
2024-03-22,"same_day_conditional",0.107837053992112,0.102590457578932,0.147363372646695,0.0885940098648084,0.087902432661016,0.00524659641318,0.000691577203792374,0.851943929907064,1.28586766757203,9.36363636363636,10.4545454545455,1.63636363636364
2024-03-23,"same_day_conditional",0.101583183492203,0.0950288466006843,0.116931986918428,0.0891519951775006,0.0883342823390283,0.00655433689151848,0.000817712838472218,0.917936962453767,1.37137289785356,9.36363636363636,10.3636363636364,1.54545454545455
2024-03-24,"same_day_conditional",0.0912302241426247,0.122072442628411,0.0740984920001082,0.0893014951331852,0.0881630351032625,-0.0308422184857865,0.00113846002992267,0.890209148867551,1.18597837712231,9.45454545454546,10.4545454545455,1.63636363636364
2024-03-25,"same_day_conditional",0.268665902585977,0.27755752310784,0.141077202580595,0.0898202044742938,0.0880182700513637,-0.00889162052186252,0.00180193442293012,0.936519812460477,1.20645096217181,9.27272727272727,10.1818181818182,1.36363636363636
2024-03-26,"same_day_conditional",0.134589231776879,0.140703360498986,0.116209424184308,0.0910292949624072,0.0874897483944719,-0.0061141287221072,0.00353954656793537,1.01994987291018,1.05455504909133,8.90909090909091,10.6363636363636,1.36363636363636
2024-03-27,"same_day_conditional",0.113066869008953,0.141127672775457,0.119936297835033,0.08912653345362,0.0867956793911886,-0.028060803766504,0.00233085406243146,0.80580144128306,0.979223215491417,9.54545454545454,11.0909090909091,1.72727272727273
2024-03-28,"same_day_conditional",0.256619079211902,0.334870207343698,0.158211230037409,0.0899343151224137,0.0880603483760074,-0.0782511281317961,0.00187396674640637,0.847181030181812,1.02349507023078,9.18181818181818,10.8181818181818,1.27272727272727
2024-03-29,"same_day_conditional",0.0952188936121137,0.116905278721221,0.0839170574943488,0.0891033056166678,0.0875150934548621,-0.0216863851091073,0.00158821216180572,0.998678247146922,0.948165123826099,9,11.0909090909091,1.27272727272727
2024-03-30,"same_day_conditional",0.116818621390363,0.147927988641039,0.109587727331846,0.0887915240830828,0.0873004809836509,-0.0311093672506759,0.00149104309943188,1.02212777197418,1.2061515492833,9,10.4545454545455,1.18181818181818
2024-03-31,"same_day_conditional",0.0925325355241467,0.0898376796535949,0.112865496422118,0.0909832384935289,0.0894064558210599,0.00269485587055178,0.00157678267246896,0.969516553719392,1.17612700731533,9.09090909090909,10.0909090909091,1
2024-04-01,"same_day_conditional",0.0995004349002403,0.0990510171815796,0.131682176414311,0.08997028356529,0.0885578140150024,0.000449417718660758,0.00141246955028761,1.05306348879925,1.2138525484647,9.09090909090909,10.2727272727273,1.36363636363636
2024-04-02,"same_day_conditional",0.102342416808922,0.0918570987739084,0.105756715272715,0.0901173172359545,0.0894220461604633,0.0104853180350136,0.000695271075491231,0.932795775972017,1.30135562463647,9.45454545454546,9.81818181818182,1.09090909090909
2024-04-03,"same_day_conditional",0.335200392514507,0.197724084080145,0.113617489953396,0.090566349244843,0.0897071271121322,0.137476308434362,0.000859222132710819,1.00122471368422,1.25440619986205,9.54545454545454,9.90909090909091,0.909090909090909
2024-04-04,"same_day_conditional",0.166084352769918,0.157827603702439,0.0915235367659932,0.0913515827167462,0.0889111338519309,0.00825674906747882,0.00244044886481531,1.11400786232993,1.0942858644554,8.63636363636364,10.5454545454545,1.27272727272727
2024-04-05,"same_day_conditional",0.11406592641352,0.109485319681607,0.134215300781924,0.0912793639906068,0.0893121779489608,0.00458060673191294,0.00196718604164607,0.94896307807363,1.22572268410071,9.27272727272727,9.90909090909091,1.27272727272727
2024-04-06,"same_day_conditional",0.280550492123535,0.347281484085963,0.163601177419492,0.0913746068907416,0.0890924842330789,-0.0667309919624281,0.00228212265766272,1.06239171813256,1.22897775326323,9.36363636363636,10.1818181818182,1.18181818181818
2024-04-07,"same_day_conditional",0.692368563131086,0.698455327553449,0.273290209374482,0.0908062453104598,0.0888805183273493,-0.00608676442236267,0.00192572698311058,1.03640790583334,1.17818681148428,9.54545454545454,10,1.18181818181818
2024-04-08,"same_day_conditional",0.0766451998727509,0.104442446735288,0.0894669093104283,0.0911961054384825,0.0883513976635066,-0.0277972468625376,0.00284470777497587,0.888428921336669,0.835331538994239,9.72727272727273,10.4545454545455,1.18181818181818
2024-04-09,"same_day_conditional",0.0838344524904311,0.0523474695309472,0.074826587370463,0.0899957951946155,0.0879074034373441,0.0314869829594838,0.00208839175727148,0.990416060811299,1.04368403957379,9.27272727272727,9.90909090909091,1.09090909090909
2024-04-10,"same_day_conditional",0.198259336351166,0.145362957617946,0.124379357603922,0.0890021493693191,0.0873761193232732,0.0528963787332195,0.00162603004604594,1.02530295819274,1.33836185872223,9.36363636363636,9.36363636363636,1
2024-04-11,"same_day_conditional",0.097646669295873,0.0922354163918713,0.11045550768821,0.0887467302830555,0.0876120215716083,0.0054112529040017,0.00113470871144719,0.996773470173423,0.989001546184281,9,10,1.09090909090909
2024-04-12,"same_day_conditional",0.14505821530009,0.115808082912117,0.135255891657551,0.0901366351111688,0.0873869009493532,0.0292501323879722,0.00274973416181561,1.18337803302178,1.36316540145317,8.90909090909091,9.18181818181818,1.36363636363636
2024-04-13,"same_day_conditional",0.387731920789269,0.336212832107563,0.188583884963776,0.0921859381207584,0.0875189130317463,0.051519088681706,0.00466702508901213,1.13627378464862,1.41675057015467,8.81818181818182,9.27272727272727,1.27272727272727
2024-04-14,"same_day_conditional",0.359779723583522,0.324230053473063,0.35288848405227,0.0907158323905606,0.0888590957098944,0.0355496701104592,0.0018567366806662,1.0907996161825,1.30596290550875,9.18181818181818,9.72727272727273,1.27272727272727
2024-04-15,"same_day_conditional",0.146890329328357,0.152928121052934,0.160397897130321,0.0913181745214207,0.0888085440184939,-0.00603779172457715,0.00250963050292677,1.24239810718617,1.33535794433065,9.54545454545454,10.7272727272727,1.36363636363636
2024-04-16,"same_day_conditional",0.108994744609143,0.140464869501957,0.121582656242151,0.0931397571457815,0.0907683301238878,-0.0314701248928143,0.00237142702189371,1.38479027280392,1.46877942070124,9.36363636363636,10.4545454545455,1.18181818181818
2024-04-17,"same_day_conditional",0.386732236869158,0.352580071253453,0.265811236733249,0.0931783745779707,0.0910707198917847,0.0341521656157051,0.00210765468618603,1.40445353788809,1.46669242730427,8.90909090909091,10,1.27272727272727
2024-04-18,"same_day_conditional",0.105456432971494,0.101413562239232,0.146679582712257,0.0966149535227207,0.0947793820516507,0.00404287073226168,0.00183557147107003,1.39186286730651,1.50938761616406,9.81818181818182,10.3636363636364,0.818181818181818
2024-04-19,"same_day_conditional",0.0948370217938977,0.0964097455417157,0.120109672993244,0.0974113708084866,0.0959773372813406,-0.00157272374781806,0.00143403352714592,1.15931362319412,1.59955133966028,10.1818181818182,10,1
2024-04-20,"same_day_conditional",0.218436670289112,0.210017694526204,0.154194333130571,0.097093065377587,0.094719825355165,0.00841897576290808,0.00237324002242195,1.39720068490066,1.45890994643332,9.63636363636364,10.1818181818182,1.27272727272727
2024-04-21,"same_day_conditional",0.136798307058062,0.173271143935136,0.13024200214843,0.0986077734359423,0.096913360153263,-0.0364728368770744,0.00169441328267923,1.1618038471735,1.43539583845734,9.36363636363636,9.63636363636364,1
2024-04-22,"same_day_conditional",0.0906979462393832,0.083102074150339,0.118171218932674,0.0993885734589714,0.0972572487323588,0.00759587208904417,0.00213132472661264,1.24809850595231,1.39920028446494,9.45454545454546,9.81818181818182,1
2024-04-23,"same_day_conditional",0.0960813348239837,0.0915237577046876,0.10577036346582,0.100985260246916,0.0982820855779478,0.00455757711929611,0.00270317466896806,1.34579914977109,1.46875606887598,9.45454545454546,9.54545454545454,0.909090909090909
2024-04-24,"same_day_conditional",0.530605309431814,0.518111967271855,0.465766502123697,0.101296766290056,0.0991061870728375,0.0124933421599586,0.00219057921721816,1.31459017992458,1.57468993824822,9.27272727272727,9.45454545454546,0.818181818181818
2024-04-25,"same_day_conditional",0.0981857333266711,0.101477765126904,0.128017510432508,0.104412873144778,0.100020503096253,-0.00329203180023277,0.00439237004852455,1.22541172333496,1.37725745047426,9.63636363636364,9.72727272727273,1.09090909090909
2024-04-26,"same_day_conditional",0.108885817311241,0.111045849852778,0.12291622637139,0.106202573643328,0.10272549992165,-0.00216003254153647,0.00347707372167782,1.20989681740066,1.38040802569859,9.81818181818182,9.54545454545454,1.09090909090909
2024-04-27,"same_day_conditional",0.18871981115926,0.169465258007613,0.131629053174638,0.107135534259237,0.103709275400877,0.0192545531516478,0.00342625885835993,1.4662412115089,1.3647458482285,9.63636363636364,9.54545454545454,1.09090909090909
2024-04-28,"same_day_conditional",0.155280780567613,0.110843944190262,0.134510480422716,0.109777734416709,0.104468772755737,0.0444368363773517,0.00530896166097204,1.07180445140033,1.25089396982319,9.54545454545454,10,1.18181818181818
2024-04-29,"same_day_conditional",0.105451849825073,0.0984195276068036,0.129292047883936,0.111225511008946,0.105925270047296,0.00703232221826942,0.00530024096165015,1.04190962131856,1.19911950111371,9.90909090909091,10.1818181818182,1.09090909090909
2024-04-30,"same_day_conditional",0.148236386385204,0.137765416101816,0.111014363939359,0.111744342014986,0.106317181846121,0.0104709702833882,0.00542716016886524,1.25157243713613,1.35218648481534,9,9.54545454545454,1.09090909090909
2024-05-01,"same_day_conditional",0.142581293172214,0.11051299194211,0.132869183728589,0.114764243850352,0.108088868469408,0.0320683012301041,0.0066753753809441,1.32741823911361,1.42631694028936,9.18181818181818,9.72727272727273,1
2024-05-02,"same_day_conditional",0.243473709827615,0.260051674226688,0.228175312763424,0.113856994427978,0.10887937396141,-0.016577964399073,0.00497762046656874,1.0695102949038,1.25915701276374,9.90909090909091,10.5454545454545,1.27272727272727
2024-05-03,"same_day_conditional",0.358767516536381,0.2679468814301,0.120257839053056,0.117429374965822,0.111595428994066,0.0908206351062814,0.00583394597175576,1.32890199116296,1.50888999208393,9.81818181818182,10.4545454545455,1.09090909090909
2024-05-04,"same_day_conditional",0.180982995289849,0.156574246266455,0.200763388479772,0.122990354762362,0.114552316826837,0.0244087490233943,0.00843803793552454,1.42750957390658,1.55918841752504,9.72727272727273,9.90909090909091,1.27272727272727
2024-05-05,"same_day_conditional",0.0997111738188709,0.0758393728986956,0.122631249298446,0.131052871908982,0.120156184761693,0.0238718009201753,0.0108966871472886,1.40184399012093,1.66523568196922,9.72727272727273,9.72727272727273,1.27272727272727
2024-05-06,"same_day_conditional",0.270428875770531,0.372635827642699,0.201349723545754,0.13445353063445,0.12255320385198,-0.102206951872167,0.0119003267824701,1.16204154004637,1.4759710454225,9.90909090909091,10.1818181818182,1.36363636363636
2024-05-07,"same_day_conditional",0.127369454742592,0.0830809550120795,0.120027762841901,0.136111649664465,0.123610102947574,0.0442884997305124,0.0125015467168906,1.3116856380276,1.58331444666365,10.0909090909091,9.90909090909091,1.18181818181818
2024-05-08,"same_day_conditional",0.440360036239669,0.321976267822561,0.205189708644148,0.135896668722273,0.123118071056796,0.118383768417108,0.0127785976654775,1.14581787013336,1.61547630923905,9.54545454545454,9.81818181818182,1.18181818181818
2024-05-09,"same_day_conditional",0.268049833128566,0.246027272276627,0.206742778617942,0.142083720451539,0.125548206146949,0.0220225608519385,0.0165355143045903,1.30262645031055,1.53449904655684,10,10.1818181818182,1.36363636363636
2024-05-10,"same_day_conditional",0.344899945944683,0.243988536088916,0.191168533644087,0.136522274419182,0.12505887200973,0.100911409855767,0.0114634024094519,1.19477299990304,1.50435961372011,10.2727272727273,10.1818181818182,1.36363636363636
2024-05-11,"same_day_conditional",0.325810297411304,0.234372914200726,0.23362722438558,0.139346914066052,0.124591034303623,0.0914373832105773,0.0147558797624289,1.40342181213394,1.51794094499571,9.45454545454546,10.2727272727273,1.45454545454545
2024-05-12,"same_day_conditional",0.318411530990957,0.398736911404652,0.39855427487717,0.141213804995924,0.125117213053724,-0.0803253804136946,0.0160965919422003,1.11683149774142,1.33021021407182,10.2727272727273,11.0909090909091,1.54545454545455
2024-05-13,"same_day_conditional",0.103749504573402,0.098114294945493,0.166845256175713,0.146046463122569,0.128284806164402,0.00563520962790891,0.0177616569581667,1.51978886242752,1.52928524504855,9.72727272727273,10.4545454545455,1.54545454545455
2024-05-14,"same_day_conditional",2.02339541796176,1.74510282990549,1.00077391442599,0.145674400951956,0.12729915731998,0.278292588056266,0.0183752436319759,1.60118511250678,1.50420589592087,9.81818181818182,11,1.54545454545455
2024-05-15,"same_day_conditional",0.469576401751799,0.430436543611097,0.454056957154004,0.15795911146853,0.143617599725252,0.0391398581407016,0.0143415117432785,1.47304615014483,1.68590591175893,9.72727272727273,9.81818181818182,1.27272727272727
2024-05-16,"same_day_conditional",0.134025877000419,0.124230687867188,0.38798159010049,0.160390084803931,0.142391415152685,0.00979518913323106,0.0179986696512456,1.42797130158104,1.61410276439074,10.2727272727273,10.0909090909091,1.27272727272727
2024-05-17,"same_day_conditional",1.1913430727048,2.0220837035214,1.13408782993499,0.158674649701514,0.137923388321194,-0.830740630816593,0.02075126138032,1.35471305254417,1.48581132429074,10.4545454545455,10.5454545454545,1.18181818181818
2024-05-18,"same_day_conditional",0.520368261755926,0.45303117074566,0.429316581006144,0.164023781094535,0.144041980174799,0.0673370910102657,0.019981800919736,1.41288982067201,1.53996771868304,10.4545454545455,11.1818181818182,1
2024-05-19,"same_day_conditional",0.122466599784594,0.0898826174817533,0.182354310479636,0.168532404136358,0.149131403325286,0.0325839823028409,0.019401000811072,1.61388856764159,1.61686164315263,9.90909090909091,10.2727272727273,1.09090909090909
2024-05-20,"same_day_conditional",0.157198424949473,0.110837491622691,0.18004766483508,0.17207002317338,0.144514074225418,0.0463609333267814,0.0275559489479616,1.62816667220792,1.65786969059697,9.72727272727273,10.3636363636364,1.18181818181818
2024-05-21,"same_day_conditional",0.272720101654926,0.197177642701601,0.222299402417458,0.170551628190986,0.145323051561062,0.0755424589533249,0.0252285766299243,1.45273325672771,1.62323338109932,10.3636363636364,10.5454545454545,1.09090909090909
2024-05-22,"same_day_conditional",0.383990582952856,0.327375776273549,0.194512369501205,0.170811449063425,0.142905609033517,0.0566148066793071,0.0279058400299082,1.61434521563003,1.72384160942157,10,10.3636363636364,1
2024-05-23,"same_day_conditional",0.238997298452673,0.178126332045095,0.22468182561041,0.172911828535808,0.145229352813419,0.060870966407578,0.0276824757223892,1.33972535102957,1.33856935778533,10.3636363636364,11.4545454545455,1.45454545454545
2024-05-24,"same_day_conditional",0.233619065858737,0.212726711166438,0.223516798760236,0.17307217828202,0.143504307799462,0.0208923546922988,0.0295678704825579,1.31819012425033,1.39463496374676,10.5454545454545,11.0909090909091,1.27272727272727
2024-05-25,"same_day_conditional",0.147201300771412,0.0946968934810235,0.167160597522725,0.170490646378673,0.143113432855727,0.0525044072903883,0.027377213522946,1.38113969542213,1.43857770716105,9.54545454545454,10,1.18181818181818
2024-05-26,"same_day_conditional",0.216944692364558,0.138967983064371,0.12698071395912,0.169943805878468,0.146646986193229,0.0779767093001877,0.0232968196852398,1.14764665692456,1.3450108342263,9.72727272727273,10.4545454545455,1.27272727272727
2024-05-27,"same_day_conditional",0.12870452785609,0.142085731273081,0.119861791899566,0.175798868773603,0.150113789650201,-0.0133812034169903,0.0256850791234016,1.32227220773284,1.48301032404269,9.09090909090909,10.1818181818182,1.27272727272727
2024-05-28,"same_day_conditional",0.195891036700842,0.14151468932571,0.0961892957434449,0.161504606903674,0.158787207605745,0.0543763473751321,0.00271739929792913,1.35786588775637,1.67351686666511,10.2727272727273,9.90909090909091,1.27272727272727
2024-05-29,"same_day_conditional",0.167021825381562,0.158813959327099,0.155100664589962,0.139197805995493,0.137479297055381,0.00820786605446268,0.00171850894011219,1.49325699368849,1.56029715359436,9,10.8181818181818,1.45454545454545
2024-05-30,"same_day_conditional",0.310698676810084,0.300166070862373,0.117966485053641,0.110818343064026,0.108470061616398,0.0105326059477108,0.00234828144762835,1.40314874073483,1.61752251664834,9.36363636363636,10.4545454545455,1.45454545454545
2024-05-31,"same_day_conditional",0.11720507635031,0.113083034150146,0.115276285521204,0.113417114775894,0.112072355608771,0.00412204220016401,0.00134475916712266,1.284218792877,1.68049760037347,9.81818181818182,10.3636363636364,1.45454545454545
2024-06-01,"same_day_conditional",0.22091442830105,0.13197609144136,0.116659098474624,0.116172619012197,0.11360043864311,0.0889383368596903,0.0025721803690875,1.64643005907576,1.74347177460521,9,10.0909090909091,1.18181818181818
2024-06-02,"same_day_conditional",0.190553912416682,0.195005950475696,0.152158913486786,0.117265732164083,0.114937640405563,-0.00445203805901427,0.00232809175852002,1.51914985097315,1.86807204203028,9.72727272727273,9.45454545454546,1.36363636363636
2024-06-03,"same_day_conditional",0.142133444525733,0.161808761024839,0.197390150109127,0.117491267174268,0.113343264994229,-0.0196753164991059,0.00414800218003901,1.39001928330671,1.70007934319608,9.81818181818182,10.1818181818182,1.36363636363636
2024-06-04,"same_day_conditional",0.115549223072157,0.125754229180784,0.119393330851182,0.118002597641768,0.112736065880176,-0.0102050061086269,0.00526653176159157,1.949929168,1.96450585961833,8.18181818181818,9.54545454545454,1.18181818181818
2024-06-05,"same_day_conditional",0.12974376032103,0.134845769742946,0.142918556262565,0.117637349196234,0.113798530575629,-0.00510200942191639,0.00383881862060483,1.65035614540405,1.60158225023209,9.27272727272727,10.8181818181818,1.54545454545455
2024-06-06,"same_day_conditional",0.115682263535934,0.157218460177893,0.152176846915386,0.118333095090827,0.113681315137486,-0.0415361966419589,0.00465177995334123,1.63002806436801,1.59650664940918,9.09090909090909,10.8181818181818,1.63636363636364
2024-06-07,"same_day_conditional",0.125984832995567,0.134943493332784,0.131790559931029,0.11629756516574,0.11131937558696,-0.00895866033721673,0.00497818957877991,1.31474750080511,1.47394964289128,9.63636363636364,11.9090909090909,1.81818181818182
2024-06-08,"same_day_conditional",0.0901425003617947,0.0922259161186986,0.100079677492508,0.117514486773186,0.110543315624823,-0.00208341575690391,0.00697117114836311,1.30298802621522,1.40950489398367,9.90909090909091,11.7272727272727,2.18181818181818
2024-06-09,"same_day_conditional",0.0955232438999152,0.0745835855660798,0.105285208791674,0.117422011424553,0.113011843795473,0.0209396583338353,0.00441016762908076,1.36262601732711,1.51802382831077,9.36363636363636,11.2727272727273,1.81818181818182
2024-06-10,"same_day_conditional",0.10362799512734,0.0959211721933499,0.126754160306888,0.120013004227338,0.115993338566639,0.00770682293398986,0.00401966566069849,1.56867970064273,1.80064294547441,9.27272727272727,10.3636363636364,1.45454545454545
2024-06-11,"same_day_conditional",0.113597980130555,0.0986418387065972,0.137584337380663,0.119936589139719,0.116407682747157,0.0149561414239575,0.00352890639256202,1.39390968806424,2.04750679295351,9.81818181818182,9.81818181818182,1.54545454545455
2024-06-12,"same_day_conditional",0.257753174406168,0.298649734571767,0.353042463685209,0.117348772001251,0.11207642333114,-0.0408965601655984,0.00527234867011141,1.40048087052075,1.69576955228317,9.54545454545454,10.2727272727273,1.72727272727273
2024-06-13,"same_day_conditional",0.403018565112811,0.427975710926667,0.264605818825568,0.118106697666155,0.113748566850517,-0.0249571458138562,0.00435813081563822,1.62914765081166,1.8357821289455,9.27272727272727,9.63636363636364,1.72727272727273
2024-06-14,"same_day_conditional",1.05869705868617,1.08478606531,0.73837724256741,0.119423273654129,0.114788524534498,-0.0260890066238328,0.00463474911963046,1.31741111588011,1.92229351900409,10.3636363636364,9.81818181818182,1.45454545454545
2024-06-15,"same_day_conditional",0.148864216498643,0.129215231345818,0.230991382346042,0.119903854984926,0.113166354657882,0.0196489851528245,0.00673750032704436,1.5598090927386,1.62076376241328,10,11.1818181818182,1.54545454545455
2024-06-16,"same_day_conditional",0.245917305738821,0.214296906019374,0.227833170507301,0.121927261705103,0.114942822568693,0.0316203997194468,0.00698443913640952,1.58305332370574,1.70836496815229,9.72727272727273,10.7272727272727,1.36363636363636
2024-06-17,"same_day_conditional",0.647736754376475,0.594022495464664,0.621317981789538,0.121981002140015,0.116609941424023,0.0537142589118114,0.00537106071599111,1.65763755652998,1.85321553148321,10,9.90909090909091,1.45454545454545
2024-06-18,"same_day_conditional",0.572159117973204,0.50831375720833,0.403565143253927,0.124475558088495,0.117200755175756,0.0638453607648736,0.00727480291273865,1.40071240980685,1.63995695363053,10.3636363636364,10.9090909090909,1.45454545454545
2024-06-19,"same_day_conditional",0.250803511832308,0.240240613304451,0.187918922558007,0.122298460341932,0.119192749442499,0.0105628985278567,0.00310571089943317,1.41538122406007,1.81616153698536,10,10.2727272727273,1.54545454545455
2024-06-20,"same_day_conditional",0.755504257993198,0.738054997978655,0.788222728215505,0.126908266410101,0.121321936839579,0.0174492600145423,0.00558632957052169,1.52969166381382,1.67739337789482,9.90909090909091,10.2727272727273,1.81818181818182
2024-06-21,"same_day_conditional",1.63046942406026,1.62365331597252,1.48281729812848,0.124432843822905,0.120600328427576,0.00681610808774319,0.00383251539532969,1.26285474474864,1.6104484700196,10,10.8181818181818,1.45454545454545
2024-06-22,"same_day_conditional",1.63037881429272,1.47495609815599,1.57580452120702,0.13740908851399,0.131615425203421,0.155422716136737,0.00579366331056918,1.21195895911004,1.68631024801348,10.5454545454545,10.5454545454545,1.72727272727273
2024-06-23,"same_day_conditional",0.224421638348265,0.316024077764992,0.544471285114536,0.149361478371846,0.141473963975271,-0.0916024394167265,0.00788751439657441,1.14154398539696,1.71561046612721,10.0909090909091,11,1.81818181818182
2024-06-24,"same_day_conditional",1.55518849276894,1.48924793849519,1.16822429935519,0.14547827897255,0.138576334624522,0.0659405542737512,0.00690194434802811,1.47520625013142,1.51141692340144,9.72727272727273,10.5454545454545,1.72727272727273
2024-06-25,"same_day_conditional",0.259672812568717,0.325001419257321,0.226841068368903,0.143789354355625,0.138573387168524,-0.0653286066886037,0.00521596718710097,1.19144074072692,1.70777233744822,9.81818181818182,9.90909090909091,1.72727272727273
2024-06-26,"same_day_conditional",0.155382222806126,0.142973836165786,0.175686701126897,0.142570498452732,0.136395068488316,0.0124083866403402,0.00617542996441619,0.980730254871693,1.46254449711311,10.7272727272727,9.72727272727273,1.63636363636364
2024-06-27,"same_day_conditional",0.16614852985458,0.13650464843661,0.117445022192146,0.145060101536261,0.138080973881712,0.0296438814179701,0.00697912765454942,1.1628295032803,1.55089363457188,10.2727272727273,10,1.72727272727273
2024-06-28,"same_day_conditional",0.230604686960788,0.185911990884855,0.154892851281802,0.1453252978148,0.137993485943061,0.0446926960759326,0.00733181187173957,0.866300282825691,1.53519706631195,11.1818181818182,10.2727272727273,1.63636363636364
2024-06-29,"same_day_conditional",0.237581544945372,0.259101152374157,0.26788973686251,0.144948085358252,0.138252487236318,-0.0215196074287848,0.00669559812193418,1.05083690924534,1.41952720951044,10.2727272727273,10.1818181818182,1.63636363636364
2024-06-30,"same_day_conditional",0.201908006772584,0.278982513927071,0.205913169103894,0.148080984845649,0.138524549343169,-0.0770745071544877,0.00955643550247948,1.13002921213682,1.52280840802864,9.81818181818182,10.5454545454545,1.81818181818182
2024-07-01,"same_day_conditional",0.189096106583341,0.141662063938153,0.17376907498205,0.145316606580628,0.13823907169859,0.0474340426451881,0.00707753488203738,1.14795966080571,1.39291243679129,9.90909090909091,10.8181818181818,1.90909090909091
2024-07-02,"same_day_conditional",0.10814402513032,0.100531372795392,0.131714165874873,0.144375442747975,0.144431525965568,0.00761265233492895,-0.0000560832175929932,1.06609418664635,1.52587371969032,9.36363636363636,10.5454545454545,1.81818181818182
2024-07-03,"same_day_conditional",0.297251177291443,0.175122970816079,0.147410877570148,0.141396653658111,0.136088479405919,0.122128206475364,0.00530817425219225,0.948309482525594,1.36596433721066,10.0909090909091,10.1818181818182,1.81818181818182
2024-07-04,"same_day_conditional",0.127315171659388,0.116280753139912,0.142706645117518,0.142655952259967,0.140702053622778,0.0110344185194756,0.00195389863718949,1.04814657642907,1.61766916954705,9.90909090909091,10,1.72727272727273
2024-07-05,"same_day_conditional",0.718868844343778,0.793249114248333,0.222858508071133,0.144338621727506,0.139701098216093,-0.0743802699045543,0.00463752351141262,1.10295170242091,1.3624021543046,9.09090909090909,10.6363636363636,1.72727272727273
2024-07-06,"same_day_conditional",0.0949433044740046,0.228384902237582,0.125485060750241,0.15176899428596,0.14351820891392,-0.133441597763577,0.00825078537204042,1.30397999493532,1.49998652754236,9.27272727272727,10.3636363636364,1.72727272727273
2024-07-07,"same_day_conditional",0.157012690356839,0.129408612879794,0.182250086017436,0.144838879415036,0.142317877435928,0.0276040774770453,0.00252100197910718,1.01597501734827,1.41596419677473,9.72727272727273,10.3636363636364,1.72727272727273
2024-07-08,"same_day_conditional",0.256429084561596,0.323988347540285,0.198132836598896,0.145320952591827,0.138721578763133,-0.0675592629786899,0.00659937382869486,1.3721510112216,1.14281382170762,9.45454545454546,11.1818181818182,2
2024-07-09,"same_day_conditional",0.197806245014154,0.12708774755047,0.129841644225051,0.145908894528214,0.146928833640169,0.0707184974636841,-0.00101993911195506,1.12210104460905,1.47737447872924,10.1818181818182,10.2727272727273,1.81818181818182
2024-07-10,"same_day_conditional",0.154304304066068,0.101738655379188,0.115033879545006,0.145143966762173,0.143683510373274,0.0525656486868803,0.00146045638889901,1.15284261981165,1.58063366316751,10.0909090909091,10.0909090909091,1.90909090909091
2024-07-11,"same_day_conditional",0.148569147216775,0.139755350991094,0.115273214968509,0.148663827875951,0.144571071527313,0.00881379622568092,0.00409275634863886,1.37397818890496,1.49830490155322,9.27272727272727,10.1818181818182,1.63636363636364
2024-07-12,"same_day_conditional",0.205169803017642,0.223966293962067,0.16468514131536,0.150757596879562,0.146446705547096,-0.0187964909444248,0.00431089133246547,1.29489418819205,1.4829157236837,10.2727272727273,10.0909090909091,1.63636363636364
2024-07-13,"same_day_conditional",0.142953334557403,0.119281456544965,0.167560854938532,0.140757643932705,0.146481754575085,0.0236718780124379,-0.0057241106423791,1.05061859785885,1.47175500965025,9.54545454545454,10,1.63636363636364
2024-07-14,"same_day_conditional",0.379727584384909,0.41279848571213,0.206919300118783,0.140533134173203,0.141292149716523,-0.0330709013272212,-0.000759015543319539,1.00665374046545,1.35470848405766,9.63636363636364,10,1.54545454545455
2024-07-15,"same_day_conditional",0.168712919757101,0.157452828961729,0.110518093731279,0.14019345790642,0.140745387640967,0.011260090795372,-0.000551929734546196,1.06030048603045,1.37043216151509,9.36363636363636,10.0909090909091,1.54545454545455
2024-07-16,"same_day_conditional",0.438658387006069,0.399965018901656,0.294104499776407,0.142397851134007,0.137062451874089,0.0386933681044128,0.00533539925991743,0.977824025483629,1.45245349969614,9.54545454545454,9.27272727272727,1.36363636363636
2024-07-17,"same_day_conditional",0.205689539064434,1.12132967327433,0.140472071180049,0.141488879508858,0.135484429221025,-0.915640134209895,0.0060044502878321,1.13504903123225,1.55393621649707,8.90909090909091,9.54545454545454,1.36363636363636
2024-07-18,"same_day_conditional",0.415154799059443,1.11331323656564,0.154091919092009,0.138451255541926,0.131817638746572,-0.698158437506198,0.00663361679535356,1.00707395779066,1.48207588276926,9.27272727272727,9.36363636363636,1.45454545454545
2024-07-19,"same_day_conditional",0.999456382733231,1.84448959588419,1.08823473276514,0.139182734735118,0.137471218564409,-0.845033213150954,0.0017115161707096,0.93715710236549,1.53277497520177,10,9,1.63636363636364
2024-07-20,"same_day_conditional",0.162477438756932,0.149104687317069,0.146750822839618,0.142533296465205,0.142332914180685,0.0133727514398626,0.000200382284519999,1.00831920654054,1.44917733941482,9.36363636363636,9.45454545454546,1.54545454545455
2024-07-21,"same_day_conditional",0.147212035861654,0.158215358164531,0.169242045836872,0.142571069707604,0.138958350909891,-0.0110033223028774,0.0036127187977137,0.949883568846767,1.34032382942928,9.45454545454546,9.63636363636364,1.63636363636364
2024-07-22,"same_day_conditional",0.184491051852636,0.15653280845854,0.227337200066949,0.139070119551893,0.134019406346946,0.0279582433940968,0.00505071320494694,1.02820739661616,1.29934863843262,9.45454545454546,9.90909090909091,1.81818181818182
2024-07-23,"same_day_conditional",0.137990472728263,0.0832556997384588,0.167847048378248,0.137741937543779,0.133599370288701,0.0547347729898041,0.00414256725507832,1.06905518029774,1.38463217147111,9.45454545454546,9.36363636363636,1.72727272727273
2024-07-24,"same_day_conditional",0.135381640059464,0.0893027600147397,0.143488081691434,0.132526323729107,0.129332495324526,0.0460788800447246,0.00319382840458101,0.950333546901644,1.44623046920478,9.72727272727273,9.45454545454546,1.63636363636364
2024-07-25,"same_day_conditional",0.477218399560203,0.488361209595053,0.329687669585026,0.13288479048852,0.128704122236754,-0.0111428100348502,0.00418066825176563,0.996289884291332,1.33978876446177,9.54545454545454,9.90909090909091,1.63636363636364
2024-07-26,"same_day_conditional",0.144686580533083,0.101293900417143,0.169299945988198,0.132751685160755,0.132045049001046,0.0433926801159401,0.000706636159708869,0.887753638366137,1.4993708928355,9.72727272727273,9.54545454545454,1.27272727272727
2024-07-27,"same_day_conditional",0.444609387859246,0.751531266378159,0.173479082755303,0.136378138540886,0.129695436002905,-0.306921878518913,0.00668270253798164,0.962011256756661,1.26006160620354,9.81818181818182,10.0909090909091,1.36363636363636
2024-07-28,"same_day_conditional",0.133961770083007,0.110071469687999,0.153128181181511,0.137721295373409,0.133355401318154,0.0238903003950077,0.00436589405525543,0.79349329589567,1.35114126355689,10.7272727272727,9.90909090909091,1.54545454545455
2024-07-29,"same_day_conditional",0.126047411778054,0.0995164112779244,0.187556091585829,0.138587485039468,0.137380810277548,0.0265310005001293,0.00120667476192072,1.0562789944243,1.43423505571672,9.36363636363636,9.54545454545454,1.63636363636364
2024-07-30,"same_day_conditional",0.485849490871015,0.481457191912448,0.447889437416817,0.135811584787989,0.135186551850845,0.00439229895856656,0.000625032937143821,0.816251677861441,1.34569103543226,10.0909090909091,10.0909090909091,1.63636363636364
2024-07-31,"same_day_conditional",0.313236508564029,0.0757337747784553,0.137716711202741,0.135277642182618,0.132933247870626,0.237502733785574,0.00234439431199186,0.745653621177708,1.30418654433103,9.63636363636364,9.81818181818182,1.54545454545455
2024-08-01,"same_day_conditional",0.425738287589713,0.567559829963947,0.166796724126104,0.135430839893877,0.130686931892414,-0.141821542374234,0.00474390800146283,0.817112472053132,1.47775662289097,9.81818181818182,9.09090909090909,1.54545454545455
2024-08-02,"same_day_conditional",0.395647154429474,0.449079018842543,0.393165013526954,0.139471147249213,0.131100939018322,-0.053431864413069,0.00837020823089125,0.987350712773902,1.37160668221349,9.72727272727273,9.18181818181818,1.63636363636364
2024-08-03,"same_day_conditional",0.436933868141968,0.545874069179535,0.1307782946239,0.136434098380822,0.130970102048167,-0.108940201037568,0.00546399633265538,1.17610112702827,1.18235898834548,9.36363636363636,10.3636363636364,1.63636363636364
2024-08-04,"same_day_conditional",0.091099764588291,0.37948706059239,0.147336729810002,0.138030470490233,0.133076220515272,-0.288387296004099,0.00495424997496119,1.05457602533719,1.48704620271073,9.63636363636364,10,1.54545454545455
2024-08-05,"same_day_conditional",1.68821739961579,1.63851309415223,1.08964225714812,0.13592317543327,0.138092916021889,0.0497043054635548,-0.00216974058861933,1.35896789803027,1.59110686806634,8.90909090909091,9.36363636363636,1.54545454545455
2024-08-06,"same_day_conditional",0.61359460057291,0.555702351162373,0.756673350429087,0.139615264272708,0.13653076750517,0.0578922494105373,0.00308449676753806,1.226750406458,1.70084260177272,9.18181818181818,9.81818181818182,1.90909090909091
2024-08-07,"same_day_conditional",0.232717026487913,0.216987090988647,0.186018416535069,0.143874117864714,0.13283892587681,0.0157299354992663,0.0110351919879036,1.17529948376823,1.7414277235495,9.72727272727273,9.81818181818182,1.72727272727273
2024-08-08,"same_day_conditional",0.137552110798949,0.159000955418227,0.157753739958991,0.143273820282689,0.137356266884274,-0.021448844619278,0.00591755339841473,1.27410385903733,1.47390692271359,9.27272727272727,10.2727272727273,1.81818181818182
2024-08-09,"same_day_conditional",0.320741574565125,0.296340399527776,0.20760362740563,0.149371949862648,0.139883612138727,0.0244011750373484,0.00948833772392063,1.18713000304878,1.66507124127119,9.72727272727273,9.63636363636364,1.63636363636364
2024-08-10,"same_day_conditional",0.386665889473051,0.406443338588565,0.258245837478691,0.147501944940596,0.141397344598187,-0.0197774491155141,0.00610460034240971,1.09466740088465,1.69902731196956,10.2727272727273,9.90909090909091,1.63636363636364
2024-08-11,"same_day_conditional",0.150156010743986,0.124209638898256,0.176970043707183,0.151283424856417,0.146265206328292,0.0259463718457296,0.00501821852812492,1.12626836177763,1.5218869575495,9.81818181818182,10.5454545454545,1.63636363636364
2024-08-12,"same_day_conditional",0.286857794558766,0.265245723402247,0.186738240914151,0.15384973071716,0.148451595153858,0.0216120711565186,0.00539813556330236,1.28620538757836,1.53383085883021,9.36363636363636,10.9090909090909,1.63636363636364
2024-08-13,"same_day_conditional",0.248879408771901,0.165718712973342,0.154332974323265,0.151397733276899,0.148820785930168,0.083160695798559,0.00257694734673119,1.17855927547373,1.93546517548032,9.72727272727273,10,1.36363636363636
2024-08-14,"same_day_conditional",0.104928786813181,0.166151302687225,0.191033650218916,0.151618699091581,0.143833444671584,-0.0612225158740438,0.00778525441999707,1.35414450800858,1.63468996967117,9.45454545454546,10.3636363636364,1.63636363636364
2024-08-15,"same_day_conditional",0.129811156062793,0.224790653035327,0.142912073206162,0.152520026894297,0.141010034533112,-0.0949794969725339,0.0115099923611851,1.18116299603108,1.32385384429833,9.54545454545454,10.9090909090909,1.72727272727273
2024-08-16,"same_day_conditional",0.329417283461607,0.385374868551207,0.112652904599442,0.141841786011892,0.133545136506333,-0.0559575850895998,0.00829664950555904,1.17412107313863,1.55544958365551,9.90909090909091,10,1.45454545454545
2024-08-17,"same_day_conditional",0.110226923006813,0.143229327551696,0.134157587812995,0.136956488725545,0.127071404155091,-0.033002404544883,0.00988508457045329,1.24397331594714,1.61558323106212,9.81818181818182,10.2727272727273,1.81818181818182
2024-08-18,"same_day_conditional",0.159489585848325,0.208836526654841,0.160618722905616,0.130970813238089,0.120770338662914,-0.0493469408065156,0.0102004745751754,1.4875676524821,1.44265029092897,9.63636363636364,10.4545454545455,1.63636363636364
2024-08-19,"same_day_conditional",0.59116360028686,0.768778306171004,0.805876278841266,0.125777408386113,0.115571237767248,-0.177614705884144,0.010206170618865,1.2128438188734,1.35568802545931,9.81818181818182,10.5454545454545,1.81818181818182
2024-08-20,"same_day_conditional",0.915512677810383,0.383255674318668,0.160703726818928,0.119293675656754,0.109020668141559,0.532257003491715,0.0102730075151946,1.2166318883499,1.42141389934277,9.45454545454546,10.7272727272727,1.81818181818182
2024-08-21,"same_day_conditional",0.102419162433921,0.0824934634931393,0.106893663957316,0.122332698203068,0.112722819222297,0.0199256989407814,0.00960987898077046,1.10476287520107,1.44138559603243,9.81818181818182,10,1.63636363636364
2024-08-22,"same_day_conditional",0.194189017842169,0.23304667872821,0.166072187585049,0.121424998258109,0.110079821435223,-0.038857660886041,0.0113451768228863,1.13034316164452,1.41314686554075,9.36363636363636,9.90909090909091,1.81818181818182
2024-08-23,"same_day_conditional",0.132265321295392,0.109511461769537,0.12116958239034,0.123952223974608,0.112630776448505,0.022753859525855,0.0113214475261032,1.29031079979396,1.62860707152956,9.36363636363636,9.72727272727273,1.81818181818182
2024-08-24,"same_day_conditional",0.732612541555632,1.37177093712244,0.358798120840146,0.126032931584492,0.114324837355786,-0.639158395566811,0.0117080942287066,1.39363542896213,1.63975512040763,9.36363636363636,9.81818181818182,1.81818181818182
2024-08-25,"same_day_conditional",0.41510080145747,0.390509663287508,0.225493330530311,0.126179315433374,0.115376777154631,0.0245911381699615,0.0108025382787427,1.30089031589975,1.56922065005396,9.54545454545454,9.81818181818182,1.72727272727273
2024-08-26,"same_day_conditional",0.147796201111345,0.232128307145919,0.121221424737921,0.129803028986001,0.117220795986608,-0.0843321060345738,0.0125822329993933,1.06407405098548,1.47528545105577,10.0909090909091,9.90909090909091,1.72727272727273
2024-08-27,"same_day_conditional",0.262756674905554,0.242283790967462,0.246641133213326,0.123279655291482,0.110802904621129,0.0204728839380921,0.0124767506703533,1.14739738723561,1.51762262444936,9.54545454545454,9.90909090909091,2
2024-08-28,"same_day_conditional",0.305075014622245,0.402331455992394,0.226726898759208,0.125396251001678,0.113832846024575,-0.0972564413701485,0.0115634049771032,1.31352930512874,1.53551912667184,9,10,2.18181818181818
2024-08-29,"same_day_conditional",0.267267972126336,0.232535914553546,0.120413137976169,0.124114795114777,0.115524256653702,0.0347320575727902,0.00859053846107508,1.13767978284878,1.65904366384352,9.18181818181818,10.2727272727273,1.90909090909091
2024-08-30,"same_day_conditional",0.181661002144277,0.262642234175012,0.135808611183463,0.125751243129573,0.115132218834266,-0.0809812320307343,0.0106190242953067,1.24044375150919,1.51334920182392,9.72727272727273,10.1818181818182,2.09090909090909
2024-08-31,"same_day_conditional",0.167344063167482,0.147470001585548,0.142481801744412,0.129154790566172,0.12151991317511,0.0198740615819334,0.00763487739106132,1.26333316391571,1.70583319399835,9.36363636363636,9.72727272727273,1.72727272727273
2024-09-01,"same_day_conditional",0.391523925215044,0.446246108056778,0.388600212106256,0.129236566206982,0.116856854940591,-0.0547221828417334,0.012379711266392,1.00347419584145,1.42932599937976,9.63636363636364,10.0909090909091,1.72727272727273
2024-09-02,"same_day_conditional",0.117287453866527,0.1037687197819,0.139644296783183,0.133172753935459,0.121186182034837,0.0135187340846271,0.0119865719006224,0.922775891503643,1.5748755771019,10,9.72727272727273,1.90909090909091
2024-09-03,"same_day_conditional",0.38017284635637,0.339717517288741,0.445005642094849,0.133136890695401,0.120571281116671,0.0404553290676294,0.0125656095787299,0.907678169720695,1.48903611087401,10.0909090909091,10,2
2024-09-04,"same_day_conditional",0.688609390979977,0.427547452178243,0.739009344127956,0.1368943077416,0.122328842621787,0.261061938801735,0.0145654651198125,0.934634800575307,1.45236736499541,10.0909090909091,10,2.18181818181818
2024-09-05,"same_day_conditional",0.24166574354055,0.205457277072114,0.196916904217982,0.134262634679129,0.117367574605505,0.036208466468436,0.0168950600736239,1.01529437420437,1.37816502347583,9.72727272727273,10.4545454545455,2
2024-09-06,"same_day_conditional",0.280838622177813,0.283991800155073,0.279926090248081,0.134928061598784,0.116912659507327,-0.00315317797725989,0.0180154020914566,0.864824702350593,1.23793319647022,10.2727272727273,10.6363636363636,2.18181818181818
2024-09-07,"same_day_conditional",0.318418437732425,0.280687150373002,0.3605165107129,0.13491173107836,0.118840258912889,0.0377312873594222,0.0160714721654712,0.717226138771742,1.17755809760447,10.5454545454545,10.5454545454545,2
2024-09-08,"same_day_conditional",0.357290542733491,0.342787702404216,0.363702286853298,0.131907410191942,0.119124334460809,0.0145028403292751,0.0127830757311321,0.873969039881355,1.30355466391284,10.0909090909091,10.5454545454545,2
2024-09-09,"same_day_conditional",0.396349889798912,0.410008983015444,0.353928897606742,0.133786372511777,0.118880266479652,-0.013659093216532,0.0149061060321253,1.04446904765805,1.50397817093433,9.18181818181818,9.90909090909091,1.72727272727273
2024-09-10,"same_day_conditional",0.333668135875816,0.244337991435614,0.33198385200091,0.137250784171169,0.122330393426079,0.0893301444402021,0.0149203907450903,1.03236968292875,1.49900178003655,9,9.81818181818182,1.81818181818182
2024-09-11,"same_day_conditional",0.440542160852902,0.154032290176462,0.173506905340487,0.139132529364552,0.122627806762032,0.28650987067644,0.0165047226025204,0.876395412662749,1.60798990642306,10.3636363636364,9.72727272727273,2.18181818181818
2024-09-12,"same_day_conditional",0.372127703073153,0.326701597928673,0.218896865551531,0.138733924251664,0.122075455115843,0.0454261051444802,0.0166584691358207,1.14262358520681,1.56861987971974,9.36363636363636,9.54545454545454,2.09090909090909
2024-09-13,"same_day_conditional",0.192538760728095,0.0885487883006635,0.109041364416614,0.136844220769416,0.123206248454023,0.103989972427431,0.0136379723153929,1.00380924906392,1.51293018321583,9.09090909090909,9,2
2024-09-14,"same_day_conditional",0.124743602486201,0.093328922277109,0.159223292843767,0.136489486739206,0.122890722402321,0.0314146802090924,0.0135987643368849,1.07791932626922,1.67314972573448,9.18181818181818,9.09090909090909,2
2024-09-15,"same_day_conditional",0.28518496867874,0.174162741293464,0.196851025420166,0.13792770625385,0.122153049189759,0.111022227385276,0.015774657064091,1.13498094995455,1.57602909287528,9.09090909090909,9.27272727272727,1.90909090909091
2024-09-16,"same_day_conditional",0.525271937469734,0.200913580370527,0.243348834721163,0.1407491553208,0.126022668423365,0.324358357099208,0.0147264868974341,1.15235718317114,1.70379402497352,8.90909090909091,9.45454545454546,2
2024-09-17,"same_day_conditional",0.166077032477132,0.109685940709072,0.118022361254416,0.146774573473857,0.126054908689894,0.0563910917680601,0.0207196647839632,1.26775083634594,1.46807797030467,9.36363636363636,10.7272727272727,2
2024-09-18,"same_day_conditional",0.433602762369352,0.404801279134411,0.502643767530024,0.144926834500224,0.125974441645253,0.0288014832349406,0.0189523928549709,1.24447850621285,1.58933892110269,9.27272727272727,10,2
2024-09-19,"same_day_conditional",0.168983797034746,0.114363681291793,0.195154126751837,0.144159309886683,0.123253273137236,0.0546201157429529,0.0209060367494469,1.50925550363746,1.35044496397246,7.54545454545455,9.90909090909091,2
2024-09-20,"same_day_conditional",0.603888401522358,0.384524599105424,0.470112996359049,0.142929370583145,0.123542183578664,0.219363802416934,0.0193871870044809,1.13005733936068,1.47975853499255,8.72727272727273,9.72727272727273,1.81818181818182
2024-09-21,"same_day_conditional",0.110539634297922,0.111522389361282,0.147199255690333,0.136419490031143,0.123064198306991,-0.000982755063360903,0.0133552917241519,1.31426530813059,1.70156205723215,8.36363636363636,9.09090909090909,1.72727272727273
2024-09-22,"same_day_conditional",0.117529943210165,0.128924245877125,0.143602940309338,0.135267428297236,0.124390927811626,-0.0113943026669598,0.0108765004856104,1.15275370673923,1.49375263081292,9.09090909090909,8.90909090909091,1.63636363636364
2024-09-23,"same_day_conditional",0.104173989464719,0.187321751802681,0.142283730329251,0.12780591122945,0.113686677926377,-0.0831477623379628,0.0141192333030737,1.23617717864963,1.64134987412492,8.81818181818182,8.54545454545454,1.54545454545455
2024-09-24,"same_day_conditional",0.153831388296618,0.0875273647059133,0.112752485868744,0.124308919898106,0.112826420371958,0.0663040235907045,0.0114824995261481,1.4237385785907,1.67875914945602,8.36363636363636,8.81818181818182,1.54545454545455
2024-09-25,"same_day_conditional",0.093745338335446,0.10471497564036,0.145347588360981,0.123980150601353,0.111465915513681,-0.0109696373049135,0.012514235087672,1.65948951918728,1.71832980623695,8,9.27272727272727,1.45454545454545
2024-09-26,"same_day_conditional",0.280808098294631,0.378565821598699,0.162054493891474,0.121327792394804,0.110925787840741,-0.0977577233040679,0.0104020045540626,1.49849811772406,1.62752097068543,8.27272727272727,9.54545454545454,1.72727272727273
2024-09-27,"same_day_conditional",0.124935789416609,0.109355051100381,0.155563259533699,0.120501764583033,0.110319656832044,0.0155807383162283,0.0101821077509892,1.17987199192167,1.60271283535912,8.81818181818182,9.36363636363636,1.45454545454545
2024-09-28,"same_day_conditional",0.103345252229742,0.110029048605502,0.159540907757802,0.122041305851355,0.112792662535664,-0.00668379637575919,0.00924864331569144,1.30174659206429,1.74153118985038,8.81818181818182,8.90909090909091,1.54545454545455
2024-09-29,"same_day_conditional",0.116801312035985,0.110746526597348,0.175529741543548,0.121943312691546,0.11405813235925,0.00605478543863653,0.00788518033229677,1.20406360488804,1.71621505821262,8.81818181818182,9.27272727272727,1.72727272727273
2024-09-30,"same_day_conditional",0.10485731904397,0.178230781851531,0.141947037659744,0.12388184907826,0.114991499926186,-0.0733734628075605,0.00889034915207417,1.42406176108641,1.49620634769809,8.45454545454546,10.0909090909091,1.63636363636364
2024-10-01,"same_day_conditional",0.132827637161036,0.224100441383133,0.157274609466438,0.119935759531269,0.111488724194711,-0.0912728042220964,0.00844703533655803,1.42512024900175,1.63688213230176,8.63636363636364,9.45454545454546,1.54545454545455
2024-10-02,"same_day_conditional",0.141851433259156,0.12275393194635,0.111073692256918,0.116339070101937,0.108323439887712,0.0190975013128058,0.00801563021422502,1.41408119624319,1.6383855531852,8.27272727272727,9.36363636363636,1.45454545454545
2024-10-03,"same_day_conditional",0.718951153486819,0.775313899745293,0.439603650248583,0.116756538003731,0.109581009250955,-0.0563627462584735,0.00717552875277523,1.44592650506436,1.6903572107368,9,9.81818181818182,1.36363636363636
2024-10-04,"same_day_conditional",0.284989596430584,0.261099849380279,0.271318367574391,0.115219743536231,0.108344583079976,0.0238897470503055,0.00687516045625461,1.67738600729371,1.52313341654049,9.09090909090909,9,1.63636363636364
2024-10-05,"same_day_conditional",0.0974926774292843,0.121778193404048,0.152560783434631,0.119165359867906,0.112440954246235,-0.0242855159747639,0.00672440562167139,1.20846233196954,1.81659422093118,9.45454545454546,9.09090909090909,1.63636363636364
2024-10-06,"same_day_conditional",0.10623912814955,0.105025083568518,0.152981912426196,0.117749967642306,0.110942691747796,0.00121404458103239,0.00680727589450955,1.14026720633461,1.77507355079085,9.36363636363636,8.90909090909091,1.81818181818182
2024-10-07,"same_day_conditional",0.206324477154498,0.184788306721401,0.141567236675978,0.117800813324522,0.113462349140367,0.0215361704330966,0.00433846418415519,1.16619166835747,1.81342550071706,9.36363636363636,9.09090909090909,1.54545454545455
2024-10-08,"same_day_conditional",0.17575868448798,0.156472409329344,0.16437511557198,0.117526235862143,0.111062988001081,0.0192862751586366,0.00646324786106267,1.54382816694645,1.53129392270796,8.81818181818182,9.54545454545454,1.81818181818182
2024-10-09,"same_day_conditional",0.130939561802421,0.123817481717124,0.127158297334005,0.116227353813474,0.110110248806723,0.00712208008529696,0.00611710500675062,1.30337103954249,1.56842788700666,9.27272727272727,9.36363636363636,1.63636363636364
2024-10-10,"same_day_conditional",0.205616285488668,0.160994704310288,0.100544369039571,0.117076687880877,0.111718185333019,0.0446215811783801,0.00535850254785786,1.3064293704455,1.84599028789185,9.54545454545454,9.45454545454546,1.54545454545455
2024-10-11,"same_day_conditional",0.0814767305324825,0.103695856154967,0.117188128813,0.115714503595131,0.109657984208578,-0.0222191256224841,0.00605651938655261,1.18717720836406,1.55041240458785,9.36363636363636,9.45454545454546,1.81818181818182
2024-10-12,"same_day_conditional",0.159602302555089,0.130266011870054,0.127571810321402,0.110888966348566,0.10602747426821,0.029336290685035,0.00486149208035631,1.240642123311,1.76614211577832,9.18181818181818,9.36363636363636,1.81818181818182
2024-10-13,"same_day_conditional",0.092557258999384,0.0934687384273863,0.143926686248863,0.11359602338953,0.106988471911606,-0.000911479428002253,0.00660755147792312,1.41354192562285,1.61349099645154,9,9.72727272727273,1.63636363636364
2024-10-14,"same_day_conditional",0.0941932155398591,0.0943405570856598,0.153152771133399,0.114579551455166,0.10806980498621,-0.000147341545800777,0.00650974646895658,1.49457803531632,1.47742513380181,9.18181818181818,10.1818181818182,1.63636363636364
2024-10-15,"same_day_conditional",0.0921092161458492,0.0847950482223677,0.118421740044583,0.111415986677139,0.10688737644161,0.00731416792348157,0.00452861023552896,1.25878695072246,1.7547874925609,9.54545454545454,9.63636363636364,1.81818181818182
2024-10-16,"same_day_conditional",0.0766320636972794,0.117540982084765,0.108646931627277,0.11113384871431,0.104699368244164,-0.0409089183874857,0.00643448047014651,1.44702321860593,1.65175831975186,9.36363636363636,10.1818181818182,1.81818181818182
2024-10-17,"same_day_conditional",0.127877188248099,0.109112572649398,0.135704280351333,0.110754032634228,0.10442590615363,0.0187646155987009,0.00632812648059785,1.41329167720017,1.83506404142314,9.09090909090909,9.63636363636364,1.54545454545455
2024-10-18,"same_day_conditional",0.343855515083403,0.284036361316763,0.246553658810959,0.102905508253685,0.100641339490518,0.05981915376664,0.002264168763167,1.45529618880772,1.74240181662387,9.09090909090909,10,1.54545454545455
2024-10-19,"same_day_conditional",0.0739488085773492,0.0873179283664679,0.156291466329207,0.103254969094449,0.100524671629969,-0.0133691197891187,0.00273029746447925,1.33293855043237,1.77880394703835,9.36363636363636,9.81818181818182,1.90909090909091
2024-10-20,"same_day_conditional",0.218861184202344,0.133034239398362,0.219851248493027,0.102502058883626,0.101545788773951,0.0858269448039821,0.000956270109674541,1.25561904354475,1.76638895198688,9.63636363636364,9.09090909090909,1.72727272727273
2024-10-21,"same_day_conditional",0.446557053280073,0.0947651565282333,0.140431878631381,0.101672660619993,0.101675292189276,0.351791896751839,-0.00000263156928340515,1.26782610169305,1.98266433953451,9.72727272727273,9.72727272727273,1.81818181818182
2024-10-22,"same_day_conditional",0.23096462640881,0.418939333372352,0.429361316872944,0.104662182149209,0.100834089337418,-0.187974706963541,0.00382809281179109,1.31538744570686,1.98076079760463,9.81818181818182,9.63636363636364,1.81818181818182
2024-10-23,"same_day_conditional",0.0912465322676787,0.100086654638862,0.120388268924953,0.105254125869618,0.103009450387375,-0.00884012237118352,0.0022446754822433,1.39931950010808,1.83707774489837,9.18181818181818,10.5454545454545,1.90909090909091
2024-10-24,"same_day_conditional",0.0981516493568585,0.101398070711685,0.117625090448383,0.101824802676695,0.0980690099869763,-0.00324642135482617,0.00375579268971833,1.58530368961342,1.8371159506755,8.36363636363636,10.7272727272727,1.81818181818182
2024-10-25,"same_day_conditional",0.135412515173003,0.163038012073912,0.181455581476371,0.101094499864701,0.0984146316580441,-0.0276254969009094,0.00267986820665664,1.50392816240502,1.88317559193364,9.18181818181818,10.7272727272727,1.72727272727273
2024-10-26,"same_day_conditional",0.474186002093706,0.178561529798009,0.219959152109319,0.0999521907053315,0.0985883212684778,0.295624472295697,0.00136386943685371,1.29816282936359,1.95087626570288,9.45454545454546,9.81818181818182,1.81818181818182
2024-10-27,"same_day_conditional",0.178000254777439,0.199032713570284,0.172103754764604,0.102361887771827,0.0977979736088558,-0.0210324587928451,0.00456391416297139,1.31059051774028,1.83659774682295,9.45454545454546,10.2727272727273,1.72727272727273
2024-10-28,"same_day_conditional",0.171270962257014,0.143881847216562,0.246985815858221,0.101706563825583,0.0954967663091337,0.0273891150404521,0.00620979751644948,1.22045952336647,2.05114954708775,9.72727272727273,9.54545454545454,1.45454545454545
2024-10-29,"same_day_conditional",0.0977246328402476,0.120030899274722,0.28002828197994,0.100377801168753,0.0942400914513745,-0.0223062664344748,0.00613770971737809,1.36634356430239,1.79345847235222,9.63636363636364,9.63636363636364,1.81818181818182
2024-10-30,"same_day_conditional",0.466999625033742,0.473938086636641,0.166352936883993,0.0987740839799939,0.09312684494151,-0.00693846160289897,0.00564723903848392,1.31152095755483,1.87742888186986,9.27272727272727,9.72727272727273,1.72727272727273
2024-10-31,"same_day_conditional",0.376466860999406,0.310794176877284,0.252868864589312,0.0998911667885522,0.093091493006183,0.0656726841221214,0.00679967378236922,1.32306887391317,1.79208095733272,9.72727272727273,9.54545454545454,1.63636363636364
2024-11-01,"same_day_conditional",0.418870947552515,0.34445495862109,0.490376233722719,0.101189048260498,0.0969057882005462,0.0744159889314255,0.00428326005995213,1.10379325024187,1.926073821062,10.0909090909091,9.27272727272727,1.63636363636364
2024-11-02,"same_day_conditional",0.0987127445822663,0.10545880897565,0.129356034700024,0.1015375029778,0.0955966120582772,-0.00674606439338369,0.00594089091952252,1.18944304359768,1.76661810983687,9.18181818181818,9.18181818181818,1.72727272727273
2024-11-03,"same_day_conditional",0.0826050533314008,0.105406675198436,0.135084174045526,0.10258827743925,0.0945825432464773,-0.0228016218670355,0.00800573419277298,1.18003802556612,1.6297982289398,9.27272727272727,8.90909090909091,1.81818181818182
2024-11-04,"same_day_conditional",0.0760413725934156,0.104000507791629,0.12599375782489,0.102379784118516,0.0963962237738737,-0.027959135198213,0.00598356034464181,1.35725399241497,1.85960828011796,8.45454545454546,8.54545454545454,1.72727272727273
2024-11-05,"same_day_conditional",0.178541413552253,0.129118049093602,0.145322208109548,0.0997008314070504,0.0947502194535086,0.049423364458651,0.00495061195354177,1.14054431067688,1.58504513791529,8.90909090909091,9.63636363636364,1.81818181818182
2024-11-06,"same_day_conditional",0.379319468857707,0.282975176258732,0.231282727284767,0.0973534691553147,0.0925208722182048,0.0963442925989749,0.00483259693710989,1.15565276309333,1.55565286672611,9.09090909090909,9.36363636363636,1.72727272727273
2024-11-07,"same_day_conditional",0.574109071901111,0.686993802717394,0.235686860166089,0.0969618306549588,0.0923495668901721,-0.112884730816283,0.00461226376478666,1.12821212234174,1.88910635561319,9.36363636363636,9,1.72727272727273
2024-11-08,"same_day_conditional",0.423028759505188,0.333894333993796,0.234669795102089,0.0982391505897238,0.0920631179758906,0.0891344255113921,0.00617603261383317,1.1185988889638,1.70584470359624,9.36363636363636,9.81818181818182,1.72727272727273
2024-11-09,"same_day_conditional",0.144572513758009,0.213992248508745,0.187770351719808,0.0964289756034754,0.0928351016980902,-0.0694197347507367,0.00359387390538522,0.979030648847575,1.57853568413443,9.36363636363636,9.72727272727273,1.72727272727273
2024-11-10,"same_day_conditional",0.254631677053652,0.199031336814684,0.383982577026136,0.0969966455306181,0.0942471570462521,0.0556003402389678,0.00274948848436606,1.07128971992906,1.73445870630179,9,9.81818181818182,1.45454545454545
2024-11-11,"same_day_conditional",0.184824782325731,0.135354733219732,0.215663082165327,0.0978278878481496,0.0929834357741146,0.0494700491059992,0.004844452074035,1.27339255918549,1.49671342385422,9.27272727272727,10.5454545454545,1.54545454545455
2024-11-12,"same_day_conditional",0.270315260326165,0.30578167358203,0.521863768391681,0.0981822005045823,0.0934292601848051,-0.0354664132558648,0.00475294031977717,1.33403428465204,1.93531570453217,8.81818181818182,9.45454545454546,1.54545454545455
2024-11-13,"same_day_conditional",0.251016420836341,0.250521478746662,0.386149395641797,0.0982972143731054,0.093287203844213,0.000494942089679121,0.00501001052889244,1.42743531880822,1.84909084180775,8.72727272727273,9.36363636363636,1.36363636363636
2024-11-14,"same_day_conditional",0.167258229502342,0.722007604824123,0.185309990512303,0.0954951701901517,0.0917872531891693,-0.554749375321781,0.00370791700098236,1.33675740872259,1.84295472229133,9.09090909090909,9.54545454545454,1.36363636363636
2024-11-15,"same_day_conditional",0.502717664936382,0.752112942073438,0.205867252205359,0.0914900316978075,0.0886612541545957,-0.249395277137056,0.00282877754321189,1.3381352142803,1.66311731380753,9,9.45454545454546,1.36363636363636
2024-11-16,"same_day_conditional",0.205178915082345,0.145383189798275,0.15301271710594,0.0929226832407299,0.0900934559961575,0.0597957252840701,0.00282922724457239,1.32612121156591,1.80553544722443,9.09090909090909,9.27272727272727,1.27272727272727
2024-11-17,"same_day_conditional",0.126051153788241,0.0902511319632527,0.16009772801405,0.092641787556502,0.0872128133462323,0.035800021824988,0.00542897421026963,1.55192661569837,1.61435711453857,8.18181818181818,10.0909090909091,1.54545454545455
2024-11-18,"same_day_conditional",0.0818824820468483,0.0657592182757512,0.140743155339843,0.0902906273794864,0.0863032675767175,0.0161232637710971,0.00398735980276891,1.32039504464584,1.62076049278394,9.36363636363636,10.6363636363636,1.63636363636364
2024-11-19,"same_day_conditional",0.104846681292078,0.0852413924760009,0.118863853643511,0.086871698453231,0.0840860673816978,0.0196052888160767,0.00278563107153323,1.3468400595532,1.67620974882769,8.45454545454546,9.54545454545454,1.45454545454545
2024-11-20,"same_day_conditional",0.092949455888316,0.143527406264281,0.162218371560339,0.0885786540791711,0.0852446359064956,-0.050577950375965,0.0033340181726756,1.2794640761483,1.77283541170397,9.09090909090909,9.81818181818182,1.63636363636364
2024-11-21,"same_day_conditional",0.353841576614736,0.468473512533883,0.203925569850134,0.0855745776096912,0.083933500849858,-0.114631935919146,0.00164107675983324,1.32270078022213,1.75408431588934,8.81818181818182,9.45454545454546,1.36363636363636
2024-11-22,"same_day_conditional",0.207073245736627,0.213734840170643,0.273047593807564,0.0830024627112687,0.0817198002439263,-0.006661594434016,0.00128266246734239,1.18084479307819,1.60964227513364,9.54545454545454,10.2727272727273,1.63636363636364
2024-11-23,"same_day_conditional",0.266873552463961,0.145682705038295,0.139615271368767,0.0828049025549881,0.0819018056470164,0.121190847425666,0.000903096907971697,1.03146226525106,1.54759566594088,9.63636363636364,10.4545454545455,1.81818181818182
2024-11-24,"same_day_conditional",0.265320352404441,0.241528398481003,0.176167017305545,0.0856536735603985,0.0850214573628391,0.0237919539234379,0.000632216197559407,1.15172369682439,1.73138228978494,9.18181818181818,9.54545454545454,1.54545454545455
2024-11-25,"same_day_conditional",0.415942823326665,0.342495097876685,0.206693938961528,0.0865716165370114,0.0835580904981447,0.0734477254499795,0.00301352603886674,1.24261543196062,1.5780516883979,8.90909090909091,10,1.63636363636364
2024-11-26,"same_day_conditional",0.507348964402907,0.78927707473957,0.282427173846386,0.084925314886539,0.0836288595041838,-0.281928110336662,0.00129645538235518,1.19622701244751,1.83042058307365,9.72727272727273,9.09090909090909,1.45454545454545
2024-11-27,"same_day_conditional",0.467244335503097,0.599852437630276,0.231281180274747,0.086359965189082,0.0822567145870848,-0.132608102127178,0.00410325060199718,1.07481047945478,1.61048624285455,9.45454545454546,9.81818181818182,1.63636363636364
2024-11-28,"same_day_conditional",0.675480483448213,0.649645758783831,0.13363830738103,0.0903385387876078,0.0845410431857983,0.025834724664382,0.00579749560180943,1.30009630406927,1.581948516972,9.27272727272727,10.1818181818182,1.45454545454545
2024-11-29,"same_day_conditional",0.442665230953378,0.416879056215486,0.320849892993335,0.0889185826218721,0.0840044884446264,0.0257861747378919,0.00491409417724566,0.98519567464977,1.34102813593699,9.54545454545454,10.1818181818182,1.54545454545455
2024-11-30,"same_day_conditional",0.0876836182457235,0.0966152980698752,0.147590876766558,0.0914139459085635,0.0849700632853306,-0.0089316798241517,0.00644388262323292,1.34456786774235,1.43791254462166,8.63636363636364,10.0909090909091,1.36363636363636
2024-12-01,"same_day_conditional",0.131619700873307,0.142948081025466,0.176083912978871,0.0875484527728144,0.0835316315757145,-0.0113283801521586,0.00401682119709997,1.42840567891156,1.32164324065165,8.63636363636364,10,1.36363636363636
2024-12-02,"same_day_conditional",0.137492289321679,0.13988491708932,0.130579334285985,0.0878753328437888,0.0830358427056742,-0.00239262776764024,0.00483949013811453,1.041975151345,1.30100085961906,8.90909090909091,10.1818181818182,1.27272727272727
2024-12-03,"same_day_conditional",0.135249075935317,0.0919670109282555,0.128476668216838,0.0832277195731686,0.078305270408846,0.0432820650070619,0.00492244916432258,0.978843425993568,1.24125938259777,8.72727272727273,10.2727272727273,1.54545454545455
2024-12-04,"same_day_conditional",0.410990813995884,0.404182643072752,0.341596965013961,0.0838861163442617,0.0789786160332155,0.00680817092313273,0.0049075003110462,1.13022551969636,1.45042281282731,8.45454545454546,9.63636363636364,1.72727272727273
2024-12-05,"same_day_conditional",0.634766709662073,0.439663580323161,0.20462650532552,0.0845221126659465,0.0810684299179004,0.195103129338912,0.00345368274804604,0.869018918704892,1.32784044243224,9.18181818181818,10,1.45454545454545
2024-12-06,"same_day_conditional",0.169813011251687,0.365214602640193,0.189051215062942,0.0856906436922219,0.0815922797026449,-0.195401591388506,0.00409836398957701,0.825783568077649,1.38545402785015,9.90909090909091,10.2727272727273,1.72727272727273
2024-12-07,"same_day_conditional",0.36483774215633,0.130728184882956,0.167046049818851,0.0824416971666313,0.0816711183850913,0.234109557273374,0.000770578781539914,0.869427473365557,1.35004725791202,10.0909090909091,9.45454545454546,1.45454545454545
2024-12-08,"same_day_conditional",0.461300737809561,0.407795048508732,0.620265128984656,0.0867759510156473,0.0824885063509337,0.0535056893008288,0.00428744466471359,1.05511256746455,1.32690898200613,9.36363636363636,9.45454545454546,1.45454545454545
2024-12-09,"same_day_conditional",1.07234867637007,1.28669357422086,1.42712246732051,0.0883816076993258,0.0815540467364733,-0.21434489785079,0.00682756096285253,1.24314858535505,1.15560685534361,8.72727272727273,10.6363636363636,1.54545454545455
2024-12-10,"same_day_conditional",0.207299239336373,0.187356463993568,0.157114317842194,0.089620767907531,0.0844299330689596,0.0199427753428048,0.00519083483857146,1.12412191429879,1.20341499501383,9.09090909090909,10.1818181818182,1.36363636363636
2024-12-11,"same_day_conditional",0.252249119859697,0.19043451968925,0.166079029208098,0.08989916827072,0.0852838228109745,0.0618146001704465,0.00461534545974549,1.19016753208798,1.26510989397832,9.45454545454546,10.3636363636364,1.54545454545455
2024-12-12,"same_day_conditional",0.361374748491169,0.236188213819315,0.25528137894793,0.0891108586759104,0.083892027176902,0.125186534671854,0.00521883149900842,1.0755443317394,1.49371557831814,10,9.45454545454546,1.18181818181818
2024-12-13,"same_day_conditional",0.0862295816135349,0.0964223359844206,0.124126422493425,0.0888852747065534,0.0820666531248614,-0.0101927543708857,0.00681862158169203,1.10053045852439,1.30852505253039,9.81818181818182,10.1818181818182,1.27272727272727
2024-12-14,"same_day_conditional",0.10861918531643,0.14024110079578,0.133875822767091,0.0902903234813585,0.0834086043227702,-0.0316219154793503,0.00688171915858827,1.08423582644414,1.13037532231379,10.1818181818182,10.7272727272727,1.27272727272727
2024-12-15,"same_day_conditional",0.213959816463258,0.15987179112631,0.102062340648808,0.0889718541164122,0.0833528063272749,0.0540880253369485,0.00561904778913728,0.979359754750506,1.2258036265027,10,10.2727272727273,1.18181818181818
2024-12-16,"same_day_conditional",0.11135203078254,0.0827073847179961,0.101668817155843,0.0892337854915124,0.0856285561316307,0.028644646064544,0.00360522935988177,1.11695571563418,1.22637622536993,9.72727272727273,10.8181818181818,1.36363636363636
2024-12-17,"same_day_conditional",0.230657701320991,0.118737726840737,0.15818114321619,0.091538178866247,0.0864069926000372,0.111919974480254,0.0051311862662098,1.25531618467781,1.30264540280242,9.09090909090909,10,1
2024-12-18,"same_day_conditional",0.24831343925961,0.168645246512883,0.198501057520805,0.0891117265709639,0.0845387615470758,0.079668192746727,0.00457296502388806,1.25028649869066,1.42643401261028,8.63636363636364,9.90909090909091,0.909090909090909
2024-12-19,"same_day_conditional",0.942797464209538,1.09613818570129,0.424736667861572,0.0881072460093459,0.0844211083477585,-0.15334072149175,0.00368613766158739,1.18263298006834,1.4924955478465,9.27272727272727,9.36363636363636,1.18181818181818
2024-12-20,"same_day_conditional",0.453408130443835,0.518845387911366,0.270743618973293,0.0853269511446595,0.0810749150203113,-0.065437257467531,0.00425203612434821,1.26428846436319,1.31981610662293,10,10.1818181818182,1.27272727272727
2024-12-21,"same_day_conditional",0.370541458750547,0.555714034778514,0.222897387132945,0.0843004229689435,0.0815338414927995,-0.185172576027967,0.002766581476144,1.11762968816848,1.55493988177622,9.63636363636364,9.54545454545454,1.09090909090909
2024-12-22,"same_day_conditional",0.117824409014999,0.105837425764021,0.151639929506754,0.0841017655022318,0.0818503632162629,0.0119869832509779,0.00225140228596888,1.14495040915015,1.54498174081681,9.81818181818182,9.54545454545454,1.09090909090909
2024-12-23,"same_day_conditional",0.149082199807774,0.2371203414499,0.248256447289136,0.0834618260231638,0.0798923954509883,-0.0880381416421265,0.00356943057217547,1.07700705660474,1.3164602332179,9.90909090909091,10.1818181818182,1.36363636363636
2024-12-24,"same_day_conditional",0.13971574760056,0.0742744833101978,0.114092781332673,0.084804649135423,0.081984816237771,0.0654412642903618,0.00281983289765202,1.08718799787561,1.35140716082947,9.81818181818182,10.1818181818182,1.63636363636364
2024-12-25,"same_day_conditional",0.309471271390524,0.269838224131146,0.120320994363309,0.0842881055866,0.081200386144191,0.0396330472593771,0.00308771944240895,1.20078307044885,1.44664158879931,9.81818181818182,9.90909090909091,1.54545454545455
2024-12-26,"same_day_conditional",0.152192727825484,0.0711792650745685,0.178149314418882,0.0863029678185621,0.0814139456274033,0.0810134627509157,0.00488902219115885,1.12056530170411,1.38927902807714,9.81818181818182,10.0909090909091,1.54545454545455
2024-12-27,"same_day_conditional",0.495766550782904,0.713395206744675,0.47297648622143,0.0853259152961091,0.0794089292903526,-0.217628655961771,0.00591698600575652,1.1075931923588,1.40460972566209,10,9.90909090909091,1.36363636363636
2024-12-28,"same_day_conditional",0.193355892389453,0.147789909728977,0.332481737457607,0.0869590739204773,0.0817120276251485,0.0455659826604759,0.00524704629532881,1.21450698316773,1.48280124057634,8.90909090909091,9.72727272727273,1.54545454545455
2024-12-29,"same_day_conditional",0.174740069866925,0.219645944280491,0.329548786933904,0.0851833086432104,0.0814381219552463,-0.0449058744135662,0.00374518668796403,1.13563095229379,1.6037855973333,9.72727272727273,9.45454545454546,1.54545454545455
2024-12-30,"same_day_conditional",0.26531160063614,0.225200472513989,0.465232455035975,0.0856596209360905,0.0816178409873527,0.0401111281221509,0.00404177994873775,1.25440491170983,1.53589442124034,9.45454545454546,10.0909090909091,1.63636363636364
2024-12-31,"same_day_conditional",0.39513962802951,0.487892711324406,0.643593270053374,0.0876712572822635,0.0812830760797242,-0.0927530832948958,0.00638818120253925,1.08793742459913,1.49690677620006,9.72727272727273,9.81818181818182,1.63636363636364
2025-01-01,"same_day_conditional",0.461320156079238,0.385761868074793,0.504664211206041,0.0877931120384207,0.0838591063449223,0.075558288004445,0.00393400569349843,1.04320382018397,1.42534167353728,9.54545454545454,9.90909090909091,1.45454545454545
2025-01-02,"same_day_conditional",0.811677095350322,0.746403870802121,0.596218637118491,0.0884914317074413,0.0843432613011347,0.0652732245482001,0.0041481704063066,1.09960382544869,1.6552720471767,9.54545454545454,9.72727272727273,1.72727272727273
2025-01-03,"same_day_conditional",0.206371898118978,0.264369073914551,0.334328558659367,0.0926748213028108,0.0884461689992152,-0.0579971757955728,0.0042286523035956,1.00095948043467,1.62742961381763,9.54545454545454,9,1.45454545454545
2025-01-04,"same_day_conditional",0.601646053449314,0.533581787177398,0.430772733424093,0.0933969368708253,0.0884298304897611,0.0680642662719157,0.00496710638106423,1.11439545667726,1.41034050245726,9.27272727272727,9.63636363636364,1.18181818181818
2025-01-05,"same_day_conditional",0.491533262252215,0.587587108617589,0.20589232757763,0.097669158726502,0.0931627821848491,-0.0960538463653738,0.00450637654165296,1.06620108881652,1.57920655518077,9.72727272727273,9.18181818181818,1.27272727272727
2025-01-06,"same_day_conditional",0.833424675162984,0.696413225451212,0.294587397012675,0.0996135232101611,0.0949294554687083,0.137011449711772,0.0046840677414528,1.03149813732962,1.51102885152846,9.36363636363636,9.09090909090909,1.18181818181818
2025-01-07,"same_day_conditional",0.190589230193742,0.301370430979578,0.240634593128614,0.102713784625171,0.0954318228829638,-0.110781200785836,0.00728196174220736,1.27440672225823,1.68346576508984,8.90909090909091,9.27272727272727,1.09090909090909
2025-01-08,"same_day_conditional",0.558985415917046,0.103612264797447,0.179582096711579,0.101065024984266,0.0938018272704459,0.455373151119599,0.00726319771381973,1.34864286952735,1.6942915350585,8.72727272727273,9.18181818181818,1.18181818181818
2025-01-09,"same_day_conditional",0.428719606792756,0.340308248920688,0.234215036911261,0.102228498302175,0.0939461690807754,0.0884113578720683,0.00828232922139949,1.27775475165377,1.53082968912908,9.27272727272727,10,1.36363636363636
2025-01-10,"same_day_conditional",0.50870781033481,0.562281091945385,0.223968964534553,0.105023034216212,0.0962416925427596,-0.0535732816105757,0.0087813416734526,1.37579854315198,1.53819596158276,8.27272727272727,10,1.63636363636364
2025-01-11,"same_day_conditional",0.492474660783944,0.496134503819938,0.119826971048296,0.106345353763197,0.0981893262794183,-0.00365984303599434,0.00815602748377868,0.897139735347805,1.5267688229826,9.09090909090909,9.72727272727273,1.63636363636364
2025-01-12,"same_day_conditional",0.265569541794995,0.195236938276752,0.105555768853288,0.105453438317457,0.0977827770918911,0.0703326035182433,0.007670661225566,1.06803604887565,1.41742221323058,9.54545454545454,10.1818181818182,1.54545454545455
2025-01-13,"same_day_conditional",0.338863886028764,0.257884497697409,0.0985690694351546,0.104067806975238,0.0967205284291867,0.0809793883313548,0.00734727854605177,1.20404551305591,1.39031577471837,8.81818181818182,9.90909090909091,1.36363636363636
2025-01-14,"same_day_conditional",0.110880518587791,0.102525149700188,0.132397622005174,0.10307478465496,0.096330286024684,0.00835536888760289,0.00674449863027653,1.1227400056289,1.44546353700226,9.45454545454546,10.0909090909091,1.36363636363636
2025-01-15,"same_day_conditional",0.149698184823436,0.125406919297333,0.0924353579649866,0.103686564448241,0.0964628884995266,0.0242912655261032,0.00722367594871465,1.09963438886881,1.59277194491354,9.63636363636364,9.81818181818182,1.27272727272727
2025-01-16,"same_day_conditional",0.125306551097541,0.0950067185245474,0.131850177888808,0.10215378801007,0.0953207810326083,0.0302998325729933,0.00683300697746141,1.11064079305288,1.63699898877125,9.45454545454546,9.72727272727273,1.27272727272727
2025-01-17,"same_day_conditional",0.0906748982522813,0.0908879082977926,0.129260903709781,0.0994749810120728,0.0935141771684412,-0.000213010045511307,0.00596080384363167,1.14134937942611,1.62302161726482,9.36363636363636,9.72727272727273,1.27272727272727
2025-01-18,"same_day_conditional",0.18551536250232,0.209395677267743,0.177700713346188,0.099908923069124,0.0921096517019388,-0.023880314765423,0.00779927136718516,1.0830960035935,1.42405061768087,9.54545454545454,10.1818181818182,1.36363636363636
2025-01-19,"same_day_conditional",1.10222299897076,0.257853177570456,0.233929451186288,0.0975796350188336,0.091184202804578,0.8443698214003,0.00639543221425556,1.13203871667096,1.52478109558401,9.72727272727273,9.72727272727273,1.45454545454545
2025-01-20,"same_day_conditional",0.249353358724288,0.207036527512939,0.220755248738354,0.101361356712355,0.0935363135918982,0.0423168312113486,0.00782504312045696,1.15805150812149,1.46038676419665,9.09090909090909,10.3636363636364,1.54545454545455
2025-01-21,"same_day_conditional",0.626317997415429,0.802030738635899,0.34976036681309,0.104086967867982,0.0941545483832024,-0.175712741220471,0.00993241948477924,1.16129188386667,1.66028365823513,9.45454545454546,10,1.36363636363636
2025-01-22,"same_day_conditional",0.137129321491919,0.132672391310179,0.12776537304345,0.105854796809777,0.0965387881100802,0.00445693018174026,0.00931600869969721,1.18847415836599,1.41829248992936,9.81818181818182,10.4545454545455,1.45454545454545
2025-01-23,"same_day_conditional",0.126953508041599,0.166890409832757,0.0873586038048692,0.104958790970934,0.0943522194487415,-0.0399369017911577,0.0106065715221922,1.20348796674261,1.56871625073378,9.18181818181818,9.45454545454546,1.18181818181818
2025-01-24,"same_day_conditional",0.35510779308115,0.310689495964205,0.19722636539178,0.106064509772137,0.0957665149370857,0.0444182971169449,0.010297994835051,1.05562782702796,1.35045959680429,9.27272727272727,10.2727272727273,1.45454545454545
2025-01-25,"same_day_conditional",0.0694199285721335,0.0558641400886381,0.106720692398688,0.106417644919587,0.0956179441952195,0.0135557884834953,0.0107997007243678,1.10171966810735,1.58220615352932,9.27272727272727,9.63636363636364,1.81818181818182
2025-01-26,"same_day_conditional",0.0785763450922451,0.0758702385603299,0.107669057872463,0.106117572549776,0.0956580076850592,0.00270610653191528,0.0104595648647164,1.13307059858133,1.47958690042378,9.09090909090909,10.0909090909091,1.63636363636364
2025-01-27,"same_day_conditional",0.214480353259483,0.194998289479649,0.252508108652738,0.10744466475198,0.0965627814813476,0.0194820637798336,0.0108818832706326,1.21815063507126,1.52559639488252,9.18181818181818,10.2727272727273,1.54545454545455
2025-01-28,"same_day_conditional",0.0913232553828935,0.0814170463793134,0.131095863574023,0.109342694346148,0.0980055495689231,0.00990620900358007,0.0113371447772248,1.35751716047888,1.53237070463298,8.63636363636364,9.36363636363636,1.45454545454545
2025-01-29,"same_day_conditional",0.0993027371746997,0.0847256139981334,0.13397442667107,0.109476031531716,0.0989966947206895,0.0145771231765663,0.0104793368110263,1.18241166953951,1.47117676636292,8.90909090909091,9.54545454545454,1.45454545454545
2025-01-30,"same_day_conditional",0.328775037023038,0.310652834873262,0.31364559300103,0.106735526795408,0.0966979409367884,0.0181222021497752,0.0100375858586192,1.0766077634221,1.41557515181019,9.45454545454546,10.1818181818182,1.72727272727273
2025-01-31,"same_day_conditional",0.18105270470467,0.22822953488244,0.103627795775475,0.108812149939119,0.10024207460765,-0.0471768301777697,0.00857007533146823,1.16221176114846,1.59690780714612,9.27272727272727,10.1818181818182,1.54545454545455
2025-02-01,"same_day_conditional",0.0988753940888459,0.117220809376563,0.114559564284178,0.108861858064149,0.10107006749178,-0.0183454152877171,0.00779179057236992,1.07055936503989,1.45828441736596,9.45454545454546,10,1.81818181818182
2025-02-02,"same_day_conditional",0.274319331527806,0.306975923060814,0.226863338434801,0.108342233733754,0.0997421651462008,-0.0326565915330085,0.00860006858755313,1.15818439457612,1.54060644696914,8.54545454545454,9.81818181818182,1.81818181818182
2025-02-03,"same_day_conditional",0.0877313377279909,0.141191631219717,0.117483179006822,0.107345129687766,0.0973140717198876,-0.0534602934917263,0.0100310579678785,0.972610712200436,1.44265848040463,9.36363636363636,10.1818181818182,1.45454545454545
2025-02-04,"same_day_conditional",0.528961934427,1.06504715386467,0.746728858462623,0.107236619673288,0.098285121271906,-0.536085219437669,0.0089514984013818,1.25985851238987,1.6273343828485,9.36363636363636,9.72727272727273,1.36363636363636
2025-02-05,"same_day_conditional",0.09471569435438,0.0878035990026698,0.14103914761478,0.111465208206677,0.106718653009432,0.00691209535171018,0.00474655519724496,1.41882456508667,1.5779306370454,8.81818181818182,9.90909090909091,1.45454545454545
2025-02-06,"same_day_conditional",0.0946709684074611,0.0928412979141152,0.132265420651959,0.111532653180806,0.104013763202182,0.00182967049334596,0.0075188899786247,1.29011494111331,1.54734291678707,9.72727272727273,10.1818181818182,1.54545454545455
2025-02-07,"same_day_conditional",0.186603758411406,0.151828882949132,0.119820507654679,0.109410442687036,0.104110514521598,0.0347748754622734,0.00529992816543829,1.21284061243583,1.29787336770963,9.72727272727273,10,1.27272727272727
2025-02-08,"same_day_conditional",0.210290811748064,0.201461035151799,0.176539178056922,0.109179348369776,0.104734016869751,0.00882977659626536,0.0044453315000252,1.11203502132598,1.2985397919993,9.72727272727273,9.72727272727273,1.27272727272727
2025-02-09,"same_day_conditional",0.15233794578599,0.147544719135664,0.128688185803805,0.112367784249037,0.108155568869614,0.00479322665032534,0.00421221537942251,1.27355224761949,1.41608711756664,8.90909090909091,9.18181818181818,1.09090909090909
2025-02-10,"same_day_conditional",0.124398012166043,0.0957596933642492,0.127340331335653,0.112158809366323,0.107014105322335,0.0286383188017934,0.00514470404398815,1.29115766874717,1.34351790381004,9.09090909090909,9.27272727272727,1.27272727272727
2025-02-11,"same_day_conditional",0.145834660480849,0.122065779857183,0.113464318387697,0.112229996326092,0.106500217472252,0.0237688806236669,0.00572977885383934,1.29638712288827,1.37603416594307,9.18181818181818,9.45454545454546,1.18181818181818
2025-02-12,"same_day_conditional",0.209133870772988,0.171744624533875,0.192999607098617,0.110338240029182,0.106005146491597,0.037389246239113,0.00433309353758465,1.0555487673689,1.30005252186264,10.0909090909091,9.63636363636364,1.18181818181818
2025-02-13,"same_day_conditional",0.122188423174139,0.109307453256657,0.120740445789526,0.111026099133551,0.106717197643664,0.0128809699174817,0.00430890148988749,0.973020044040203,1.25516222519147,10.2727272727273,9.81818181818182,1.09090909090909
2025-02-14,"same_day_conditional",0.0874611107224582,0.089670035994031,0.102744278504909,0.112297762753918,0.106798016914089,-0.00220892527157277,0.00549974583982894,1.14338685116459,1.30403043299329,10.0909090909091,9.90909090909091,1.18181818181818
2025-02-15,"same_day_conditional",0.17800493744913,0.144639189239129,0.139826594980162,0.112689380228039,0.107918801164227,0.0333657482100001,0.00477057906381172,1.08189717603991,1.32219756970971,9.81818181818182,9.90909090909091,0.909090909090909
2025-02-16,"same_day_conditional",0.275875459999561,0.280405820077134,0.231381032145967,0.115601960163516,0.110173422033382,-0.00453036007757303,0.00542853813013376,1.05981922888861,1.33665033521678,10.0909090909091,9.72727272727273,1.18181818181818
2025-02-17,"same_day_conditional",0.240736070123829,0.192948314478243,0.278191913314313,0.117131336924339,0.113174973667917,0.047787755645586,0.00395636325642253,1.07032064148289,1.43702907008759,9.63636363636364,9.36363636363636,1.18181818181818
2025-02-18,"same_day_conditional",0.0849358051499665,0.078841623261309,0.101462946752881,0.119024824418264,0.112646107438981,0.00609418188865754,0.00637871697928268,1.24917668687766,1.40269303460612,9.45454545454546,9.63636363636364,1.09090909090909
2025-02-19,"same_day_conditional",0.096734440482457,0.174267637804939,0.111028294497429,0.119348469501758,0.111983253418035,-0.0775331973224823,0.00736521608372318,1.14984225681518,1.18946969286931,9.45454545454546,10.7272727272727,1.54545454545455
2025-02-20,"same_day_conditional",0.108683235456244,0.0623876985583257,0.127021784277705,0.118816220025579,0.113763222679762,0.046295536897918,0.00505299734581699,1.1314377164202,1.10334715565073,9.36363636363636,10.5454545454545,1.36363636363636
2025-02-21,"same_day_conditional",0.0808613379325592,0.0914845218290655,0.116479714584389,0.118835509049406,0.114252673510816,-0.0106231838965063,0.00458283553858971,1.09252020088593,1.17312160234123,9.18181818181818,10.0909090909091,1.18181818181818
2025-02-22,"same_day_conditional",0.140118987749757,0.347100910096132,0.111828867391296,0.117582193135611,0.11269122563838,-0.206981922346375,0.00489096749723139,1.08786757403117,1.31047748612807,9,9.63636363636364,1.27272727272727
2025-02-23,"same_day_conditional",0.0746256198950038,0.0646035175242473,0.104317721558701,0.118637967783811,0.113071435224976,0.0100221023707564,0.00556653255883534,1.18301685466422,1.10677397606519,9.18181818181818,10.0909090909091,1
2025-02-24,"same_day_conditional",0.190305859519831,0.0947405734814773,0.139863914215785,0.118216552225844,0.112868654603756,0.0955652860383536,0.00534789762208813,1.15617023977917,1.16370136138496,9.45454545454546,9.54545454545454,0.909090909090909
2025-02-25,"same_day_conditional",0.146052301459919,0.164438514346885,0.248607460929363,0.111825322197419,0.104570459318791,-0.0183862128869661,0.00725486287862785,1.07222869093174,1.06429582024124,9.72727272727273,10.5454545454545,1.09090909090909
2025-02-26,"same_day_conditional",0.360879541109794,0.325658879202948,0.259838919615104,0.113138377931004,0.106418616020586,0.0352206619068455,0.00671976191041794,1.00166460590407,1.39938589837928,10,9.63636363636364,0.909090909090909
2025-02-27,"same_day_conditional",0.254086344879469,0.177178516376093,0.153468333697343,0.115628157883523,0.109473007637814,0.0769078285033756,0.00615515024570944,1.04377243396895,1.18806392285257,9.45454545454546,9.18181818181818,0.909090909090909
2025-02-28,"same_day_conditional",0.129653872629878,0.10903782600731,0.124739273282698,0.114936622357344,0.106987361266691,0.0206160466225682,0.00794926109065274,0.925767258176186,1.24783050825993,9.90909090909091,9.81818181818182,1.36363636363636
2025-03-01,"same_day_conditional",0.105297733734546,0.106225020668259,0.139365566997506,0.115540349559161,0.105888826012338,-0.000927286933712777,0.00965152354682332,0.854354068269831,1.00912047031622,10,10.3636363636364,1.18181818181818
2025-03-02,"same_day_conditional",0.127466306254131,0.119158199137042,0.135005625296027,0.11680054945912,0.108501105132314,0.0083081071170892,0.008299444326806,0.92766603018032,1.05634665261566,10.1818181818182,10,1.09090909090909
2025-03-03,"same_day_conditional",0.205127273706997,0.200422741769137,0.204652680304894,0.117942620647999,0.107953227607487,0.00470453193786025,0.00998939304051212,1.01638005175855,1.05430377518844,9,9.72727272727273,1.09090909090909
2025-03-04,"same_day_conditional",0.590902345502897,0.598618046598384,0.203442960375207,0.123317775599852,0.114612885038043,-0.00771570109548692,0.00870489056180962,1.15520541983494,1.13282856584833,8.72727272727273,9.54545454545454,0.909090909090909
2025-03-05,"same_day_conditional",0.0787593350502954,0.0677269504244542,0.117335308317858,0.123247317062261,0.116503287933147,0.0110323846258412,0.00674402912911391,0.976137677413459,1.04752418929233,9.72727272727273,10.4545454545455,1.18181818181818
2025-03-06,"same_day_conditional",0.46862407982717,0.478873352523104,0.131568076855942,0.121558534188726,0.11556927559614,-0.0102492726959337,0.00598925859258662,0.924576770877322,0.986551660007854,10,11.0909090909091,1.36363636363636
2025-03-07,"same_day_conditional",0.258450677144789,0.203469018457475,0.136815941498925,0.130074216409724,0.122561847475134,0.054981658687314,0.00751236893459027,0.838871722248635,1.13148232776531,9.90909090909091,10.0909090909091,1.27272727272727
2025-03-08,"same_day_conditional",0.109144688181483,0.10303246132514,0.123236223769263,0.129346316597981,0.121152322902803,0.00611222685634268,0.00819399369517838,0.87888544234496,1.13489059156335,9.36363636363636,10.4545454545455,1.54545454545455
2025-03-09,"same_day_conditional",0.0935679741392045,0.0744451471524884,0.127958190185765,0.128570948601963,0.119992739478773,0.0191228269867161,0.0085782091231899,1.01387408495764,1.27956763377592,9.09090909090909,9.36363636363636,1.36363636363636
2025-03-10,"same_day_conditional",0.125797430425777,0.458670773716621,0.145356783344047,0.124013214743939,0.11368479985723,-0.332873343290843,0.010328414886709,1.02421284284529,1.12173687275395,9.45454545454546,10.2727272727273,1.81818181818182
2025-03-11,"same_day_conditional",0.287420071449185,0.30791128170971,0.106785340659731,0.12403547931774,0.113116638554629,-0.020491210260525,0.0109188407631113,0.849937225048371,1.02213834197717,9.54545454545454,10.8181818181818,2
2025-03-12,"same_day_conditional",0.145639966064469,0.156424960328044,0.153345884744813,0.121392902297381,0.114685560027782,-0.0107849942635753,0.0067073422695998,0.85042153248994,1.07808574165989,9.36363636363636,10.4545454545455,2
2025-03-13,"same_day_conditional",0.122006264505426,0.127636165837214,0.194160190452621,0.12076496058128,0.111722864825808,-0.00562990133178807,0.00904209575547234,0.835688154366033,0.944369441527181,9.63636363636364,11,1.72727272727273
2025-03-14,"same_day_conditional",0.0821128236273413,0.0714336230953138,0.132393699698872,0.119522963307233,0.111843226669929,0.0106792005320275,0.00767973663730413,0.806459947618561,1.05560035463132,9.63636363636364,10.2727272727273,1.63636363636364
2025-03-15,"same_day_conditional",0.0949635212393195,0.159736803368665,0.138360016587857,0.122272726024575,0.113466553519616,-0.0647732821293455,0.0088061725049589,0.737091002426438,1.09179927701313,10.1818181818182,10.2727272727273,1.63636363636364
2025-03-16,"same_day_conditional",0.101581614931715,0.0836094335488934,0.14920414003026,0.122516265433113,0.116402205590916,0.0179721813828221,0.00611405984219688,0.822462200858362,1.05076226196999,9.63636363636364,10.8181818181818,1.72727272727273
2025-03-17,"same_day_conditional",0.0919959622106312,0.20420957428238,0.128545176790706,0.121192749104175,0.113743254435889,-0.112213612071749,0.00744949466828551,0.866682657644178,1.15211630848026,9.18181818181818,10,1.54545454545455
2025-03-18,"same_day_conditional",0.178135109896406,0.171082600545486,0.153289893216483,0.119446910550879,0.110667210201694,0.00705250935091996,0.0087797003491854,0.902809077648405,1.36918315151201,8.90909090909091,9,1.09090909090909
2025-03-19,"same_day_conditional",0.274712223572945,0.254017188904767,0.145849296729641,0.119862873635463,0.117299355715588,0.020695034668178,0.00256351791987497,1.11609425068364,1.389599062065,8.45454545454546,8.63636363636364,1.09090909090909
2025-03-20,"same_day_conditional",0.176515054355492,0.152689748354712,0.146727798743987,0.122489141071072,0.112492886581337,0.0238253060007795,0.00999625448973519,1.02288405050716,1.04831464248832,9.63636363636364,10.4545454545455,1.45454545454545
2025-03-21,"same_day_conditional",0.0726606942149782,0.10525549572797,0.115437022700819,0.123164091351019,0.10820561367871,-0.0325948015129916,0.0149584776723083,0.890461639837738,0.993258543257934,9.54545454545454,10.8181818181818,1.63636363636364
2025-03-22,"same_day_conditional",0.380415726605086,0.470312220646626,0.314353134652065,0.117599364777346,0.108042741918232,-0.0898964940415394,0.0095566228591139,0.754070332366843,0.86160015223216,9.54545454545454,11,1.45454545454545
2025-03-23,"same_day_conditional",0.0968566630931137,0.0789098028762651,0.111596388663027,0.120233690239838,0.115139238529984,0.0179468602168486,0.00509445170985414,0.988105451725053,0.941937075956418,9.36363636363636,10.7272727272727,1.36363636363636
2025-03-24,"same_day_conditional",0.0945512260786656,0.117582135967729,0.117536945514395,0.120514469195723,0.11286924598741,-0.0230309098890638,0.00764522320831315,0.839825498860903,0.914954017576916,10.1818181818182,11.4545454545455,1.54545454545455
2025-03-25,"same_day_conditional",0.220194237502277,0.127879454425153,0.133403057310952,0.117771564078679,0.11335475036955,0.0923147830771244,0.00441681370912878,0.80438313292965,1.14262307275482,10.0909090909091,10.4545454545455,1.63636363636364
2025-03-26,"same_day_conditional",0.14083791660033,0.137011744503911,0.132025544010592,0.118045315038044,0.110322884359519,0.00382617209641911,0.00772243067852559,0.82180531710481,1.11221593953439,10.1818181818182,10.2727272727273,1.63636363636364
2025-03-27,"same_day_conditional",0.141389530947517,0.121747932518094,0.120683803470719,0.117707266886603,0.11172789286625,0.0196415984294238,0.00597937402035304,0.914326966017036,1.20940241644333,9.90909090909091,10.1818181818182,1.63636363636364
2025-03-28,"same_day_conditional",0.18296392546193,0.163619295293426,0.112800241697687,0.120744027897719,0.116186763671915,0.0193446301685045,0.00455726422580404,0.88314557047411,1.10724614441748,10,10.6363636363636,1.63636363636364
2025-03-29,"same_day_conditional",0.0861633708883384,0.114147941516071,0.112537656052112,0.126909897178325,0.1185728910878,-0.0279845706277331,0.00833700609052467,0.900011660424095,1.13257688175735,9.90909090909091,10.0909090909091,1.54545454545455
2025-03-30,"same_day_conditional",0.267389396490388,0.225384183347599,0.12438232184901,0.123184283531142,0.11683790773384,0.0420052131427898,0.00634637579730228,0.855673190234992,1.09134452319567,9.72727272727273,10.2727272727273,1.45454545454545
2025-03-31,"same_day_conditional",0.526519767872758,0.396806614977201,0.314012760964417,0.124721322549701,0.114810946581582,0.129713152895558,0.00991037596811894,0.969847217368442,1.12235939138013,9.90909090909091,10.0909090909091,1.45454545454545
2025-04-01,"same_day_conditional",0.194736478491716,0.265449315211638,0.176069978956078,0.131382546644575,0.120630425682136,-0.0707128367199226,0.0107521209624398,1.60604625824396,1.09363152019229,9.90909090909091,9.81818181818182,1.45454545454545
2025-04-02,"same_day_conditional",0.248040254335724,0.196957893984382,0.273989133950751,0.122927188975431,0.118636499712258,0.0510823603513419,0.00429068926317371,1.02669367969572,1.19046566950036,9.54545454545454,9.72727272727273,1.36363636363636
2025-04-03,"same_day_conditional",0.285515149497083,0.156008791422164,0.174348786644873,0.126871342048638,0.120841744324401,0.12950635807492,0.00602959772423668,0.802335528297575,1.12669666940468,10.2727272727273,10.2727272727273,1.36363636363636
2025-04-04,"same_day_conditional",1.11218312612387,1.16750161505482,0.178027203334108,0.128659649348904,0.123623043169002,-0.0553184889309476,0.00503660617990233,0.803467691858401,1.04977338454251,10.3636363636364,10.8181818181818,1.45454545454545
2025-04-05,"same_day_conditional",0.394277308942761,0.153170081610921,0.132987319108249,0.125668525966375,0.119444652179077,0.24110722733184,0.00622387378729814,0.875963939237567,1.02390902255876,9.72727272727273,11.2727272727273,1.72727272727273
2025-04-06,"same_day_conditional",0.60591247009055,0.50136577620873,0.399610299621498,0.126506633581978,0.116463328600237,0.104546693881819,0.0100433049817408,0.929880777969596,1.07722493012063,9.45454545454546,10.3636363636364,1.54545454545455
2025-04-07,"same_day_conditional",0.205910689633946,0.163544501924854,0.185502043884425,0.13344217937356,0.122630541286654,0.0423661877090919,0.0108116380869061,0.81997347373792,0.969061780480874,10.2727272727273,10.5454545454545,1.54545454545455
2025-04-08,"same_day_conditional",0.25970589808837,0.175753215764233,0.190965980066685,0.13487575675207,0.125954704470699,0.0839526823241369,0.00892105228137082,0.687956415263988,1.09613183625937,10.1818181818182,10,1.63636363636364
2025-04-09,"same_day_conditional",0.271695266608364,0.257264972790284,0.208357002745423,0.137639796121437,0.128827607243629,0.0144302938180793,0.00881218887780743,0.643667016114794,1.10017970883315,10.7272727272727,10.0909090909091,1.81818181818182
2025-04-10,"same_day_conditional",0.881370861983808,0.715181780600427,0.357885935387031,0.136015487074502,0.12718151413793,0.16618908138338,0.00883397293657205,0.833283020495688,1.32921690916973,9.72727272727273,9.36363636363636,1.63636363636364
2025-04-11,"same_day_conditional",0.822894519929404,0.677678422105502,0.439042052083474,0.138751084841856,0.125683070031559,0.145216097823902,0.0130680148102967,0.891389720425246,1.15512701318071,10,10,1.72727272727273
2025-04-12,"same_day_conditional",0.262669612644193,0.255988251677971,0.351706455892746,0.139479167777702,0.1302141435876,0.00668136096622197,0.00926502419010211,1.03121475051244,1.23327799628154,8.63636363636364,10.4545454545455,1.72727272727273
2025-04-13,"same_day_conditional",0.450296081273299,0.289162232533239,0.269692426889595,0.140640029183592,0.129191180999298,0.16113384874006,0.0114488481842938,1.08202116753334,1.09407636210851,8.72727272727273,10.4545454545455,1.81818181818182
2025-04-14,"same_day_conditional",0.326408729812747,0.29352049260498,0.210392897383896,0.13684797183134,0.122292552168846,0.0328882372077669,0.0145554196624935,0.93472712489408,1.18189294420529,9.36363636363636,9.72727272727273,1.54545454545455
2025-04-15,"same_day_conditional",0.415342863049934,0.377927865582883,0.290134528054178,0.138921380248431,0.122226881202628,0.0374149974670511,0.0166944990458028,0.913428411724744,1.29857008583288,9.27272727272727,9.45454545454546,1.54545454545455
2025-04-16,"same_day_conditional",0.233107814431369,0.44152347931948,0.379233031199673,0.14206590295776,0.126881250888146,-0.208415664888111,0.0151846520696134,1.13239468221097,1.18628102562261,8.90909090909091,10,1.54545454545455
2025-04-17,"same_day_conditional",0.685081414167685,1.06283417437825,0.520648598087721,0.142183915047122,0.12897630750578,-0.377752760210563,0.0132076075413422,1.13453779539209,1.22266144123523,9.36363636363636,9.72727272727273,1.81818181818182
2025-04-18,"same_day_conditional",0.793928375263727,0.893786599726158,0.964203542860862,0.146723666788263,0.137320016759432,-0.0998582244624316,0.00940365002883107,0.928590000035361,1.27070534988204,9.63636363636364,10.2727272727273,1.81818181818182
2025-04-19,"same_day_conditional",0.407882155914722,0.512800133881448,0.380986482533118,0.154308054759894,0.145214198395616,-0.104917977966726,0.00909385636427838,0.7513868892922,1.25376721977525,10.4545454545455,10.5454545454545,1.72727272727273
2025-04-20,"same_day_conditional",0.257788223950777,0.249632814807653,0.423554635470471,0.153069454641082,0.143107857354561,0.00815540914312447,0.00996159728652046,1.00318362662194,1.21445021767048,9.90909090909091,9.45454545454546,1.45454545454545
2025-04-21,"same_day_conditional",0.459349689052915,0.439433465903451,0.890882243681676,0.155198076961938,0.149468214907564,0.0199162231494638,0.00572986205437408,1.23212339270509,1.33483324990979,8.81818181818182,9.45454545454546,1.36363636363636
2025-04-22,"same_day_conditional",1.34359950962825,1.08549335956792,0.617688476094663,0.154369674146619,0.142389696044742,0.258106150060325,0.011979978101877,0.92968385596925,1.28873082552261,10.4545454545455,9.18181818181818,1.27272727272727
2025-04-23,"same_day_conditional",0.565437565502548,0.268821615490215,0.225680933826178,0.154080370812317,0.141392347986085,0.296615950012333,0.0126880228262319,0.931223335885454,1.12542310598812,9.90909090909091,9.90909090909091,1.63636363636364
2025-04-24,"same_day_conditional",0.17068045782474,0.15977541640622,0.150924865488979,0.157776572921037,0.139959259212762,0.0109050414185199,0.017817313708275,0.837208238445162,1.04843421791043,10.5454545454545,10.2727272727273,1.45454545454545
2025-04-25,"same_day_conditional",0.167967847926477,0.152805549909824,0.142034924949785,0.156514259899609,0.138789166357959,0.0151622980166535,0.0177250935416493,0.822156736042238,1.01544575017514,10.4545454545455,11.1818181818182,2
2025-04-26,"same_day_conditional",0.193809340773141,0.294715340502096,0.147902719594765,0.159834081811332,0.138188771728458,-0.100905999728955,0.0216453100828736,0.869255634542176,1.05283851416488,10.3636363636364,11.1818181818182,2.27272727272727
2025-04-27,"same_day_conditional",0.13917269537968,0.135098967958287,0.14816690847679,0.160786650211646,0.143600218322246,0.0040737274213922,0.0171864318894007,0.827894082849264,1.00870498879772,10.3636363636364,11.0909090909091,2
2025-04-28,"same_day_conditional",0.0926485693851581,0.101009964711216,0.180010447579395,0.155040718868213,0.138943716917548,-0.00836139532605769,0.0160970019506653,0.770803321645656,1.15155774577318,10.6363636363636,10.5454545454545,2
2025-04-29,"same_day_conditional",0.132811453052523,0.122328314116498,0.112956157284068,0.15432469295932,0.137088883520224,0.0104831389360251,0.0172358094390964,0.745987500978128,0.957752272298148,10.4545454545455,11.0909090909091,2.09090909090909
2025-04-30,"same_day_conditional",0.143961935204661,0.161493462870551,0.160880332987815,0.149459633669173,0.12969073951283,-0.0175315276658902,0.0197688941563435,0.771302725946925,0.961042061733573,10.1818181818182,11.0909090909091,2.18181818181818
2025-05-01,"same_day_conditional",0.115935085080765,0.123422285724071,0.123359041199377,0.145596560334075,0.125798095027961,-0.00748720064330543,0.019798465306114,0.746338561470885,0.981873923016937,10,10.8181818181818,2.09090909090909
2025-05-02,"same_day_conditional",0.132492339736491,0.161139132838558,0.126033709262385,0.147443589717509,0.128508577880852,-0.028646793102067,0.0189350118366565,0.858687521610457,1.09074321479154,10,10.2727272727273,1.72727272727273
2025-05-03,"same_day_conditional",0.116458453693431,0.133120768422264,0.117108823337285,0.149689506353783,0.134914526233467,-0.0166623147288331,0.0147749801203155,0.902849567921063,1.0521240346355,10,10.7272727272727,1.54545454545455
2025-05-04,"same_day_conditional",0.122461686528507,0.0643393231757389,0.485443720060007,0.147293115528358,0.136506183846792,0.0581223633527682,0.0107869316815654,0.790458018493058,1.45450855044856,10.1818181818182,9.90909090909091,1.45454545454545
2025-05-05,"same_day_conditional",0.135848462809737,0.152007063877094,0.126754889885047,0.145374686588084,0.133869812459944,-0.0161586010673571,0.0115048741281399,0.960294665301388,1.3575077771943,9.81818181818182,10.4545454545455,1.63636363636364
2025-05-06,"same_day_conditional",0.757162572812166,0.609745619611845,0.759309125339364,0.114716797627322,0.10918588952041,0.147416953200321,0.00553090810691126,0.820094408814885,1.11328635238577,9.54545454545454,10.1818181818182,1.54545454545455
2025-05-07,"same_day_conditional",0.109093110520835,0.102584656753081,0.11251865278624,0.117774349618815,0.107322389225136,0.00650845376775411,0.0104519603936792,0.836483931497422,1.22776166333642,9.63636363636364,10.3636363636364,1.81818181818182
2025-05-08,"same_day_conditional",0.0784719598671522,0.0902924002371077,0.102114396256034,0.116481658938688,0.106677126540497,-0.0118204403699555,0.0098045323981902,0.888709980712786,1.22677868322493,9.18181818181818,10.2727272727273,1.72727272727273
2025-05-09,"same_day_conditional",0.328085267952097,0.349916196983413,0.195664328610894,0.114219438094485,0.105781203352345,-0.021830929031316,0.00843823474214058,0.835305881930218,1.27042129455057,9.72727272727273,10.0909090909091,1.81818181818182
2025-05-10,"same_day_conditional",0.132908529952912,0.110420449722053,0.121611045183422,0.113990964748579,0.107083256331726,0.0224880802308596,0.00690770841685316,0.896391426816948,1.25843826169645,9.81818181818182,10.5454545454545,1.72727272727273
2025-05-11,"same_day_conditional",0.191239014550146,0.173302116132722,0.13390460270354,0.112057826805166,0.10584440795366,0.0179368984174241,0.00621341885150615,0.91007617546881,1.24619747228977,9.72727272727273,10.6363636363636,1.81818181818182
2025-05-12,"same_day_conditional",0.141247519655093,0.165894242033953,0.135308015360694,0.111569118806851,0.106376803448123,-0.0246467223788609,0.00519231535872816,1.0101766232362,1.21940368000501,9.36363636363636,10.0909090909091,1.90909090909091
2025-05-13,"same_day_conditional",0.299181294555348,0.290240864320159,0.108437949006636,0.110284925472932,0.104282219184877,0.00894043023518885,0.00600270628805416,0.903551488621941,1.06836620834572,9.72727272727273,10.5454545454545,1.90909090909091
2025-05-14,"same_day_conditional",0.299873638815559,0.355100278709236,0.225128123407559,0.111109486477409,0.107798836165879,-0.0552266398936769,0.00331065031152929,0.818090457179806,1.10538036368265,9.72727272727273,10.2727272727273,1.90909090909091
2025-05-15,"same_day_conditional",0.460265974421453,0.430411831454104,0.441119253260511,0.109997358727107,0.105833210827076,0.0298541429673491,0.00416414790003087,0.818269276288171,1.28174770483017,9.54545454545454,10.2727272727273,1.90909090909091
2025-05-16,"same_day_conditional",0.680665611109106,0.252569616876322,0.330495855220018,0.109869081640271,0.104571090270566,0.428095994232784,0.00529799136970516,0.661750432600365,1.06566512022182,10.7272727272727,11.4545454545455,1.90909090909091
2025-05-17,"same_day_conditional",0.326771206682797,0.318284431505516,0.207703736892034,0.110141200491249,0.10011782250942,0.0084867751772807,0.0100233779818294,0.77602948878568,0.986297190210804,9.63636363636364,10.9090909090909,1.81818181818182
2025-05-18,"same_day_conditional",0.103946389187856,0.105252888736992,0.169434260806352,0.109801619317422,0.101877603633165,-0.00130649954913628,0.00792401568425745,0.695741760393341,0.888064445319498,10.3636363636364,12.1818181818182,2
2025-05-19,"same_day_conditional",2.07450041607807,2.05196128951743,1.18184056940064,0.109776664240229,0.0996142978940664,0.0225391265606405,0.0101623663461627,0.884209926408237,0.968729195598809,9.36363636363636,11.2727272727273,1.81818181818182
2025-05-20,"same_day_conditional",0.401113684982962,0.42752496780537,0.376024007180824,0.11708478798383,0.111246245592906,-0.0264112828224078,0.00583854239092414,0.66672660944463,0.885434332543326,10.0909090909091,11.4545454545455,1.81818181818182
2025-05-21,"same_day_conditional",0.120406170388814,0.228020385971256,0.118603392099394,0.117558882474524,0.11052970932387,-0.107614215582442,0.00702917315065342,0.615895683901752,0.926686846144821,10.2727272727273,11.6363636363636,1.90909090909091
2025-05-22,"same_day_conditional",0.199730169019444,0.338667555642492,0.234190281104344,0.118661209413144,0.112927994205874,-0.138937386623048,0.00573321520726948,0.57081272479515,0.883019690968396,10.9090909090909,11,2
2025-05-23,"same_day_conditional",0.308830677619782,0.296879984673274,0.258460412305947,0.120268973867434,0.113171334072658,0.0119506929465072,0.00709763979477547,0.954281855875813,1.09286739289339,9.63636363636364,10.7272727272727,1.90909090909091
2025-05-24,"same_day_conditional",0.798460840477088,0.326890722374219,0.500088782907784,0.121635897966574,0.115800006794382,0.471570118102869,0.00583589117219284,0.618643203292359,0.918547160767227,10.7272727272727,10.9090909090909,1.72727272727273
2025-05-25,"same_day_conditional",0.0985403558219761,0.0984963622130751,0.0902374972827937,0.121730894677566,0.116704447952525,0.0000439936089009575,0.00502644672504065,0.647015758055651,0.813105452496554,11,11.4545454545455,1.90909090909091
2025-05-26,"same_day_conditional",0.147657073279615,0.160988273184704,0.131304089255749,0.122876162850111,0.115237581406714,-0.0133311999050898,0.00763858144339614,0.678688794947737,1.02554821827979,11.0909090909091,10.0909090909091,1.63636363636364
2025-05-27,"same_day_conditional",0.216580150982163,0.265874700810918,0.334938536176978,0.115128037657976,0.109358530974751,-0.0492945498287546,0.00576950668322483,0.728130103903321,0.90459786556525,10.6363636363636,11.0909090909091,1.90909090909091
2025-05-28,"same_day_conditional",0.580337230950234,0.489472531167465,0.198509075491031,0.115659739631017,0.110799836259143,0.0908646997827692,0.00485990337187444,0.70680153363368,0.972749209867039,10.8181818181818,11.1818181818182,1.81818181818182
2025-05-29,"same_day_conditional",0.126809002517857,0.129067331872272,0.227648158614563,0.115232932299777,0.108844517415721,-0.00225832935441537,0.00638841488405597,1.07124299907727,1.02226150061868,10.2727272727273,10.7272727272727,1.81818181818182
2025-05-30,"same_day_conditional",0.240154567271152,0.154632537438293,0.281565967149368,0.114265348547373,0.108482617605746,0.0855220298328585,0.00578273094162731,0.865204411409349,1.03334241928888,10.3636363636364,10.6363636363636,1.81818181818182
2025-05-31,"same_day_conditional",0.0454327440368938,0.055455806530128,0.0853332019920979,0.11439690319665,0.107461069379198,-0.0100230624932342,0.0069358338174519,0.898022689289777,1.00376231256871,10.2727272727273,10.9090909090909,1.81818181818182
2025-06-01,"same_day_conditional",0.149471815076803,0.112123157303007,0.120096916686374,0.112571075345169,0.105845272867862,0.0373486577737957,0.00672580247730734,0.827707129958039,1.17728374035321,10.1818181818182,9.63636363636364,1.81818181818182
2025-06-02,"same_day_conditional",0.187673082579351,0.195581563866964,0.270454891301406,0.108725529113052,0.101996948516763,-0.00790848128761341,0.00672858059628922,1.00818697007553,1.19342958410972,9.54545454545454,10.3636363636364,2
2025-06-03,"same_day_conditional",0.126460393110661,0.116059027166095,0.115740149492413,0.104312026651544,0.103676808670058,0.0104013659445661,0.000635217981486147,0.97249555801113,1.31184270410982,10.1818181818182,9.36363636363636,1.72727272727273
2025-06-04,"same_day_conditional",0.0740788899333882,0.0886250763053092,0.122940328931519,0.104028248322682,0.101639492306155,-0.014546186371921,0.00238875601652709,0.847622319058058,1.2760560466576,10.0909090909091,9.63636363636364,1.90909090909091
2025-06-05,"same_day_conditional",0.433663698170125,0.257130096741937,0.119130073065275,0.104634636448109,0.10125643638272,0.176533601428187,0.00337820006538951,0.861091060907206,1.08992267141989,10.0909090909091,10.8181818181818,2.18181818181818
2025-06-06,"same_day_conditional",0.107934222376498,0.0810837262517434,0.122489092722905,0.105396738107026,0.100443937348442,0.0268504961247551,0.00495280075858373,0.890547091908682,1.12537813616324,10,10.3636363636364,2.09090909090909
2025-06-07,"same_day_conditional",0.159260417482605,0.225881639749642,0.125450686199995,0.102959278810203,0.0994498924040336,-0.0666212222670368,0.00350938640616991,0.929120556514105,1.26497021986601,10,9.81818181818182,1.90909090909091
2025-06-08,"same_day_conditional",0.120432264418036,0.0868926792234249,0.12320212140747,0.102055916207434,0.0998226672422454,0.0335395851946111,0.00223324896518881,0.880455955564354,1.10783084943141,10,10.5454545454545,2.09090909090909
2025-06-09,"same_day_conditional",0.104411941040885,0.0939867764262849,0.109509825739181,0.104405307957077,0.100678008844669,0.0104251646146005,0.00372729911240805,0.958325589718821,1.13990693954758,9.90909090909091,10.0909090909091,1.90909090909091
2025-06-10,"same_day_conditional",0.388207848650099,0.317954922794683,0.169861008769039,0.105058365472616,0.101931932272916,0.0702529258554158,0.00312643319969991,1.09347949167173,1.51508596097171,9.63636363636364,8.72727272727273,1.63636363636364
2025-06-11,"same_day_conditional",0.125687262595323,0.181736387892875,0.137258676204918,0.108571257134856,0.104244702745552,-0.0560491252975526,0.00432655438930429,1.04277873810517,1.29063013794582,9.27272727272727,10.4545454545455,1.72727272727273
2025-06-12,"same_day_conditional",0.957158979418142,1.21707702533746,0.863528277514264,0.108355272822928,0.103843787038446,-0.259918045919318,0.00451148578448118,0.742048260023868,1.10916632005023,10.3636363636364,10.7272727272727,1.81818181818182
2025-06-13,"same_day_conditional",1.01258880058746,0.893468050040062,0.971694489106215,0.118983508441284,0.113104683644397,0.119120750547396,0.00587882479688707,0.925575196361754,1.15260692058474,9.36363636363636,10.0909090909091,1.90909090909091
2025-06-14,"same_day_conditional",0.229829915594363,0.227069768826333,0.202715513283556,0.127904055918073,0.116033438068435,0.00276014676803001,0.011870617849638,0.959202380349192,1.2397161981583,10,10,2
2025-06-15,"same_day_conditional",0.426575698722883,0.378129159608499,0.240121667347153,0.127938666565656,0.112015947947534,0.0484465391143837,0.0159227186181221,0.887601852601984,1.19141060845585,10.2727272727273,10.2727272727273,2.27272727272727
2025-06-16,"same_day_conditional",0.116194882629012,0.134148593694626,0.127851915720054,0.129431224670628,0.112779860391364,-0.0179537110656146,0.0166513642792633,0.925294676246688,1.12688339971739,9.72727272727273,10.2727272727273,2.45454545454545
2025-06-17,"same_day_conditional",0.210895870145802,0.125033870416509,0.237750262592064,0.132248287692805,0.119060143112474,0.0858619997292939,0.0131881445803309,0.918673711568335,1.13546419325621,10.8181818181818,10.8181818181818,2.36363636363636
2025-06-18,"same_day_conditional",0.68760402524861,0.454475991900642,0.34043721411826,0.130281577593488,0.117993359633734,0.233128033347968,0.0122882179597534,0.985297722360679,1.19691561837622,10.0909090909091,10.4545454545455,2
2025-06-19,"same_day_conditional",0.189697759819555,0.073977348523389,0.27576792231067,0.132012287594623,0.115340239028255,0.115720411296166,0.0166720485663681,0.991462201536397,1.1526350453767,9.90909090909091,10.3636363636364,2
2025-06-20,"same_day_conditional",0.113360217320233,0.112371251988811,0.124547740528045,0.130679341723262,0.115566261808745,0.000988965331422891,0.0151130799145169,0.912238403860529,1.32006587418598,10.5454545454545,9.90909090909091,2
2025-06-21,"same_day_conditional",0.113811952882292,0.103106044270867,0.126458332673515,0.131283221223174,0.117855995380377,0.010705908611425,0.013427225842797,0.822051954213954,1.25733657548199,10.5454545454545,10.6363636363636,2.27272727272727
2025-06-22,"same_day_conditional",0.114031745870094,0.108468980487571,0.132433052737139,0.133893534775118,0.119158309656667,0.00556276538252365,0.0147352251184517,0.911482538796272,1.34244575559906,10.8181818181818,10.1818181818182,2
2025-06-23,"same_day_conditional",0.0974843377899242,0.0813398021359631,0.121885254847122,0.132977699940936,0.120194843438259,0.0161445356539611,0.0127828565026769,0.945525202317215,1.35400043441082,10.2727272727273,10.0909090909091,2
2025-06-24,"same_day_conditional",0.181519218123353,0.155377956988503,0.170960614783519,0.1318050372989,0.115522817106632,0.0261412611348505,0.0162822201922688,0.983658339143375,1.35245494097494,10.5454545454545,10.1818181818182,2
2025-06-25,"same_day_conditional",0.152630663344747,0.205480137810842,0.16591923449296,0.129952380203312,0.116865507322348,-0.052849474466095,0.0130868728809645,0.972011193780196,1.22541862754888,10.2727272727273,10.4545454545455,2
2025-06-26,"same_day_conditional",0.157619326108344,0.0870280953146143,0.113441208611632,0.130552626433113,0.117421306678318,0.0705912307937296,0.0131313197547944,0.916641552691614,1.30782117582331,10.3636363636364,10.5454545454545,2.36363636363636
2025-06-27,"same_day_conditional",0.0940971156100961,0.0828633129549052,0.120404554291841,0.132315353406922,0.117625149416963,0.0112338026551909,0.0146902039899594,1.06666933165179,1.15241424629985,9.72727272727273,11.0909090909091,2.27272727272727
2025-06-28,"same_day_conditional",0.125737339168232,0.114339288281861,0.144573440351883,0.132718915018371,0.117214671261487,0.0113980508863707,0.0155042437568841,1.13066667038997,1.31497591527029,9.90909090909091,10.5454545454545,2.36363636363636
2025-06-29,"same_day_conditional",0.110962656799194,0.066365543212817,0.116148165476752,0.133139185326405,0.119967188459558,0.044597113586377,0.0131719968668475,1.00234833641232,1.25792961101105,10.3636363636364,10.5454545454545,2.27272727272727
2025-06-30,"same_day_conditional",0.105286866354953,0.0990281896392735,0.129576156622271,0.133177748141306,0.117691684072331,0.00625867671567915,0.0154860640689744,0.941190318593852,1.24978867504501,10.7272727272727,10.2727272727273,2.27272727272727
2025-07-01,"same_day_conditional",0.103067136919894,0.113571863357153,0.130044343121141,0.131047840772236,0.115484541519624,-0.0105047264372585,0.015563299252612,0.910686798984335,1.27667426299351,11.0909090909091,10.1818181818182,2.18181818181818
2025-07-02,"same_day_conditional",0.273619992673525,0.165476960801552,0.110700402044376,0.130853852988941,0.116270330055056,0.108143031871973,0.0145835229338849,0.909785754483007,1.06559159101775,11.2727272727273,10.4545454545455,2
2025-07-03,"same_day_conditional",0.116179386844263,0.109841512535509,0.122295298889118,0.133913471542701,0.118290301319812,0.00633787430875339,0.0156231702228896,3.10411717106201,1.21676686471936,10.2727272727273,10.4545454545455,2.09090909090909
2025-07-04,"same_day_conditional",0.158645358290127,0.108564426762895,0.147571998430428,0.134400249021226,0.119376974556,0.0500809315272315,0.0150232744652258,1.16998538356384,1.11584340333368,10.0909090909091,10.8181818181818,2.27272727272727
2025-07-05,"same_day_conditional",0.11360371549794,0.0994700401574713,0.129649422376895,0.13229459503035,0.118794472009841,0.0141336753404682,0.0135001230205094,0.954147517222841,1.21192696304547,10.7272727272727,10.4545454545455,1.90909090909091
2025-07-06,"same_day_conditional",0.097176824607657,0.165626225919621,0.111549876354799,0.131256178686475,0.119175840850931,-0.0684494013119642,0.0120803378355444,1.00189245608742,1.32476305064888,10.9090909090909,10.2727272727273,1.72727272727273
2025-07-07,"same_day_conditional",0.092909626147055,0.0669768645454184,0.117718019284911,0.130716494752121,0.120315093680064,0.0259327616016365,0.0104014010720578,1.11007978001212,1.33813909667801,10.6363636363636,10.4545454545455,2
2025-07-08,"same_day_conditional",0.0780185396405792,0.201404440032205,0.117615743342205,0.129478410675598,0.11896896604193,-0.123385900391626,0.0105094446336674,1.02478365514509,1.24163737068323,11,10.9090909090909,2
2025-07-09,"same_day_conditional",0.087719129719243,0.0851849706470096,0.139406958705832,0.132298015022734,0.119056301305968,0.0025341590722334,0.0132417137167661,1.077506892252,1.04716442500601,10.5454545454545,11.4545454545455,2.18181818181818
2025-07-10,"same_day_conditional",0.0797718377478603,0.0741274599810383,0.129423482061303,0.131462313404718,0.120836897902581,0.00564437776682193,0.0106254155021364,1.07582215044332,1.39417041077819,10.4545454545455,10.4545454545455,1.90909090909091
2025-07-11,"same_day_conditional",0.260058527918506,0.223581867379482,0.134087406346301,0.132709649787904,0.12289875107879,0.0364766605390241,0.00981089870911395,1.05384804042511,1.45388557662148,10.7272727272727,9.90909090909091,1.72727272727273
2025-07-12,"same_day_conditional",0.158928382081761,0.119975491622076,0.144079639628821,0.132930946347651,0.119992227138587,0.0389528904596854,0.0129387192090645,1.20740953456479,1.46174937953384,9.27272727272727,9.72727272727273,2
2025-07-13,"same_day_conditional",0.0964199578571328,0.0768772767793516,0.125740575869752,0.136197229151197,0.120487963640362,0.0195426810777812,0.0157092655108344,1.22247236570175,1.29029957853761,9.27272727272727,10,2.09090909090909
2025-07-14,"same_day_conditional",0.17651277363351,0.097222133261723,0.12795702349055,0.136131619993489,0.120604675481502,0.0792906403717874,0.0155269445119868,1.33764387187093,1.49505829148094,9.45454545454546,9.72727272727273,2.09090909090909
2025-07-15,"same_day_conditional",0.107894198520033,0.65979589843587,0.142206361761494,0.138319038385176,0.120537317659186,-0.551901699915836,0.0177817207259895,1.33679235851571,1.5531411367956,9.09090909090909,9.63636363636364,2.18181818181818
2025-07-16,"same_day_conditional",0.425537689803177,0.370638144622179,0.182812123986705,0.141257904547574,0.123630574451372,0.0548995451809979,0.0176273300962011,1.21098721640325,1.66717516565618,9.54545454545454,10.1818181818182,2
2025-07-17,"same_day_conditional",0.118263515890816,0.149944232753853,0.143732660952812,0.139452266498792,0.124982756203678,-0.0316807168630375,0.0144695102951134,1.00991584717482,1.52715738459002,10.4545454545455,10.3636363636364,2.27272727272727
2025-07-18,"same_day_conditional",1.11312595340891,1.40732572915482,0.592470882933586,0.133070233555306,0.127384696532748,-0.294199775745915,0.00568553702255712,0.952196569382269,1.34810918668538,10.2727272727273,10.7272727272727,2.09090909090909
2025-07-19,"same_day_conditional",0.187559292077525,0.775685786976206,0.110421248779322,0.138605767077847,0.13020825521043,-0.588126494898682,0.00839751186741707,1.00905258062741,1.3699610280981,9.63636363636364,10.5454545454545,2.18181818181818
2025-07-20,"same_day_conditional",0.10520086914741,0.104205905209833,0.153468936285276,0.137534793780436,0.128697685239979,0.000994963937576877,0.00883710854045724,1.15015441611216,1.29992827858671,9.81818181818182,10.8181818181818,1.72727272727273
2025-07-21,"same_day_conditional",0.146339377236476,0.136294210985784,0.12672393752809,0.133470334361378,0.127444047056185,0.0100451662506924,0.00602628730519305,0.942634495661608,1.21327473551415,10.6363636363636,10.8181818181818,1.63636363636364
2025-07-22,"same_day_conditional",0.232916935619361,0.410996793231791,0.259952829202421,0.127629543029165,0.121912453584475,-0.17807985761243,0.00571708944468959,1.0267420923303,1.29067230267165,10.4545454545455,10.8181818181818,1.81818181818182
2025-07-23,"same_day_conditional",0.411659203004315,0.394709983089411,0.325504389802406,0.132398550490018,0.126960642987809,0.0169492199149034,0.00543790750220833,1.1832825414284,1.31303315360649,10.3636363636364,10.4545454545455,1.72727272727273
2025-07-24,"same_day_conditional",0.091634385355189,0.132660659405771,0.119842778954572,0.129757223953414,0.127242561221986,-0.041026274050582,0.00251466273142729,0.940701658107439,1.3884554075288,10.5454545454545,10.7272727272727,1.81818181818182
2025-07-25,"same_day_conditional",0.104747328293157,0.252397365964747,0.117067409901874,0.135246651706674,0.125681504857059,-0.14765003767159,0.00956514684961499,1.13578187812869,1.39393107464691,10.1818181818182,10.4545454545455,2
2025-07-26,"same_day_conditional",0.0928721997821992,0.389713780820638,0.0918885009945356,0.136990965179516,0.129924308344541,-0.296841581038438,0.00706665683497531,1.10048217417044,1.41320108802104,10.6363636363636,10.5454545454545,1.81818181818182
2025-07-27,"same_day_conditional",0.106007962255248,0.0931996742979421,0.108313064665744,0.131073668115817,0.128237070138149,0.0128082879573059,0.00283659797766788,0.954241978026711,1.46116007186081,10.1818181818182,10.4545454545455,1.81818181818182
2025-07-28,"same_day_conditional",0.0878506486559092,0.0751754171243822,0.118240529131366,0.129286218019314,0.12596720388536,0.012675231531527,0.00331901413395312,1.02019410564614,1.34921963073532,10.0909090909091,10.5454545454545,1.45454545454545
2025-07-29,"same_day_conditional",0.366290779014742,0.275673708504897,0.146904493447424,0.130264317310273,0.127677936332766,0.0906170705098448,0.00258638097750706,0.962555829527238,1.37658058558234,10.4545454545455,10.6363636363636,1.63636363636364
2025-07-30,"same_day_conditional",0.243350653253205,0.48020127627063,0.21282884486117,0.131215184154195,0.128117211920799,-0.236850623017425,0.00309797223339544,1.01500426376436,1.40496258013127,10.3636363636364,10.8181818181818,1.36363636363636
2025-07-31,"same_day_conditional",0.142128110628859,0.279743217487499,0.127184071848511,0.130789719826891,0.125488441595642,-0.13761510685864,0.00530127823124961,1.06200107769183,1.24431444222223,10.2727272727273,11.2727272727273,1.72727272727273
2025-08-01,"same_day_conditional",0.127040089778504,0.104855551853867,0.220836854845637,0.129191197699672,0.127977924117836,0.0221845379246364,0.00121327358183602,0.940602293521366,1.39876050622422,10.3636363636364,10,1.72727272727273
2025-08-02,"same_day_conditional",0.967519452389599,0.948488444429666,0.278766082960994,0.129858336821914,0.127928605027148,0.0190310079599333,0.00192973179476639,1.05097466840924,1.36822148600807,10.2727272727273,11.0909090909091,1.81818181818182
2025-08-03,"same_day_conditional",0.243882671367085,0.25462982852477,0.246371272213006,0.13162455216076,0.128310149651363,-0.010747157157685,0.00331440250939798,1.06474497845762,1.45070583280362,10.6363636363636,11,1.81818181818182
2025-08-04,"same_day_conditional",0.157927915670353,0.154829268833106,0.179497514814745,0.131368640094644,0.128841779698917,0.0030986468372466,0.00252686039572744,1.07932499766826,1.33257439267246,10.1818181818182,10.7272727272727,1.81818181818182
2025-08-05,"same_day_conditional",0.0900612702665181,0.125456885288565,0.122997254230795,0.13120448617599,0.129542460144419,-0.0353956150220473,0.00166202603157066,1.21733725048757,1.34766614022391,10.0909090909091,11.0909090909091,1.90909090909091
2025-08-06,"same_day_conditional",0.214054448377947,0.14656488676784,0.142625676377056,0.132347148102504,0.129988869997195,0.0674895616101065,0.00235827810530929,1.26057127418399,1.54652822004359,9.72727272727273,10.1818181818182,1.72727272727273
2025-08-07,"same_day_conditional",0.226872928628574,0.316832634680643,0.173019387819212,0.133283444065016,0.130284626758202,-0.0899597060520695,0.00299881730681357,1.32226520183289,1.351587035526,9.81818181818182,10.9090909090909,1.90909090909091
2025-08-08,"same_day_conditional",0.12605757901311,0.243880779117433,0.13937895450052,0.134698257107404,0.130990268610504,-0.117823200104323,0.00370798849690059,1.03132237964632,1.34862245147169,10.3636363636364,11.0909090909091,2
2025-08-09,"same_day_conditional",0.632586285362529,0.787658026610238,0.550612452092502,0.13565775324469,0.132989188867396,-0.155071741247709,0.0026685643772938,1.06783229474965,1.57553811105276,10.5454545454545,10.8181818181818,1.54545454545455
2025-08-10,"same_day_conditional",0.111523454094202,0.102243607114839,0.125427256571463,0.140629869125208,0.135345025996962,0.00927984697936227,0.00528484312824627,1.07862550603307,1.32309891550887,10,10.9090909090909,1.54545454545455
2025-08-11,"same_day_conditional",0.130085027025376,0.0985733767485834,0.127942964320049,0.141160621347324,0.134236996207449,0.0315116502767922,0.00692362513987497,1.01188885928552,1.30527884133903,10.6363636363636,11,1.54545454545455
2025-08-12,"same_day_conditional",0.124858134317196,0.10178480894819,0.135030472301447,0.137053316190166,0.132498107326199,0.0230733253690068,0.0045552088639663,1.19567604834208,1.35751055841143,9.54545454545454,10.8181818181818,1.54545454545455
2025-08-13,"same_day_conditional",0.404273796137859,0.33906645070066,0.201894947584242,0.137101867088135,0.131669414360221,0.0652073454371988,0.00543245272791376,0.979787372006346,1.32774539344485,10.4545454545455,10.8181818181818,1.54545454545455
2025-08-14,"same_day_conditional",0.302147100129388,0.236314057858554,0.177622772917169,0.142720396158636,0.132414105560843,0.0658330422708335,0.0103062905977922,1.10636141702126,1.28768383024864,10.2727272727273,10.3636363636364,1.63636363636364
2025-08-15,"same_day_conditional",0.173738857648795,0.171832981329083,0.141749129559563,0.143472758083852,0.135501597102837,0.00190587631971278,0.00797116098101483,0.921284308902853,1.2304442672183,10.4545454545455,10.8181818181818,1.45454545454545
2025-08-16,"same_day_conditional",0.162587359116513,0.149036264794903,0.158111673666131,0.142825422071336,0.133236717119805,0.0135510943216095,0.00958870495153047,1.07716286070222,1.37236732142485,9.90909090909091,9.72727272727273,1.54545454545455
2025-08-17,"same_day_conditional",0.449953432180139,0.421302607113418,0.365930140356514,0.143702343355617,0.134010907249719,0.028650825066721,0.00969143610589755,0.952099433067725,1.31512936673845,10.1818181818182,10.1818181818182,1.63636363636364
2025-08-18,"same_day_conditional",0.193776024395141,0.152947904587265,0.151015074280809,0.125471404326987,0.116761336120659,0.0408281198078761,0.00871006820632781,1.00988565905755,1.27895687770564,9.90909090909091,10.2727272727273,1.45454545454545
2025-08-19,"same_day_conditional",0.283323751528047,0.26916926976619,0.145763304863061,0.127518826149987,0.118146999286874,0.014154481761857,0.0093718268631131,0.949570977015594,1.26927302348953,9.63636363636364,10.0909090909091,1.54545454545455
2025-08-20,"same_day_conditional",0.110716360866874,0.265402748282341,0.151844252890484,0.123532361843267,0.1154921997369,-0.154686387415467,0.00804016210636667,0.915506603454548,1.20369040556406,9.90909090909091,10,1.27272727272727
2025-08-21,"same_day_conditional",0.127244066289201,0.091868968826124,0.121302453854267,0.119356598516531,0.114578706040234,0.0353750974630771,0.00477789247629738,0.796033979866558,1.25302569354823,10.2727272727273,9.45454545454546,1.45454545454545
2025-08-22,"same_day_conditional",0.217563100552249,0.0711545171418593,0.120338120744972,0.119645808124207,0.115092509619898,0.14640858341039,0.00455329850430903,0.848089711460636,1.21173250248376,9.54545454545454,9.81818181818182,1.36363636363636
2025-08-23,"same_day_conditional",0.356486759762322,0.52440404282553,0.20439043330431,0.121011567790021,0.114232021728004,-0.167917283063208,0.00677954606201773,0.82231678590456,1.15472004371906,9.72727272727273,10.1818181818182,1.45454545454545
2025-08-24,"same_day_conditional",0.176413898663136,0.241606780553086,0.177349141214641,0.122222570172557,0.115056867530713,-0.0651928818899497,0.00716570264184408,0.777237367597965,1.12720685602969,10.1818181818182,10.5454545454545,1.45454545454545
2025-08-25,"same_day_conditional",0.0946424864747758,0.146177954126969,0.107366504581896,0.121448179253815,0.114719579756444,-0.0515354676521936,0.0067285994973711,0.893145395123797,1.17368139321445,9.90909090909091,10.0909090909091,1.45454545454545
2025-08-26,"same_day_conditional",0.15021996099067,0.138914019171481,0.102022271585023,0.121767398986495,0.116104963008224,0.0113059418191886,0.00566243597827121,0.850181323528658,1.31024014650466,10.0909090909091,9.45454545454546,1.45454545454545
2025-08-27,"same_day_conditional",0.114655627029174,0.0999898477860392,0.121994417564471,0.121466590125494,0.116594660650578,0.0146657792431349,0.00487192947491555,0.93619737298709,1.20035385706067,9.81818181818182,9.63636363636364,1.54545454545455
2025-08-28,"same_day_conditional",0.0895634847859812,0.0863690888486231,0.121114211557397,0.117861820507668,0.11431393735185,0.00319439593735808,0.00354788315581822,1.28666517848573,1.24969671869919,9.54545454545454,9.27272727272727,1.45454545454545
2025-08-29,"same_day_conditional",0.113812066621259,0.102670715547672,0.112688812986422,0.114489381794169,0.110350298581649,0.0111413510735876,0.00413908321252026,0.95520779525509,1.0912933279949,10,10,1.36363636363636
2025-08-30,"same_day_conditional",0.195301546805189,0.237748178137758,0.20499850394548,0.110125115948016,0.106266172261539,-0.0424466313325692,0.0038589436864767,0.891282091785811,1.00059038231408,10.5454545454545,10.8181818181818,1.27272727272727
2025-08-31,"same_day_conditional",0.439714078602033,0.46029047561686,0.422253095919066,0.111537982506399,0.10779503758345,-0.0205763970148269,0.00374294492294921,0.843141849270593,1.19032627402871,10.4545454545455,10.1818181818182,1.27272727272727
2025-09-01,"same_day_conditional",0.0778064969518692,0.060053480008043,0.101696471598043,0.118319502712479,0.114504727481072,0.0177530169438262,0.00381477523140636,0.864402883523643,1.10658062845086,9.90909090909091,10.1818181818182,1.27272727272727
2025-09-02,"same_day_conditional",0.660752257525448,0.60093910756387,0.567821747534218,0.116674197461696,0.113366528216892,0.0598131499615775,0.00330766924480428,0.876507632571378,1.12248595910669,10.0909090909091,10.5454545454545,1.54545454545455
2025-09-03,"same_day_conditional",1.25904394365677,1.2940318296991,0.58870226672592,0.121173146548182,0.116306464427691,-0.0349878860423308,0.00486668212049087,0.815215000239426,1.21780302481556,10.2727272727273,10.0909090909091,1.54545454545455
2025-09-04,"same_day_conditional",0.21036055695176,0.173403580371813,0.146354703252603,0.126506786858319,0.121654431615146,0.0369569765799465,0.00485235524317343,0.774242801721543,1.15170222947323,10.5454545454545,10.0909090909091,1.45454545454545
2025-09-05,"same_day_conditional",0.097342466488332,0.101664840539332,0.110443090930378,0.128294875431891,0.123477611160605,-0.00432237405100023,0.00481726427128583,0.75311768974758,1.09071072454924,10.3636363636364,10.2727272727273,1.72727272727273
2025-09-06,"same_day_conditional",0.153230273508882,0.293034465688312,0.175643669417211,0.129437025340064,0.124545889718222,-0.13980419217943,0.00489113562184176,0.944170614049828,1.26271080202093,10,9.81818181818182,1.63636363636364
2025-09-07,"same_day_conditional",0.468407738650414,0.483077718353,0.250103063977236,0.132040729058879,0.12465248671872,-0.0146699797025864,0.00738824234015926,0.966216959502753,1.3774910564474,9.63636363636364,9.81818181818182,1.45454545454545
2025-09-08,"same_day_conditional",0.234364181509602,0.278277885742462,0.129764778313478,0.130983128520026,0.124063213309036,-0.04391370423286,0.00691991521099021,0.944674038590377,1.10718916741979,9.09090909090909,10.0909090909091,1.63636363636364
2025-09-09,"same_day_conditional",0.132908078496917,0.120140262138061,0.14708023569957,0.132963326574383,0.127272653750669,0.0127678163588566,0.00569067282371414,0.903623421254463,1.20482966863557,9.63636363636364,10.0909090909091,1.45454545454545
2025-09-10,"same_day_conditional",0.312158607854039,0.446329022728452,0.15795786052744,0.135607560096099,0.131433396285008,-0.134170414874414,0.00417416381109049,0.877335043430768,1.31658654062007,9.81818181818182,9.27272727272727,1.36363636363636
2025-09-11,"same_day_conditional",0.0812819964044342,0.0781053542261417,0.109192508420153,0.131490636399016,0.127080494332498,0.00317664217829246,0.00441014206651845,0.987568707464659,1.25354236672395,9.36363636363636,10.1818181818182,1.18181818181818
2025-09-12,"same_day_conditional",0.117896500245292,0.108723160186165,0.124328766478738,0.124822084509728,0.120816972088811,0.00917334005912635,0.00400511242091639,1.03280902339322,1.34084038096514,9.18181818181818,10.0909090909091,1.54545454545455
2025-09-13,"same_day_conditional",0.330051163205124,0.193379365128864,0.149703712735116,0.125012995437998,0.123990645300417,0.13667179807626,0.0010223501375804,0.861353614721694,1.22113769539884,9.72727272727273,10,1.54545454545455
2025-09-14,"same_day_conditional",0.2136290652029,0.320754767526913,0.103838738751426,0.124473309839833,0.122890926843286,-0.107125702324013,0.00158238299654681,0.796595496849668,1.16596417754954,10.0909090909091,10,1.45454545454545
2025-09-15,"same_day_conditional",0.204704326063335,0.183296157762594,0.167909878619085,0.126270566310077,0.122156342312726,0.0214081683007409,0.0041142239973509,0.910907619526893,1.29828715896386,10.1818181818182,9.72727272727273,1.36363636363636
2025-09-16,"same_day_conditional",0.282089736114693,0.230819948578154,0.110878736365315,0.128845743663426,0.125102222595425,0.0512697875365396,0.00374352106800117,0.786419874915276,1.34150127821179,10,10.0909090909091,1.36363636363636
2025-09-17,"same_day_conditional",0.167965662322747,0.197785960972932,0.250052636715869,0.127705967644915,0.125166291771666,-0.0298202986501856,0.0025396758732486,0.806128356880241,1.32365104158778,10.4545454545455,9.81818181818182,1.27272727272727
2025-09-18,"same_day_conditional",0.138166772565494,0.178107871003191,0.129803289462638,0.125512366019301,0.123321606992427,-0.0399410984376976,0.00219075902687329,0.843468769264659,1.24536142779141,10.2727272727273,9.90909090909091,1.54545454545455
2025-09-19,"same_day_conditional",0.258664565796422,0.232745668549259,0.121511251710302,0.125082131814946,0.12281174339043,0.0259188972471629,0.00227038842451596,0.680179275445779,1.11436385319661,11.2727272727273,10.7272727272727,1.72727272727273
2025-09-20,"same_day_conditional",0.43436687132337,0.337877296135352,0.143053850360228,0.124789120844461,0.122914221989315,0.0964895751880175,0.0018748988551461,0.676862248873196,1.1018550981945,10.9090909090909,10.8181818181818,1.63636363636364
2025-09-21,"same_day_conditional",0.141746991899547,0.162942651239124,0.138347682307833,0.125464324398802,0.124168775296798,-0.021195659339577,0.0012955491020045,0.695932940534364,1.2093128841104,10.6363636363636,10.4545454545455,1.72727272727273
2025-09-22,"same_day_conditional",0.489306554740993,0.281464941343089,0.165976490266657,0.127267212968627,0.126096963936185,0.207841613397903,0.00117024903244196,0.706296122871076,1.14332027069704,10.8181818181818,11.3636363636364,1.72727272727273
2025-09-23,"same_day_conditional",0.383700513224759,0.387257421911714,0.277233658712948,0.130224183027099,0.128077631809734,-0.00355690868695458,0.00214655121736564,1.02813951981695,1.18168684912506,9.63636363636364,11.0909090909091,1.54545454545455
2025-09-24,"same_day_conditional",0.674870955644544,0.594774501842658,0.393674813190359,0.128682116985509,0.12469756056193,0.0800964538018861,0.00398455642357995,0.837985232633668,1.47707704252135,10.5454545454545,10.3636363636364,1.63636363636364
2025-09-25,"same_day_conditional",0.143667425934417,0.134308846137272,0.181528110666524,0.133712048668176,0.129740643553845,0.00935857979714528,0.00397140511433029,1.00442942997101,1.2627837345898,9.54545454545454,10.2727272727273,1.54545454545455
2025-09-26,"same_day_conditional",0.426707349281491,0.453587507235473,0.43682226101757,0.132343290396882,0.130537847509798,-0.0268801579539826,0.00180544288708451,0.871753107963567,1.22003156909192,9.90909090909091,10.7272727272727,1.54545454545455
2025-09-27,"same_day_conditional",0.457550820954768,0.34878198244605,0.349505967190364,0.134183211186671,0.132560360948235,0.108768838508718,0.00162285023843543,0.931544706707554,1.34015802201878,9.81818181818182,9.81818181818182,1.63636363636364
2025-09-28,"same_day_conditional",0.360513618462858,0.573596894092675,0.397001120709878,0.132962546355928,0.1285369546411,-0.213083275629817,0.00442559171482774,0.980442873509227,1.04262578162041,9.81818181818182,10.7272727272727,1.63636363636364
2025-09-29,"same_day_conditional",0.254078694177409,0.316158049682006,0.282365663163745,0.132501339615623,0.130132565154322,-0.0620793555045975,0.00236877446130085,1.17274882835371,1.09502357089532,9.27272727272727,10.2727272727273,1.36363636363636
2025-09-30,"same_day_conditional",0.191591982611836,0.220651585978187,0.308414196790339,0.132392983214488,0.130046510872744,-0.0290596033663507,0.0023464723417447,1.09791232466697,1.1308307926698,9.45454545454546,10.8181818181818,1.81818181818182
2025-10-01,"same_day_conditional",0.104313529868089,0.167520688761502,0.159449073435353,0.132883553546382,0.130340572609947,-0.0632071588934124,0.00254298093643492,1.09677767216894,1.20764924106037,9.27272727272727,10.0909090909091,1.54545454545455
2025-10-02,"same_day_conditional",0.423018861771858,0.354445117676124,0.29892188503658,0.12960353361114,0.127443212440841,0.0685737440957338,0.0021603211702988,1.01891207340893,1.1445148744502,9.45454545454546,9.90909090909091,1.27272727272727
2025-10-03,"same_day_conditional",0.519995844151576,0.460443548152817,0.430399164220487,0.133125967321533,0.130227029961114,0.059552295998759,0.00289893736041894,1.14087089747581,1.41707013382186,9.36363636363636,9.63636363636364,1.54545454545455
2025-10-04,"same_day_conditional",0.468346157045899,0.512254264729411,0.522222852829519,0.1322371570179,0.127660716597029,-0.0439081076835122,0.00457644042087115,0.939558309571056,1.3201774281642,9.72727272727273,9.63636363636364,1.63636363636364
2025-10-05,"same_day_conditional",0.109478567814971,0.106714408731393,0.186861537345453,0.13570170705177,0.13156624866048,0.00276415908357846,0.00413545839128991,1.15861143119912,1.14463291370014,9.36363636363636,10.1818181818182,1.27272727272727
2025-10-06,"same_day_conditional",0.296185935221348,0.258996549009345,0.119542745719875,0.135363758588253,0.131503205802331,0.0371893862120026,0.00386055278592192,1.06171678417182,1.23089681469799,9.45454545454546,10,1.45454545454545
2025-10-07,"same_day_conditional",1.06851699678859,1.13784781973704,1.05886436737318,0.135945141653088,0.131754506183227,-0.0693308229484506,0.00419063546986144,1.1566153862406,1.19731602390594,8.81818181818182,10.5454545454545,1.54545454545455
2025-10-08,"same_day_conditional",0.276949843863277,0.341321372272577,0.288915901917446,0.140101782961744,0.136931547238748,-0.0643715284092997,0.00317023572299563,1.29448982614429,1.14591230315003,8.90909090909091,10.9090909090909,1.63636363636364
2025-10-09,"same_day_conditional",0.232720203639485,0.201668417735889,0.159893311248356,0.140168622107738,0.138655802352819,0.0310517859035955,0.00151281975491905,1.09174686098783,1.04879917033386,9.54545454545454,10.8181818181818,1.72727272727273
2025-10-10,"same_day_conditional",0.169888870648511,0.149685816113866,0.17545462068643,0.139086143758966,0.137998956100434,0.0202030545346446,0.0010871876585327,1.33023282512008,1.27270641054704,9,9.72727272727273,1.54545454545455
2025-10-11,"same_day_conditional",1.35760971489377,1.38416948786207,1.20025819828942,0.138723927754465,0.136715273998027,-0.0265597729683014,0.00200865375643872,1.44284035645234,1.13710329773355,8.54545454545454,10.3636363636364,1.72727272727273
2025-10-12,"same_day_conditional",0.185056347308526,0.273647591958838,0.373313935967822,0.140053321295502,0.136027404336537,-0.0885912446503129,0.00402591695896449,1.37282227857808,1.40910499815803,8.81818181818182,9.90909090909091,1.54545454545455
2025-10-13,"same_day_conditional",0.17621004152664,0.198797687351639,0.169028675152783,0.142297128319393,0.139283638437528,-0.0225876458249986,0.00301348988186544,1.38809123452438,1.37547023814743,9,9.90909090909091,1.45454545454545
2025-10-14,"same_day_conditional",0.536230094340816,0.541782401933844,0.31929364164704,0.143211725089932,0.140515391682659,-0.0055523075930281,0.0026963334072729,1.33569877944482,1.45322371457268,9.18181818181818,10.0909090909091,1.45454545454545
2025-10-15,"same_day_conditional",0.243433528565169,0.222140291761126,0.22070442506795,0.145463691703801,0.144326421596685,0.0212932368040433,0.00113727010711595,1.47293025957743,1.26428811244321,8.72727272727273,10.5454545454545,1.45454545454545
2025-10-16,"same_day_conditional",0.417102666872828,0.452661268743935,0.286710546852877,0.146910623750984,0.145250435115368,-0.0355586018711071,0.00166018863561593,1.46808114354663,1.39154451484797,9.09090909090909,10.0909090909091,1.36363636363636
2025-10-17,"same_day_conditional",0.143509175745508,0.121165912105021,0.135100394501211,0.150633806829733,0.145504617705781,0.0223432636404873,0.00512918912395222,1.54675088591872,1.30290862428223,8.90909090909091,10.3636363636364,1.36363636363636
2025-10-18,"same_day_conditional",1.16766845287268,0.923913595039694,0.409842921188779,0.15417490209815,0.14897631051405,0.243754857832985,0.00519859158410018,1.56110810761319,1.35034505159148,8.09090909090909,10,1.54545454545455
2025-10-19,"same_day_conditional",0.964731811879816,0.622965874375004,0.304531792849982,0.15797766210526,0.151164415124963,0.341765937504811,0.00681324698029713,1.0180431740015,1.32230750353575,10.3636363636364,10.1818181818182,1.45454545454545
2025-10-20,"same_day_conditional",0.235683725697258,0.210363626901059,0.169083850495203,0.163910113111333,0.157318284765386,0.0253200987961989,0.00659182834594657,1.03365059141664,1.30305856343405,9.09090909090909,10,1.18181818181818
2025-10-21,"same_day_conditional",0.166794590094781,0.143863370243639,0.150991685129404,0.163653809350262,0.155932054491343,0.0229312198511418,0.00772175485891861,1.04241563274876,1.25586464296249,9.45454545454546,10.2727272727273,1.45454545454545
2025-10-22,"same_day_conditional",0.164627566742162,0.152301048135027,0.13387442287022,0.15725587573435,0.150852835980773,0.0123265186071351,0.00640303975357683,1.03499053925137,1.11203003088225,9.27272727272727,10.7272727272727,1.45454545454545
2025-10-23,"same_day_conditional",0.953112580082361,1.36006081085022,0.60649906100089,0.156023470668423,0.148782775884768,-0.406948230767854,0.00724069478365482,1.18760631561692,1.47290010810357,9.36363636363636,9.54545454545454,1.18181818181818
2025-10-24,"same_day_conditional",0.307914960307606,0.265933119075143,0.129189579305258,0.157065862678992,0.153476534212622,0.041981841232463,0.00358932846636972,1.20125158259085,1.14838178177049,9.09090909090909,10.3636363636364,1.18181818181818
2025-10-25,"same_day_conditional",0.379930544934288,0.406578789436639,0.180311027496814,0.158123809039844,0.155383729388658,-0.0266482445023514,0.00274007965118612,1.12285630130914,1.17456836834207,9.63636363636364,10,1.09090909090909
2025-10-26,"same_day_conditional",0.166393090740881,0.160880325460584,0.15842093034421,0.153410243940374,0.150163329469353,0.00551276528029672,0.00324691447102067,0.940625933961842,1.09630411216465,9.81818181818182,10.4545454545455,1.09090909090909
2025-10-27,"same_day_conditional",0.236841394071211,0.183400774241661,0.131721703065423,0.155786576206885,0.152342285712488,0.0534406198295502,0.00344429049439646,0.993111645871897,1.0967281931074,9.27272727272727,10.2727272727273,1.18181818181818
2025-10-28,"same_day_conditional",0.13670590952806,0.0956509327093184,0.1375078635328,0.156998022259438,0.152008817888765,0.0410549768187414,0.00498920437067213,1.15289496461907,1.21566046960988,9,10.1818181818182,1.18181818181818
2025-10-29,"same_day_conditional",0.250755086934204,0.315546795147866,0.203299698651464,0.15665758645649,0.151440170054478,-0.064791708213663,0.00521741640201111,1.21088692099282,1.23716022760236,9.81818181818182,10.4545454545455,1.27272727272727
2025-10-30,"same_day_conditional",0.101702102008363,0.177414578745771,0.134388929660095,0.156351459363841,0.151768266411835,-0.075712476737408,0.00458319295200629,1.09475895439673,1.1383778009041,9.54545454545454,10.8181818181818,1.36363636363636
2025-10-31,"same_day_conditional",0.477642579607171,0.426208530087696,0.114986985107726,0.154072172482781,0.14962166615028,0.0514340495194742,0.00445050633250093,0.947695587905869,1.07018551646415,10,10.4545454545455,0.909090909090909
2025-11-01,"same_day_conditional",0.277033260795996,0.376699192224722,0.206389187403792,0.156754478745287,0.152518860306098,-0.0996659314287268,0.00423561843918988,0.958676102175629,1.08915962669876,9.63636363636364,10.1818181818182,0.909090909090909
2025-11-02,"same_day_conditional",0.167126371021868,0.154720585260289,0.156009088435891,0.157459273217264,0.151974047743005,0.0124057857615798,0.00548522547425842,0.919788512280924,0.982311959024083,9.63636363636364,10.5454545454545,1.36363636363636
2025-11-03,"same_day_conditional",0.153695837653946,0.183861540178884,0.141265012241163,0.157465775464887,0.151324676483689,-0.0301657025249389,0.00614109898119876,0.848843853689154,1.14870227624157,9.54545454545454,9.45454545454546,1
2025-11-04,"same_day_conditional",0.297782433261754,0.257900980371554,0.105547693485979,0.158077088864931,0.153836584437353,0.0398814528902001,0.00424050442757809,1.03698589270317,1.28808591087659,9.36363636363636,9.63636363636364,1.09090909090909
2025-11-05,"same_day_conditional",0.203577090234495,0.207118276121029,0.137202339842055,0.159349726439157,0.153614843402808,-0.00354118588653307,0.00573488303634968,0.825865831127752,1.05819637870884,9.72727272727273,10.4545454545455,1.27272727272727
2025-11-06,"same_day_conditional",0.458366609595439,0.599646262837413,0.135105884769345,0.157226016966863,0.151823553134971,-0.141279653241974,0.00540246383189169,0.894873323091172,1.10521279529125,9.63636363636364,10.5454545454545,1.18181818181818
2025-11-07,"same_day_conditional",0.286772610770707,0.304071482123763,0.13968740316821,0.160129686468168,0.154738072124532,-0.0172988713530556,0.00539161434363663,0.924307148910917,1.09212939365886,9.36363636363636,10.0909090909091,1
2025-11-08,"same_day_conditional",0.534850699650687,0.54453082072253,0.251848503092773,0.144911121645825,0.136370067419248,-0.00968012107184222,0.00854105422657694,0.775794181398052,1.09695852776995,10.3636363636364,10,1.36363636363636
2025-11-09,"same_day_conditional",1.13968755815811,0.818871450338712,0.545248266883888,0.145683381119966,0.140142287508555,0.320816107819393,0.00554109361141112,0.887128813210276,1.16790036163959,10,10.1818181818182,1.54545454545455
2025-11-10,"same_day_conditional",0.375777715645807,0.312989230688235,0.398911343743133,0.149932144914257,0.144316915749381,0.0627884849575721,0.00561522916487628,0.93809701731661,1.04325965391585,9.63636363636364,10.7272727272727,1.81818181818182
2025-11-11,"same_day_conditional",0.289510524496964,0.270998354341941,0.127527104458617,0.149169736602941,0.143597978920654,0.0185121701550227,0.005571757682287,0.89111189558237,1.27407850113325,10.4545454545455,9.72727272727273,1.72727272727273
2025-11-12,"same_day_conditional",1.20492619013881,1.83028427152226,0.60338051634763,0.148854359967568,0.1412095335635,-0.625358081383452,0.00764482640406788,0.87891055947116,1.02676165992136,9.81818181818182,10.9090909090909,1.54545454545455
2025-11-13,"same_day_conditional",0.102483652623334,0.174189847336998,0.169111916946432,0.144557074382864,0.135676676763235,-0.0717061947136646,0.00888039761962892,0.779936021016886,0.947782394414168,9.72727272727273,10.7272727272727,1.54545454545455
2025-11-14,"same_day_conditional",0.313436597671643,0.274676379084441,0.295087504647568,0.142256041945309,0.135943765118812,0.038760218587202,0.00631227682649726,0.823626370971698,0.908742750898863,10.1818181818182,11.1818181818182,1.18181818181818
2025-11-15,"same_day_conditional",0.881577778279586,0.991854382790272,0.765104044300662,0.140997541424704,0.135095383764568,-0.110276604510687,0.00590215766013594,0.713186804665075,0.83846229715369,10.8181818181818,11.7272727272727,1.45454545454545
2025-11-16,"same_day_conditional",0.5144249997093,0.349093553308957,0.588906994794264,0.137706306266087,0.130050468669698,0.165331446400343,0.00765583759638871,0.77543391566172,1.09763214185925,10.8181818181818,11.1818181818182,1.63636363636364
2025-11-17,"same_day_conditional",0.160621034603994,0.152655890773998,0.464570650187088,0.137755426165913,0.12903780631634,0.00796514382999562,0.00871761984957277,0.871741073047383,1.19768293187253,10.5454545454545,11,1.36363636363636
2025-11-18,"same_day_conditional",2.56126600180429,1.95945199545415,1.62507905067684,0.136137597470713,0.127880601868079,0.601814006350135,0.00825699560263351,0.987212784031413,1.36351148006875,10.0909090909091,10.5454545454545,1.27272727272727
2025-11-19,"same_day_conditional",1.1073823853343,1.13140928839004,1.15013209746708,0.14573072566147,0.13716157491494,-0.0240269030557417,0.0085691507465302,1.207684048994,1.52419331690131,9.72727272727273,9.81818181818182,1.36363636363636
2025-11-20,"same_day_conditional",11.7691596288527,10.8651854333118,7.55246623556502,0.147546333824252,0.141441399412841,0.903974195540919,0.00610493441141063,1.14217978210356,1.55002334847655,9.45454545454546,9.54545454545454,1.45454545454545
2025-11-21,"same_day_conditional",0.423286160151129,0.305434844502359,0.244403173290113,0.230106155304401,0.22007939437918,0.11785131564877,0.010026760925221,1.37023628261535,1.74652492652833,9.63636363636364,9.27272727272727,1.45454545454545
2025-11-22,"same_day_conditional",0.758351562197633,0.621356417021055,0.282381922592064,0.226379394204433,0.223269736226035,0.136995145176578,0.00310965797839773,1.32179188255255,1.8943314383512,9.18181818181818,8.90909090909091,1.45454545454545
2025-11-23,"same_day_conditional",0.129725108238666,0.124447199915941,0.25517644782858,0.226225119674621,0.220627678587906,0.00527790832272574,0.00559744108671515,1.30160064967644,1.76678994329696,8.54545454545454,9.45454545454546,1.54545454545455
2025-11-24,"same_day_conditional",0.130246587272977,0.112563212916026,0.24544465872496,0.210358350320213,0.208823431054989,0.0176833743569503,0.00153491926522403,1.29216768069524,1.62435289317473,8.54545454545454,9.63636363636364,1.54545454545455
2025-11-25,"same_day_conditional",0.697078416116458,1.03670202222836,0.840065675996899,0.208547466647559,0.205462644052351,-0.339623606111906,0.00308482259520716,1.16865956137248,1.5413002471211,9.54545454545454,10,1.81818181818182
2025-11-26,"same_day_conditional",7.35395457844566,8.05891848948958,7.70133369887704,0.203489692643568,0.202080976148331,-0.70496391104392,0.00140871649523695,1.24599646254197,1.65380392211499,9.27272727272727,9.45454545454546,1.63636363636364
2025-11-27,"same_day_conditional",0.874955329874783,0.701991898416642,0.330754316004868,0.22219426285284,0.217801297687845,0.172963431458141,0.00439296516499544,1.28615491363072,1.75303368117644,9.36363636363636,9.45454545454546,1.27272727272727
2025-11-28,"same_day_conditional",0.500218367866365,0.593975134719065,0.409631746971394,0.220347795167398,0.220861096518828,-0.0937567668526997,-0.000513301351429688,1.01536379182578,1.55951179613977,9.36363636363636,10,1.36363636363636
2025-11-29,"same_day_conditional",0.319432157012394,0.498417356726942,0.280474274376296,0.265627648492872,0.236001274738094,-0.178985199714548,0.0296263737547779,1.10185312818513,1.53847198828525,9.54545454545454,10.1818181818182,1.63636363636364
2025-11-30,"same_day_conditional",0.471819579189478,0.523978362852097,0.148555433222915,0.264740124017209,0.248089070317062,-0.0521587836626198,0.0166510537001475,1.35365033498532,1.49652888444021,9.09090909090909,9.72727272727273,1.36363636363636
2025-12-01,"same_day_conditional",0.266850518941462,0.360310040294542,0.151476117939167,0.217457311045317,0.221741090368566,-0.093459521353081,-0.00428377932324883,1.18049671784631,1.45315199226412,9,9.81818181818182,1.45454545454545
2025-12-02,"same_day_conditional",0.276425001040239,0.166976709593926,0.113798769415402,0.203593473203305,0.250068137186015,0.109448291446313,-0.0464746639827105,1.08648612289118,1.59859975056203,9.09090909090909,9.63636363636364,1.54545454545455
2025-12-03,"same_day_conditional",0.239173954305084,0.126777260556189,0.138746800420756,0.200068437662594,0.240940115306017,0.112396693748895,-0.0408716776434237,1.11167296408174,1.41540422298304,9.27272727272727,9.81818181818182,1.63636363636364
2025-12-04,"same_day_conditional",0.37485219353093,0.205787643716513,0.136612136451467,0.195543968084446,0.234923214867488,0.169064549814416,-0.0393792467830428,1.17546860419612,1.52969239177579,9,9.90909090909091,1.45454545454545
2025-12-05,"same_day_conditional",0.117995930075322,0.109399773837184,0.115623111011212,0.23371752673775,0.233166261792371,0.00859615623813813,0.000551264945378865,1.1484019536317,1.48742656024008,8.81818181818182,9.90909090909091,1.45454545454545
2025-12-06,"same_day_conditional",0.258682872076652,0.100835053830379,0.0961835318570899,0.198994028900905,0.229198099696918,0.157847818246273,-0.0302040707960124,1.18974608494881,1.30737223023539,9.18181818181818,10.4545454545455,1.45454545454545
2025-12-07,"same_day_conditional",0.197796713392788,0.100411117999368,0.0948470486398787,0.19272767315795,0.221429984164628,0.0973855953934195,-0.0287023110066783,1.10005181997828,1.25494443083223,9.18181818181818,10.3636363636364,1.72727272727273
2025-12-08,"same_day_conditional",0.180826128350595,0.107684452369116,0.109213994753864,0.192019719268209,0.214833897110025,0.073141675981479,-0.0228141778418159,1.10961595239149,1.27491432385413,9.18181818181818,11,1.90909090909091
2025-12-09,"same_day_conditional",0.156763256501439,0.158319570652923,0.123893269887432,0.216519430929602,0.216491104855012,-0.00155631415148396,0.0000283260745903121,1.31385892631815,1.39943041907019,9.36363636363636,9.90909090909091,1.72727272727273
2025-12-10,"same_day_conditional",0.116941927400666,0.245353117854789,0.111581511015719,0.223290541595539,0.222350816797466,-0.128411190454122,0.000939724798073618,1.47549043574245,1.67009200571044,8.45454545454546,9.54545454545454,1.63636363636364
2025-12-11,"same_day_conditional",1.11733739459657,0.989787567715927,1.04051332073548,0.224299868374504,0.218352677657988,0.127549826880646,0.00594719071651674,1.18428212622994,1.77705618601307,9.36363636363636,9.18181818181818,1.45454545454545
2025-12-12,"same_day_conditional",0.569235974865192,0.521432758635398,0.0928633711360902,0.228385576184369,0.218425215776658,0.0478032162297944,0.00996036040771049,1.11458232205051,1.64218066457164,10.1818181818182,9.72727272727273,1.36363636363636
2025-12-13,"same_day_conditional",0.145787326136345,0.155520640741556,0.084251767193813,0.225120749785949,0.221392694714301,-0.0097333146052109,0.00372805507164822,1.41984422953371,1.92584140218245,8.63636363636364,9.90909090909091,1.63636363636364
2025-12-14,"same_day_conditional",0.122225797388871,0.145709892176106,0.0887554048978428,0.216441724344321,0.203945574367721,-0.0234840947872358,0.0124961499766003,1.15904469355245,1.34547396316036,9,9.90909090909091,1.54545454545455
2025-12-15,"same_day_conditional",0.200367780350077,0.30310418041006,0.114831672006673,0.214351015019195,0.196356349607372,-0.102736400059983,0.017994665411823,1.30035715088675,1.41861092130421,8.72727272727273,10.1818181818182,1.54545454545455
2025-12-16,"same_day_conditional",0.317822378474147,0.316986633539706,0.274959343825644,0.215048062483466,0.202787841334352,0.000835744934440592,0.0122602211491135,1.30513228538057,1.56402639961031,9.81818181818182,10.2727272727273,1.45454545454545
2025-12-17,"same_day_conditional",0.283589966980174,0.185996664663119,0.0940921198871819,0.211964562703969,0.206613221665586,0.0975933023170545,0.00535134103838352,1.36080821169938,1.57777799464698,9.63636363636364,10.0909090909091,1.63636363636364
2025-12-18,"same_day_conditional",0.522222017769771,0.26146451495959,0.166539850913248,0.193287254482491,0.220695365628804,0.260757502810182,-0.0274081111463133,1.13227446425654,1.68092397559639,9.63636363636364,9.90909090909091,1.63636363636364
2025-12-19,"same_day_conditional",0.475462325729964,0.396187837146601,0.150877282745049,0.211202113843776,0.22594198641922,0.0792744885833626,-0.0147398725754436,1.16656182793134,1.67686391621668,10,10.6363636363636,1.63636363636364
2025-12-20,"same_day_conditional",0.364563419116236,0.430751823625004,0.147488742201375,0.196700483220934,0.199865022809563,-0.066188404508768,-0.00316453958862893,1.14081729859905,1.65700010837496,10,10,1.45454545454545
2025-12-21,"same_day_conditional",0.182202531633498,0.17822264334098,0.143417622363644,0.225989031240309,0.226439403231297,0.00397988829251808,-0.000450371990987242,1.20969573533931,1.36795317644089,9.54545454545454,10.4545454545455,1.54545454545455
2025-12-22,"same_day_conditional",3.17241536701072,3.05449787286997,2.93598095762883,0.221685048482735,0.214636713925696,0.117917494140749,0.00704833455703943,1.28729653603985,1.97014485253342,9.63636363636364,11,1.54545454545455
2025-12-23,"same_day_conditional",0.188260816963866,0.194204777360519,0.118654171361456,0.252643524830173,0.257180431778889,-0.00594396039665229,-0.00453690694871596,1.02392463390445,1.73864348868673,10.1818181818182,9.72727272727273,1.45454545454545
2025-12-24,"same_day_conditional",0.254815908803995,0.229223888477385,0.081400834985074,0.253661617272058,0.255423547376503,0.02559202032661,-0.00176193010444521,1.39363989643233,1.92632345035493,9.63636363636364,9.72727272727273,1.36363636363636
2025-12-25,"same_day_conditional",0.127218581961813,0.0904309112964999,0.0725488286518843,0.255098191049108,0.258190138320825,0.0367876706653133,-0.00309194727171706,1.1449640531316,1.53101942858758,9.90909090909091,9.72727272727273,1.27272727272727
2025-12-26,"same_day_conditional",0.202755101392486,0.139675231279718,0.0768785461580086,0.245341455602742,0.25869759173888,0.063079870112768,-0.0133561361361381,1.26988463055228,1.44599712613923,9.81818181818182,10.5454545454545,1.45454545454545
2025-12-27,"same_day_conditional",0.120279275704297,0.101488137525438,0.11032419423434,0.249821974980276,0.260280107261203,0.0187911381788588,-0.0104581322809277,1.30674154865727,1.54219433425877,9.18181818181818,10.0909090909091,1.63636363636364
2025-12-28,"same_day_conditional",0.55500187431844,0.135844527006333,0.0952915196629923,0.253333807145366,0.258478063060979,0.419157347312107,-0.00514425591561222,1.44632389188894,1.53609631576254,9.09090909090909,10.4545454545455,1.72727272727273
2025-12-29,"same_day_conditional",0.0977211974192405,0.0851200971703569,0.082422142937952,0.255256787508423,0.260314750407224,0.0126011002488836,-0.00505796289880075,1.37424187705735,1.55755013266676,9.54545454545454,10.2727272727273,1.63636363636364
2025-12-30,"same_day_conditional",0.326802111596317,0.441529148121045,0.212435000872182,0.274841118258765,0.273040505805632,-0.114727036524727,0.00180061245313219,1.28729512394205,1.51344354178999,9.54545454545454,10.9090909090909,1.72727272727273
2025-12-31,"same_day_conditional",0.296631648389803,0.334975865041493,0.275761936184853,0.278903513685123,0.276679979898379,-0.0383442166516905,0.00222353378674316,1.24507740486966,1.31582404634446,9.45454545454546,11.0909090909091,1.72727272727273
2026-01-01,"same_day_conditional",0.345067000727751,0.311620348163281,0.542210269927144,0.273308234661318,0.276730687564079,0.0334466525644702,-0.00342245290276095,1.24814976637375,1.40266788765252,9.72727272727273,10.7272727272727,1.81818181818182
2026-01-02,"same_day_conditional",0.435843863077312,0.303867137740205,0.309225326530317,0.269539945360746,0.270582704559089,0.131976725337107,-0.00104275919834312,0.879118196356083,1.72615845385572,10.2727272727273,9.18181818181818,1.36363636363636
2026-01-03,"same_day_conditional",0.300863764276415,0.254763185353924,0.227974480434802,0.259360317030389,0.272431894416955,0.0461005789224915,-0.0130715773865664,1.23257199719155,1.46919557923777,9.18181818181818,10.0909090909091,1.81818181818182
2026-01-04,"same_day_conditional",0.237638536151917,0.254129110063189,0.188852864065264,0.275412356448412,0.275131865681436,-0.0164905739112722,0.000280490766976015,1.05793941496173,1.83164139196902,9.54545454545454,10.1818181818182,1.90909090909091
2026-01-05,"same_day_conditional",0.178569644269746,0.25571314386534,0.128551637275364,0.274560265596659,0.275289407800512,-0.0771434995955947,-0.000729142203853179,1.11614255506051,1.34550217995929,9.36363636363636,10.1818181818182,1.72727272727273
2026-01-06,"same_day_conditional",0.173688766970261,0.263511587838098,0.110618672215938,0.264125039073929,0.266438183368869,-0.0898228208678363,-0.00231314429493987,1.01337479082968,1.4380440294156,10.1818181818182,10.9090909090909,1.81818181818182
2026-01-07,"same_day_conditional",0.0891901990310652,0.110594109312782,0.0947283954983587,0.264852603388616,0.269829168013928,-0.0214039102817167,-0.00497656462531225,1.88766570142679,2.28455545665255,9.45454545454546,9.45454545454546,1.81818181818182
2026-01-08,"same_day_conditional",0.105149096067404,0.121644189356237,0.0954414038816388,0.261363130318889,0.260238791010771,-0.0164950932888328,0.00112433930811856,1.91330327199971,2.24721077523189,9.27272727272727,9.63636363636364,1.63636363636364
2026-01-09,"same_day_conditional",0.122932359891443,0.089363878543393,0.09021920838669,0.26161907951856,0.25858523382548,0.0335684813480499,0.00303384569308042,1.78178682738032,2.0613831547121,9.18181818181818,10.0909090909091,1.45454545454545
2026-01-10,"same_day_conditional",0.354655530780144,0.344154831606831,0.438572453496525,0.264584535450531,0.266839747463235,0.010500699173313,-0.00225521201270442,1.72602065684748,2.28607741417992,9.72727272727273,9.18181818181818,1.45454545454545
2026-01-11,"same_day_conditional",0.407047235458228,0.459438868506553,0.413350611435403,0.268133673238925,0.266774108928213,-0.0523916330483249,0.00135956431071203,1.95324726824914,2.2843088366807,8.72727272727273,8.72727272727273,1.09090909090909
2026-01-12,"same_day_conditional",0.144228912459235,0.125923695045406,0.157912814154018,0.261905605702728,0.26212720198953,0.018305217413829,-0.000221596286802186,1.72891114249728,2.10853328608796,9.27272727272727,9,1.09090909090909
2026-01-13,"same_day_conditional",0.175024206338345,0.218022468979384,0.18335897002215,0.261064641830624,0.261233813856206,-0.0429982626410387,-0.000169172025581596,2.01300417377354,2.26239877670215,8.45454545454546,8.72727272727273,0.818181818181818
2026-01-14,"same_day_conditional",0.2082615802996,0.213916089548007,0.228310536815454,0.263522466396822,0.262688664282874,-0.00565450924840651,0.000833802113947354,1.87639595160253,2.18507172640438,9.27272727272727,9.27272727272727,1.18181818181818
2026-01-15,"same_day_conditional",0.61348166079191,0.543068010196213,0.148823647686111,0.263494610268741,0.26374225048943,0.0704136505956973,-0.000247640220689581,1.7767367700225,1.90077392543088,9.18181818181818,9.45454545454546,0.909090909090909
2026-01-16,"same_day_conditional",0.128070618808986,0.141474685806492,0.149390805163313,0.26119391414582,0.26550262296539,-0.0134040669975057,-0.00430870881956982,1.79126059040054,2.21808869196002,9.27272727272727,8.81818181818182,1.36363636363636
2026-01-17,"same_day_conditional",3.29180528614397,3.40216214681767,0.203986743555308,0.26157928940289,0.263411121310363,-0.110356860673699,-0.00183183190747358,1.76579922808353,1.95791341857673,8.63636363636364,9.18181818181818,1.09090909090909
2026-01-18,"same_day_conditional",0.119964711147073,0.0967758664031648,0.130309752019408,0.24211118653583,0.238341213938004,0.0231888447439079,0.00376997259782535,1.86060359094856,2.04883676538428,8.45454545454546,9.18181818181818,1.18181818181818
2026-01-19,"same_day_conditional",0.119562478890777,0.116223292536024,0.126086260633783,0.264082042166868,0.263384611617471,0.0033391863547527,0.000697430549396967,2.04938260730038,2.13439059751089,8.36363636363636,8.45454545454546,1
2026-01-20,"same_day_conditional",0.924733377589044,0.0573564869140215,0.139203984763213,0.259565597910354,0.261312560153915,0.867376890675022,-0.00174696224356112,1.95741967919231,2.3011599843492,8.45454545454546,8.72727272727273,1.27272727272727
2026-01-21,"same_day_conditional",2.96088859791965,4.04993030713809,0.987407668525297,0.256972487364067,0.251502096311612,-1.08904170921844,0.00547039105245418,1.74318990853175,2.18506736542738,8.81818181818182,8.81818181818182,1.27272727272727
2026-01-22,"same_day_conditional",0.2593766983439,0.222840929723387,0.139849264732725,0.269274116924123,0.266078669707041,0.0365357686205128,0.0031954472170818,3.63727980838665,3.24657006222864,8.27272727272727,9.45454545454546,1.27272727272727
2026-01-23,"same_day_conditional",0.190375075026155,0.196966559803916,0.12022960378508,0.265066022902606,0.261212361913246,-0.00659148477776152,0.00385366098935963,3.25811182051,3.3812089735364,8.36363636363636,9.27272727272727,1.27272727272727
2026-01-24,"same_day_conditional",0.172722378989853,0.161524629532581,0.171826973639899,0.266751241396783,0.263051185339,0.0111977494572725,0.00370005605778248,3.39871822719825,3.44311557355091,8.27272727272727,9.18181818181818,1.45454545454545
2026-01-25,"same_day_conditional",0.225205770165375,0.259783934984996,0.244823959757542,0.264602260905835,0.261233558777939,-0.034578164819621,0.00336870212789639,1.31406829658069,1.46303529419709,8.81818181818182,9.36363636363636,1.36363636363636
2026-01-26,"same_day_conditional",0.239268894316747,0.277808753508796,0.136637400465452,0.266484955228389,0.262114538717505,-0.0385398591920488,0.00437041651088465,1.3399554566765,1.45647561601276,8.63636363636364,9.09090909090909,1
2026-01-27,"same_day_conditional",0.671161291426927,0.890330511588888,0.137607596280137,0.260020244407708,0.256026012168486,-0.219169220161961,0.00399423223922213,1.39901470878336,1.52049942098985,8.81818181818182,9.72727272727273,1.27272727272727
2026-01-28,"same_day_conditional",0.406908045062822,0.39336044130754,0.249841039888894,0.259274270835477,0.254817178031692,0.0135476037552812,0.0044570928037848,1.55675993295804,1.75687916923505,8.18181818181818,8.72727272727273,1.09090909090909
2026-01-29,"same_day_conditional",0.215694718021263,0.209806820016396,0.158703367962651,0.255797389470393,0.253654886318236,0.00588789800486743,0.00214250315215642,2.10125062897048,2.03841980500712,7.54545454545455,8.81818181818182,0.909090909090909
2026-01-30,"same_day_conditional",0.308784857041727,0.28196047649826,0.313001404316758,0.254839378672546,0.253216831896016,0.0268243805434669,0.00162254677652957,1.76107415558606,1.73287686798417,7.27272727272727,8.45454545454546,1.18181818181818
2026-01-31,"same_day_conditional",0.363058946746344,0.480430195711474,0.502000767364378,0.257079028338831,0.25398564350775,-0.11737124896513,0.00309338483108087,1.71841927245311,1.59214548993672,8.36363636363636,9.27272727272727,1.18181818181818
2026-02-01,"same_day_conditional",0.732712550668666,1.11473135033353,0.578396884412173,0.258337404572396,0.257900587209035,-0.382018799664861,0.000436817363361297,1.51965956741235,1.74029641046902,8.54545454545454,8.72727272727273,1.09090909090909
2026-02-02,"same_day_conditional",0.197731986684083,0.194335058040717,0.207424833532409,0.25275183856186,0.253581433935432,0.00339692864336638,-0.000829595373572064,1.8716635956017,2.00463596598194,8,8.09090909090909,0.909090909090909
2026-02-03,"same_day_conditional",0.251443341131647,0.161639398770351,0.159821426075155,0.252310251276825,0.252677724205302,0.0898039423612959,-0.000367472928476712,1.51842250568144,2.0074460090547,8.72727272727273,8.36363636363636,0.909090909090909
2026-02-04,"same_day_conditional",0.111051895662591,0.10029476616846,0.150853962075585,0.254394537542489,0.253043476251367,0.0107571294941305,0.00135106129112214,1.49976974697357,1.93750828720901,8.63636363636364,8.27272727272727,1.27272727272727
2026-02-05,"same_day_conditional",0.276172316151353,0.410145734643404,0.216153417717855,0.252265778598953,0.248896047437999,-0.133973418492051,0.00336973116095454,1.59943243959347,1.57825875130001,8.36363636363636,9.27272727272727,1.36363636363636
2026-02-06,"same_day_conditional",1.51380151739808,1.3559243146873,1.24216935941476,0.255966588170237,0.251429631661175,0.157877202710781,0.00453695650906236,1.72863858753062,1.99350742554142,8.45454545454546,8.36363636363636,1.18181818181818
2026-02-07,"same_day_conditional",0.432654489812873,0.438036732356489,0.239578019527407,0.259952223117866,0.258443695602339,-0.00538224254361524,0.00150852751552706,1.76198014854823,2.31949120970905,8.54545454545454,7.36363636363636,1
2026-02-08,"same_day_conditional",0.192639649814325,0.203434520506631,0.202063679237887,0.259609027244381,0.257592716637387,-0.0107948706923055,0.00201631060699357,1.45264950379262,1.85927668795985,8.63636363636364,7.81818181818182,1.27272727272727
2026-02-09,"same_day_conditional",0.157031226962825,1.42373751700966,0.165301005474141,0.258968411600197,0.242506420855251,-1.26670629004683,0.0164619907449454,1.50090017819165,1.67584356711987,8.81818181818182,8.90909090909091,1.36363636363636
2026-02-10,"same_day_conditional",0.290180155078587,0.172196322137511,0.161434450892584,0.263124591936892,0.258811478116697,0.117983832941076,0.00431311382019524,1.50520222321489,1.88758168995303,9,8.45454545454546,1.36363636363636
2026-02-11,"same_day_conditional",0.180458945857816,0.183281271173281,0.159228565313497,0.268636283309423,0.258630847344213,-0.00282232531546504,0.0100054359652101,1.66908345692423,1.39449441804767,8.18181818181818,9.36363636363636,1.54545454545455
2026-02-12,"same_day_conditional",0.148221570381297,0.138835200517759,0.214631778557235,0.268005166836817,0.262057471704475,0.00938636986353791,0.00594769513234263,1.33410301730999,1.84598920127798,9.09090909090909,9,1.36363636363636
2026-02-13,"same_day_conditional",1.84029493042912,1.09107818956289,0.167426947080253,0.262212586681123,0.256519652864281,0.749216740866233,0.00569293381684224,1.15162154735973,1.5047655283596,9.54545454545454,9.27272727272727,1.45454545454545
2026-02-14,"same_day_conditional",0.167563194839629,0.194698114207363,0.177119809772104,0.255642234104456,0.248482860312581,-0.0271349193677341,0.007159373791875,1.57665223353353,1.93153257315675,8.27272727272727,8.63636363636364,1.27272727272727
2026-02-15,"same_day_conditional",0.133270886354205,0.17236856153974,0.168651460101069,0.244027816519842,0.241545467907872,-0.0390976751855349,0.00248234861197017,1.57824267070483,2.1401548580369,8.63636363636364,8.63636363636364,1.45454545454545
2026-02-16,"same_day_conditional",0.109919994881182,0.110365675774088,0.167594819381157,0.239424800704182,0.233143949664404,-0.000445680892906525,0.00628085103977791,1.65170067186923,1.50593243067808,8.81818181818182,9.45454545454546,1.54545454545455
2026-02-17,"same_day_conditional",0.439151113612649,0.434192394222286,0.151085226369625,0.237766732182491,0.233922640237546,0.0049587193903629,0.00384409194494526,1.3843439721251,1.52940701835427,9,9.36363636363636,1.63636363636364
2026-02-18,"same_day_conditional",0.176492140868475,0.226461197318957,0.162424953197483,0.231624679138232,0.216066581954293,-0.0499690564504815,0.0155580971839391,2.18209173380663,1.71029462435312,8.18181818181818,9.54545454545454,1.45454545454545
2026-02-19,"same_day_conditional",0.131600999631869,0.167304133776999,0.17198167590062,0.187480828600257,0.185677716466637,-0.0357031341451301,0.00180311213362049,1.46429487833009,2.03082402265305,9.09090909090909,8.45454545454546,1.36363636363636
2026-02-20,"same_day_conditional",0.145954686264262,0.131266019177007,0.214363030196781,0.187125145455601,0.184689293109656,0.0146886670872543,0.00243585234594463,1.6772205885327,2.06918793568953,7.45454545454545,7.90909090909091,1.18181818181818
2026-02-21,"same_day_conditional",0.261460138741142,0.220983720377748,0.244503232231335,0.191332728190628,0.18677076054204,0.0404764183633941,0.00456196764858882,1.79703191483107,2.00888292175164,7.90909090909091,8,1.45454545454545
2026-02-22,"same_day_conditional",0.18668601292299,0.161321138858558,0.179739069519287,0.187711071874766,0.186531981036859,0.0253648740644317,0.001179090837907,1.60879299215481,2.10739406521678,8.27272727272727,8.72727272727273,1.36363636363636
2026-02-23,"same_day_conditional",0.136927066613492,0.107194146470642,0.180183114354506,0.19330981407834,0.190846028231966,0.0297329201428505,0.00246378584637412,1.52120963596588,2.00478491416033,8.45454545454546,8.36363636363636,1.54545454545455
2026-02-24,"same_day_conditional",0.12912534152757,0.142560978026658,0.143191598381715,0.176691940786117,0.173572821893631,-0.013435636499088,0.00311911889248605,1.68792396223254,2.05265767002757,8.63636363636364,8.63636363636364,1.27272727272727
2026-02-25,"same_day_conditional",0.899489082964674,1.05803099914302,0.278844258450224,0.131137619804575,0.125811959024122,-0.158541916178349,0.00532566078045304,1.28577418536454,1.35938663690419,9.54545454545454,10.4545454545455,1.27272727272727
2026-02-26,"same_day_conditional",0.103207599563377,0.125108165238535,0.171980497168182,0.132722920688428,0.130946413795371,-0.0219005656751582,0.00177650689305604,1.1645196813418,1.65819392571381,8.63636363636364,9.27272727272727,1.36363636363636
2026-02-27,"same_day_conditional",0.190751767989421,0.157312925892692,0.16033915482956,0.134563472220202,0.129424881076068,0.033438842096729,0.00513859114413447,1.18166113195138,1.34348136345143,9,11,1.63636363636364
2026-02-28,"same_day_conditional",0.440427804587997,0.561705301737221,0.264907828212825,0.134028906235626,0.129970277366833,-0.121277497149224,0.00405862886879382,1.08992642941881,1.51919228548472,9.81818181818182,10.0909090909091,1.63636363636364
2026-03-01,"same_day_conditional",0.132541589306772,0.117822844370017,0.184945657928234,0.134209041289874,0.131022576682994,0.014718744936755,0.00318646460688074,1.11556525512183,1.70808049950239,9.54545454545454,9.36363636363636,1.36363636363636
2026-03-02,"same_day_conditional",0.183218595841546,0.22601397328191,0.1600856410747,0.134642157633944,0.132726131638062,-0.042795377440364,0.00191602599588121,1.02373737264789,1.70998308985686,10.0909090909091,10.0909090909091,1.54545454545455
2026-03-03,"same_day_conditional",0.339510399337426,0.342462082545131,0.268783650770265,0.134036645038742,0.129410894698942,-0.00295168320770521,0.00462575033979992,1.19668068374775,1.55732311283204,10.0909090909091,10.9090909090909,1.54545454545455
2026-03-04,"same_day_conditional",0.0994758939021594,0.0917105197188533,0.148564008107796,0.128603665522057,0.126203801323215,0.00776537418330612,0.00239986419884161,1.21481430350356,1.56545980674253,9.81818181818182,10.0909090909091,1.54545454545455
2026-03-05,"same_day_conditional",0.338068508406754,0.391092682500664,0.134948231467813,0.130760801529853,0.125545717762677,-0.0530241740939105,0.00521508376717551,1.47704572346009,1.55963017435291,9.63636363636364,10.5454545454545,1.36363636363636
2026-03-06,"same_day_conditional",0.102287479290277,0.103498979471994,0.161893721579069,0.128214950729821,0.123564884482884,-0.00121150018171615,0.00465006624693677,1.1763338292147,1.4444781843783,9.81818181818182,10.2727272727273,1.63636363636364
2026-03-07,"same_day_conditional",0.730187343820854,0.718611172805006,0.633916383240617,0.124482509238954,0.121330527241627,0.0115761710158477,0.00315198199732701,1.34717790819873,1.5708649943992,9.72727272727273,10.0909090909091,1.54545454545455
2026-03-08,"same_day_conditional",0.10059150271147,0.0957617705074505,0.157488351731121,0.127649434329794,0.123612140171146,0.00482973220401903,0.00403729415864787,1.19976924213535,1.43895353254685,10.0909090909091,10.4545454545455,2
2026-03-09,"same_day_conditional",0.0945994086222249,0.087173267629019,0.149648581048135,0.125448691762911,0.122651987573798,0.00742614099320588,0.00279670418911314,1.35453497178824,1.57363240360674,9.72727272727273,9.63636363636364,1.54545454545455
2026-03-10,"same_day_conditional",0.437269741710916,0.333470584917586,0.148164386707423,0.125949438347956,0.120040850432102,0.10379915679333,0.00590858791585433,1.2474883678638,1.55495638956859,9.63636363636364,9.90909090909091,1.63636363636364
2026-03-11,"same_day_conditional",0.105014451981111,0.19458465043368,0.138479537460763,0.12372574628346,0.121116869864715,-0.089570198452569,0.00260887641874431,1.22174000780369,1.49688834342881,9.45454545454546,10.0909090909091,1.81818181818182
2026-03-12,"same_day_conditional",0.143225035039316,0.482874098675087,0.140580919722511,0.115276807252286,0.111498996162481,-0.339649063635771,0.00377781108980589,1.37546646284227,1.59639961289185,8.90909090909091,9.54545454545454,1.54545454545455
2026-03-13,"same_day_conditional",0.199006069572677,0.211039051832573,0.128641497643615,0.118783024977576,0.113580802768243,-0.0120329822598963,0.00520222220933285,1.53410835055042,1.81226663484715,8.45454545454546,9.54545454545454,1.36363636363636
2026-03-14,"same_day_conditional",0.0775937863068933,0.069801034258284,0.133897165451159,0.118085310985276,0.113309157492409,0.00779275204860927,0.00477615349286705,1.46679884033827,1.672061071898,9.09090909090909,10.0909090909091,1.45454545454545
2026-03-15,"same_day_conditional",0.150351802518324,0.154001333837127,0.171276823602751,0.120553460018102,0.114779053697031,-0.00364953131880325,0.00577440632107096,1.47177445527975,1.71724103289009,8.81818181818182,9.72727272727273,1.54545454545455
2026-03-16,"same_day_conditional",0.172750846831335,0.104920580715187,0.178516055335368,0.119721835643403,0.113108000710102,0.0678302661161483,0.00661383493330105,1.28778203380128,1.71931792094118,8.90909090909091,9.81818181818182,1.27272727272727
2026-03-17,"same_day_conditional",0.133399038139322,0.441797835680174,0.205211761708481,0.118896660545487,0.114574205305656,-0.308398797540852,0.00432245523983132,1.32792690316089,1.77382486440363,9.27272727272727,9.72727272727273,1.36363636363636
2026-03-18,"same_day_conditional",0.124450188046581,0.243456171939693,0.222215476076155,0.11710350925487,0.109876014072337,-0.119005983893112,0.0072274951825336,1.2007719954787,1.74163118725714,9.36363636363636,10,1.54545454545455
2026-03-19,"same_day_conditional",0.265735164613699,0.264148944969872,0.137775487753317,0.117046729685336,0.11293228140929,0.00158621964382724,0.0041144482760459,1.28540445052715,1.57561665439949,8.81818181818182,9.54545454545454,1.63636363636364
2026-03-20,"same_day_conditional",0.131743192926897,0.473848468641496,0.111499884400172,0.12096239077328,0.115937712265146,-0.342105275714599,0.00502467850813375,1.291996986551,1.65028083803333,9,9.54545454545454,1.72727272727273
2026-03-21,"same_day_conditional",0.128787448730398,0.163847954608787,0.121611989386683,0.12137178598681,0.117395631978502,-0.0350605058783889,0.00397615400830864,1.26343242293709,1.43581092993865,9,9.90909090909091,1.81818181818182
2026-03-22,"same_day_conditional",0.315082654698416,0.429189746481432,0.108370876533995,0.120143515735623,0.117789877034165,-0.114107091783016,0.00235363870145758,1.22094750417228,1.61038963099988,8.90909090909091,9.45454545454546,1.54545454545455
2026-03-23,"same_day_conditional",0.269453043866988,0.23228199593786,0.12268057167415,0.0991083669263552,0.0965924775901519,0.0371710479291273,0.00251588933620334,1.37314267893841,1.45731420162069,9.09090909090909,10.4545454545455,1.90909090909091
2026-03-24,"same_day_conditional",0.124189368276888,0.0761047122456746,0.124584530716622,0.101977858069528,0.100268861708841,0.0480846560312136,0.00170899636068711,1.31929686473486,1.66450970153357,8.72727272727273,9.36363636363636,1.63636363636364
2026-03-25,"same_day_conditional",0.2603984029718,0.180126307901865,0.152244849329773,0.102105419499511,0.0970575858541793,0.0802720950699351,0.00504783364533192,1.07801365178499,1.46619453624824,9.36363636363636,9.63636363636364,1.72727272727273
2026-03-26,"same_day_conditional",0.0899622416287062,0.096566800922591,0.154050218080896,0.103007841004794,0.0960837526840879,-0.00660455929388479,0.00692408832070633,1.14281534166007,1.45246892638173,9.36363636363636,9.36363636363636,1.63636363636364
2026-03-27,"same_day_conditional",0.113783131373802,0.13851820309651,0.113783449241829,0.103034544945849,0.0942373196970284,-0.0247350717227084,0.00879722524882041,1.26003872521812,1.45627143095296,9.54545454545454,9.18181818181818,1.63636363636364
2026-03-28,"same_day_conditional",0.20142883703898,0.116378191570232,0.111641317388397,0.104245784346652,0.09877834592524,0.0850506454687473,0.0054674384214115,1.37933336760869,1.64150006087979,9,9.54545454545454,1.54545454545455
2026-03-29,"same_day_conditional",0.103252291733807,0.116572411980284,0.0972840059453439,0.105480487049266,0.0987275902527845,-0.0133201202464765,0.00675289679648115,1.24550000094034,1.5991312495965,9.72727272727273,9.45454545454546,1.45454545454545
2026-03-30,"same_day_conditional",0.0963808218144642,0.082407229644104,0.091968664413282,0.107301164680443,0.0998613316622494,0.0139735921703602,0.00743983301819326,1.25462022114289,1.68559611757319,10.0909090909091,9.09090909090909,1.54545454545455
2026-03-31,"same_day_conditional",0.203166803927727,0.177478326447574,0.107039144852266,0.105848377590664,0.0995543124624546,0.0256884774801529,0.00629406512820898,1.28731740751701,1.66461799654434,9.81818181818182,9.09090909090909,1.45454545454545
2026-04-01,"same_day_conditional",0.396301435218795,0.132486744085979,0.160372767016383,0.108423970128637,0.101237952757579,0.263814691132815,0.00718601737105867,1.23321508135154,1.69989496998674,9.36363636363636,8.72727272727273,1.27272727272727
2026-04-02,"same_day_conditional",0.169029685890608,0.148640568388076,0.119531970057111,0.111132066900321,0.103524337251216,0.0203891175025316,0.00760772964910442,1.41591333940374,1.49171007809269,9.36363636363636,10.0909090909091,1.27272727272727
2026-04-03,"same_day_conditional",0.0928766200334261,0.0901228662546127,0.124393919804929,0.114425166641867,0.105960604812282,0.00275375377881347,0.00846456182958526,1.27448965078062,1.36080220861014,10,10.4545454545455,1.54545454545455
2026-04-04,"same_day_conditional",0.670034214986112,0.627510129811938,0.325244451805453,0.115480675906715,0.106176966286539,0.0425240851741734,0.0093037096201755,1.27144774998767,1.34673276705607,10,10.5454545454545,1.63636363636364
2026-04-05,"same_day_conditional",0.0981210469647374,0.075266172381824,0.137396369440163,0.113765423957009,0.103502056621362,0.0228548745829134,0.0102633673356473,1.15746423512722,1.50331861867867,9.81818181818182,9.72727272727273,1.45454545454545
2026-04-06,"same_day_conditional",0.0912647147650559,0.0594948712173357,0.129266830362875,0.113392227683789,0.103972914255925,0.0317698435477202,0.00941931342786382,1.22258000225096,1.4935557784239,9.81818181818182,10.0909090909091,1.72727272727273
2026-04-07,"same_day_conditional",0.102081326119561,0.125760689618408,0.144898703371968,0.114705825286555,0.105414214570733,-0.0236793634988468,0.00929161071582263,1.16048359621426,1.53563893823329,9.90909090909091,9.81818181818182,1.63636363636364
2026-04-08,"same_day_conditional",0.13904988143668,0.140038088706558,0.238330951783419,0.113095037760475,0.10572253577899,-0.000988207269877051,0.00737250198148468,1.32124261140517,1.62593181189456,9.63636363636364,9.27272727272727,1.27272727272727
2026-04-09,"same_day_conditional",3.663544231709,3.45298465388372,3.83539036660972,0.11230088078861,0.102524218880581,0.210559577825287,0.00977666190802837,1.19472769914046,1.57399287878774,9.81818181818182,9.45454545454546,1.36363636363636
2026-04-10,"same_day_conditional",0.0820748666167932,0.100000477569879,0.108561541191448,0.121536088730569,0.115474580309038,-0.0179256109530858,0.00606150842153181,1.24091521124341,1.70663069641922,9.63636363636364,9.45454545454546,1.27272727272727
2026-04-11,"same_day_conditional",0.680256998988942,0.632509347203116,0.402922038894995,0.122808834924426,0.115920469280491,0.0477476517858258,0.0068883656439347,1.2596294022204,1.7547508999501,9.81818181818182,9.72727272727273,1.54545454545455
2026-04-12,"same_day_conditional",0.206555329231787,0.138962364126063,0.137826825227327,0.128117324119502,0.118044502371382,0.067592965105724,0.0100728217481197,1.43002215680313,1.63556022920928,9.36363636363636,9.72727272727273,1.36363636363636
2026-04-13,"same_day_conditional",0.163899764998542,0.180820369629536,0.127809970765447,0.125326421151434,0.118140812631043,-0.0169206046309944,0.00718560852039048,1.41355331513917,1.73801590413149,9.09090909090909,9.36363636363636,1.54545454545455
2026-04-14,"same_day_conditional",0.228946786108787,0.207681334807985,0.172346779628125,0.123490883785955,0.116614226028801,0.0212654513008018,0.00687665775715437,1.50037075010056,1.73734984441277,9.09090909090909,9.45454545454546,1.54545454545455
2026-04-15,"same_day_conditional",0.227306045431448,0.17528554371517,0.120687802167415,0.127416706237103,0.120813984520053,0.0520205017162773,0.00660272171705049,1.42983293388508,1.87208959950077,9.09090909090909,9.36363636363636,1.54545454545455
2026-04-16,"same_day_conditional",0.109742601603162,0.10655558180468,0.11949159490455,0.128037544594777,0.123497442039598,0.00318701979848171,0.0045401025551793,1.45185968630878,1.77654691080041,9.72727272727273,9.81818181818182,1.72727272727273
2026-04-17,"same_day_conditional",0.129451622817115,0.102931679642968,0.108159303552753,0.131349810253226,0.125432544141344,0.0265199431741466,0.00591726611188237,1.47147634682176,1.775624231338,9.45454545454546,9.27272727272727,1.72727272727273
2026-04-18,"same_day_conditional",0.201323512679337,0.200511364252177,0.131938313033102,0.12806339980957,0.124880326087911,0.000812148427159828,0.00318307372165907,1.62795641461406,2.13630104687782,9.45454545454546,8.45454545454546,1.54545454545455
2026-04-19,"same_day_conditional",0.167781266647061,0.188433153700684,0.106019291576743,0.125430222689108,0.123799367461349,-0.0206518870536226,0.00163085522775916,1.50925919346731,1.93433422051035,9.36363636363636,9.36363636363636,1.81818181818182
2026-04-20,"same_day_conditional",0.123069932555888,0.0976751444896522,0.104528496233699,0.125993038655173,0.123891331137933,0.0253947880662359,0.00210170751723936,1.46947775446588,1.77953594847399,8.90909090909091,9.54545454545454,1.63636363636364
2026-04-21,"same_day_conditional",0.161254270954547,0.111171204969179,0.112147889038594,0.12544522789125,0.121305887949906,0.0500830659853679,0.0041393399413438,1.41948042688556,1.88239466187126,8.90909090909091,9.27272727272727,1.63636363636364
2026-04-22,"same_day_conditional",0.0986209347538469,0.101436703883709,0.119725424153353,0.125795075192594,0.117882709231077,-0.00281576912986222,0.00791236596151649,1.37138919244776,1.61171113723199,8.81818181818182,9.90909090909091,1.72727272727273
2026-04-23,"same_day_conditional",0.944653761754566,0.934539156812566,0.435246574748742,0.124209734095046,0.113885695413064,0.0101146049420002,0.0103240386819824,1.50174784151979,1.55196649480281,9,10.1818181818182,1.54545454545455
2026-04-24,"same_day_conditional",3.435778305065,2.40361305049801,0.339093503338905,0.130675431102901,0.114313661400036,1.03216525456699,0.016361769702865,1.40808435411902,1.24176942983428,9.18181818181818,11,1.81818181818182
2026-04-25,"same_day_conditional",0.19199853177803,0.240169139117248,0.133834465421143,0.145420735197228,0.129622738108597,-0.0481706073392184,0.0157979970886313,1.63056885237081,1.55251410245586,8.81818181818182,10.0909090909091,1.45454545454545
2026-04-26,"same_day_conditional",0.124617613435827,0.138670338608574,0.136690051218619,0.147775869181853,0.135444629292392,-0.0140527251727471,0.0123312398894615,1.50759277232347,1.57730813045888,9.36363636363636,10.1818181818182,1.36363636363636
2026-04-27,"same_day_conditional",0.145623576292679,0.255507604370811,0.16548929643989,0.14818200403968,0.140994975405451,-0.109884028078131,0.00718702863422896,1.44576390776195,1.79182391737342,10,9.63636363636364,1.45454545454545
2026-04-28,"same_day_conditional",0.169349930368531,0.212196827775197,0.160205208442878,0.150202000654124,0.140977756025553,-0.042846897406666,0.0092242446285709,1.30958260415748,1.51355155374399,9.54545454545454,10.1818181818182,1.90909090909091
2026-04-29,"same_day_conditional",0.114228545697479,0.121743345179568,0.112638889278203,0.152513271485717,0.143556804357768,-0.00751479948208858,0.0089564671279486,1.2563606391106,1.36515503637271,9.81818181818182,10.2727272727273,1.81818181818182
2026-04-30,"same_day_conditional",0.129461372765799,0.118097592224006,0.131764297680038,0.149617388213137,0.141071122903456,0.0113637805417931,0.00854626530968176,1.26914005944296,1.34153792138789,9.18181818181818,10.2727272727273,2
2026-05-01,"same_day_conditional",0.405196287045352,0.359244102537677,0.110399455678111,0.148239552096629,0.135707275813084,0.0459521845076755,0.0125322762835453,1.06053904731084,1.42200163507722,10.0909090909091,10.0909090909091,1.72727272727273
2026-05-02,"same_day_conditional",0.178972682207994,0.185556345793393,0.153112696024728,0.146345155073374,0.14034224313133,-0.00658366358539934,0.00600291194204353,1.12102025398653,1.19159647333242,10.3636363636364,11.0909090909091,2.09090909090909
2026-05-03,"same_day_conditional",0.113729705515365,0.399687340334961,0.105038271923994,0.148242354157326,0.140677307937436,-0.285957634819596,0.00756504621988969,1.03780503651823,1.3686502793321,9.90909090909091,10.1818181818182,1.90909090909091
2026-05-04,"same_day_conditional",0.0957068017321273,0.0755657883830188,0.0936648295441316,0.153443092360084,0.141964158459627,0.0201410133491084,0.0114789339004571,1.15131981987014,1.28390748194567,9.18181818181818,10.3636363636364,1.72727272727273
2026-05-05,"same_day_conditional",0.674194935901845,0.994816337344502,0.117710466596767,0.144873178653109,0.143131396009032,-0.320621401442658,0.0017417826440771,0.917268053920832,1.44264401437652,9.90909090909091,10.1818181818182,1.90909090909091
2026-05-06,"same_day_conditional",0.0728068029292605,0.102222686225804,0.0947725902728199,0.14617007971525,0.138110571547553,-0.0294158832965435,0.00805950816769695,0.781653539566646,1.22313860274225,10,10.6363636363636,2.18181818181818
2026-05-07,"same_day_conditional",0.0905777038781977,0.170300493235807,0.0934673135295912,0.145549196037095,0.138482781501216,-0.0797227893576092,0.00706641453587916,0.873164395062287,1.37718525884098,9.90909090909091,10.1818181818182,1.72727272727273
2026-05-08,"same_day_conditional",0.145849990406638,0.153707438976105,0.109257742900769,0.134251422621345,0.128589355498951,-0.00785744856946619,0.00566206712239337,0.694603711714782,1.86445478666142,10.0909090909091,9.36363636363636,1.63636363636364
2026-05-09,"same_day_conditional",0.0854977842960145,0.0790584431937727,0.0973814864264938,0.133798780687837,0.12816756229516,0.0064393411022418,0.00563121839267665,0.780888355545258,1.60687202811022,10,9,1.72727272727273
2026-05-10,"same_day_conditional",0.0945649858990047,0.0967611723220864,0.103660380761444,0.129958505074746,0.128149749058004,-0.00219618642308169,0.00180875601674128,0.865418709932249,1.36347009940939,10,9.54545454545454,1.63636363636364
2026-05-11,"same_day_conditional",0.126126944484221,0.147309986791645,0.112737974893359,0.12891597528845,0.125969706576897,-0.0211830423074236,0.00294626871155333,0.734449233205975,1.29157686365173,10.2727272727273,9.81818181818182,1.81818181818182
2026-05-12,"same_day_conditional",0.290062844834756,0.358263540278801,0.292787684977344,0.130083645434207,0.126551550200298,-0.0682006954440446,0.00353209523390876,0.830181759462574,1.31087112633117,9.72727272727273,9.54545454545454,1.63636363636364
2026-05-13,"same_day_conditional",0.47673357011868,0.693605586419041,0.225677545730595,0.131607097014484,0.127948265289523,-0.216872016300362,0.00365883172496072,0.797741851892126,1.28502746586438,9.90909090909091,10.3636363636364,1.81818181818182
2026-05-14,"same_day_conditional",0.41243288953538,0.0687345819843334,0.211222506010407,0.132101314042213,0.129364616552902,0.343698307551046,0.00273669748931082,0.806245252889228,1.27457187450284,10.0909090909091,9.90909090909091,1.63636363636364
2026-05-15,"same_day_conditional",0.150386421941921,0.126552905332944,0.188075289763308,0.129547897561534,0.126756087417521,0.0238335166089764,0.00279181014401365,0.865884067434966,1.24049477854233,10.0909090909091,9.81818181818182,1.63636363636364
2026-05-16,"same_day_conditional",0.158217487748296,0.135705273745501,0.151737217580117,0.131866148369133,0.128129150759478,0.0225122140027954,0.00373699760965519,1.02351129007721,1.28925295471293,9.72727272727273,10.2727272727273,1.54545454545455
2026-05-17,"same_day_conditional",0.267026116553915,0.197248746230543,0.116219350624162,0.130501110652636,0.126455947273996,0.0697773703233725,0.00404516337863934,0.912833973053591,1.24523271622783,9.81818181818182,10,1.36363636363636
2026-05-18,"same_day_conditional",0.83303153880878,1.53942579492133,0.966539655533716,0.132138475261771,0.130211609381797,-0.706394256112549,0.00192686587997348,0.902224976763711,1.27012597684374,9.81818181818182,10,1.45454545454545
2026-05-19,"same_day_conditional",0.243993942408428,0.278980179015656,0.162986443448833,0.140914526255346,0.139290553269054,-0.0349862366072282,0.00162397298629149,1.07273699147176,1.52529554906425,9.36363636363636,9.72727272727273,1.18181818181818
2026-05-20,"same_day_conditional",0.165868023118758,0.324678227190958,0.223848555090957,0.137993184970492,0.1337507075646,-0.1588102040722,0.00424247740589244,0.930447619700544,1.54096693821896,10.3636363636364,10.0909090909091,1.18181818181818
2026-05-21,"same_day_conditional",0.190748256395038,0.115074991508075,0.205345949878536,0.142346969985148,0.140360089167693,0.0756732648869635,0.00198688081745553,1.28835581427388,1.61584866976756,9.45454545454546,9.09090909090909,1.09090909090909
2026-05-22,"same_day_conditional",0.218378035160017,0.130118619203508,0.155436508651642,0.139558328746287,0.13649804663371,0.0882594159565093,0.00306028211257684,1.08203721857302,1.64129613303621,9.90909090909091,9.81818181818182,1.27272727272727
2026-05-23,"same_day_conditional",0.432003977774681,0.315042919132697,0.221695563188055,0.141865726463434,0.137286112703739,0.116961058641985,0.00457961375969557,1.19387325163438,1.49011588606503,9.81818181818182,10,1.27272727272727
2026-05-24,"same_day_conditional",0.135768232382642,0.13113895405756,0.232946760565847,0.142308129474771,0.138376549938141,0.00462927832508217,0.00393157953663014,2.24623931910214,1.31524867803322,10,10.2727272727273,1.36363636363636
2026-05-25,"same_day_conditional",0.271986485642154,0.226119010194195,0.320008052586739,0.141670852797052,0.138865291773208,0.0458674754479596,0.00280556102384363,1.23284069498031,1.44324883335351,10,9.72727272727273,1.45454545454545
2026-05-26,"same_day_conditional",0.113178128710083,0.108442846775527,0.111093719430903,0.135521767122136,0.129553363024756,0.00473528193455621,0.0059684040973804,0.975923675549047,1.24463881269615,10.6363636363636,10,1.54545454545455
2026-05-27,"same_day_conditional",0.500983267231996,0.449409281406046,0.316928814194981,0.146036122544336,0.139312416702171,0.0515739858259493,0.00672370584216522,1.04435419478594,1.29614117120918,10,10,1.18181818181818
2026-05-28,"same_day_conditional",0.179465987130634,0.166911700799187,0.294298654398095,0.138286815757156,0.136957487282832,0.0125542863314467,0.00132932847432401,0.892799463603096,1.34753255588932,10.8181818181818,9.90909090909091,1.45454545454545
2026-05-29,"same_day_conditional",0.211969738936721,0.281225749757462,0.110173263691166,0.141981945946815,0.13060619593716,-0.0692560108207416,0.0113757500096555,2.62616194144327,1.31877932146354,9.81818181818182,10.2727272727273,1.54545454545455
2026-05-30,"same_day_conditional",0.232089501161605,0.185371670881345,0.0973323579193567,0.135330999233711,0.126326984213113,0.0467178302802604,0.009004015020598,1.09865219339465,1.18857585187632,10.3636363636364,10.5454545454545,1.45454545454545
2026-05-31,"same_day_conditional",0.280348383657448,0.465978379814731,0.641013860331119,0.14161225667825,0.131288107472295,-0.185629996157283,0.0103241492059555,1.10167975455933,1.27447340647084,10.2727272727273,10.2727272727273,1.36363636363636
